{"StatementsOfIncome": {"Revenues": [{"2020-12-31": "3230197.25"}, {"2021-03-31": "3512773"}, {"2021-06-30": "4015810"}], "CostOfGoodsAndServicesSold": [{"2020-12-31": "2452375.0"}], "CostOfRevenue": [{"2020-12-31": "2452375.0"}, {"2021-03-31": "2633758"}, {"2021-06-30": "3082761"}, {"2021-09-30": "2703160"}], "GrossProfit": [{"2020-12-31": "777822.25"}, {"2021-03-31": "879015"}, {"2021-06-30": "933049"}, {"2021-09-30": "776949"}], "LaborAndRelatedExpense": [{"2020-12-31": "382537.75"}, {"2021-03-31": "430175"}, {"2021-06-30": "453274"}, {"2021-09-30": "430752"}], "GeneralAndAdministrativeExpense": [{"2020-12-31": "200249.0"}, {"2021-03-31": "243165"}, {"2021-06-30": "240236"}, {"2021-09-30": "274078"}], "OtherDepreciationAndAmortization": [{"2020-12-31": "114728.75"}], "EmployeeBenefitsAndShareBasedCompensationNoncash": [{"2020-12-31": "613175.25"}, {"2021-03-31": "263613"}, {"2021-06-30": "144201"}, {"2021-09-30": "94613"}], "OperatingExpenses": [{"2020-12-31": "1310690.75"}, {"2021-03-31": "1058348"}, {"2021-06-30": "962857"}, {"2021-09-30": "921497"}], "OperatingIncomeLoss": [{"2020-12-31": "-532868.5"}, {"2021-03-31": "-179333"}, {"2021-06-30": "-29808"}, {"2021-09-30": "-144548"}], "OtherNonoperatingIncomeExpense": [{"2020-12-31": "5282.0"}], "UnrealizedGainLossOnDerivatives": [{"2020-12-31": "0.0"}], "NonoperatingIncomeExpense": [{"2020-12-31": "5282.0"}, {"2021-06-30": "0"}, {"2021-09-30": "0"}], "IncomeLossFromContinuingOperationsBeforeIncomeTaxesMinorityInterestAndIncomeLossFromEquityMethodInvestments": [{"2020-12-31": "-527586.5"}, {"2021-06-30": "-29808"}], "IncomeTaxExpenseBenefit": [{"2020-12-31": "30551.75"}, {"2021-03-31": "400"}, {"2021-06-30": "556"}, {"2021-09-30": "0"}], "NetIncomeLoss": [{"2020-12-31": "-558138.25"}, {"2021-03-31": "-179733"}, {"2021-06-30": "-30364"}, {"2021-09-30": "-144548"}], "PreferredStockDividendsAndOtherAdjustments": [{"2020-12-31": "-7133.0"}, {"2021-03-31": "0"}, {"2021-06-30": "0"}, {"2021-09-30": "-0"}], "NetIncomeLossAvailableToCommonStockholdersBasic": [{"2020-12-31": "-565271.25"}, {"2021-03-31": "-179733"}, {"2021-06-30": "-30364"}, {"2021-09-30": "-144548"}], "EarningsPerShareBasic": [{"2021-06-30": "0"}, {"2021-09-30": "-0.02"}], "EarningsPerShareDiluted": [{"2021-06-30": "-0.03"}, {"2021-09-30": "-0.02"}], "WeightedAverageNumberOfSharesOutstandingBasic": [{"2020-12-31": "1367477.0"}], "WeightedAverageNumberOfDilutedSharesOutstanding": [{"2020-12-31": "1367477.0"}, {"2021-06-30": "7759142"}, {"2021-09-30": "7773263"}], "ForeignCurrencyTransactionGainLossBeforeTax": [{"2020-12-31": "14466.75"}, {"2021-03-31": "40512"}, {"2021-06-30": "46026"}], "OtherComprehensiveIncomeLossNetOfTax": [{"2020-12-31": "-543671.5"}, {"2021-03-31": "-139222"}], "AmortizationOfIntangibleAssets": [{"2021-03-31": "121395"}, {"2021-06-30": "125146"}, {"2021-09-30": "122054"}], "EarningsPerShareBasicAndDiluted": [{"2021-03-31": "-.03"}], "WeightedAverageNumberOfShareOutstandingBasicAndDiluted": [{"2021-03-31": "6455164"}], "OtherIncome": [{"2021-06-30": "0"}, {"2021-09-30": "0"}], "WeightedAverageNumberOfSharesIssuedBasic": [{"2021-06-30": "7759142"}, {"2021-09-30": "7773263"}], "OtherComprehensiveIncomeLossBeforeTax": [{"2021-06-30": "15662"}], "ComprehensiveIncomeNetOfTax": [{"2021-09-30": "-219679"}], "IncomeLossFromContinuingOperationsBeforeIncomeTaxesExtraordinaryItemsNoncontrollingInterest": [{"2021-09-30": "-144548"}], "OtherComprehensiveIncomeForeignCurrencyTransactionAndTranslationAdjustmentNetOfTaxPortionAttributableToParent": [{"2021-09-30": "-75131"}], "RevenueFromContractWithCustomerExcludingAssessedTax": [{"2021-09-30": "3480109"}]}, "BalanceSheets": {"CashAndCashEquivalentsAtCarryingValue": [{"2020-12-31": "411052.5"}, {"2021-03-31": "2026002"}, {"2021-06-30": "2466524"}, {"2021-09-30": "2480524"}], "AccountsReceivableNetCurrent": [{"2020-12-31": "42946.25"}, {"2021-03-31": "244393"}, {"2021-06-30": "221382"}, {"2021-09-30": "223276"}], "PrepaidExpenseCurrent": [{"2020-12-31": "46091.5"}, {"2021-03-31": "141668"}, {"2021-06-30": "48865"}, {"2021-09-30": "139933"}], "AssetsCurrent": [{"2020-12-31": "500090.25"}, {"2021-03-31": "2412063"}, {"2021-06-30": "2736771"}, {"2021-09-30": "2843733"}], "PropertyPlantAndEquipmentNet": [{"2020-12-31": "14962.0"}, {"2021-03-31": "55187"}, {"2021-06-30": "49209"}, {"2021-09-30": "44261"}], "IntangibleAssetsNetExcludingGoodwill": [{"2020-12-31": "908355.0"}, {"2021-03-31": "3562321"}, {"2021-06-30": "3486841"}, {"2021-09-30": "3288828"}], "OperatingLeaseRightOfUseAsset": [{"2020-12-31": "23364.25"}, {"2021-03-31": "86723"}, {"2021-06-30": "79552"}, {"2021-09-30": "69444"}], "Assets": [{"2020-12-31": "1446771.5"}, {"2021-03-31": "6116294"}, {"2021-06-30": "6352373"}, {"2021-09-30": "6246266"}], "AccountsPayableCurrent": [{"2020-12-31": "365121.0"}, {"2021-03-31": "1474209"}, {"2021-06-30": "1456866"}, {"2021-09-30": "1653284"}], "FinanceLeaseLiabilityCurrent": [{"2020-12-31": "711.0"}, {"2021-03-31": "1457"}, {"2021-06-30": "0"}, {"2021-09-30": "0"}], "AccruedLiabilitiesCurrent": [{"2020-12-31": "69063.5"}, {"2021-03-31": "461004"}, {"2021-06-30": "549366"}, {"2021-09-30": "404682"}], "ContractWithCustomerLiability": [{"2020-12-31": "2261.5"}, {"2021-03-31": "10258"}, {"2021-06-30": "11121"}, {"2021-09-30": "10535"}], "OperatingLeaseLiabilityCurrent": [{"2020-12-31": "8279.5"}, {"2021-03-31": "34889"}, {"2021-06-30": "36165"}, {"2021-09-30": "36169"}], "LiabilitiesCurrent": [{"2020-12-31": "445436.5"}, {"2021-03-31": "1981817"}, {"2021-06-30": "2053518"}, {"2021-09-30": "2104670"}], "FinanceLeaseLiabilityNoncurrent": [{"2020-12-31": "0.0"}], "OperatingLeaseLiabilityNoncurrent": [{"2020-12-31": "15448.5"}, {"2021-03-31": "53009"}, {"2021-06-30": "44273"}, {"2021-09-30": "33843"}], "DeferredTaxLiabilitiesNoncurrent": [{"2020-12-31": "240236.75"}], "Liabilities": [{"2020-12-31": "701121.75"}, {"2021-03-31": "3009303"}, {"2021-06-30": "3085519"}, {"2021-09-30": "3104478"}], "CommitmentsAndContingencies": [], "PreferredStockValue": [{"2021-03-31": "0"}, {"2021-06-30": "0"}, {"2021-09-30": "0"}], "CommonStockValue": [{"2020-12-31": "1622.25"}, {"2021-03-31": "7789"}, {"2021-06-30": "7807"}, {"2021-09-30": "7807"}], "AccruedCommonStockBonusAmount": [{"2020-12-31": "500125.0"}], "AdditionalPaidInCapitalCommonStock": [{"2020-12-31": "17520871.5"}, {"2021-03-31": "72351299"}, {"2021-06-30": "72495482"}, {"2021-09-30": "72590095"}], "AccumulatedOtherComprehensiveIncomeLossNetOfTax": [{"2020-12-31": "142690.25"}, {"2021-03-31": "611273"}, {"2021-06-30": "657299"}, {"2021-09-30": "582168"}], "RetainedEarningsAccumulatedDeficit": [{"2020-12-31": "-17406447.5"}, {"2021-03-31": "-69805523"}, {"2021-06-30": "-69835887"}, {"2021-09-30": "-69980435"}], "CommonStocksIncludingAdditionalPaidInCapitalNetOfDiscount": [{"2020-12-31": "14461.75"}], "StockholdersEquity": [{"2020-12-31": "745649.75"}, {"2021-03-31": "3106991"}, {"2021-06-30": "3266854"}, {"2021-09-30": "3141788"}], "LiabilitiesAndStockholdersEquity": [{"2020-12-31": "1446771.5"}, {"2021-03-31": "6116294"}, {"2021-06-30": "6352373"}, {"2021-09-30": "6246266"}], "DeferredIncomeTaxLiabilitiesNet": [{"2021-03-31": "974477"}, {"2021-06-30": "987728"}, {"2021-09-30": "965965"}], "AccruedCommonStockBonus": [{"2021-03-31": "0"}, {"2021-06-30": "0"}], "TreasuryStockCommonValue": [{"2021-03-31": "57847"}, {"2021-06-30": "57847"}, {"2021-09-30": "57847"}], "Accruedcommonstockbonus": [{"2021-09-30": "0"}]}, "StatementsOfCashFlows": {"NetIncomeLoss": [{"2020-12-31": "-558138.25"}, {"2021-03-31": "-179733"}, {"2021-06-30": "-30364"}, {"2021-09-30": "-144548"}], "DepreciationDepletionAndAmortization": [{"2020-12-31": "122186.25"}, {"2021-03-31": "127980"}, {"2021-06-30": "259919"}, {"2021-09-30": "385848"}], "AmortizationOfOperatingLeaseRightOfUseAssets": [{"2020-12-31": "7136.25"}], "ProvisionForDoubtfulAccounts": [{"2020-12-31": "5031.25"}, {"2021-03-31": "0"}, {"2021-06-30": "0"}, {"2021-09-30": "0"}], "GainLossOnSaleOfPropertyPlantEquipment": [{"2020-12-31": "184.75"}, {"2021-06-30": "0"}, {"2021-09-30": "-0"}], "ShareBasedCompensation": [{"2020-12-31": "613175.25"}, {"2021-03-31": "263613"}, {"2021-06-30": "407814"}, {"2021-09-30": "502427"}], "UnrealizedGainLossOnInvestments": [{"2020-12-31": "0.0"}], "OtherNoncashIncome": [{"2020-12-31": "0.0"}], "DeferredIncomeTaxesAndTaxCredits": [{"2020-12-31": "-30208.75"}], "IncreaseDecreaseInAccountsReceivable": [{"2020-12-31": "15011.0"}, {"2021-03-31": "71038"}, {"2021-06-30": "-45904"}, {"2021-09-30": "50447"}], "IncreaseDecreaseInPrepaidDeferredExpenseAndOtherAssets": [{"2020-12-31": "14840.5"}, {"2021-03-31": "-43852"}, {"2021-06-30": "137899"}, {"2021-09-30": "-44588"}], "IncreaseDecreaseInAccountsPayable": [{"2020-12-31": "136714.75"}, {"2021-03-31": "-4540"}, {"2021-06-30": "-39938"}, {"2021-09-30": "188237"}], "IncreaseDecreaseInAccruedLiabilities": [{"2020-12-31": "15865.0"}, {"2021-03-31": "180803"}, {"2021-06-30": "266433"}, {"2021-09-30": "129232"}], "IncreaseDecreaseInContractWithCustomerLiability": [{"2020-12-31": "861.0"}], "IncreaseDecreaseInOperatingLeaseObligation": [{"2020-12-31": "-7384.25"}], "NetCashProvidedByUsedInOperatingActivities": [{"2020-12-31": "275202.25"}, {"2021-03-31": "361714"}, {"2021-06-30": "777332"}, {"2021-09-30": "845795"}], "ProceedsFromSaleOfPropertyPlantAndEquipment": [{"2020-12-31": "184.75"}, {"2021-06-30": "0"}, {"2021-09-30": "0"}], "PaymentsForPurchaseOfOtherAssets1": [{"2020-12-31": "0.0"}], "NetCashProvidedByUsedInInvestingActivities": [{"2020-12-31": "184.75"}, {"2021-03-31": "-1120"}, {"2021-06-30": "-1120"}, {"2021-09-30": "-1120"}], "RepaymentsOfDebtAndCapitalLeaseObligations": [{"2020-12-31": "2406.75"}, {"2021-03-31": "1417"}, {"2021-06-30": "2907"}, {"2021-09-30": "2907"}], "RepaymentsOfNotesPayable": [{"2020-12-31": "0.0"}], "ProceedsFromWarrantExercises": [{"2020-12-31": "8909.0"}, {"2021-09-30": "0"}], "PaymentsOfDividendsPreferredStockAndPreferenceStock": [{"2020-12-31": "6563.0"}, {"2021-03-31": "0"}, {"2021-06-30": "0"}, {"2021-09-30": "-0"}], "NetCashProvidedByUsedInFinancingActivities": [{"2020-12-31": "-60.75"}, {"2021-03-31": "-1417"}, {"2021-06-30": "-2907"}, {"2021-09-30": "-2907"}], "EffectOfExchangeRateOnCashAndCashEquivalents": [{"2020-12-31": "16756.0"}, {"2021-03-31": "22615"}, {"2021-06-30": "49009"}, {"2021-09-30": "-5454"}], "CashAndCashEquivalentsPeriodIncreaseDecrease": [{"2020-12-31": "292082.25"}, {"2021-03-31": "381792"}, {"2021-06-30": "822314"}], "CashAndCashEquivalentsAtCarryingValue": [{"2020-12-31": "411052.5"}, {"2021-03-31": "2026002"}, {"2021-06-30": "2466524"}], "IncomeTaxesPaidNet": [{"2020-12-31": "125.0"}, {"2021-03-31": "400"}, {"2021-06-30": "956"}, {"2021-09-30": "956"}], "InterestPaidNet": [{"2020-12-31": "166.0"}, {"2021-03-31": "57"}, {"2021-06-30": "86"}, {"2021-09-30": "86"}], "IssuanceOfPreferredSharesForSettlementOfDividends": [{"2020-12-31": "89659.5"}], "StockIssuedDuringPeriodValueIssuedForSSettlementOfAccruedExpenses": [{"2020-12-31": "0.0"}], "RightOfUseAssetObtainedInExchangeForOperatingLeaseLiability": [{"2020-12-31": "0.0"}], "OperatingLeaseRightOfUseAssetAmortizationExpense": [{"2021-03-31": "7993"}, {"2021-06-30": "16423"}, {"2021-09-30": "24840"}], "IncreaseDecreaseInCommodityContractAssetsAndLiabilities": [{"2021-03-31": "-1076"}, {"2021-06-30": "1813"}, {"2021-09-30": "-1462"}], "IncreaseDecreaseInOperatingLeaseObligations": [{"2021-03-31": "8292"}, {"2021-06-30": "-17030"}, {"2021-09-30": "25747"}], "PaymentsToAcquirePropertyPlantAndEquipment": [{"2021-03-31": "1120"}, {"2021-06-30": "1120"}, {"2021-09-30": "1120"}], "StockIssuedDuringPeriodValueOther": [{"2021-03-31": "2005500"}], "DividendsPreferredStock": [{"2021-03-31": "0"}], "IssuanceOfCommonSharesInSettlementOfAccruedExpenses": [{"2021-06-30": "2005500"}, {"2021-09-30": "2005500"}], "IssuanceOfPreferredSharesInSettlementOfDividends": [{"2021-06-30": "0"}, {"2021-09-30": "0"}], "CashCashEquivalentsRestrictedCashAndRestrictedCashEquivalentsIncludingDisposalGroupAndDiscontinuedOperations": [{"2021-09-30": "2480524"}], "CashCashEquivalentsRestrictedCashAndRestrictedCashEquivalentsPeriodIncreaseDecreaseIncludingExchangeRateEffect": [{"2021-09-30": "836314"}]}, "Analytics": {"PE": null, "PM": {"2020-01-01SEP2020-12-31": 12.246627948204486, "2019-01-01SEP2019-12-31": 6.872223249914114}, "Revenue": {"2020-01-01SEP2020-12-31": "9809500", "2019-01-01SEP2019-12-31": "7801554"}, "ebit": null, "ebitda": null, "high_low": null, "roce": null, "company_details": null}, "Q&A": null, "Sentiment": {"lexical": {"10-K": {"2021-03-31": {"fog_idx": "5.04587954", "pos_word_prop": "0.028007424", "neg_word_prop": "0.042095495", "uncertain_word_prop": "0.019993251", "constrain_word_prop": "0.013328834", "lit_word_prop": "0.020583769", "interesting_word_prop": "0.013328834"}, "2020-03-30": {"fog_idx": "4.835453258", "pos_word_prop": "0.027758007", "neg_word_prop": "0.037455516", "uncertain_word_prop": "0.020729537", "constrain_word_prop": "0.013345196", "lit_word_prop": "0.021174377", "interesting_word_prop": "0.013345196"}, "2019-04-01": {"fog_idx": "4.919233655", "pos_word_prop": "0.027332145", "neg_word_prop": "0.042016807", "uncertain_word_prop": "0.019947373", "constrain_word_prop": "0.012732366", "lit_word_prop": "0.020626432", "interesting_word_prop": "0.012732366"}, "2018-03-30": {"fog_idx": "4.901299575", "pos_word_prop": "0.029574861", "neg_word_prop": "0.041673668", "uncertain_word_prop": "0.020248698", "constrain_word_prop": "0.011678709", "lit_word_prop": "0.019996639", "interesting_word_prop": "0.011678709"}, "2017-03-31": {"fog_idx": "4.89406092", "pos_word_prop": "0.031222593", "neg_word_prop": "0.037274162", "uncertain_word_prop": "0.021312051", "constrain_word_prop": "0.011752324", "lit_word_prop": "0.021136643", "interesting_word_prop": "0.011752324"}}, "10-Q": {"2020-11-13": {"fog_idx": "4.948644764", "pos_word_prop": "0.020790554", "neg_word_prop": "0.027720739", "uncertain_word_prop": "0.013090349", "constrain_word_prop": "0.011806982", "lit_word_prop": "0.018480493", "interesting_word_prop": "0.011806982"}, "2021-05-14": {"fog_idx": "4.864135306", "pos_word_prop": "0.021726011", "neg_word_prop": "0.031985516", "uncertain_word_prop": "0.016596258", "constrain_word_prop": "0.010259505", "lit_word_prop": "0.022933011", "interesting_word_prop": "0.010259505"}, "2021-08-16": {"fog_idx": "5.306600672", "pos_word_prop": "0.025081282", "neg_word_prop": "0.028564793", "uncertain_word_prop": "0.017417557", "constrain_word_prop": "0.010915002", "lit_word_prop": "0.025081282", "interesting_word_prop": "0.010915002"}, "2020-08-14": {"fog_idx": "4.949928915", "pos_word_prop": "0.020259319", "neg_word_prop": "0.030524041", "uncertain_word_prop": "0.013776337", "constrain_word_prop": "0.012425716", "lit_word_prop": "0.020259319", "interesting_word_prop": "0.012425716"}, "2020-05-15": {"fog_idx": "4.907893844", "pos_word_prop": "0.021662763", "neg_word_prop": "0.023126464", "uncertain_word_prop": "0.014929742", "constrain_word_prop": "0.013173302", "lit_word_prop": "0.020199063", "interesting_word_prop": "0.013173302"}, "2019-11-14": {"fog_idx": "4.581154733", "pos_word_prop": "0.017096265", "neg_word_prop": "0.02919516", "uncertain_word_prop": "0.013677012", "constrain_word_prop": "0.012624934", "lit_word_prop": "0.021567596", "interesting_word_prop": "0.012624934"}, "2019-08-14": {"fog_idx": "4.620539903", "pos_word_prop": "0.017194323", "neg_word_prop": "0.03220524", "uncertain_word_prop": "0.013919214", "constrain_word_prop": "0.012281659", "lit_word_prop": "0.020196507", "interesting_word_prop": "0.012281659"}, "2019-05-15": {"fog_idx": "4.776606021", "pos_word_prop": "0.017038778", "neg_word_prop": "0.032314924", "uncertain_word_prop": "0.014688602", "constrain_word_prop": "0.012632197", "lit_word_prop": "0.02027027", "interesting_word_prop": "0.012632197"}, "2018-11-14": {"fog_idx": "4.520237479", "pos_word_prop": "0.019543974", "neg_word_prop": "0.032072162", "uncertain_word_prop": "0.012778752", "constrain_word_prop": "0.012027061", "lit_word_prop": "0.018541719", "interesting_word_prop": "0.012027061"}, "2018-08-13": {"fog_idx": "4.614387337", "pos_word_prop": "0.020964361", "neg_word_prop": "0.032494759", "uncertain_word_prop": "0.01336478", "constrain_word_prop": "0.012578616", "lit_word_prop": "0.01860587", "interesting_word_prop": "0.012578616"}, "2017-11-14": {"fog_idx": "4.638754396", "pos_word_prop": "0.021109011", "neg_word_prop": "0.027725268", "uncertain_word_prop": "0.014177694", "constrain_word_prop": "0.010396975", "lit_word_prop": "0.018588532", "interesting_word_prop": "0.010396975"}, "2017-08-14": {"fog_idx": "4.712203719", "pos_word_prop": "0.023157208", "neg_word_prop": "0.032941944", "uncertain_word_prop": "0.014677104", "constrain_word_prop": "0.011741683", "lit_word_prop": "0.01826484", "interesting_word_prop": "0.011741683"}, "2017-05-12": {"fog_idx": "4.899048422", "pos_word_prop": "0.024752475", "neg_word_prop": "0.031824611", "uncertain_word_prop": "0.015912306", "constrain_word_prop": "0.011669024", "lit_word_prop": "0.018387553", "interesting_word_prop": "0.011669024"}, "2021-11-15": {"fog_idx": "5.344508865", "pos_word_prop": "0.024384737", "neg_word_prop": "0.029126214", "uncertain_word_prop": "0.016933845", "constrain_word_prop": "0.010611876", "lit_word_prop": "0.025062091", "interesting_word_prop": "0.010611876"}, "2018-05-15": {"fog_idx": "4.862777778", "pos_word_prop": "0.022965116", "neg_word_prop": "0.034302326", "uncertain_word_prop": "0.014534884", "constrain_word_prop": "0.013372093", "lit_word_prop": "0.019767442", "interesting_word_prop": "0.013372093"}}}, "similarity": {"10-K": {"date": "['2018-03-30', '2019-04-01', '2020-03-30', '2021-03-31']", "sim_index": "{'negative': [0.9178082191780822, 0.8767123287671232, 0.9285714285714286, 0.7976190476190477, 0.9195402298850575], 'positive': [0.7058823529411765, 0.9285714285714286, 0.7647058823529411, 0.85, 0.9047619047619048], 'uncertainty': [0.8571428571428571, 0.9230769230769231, 0.9230769230769231, 0.9166666666666666, 0.9166666666666666], 'litigious': [0.96, 0.92, 0.9166666666666666, 0.8518518518518519, 0.8620689655172413], 'constraining': [1.0, 0.8333333333333334, 0.8333333333333334, 0.9230769230769231, 1.0], 'interesting': [0.8, 0.6, 1.0, 0.8, 1.0] , 'consistency': [0.7938378740985345, 0.7620657469388138, 0.9006653875542734, 0.8591292169505492, 0.914045358081914]}"}, "10-Q": {"date": "['2017-08-14', '2017-11-14', '2018-05-15', '2018-08-13', '2018-11-14', '2019-05-15', '2019-08-14', '2019-11-14', '2020-05-15', '2020-08-14', '2020-11-13', '2021-05-14', '2021-08-16', '2021-11-15']", "sim_index": "{'negative': [0.5833333333333334, 0.72, 0.4444444444444444, 0.9375, 0.8888888888888888, 0.75, 0.625, 0.88, 0.5128205128205128, 0.8205128205128205, 0.972972972972973, 0.5405405405405406, 0.8076923076923077, 0.8928571428571429], 'positive': [0.8571428571428571, 0.75, 0.6666666666666666, 1.0, 0.8888888888888888, 1.0, 0.75, 1.0, 0.9166666666666666, 1.0, 1.0, 0.9090909090909091, 0.9090909090909091, 0.9090909090909091], 'uncertainty': [1.0, 0.8181818181818182, 0.9, 1.0, 0.9090909090909091, 0.8333333333333334, 0.9166666666666666, 0.9166666666666666, 0.8333333333333334, 0.75, 1.0, 0.8, 1.0, 1.0], 'litigious': [0.7692307692307693, 0.9230769230769231, 0.7692307692307693, 1.0, 1.0, 0.6666666666666666, 1.0, 0.9090909090909091, 0.7142857142857143, 0.8, 1.0, 1.0, 0.7777777777777778, 0.9], 'constraining': [0.6666666666666666, 0.8571428571428571, 1.0, 1.0, 1.0, 1.0, 0.6363636363636364, 1.0, 0.75, 0.9090909090909091, 1.0, 0.6363636363636364, 1.0, 1.0], 'interesting': [1.0, 1.0, 1.0, 1.0, 1.0, 1.0, 0.6666666666666666, 1.0, 0.6666666666666666, 1.0, 1.0, 1.0, 1.0, 1.0] , 'consistency': [0.8989433697425516, 0.910817697376933, 0.8365568180333707, 0.9845569979921579, 0.9235347671413802, 0.8861632435487182, 0.8808811291249758, 0.9414031134005313, 0.8149717164451731, 0.9073754487303308, 0.9740305436974168, 0.8816228900870566, 0.9506979847219806, 0.9548189148460402]}"}}}}