{"StatementsOfIncome": {"RevenueFromContractWithCustomerIncludingAssessedTax": [{"2019-09-30": "25131337"}], "Revenues": [{"2019-09-30": "25131337"}], "CostOfRevenue": [{"2019-09-30": "17366809"}], "GrossProfit": [{"2019-09-30": "7764528"}], "SellingAndMarketingExpense": [{"2019-09-30": "9588565"}], "GeneralAndAdministrativeExpense": [{"2019-09-30": "17971974"}], "DepreciationAndAmortization": [{"2019-09-30": "453724"}], "GoodwillImpairmentLoss": [{"2019-09-30": "6444225"}], "AssetImpairmentCharges": [{"2019-09-30": "2088820"}], "AbandonmentOfPropertyAndEquipment": [{"2019-09-30": "125256"}], "OperatingExpenses": [{"2019-09-30": "36672564"}], "OperatingIncomeLoss": [{"2019-09-30": "-28908036"}], "DerivativeGainLossOnDerivativeNet": [{"2019-09-30": "14528"}], "OtherIncome": [{"2019-09-30": "-29438"}], "InterestIncomeExpenseNet": [{"2019-09-30": "-1346782"}], "IncomeLossFromContinuingOperationsBeforeIncomeTaxesExtraordinaryItemsNoncontrollingInterest": [{"2019-09-30": "-30269728"}], "IncomeTaxExpenseBenefit": [{"2019-09-30": "2567"}], "NetIncomeLoss": [{"2019-09-30": "-30272295"}], "EarningsPerShareBasicAndDiluted": [{"2019-09-30": "-1.18"}], "WeightedAverageNumberOfShareOutstandingBasicAndDiluted": [{"2019-09-30": "25610015"}]}, "BalanceSheets": {"CashAndCashEquivalentsAtCarryingValue": [{"2019-09-30": "338555"}], "AccountsReceivableNetCurrent": [{"2019-09-30": "3664744"}], "OtherPrepaidExpenseCurrent": [{"2019-09-30": "126797"}], "AssetsCurrent": [{"2019-09-30": "4130096"}], "PropertyPlantAndEquipmentNet": [{"2019-09-30": "62214"}], "CapitalizedComputerSoftwareNet": [], "FiniteLivedPatentsNet": [{"2019-09-30": "560354"}], "OtherIntangibleAssetsNet": [{"2019-09-30": "559721"}], "Goodwill": [], "OtherAssetsNoncurrent": [{"2019-09-30": "122813"}], "OperatingLeaseRightOfUseAsset": [{"2019-09-30": "99620"}], "AssetsNoncurrentExcludingPropertyPlantAndEquipmentNet": [{"2019-09-30": "1342508"}], "Assets": [{"2019-09-30": "5534818"}], "AccountsPayableCurrent": [{"2019-09-30": "15002245"}], "AccruedLiabilitiesCurrent": [{"2019-09-30": "1739020"}], "OtherLiabilitiesCurrent": [{"2019-09-30": "7971"}], "DeferredRevenueCurrent": [{"2019-09-30": "25000"}], "OperatingLeaseLiability": [{"2019-09-30": "106464"}], "NotesPayable": [{"2019-09-30": "3213225"}], "DerivativeLiabilitiesCurrent": [{"2019-09-30": "160156"}], "LiabilitiesCurrent": [{"2019-09-30": "20254081"}], "OperatingLeaseLiabilityNoncurrent": [], "OtherLiabilities": [{"2019-09-30": "4955"}], "LiabilitiesNoncurrent": [{"2019-09-30": "4955"}], "Liabilities": [{"2019-09-30": "20259036"}], "CommitmentsAndContingencies": [], "CommonStockValue": [{"2019-09-30": "25642"}], "AdditionalPaidInCapital": [{"2019-09-30": "188429167"}], "RetainedEarningsAccumulatedDeficit": [{"2019-09-30": "-203179027"}], "StockholdersEquity": [{"2019-09-30": "-14724218"}], "LiabilitiesAndStockholdersEquity": [{"2019-09-30": "5534818"}]}, "StatementsOfCashFlows": {"NetIncomeLoss": [{"2019-09-30": "-30272295"}], "Depreciation": [{"2019-09-30": "166415"}], "CapitalizedComputerSoftwareAmortization1": [{"2019-09-30": "318125"}], "AmortizationExpensesPatents": [{"2019-09-30": "-124827"}], "AmortizationOfIntangibleAssets": [{"2019-09-30": "159751"}], "AmortizationExpenseOtherAssets": [{"2019-09-30": "2730"}], "OperatingLeaseExpense": [{"2019-09-30": "230546"}], "AccretionOfDiscountToNotesPayable": [{"2019-09-30": "1304730"}], "GainLossOnDispositionOfAssets1": [], "GainOnRevaluationOfWarrantLiability": [{"2019-09-30": "-14528"}], "GoodwillImpairmentLoss": [{"2019-09-30": "6444225"}], "GainLossOnSalesOfAssetsAndAssetImpairmentCharges": [{"2019-09-30": "-2088820"}], "AbandonmentOfPropertyAndEquipment": [{"2019-09-30": "125256"}], "StockOptionPlanExpense": [{"2019-09-30": "1002438"}], "RestrictedStockExpense": [{"2019-09-30": "601441"}], "IncreaseDecreaseInAccountsReceivable": [{"2019-09-30": "-6541920"}], "IncreaseDecreaseInPrepaidExpense": [{"2019-09-30": "-342244"}], "IncreaseDecreaseInOtherOperatingAssets": [], "IncreaseDecreaseInAccountsPayable": [{"2019-09-30": "10624440"}], "IncreaseDecreaseInAccruedLiabilities": [{"2019-09-30": "-2871126"}], "IncreaseDecreaseInOtherCurrentLiabilities": [{"2019-09-30": "4400"}], "IncreaseDecreaseInOperatingLiabilities": [{"2019-09-30": "-246584"}], "IncreaseDecreaseInDeferredRevenue": [{"2019-09-30": "-239493"}], "NetCashProvidedByUsedInOperatingActivities": [{"2019-09-30": "-3561718"}], "PaymentsToAcquireIntangibleAssets": [{"2019-09-30": "54324"}], "PaymentsToAcquirePropertyPlantAndEquipment": [{"2019-09-30": "22249"}], "PaymentsToDevelopSoftware": [{"2019-09-30": "1367712"}], "NetCashProvidedByUsedInInvestingActivities": [{"2019-09-30": "-1444285"}], "ProceedsFromIssuanceOfCommonStock": [], "ProceedsFromStockOptionsExercised": [], "Sharesissuedrelatedtoannualbonusforexecutives": [], "ProceedsFromSaleOfWarrantsAssociatedWithIssuanceOfNotesPayable": [{"2019-09-30": "2750000"}], "PaymentsOnFinanceLeaseLiabilities": [{"2019-09-30": "-2689"}], "NetCashProvidedByUsedInFinancingActivities": [{"2019-09-30": "2747311"}], "CashAndCashEquivalentsPeriodIncreaseDecrease": [{"2019-09-30": "-2258692"}], "CashAndCashEquivalentsAtCarryingValue": [{"2019-09-30": "338555"}], "InterestPaidNet": [{"2019-09-30": "23592"}], "IncomeTaxesPaidNet": [{"2019-09-30": "2567"}], "PaymentsToAcquireAssetsInvestingActivities": [], "PaymentsForLeasingCosts": [], "OperatingLeaseInterestAccretionToAsset": [{"2019-09-30": "18450"}], "OperatingLeaseLiabilityAccretion": [{"2019-09-30": "-18450"}], "WarrantsGrantedAsDiscountInConnectionWithIssuanceOfNotesPayable": [{"2019-09-30": "841505"}], "WarrantsGrantedQualifyingAsEquityInstruments": [{"2019-09-30": "-841505"}]}, "Analytics": {"PE": null, "PM": null, "Revenue": null, "ebit": null, "ebitda": null, "high_low": null, "roce": null, "company_details": null}, "Q&A": null, "Sentiment": {"lexical": {"10-K": {"2017-04-17": {"fog_idx": "5.903679942", "pos_word_prop": "0.027112378", "neg_word_prop": "0.047446661", "uncertain_word_prop": "0.022413926", "constrain_word_prop": "0.015096665", "lit_word_prop": "0.028267735", "interesting_word_prop": "0.015096665"}, "2018-04-02": {"fog_idx": "5.553947364", "pos_word_prop": "0.026266643", "neg_word_prop": "0.057593831", "uncertain_word_prop": "0.024700283", "constrain_word_prop": "0.016868486", "lit_word_prop": "0.031206699", "interesting_word_prop": "0.016868486"}, "2019-04-01": {"fog_idx": "5.426666083", "pos_word_prop": "0.028676022", "neg_word_prop": "0.058389262", "uncertain_word_prop": "0.017937767", "constrain_word_prop": "0.016595485", "lit_word_prop": "0.034106162", "interesting_word_prop": "0.016595485"}}, "10-Q": {"2020-02-10": {"fog_idx": "4.621474204", "pos_word_prop": "0.017241379", "neg_word_prop": "0.042287978", "uncertain_word_prop": "0.020852749", "constrain_word_prop": "0.01444548", "lit_word_prop": "0.031686859", "interesting_word_prop": "0.01444548"}, "2017-05-10": {"fog_idx": "6.164333399", "pos_word_prop": "0.014787023", "neg_word_prop": "0.032443169", "uncertain_word_prop": "0.015007725", "constrain_word_prop": "0.012800706", "lit_word_prop": "0.032663871", "interesting_word_prop": "0.012800706"}, "2017-08-14": {"fog_idx": "5.050745981", "pos_word_prop": "0.01485623", "neg_word_prop": "0.030511182", "uncertain_word_prop": "0.012300319", "constrain_word_prop": "0.015814696", "lit_word_prop": "0.028594249", "interesting_word_prop": "0.015814696"}, "2017-11-14": {"fog_idx": "5.16023662", "pos_word_prop": "0.015880358", "neg_word_prop": "0.033148319", "uncertain_word_prop": "0.015109467", "constrain_word_prop": "0.016805427", "lit_word_prop": "0.029139685", "interesting_word_prop": "0.016805427"}, "2018-05-15": {"fog_idx": "5.480227552", "pos_word_prop": "0.017272727", "neg_word_prop": "0.036515152", "uncertain_word_prop": "0.017727273", "constrain_word_prop": "0.016212121", "lit_word_prop": "0.032272727", "interesting_word_prop": "0.016212121"}, "2018-08-20": {"fog_idx": "5.34051548", "pos_word_prop": "0.018449695", "neg_word_prop": "0.034112025", "uncertain_word_prop": "0.016325989", "constrain_word_prop": "0.014600478", "lit_word_prop": "0.029864614", "interesting_word_prop": "0.014600478"}, "2018-11-15": {"fog_idx": "5.345992881", "pos_word_prop": "0.01961268", "neg_word_prop": "0.035278155", "uncertain_word_prop": "0.018009128", "constrain_word_prop": "0.015418774", "lit_word_prop": "0.029480696", "interesting_word_prop": "0.015418774"}, "2019-05-15": {"fog_idx": "5.156200696", "pos_word_prop": "0.018885055", "neg_word_prop": "0.033956782", "uncertain_word_prop": "0.020156165", "constrain_word_prop": "0.014708553", "lit_word_prop": "0.027056474", "interesting_word_prop": "0.014708553"}, "2019-09-05": {"fog_idx": "4.393579102", "pos_word_prop": "0.016309888", "neg_word_prop": "0.036988496", "uncertain_word_prop": "0.020969856", "constrain_word_prop": "0.013688656", "lit_word_prop": "0.029416048", "interesting_word_prop": "0.013688656"}}}, "similarity": {"10-K": {"date": "['2018-04-02', '2019-04-01']", "sim_index": "{'negative': [0.9178082191780822, 0.8767123287671232, 0.9285714285714286, 0.7976190476190477, 0.9195402298850575], 'positive': [0.7058823529411765, 0.9285714285714286, 0.7647058823529411, 0.85, 0.9047619047619048], 'uncertainty': [0.8571428571428571, 0.9230769230769231, 0.9230769230769231, 0.9166666666666666, 0.9166666666666666], 'litigious': [0.96, 0.92, 0.9166666666666666, 0.8518518518518519, 0.8620689655172413], 'constraining': [1.0, 0.8333333333333334, 0.8333333333333334, 0.9230769230769231, 1.0], 'interesting': [0.8, 0.6, 1.0, 0.8, 1.0] , 'consistency': [0.7938378740985345, 0.7620657469388138, 0.9006653875542734, 0.8591292169505492, 0.914045358081914]}"}, "10-Q": {"date": "['2017-08-14', '2017-11-14', '2018-05-15', '2018-08-20', '2018-11-15', '2019-05-15', '2019-09-05', '2020-02-10']", "sim_index": "{'negative': [0.5833333333333334, 0.72, 0.4444444444444444, 0.9375, 0.8888888888888888, 0.75, 0.625, 0.88, 0.5128205128205128, 0.8205128205128205, 0.972972972972973, 0.5405405405405406, 0.8076923076923077, 0.8928571428571429], 'positive': [0.8571428571428571, 0.75, 0.6666666666666666, 1.0, 0.8888888888888888, 1.0, 0.75, 1.0, 0.9166666666666666, 1.0, 1.0, 0.9090909090909091, 0.9090909090909091, 0.9090909090909091], 'uncertainty': [1.0, 0.8181818181818182, 0.9, 1.0, 0.9090909090909091, 0.8333333333333334, 0.9166666666666666, 0.9166666666666666, 0.8333333333333334, 0.75, 1.0, 0.8, 1.0, 1.0], 'litigious': [0.7692307692307693, 0.9230769230769231, 0.7692307692307693, 1.0, 1.0, 0.6666666666666666, 1.0, 0.9090909090909091, 0.7142857142857143, 0.8, 1.0, 1.0, 0.7777777777777778, 0.9], 'constraining': [0.6666666666666666, 0.8571428571428571, 1.0, 1.0, 1.0, 1.0, 0.6363636363636364, 1.0, 0.75, 0.9090909090909091, 1.0, 0.6363636363636364, 1.0, 1.0], 'interesting': [1.0, 1.0, 1.0, 1.0, 1.0, 1.0, 0.6666666666666666, 1.0, 0.6666666666666666, 1.0, 1.0, 1.0, 1.0, 1.0] , 'consistency': [0.8989433697425516, 0.910817697376933, 0.8365568180333707, 0.9845569979921579, 0.9235347671413802, 0.8861632435487182, 0.8808811291249758, 0.9414031134005313, 0.8149717164451731, 0.9073754487303308, 0.9740305436974168, 0.8816228900870566, 0.9506979847219806, 0.9548189148460402]}"}}}}