{"StatementsOfIncome": {"RevenueFromContractWithCustomerExcludingAssessedTax": [{"2021-09-30": "300756"}], "CostOfRevenue": [{"2021-09-30": "136887"}], "GrossProfit": [{"2021-09-30": "274565"}], "SellingGeneralAndAdministrativeExpense": [{"2021-09-30": "698717"}], "OperatingExpenses": [{"2021-09-30": "698717"}], "OperatingIncomeLoss": [{"2021-09-30": "-424151"}], "MiscellaneousIncomeExpense": [{"2021-09-30": "-68"}], "InvestmentIncomeInterest": [{"2021-09-30": "58"}], "InterestExpense": [{"2021-09-30": "29337"}], "NonoperatingIncomeExpense": [{"2021-09-30": "-29280"}], "IncomeLossFromContinuingOperationsIncludingPortionAttributableToNoncontrollingInterest": [{"2021-09-30": "-453431"}], "IncomeTaxExpenseBenefit": [], "NetIncomeLoss": [{"2021-09-30": "-453431"}], "EarningsPerShareBasicAndDiluted": [{"2021-09-30": "-0.01"}], "WeightedAverageNumberOfShareOutstandingBasicAndDiluted": [{"2021-09-30": "68459430"}]}, "BalanceSheets": {"CashAndCashEquivalentsAtCarryingValue": [{"2021-09-30": "1231434"}], "RestrictedCashCurrent": [{"2021-09-30": "224354"}], "AccountsReceivableNetCurrent": [{"2021-09-30": "76063"}], "InventoryNet": [{"2021-09-30": "458636"}], "OtherAssetsCurrent": [{"2021-09-30": "450187"}], "AssetsCurrent": [{"2021-09-30": "2440674"}], "PropertyPlantAndEquipmentNet": [{"2021-09-30": "28897"}], "IntangibleAssetsNetExcludingGoodwill": [], "OtherAssetsNoncurrent": [{"2021-09-30": "172777"}], "AssetsNoncurrentOtherThanNoncurrentInvestmentsAndPropertyPlantAndEquipment": [{"2021-09-30": "172777"}], "Assets": [{"2021-09-30": "2642349"}], "AccountsPayableAndOtherAccruedLiabilitiesCurrent": [{"2021-09-30": "3353174"}], "DueToRelatedPartiesCurrent": [{"2021-09-30": "300000"}], "ShortTermBorrowings": [{"2021-09-30": "567486"}], "LongTermDebtCurrent": [{"2021-09-30": "47944"}], "LiabilitiesCurrent": [{"2021-09-30": "4268604"}], "LongTermDebt": [{"2021-09-30": "67921"}], "LongTermDividendPayable": [], "PreferredStockValue": [], "CommonStockValue": [{"2021-09-30": "741"}], "AdditionalPaidInCapital": [{"2021-09-30": "38576077"}], "AccumulatedOtherComprehensiveIncomeLossNetOfTax": [{"2021-09-30": "-132508"}], "RetainedEarningsAccumulatedDeficit": [{"2021-09-30": "-40138485"}], "StockholdersEquity": [{"2021-09-30": "-1694175"}], "LiabilitiesAndStockholdersEquity": [{"2021-09-30": "2642349"}]}, "StatementsOfCashFlows": {"NetIncomeLoss": [{"2021-09-30": "-453431"}], "DepreciationDepletionAndAmortization": [{"2021-09-30": "17148"}], "AdjustmentForAmortization": [], "ShareBasedCompensation": [{"2021-09-30": "88000"}], "BadDebtExpense": [], "ConvertibleDebtValue": [{"2021-09-30": "69729"}], "CommonStockWarrantsIssuedForServicesValue": [{"2021-09-30": "122966"}], "CommonStockWarrantsIssuedForInterestValue": [{"2021-09-30": "69729"}], "IncreaseDecreaseInAccountsReceivable": [{"2021-09-30": "-150551"}], "IncreaseDecreaseInInventories": [{"2021-09-30": "236768"}], "IncreaseDecreaseInOtherCurrentAssets": [{"2021-09-30": "328086"}], "IncreaseDecreaseInOtherNoncurrentAssets": [{"2021-09-30": "-60476"}], "IncreaseDecreaseInOtherAccountsPayable": [{"2021-09-30": "582310"}], "NetCashProvidedByUsedInOperatingActivities": [{"2021-09-30": "-1179673"}], "PaymentsToAcquirePropertyPlantAndEquipment": [{"2021-09-30": "17352"}], "ProceedsFromSaleOfMachineryAndEquipment": [], "NetCashProvidedByUsedInInvestingActivities": [{"2021-09-30": "-17352"}], "ProceedsFromRestrictedCash": [{"2021-09-30": "59209"}], "ProceedsFromRepaymentsOfShortTermDebt": [{"2021-09-30": "71248"}], "ProceedsFromRepaymentsOfNotesPayable": [{"2021-09-30": "115865"}], "ProceedsFromStockOptionsExercised": [], "ProceedsFromRepaymentsOfRelatedPartyDebt": [{"2021-09-30": "-82711"}], "PaymentOfFinancingAndStockIssuanceCosts": [], "ProceedsFromIssuanceOfCommonStock": [{"2021-09-30": "2113000"}], "NetCashProvidedByUsedInFinancingActivities": [{"2021-09-30": "2158193"}], "EffectOfExchangeRateOnCashCashEquivalentsRestrictedCashAndRestrictedCashEquivalentsIncludingDisposalGroupAndDiscontinuedOperations": [{"2021-09-30": "20745"}], "CashCashEquivalentsRestrictedCashAndRestrictedCashEquivalentsPeriodIncreaseDecreaseIncludingExchangeRateEffect": [{"2021-09-30": "981913"}], "CashCashEquivalentsRestrictedCashAndRestrictedCashEquivalentsIncludingDisposalGroupAndDiscontinuedOperations": [{"2021-09-30": "1231434"}], "InterestPaidNet": [{"2021-09-30": "2096"}], "IncomeTaxesPaidNet": [], "StockIssued1": [{"2021-09-30": "499750"}], "DebentureAccruedInerestConvertedToCommonStock": [{"2021-09-30": "288787"}], "RentAccountsPayableToRelatedPartyConvertedToCommonStock": [{"2021-09-30": "99789"}], "CommonStockIssuedForConsultingAgreementsRelatedToCostOfCapital": [{"2021-09-30": "1932736"}], "AccruedDividendsConvertedToCommonStock": [{"2021-09-30": "455926"}]}, "Analytics": {"PE": null, "PM": null, "Revenue": null, "ebit": null, "ebitda": null, "high_low": null, "roce": null, "company_details": null}, "Q&A": null, "Sentiment": {"lexical": {"10-K": null, "10-Q": {"2021-11-15": {"fog_idx": "5.042239066", "pos_word_prop": "0.019010819", "neg_word_prop": "0.03137558", "uncertain_word_prop": "0.019319938", "constrain_word_prop": "0.00942813", "lit_word_prop": "0.02179289", "interesting_word_prop": "0.00942813"}}}, "similarity": {"10-K": {"date": "[]", "sim_index": "{'negative': [0.9178082191780822, 0.8767123287671232, 0.9285714285714286, 0.7976190476190477, 0.9195402298850575], 'positive': [0.7058823529411765, 0.9285714285714286, 0.7647058823529411, 0.85, 0.9047619047619048], 'uncertainty': [0.8571428571428571, 0.9230769230769231, 0.9230769230769231, 0.9166666666666666, 0.9166666666666666], 'litigious': [0.96, 0.92, 0.9166666666666666, 0.8518518518518519, 0.8620689655172413], 'constraining': [1.0, 0.8333333333333334, 0.8333333333333334, 0.9230769230769231, 1.0], 'interesting': [0.8, 0.6, 1.0, 0.8, 1.0] , 'consistency': [0.7938378740985345, 0.7620657469388138, 0.9006653875542734, 0.8591292169505492, 0.914045358081914]}"}, "10-Q": {"date": "[]", "sim_index": "{'negative': [0.5833333333333334, 0.72, 0.4444444444444444, 0.9375, 0.8888888888888888, 0.75, 0.625, 0.88, 0.5128205128205128, 0.8205128205128205, 0.972972972972973, 0.5405405405405406, 0.8076923076923077, 0.8928571428571429], 'positive': [0.8571428571428571, 0.75, 0.6666666666666666, 1.0, 0.8888888888888888, 1.0, 0.75, 1.0, 0.9166666666666666, 1.0, 1.0, 0.9090909090909091, 0.9090909090909091, 0.9090909090909091], 'uncertainty': [1.0, 0.8181818181818182, 0.9, 1.0, 0.9090909090909091, 0.8333333333333334, 0.9166666666666666, 0.9166666666666666, 0.8333333333333334, 0.75, 1.0, 0.8, 1.0, 1.0], 'litigious': [0.7692307692307693, 0.9230769230769231, 0.7692307692307693, 1.0, 1.0, 0.6666666666666666, 1.0, 0.9090909090909091, 0.7142857142857143, 0.8, 1.0, 1.0, 0.7777777777777778, 0.9], 'constraining': [0.6666666666666666, 0.8571428571428571, 1.0, 1.0, 1.0, 1.0, 0.6363636363636364, 1.0, 0.75, 0.9090909090909091, 1.0, 0.6363636363636364, 1.0, 1.0], 'interesting': [1.0, 1.0, 1.0, 1.0, 1.0, 1.0, 0.6666666666666666, 1.0, 0.6666666666666666, 1.0, 1.0, 1.0, 1.0, 1.0] , 'consistency': [0.8989433697425516, 0.910817697376933, 0.8365568180333707, 0.9845569979921579, 0.9235347671413802, 0.8861632435487182, 0.8808811291249758, 0.9414031134005313, 0.8149717164451731, 0.9073754487303308, 0.9740305436974168, 0.8816228900870566, 0.9506979847219806, 0.9548189148460402]}"}}}}