{"StatementsOfIncome": {"RevenueFromContractWithCustomerExcludingAssessedTax": [{"2021-12-31": "31150250.0"}], "CostOfGoodsAndServiceExcludingDepreciationDepletionAndAmortization": [{"2021-12-31": "16760750.0"}], "CostOfGoodsAndServicesSoldAmortization": [{"2021-12-31": "39993250.0"}], "CostOfGoodsAndServicesSold": [{"2021-12-31": "56754000.0"}], "GrossProfit": [{"2021-12-31": "122904000.0"}], "SellingAndMarketingExpense": [{"2021-12-31": "59095750.0"}], "ResearchAndDevelopmentExpense": [{"2021-12-31": "25453250.0"}], "GeneralAndAdministrativeExpense": [{"2021-12-31": "32744250.0"}], "AmortizationOfIntangibleAssetsExcludingAcquiredTechnologies": [{"2021-12-31": "13828500.0"}], "OperatingExpenses": [{"2021-12-31": "131121750.0"}], "OperatingIncomeLoss": [{"2021-12-31": "-8217750.0"}], "InterestIncomeExpenseNonoperatingNet": [{"2021-12-31": "-16130500.0"}], "OtherNonoperatingIncomeExpense": [{"2021-12-31": "113500.0"}], "NonoperatingIncomeExpense": [{"2021-12-31": "-16017000.0"}], "IncomeLossFromContinuingOperationsBeforeIncomeTaxesExtraordinaryItemsNoncontrollingInterest": [{"2021-12-31": "-24234750.0"}], "IncomeTaxExpenseBenefit": [{"2021-12-31": "-8117250.0"}], "IncomeLossFromContinuingOperations": [{"2021-12-31": "-16117500.0"}], "IncomeLossFromDiscontinuedOperationsNetOfTaxAttributableToReportingEntity": [{"2021-12-31": "3265500.0"}], "NetIncomeLoss": [{"2021-12-31": "-12852000.0"}], "NetIncomeLossFromContinuingOperationsAvailableToCommonShareholdersBasic": [{"2021-12-31": "-16157500.0"}], "NetIncomeLossFromDiscontinuedOperationsAvailableToCommonShareholdersBasic": [{"2021-12-31": "3265500.0"}], "IncomeLossFromContinuingOperationsPerBasicShare": [], "IncomeLossFromDiscontinuedOperationsNetOfTaxPerBasicShare": [], "EarningsPerShareBasic": [], "IncomeLossFromContinuingOperationsPerDilutedShare": [], "IncomeLossFromDiscontinuedOperationsNetOfTaxPerDilutedShare": [], "EarningsPerShareDiluted": [], "WeightedAverageNumberOfSharesOutstandingBasic": [{"2021-12-31": "39510000.0"}], "WeightedAverageNumberOfDilutedSharesOutstanding": [{"2021-12-31": "39510000.0"}]}, "BalanceSheets": {"CashAndCashEquivalentsAtCarryingValue": [{"2021-12-31": "183029000.0"}], "AccountsReceivableNetCurrent": [{"2021-12-31": "23773750.0"}], "IncomeTaxesReceivable": [{"2021-12-31": "278500.0"}], "PrepaidExpenseAndOtherAssetsCurrent": [{"2021-12-31": "7628750.0"}], "AssetsOfDisposalGroupIncludingDiscontinuedOperationCurrent": [{"2021-12-31": "0.0"}], "AssetsCurrent": [{"2021-12-31": "214710000.0"}], "PropertyPlantAndEquipmentNet": [{"2021-12-31": "7430500.0"}], "OperatingLeaseRightOfUseAsset": [{"2021-12-31": "18579500.0"}], "DeferredIncomeTaxAssetsNet": [{"2021-12-31": "36040500.0"}], "Goodwill": [{"2021-12-31": "827101250.0"}], "IntangibleAssetsNetExcludingGoodwill": [{"2021-12-31": "85640750.0"}], "OtherAssetsNoncurrent": [{"2021-12-31": "8529250.0"}], "DisposalGroupIncludingDiscontinuedOperationAssetsNoncurrent": [{"2021-12-31": "0.0"}], "Assets": [{"2021-12-31": "1198031750.0"}], "AccountsPayableCurrent": [{"2021-12-31": "1831750.0"}], "AccruedLiabilitiesCurrent": [{"2021-12-31": "10332000.0"}], "OperatingLeaseLiabilityCurrent": [{"2021-12-31": "3595500.0"}], "InterestPayableCurrent": [{"2021-12-31": "38250.0"}], "AccruedIncomeTaxesCurrent": [{"2021-12-31": "771500.0"}], "ContractWithCustomerLiabilityCurrent": [{"2021-12-31": "81925250.0"}], "LongTermDebtCurrent": [{"2021-12-31": "4975000.0"}], "LiabilitiesOfDisposalGroupIncludingDiscontinuedOperationCurrent": [{"2021-12-31": "0.0"}], "LiabilitiesCurrent": [{"2021-12-31": "103469250.0"}], "ContractWithCustomerLiabilityNoncurrent": [{"2021-12-31": "8742000.0"}], "DeferredIncomeTaxLiabilitiesNet": [{"2021-12-31": "4229500.0"}], "OperatingLeaseLiabilityNoncurrent": [{"2021-12-31": "18635750.0"}], "OtherLiabilitiesNoncurrent": [{"2021-12-31": "23289000.0"}], "LongTermDebtNoncurrent": [{"2021-12-31": "467692250.0"}], "LiabilitiesOfDisposalGroupIncludingDiscontinuedOperationNoncurrent": [{"2021-12-31": "0.0"}], "Liabilities": [{"2021-12-31": "626057750.0"}], "CommitmentsAndContingencies": [], "CommonStockValue": [{"2021-12-31": "39750.0"}], "PreferredStockValue": [{"2021-12-31": "0.0"}], "AdditionalPaidInCapital": [{"2021-12-31": "641695750.0"}], "AccumulatedOtherComprehensiveIncomeLossNetOfTax": [{"2021-12-31": "326500.0"}], "RetainedEarningsAccumulatedDeficit": [{"2021-12-31": "-70088000.0"}], "StockholdersEquity": [{"2021-12-31": "571974000.0"}], "LiabilitiesAndStockholdersEquity": [{"2021-12-31": "1198031750.0"}]}, "StatementsOfCashFlows": {"IncomeLossFromContinuingOperations": [{"2021-12-31": "-16117500.0"}], "DepreciationDepletionAndAmortization": [{"2021-12-31": "57533750.0"}], "ProvisionForDoubtfulAccounts": [{"2021-12-31": "5750.0"}], "ShareBasedCompensation": [{"2021-12-31": "14690750.0"}], "AmortizationOfFinancingCosts": [{"2021-12-31": "2275750.0"}], "DeferredIncomeTaxesAndTaxCredits": [{"2021-12-31": "-10141750.0"}], "ForeignCurrencyTransactionGainLossBeforeTax": [{"2021-12-31": "369750.0"}], "OtherNoncashIncomeExpense": [{"2021-12-31": "-94500.0"}], "IncreaseDecreaseInAccountsReceivable": [{"2021-12-31": "2481500.0"}], "IncreaseDecreaseInIncomeTaxesReceivable": [{"2021-12-31": "70250.0"}], "IncreaseDecreaseInPrepaidDeferredExpenseAndOtherAssets": [{"2021-12-31": "3491250.0"}], "IncreaseDecreaseInAccountsPayable": [{"2021-12-31": "-1228750.0"}], "IncreaseDecreaseInAccruedLiabilities": [{"2021-12-31": "-2761750.0"}], "IncreaseDecreaseInInterestPayableNet": [{"2021-12-31": "-1000.0"}], "IncreaseDecreaseInAccruedIncomeTaxesPayable": [{"2021-12-31": "-8146750.0"}], "IncreaseDecreaseInContractWithCustomerLiability": [{"2021-12-31": "-213000.0"}], "IncreaseDecreaseInOtherNoncurrentLiabilities": [{"2021-12-31": "-54250.0"}], "NetCashProvidedByUsedInOperatingActivitiesContinuingOperations": [{"2021-12-31": "29523000.0"}], "PaymentsToAcquirePropertyPlantAndEquipment": [{"2021-12-31": "2313000.0"}], "PaymentsToAcquireIntangibleAssets": [{"2021-12-31": "1166000.0"}], "PaymentsToAcquireBusinessesNetOfCashAcquired": [{"2021-12-31": "-111750.0"}], "ProceedsfromSaleofCostMethodInvestments": [{"2021-12-31": "0.0"}], "NetCashProvidedByUsedInInvestingActivitiesContinuingOperations": [{"2021-12-31": "-3367250.0"}], "ProceedsFromIssuanceOfSharesUnderIncentiveAndShareBasedCompensationPlans": [{"2021-12-31": "1414500.0"}], "PaymentsForRepurchaseOfEquity": [{"2021-12-31": "3557000.0"}], "ProceedsFromStockOptionsExercised": [{"2021-12-31": "154000.0"}], "ProceedFromSpinOffDistributionOfDiscontinuedOperations": [{"2021-12-31": "126395000.0"}], "PaymentsOfDividends": [{"2021-12-31": "59303500.0"}], "ProceedsFromIssuanceOfLongTermDebt": [{"2021-12-31": "0.0"}], "RepaymentsOfLongTermDebt": [{"2021-12-31": "5237500.0"}], "PaymentsOfDebtIssuanceCosts": [{"2021-12-31": "81000.0"}], "NetCashProvidedByUsedInFinancingActivitiesContinuingOperations": [{"2021-12-31": "59784500.0"}], "EffectOfExchangeRateOnCashCashEquivalentsRestrictedCashAndRestrictedCashEquivalents": [{"2021-12-31": "-1088750.0"}], "CashProvidedByUsedInOperatingActivitiesDiscontinuedOperations": [{"2021-12-31": "9760000.0"}], "CashProvidedByUsedInInvestingActivitiesDiscontinuedOperations": [{"2021-12-31": "-3750750.0"}], "CashProvidedByUsedInFinancingActivitiesDiscontinuedOperations": [{"2021-12-31": "-225750.0"}], "EffectOfExchangeRateOnCashCashEquivalentsRestrictedCashAndRestrictedCashEquivalentsIncludingDisposalGroupAndDiscontinuedOperations": [{"2021-12-31": "-230500.0"}], "NetCashProvidedByUsedInDiscontinuedOperations": [{"2021-12-31": "5553000.0"}], "CashCashEquivalentsRestrictedCashAndRestrictedCashEquivalentsPeriodIncreaseDecreaseIncludingExchangeRateEffect": [{"2021-12-31": "90404500.0"}], "CashCashEquivalentsRestrictedCashAndRestrictedCashEquivalents": [{"2021-12-31": "183029000.0"}], "InterestPaidNet": [{"2021-12-31": "14013250.0"}], "IncomeTaxesPaidNet": [{"2021-12-31": "10966000.0"}]}, "Analytics": {"PE": -36.57575665098248, "PM": {"2021-01-01SEP2021-12-31": 3.040117098099271, "2020-01-01SEP2020-12-31": 3.2896409606814543, "2019-01-01SEP2019-12-31": 3.4445456885456887}, "Revenue": {"2021-01-01SEP2021-12-31": "718632000", "2020-01-01SEP2020-12-31": "716770000", "2019-01-01SEP2019-12-31": "669103000"}, "ebit": {"2021-01-01SEP2021-12-31": "-32871000"}, "ebitda": {"2021-01-01SEP2021-12-31": "-32871000230135000"}, "high_low": {"high": 23.0, "low": 22.360000610351562}, "roce": -0.7507794210015417, "company_details": {"summary": "SolarWinds Corporation provides information technology (IT) management software products in the United States and internationally. The company offers a portfolio of solutions to technology professionals for monitoring, managing, and optimizing networks, systems, desktops, applications, storage, databases, website infrastructures, and IT service desks. It provides a suite of network management software that offers real-time visibility into network utilization and bandwidth, as well as the ability to detect, diagnose, and resolve network performance problems; and a suite of infrastructure management products, which monitor and analyze the performance of applications and their supporting infrastructure, including websites, servers, physical, virtual and cloud infrastructure, storage, and databases. The company also provides a suite of application performance management software that enable visibility into log data, cloud infrastructure metrics, applications, tracing, and web performance management; and service management software that offers ITIL-compliant service desk solutions for various companies. It markets and sells its products directly to network and systems engineers, database administrators, storage administrators, DevOps, SecOps, and service desk professionals. The company was formerly known as SolarWinds Parent, Inc. and changed its name to SolarWinds Corporation in May 2018. SolarWinds Corporation was founded in 1999 and is headquartered in Austin, Texas.", "market_cap": 1949781120, "dividend_yield": null}}, "Q&A": null, "Sentiment": {"lexical": {"10-K": {"2021-03-01": {"fog_idx": "6.916097708", "pos_word_prop": "0.027478614", "neg_word_prop": "0.051418549", "uncertain_word_prop": "0.029663364", "constrain_word_prop": "0.018493446", "lit_word_prop": "0.030124931", "interesting_word_prop": "0.018493446"}, "2020-02-24": {"fog_idx": "6.40760218", "pos_word_prop": "0.028363516", "neg_word_prop": "0.046183743", "uncertain_word_prop": "0.028942363", "constrain_word_prop": "0.019556768", "lit_word_prop": "0.028198131", "interesting_word_prop": "0.019556768"}, "2022-02-25": {"fog_idx": "7.009989972", "pos_word_prop": "0.027318211", "neg_word_prop": "0.053377943", "uncertain_word_prop": "0.029466834", "constrain_word_prop": "0.020166365", "lit_word_prop": "0.032996716", "interesting_word_prop": "0.020166365"}, "2019-02-25": {"fog_idx": "6.086301217", "pos_word_prop": "0.026640578", "neg_word_prop": "0.043385009", "uncertain_word_prop": "0.027543648", "constrain_word_prop": "0.018738712", "lit_word_prop": "0.028258579", "interesting_word_prop": "0.018738712"}}, "10-Q": {"2020-11-05": {"fog_idx": "5.458904496", "pos_word_prop": "0.019808474", "neg_word_prop": "0.019939656", "uncertain_word_prop": "0.02558048", "constrain_word_prop": "0.010232192", "lit_word_prop": "0.020333202", "interesting_word_prop": "0.010232192"}, "2021-11-09": {"fog_idx": "6.016333567", "pos_word_prop": "0.018369565", "neg_word_prop": "0.040543478", "uncertain_word_prop": "0.025326087", "constrain_word_prop": "0.009673913", "lit_word_prop": "0.03", "interesting_word_prop": "0.009673913"}, "2021-08-06": {"fog_idx": "5.705187438", "pos_word_prop": "0.020824388", "neg_word_prop": "0.042078145", "uncertain_word_prop": "0.028016316", "constrain_word_prop": "0.009768141", "lit_word_prop": "0.027908974", "interesting_word_prop": "0.009768141"}, "2021-05-10": {"fog_idx": "6.539504261", "pos_word_prop": "0.023123818", "neg_word_prop": "0.054340971", "uncertain_word_prop": "0.027853689", "constrain_word_prop": "0.011036367", "lit_word_prop": "0.030901829", "interesting_word_prop": "0.011036367"}, "2020-08-10": {"fog_idx": "5.414360166", "pos_word_prop": "0.020092512", "neg_word_prop": "0.023850824", "uncertain_word_prop": "0.026019081", "constrain_word_prop": "0.011419485", "lit_word_prop": "0.023128072", "interesting_word_prop": "0.011419485"}, "2020-05-08": {"fog_idx": "5.745177411", "pos_word_prop": "0.018965517", "neg_word_prop": "0.023371648", "uncertain_word_prop": "0.028927203", "constrain_word_prop": "0.014750958", "lit_word_prop": "0.021072797", "interesting_word_prop": "0.014750958"}, "2019-11-07": {"fog_idx": "5.200501162", "pos_word_prop": "0.021679847", "neg_word_prop": "0.023861467", "uncertain_word_prop": "0.021407145", "constrain_word_prop": "0.013362422", "lit_word_prop": "0.020998091", "interesting_word_prop": "0.013362422"}, "2019-05-10": {"fog_idx": "5.535604687", "pos_word_prop": "0.022703353", "neg_word_prop": "0.026311833", "uncertain_word_prop": "0.023755826", "constrain_word_prop": "0.015636746", "lit_word_prop": "0.024507593", "interesting_word_prop": "0.015636746"}, "2018-11-27": {"fog_idx": "4.921997299", "pos_word_prop": "0.019427274", "neg_word_prop": "0.026365586", "uncertain_word_prop": "0.021697994", "constrain_word_prop": "0.012993566", "lit_word_prop": "0.021697994", "interesting_word_prop": "0.012993566"}, "2019-08-12": {"fog_idx": "5.159183702", "pos_word_prop": "0.021472797", "neg_word_prop": "0.024370966", "uncertain_word_prop": "0.021868002", "constrain_word_prop": "0.01304176", "lit_word_prop": "0.021209327", "interesting_word_prop": "0.01304176"}}}, "similarity": {"10-K": {"date": "['2020-02-24', '2021-03-01', '2022-02-25']", "sim_index": "{'negative': [0.9178082191780822, 0.8767123287671232, 0.9285714285714286, 0.7976190476190477, 0.9195402298850575], 'positive': [0.7058823529411765, 0.9285714285714286, 0.7647058823529411, 0.85, 0.9047619047619048], 'uncertainty': [0.8571428571428571, 0.9230769230769231, 0.9230769230769231, 0.9166666666666666, 0.9166666666666666], 'litigious': [0.96, 0.92, 0.9166666666666666, 0.8518518518518519, 0.8620689655172413], 'constraining': [1.0, 0.8333333333333334, 0.8333333333333334, 0.9230769230769231, 1.0], 'interesting': [0.8, 0.6, 1.0, 0.8, 1.0] , 'consistency': [0.7938378740985345, 0.7620657469388138, 0.9006653875542734, 0.8591292169505492, 0.914045358081914]}"}, "10-Q": {"date": "['2019-05-10', '2019-08-12', '2019-11-07', '2020-05-08', '2020-08-10', '2020-11-05', '2021-05-10', '2021-08-06', '2021-11-09']", "sim_index": "{'negative': [0.5833333333333334, 0.72, 0.4444444444444444, 0.9375, 0.8888888888888888, 0.75, 0.625, 0.88, 0.5128205128205128, 0.8205128205128205, 0.972972972972973, 0.5405405405405406, 0.8076923076923077, 0.8928571428571429], 'positive': [0.8571428571428571, 0.75, 0.6666666666666666, 1.0, 0.8888888888888888, 1.0, 0.75, 1.0, 0.9166666666666666, 1.0, 1.0, 0.9090909090909091, 0.9090909090909091, 0.9090909090909091], 'uncertainty': [1.0, 0.8181818181818182, 0.9, 1.0, 0.9090909090909091, 0.8333333333333334, 0.9166666666666666, 0.9166666666666666, 0.8333333333333334, 0.75, 1.0, 0.8, 1.0, 1.0], 'litigious': [0.7692307692307693, 0.9230769230769231, 0.7692307692307693, 1.0, 1.0, 0.6666666666666666, 1.0, 0.9090909090909091, 0.7142857142857143, 0.8, 1.0, 1.0, 0.7777777777777778, 0.9], 'constraining': [0.6666666666666666, 0.8571428571428571, 1.0, 1.0, 1.0, 1.0, 0.6363636363636364, 1.0, 0.75, 0.9090909090909091, 1.0, 0.6363636363636364, 1.0, 1.0], 'interesting': [1.0, 1.0, 1.0, 1.0, 1.0, 1.0, 0.6666666666666666, 1.0, 0.6666666666666666, 1.0, 1.0, 1.0, 1.0, 1.0] , 'consistency': [0.8989433697425516, 0.910817697376933, 0.8365568180333707, 0.9845569979921579, 0.9235347671413802, 0.8861632435487182, 0.8808811291249758, 0.9414031134005313, 0.8149717164451731, 0.9073754487303308, 0.9740305436974168, 0.8816228900870566, 0.9506979847219806, 0.9548189148460402]}"}}}}