{"StatementsOfIncome": {"Revenues": [], "SellingGeneralAndAdministrativeExpense": [{"2019-12-31": "37995"}], "LossOnConversionOfAcruedCompensation": [], "StockCompensationExpense": [{"2019-12-31": "12500"}], "OperatingExpenses": [{"2019-12-31": "50496"}], "OperatingIncomeLoss": [{"2019-12-31": "-50496"}], "InterestExpense": [{"2019-12-31": "-1406"}], "NonoperatingIncomeExpense": [{"2019-12-31": "-1406"}], "NetIncomeLoss": [{"2019-12-31": "-265773"}], "EarningsPerShareBasicAndDiluted": [{"2019-12-31": "-0.00"}], "WeightedAverageNumberOfShareOutstandingBasicAndDiluted": [{"2019-12-31": "34955575"}]}, "BalanceSheets": {"Cash": [{"2019-12-31": "39"}], "AssetsCurrent": [{"2019-12-31": "39"}], "Assets": [{"2019-12-31": "39"}], "AccountsPayableCurrent": [{"2019-12-31": "156681"}], "AccruedLiabilitiesCurrent": [{"2019-12-31": "376573"}], "StockPayable": [{"2019-12-31": "82500"}], "ConvertibleNotesPayableCurrent": [{"2019-12-31": "88717"}], "NotesPayableCurrent": [{"2019-12-31": "135000"}], "LiabilitiesCurrent": [{"2019-12-31": "839471"}], "Liabilities": [{"2019-12-31": "839471"}], "CommitmentsAndContingencies": [], "CommonStockValue": [{"2019-12-31": "35174"}], "AdditionalPaidInCapital": [{"2019-12-31": "4204016"}], "RetainedEarningsAccumulatedDeficit": [{"2019-12-31": "-5078622"}], "StockholdersEquity": [{"2019-12-31": "-839432"}], "LiabilitiesAndStockholdersEquity": [{"2019-12-31": "39"}]}, "StatementsOfCashFlows": {"NetIncomeLoss": [{"2019-12-31": "-265773"}], "ShareBasedCompensation": [{"2019-12-31": "37500"}], "SalariesWagesAndOfficersCompensation": [], "GainsLossesOnExtinguishmentOfDebt": [{"2019-12-31": "111191"}], "IncreaseDecreaseInAccountsPayableAndAccruedLiabilities": [{"2019-12-31": "98271"}], "IncreaseDecreaseInStockPayable": [], "NetCashProvidedByUsedInOperatingActivities": [{"2019-12-31": "-18811"}], "ProceedsFromConvertibleDebt": [{"2019-12-31": "18913"}], "NetCashProvidedByUsedInFinancingActivities": [{"2019-12-31": "18913"}], "CashAndCashEquivalentsPeriodIncreaseDecrease": [{"2019-12-31": "102"}], "CashAndCashEquivalentsAtCarryingValue": [{"2019-12-31": "39"}], "IncomeTaxesPaidNet": [], "InterestPaidNet": [], "CommonStockIssuedForConversionOfNotePayable": [{"2019-12-31": "25800"}]}, "Analytics": {"PE": null, "PM": null, "Revenue": null, "ebit": null, "ebitda": null, "high_low": null, "roce": null, "company_details": null}, "Q&A": null, "Sentiment": {"lexical": {"10-K": {"2018-01-29": {"fog_idx": "5.370038703", "pos_word_prop": "0.020992366", "neg_word_prop": "0.028201866", "uncertain_word_prop": "0.013994911", "constrain_word_prop": "0.013570823", "lit_word_prop": "0.027777778", "interesting_word_prop": "0.013570823"}, "2018-07-24": {"fog_idx": "5.50223041", "pos_word_prop": "0.019083178", "neg_word_prop": "0.029869322", "uncertain_word_prop": "0.013897532", "constrain_word_prop": "0.012652977", "lit_word_prop": "0.028002489", "interesting_word_prop": "0.012652977"}, "2019-07-15": {"fog_idx": "5.603584773", "pos_word_prop": "0.018107351", "neg_word_prop": "0.03901703", "uncertain_word_prop": "0.013364949", "constrain_word_prop": "0.01164044", "lit_word_prop": "0.026083208", "interesting_word_prop": "0.01164044"}}, "10-Q": {"2018-08-14": {"fog_idx": "5.376637789", "pos_word_prop": "0.020008167", "neg_word_prop": "0.028174765", "uncertain_word_prop": "0.027766435", "constrain_word_prop": "0.012658228", "lit_word_prop": "0.016333197", "interesting_word_prop": "0.012658228"}, "2018-02-20": {"fog_idx": "5.266065371", "pos_word_prop": "0.022475679", "neg_word_prop": "0.029520295", "uncertain_word_prop": "0.032874874", "constrain_word_prop": "0.015095606", "lit_word_prop": "0.019792016", "interesting_word_prop": "0.015095606"}, "2017-02-21": {"fog_idx": "5.345587635", "pos_word_prop": "0.021730985", "neg_word_prop": "0.028100412", "uncertain_word_prop": "0.035219183", "constrain_word_prop": "0.014237542", "lit_word_prop": "0.028100412", "interesting_word_prop": "0.014237542"}, "2018-02-12": {"fog_idx": "5.300383021", "pos_word_prop": "0.022253621", "neg_word_prop": "0.029318262", "uncertain_word_prop": "0.033557047", "constrain_word_prop": "0.014835747", "lit_word_prop": "0.020134228", "interesting_word_prop": "0.014835747"}, "2018-11-15": {"fog_idx": "5.225659562", "pos_word_prop": "0.019436731", "neg_word_prop": "0.028560095", "uncertain_word_prop": "0.027370091", "constrain_word_prop": "0.012296708", "lit_word_prop": "0.015470052", "interesting_word_prop": "0.012296708"}, "2019-02-19": {"fog_idx": "5.11430138", "pos_word_prop": "0.018992248", "neg_word_prop": "0.029844961", "uncertain_word_prop": "0.026744186", "constrain_word_prop": "0.012015504", "lit_word_prop": "0.015891473", "interesting_word_prop": "0.012015504"}, "2019-08-19": {"fog_idx": "5.152407795", "pos_word_prop": "0.017387944", "neg_word_prop": "0.036707883", "uncertain_word_prop": "0.025502318", "constrain_word_prop": "0.011205564", "lit_word_prop": "0.017774343", "interesting_word_prop": "0.011205564"}, "2019-11-19": {"fog_idx": "4.992885651", "pos_word_prop": "0.017332329", "neg_word_prop": "0.035418237", "uncertain_word_prop": "0.024868124", "constrain_word_prop": "0.010926903", "lit_word_prop": "0.017709118", "interesting_word_prop": "0.010926903"}, "2020-03-10": {"fog_idx": "5.194115152", "pos_word_prop": "0.016852039", "neg_word_prop": "0.03875969", "uncertain_word_prop": "0.023255814", "constrain_word_prop": "0.010448264", "lit_word_prop": "0.019211325", "interesting_word_prop": "0.010448264"}}}, "similarity": {"10-K": {"date": "['2018-07-24', '2019-07-15']", "sim_index": "{'negative': [0.9178082191780822, 0.8767123287671232, 0.9285714285714286, 0.7976190476190477, 0.9195402298850575], 'positive': [0.7058823529411765, 0.9285714285714286, 0.7647058823529411, 0.85, 0.9047619047619048], 'uncertainty': [0.8571428571428571, 0.9230769230769231, 0.9230769230769231, 0.9166666666666666, 0.9166666666666666], 'litigious': [0.96, 0.92, 0.9166666666666666, 0.8518518518518519, 0.8620689655172413], 'constraining': [1.0, 0.8333333333333334, 0.8333333333333334, 0.9230769230769231, 1.0], 'interesting': [0.8, 0.6, 1.0, 0.8, 1.0] , 'consistency': [0.7938378740985345, 0.7620657469388138, 0.9006653875542734, 0.8591292169505492, 0.914045358081914]}"}, "10-Q": {"date": "['2018-02-12', '2018-02-20', '2018-02-20', '2018-08-14', '2018-11-15', '2019-02-19', '2019-08-19', '2019-11-19', '2020-03-10']", "sim_index": "{'negative': [0.5833333333333334, 0.72, 0.4444444444444444, 0.9375, 0.8888888888888888, 0.75, 0.625, 0.88, 0.5128205128205128, 0.8205128205128205, 0.972972972972973, 0.5405405405405406, 0.8076923076923077, 0.8928571428571429], 'positive': [0.8571428571428571, 0.75, 0.6666666666666666, 1.0, 0.8888888888888888, 1.0, 0.75, 1.0, 0.9166666666666666, 1.0, 1.0, 0.9090909090909091, 0.9090909090909091, 0.9090909090909091], 'uncertainty': [1.0, 0.8181818181818182, 0.9, 1.0, 0.9090909090909091, 0.8333333333333334, 0.9166666666666666, 0.9166666666666666, 0.8333333333333334, 0.75, 1.0, 0.8, 1.0, 1.0], 'litigious': [0.7692307692307693, 0.9230769230769231, 0.7692307692307693, 1.0, 1.0, 0.6666666666666666, 1.0, 0.9090909090909091, 0.7142857142857143, 0.8, 1.0, 1.0, 0.7777777777777778, 0.9], 'constraining': [0.6666666666666666, 0.8571428571428571, 1.0, 1.0, 1.0, 1.0, 0.6363636363636364, 1.0, 0.75, 0.9090909090909091, 1.0, 0.6363636363636364, 1.0, 1.0], 'interesting': [1.0, 1.0, 1.0, 1.0, 1.0, 1.0, 0.6666666666666666, 1.0, 0.6666666666666666, 1.0, 1.0, 1.0, 1.0, 1.0] , 'consistency': [0.8989433697425516, 0.910817697376933, 0.8365568180333707, 0.9845569979921579, 0.9235347671413802, 0.8861632435487182, 0.8808811291249758, 0.9414031134005313, 0.8149717164451731, 0.9073754487303308, 0.9740305436974168, 0.8816228900870566, 0.9506979847219806, 0.9548189148460402]}"}}}}