{"StatementsOfIncome": {"RevenueFromContractWithCustomerExcludingAssessedTax": [{"2019-12-31": "43028250.0"}, {"2020-12-31": "17015500.0"}, {"2021-12-31": "14545750.0"}, {"2020-03-31": "43145000"}], "CostOfGoodsAndServicesSold": [{"2019-12-31": "25781750.0"}, {"2020-12-31": "4116250.0"}, {"2021-12-31": "3439000.0"}, {"2020-03-31": "24176000"}], "GrossProfit": [{"2019-12-31": "2534750.0"}, {"2020-12-31": "12899250.0"}, {"2021-12-31": "11106750.0"}, {"2020-03-31": "18969000"}], "ResearchAndDevelopmentExpense": [{"2019-12-31": "8712000.0"}, {"2020-12-31": "6079750.0"}, {"2021-12-31": "5783000.0"}, {"2020-03-31": "8618000"}], "SellingAndMarketingExpense": [{"2019-12-31": "8194500.0"}, {"2020-12-31": "5260500.0"}, {"2021-12-31": "5630000.0"}, {"2020-03-31": "8117000"}], "GeneralAndAdministrativeExpense": [{"2019-12-31": "7826250.0"}, {"2020-12-31": "4332750.0"}, {"2021-12-31": "4389750.0"}, {"2020-03-31": "7113000"}], "RestructuringAndOtherRelatedCharges": [{"2019-12-31": "624500.0"}, {"2020-12-31": "632250.0"}, {"2021-12-31": "782250.0"}, {"2020-03-31": "209000"}], "GainLossOnExcessFacilities": [{"2019-12-31": "0.0"}], "OperatingExpenses": [{"2019-12-31": "2796500.0"}, {"2020-12-31": "14155250.0"}, {"2021-12-31": "16325000.0"}, {"2020-03-31": "24057000"}], "OperatingIncomeLoss": [{"2019-12-31": "-261750.0"}, {"2020-12-31": "-1256000.0"}, {"2021-12-31": "-5218250.0"}, {"2020-03-31": "-5088000"}], "InterestExpense": [{"2019-12-31": "159000.0"}, {"2020-12-31": "5000.0"}, {"2021-12-31": "42000.0"}, {"2020-03-31": "262000"}], "InterestIncomeExpenseNonoperatingNet": [{"2019-12-31": "32750.0"}, {"2020-12-31": "9500.0"}, {"2021-12-31": "8500.0"}, {"2020-03-31": "5000"}], "GainLossOnSaleOfInvestments": [{"2019-12-31": "3084500.0"}, {"2020-12-31": "27750.0"}, {"2021-12-31": "-1231750.0"}], "IncomeLossFromEquityMethodInvestments": [{"2019-12-31": "0.0"}], "OtherNonoperatingIncomeExpense": [{"2019-12-31": "105000.0"}, {"2020-12-31": "-41000.0"}, {"2021-12-31": "506000.0"}, {"2020-03-31": "795000"}], "NonoperatingIncomeExpense": [{"2019-12-31": "3063250.0"}, {"2020-12-31": "-8750.0"}, {"2021-12-31": "-35000.0"}, {"2020-03-31": "538000"}], "IncomeLossFromContinuingOperationsBeforeIncomeTaxesExtraordinaryItemsNoncontrollingInterest": [{"2019-12-31": "-5047500.0"}, {"2020-12-31": "-1264750.0"}, {"2021-12-31": "-5253250.0"}, {"2020-03-31": "-4550000"}], "IncomeTaxExpenseBenefit": [{"2019-12-31": "267000.0"}, {"2020-12-31": "13750.0"}, {"2021-12-31": "119750.0"}, {"2020-03-31": "139000"}], "ProfitLoss": [{"2019-12-31": "-5314500.0"}, {"2020-12-31": "-1330000.0"}, {"2021-12-31": "-5556250.0"}, {"2020-03-31": "-4689000"}], "NetIncomeLossAttributableToNoncontrollingInterest": [{"2019-12-31": "-314250.0"}, {"2020-12-31": "-71000.0"}, {"2021-12-31": "-61000.0"}, {"2020-03-31": "-47000"}], "NetIncomeLoss": [{"2019-12-31": "-5000250.0"}, {"2020-12-31": "-1213000.0"}, {"2021-12-31": "-5495250.0"}, {"2020-03-31": "-4642000"}], "EarningsPerShareBasic": [{"2020-03-31": "-0.12"}], "EarningsPerShareDiluted": [{"2020-03-31": "-0.12"}], "WeightedAverageNumberOfSharesOutstandingBasic": [{"2019-12-31": "9498500.0"}, {"2020-12-31": "9568000.0"}, {"2021-12-31": "11069250.0"}, {"2020-03-31": "38229000"}], "WeightedAverageNumberOfDilutedSharesOutstanding": [{"2019-12-31": "9498500.0"}, {"2020-12-31": "9568000.0"}, {"2021-12-31": "11069250.0"}, {"2020-03-31": "38229000"}], "OtherComprehensiveIncomeUnrealizedHoldingGainLossOnSecuritiesArisingDuringPeriodNetOfTax": [{"2019-12-31": "0.0"}, {"2020-03-31": "-907000"}], "OtherComprehensiveIncomeForeignCurrencyTransactionAndTranslationGainLossArisingDuringPeriodNetOfTax": [{"2019-12-31": "-51250.0"}], "OtherComprehensiveIncomeLossNetOfTax": [{"2019-12-31": "-51250.0"}, {"2020-03-31": "-907000"}], "ComprehensiveIncomeNetOfTaxIncludingPortionAttributableToNoncontrollingInterest": [{"2019-12-31": "-5365750.0"}, {"2020-03-31": "-5596000"}], "OtherComprehensiveIncomeLossNetOfTaxPortionAttributableToNoncontrollingInterest": [{"2019-12-31": "-314250.0"}], "ComprehensiveIncomeNetOfTax": [{"2019-12-31": "-5051500.0"}, {"2020-03-31": "-5549000"}], "IncomeLossFromContinuingOperationsIncludingPortionAttributableToNoncontrollingInterest": [{"2020-12-31": "-1278500.0"}, {"2021-12-31": "-5373000.0"}], "IncomeLossFromDiscontinuedOperationsNetOfTax": [{"2020-12-31": "-51500.0"}, {"2021-12-31": "-183250.0"}], "IncomeLossFromDiscontinuedOperationsNetOfTaxAttributableToNoncontrollingInterest": [{"2020-12-31": "-46000.0"}, {"2021-12-31": "0.0"}], "IncomeLossFromContinuingOperations": [{"2020-12-31": "-1207500.0"}, {"2021-12-31": "-5312000.0"}], "IncomeLossFromDiscontinuedOperationsNetOfTaxAttributableToReportingEntity": [{"2020-12-31": "-5500.0"}, {"2021-12-31": "-183250.0"}], "IncomeLossFromContinuingOperationsPerBasicShare": [], "DiscontinuedOperationIncomeLossFromDiscontinuedOperationNetOfTaxPerBasicShare": [{"2020-12-31": "0.0"}], "IncomeLossFromContinuingOperationsPerDilutedShare": [], "DiscontinuedOperationIncomeLossFromDiscontinuedOperationNetOfTaxPerDilutedShare": [{"2020-12-31": "0.0"}], "BusinessCombinationContingentConsiderationArrangementsChangeInAmountOfContingentConsiderationLiability1": [{"2020-12-31": "-2150000.0"}, {"2021-12-31": "-260000.0"}], "ComprehensiveIncomeNetOfTaxAttributableToNoncontrollingInterest": [{"2020-03-31": "-47000"}], "OtherComprehensiveIncomeLossForeignCurrencyTransactionAndTranslationAdjustmentNetOfTax": [{"2020-03-31": "-907000"}], "EquityMethodInvestmentRealizedGainLossOnDisposal": [{"2020-03-31": "0"}], "IncomeLossFromDiscontinuedOperationsNetOfTaxPerBasicShare": [], "IncomeLossFromDiscontinuedOperationsNetOfTaxPerDilutedShare": [], "GainsLossesOnExtinguishmentOfDebt": []}, "BalanceSheets": {"CashAndCashEquivalentsAtCarryingValue": [{"2019-12-31": "4201250.0"}, {"2020-12-31": "5985000.0"}, {"2021-12-31": "6777250.0"}, {"2020-03-31": "19046000"}], "ShortTermInvestments": [{"2019-12-31": "0.0"}], "AccountsReceivableNetCurrent": [{"2019-12-31": "7376750.0"}, {"2020-12-31": "2557250.0"}, {"2021-12-31": "2389000.0"}, {"2020-03-31": "26991000"}], "DeferredCostsCurrent": [{"2019-12-31": "205750.0"}, {"2020-12-31": "49000.0"}, {"2021-12-31": "12250.0"}, {"2020-03-31": "865000"}], "PrepaidExpenseAndOtherAssetsCurrent": [{"2019-12-31": "1861250.0"}, {"2020-12-31": "870000.0"}, {"2021-12-31": "791500.0"}, {"2020-03-31": "8873000"}], "AssetsCurrent": [{"2019-12-31": "13645000.0"}, {"2020-12-31": "11952500.0"}, {"2021-12-31": "10408750.0"}, {"2020-03-31": "55775000"}], "EquipmentAndSoftwareGross": [{"2019-12-31": "8041750.0"}, {"2020-12-31": "7681500.0"}, {"2021-12-31": "7366000.0"}, {"2020-03-31": "30419000"}], "LeaseholdImprovementsGross": [{"2019-12-31": "827750.0"}, {"2020-12-31": "694000.0"}, {"2021-12-31": "687500.0"}, {"2020-03-31": "2903000"}], "PropertyPlantAndEquipmentGross": [{"2019-12-31": "8869500.0"}, {"2020-12-31": "8375500.0"}, {"2021-12-31": "8053500.0"}, {"2020-03-31": "33322000"}], "AccumulatedDepreciationDepletionAndAmortizationPropertyPlantAndEquipment": [{"2019-12-31": "8164250.0"}, {"2020-12-31": "7907750.0"}, {"2021-12-31": "7686000.0"}, {"2020-03-31": "30801000"}], "PropertyPlantAndEquipmentNet": [{"2019-12-31": "705250.0"}, {"2020-12-31": "467750.0"}, {"2021-12-31": "367500.0"}, {"2020-03-31": "2521000"}], "OperatingLeaseRightOfUseAsset": [{"2019-12-31": "2898000.0"}, {"2020-12-31": "1984250.0"}, {"2021-12-31": "998000.0"}, {"2020-03-31": "10961000"}], "RestrictedCashAndInvestmentsNoncurrent": [{"2019-12-31": "1343500.0"}, {"2020-12-31": "407500.0"}, {"2021-12-31": "407500.0"}, {"2020-03-31": "5374000"}], "OtherAssetsNoncurrent": [{"2019-12-31": "472750.0"}, {"2020-12-31": "1037500.0"}, {"2021-12-31": "719500.0"}, {"2020-03-31": "1150000"}], "DeferredCosts": [{"2019-12-31": "255250.0"}, {"2020-12-31": "18500.0"}, {"2021-12-31": "0.0"}, {"2020-03-31": "1156000"}], "DeferredIncomeTaxAssetsNet": [{"2019-12-31": "190250.0"}, {"2020-12-31": "227250.0"}, {"2021-12-31": "181750.0"}, {"2020-03-31": "752000"}], "IntangibleAssetsNetExcludingGoodwill": [{"2019-12-31": "4821500.0"}, {"2020-03-31": "18016000"}], "Goodwill": [{"2019-12-31": "15607000.0"}, {"2020-12-31": "4343750.0"}, {"2021-12-31": "4244000.0"}, {"2020-03-31": "62202000"}], "Assets": [{"2019-12-31": "39938500.0"}, {"2020-12-31": "20439000.0"}, {"2021-12-31": "17327000.0"}, {"2020-03-31": "157907000"}], "AccountsPayableCurrent": [{"2019-12-31": "1231750.0"}, {"2020-12-31": "687500.0"}, {"2021-12-31": "644500.0"}, {"2020-03-31": "4996000"}], "AccruedExpensesAndOtherCurrentLiabilities": [{"2019-12-31": "19325750.0"}, {"2020-12-31": "4462500.0"}, {"2021-12-31": "3321500.0"}, {"2020-03-31": "77127000"}], "NotesPayableRelatedPartiesClassifiedCurrent": [{"2019-12-31": "0.0"}], "DeferredRevenueCurrent": [{"2019-12-31": "1655000.0"}, {"2020-12-31": "530500.0"}, {"2021-12-31": "653500.0"}, {"2020-03-31": "6437000"}], "ShortTermBankLoansAndNotesPayable": [{"2019-12-31": "1832750.0"}, {"2020-03-31": "4797000"}], "LiabilitiesCurrent": [{"2019-12-31": "24045250.0"}, {"2020-12-31": "5680500.0"}, {"2021-12-31": "4619500.0"}, {"2020-03-31": "93357000"}], "DeferredRevenueNoncurrent": [{"2019-12-31": "24000.0"}, {"2020-12-31": "11250.0"}, {"2021-12-31": "45750.0"}, {"2020-03-31": "287000"}], "DeferredRentCreditNoncurrent": [{"2019-12-31": "0.0"}], "DeferredIncomeTaxLiabilitiesNet": [{"2019-12-31": "293000.0"}, {"2020-12-31": "282250.0"}, {"2021-12-31": "283000.0"}, {"2020-03-31": "1116000"}], "OperatingLeaseLiabilityNoncurrent": [{"2019-12-31": "2116500.0"}, {"2020-12-31": "1709250.0"}, {"2021-12-31": "575000.0"}, {"2020-03-31": "7770000"}], "LongTermDebt": [{"2019-12-31": "975000.0"}, {"2020-12-31": "723750.0"}, {"2021-12-31": "0.0"}, {"2020-03-31": "3900000"}], "OtherLiabilitiesNoncurrent": [{"2019-12-31": "2916500.0"}, {"2020-12-31": "560250.0"}, {"2021-12-31": "285500.0"}, {"2020-03-31": "8420000"}], "Liabilities": [{"2019-12-31": "30370250.0"}, {"2020-12-31": "8967250.0"}, {"2021-12-31": "5808750.0"}, {"2020-03-31": "114850000"}], "CommitmentsAndContingencies": [], "PreferredStockValue": [{"2019-12-31": "0.0"}, {"2020-12-31": "0.0"}, {"2021-12-31": "0.0"}, {"2020-03-31": "0"}], "CommonStockValue": [{"2019-12-31": "9500.0"}, {"2020-12-31": "9500.0"}, {"2021-12-31": "11750.0"}, {"2020-03-31": "38000"}], "AdditionalPaidInCapital": [{"2019-12-31": "161017500.0"}, {"2020-12-31": "163901500.0"}, {"2021-12-31": "169595250.0"}, {"2020-03-31": "654442000"}], "AccumulatedOtherComprehensiveIncomeLossNetOfTax": [{"2019-12-31": "-15330750.0"}, {"2020-12-31": "-15160250.0"}, {"2021-12-31": "-15380000.0"}, {"2020-03-31": "-62230000"}], "RetainedEarningsAccumulatedDeficit": [{"2019-12-31": "-136002500.0"}, {"2020-12-31": "-137215500.0"}, {"2021-12-31": "-142710750.0"}, {"2020-03-31": "-548652000"}], "StockholdersEquity": [{"2019-12-31": "9693750.0"}, {"2020-12-31": "11537250.0"}, {"2021-12-31": "11518250.0"}, {"2020-03-31": "43606000"}], "MinorityInterest": [{"2019-12-31": "-125500.0"}, {"2020-12-31": "-65500.0"}, {"2021-12-31": "0.0"}, {"2020-03-31": "-549000"}], "StockholdersEquityIncludingPortionAttributableToNoncontrollingInterest": [{"2019-12-31": "9568250.0"}, {"2020-12-31": "11471750.0"}, {"2021-12-31": "11518250.0"}, {"2020-03-31": "43057000"}], "LiabilitiesAndStockholdersEquity": [{"2019-12-31": "39938500.0"}, {"2020-12-31": "20439000.0"}, {"2021-12-31": "17327000.0"}, {"2020-03-31": "157907000"}], "MarketableSecurities": [{"2020-12-31": "2491250.0"}, {"2021-12-31": "438750.0"}], "AssetsOfDisposalGroupIncludingDiscontinuedOperationCurrent": [{"2020-12-31": "0.0"}], "DisposalGroupIncludingDiscontinuedOperationAssetsNoncurrent": [{"2020-12-31": "0.0"}], "LiabilitiesOfDisposalGroupIncludingDiscontinuedOperationCurrent": [{"2020-12-31": "0.0"}], "LiabilitiesOfDisposalGroupIncludingDiscontinuedOperationNoncurrent": [{"2020-12-31": "0.0"}], "AllowanceForDoubtfulAccountsReceivableCurrent": [], "PreferredStockParOrStatedValuePerShare": []}, "StatementsOfCashFlows": {"ProfitLoss": [{"2019-12-31": "-5314500.0"}, {"2020-03-31": "-4689000"}], "DepreciationAndAmortization": [{"2019-12-31": "1458500.0"}, {"2020-12-31": "236000.0"}, {"2021-12-31": "187250.0"}, {"2020-03-31": "1436000"}], "ShareBasedCompensation": [{"2019-12-31": "720250.0"}, {"2020-12-31": "355000.0"}, {"2021-12-31": "1056000.0"}, {"2020-03-31": "380000"}], "IncomeLossFromEquityMethodInvestments": [{"2019-12-31": "0.0"}], "NonCashPortionOfGainLossOnExcessFacilities": [{"2019-12-31": "0.0"}], "DeferredIncomeTaxExpenseBenefit": [{"2019-12-31": "-7500.0"}], "GainLossOnSaleOfInvestments": [{"2019-12-31": "3084500.0"}, {"2020-12-31": "27750.0"}, {"2021-12-31": "-1231750.0"}], "ForeignCurrencyTransactionGainLossBeforeTax": [{"2019-12-31": "77500.0"}, {"2020-12-31": "-82500.0"}, {"2021-12-31": "5750.0"}], "BusinessCombinationContingentConsiderationArrangementsChangeInAmountOfContingentConsiderationLiability1": [{"2019-12-31": "250000.0"}, {"2020-12-31": "-2150000.0"}, {"2021-12-31": "-260000.0"}, {"2020-03-31": "-300000"}], "FairValueAdjustmentOfWarrants": [{"2019-12-31": "0.0"}], "IncreaseDecreaseInAccountsReceivable": [{"2019-12-31": "-772250.0"}, {"2020-12-31": "-646750.0"}, {"2021-12-31": "-130750.0"}, {"2020-03-31": "-2256000"}], "IncreaseDecreaseInPrepaidDeferredExpenseAndOtherAssets": [{"2019-12-31": "-1270750.0"}, {"2020-12-31": "-929000.0"}, {"2021-12-31": "-583000.0"}, {"2020-03-31": "535000"}], "IncreaseDecreaseInAccountsPayable": [{"2019-12-31": "60750.0"}, {"2020-12-31": "-335500.0"}, {"2021-12-31": "-20750.0"}, {"2020-03-31": "149000"}], "IncreaseDecreaseInAccruedLiabilitiesAndOtherOperatingLiabilities": [{"2019-12-31": "-2391000.0"}, {"2020-12-31": "-694250.0"}, {"2021-12-31": "158500.0"}, {"2020-03-31": "-2554000"}], "NetCashProvidedByUsedInOperatingActivities": [{"2019-12-31": "-6342500.0"}, {"2020-12-31": "-2659500.0"}, {"2021-12-31": "-3760250.0"}, {"2020-03-31": "-4624000"}], "PaymentsToAcquirePropertyPlantAndEquipment": [{"2019-12-31": "298000.0"}, {"2020-12-31": "102000.0"}, {"2021-12-31": "116500.0"}, {"2020-03-31": "94000"}], "ProceedsFromSaleMaturityAndCollectionOfShorttermInvestments": [{"2019-12-31": "6000.0"}, {"2020-12-31": "0.0"}, {"2020-03-31": "0"}], "PaymentsToAcquireBusinessesNetOfCashAcquired": [{"2019-12-31": "-3062250.0"}, {"2020-12-31": "0.0"}, {"2020-03-31": "0"}], "NetCashProvidedByUsedInInvestingActivities": [{"2019-12-31": "2770250.0"}, {"2020-12-31": "-642000.0"}, {"2021-12-31": "186500.0"}, {"2020-03-31": "-94000"}], "ProceedsFromStockOptionsExercised": [{"2019-12-31": "49750.0"}, {"2020-12-31": "0.0"}, {"2021-12-31": "133500.0"}], "PaymentsRelatedToTaxWithholdingForShareBasedCompensation": [{"2019-12-31": "77250.0"}, {"2020-12-31": "6500.0"}, {"2021-12-31": "46500.0"}, {"2020-03-31": "0"}], "ProceedsFromNotesPayable": [{"2019-12-31": "10300250.0"}, {"2020-12-31": "719000.0"}, {"2021-12-31": "0.0"}, {"2020-03-31": "8768000"}], "RepaymentsOfNotesPayable": [{"2019-12-31": "10498000.0"}, {"2020-12-31": "980500.0"}, {"2021-12-31": "0.0"}, {"2020-03-31": "11172000"}], "PaymentsOfFinancingCosts": [{"2019-12-31": "155500.0"}, {"2020-12-31": "0.0"}], "ProceedsFromPaymentsForOtherFinancingActivities": [{"2019-12-31": "225000.0"}, {"2020-12-31": "526500.0"}, {"2021-12-31": "0.0"}, {"2020-03-31": "0"}], "NetCashProvidedByUsedInFinancingActivities": [{"2019-12-31": "-155750.0"}, {"2020-12-31": "3994750.0"}, {"2021-12-31": "4490500.0"}, {"2020-03-31": "7596000"}], "EffectOfExchangeRateOnCashAndCashEquivalents": [{"2019-12-31": "-25000.0"}, {"2020-12-31": "154500.0"}, {"2021-12-31": "-124500.0"}, {"2020-03-31": "-637000"}], "CashCashEquivalentsRestrictedCashAndRestrictedCashEquivalentsPeriodIncreaseDecreaseIncludingExchangeRateEffect": [{"2019-12-31": "-3753000.0"}, {"2020-12-31": "847750.0"}, {"2021-12-31": "792250.0"}, {"2020-03-31": "2241000"}], "CashCashEquivalentsRestrictedCashAndRestrictedCashEquivalents": [{"2019-12-31": "5544750.0"}, {"2020-12-31": "6392500.0"}, {"2020-03-31": "24420000"}], "ProceedsFromIncomeTaxRefunds": [{"2019-12-31": "564000.0"}, {"2020-12-31": "542250.0"}, {"2021-12-31": "11250.0"}], "IncomeTaxesPaid": [{"2019-12-31": "298750.0"}, {"2020-12-31": "265750.0"}, {"2021-12-31": "135000.0"}], "InterestPaidNet": [{"2019-12-31": "103000.0"}, {"2020-12-31": "79250.0"}, {"2021-12-31": "0.0"}], "IncreaseDecreaseinCapitalExpendituresIncurredbutNotyetPaid": [{"2019-12-31": "-20750.0"}, {"2020-12-31": "-11000.0"}, {"2021-12-31": "-12000.0"}], "IncomeLossFromContinuingOperationsIncludingPortionAttributableToNoncontrollingInterest": [{"2020-12-31": "-1278500.0"}, {"2021-12-31": "-5373000.0"}], "OperatingLeaseImpairmentLoss": [{"2020-12-31": "263750.0"}, {"2021-12-31": "615250.0"}], "NetCashProvidedByUsedInOperatingActivitiesContinuingOperations": [{"2020-12-31": "-2020750.0"}, {"2021-12-31": "-3760250.0"}], "CashProvidedByUsedInOperatingActivitiesDiscontinuedOperations": [{"2020-12-31": "-638750.0"}, {"2021-12-31": "0.0"}], "NetCashProvidedByUsedInInvestingActivitiesContinuingOperations": [{"2020-12-31": "-102000.0"}, {"2021-12-31": "-325500.0"}], "CashProvidedByUsedInInvestingActivitiesDiscontinuedOperations": [{"2020-12-31": "-540000.0"}, {"2021-12-31": "512000.0"}], "ProceedsFromIssuanceOfPreferredStockAndPreferenceStock": [{"2020-12-31": "2500000.0"}, {"2021-12-31": "0.0"}, {"2020-03-31": "10000000"}], "NetCashProvidedByUsedInFinancingActivitiesContinuingOperations": [{"2020-12-31": "2758500.0"}, {"2021-12-31": "4490500.0"}], "CashProvidedByUsedInFinancingActivitiesDiscontinuedOperations": [{"2020-12-31": "1236250.0"}, {"2021-12-31": "0.0"}], "CashCashEquivalentsRestrictedCashAndRestrictedCashEquivalentsIncludingDisposalGroupAndDiscontinuedOperations": [{"2020-12-31": "6392500.0"}, {"2021-12-31": "7184750.0"}], "CashCashEquivalentsRestrictedCashAndRestrictedCashEquivalentsDisposalGroupIncludingDiscontinuedOperations": [{"2020-12-31": "0.0"}], "NoncashOrPartNoncashAcquisitionIntangibleAssetsAcquired1": [{"2020-12-31": "0.0"}], "NoncashOrPartNoncashAcquisitionInvestmentsAcquired1": [{"2020-12-31": "2317000.0"}, {"2021-12-31": "0.0"}], "UsGaap_DeferredIncomeTaxExpenseBenefitcontinuingOperations": [{"2020-12-31": "-47750.0"}, {"2021-12-31": "50250.0"}], "IncreaseDecreaseInOperatingLeaseLiability": [{"2021-12-31": "-899000.0"}], "DeconsolidationGainOrLossAmount": [{"2021-12-31": "-490250.0"}], "GainsLossesOnExtinguishmentOfDebt": [{"2021-12-31": "724250.0"}], "ProceedsFromIssuanceOrSaleOfEquity": [{"2021-12-31": "5028500.0"}], "PaymentForContingentConsiderationLiabilityFinancingActivities": [{"2021-12-31": "-625000.0"}], "CashDivestedFromDeconsolidation": [{"2021-12-31": "-209000.0"}], "EquityMethodInvestmentRealizedGainLossOnDisposal": [{"2020-03-31": "0"}], "ForeignCurrencyTransactionGainLossRealized": [{"2020-03-31": "767000"}], "GainLossOnInvestments": [], "ContingentConsiderationSettlementCash": []}, "Analytics": {"PE": -1.179800033569336, "PM": {"2021-01-01SEP2021-12-31": 0.5575488454706927, "2020-01-01SEP2020-12-31": 0.7120520863035833, "2019-01-01SEP2019-12-31": 0.6710983663538408, "2018-01-01SEP2018-12-31": 1.0200094607379375}, "Revenue": {"2021-01-01SEP2021-12-31": "12556000", "2020-01-01SEP2020-12-31": "14983000", "2019-01-01SEP2019-12-31": "15446000", "2018-01-01SEP2018-12-31": "21563000", "2019-01-18SEP2019-12-31": "106300000", "2019-10-01SEP2019-12-31": "43400000"}, "ebit": {"2021-01-01SEP2021-12-31": "-14139000"}, "ebitda": {"2021-01-01SEP2021-12-31": "-14139000749000"}, "high_low": {"high": 6.619999885559082, "low": 5.949999809265137}, "roce": -27.816250245917768, "company_details": {"summary": "RealNetworks, Inc. provides digital media software and services in the United States, Europe, and internationally. Its Consumer Media segment offers RealPlayer media player, a software that enables consumers to discover, play, download, manage, and edit digital video, stream audio and video, download and save photos and videos from the web, transfer and share content on social networks, and edit their own photo and video content. This segment also licenses its codec technology to electronic equipment, microchip, and integrated circuit manufacturers. The company's Mobile Services segment provides digital media services to mobile and online service providers as software as a service offerings, which include intercarrier messaging services; Kontxt, a text message management, anti-spam, and classification product; ringback tone that enables callers to hear subscriber-selected music or messages; business intelligence, and subscriber management and billing for the carriers; RealTimes, a photo and video sharing platform that offers to wireless carriers for integration in their hosted cloud solutions; and SAFR, a computer vision platform. Its Games segment develops, publishes, and distributes casual games, including time-management, board, card, puzzle, word, and hidden-object games. It offers its casual games through mobile devices, digital downloads, and subscription play. RealNetworks, Inc. provides its products and services through direct and indirect channels comprising public relations, trade shows, events, and speaking opportunities; online channels, including social media; third party distribution partners; and third-party distribution channels, such as application storefronts, search engines, online portals, and content publishers. It offers its software and services to consumers, mobile carriers, device manufacturers, system integrators, and other businesses. The company was incorporated in 1994 and is headquartered in Seattle, Washington.", "market_cap": 27712676, "dividend_yield": null}}, "Q&A": [["What is % of shares ?", "100%"], ["What is initial cash consideration ?", "$1.0 million"], ["What is lease liabilities ?", "current 4,805"], ["What is executory inclusive costs ?", "$5.1 million"], ["What is annual rate of % ?", "15%"], ["What is acquisition if proceeds ?", "less than $15 million"], ["What is % equity interest in Effective settlement ?", "42%"], ["What is sale of Napster ?", "$1.9 million"]], "Sentiment": {"lexical": {"10-K": {"2017-02-27": {"fog_idx": "5.419828421", "pos_word_prop": "0.023503078", "neg_word_prop": "0.047317043", "uncertain_word_prop": "0.026052353", "constrain_word_prop": "0.015357831", "lit_word_prop": "0.028601629", "interesting_word_prop": "0.015357831"}, "2022-02-25": {"fog_idx": "5.997310553", "pos_word_prop": "0.025699259", "neg_word_prop": "0.050621563", "uncertain_word_prop": "0.027133636", "constrain_word_prop": "0.018348076", "lit_word_prop": "0.033528568", "interesting_word_prop": "0.018348076"}, "2021-03-15": {"fog_idx": "6.032339065", "pos_word_prop": "0.023768148", "neg_word_prop": "0.043948652", "uncertain_word_prop": "0.026290711", "constrain_word_prop": "0.017938225", "lit_word_prop": "0.031896407", "interesting_word_prop": "0.017938225"}, "2020-03-30": {"fog_idx": "6.08772779", "pos_word_prop": "0.024116599", "neg_word_prop": "0.044301143", "uncertain_word_prop": "0.029516619", "constrain_word_prop": "0.017301038", "lit_word_prop": "0.032557408", "interesting_word_prop": "0.017301038"}, "2019-03-08": {"fog_idx": "5.294374402", "pos_word_prop": "0.023955539", "neg_word_prop": "0.044780887", "uncertain_word_prop": "0.023636131", "constrain_word_prop": "0.015778715", "lit_word_prop": "0.031621311", "interesting_word_prop": "0.015778715"}, "2018-02-27": {"fog_idx": "5.516204831", "pos_word_prop": "0.024402422", "neg_word_prop": "0.046433252", "uncertain_word_prop": "0.025026524", "constrain_word_prop": "0.015789802", "lit_word_prop": "0.029145603", "interesting_word_prop": "0.015789802"}}, "10-Q": {"2021-11-04": {"fog_idx": "5.88349887", "pos_word_prop": "0.021470854", "neg_word_prop": "0.050366208", "uncertain_word_prop": "0.030400321", "constrain_word_prop": "0.017658272", "lit_word_prop": "0.031303301", "interesting_word_prop": "0.017658272"}, "2021-08-05": {"fog_idx": "5.906291094", "pos_word_prop": "0.022172269", "neg_word_prop": "0.050883825", "uncertain_word_prop": "0.030959436", "constrain_word_prop": "0.018085215", "lit_word_prop": "0.03167467", "interesting_word_prop": "0.018085215"}, "2021-05-13": {"fog_idx": "6.214690762", "pos_word_prop": "0.022406181", "neg_word_prop": "0.051545254", "uncertain_word_prop": "0.032560706", "constrain_word_prop": "0.018984547", "lit_word_prop": "0.030905077", "interesting_word_prop": "0.018984547"}, "2020-11-04": {"fog_idx": "6.275124766", "pos_word_prop": "0.02408395", "neg_word_prop": "0.054360915", "uncertain_word_prop": "0.032857389", "constrain_word_prop": "0.017976948", "lit_word_prop": "0.035351798", "interesting_word_prop": "0.017976948"}, "2020-08-06": {"fog_idx": "6.095390669", "pos_word_prop": "0.02363903", "neg_word_prop": "0.053489777", "uncertain_word_prop": "0.031748771", "constrain_word_prop": "0.017254767", "lit_word_prop": "0.033474247", "interesting_word_prop": "0.017254767"}, "2020-05-07": {"fog_idx": "6.48960639", "pos_word_prop": "0.024086604", "neg_word_prop": "0.056562923", "uncertain_word_prop": "0.032746955", "constrain_word_prop": "0.017952188", "lit_word_prop": "0.034190347", "interesting_word_prop": "0.017952188"}, "2019-10-31": {"fog_idx": "5.891524024", "pos_word_prop": "0.020395207", "neg_word_prop": "0.046504246", "uncertain_word_prop": "0.031981589", "constrain_word_prop": "0.016665344", "lit_word_prop": "0.033489406", "interesting_word_prop": "0.016665344"}, "2019-08-05": {"fog_idx": "5.952541336", "pos_word_prop": "0.020835022", "neg_word_prop": "0.046453182", "uncertain_word_prop": "0.03250912", "constrain_word_prop": "0.016376165", "lit_word_prop": "0.033887313", "interesting_word_prop": "0.016376165"}, "2019-05-08": {"fog_idx": "6.371083003", "pos_word_prop": "0.021194777", "neg_word_prop": "0.050169916", "uncertain_word_prop": "0.034430334", "constrain_word_prop": "0.01752817", "lit_word_prop": "0.035771776", "interesting_word_prop": "0.01752817"}, "2018-11-08": {"fog_idx": "5.757331209", "pos_word_prop": "0.021508544", "neg_word_prop": "0.051365154", "uncertain_word_prop": "0.027597721", "constrain_word_prop": "0.016401493", "lit_word_prop": "0.033097623", "interesting_word_prop": "0.016401493"}, "2018-08-02": {"fog_idx": "5.758107007", "pos_word_prop": "0.02209073", "neg_word_prop": "0.052071006", "uncertain_word_prop": "0.027810651", "constrain_word_prop": "0.016272189", "lit_word_prop": "0.03382643", "interesting_word_prop": "0.016272189"}, "2017-11-02": {"fog_idx": "5.351189052", "pos_word_prop": "0.015261732", "neg_word_prop": "0.035800884", "uncertain_word_prop": "0.026529739", "constrain_word_prop": "0.014976466", "lit_word_prop": "0.024818143", "interesting_word_prop": "0.014976466"}, "2017-08-04": {"fog_idx": "5.426834568", "pos_word_prop": "0.015086526", "neg_word_prop": "0.035941429", "uncertain_word_prop": "0.027362816", "constrain_word_prop": "0.015530247", "lit_word_prop": "0.025587931", "interesting_word_prop": "0.015530247"}, "2017-05-04": {"fog_idx": "5.965206804", "pos_word_prop": "0.014399206", "neg_word_prop": "0.03939093", "uncertain_word_prop": "0.030619", "constrain_word_prop": "0.017212843", "lit_word_prop": "0.027805362", "interesting_word_prop": "0.017212843"}, "2018-05-04": {"fog_idx": "6.299082996", "pos_word_prop": "0.022102937", "neg_word_prop": "0.055152089", "uncertain_word_prop": "0.029154826", "constrain_word_prop": "0.017366593", "lit_word_prop": "0.034627934", "interesting_word_prop": "0.017366593"}}}, "similarity": {"10-K": {"date": "['2018-02-27', '2019-03-08', '2020-03-30', '2021-03-15', '2022-02-25']", "sim_index": "{'negative': [0.9178082191780822, 0.8767123287671232, 0.9285714285714286, 0.7976190476190477, 0.9195402298850575], 'positive': [0.7058823529411765, 0.9285714285714286, 0.7647058823529411, 0.85, 0.9047619047619048], 'uncertainty': [0.8571428571428571, 0.9230769230769231, 0.9230769230769231, 0.9166666666666666, 0.9166666666666666], 'litigious': [0.96, 0.92, 0.9166666666666666, 0.8518518518518519, 0.8620689655172413], 'constraining': [1.0, 0.8333333333333334, 0.8333333333333334, 0.9230769230769231, 1.0], 'interesting': [0.8, 0.6, 1.0, 0.8, 1.0] , 'consistency': [0.7938378740985345, 0.7620657469388138, 0.9006653875542734, 0.8591292169505492, 0.914045358081914]}"}, "10-Q": {"date": "['2017-08-04', '2017-11-02', '2018-05-04', '2018-08-02', '2018-11-08', '2019-05-08', '2019-08-05', '2019-10-31', '2020-05-07', '2020-08-06', '2020-11-04', '2021-05-13', '2021-08-05', '2021-11-04']", "sim_index": "{'negative': [0.5833333333333334, 0.72, 0.4444444444444444, 0.9375, 0.8888888888888888, 0.75, 0.625, 0.88, 0.5128205128205128, 0.8205128205128205, 0.972972972972973, 0.5405405405405406, 0.8076923076923077, 0.8928571428571429], 'positive': [0.8571428571428571, 0.75, 0.6666666666666666, 1.0, 0.8888888888888888, 1.0, 0.75, 1.0, 0.9166666666666666, 1.0, 1.0, 0.9090909090909091, 0.9090909090909091, 0.9090909090909091], 'uncertainty': [1.0, 0.8181818181818182, 0.9, 1.0, 0.9090909090909091, 0.8333333333333334, 0.9166666666666666, 0.9166666666666666, 0.8333333333333334, 0.75, 1.0, 0.8, 1.0, 1.0], 'litigious': [0.7692307692307693, 0.9230769230769231, 0.7692307692307693, 1.0, 1.0, 0.6666666666666666, 1.0, 0.9090909090909091, 0.7142857142857143, 0.8, 1.0, 1.0, 0.7777777777777778, 0.9], 'constraining': [0.6666666666666666, 0.8571428571428571, 1.0, 1.0, 1.0, 1.0, 0.6363636363636364, 1.0, 0.75, 0.9090909090909091, 1.0, 0.6363636363636364, 1.0, 1.0], 'interesting': [1.0, 1.0, 1.0, 1.0, 1.0, 1.0, 0.6666666666666666, 1.0, 0.6666666666666666, 1.0, 1.0, 1.0, 1.0, 1.0] , 'consistency': [0.8989433697425516, 0.910817697376933, 0.8365568180333707, 0.9845569979921579, 0.9235347671413802, 0.8861632435487182, 0.8808811291249758, 0.9414031134005313, 0.8149717164451731, 0.9073754487303308, 0.9740305436974168, 0.8816228900870566, 0.9506979847219806, 0.9548189148460402]}"}}}}