{"StatementsOfIncome": {"Revenues": [], "ResearchAndDevelopmentExpense": [{"2021-09-30": "173000.0"}, {"2021-12-31": "82000"}], "OtherAssetImpairmentCharges": [{"2021-09-30": "32000.0"}], "ProfessionalFees": [{"2021-09-30": "231000.0"}], "GeneralAndAdministrativeExpense": [{"2021-09-30": "1400750.0"}, {"2021-12-31": "1701000"}], "OperatingIncomeLoss": [{"2021-09-30": "-1836750.0"}, {"2021-12-31": "-1783000"}], "GainsLossesOnExtinguishmentOfDebt": [], "AmortizationOfDebtDiscountPremium": [{"2021-09-30": "93750.0"}, {"2021-12-31": "27000"}], "GainLossOnInvestments": [{"2021-09-30": "-4500.0"}], "InvestmentIncomeInterest": [{"2021-09-30": "10250.0"}, {"2021-12-31": "21000"}], "NonoperatingIncomeExpense": [{"2021-09-30": "-88000.0"}, {"2021-12-31": "-221000"}], "IncomeLossFromContinuingOperationsBeforeIncomeTaxesMinorityInterestAndIncomeLossFromEquityMethodInvestments": [{"2021-09-30": "-1924750.0"}, {"2021-12-31": "-2004000"}], "IncomeLossFromEquityMethodInvestments": [{"2021-09-30": "-21750.0"}, {"2021-12-31": "-105000"}], "NetIncomeLoss": [{"2021-09-30": "-1946500.0"}, {"2021-12-31": "-2109000"}], "EarningsPerShareBasicAndDiluted": [{"2021-12-31": "-0.01"}], "WeightedAverageNumberOfShareOutstandingBasicAndDiluted": [{"2021-09-30": "59712695.5"}, {"2021-12-31": "292990766"}], "ExtinguishmentOfDebtGainLossNetOfTax": [{"2021-12-31": "146000"}], "InterestExpense": [{"2021-12-31": "69000"}]}, "BalanceSheets": {"Cash": [{"2021-09-30": "105500.0"}, {"2021-12-31": "726000"}], "PrepaidExpenseCurrent": [{"2021-09-30": "25500.0"}, {"2021-12-31": "243000"}], "NotesReceivableRelatedPartiesCurrent": [{"2021-09-30": "139000.0"}, {"2021-12-31": "152000"}], "AssetsCurrent": [{"2021-09-30": "270000.0"}, {"2021-12-31": "1121000"}], "InvestmentInAndOptionToAcquireCommonSharesWinnersInc.RelatedParty": [], "EquityMethodInvestments": [{"2021-09-30": "26250.0"}], "Assets": [{"2021-09-30": "296250.0"}, {"2021-12-31": "1121000"}], "AccountsPayableAndAccruedLiabilitiesCurrent": [{"2021-09-30": "51750.0"}, {"2021-12-31": "181000"}], "AccountsPayableRelatedPartiesCurrent": [], "CustomerAdvancesOrDepositsNoncurrent": [], "LiabilitiesCurrent": [{"2021-09-30": "51750.0"}, {"2021-12-31": "925000"}], "Liabilities": [{"2021-09-30": "51750.0"}, {"2021-12-31": "925000"}], "CommitmentsAndContingencies": [], "TemporaryEquityCarryingAmountAttributableToParent": [{"2021-09-30": "12500.0"}, {"2021-12-31": "50000"}], "CommonStockValue": [{"2021-09-30": "7000.0"}, {"2021-12-31": "30000"}], "CommonStockIssuable": [], "AdditionalPaidInCapital": [{"2021-09-30": "3616000.0"}, {"2021-12-31": "15789000"}], "RetainedEarningsAccumulatedDeficit": [{"2021-09-30": "-3391000.0"}, {"2021-12-31": "-15673000"}], "StockholdersEquity": [{"2021-09-30": "232000.0"}, {"2021-12-31": "146000"}], "LiabilitiesAndStockholdersEquity": [{"2021-09-30": "296250.0"}, {"2021-12-31": "1121000"}], "ConvertibleNotesPayableCurrent": [{"2021-12-31": "744000"}]}, "StatementsOfCashFlows": {"ProfitLoss": [{"2021-09-30": "-1946500.0"}, {"2021-12-31": "-2109000"}], "AmortizationOfDebtDiscountPremium": [{"2021-09-30": "93750.0"}, {"2021-12-31": "27000"}], "ExtinguishmentOfDebtGainLossNetOfTax": [{"2021-12-31": "146000"}], "StockBasedContingentConsideration": [{"2021-09-30": "592500.0"}], "AmortizationOfPrepaidStockCompensation": [], "ShareBasedCompensation": [{"2021-09-30": "55250.0"}, {"2021-12-31": "423000"}], "FinanceLeaseImpairmentLoss": [{"2021-09-30": "32000.0"}], "IncomeLossFromEquityMethodInvestments": [{"2021-09-30": "-21750.0"}, {"2021-12-31": "-105000"}], "ChangeInFairValueInvestment": [{"2021-09-30": "4500.0"}], "IncreaseDecreaseInPrepaidExpense": [{"2021-09-30": "-250750.0"}, {"2021-12-31": "141000"}], "IncreaseDecreaseInAccruedInterestReceivableNet": [{"2021-09-30": "10250.0"}, {"2021-12-31": "21000"}], "IncreaseDecreaseInAccountsPayableAndAccruedLiabilities": [{"2021-09-30": "15750.0"}, {"2021-12-31": "-17000"}], "IncreaseDecreaseInAccountsPayableRelatedParties": [], "IncreaseDecreaseInDueToOfficersAndStockholders": [], "NetCashProvidedByUsedInOperatingActivities": [{"2021-09-30": "-890500.0"}, {"2021-12-31": "-1525000"}], "DepositForOptionToAcquireCommonSharesWinnersInc.": [], "InvestmentInWinnersInc.": [{"2021-09-30": "18750.0"}], "PaymentsForAdvanceToAffiliate": [{"2021-09-30": "78750.0"}], "ProceedsFromCollectionOfAdvanceToAffiliate": [{"2021-12-31": "425000"}], "NetCashProvidedByUsedInInvestingActivities": [{"2021-09-30": "-97500.0"}, {"2021-12-31": "425000"}], "ProceedsFromNotesPayable": [{"2021-09-30": "375000.0"}, {"2021-12-31": "654000"}], "RepaymentsOfNotesPayable": [{"2021-09-30": "31250.0"}], "RepaymentsOfRelatedPartyDebt": [{"2021-09-30": "2250.0"}], "PaymentsOfLoanCosts": [{"2021-09-30": "1750.0"}], "ProceedsFromIssuanceOfPrivatePlacement": [{"2021-12-31": "750000"}], "ProceedsFromIssuanceOfPreferredStockAndPreferenceStock": [], "NetCashProvidedByUsedInFinancingActivities": [{"2021-09-30": "339750.0"}, {"2021-12-31": "1404000"}], "CashCashEquivalentsRestrictedCashAndRestrictedCashEquivalentsPeriodIncreaseDecreaseExcludingExchangeRateEffect": [{"2021-09-30": "-648250.0"}, {"2021-12-31": "304000"}], "CashCashEquivalentsRestrictedCashAndRestrictedCashEquivalents": [{"2021-09-30": "105500.0"}, {"2021-12-31": "726000"}], "InterestPaidNet": [], "IncomeTaxesPaidNet": [], "FairValueOfCommonStockIssuedForDebtSettlement": [{"2021-09-30": "437500.0"}], "FairValueOfCommonStockIssuedAccountedAsPrepaidStockCompensation": [], "FairValueOfCommonStockIssuedForAcquisitionOfSubsidiary": [{"2021-09-30": "32000.0"}], "AmortizationOfFinancingCostsAndDiscounts": [{"2021-12-31": "62000"}], "DividendsCommonStockStock": [{"2021-12-31": "9000"}], "NoncashOrPartNoncashAcquisitionDebtAssumed1": [{"2021-12-31": "131000"}]}, "Analytics": {"PE": null, "PM": null, "Revenue": null, "ebit": {"2020-10-01SEP2021-09-30": "-7347000"}, "ebitda": null, "high_low": null, "roce": null, "company_details": null}, "Q&A": null, "Sentiment": {"lexical": {"10-K": {"2022-02-10": {"fog_idx": "5.223463553", "pos_word_prop": "0.027480916", "neg_word_prop": "0.039525021", "uncertain_word_prop": "0.020780322", "constrain_word_prop": "0.012383376", "lit_word_prop": "0.02374894", "interesting_word_prop": "0.012383376"}, "2017-08-31": {"fog_idx": "6.072501037", "pos_word_prop": "0.027446527", "neg_word_prop": "0.043157297", "uncertain_word_prop": "0.026500095", "constrain_word_prop": "0.014196479", "lit_word_prop": "0.029717963", "interesting_word_prop": "0.014196479"}}, "10-Q": {"2022-02-22": {"fog_idx": "5.480849726", "pos_word_prop": "0.020732797", "neg_word_prop": "0.030205541", "uncertain_word_prop": "0.018409294", "constrain_word_prop": "0.011974978", "lit_word_prop": "0.023771224", "interesting_word_prop": "0.011974978"}, "2017-08-31": {"fog_idx": "6.202961056", "pos_word_prop": "0.018688982", "neg_word_prop": "0.031799163", "uncertain_word_prop": "0.017852162", "constrain_word_prop": "0.011715481", "lit_word_prop": "0.020083682", "interesting_word_prop": "0.011715481"}}}, "similarity": {"10-K": {"date": "['2022-02-10']", "sim_index": "{'negative': [0.9178082191780822, 0.8767123287671232, 0.9285714285714286, 0.7976190476190477, 0.9195402298850575], 'positive': [0.7058823529411765, 0.9285714285714286, 0.7647058823529411, 0.85, 0.9047619047619048], 'uncertainty': [0.8571428571428571, 0.9230769230769231, 0.9230769230769231, 0.9166666666666666, 0.9166666666666666], 'litigious': [0.96, 0.92, 0.9166666666666666, 0.8518518518518519, 0.8620689655172413], 'constraining': [1.0, 0.8333333333333334, 0.8333333333333334, 0.9230769230769231, 1.0], 'interesting': [0.8, 0.6, 1.0, 0.8, 1.0] , 'consistency': [0.7938378740985345, 0.7620657469388138, 0.9006653875542734, 0.8591292169505492, 0.914045358081914]}"}, "10-Q": {"date": "['2017-08-31', '2017-08-31', '2022-02-22']", "sim_index": "{'negative': [0.5833333333333334, 0.72, 0.4444444444444444, 0.9375, 0.8888888888888888, 0.75, 0.625, 0.88, 0.5128205128205128, 0.8205128205128205, 0.972972972972973, 0.5405405405405406, 0.8076923076923077, 0.8928571428571429], 'positive': [0.8571428571428571, 0.75, 0.6666666666666666, 1.0, 0.8888888888888888, 1.0, 0.75, 1.0, 0.9166666666666666, 1.0, 1.0, 0.9090909090909091, 0.9090909090909091, 0.9090909090909091], 'uncertainty': [1.0, 0.8181818181818182, 0.9, 1.0, 0.9090909090909091, 0.8333333333333334, 0.9166666666666666, 0.9166666666666666, 0.8333333333333334, 0.75, 1.0, 0.8, 1.0, 1.0], 'litigious': [0.7692307692307693, 0.9230769230769231, 0.7692307692307693, 1.0, 1.0, 0.6666666666666666, 1.0, 0.9090909090909091, 0.7142857142857143, 0.8, 1.0, 1.0, 0.7777777777777778, 0.9], 'constraining': [0.6666666666666666, 0.8571428571428571, 1.0, 1.0, 1.0, 1.0, 0.6363636363636364, 1.0, 0.75, 0.9090909090909091, 1.0, 0.6363636363636364, 1.0, 1.0], 'interesting': [1.0, 1.0, 1.0, 1.0, 1.0, 1.0, 0.6666666666666666, 1.0, 0.6666666666666666, 1.0, 1.0, 1.0, 1.0, 1.0] , 'consistency': [0.8989433697425516, 0.910817697376933, 0.8365568180333707, 0.9845569979921579, 0.9235347671413802, 0.8861632435487182, 0.8808811291249758, 0.9414031134005313, 0.8149717164451731, 0.9073754487303308, 0.9740305436974168, 0.8816228900870566, 0.9506979847219806, 0.9548189148460402]}"}}}}