{"company": {"cik": "0001459417", "name": "2U, Inc.", "sic": "Services-Prepackaged Software", "state_incorp": "DE", "ticker": "TWOU", "mailing_addr": "7900 HARKINS ROAD, LANHAM, MD, 20706", "category": "Large accelerated filer", "fiscal_year_end": "31, December"}, "filings": [{"form_type": "4", "filings_date": "2022-03-18", "url": "https://www.sec.gov/Archives/edgar/data/0001459417/000117911022002322/xslF345X03/edgar.xml"}, {"form_type": "4", "filings_date": "2022-03-14", "url": "https://www.sec.gov/Archives/edgar/data/0001459417/000117911022002223/xslF345X03/edgar.xml"}, {"form_type": "4", "filings_date": "2022-03-14", "url": "https://www.sec.gov/Archives/edgar/data/0001459417/000117911022002222/xslF345X03/edgar.xml"}, {"form_type": "4", "filings_date": "2022-03-14", "url": "https://www.sec.gov/Archives/edgar/data/0001459417/000117911022002221/xslF345X03/edgar.xml"}, {"form_type": "4", "filings_date": "2022-03-14", "url": "https://www.sec.gov/Archives/edgar/data/0001459417/000117911022002220/xslF345X03/edgar.xml"}, {"form_type": "4", "filings_date": "2022-03-14", "url": "https://www.sec.gov/Archives/edgar/data/0001459417/000117911022002219/xslF345X03/edgar.xml"}, {"form_type": "10-K", "filings_date": "2022-03-01", "url": "https://www.sec.gov/Archives/edgar/data/0001459417/000145941722000004/twou-20211231.htm"}, {"form_type": "4", "filings_date": "2022-02-16", "url": "https://www.sec.gov/Archives/edgar/data/0001459417/000117911022001337/xslF345X03/edgar.xml"}, {"form_type": "4", "filings_date": "2022-02-15", "url": "https://www.sec.gov/Archives/edgar/data/0001459417/000117911022001296/xslF345X03/edgar.xml"}, {"form_type": "4", "filings_date": "2022-02-14", "url": "https://www.sec.gov/Archives/edgar/data/0001459417/000117911022001189/xslF345X03/edgar.xml"}, {"form_type": "4", "filings_date": "2022-02-14", "url": "https://www.sec.gov/Archives/edgar/data/0001459417/000117911022001188/xslF345X03/edgar.xml"}, {"form_type": "SC 13G/A", "filings_date": "2022-02-14", "url": "https://www.sec.gov/Archives/edgar/data/0001459417/000117266122000675/arrowmark-twou123121a3.htm"}, {"form_type": "SC 13G/A", "filings_date": "2022-02-14", "url": "https://www.sec.gov/Archives/edgar/data/0001459417/000114036122005021/brhc10033940_sc13ga.htm"}, {"form_type": "SC 13G", "filings_date": "2022-02-11", "url": "https://www.sec.gov/Archives/edgar/data/0001459417/000090266422001491/p22-0675sc13g.htm"}, {"form_type": "8-K", "filings_date": "2022-02-09", "url": "https://www.sec.gov/Archives/edgar/data/0001459417/000119312522032646/d259606d8k.htm"}, {"form_type": "SC 13G/A", "filings_date": "2022-02-09", "url": "https://www.sec.gov/Archives/edgar/data/0001459417/000110465922016341/tv0127-2uinc.htm"}, {"form_type": "SC 13G/A", "filings_date": "2022-02-09", "url": "https://www.sec.gov/Archives/edgar/data/0001459417/000110465922016104/tm225659d16_sc13ga.htm"}, {"form_type": "SC 13G", "filings_date": "2022-02-04", "url": "https://www.sec.gov/Archives/edgar/data/0001459417/000083423722007288/us90214j1016_020422.txt"}, {"form_type": "SC 13G/A", "filings_date": "2022-02-04", "url": "https://www.sec.gov/Archives/edgar/data/0001459417/000167885822000241/SEC13G_Filing.htm"}, {"form_type": "SC 13G/A", "filings_date": "2022-02-04", "url": "https://www.sec.gov/Archives/edgar/data/0001459417/000121465922001835/twou21220sc13ga2.htm"}, {"form_type": "8-K/A", "filings_date": "2022-01-26", "url": "https://www.sec.gov/Archives/edgar/data/0001459417/000119312522018269/d289191d8ka.htm"}, {"form_type": "4", "filings_date": "2022-01-04", "url": "https://www.sec.gov/Archives/edgar/data/0001459417/000117911022000167/xslF345X03/edgar.xml"}, {"form_type": "4", "filings_date": "2022-01-04", "url": "https://www.sec.gov/Archives/edgar/data/0001459417/000117911022000165/xslF345X03/edgar.xml"}, {"form_type": "4", "filings_date": "2022-01-04", "url": "https://www.sec.gov/Archives/edgar/data/0001459417/000117911022000164/xslF345X03/edgar.xml"}, {"form_type": "4", "filings_date": "2022-01-04", "url": "https://www.sec.gov/Archives/edgar/data/0001459417/000117911022000163/xslF345X03/edgar.xml"}, {"form_type": "4", "filings_date": "2022-01-04", "url": "https://www.sec.gov/Archives/edgar/data/0001459417/000117911022000162/xslF345X03/edgar.xml"}, {"form_type": "4", "filings_date": "2021-12-03", "url": "https://www.sec.gov/Archives/edgar/data/0001459417/000117911021010598/xslF345X03/edgar.xml"}, {"form_type": "8-K", "filings_date": "2021-11-16", "url": "https://www.sec.gov/Archives/edgar/data/0001459417/000119312521331183/d221952d8k.htm"}, {"form_type": "8-K", "filings_date": "2021-11-12", "url": "https://www.sec.gov/Archives/edgar/data/0001459417/000119312521327452/d244090d8k.htm"}, {"form_type": "10-Q", "filings_date": "2021-11-09", "url": "https://www.sec.gov/Archives/edgar/data/0001459417/000145941721000014/twou-20210930.htm"}, {"form_type": "8-K", "filings_date": "2021-11-09", "url": "https://www.sec.gov/Archives/edgar/data/0001459417/000119312521324418/d165709d8k.htm"}, {"form_type": "4", "filings_date": "2021-10-15", "url": "https://www.sec.gov/Archives/edgar/data/0001459417/000117911021009465/xslF345X03/edgar.xml"}, {"form_type": "8-K", "filings_date": "2021-10-13", "url": "https://www.sec.gov/Archives/edgar/data/0001459417/000119312521297914/d329305d8k.htm"}, {"form_type": "4", "filings_date": "2021-10-05", "url": "https://www.sec.gov/Archives/edgar/data/0001459417/000117911021009247/xslF345X03/edgar.xml"}, {"form_type": "4", "filings_date": "2021-10-05", "url": "https://www.sec.gov/Archives/edgar/data/0001459417/000117911021009245/xslF345X03/edgar.xml"}, {"form_type": "4", "filings_date": "2021-10-05", "url": "https://www.sec.gov/Archives/edgar/data/0001459417/000117911021009244/xslF345X03/edgar.xml"}, {"form_type": "4", "filings_date": "2021-10-05", "url": "https://www.sec.gov/Archives/edgar/data/0001459417/000117911021009242/xslF345X03/edgar.xml"}, {"form_type": "4", "filings_date": "2021-10-05", "url": "https://www.sec.gov/Archives/edgar/data/0001459417/000117911021009241/xslF345X03/edgar.xml"}, {"form_type": "4", "filings_date": "2021-10-05", "url": "https://www.sec.gov/Archives/edgar/data/0001459417/000117911021009240/xslF345X03/edgar.xml"}, {"form_type": "S-3ASR", "filings_date": "2021-09-30", "url": "https://www.sec.gov/Archives/edgar/data/0001459417/000119312521288091/d255914ds3asr.htm"}, {"form_type": "4", "filings_date": "2021-09-03", "url": "https://www.sec.gov/Archives/edgar/data/0001459417/000117911021008628/xslF345X03/edgar.xml"}, {"form_type": "10-Q", "filings_date": "2021-07-29", "url": "https://www.sec.gov/Archives/edgar/data/0001459417/000145941721000012/twou-20210630.htm"}, {"form_type": "8-K", "filings_date": "2021-07-29", "url": "https://www.sec.gov/Archives/edgar/data/0001459417/000119312521229171/d942423d8k.htm"}, {"form_type": "4", "filings_date": "2021-07-27", "url": "https://www.sec.gov/Archives/edgar/data/0001459417/000117911021007676/xslF345X03/edgar.xml"}, {"form_type": "4", "filings_date": "2021-07-06", "url": "https://www.sec.gov/Archives/edgar/data/0001459417/000120919121045634/xslF345X03/doc4.xml"}, {"form_type": "4", "filings_date": "2021-07-06", "url": "https://www.sec.gov/Archives/edgar/data/0001459417/000120919121045633/xslF345X03/doc4.xml"}, {"form_type": "4", "filings_date": "2021-07-06", "url": "https://www.sec.gov/Archives/edgar/data/0001459417/000120919121045632/xslF345X03/doc4.xml"}, {"form_type": "4", "filings_date": "2021-07-06", "url": "https://www.sec.gov/Archives/edgar/data/0001459417/000120919121045631/xslF345X03/doc4.xml"}, {"form_type": "4", "filings_date": "2021-07-06", "url": "https://www.sec.gov/Archives/edgar/data/0001459417/000120919121045630/xslF345X03/doc4.xml"}, {"form_type": "4", "filings_date": "2021-07-02", "url": "https://www.sec.gov/Archives/edgar/data/0001459417/000120919121045208/xslF345X03/doc4.xml"}, {"form_type": "8-K", "filings_date": "2021-06-29", "url": "https://www.sec.gov/Archives/edgar/data/0001459417/000119312521202610/d189104d8k.htm"}, {"form_type": "8-K", "filings_date": "2021-06-04", "url": "https://www.sec.gov/Archives/edgar/data/0001459417/000119312521183140/d181917d8k.htm"}, {"form_type": "4", "filings_date": "2021-05-25", "url": "https://www.sec.gov/Archives/edgar/data/0001459417/000117911021005913/xslF345X03/edgar.xml"}, {"form_type": "4", "filings_date": "2021-05-07", "url": "https://www.sec.gov/Archives/edgar/data/0001459417/000120919121031095/xslF345X03/doc4.xml"}, {"form_type": "4", "filings_date": "2021-05-07", "url": "https://www.sec.gov/Archives/edgar/data/0001459417/000120919121031094/xslF345X03/doc4.xml"}, {"form_type": "4", "filings_date": "2021-05-07", "url": "https://www.sec.gov/Archives/edgar/data/0001459417/000120919121031093/xslF345X03/doc4.xml"}, {"form_type": "4", "filings_date": "2021-05-07", "url": "https://www.sec.gov/Archives/edgar/data/0001459417/000120919121031092/xslF345X03/doc4.xml"}, {"form_type": "4", "filings_date": "2021-05-07", "url": "https://www.sec.gov/Archives/edgar/data/0001459417/000120919121031091/xslF345X03/doc4.xml"}, {"form_type": "4", "filings_date": "2021-05-07", "url": "https://www.sec.gov/Archives/edgar/data/0001459417/000120919121031090/xslF345X03/doc4.xml"}, {"form_type": "4", "filings_date": "2021-05-07", "url": "https://www.sec.gov/Archives/edgar/data/0001459417/000120919121031089/xslF345X03/doc4.xml"}, {"form_type": "4", "filings_date": "2021-05-07", "url": "https://www.sec.gov/Archives/edgar/data/0001459417/000120919121031088/xslF345X03/doc4.xml"}, {"form_type": "4", "filings_date": "2021-05-07", "url": "https://www.sec.gov/Archives/edgar/data/0001459417/000120919121031087/xslF345X03/doc4.xml"}, {"form_type": "4", "filings_date": "2021-05-07", "url": "https://www.sec.gov/Archives/edgar/data/0001459417/000120919121031086/xslF345X03/doc4.xml"}, {"form_type": "4", "filings_date": "2021-05-07", "url": "https://www.sec.gov/Archives/edgar/data/0001459417/000120919121031085/xslF345X03/doc4.xml"}, {"form_type": "4/A", "filings_date": "2021-05-07", "url": "https://www.sec.gov/Archives/edgar/data/0001459417/000120919121031084/xslF345X03/doc4a.xml"}, {"form_type": "10-Q", "filings_date": "2021-04-28", "url": "https://www.sec.gov/Archives/edgar/data/0001459417/000145941721000009/twou-20210331.htm"}, {"form_type": "8-K", "filings_date": "2021-04-28", "url": "https://www.sec.gov/Archives/edgar/data/0001459417/000119312521136818/d179975d8k.htm"}, {"form_type": "DEFA14A", "filings_date": "2021-04-19", "url": "https://www.sec.gov/Archives/edgar/data/0001459417/000145941721000007/notice.htm"}, {"form_type": "DEF 14A", "filings_date": "2021-04-19", "url": "https://www.sec.gov/Archives/edgar/data/0001459417/000145941721000006/a2021proxystatement.htm"}, {"form_type": "SC 13G/A", "filings_date": "2021-04-12", "url": "https://www.sec.gov/Archives/edgar/data/0001459417/000117266121001007/arrowmark-twou033121a2.htm"}, {"form_type": "4", "filings_date": "2021-04-05", "url": "https://www.sec.gov/Archives/edgar/data/0001459417/000117911021004231/xslF345X03/edgar.xml"}, {"form_type": "4", "filings_date": "2021-04-05", "url": "https://www.sec.gov/Archives/edgar/data/0001459417/000117911021004230/xslF345X03/edgar.xml"}, {"form_type": "4", "filings_date": "2021-04-05", "url": "https://www.sec.gov/Archives/edgar/data/0001459417/000117911021004229/xslF345X03/edgar.xml"}, {"form_type": "4", "filings_date": "2021-04-05", "url": "https://www.sec.gov/Archives/edgar/data/0001459417/000117911021004228/xslF345X03/edgar.xml"}, {"form_type": "4", "filings_date": "2021-04-05", "url": "https://www.sec.gov/Archives/edgar/data/0001459417/000117911021004226/xslF345X03/edgar.xml"}, {"form_type": "4", "filings_date": "2021-04-05", "url": "https://www.sec.gov/Archives/edgar/data/0001459417/000117911021004225/xslF345X03/edgar.xml"}, {"form_type": "4", "filings_date": "2021-03-09", "url": "https://www.sec.gov/Archives/edgar/data/0001459417/000117911021003187/xslF345X03/edgar.xml"}, {"form_type": "4", "filings_date": "2021-03-04", "url": "https://www.sec.gov/Archives/edgar/data/0001459417/000117911021002877/xslF345X03/edgar.xml"}, {"form_type": "4", "filings_date": "2021-03-04", "url": "https://www.sec.gov/Archives/edgar/data/0001459417/000117911021002876/xslF345X03/edgar.xml"}, {"form_type": "4", "filings_date": "2021-03-04", "url": "https://www.sec.gov/Archives/edgar/data/0001459417/000117911021002874/xslF345X03/edgar.xml"}, {"form_type": "4", "filings_date": "2021-03-04", "url": "https://www.sec.gov/Archives/edgar/data/0001459417/000117911021002873/xslF345X03/edgar.xml"}, {"form_type": "4", "filings_date": "2021-03-04", "url": "https://www.sec.gov/Archives/edgar/data/0001459417/000117911021002872/xslF345X03/edgar.xml"}, {"form_type": "4", "filings_date": "2021-03-04", "url": "https://www.sec.gov/Archives/edgar/data/0001459417/000117911021002871/xslF345X03/edgar.xml"}, {"form_type": "10-K", "filings_date": "2021-02-25", "url": "https://www.sec.gov/Archives/edgar/data/0001459417/000145941721000003/twou-20201231.htm"}, {"form_type": "5", "filings_date": "2021-02-16", "url": "https://www.sec.gov/Archives/edgar/data/0001459417/000117911021001688/xslF345X03/edgar.xml"}, {"form_type": "SC 13G/A", "filings_date": "2021-02-16", "url": "https://www.sec.gov/Archives/edgar/data/0001459417/000110465921024183/tm216840d26_sc13ga.htm"}, {"form_type": "SC 13G/A", "filings_date": "2021-02-16", "url": "https://www.sec.gov/Archives/edgar/data/0001459417/000110465921023873/tm215909d12_sc13ga.htm"}, {"form_type": "SC 13G/A", "filings_date": "2021-02-16", "url": "https://www.sec.gov/Archives/edgar/data/0001459417/000117266121000651/arrowmark-twou123120a1.htm"}, {"form_type": "4", "filings_date": "2021-02-12", "url": "https://www.sec.gov/Archives/edgar/data/0001459417/000117911021001660/xslF345X03/edgar.xml"}, {"form_type": "8-K", "filings_date": "2021-02-11", "url": "https://www.sec.gov/Archives/edgar/data/0001459417/000110465921020662/tm216246d1_8k.htm"}, {"form_type": "SC 13G/A", "filings_date": "2021-02-11", "url": "https://www.sec.gov/Archives/edgar/data/0001459417/000114036121004293/brhc10020166_sc13ga.htm"}, {"form_type": "SC 13G/A", "filings_date": "2021-02-10", "url": "https://www.sec.gov/Archives/edgar/data/0001459417/000110465921017310/tv0100-2uinc.htm"}, {"form_type": "4", "filings_date": "2021-02-05", "url": "https://www.sec.gov/Archives/edgar/data/0001459417/000117911021001373/xslF345X03/edgar.xml"}, {"form_type": "SC 13G/A", "filings_date": "2021-02-05", "url": "https://www.sec.gov/Archives/edgar/data/0001459417/000121465921001364/twou21210sc13ga1.htm"}, {"form_type": "SC 13G", "filings_date": "2021-02-04", "url": "https://www.sec.gov/Archives/edgar/data/0001459417/000090221921000189/SEC13G_Filing.htm"}, {"form_type": "4", "filings_date": "2021-01-27", "url": "https://www.sec.gov/Archives/edgar/data/0001459417/000117911021000885/xslF345X03/edgar.xml"}, {"form_type": "4", "filings_date": "2021-01-12", "url": "https://www.sec.gov/Archives/edgar/data/0001459417/000117911021000565/xslF345X03/edgar.xml"}, {"form_type": "4", "filings_date": "2021-01-05", "url": "https://www.sec.gov/Archives/edgar/data/0001459417/000117911021000250/xslF345X03/edgar.xml"}, {"form_type": "4", "filings_date": "2021-01-05", "url": "https://www.sec.gov/Archives/edgar/data/0001459417/000117911021000249/xslF345X03/edgar.xml"}, {"form_type": "4", "filings_date": "2021-01-05", "url": "https://www.sec.gov/Archives/edgar/data/0001459417/000117911021000248/xslF345X03/edgar.xml"}, {"form_type": "4", "filings_date": "2021-01-05", "url": "https://www.sec.gov/Archives/edgar/data/0001459417/000117911021000247/xslF345X03/edgar.xml"}, {"form_type": "4", "filings_date": "2021-01-05", "url": "https://www.sec.gov/Archives/edgar/data/0001459417/000117911021000245/xslF345X03/edgar.xml"}, {"form_type": "4", "filings_date": "2021-01-05", "url": "https://www.sec.gov/Archives/edgar/data/0001459417/000117911021000244/xslF345X03/edgar.xml"}, {"form_type": "10-Q", "filings_date": "2020-10-27", "url": "https://www.sec.gov/Archives/edgar/data/0001459417/000145941720000012/twou-20200930.htm"}, {"form_type": "8-K", "filings_date": "2020-10-27", "url": "https://www.sec.gov/Archives/edgar/data/0001459417/000110465920118540/tm2034350-1_8k.htm"}, {"form_type": "SC 13G/A", "filings_date": "2020-10-09", "url": "https://www.sec.gov/Archives/edgar/data/0001459417/000110465920113787/tm2032806-1_sc13ga.htm"}, {"form_type": "4", "filings_date": "2020-10-05", "url": "https://www.sec.gov/Archives/edgar/data/0001459417/000117911020010264/xslF345X03/edgar.xml"}, {"form_type": "4", "filings_date": "2020-10-05", "url": "https://www.sec.gov/Archives/edgar/data/0001459417/000117911020010263/xslF345X03/edgar.xml"}, {"form_type": "4", "filings_date": "2020-10-05", "url": "https://www.sec.gov/Archives/edgar/data/0001459417/000117911020010262/xslF345X03/edgar.xml"}, {"form_type": "4", "filings_date": "2020-10-05", "url": "https://www.sec.gov/Archives/edgar/data/0001459417/000117911020010261/xslF345X03/edgar.xml"}, {"form_type": "4", "filings_date": "2020-10-05", "url": "https://www.sec.gov/Archives/edgar/data/0001459417/000117911020010260/xslF345X03/edgar.xml"}, {"form_type": "8-K", "filings_date": "2020-09-09", "url": "https://www.sec.gov/Archives/edgar/data/0001459417/000110465920103505/tm2030510d1_8k.htm"}, {"form_type": "8-K", "filings_date": "2020-08-10", "url": "https://www.sec.gov/Archives/edgar/data/0001459417/000110465920092357/tm2026493d4_8k.htm"}, {"form_type": "424B5", "filings_date": "2020-08-07", "url": "https://www.sec.gov/Archives/edgar/data/0001459417/000110465920092027/tm2026493-3_424b5.htm"}, {"form_type": "424B5", "filings_date": "2020-08-05", "url": "https://www.sec.gov/Archives/edgar/data/0001459417/000110465920090916/tm2026493-1_424b5.htm"}, {"form_type": "8-K", "filings_date": "2020-08-05", "url": "https://www.sec.gov/Archives/edgar/data/0001459417/000110465920090829/tm2026493-2_8k.htm"}, {"form_type": "4", "filings_date": "2020-07-31", "url": "https://www.sec.gov/Archives/edgar/data/0001459417/000120919120044294/xslF345X03/doc4.xml"}, {"form_type": "10-Q", "filings_date": "2020-07-31", "url": "https://www.sec.gov/Archives/edgar/data/0001459417/000145941720000010/twou-20200630.htm"}, {"form_type": "8-K", "filings_date": "2020-07-30", "url": "https://www.sec.gov/Archives/edgar/data/0001459417/000110465920088534/tm2026144-1_8k.htm"}, {"form_type": "4", "filings_date": "2020-07-02", "url": "https://www.sec.gov/Archives/edgar/data/0001459417/000117911020008010/xslF345X03/edgar.xml"}, {"form_type": "8-K", "filings_date": "2020-07-01", "url": "https://www.sec.gov/Archives/edgar/data/0001459417/000110465920079680/tm2023770d1_8k.htm"}, {"form_type": "8-K", "filings_date": "2020-06-25", "url": "https://www.sec.gov/Archives/edgar/data/0001459417/000110465920076848/tm2023436-1_8k.htm"}, {"form_type": "DEFA14A", "filings_date": "2020-06-18", "url": "https://www.sec.gov/Archives/edgar/data/0001459417/000110465920074405/tm2022864d1_defa14a.htm"}, {"form_type": "4", "filings_date": "2020-06-16", "url": "https://www.sec.gov/Archives/edgar/data/0001459417/000117911020007471/xslF345X03/edgar.xml"}, {"form_type": "4", "filings_date": "2020-05-27", "url": "https://www.sec.gov/Archives/edgar/data/0001459417/000117911020006664/xslF345X03/edgar.xml"}, {"form_type": "4", "filings_date": "2020-05-21", "url": "https://www.sec.gov/Archives/edgar/data/0001459417/000117911020006456/xslF345X03/edgar.xml"}, {"form_type": "SC 13G", "filings_date": "2020-05-14", "url": "https://www.sec.gov/Archives/edgar/data/0001459417/000110465920061578/tm2019792d1_sc13g.htm"}, {"form_type": "4", "filings_date": "2020-05-13", "url": "https://www.sec.gov/Archives/edgar/data/0001459417/000117911020005889/xslF345X03/edgar.xml"}, {"form_type": "4", "filings_date": "2020-05-06", "url": "https://www.sec.gov/Archives/edgar/data/0001459417/000120919120027574/xslF345X03/doc4.xml"}, {"form_type": "4", "filings_date": "2020-05-06", "url": "https://www.sec.gov/Archives/edgar/data/0001459417/000120919120027565/xslF345X03/doc4.xml"}, {"form_type": "4", "filings_date": "2020-05-06", "url": "https://www.sec.gov/Archives/edgar/data/0001459417/000120919120027564/xslF345X03/doc4.xml"}, {"form_type": "4", "filings_date": "2020-05-06", "url": "https://www.sec.gov/Archives/edgar/data/0001459417/000120919120027563/xslF345X03/doc4.xml"}, {"form_type": "4", "filings_date": "2020-05-06", "url": "https://www.sec.gov/Archives/edgar/data/0001459417/000120919120027562/xslF345X03/doc4.xml"}, {"form_type": "4", "filings_date": "2020-05-06", "url": "https://www.sec.gov/Archives/edgar/data/0001459417/000120919120027561/xslF345X03/doc4.xml"}, {"form_type": "4", "filings_date": "2020-05-06", "url": "https://www.sec.gov/Archives/edgar/data/0001459417/000120919120027560/xslF345X03/doc4.xml"}, {"form_type": "4", "filings_date": "2020-05-06", "url": "https://www.sec.gov/Archives/edgar/data/0001459417/000120919120027559/xslF345X03/doc4.xml"}, {"form_type": "4", "filings_date": "2020-05-06", "url": "https://www.sec.gov/Archives/edgar/data/0001459417/000120919120027558/xslF345X03/doc4.xml"}, {"form_type": "4", "filings_date": "2020-05-06", "url": "https://www.sec.gov/Archives/edgar/data/0001459417/000120919120027557/xslF345X03/doc4.xml"}, {"form_type": "4", "filings_date": "2020-05-06", "url": "https://www.sec.gov/Archives/edgar/data/0001459417/000120919120027556/xslF345X03/doc4.xml"}, {"form_type": "8-K", "filings_date": "2020-05-01", "url": "https://www.sec.gov/Archives/edgar/data/0001459417/000110465920055483/tm2018267d1_8k.htm"}, {"form_type": "10-Q", "filings_date": "2020-04-30", "url": "https://www.sec.gov/Archives/edgar/data/0001459417/000145941720000006/a2uq1202010-q.htm"}, {"form_type": "8-K", "filings_date": "2020-04-30", "url": "https://www.sec.gov/Archives/edgar/data/0001459417/000110465920054402/tm2018193d1_8k.htm"}, {"form_type": "DEFA14A", "filings_date": "2020-04-29", "url": "https://www.sec.gov/Archives/edgar/data/0001459417/000162828020005873/defa14a.htm"}, {"form_type": "DEF 14A", "filings_date": "2020-04-29", "url": "https://www.sec.gov/Archives/edgar/data/0001459417/000162828020005870/a2u-2020proxystatement.htm"}, {"form_type": "8-K", "filings_date": "2020-04-27", "url": "https://www.sec.gov/Archives/edgar/data/0001459417/000110465920051105/tm2016794-1_8k.htm"}, {"form_type": "8-K", "filings_date": "2020-04-21", "url": "https://www.sec.gov/Archives/edgar/data/0001459417/000110465920048886/tm2016339-2_8k.htm"}, {"form_type": "8-K", "filings_date": "2020-04-20", "url": "https://www.sec.gov/Archives/edgar/data/0001459417/000110465920048501/tm2016339-1_8k.htm"}, {"form_type": "4", "filings_date": "2020-04-03", "url": "https://www.sec.gov/Archives/edgar/data/0001459417/000117911020004643/xslF345X03/edgar.xml"}, {"form_type": "4", "filings_date": "2020-04-03", "url": "https://www.sec.gov/Archives/edgar/data/0001459417/000117911020004642/xslF345X03/edgar.xml"}, {"form_type": "4", "filings_date": "2020-04-03", "url": "https://www.sec.gov/Archives/edgar/data/0001459417/000117911020004640/xslF345X03/edgar.xml"}, {"form_type": "4", "filings_date": "2020-04-03", "url": "https://www.sec.gov/Archives/edgar/data/0001459417/000117911020004639/xslF345X03/edgar.xml"}, {"form_type": "4", "filings_date": "2020-04-03", "url": "https://www.sec.gov/Archives/edgar/data/0001459417/000117911020004637/xslF345X03/edgar.xml"}, {"form_type": "8-K", "filings_date": "2020-03-24", "url": "https://www.sec.gov/Archives/edgar/data/0001459417/000110465920037643/tm2013589-1_8k.htm"}, {"form_type": "4", "filings_date": "2020-03-09", "url": "https://www.sec.gov/Archives/edgar/data/0001459417/000117911020003335/xslF345X03/edgar.xml"}, {"form_type": "10-K", "filings_date": "2020-02-28", "url": "https://www.sec.gov/Archives/edgar/data/0001459417/000145941720000003/a2u201910-k.htm"}, {"form_type": "8-K", "filings_date": "2020-02-21", "url": "https://www.sec.gov/Archives/edgar/data/0001459417/000110465920023898/tm209614-1_8k.htm"}, {"form_type": "SC 13G", "filings_date": "2020-02-14", "url": "https://www.sec.gov/Archives/edgar/data/0001459417/000117266120000910/arrowmark-twou123119.htm"}, {"form_type": "SC 13G", "filings_date": "2020-02-14", "url": "https://www.sec.gov/Archives/edgar/data/0001459417/000110465920021460/tm208014d5_sc13g.htm"}, {"form_type": "SC 13G", "filings_date": "2020-02-14", "url": "https://www.sec.gov/Archives/edgar/data/0001459417/000110465920021154/tm208047d2_sc13g.htm"}, {"form_type": "SC 13G", "filings_date": "2020-02-12", "url": "https://www.sec.gov/Archives/edgar/data/0001459417/000114036120002898/formsc13g.htm"}, {"form_type": "SC 13G/A", "filings_date": "2020-02-12", "url": "https://www.sec.gov/Archives/edgar/data/0001459417/000110465920018045/tv01390-2uinc.htm"}, {"form_type": "SC 13G", "filings_date": "2020-02-12", "url": "https://www.sec.gov/Archives/edgar/data/0001459417/000121465920001202/d27206sc13g.htm"}, {"form_type": "8-K", "filings_date": "2020-02-06", "url": "https://www.sec.gov/Archives/edgar/data/0001459417/000110465920011892/tm206953-1_8k.htm"}, {"form_type": "SC 13G/A", "filings_date": "2020-02-04", "url": "https://www.sec.gov/Archives/edgar/data/0001459417/000003877720000012/uin19a51.htm"}, {"form_type": "UPLOAD", "filings_date": "2020-02-03", "url": "https://www.sec.gov/Archives/edgar/data/0001459417/000000000020001020/filename1.pdf"}, {"form_type": "4", "filings_date": "2020-01-31", "url": "https://www.sec.gov/Archives/edgar/data/0001459417/000117911020000918/xslF345X03/edgar.xml"}, {"form_type": "4", "filings_date": "2020-01-31", "url": "https://www.sec.gov/Archives/edgar/data/0001459417/000117911020000917/xslF345X03/edgar.xml"}, {"form_type": "4", "filings_date": "2020-01-31", "url": "https://www.sec.gov/Archives/edgar/data/0001459417/000117911020000916/xslF345X03/edgar.xml"}, {"form_type": "4", "filings_date": "2020-01-31", "url": "https://www.sec.gov/Archives/edgar/data/0001459417/000117911020000915/xslF345X03/edgar.xml"}, {"form_type": "4", "filings_date": "2020-01-31", "url": "https://www.sec.gov/Archives/edgar/data/0001459417/000117911020000914/xslF345X03/edgar.xml"}, {"form_type": "4", "filings_date": "2020-01-31", "url": "https://www.sec.gov/Archives/edgar/data/0001459417/000117911020000913/xslF345X03/edgar.xml"}, {"form_type": "CORRESP", "filings_date": "2020-01-28", "url": "https://www.sec.gov/Archives/edgar/data/0001459417/000110465920007779/filename1.htm"}, {"form_type": "SC 13G/A", "filings_date": "2020-01-08", "url": "https://www.sec.gov/Archives/edgar/data/0001459417/000090221920000038/SEC13G_Filing.htm"}, {"form_type": "10-Q", "filings_date": "2019-11-12", "url": "https://www.sec.gov/Archives/edgar/data/0001459417/000145941719000008/a2u10-qq32019.htm"}, {"form_type": "8-K", "filings_date": "2019-11-12", "url": "https://www.sec.gov/Archives/edgar/data/0001459417/000110465919062593/tm1921408-2_8k.htm"}, {"form_type": "CORRESP", "filings_date": "2019-11-04", "url": "https://www.sec.gov/Archives/edgar/data/0001459417/000110465919059493/filename1.htm"}, {"form_type": "8-K", "filings_date": "2019-10-29", "url": "https://www.sec.gov/Archives/edgar/data/0001459417/000110465919057404/tm1921408d1_8k.htm"}, {"form_type": "8-K", "filings_date": "2019-10-23", "url": "https://www.sec.gov/Archives/edgar/data/0001459417/000110465919055861/tm1920817-1_8k.htm"}, {"form_type": "UPLOAD", "filings_date": "2019-10-22", "url": "https://www.sec.gov/Archives/edgar/data/0001459417/000000000019014753/filename1.pdf"}, {"form_type": "4", "filings_date": "2019-10-16", "url": "https://www.sec.gov/Archives/edgar/data/0001459417/000117911019011051/xslF345X03/edgar.xml"}, {"form_type": "3", "filings_date": "2019-10-16", "url": "https://www.sec.gov/Archives/edgar/data/0001459417/000117911019011048/xslF345X02/edgar.xml"}, {"form_type": "8-K", "filings_date": "2019-10-16", "url": "https://www.sec.gov/Archives/edgar/data/0001459417/000110465919054292/tm1920311-1_8k.htm"}, {"form_type": "4", "filings_date": "2019-10-02", "url": "https://www.sec.gov/Archives/edgar/data/0001459417/000117911019010757/xslF345X03/edgar.xml"}, {"form_type": "CORRESP", "filings_date": "2019-09-12", "url": "https://www.sec.gov/Archives/edgar/data/0001459417/000110465919049967/filename1.htm"}, {"form_type": "SC 13G/A", "filings_date": "2019-09-10", "url": "https://www.sec.gov/Archives/edgar/data/0001459417/000090221919000447/SEC13G_Filing.htm"}, {"form_type": "UPLOAD", "filings_date": "2019-08-29", "url": "https://www.sec.gov/Archives/edgar/data/0001459417/000000000019012990/filename1.pdf"}, {"form_type": "8-K", "filings_date": "2019-08-22", "url": "https://www.sec.gov/Archives/edgar/data/0001459417/000141057819000879/tv528129_8k.htm"}, {"form_type": "4", "filings_date": "2019-08-16", "url": "https://www.sec.gov/Archives/edgar/data/0001459417/000117911019009556/xslF345X03/edgar.xml"}, {"form_type": "4", "filings_date": "2019-08-12", "url": "https://www.sec.gov/Archives/edgar/data/0001459417/000120919119045512/xslF345X03/doc4.xml"}, {"form_type": "SC 13G/A", "filings_date": "2019-08-12", "url": "https://www.sec.gov/Archives/edgar/data/0001459417/000031506619001675/filing.txt"}, {"form_type": "4", "filings_date": "2019-08-12", "url": "https://www.sec.gov/Archives/edgar/data/0001459417/000120919119045430/xslF345X03/doc4.xml"}, {"form_type": "4", "filings_date": "2019-08-09", "url": "https://www.sec.gov/Archives/edgar/data/0001459417/000120919119045329/xslF345X03/doc4.xml"}, {"form_type": "4", "filings_date": "2019-08-09", "url": "https://www.sec.gov/Archives/edgar/data/0001459417/000120919119045251/xslF345X03/doc4.xml"}, {"form_type": "10-Q", "filings_date": "2019-07-30", "url": "https://www.sec.gov/Archives/edgar/data/0001459417/000145941719000006/a2u10-qq22019.htm"}, {"form_type": "8-K/A", "filings_date": "2019-07-30", "url": "https://www.sec.gov/Archives/edgar/data/0001459417/000110465919042627/a19-13047_18ka.htm"}, {"form_type": "8-K", "filings_date": "2019-07-30", "url": "https://www.sec.gov/Archives/edgar/data/0001459417/000110465919042626/a19-16323_18k.htm"}, {"form_type": "4", "filings_date": "2019-07-15", "url": "https://www.sec.gov/Archives/edgar/data/0001459417/000117911019008647/xslF345X03/edgar.xml"}, {"form_type": "4", "filings_date": "2019-07-03", "url": "https://www.sec.gov/Archives/edgar/data/0001459417/000120919119041270/xslF345X03/doc4.xml"}, {"form_type": "8-K", "filings_date": "2019-06-28", "url": "https://www.sec.gov/Archives/edgar/data/0001459417/000110465919038018/a19-12239_18k.htm"}, {"form_type": "D", "filings_date": "2019-05-30", "url": "https://www.sec.gov/Archives/edgar/data/0001459417/000156761919012397/xslFormDX01/primary_doc.xml"}, {"form_type": "4", "filings_date": "2019-05-23", "url": "https://www.sec.gov/Archives/edgar/data/0001459417/000117911019006573/xslF345X03/edgar.xml"}, {"form_type": "8-K", "filings_date": "2019-05-22", "url": "https://www.sec.gov/Archives/edgar/data/0001459417/000110465919031103/a19-10494_18k.htm"}, {"form_type": "4", "filings_date": "2019-05-14", "url": "https://www.sec.gov/Archives/edgar/data/0001459417/000117911019006051/xslF345X03/edgar.xml"}, {"form_type": "4", "filings_date": "2019-05-14", "url": "https://www.sec.gov/Archives/edgar/data/0001459417/000117911019006045/xslF345X03/edgar.xml"}, {"form_type": "4", "filings_date": "2019-05-14", "url": "https://www.sec.gov/Archives/edgar/data/0001459417/000117911019006044/xslF345X03/edgar.xml"}, {"form_type": "10-Q", "filings_date": "2019-05-07", "url": "https://www.sec.gov/Archives/edgar/data/0001459417/000145941719000003/a2u10-qq12019.htm"}, {"form_type": "8-K", "filings_date": "2019-05-07", "url": "https://www.sec.gov/Archives/edgar/data/0001459417/000110465919027495/a19-9549_18k.htm"}, {"form_type": "3", "filings_date": "2019-05-06", "url": "https://www.sec.gov/Archives/edgar/data/0001459417/000117911019005619/xslF345X02/edgar.xml"}, {"form_type": "DEF 14A", "filings_date": "2019-04-30", "url": "https://www.sec.gov/Archives/edgar/data/0001459417/000104746919002751/a2238657zdef14a.htm"}, {"form_type": "4", "filings_date": "2019-04-29", "url": "https://www.sec.gov/Archives/edgar/data/0001459417/000120919119026505/xslF345X03/doc4.xml"}, {"form_type": "4", "filings_date": "2019-04-29", "url": "https://www.sec.gov/Archives/edgar/data/0001459417/000120919119026473/xslF345X03/doc4.xml"}, {"form_type": "4", "filings_date": "2019-04-29", "url": "https://www.sec.gov/Archives/edgar/data/0001459417/000120919119026472/xslF345X03/doc4.xml"}, {"form_type": "4", "filings_date": "2019-04-29", "url": "https://www.sec.gov/Archives/edgar/data/0001459417/000120919119026471/xslF345X03/doc4.xml"}, {"form_type": "4", "filings_date": "2019-04-29", "url": "https://www.sec.gov/Archives/edgar/data/0001459417/000120919119026470/xslF345X03/doc4.xml"}, {"form_type": "4", "filings_date": "2019-04-29", "url": "https://www.sec.gov/Archives/edgar/data/0001459417/000120919119026469/xslF345X03/doc4.xml"}, {"form_type": "4", "filings_date": "2019-04-29", "url": "https://www.sec.gov/Archives/edgar/data/0001459417/000120919119026468/xslF345X03/doc4.xml"}, {"form_type": "4", "filings_date": "2019-04-29", "url": "https://www.sec.gov/Archives/edgar/data/0001459417/000120919119026467/xslF345X03/doc4.xml"}, {"form_type": "4", "filings_date": "2019-04-29", "url": "https://www.sec.gov/Archives/edgar/data/0001459417/000120919119026465/xslF345X03/doc4.xml"}, {"form_type": "4", "filings_date": "2019-04-29", "url": "https://www.sec.gov/Archives/edgar/data/0001459417/000120919119026464/xslF345X03/doc4.xml"}, {"form_type": "4", "filings_date": "2019-04-29", "url": "https://www.sec.gov/Archives/edgar/data/0001459417/000120919119026462/xslF345X03/doc4.xml"}, {"form_type": "8-K", "filings_date": "2019-04-08", "url": "https://www.sec.gov/Archives/edgar/data/0001459417/000110465919020236/a19-7982_18k.htm"}, {"form_type": "4", "filings_date": "2019-04-03", "url": "https://www.sec.gov/Archives/edgar/data/0001459417/000117911019004734/xslF345X03/edgar.xml"}, {"form_type": "4", "filings_date": "2019-04-03", "url": "https://www.sec.gov/Archives/edgar/data/0001459417/000117911019004733/xslF345X03/edgar.xml"}, {"form_type": "4", "filings_date": "2019-04-03", "url": "https://www.sec.gov/Archives/edgar/data/0001459417/000117911019004732/xslF345X03/edgar.xml"}, {"form_type": "4", "filings_date": "2019-04-03", "url": "https://www.sec.gov/Archives/edgar/data/0001459417/000117911019004730/xslF345X03/edgar.xml"}, {"form_type": "4", "filings_date": "2019-04-03", "url": "https://www.sec.gov/Archives/edgar/data/0001459417/000117911019004728/xslF345X03/edgar.xml"}, {"form_type": "4", "filings_date": "2019-04-03", "url": "https://www.sec.gov/Archives/edgar/data/0001459417/000117911019004727/xslF345X03/edgar.xml"}, {"form_type": "10-K", "filings_date": "2019-02-26", "url": "https://www.sec.gov/Archives/edgar/data/0001459417/000110465919010491/a19-30045_410k.htm"}, {"form_type": "8-K", "filings_date": "2019-02-25", "url": "https://www.sec.gov/Archives/edgar/data/0001459417/000110465919010328/a19-5295_18k.htm"}, {"form_type": "SC 13G/A", "filings_date": "2019-02-15", "url": "https://www.sec.gov/Archives/edgar/data/0001459417/000114420419008513/tv513869_sc13ga.htm"}, {"form_type": "SC 13G/A", "filings_date": "2019-02-14", "url": "https://www.sec.gov/Archives/edgar/data/0001459417/000114420419007426/tv513535_sc13ga.htm"}, {"form_type": "SC 13G/A", "filings_date": "2019-02-13", "url": "https://www.sec.gov/Archives/edgar/data/0001459417/000031506619000830/filing.txt"}, {"form_type": "SC 13G/A", "filings_date": "2019-02-12", "url": "https://www.sec.gov/Archives/edgar/data/0001459417/000090221919000046/SEC13G_Filing.htm"}, {"form_type": "SC 13G/A", "filings_date": "2019-02-11", "url": "https://www.sec.gov/Archives/edgar/data/0001459417/000093247119004188/uinc.htm"}, {"form_type": "SC 13G/A", "filings_date": "2019-01-25", "url": "https://www.sec.gov/Archives/edgar/data/0001459417/000003877719000004/uin18a4.htm"}, {"form_type": "8-K/A", "filings_date": "2019-01-17", "url": "https://www.sec.gov/Archives/edgar/data/0001459417/000110465919002320/a19-3094_18ka.htm"}, {"form_type": "4", "filings_date": "2019-01-14", "url": "https://www.sec.gov/Archives/edgar/data/0001459417/000117911019000707/xslF345X03/edgar.xml"}, {"form_type": "4", "filings_date": "2019-01-07", "url": "https://www.sec.gov/Archives/edgar/data/0001459417/000117911019000495/xslF345X03/edgar.xml"}, {"form_type": "4", "filings_date": "2019-01-04", "url": "https://www.sec.gov/Archives/edgar/data/0001459417/000117911019000449/xslF345X03/edgar.xml"}, {"form_type": "3", "filings_date": "2018-12-12", "url": "https://www.sec.gov/Archives/edgar/data/0001459417/000117911018013774/xslF345X02/edgar.xml"}, {"form_type": "8-K", "filings_date": "2018-12-10", "url": "https://www.sec.gov/Archives/edgar/data/0001459417/000110465918071972/a18-41232_18k.htm"}, {"form_type": "4", "filings_date": "2018-11-27", "url": "https://www.sec.gov/Archives/edgar/data/0001459417/000117911018013249/xslF345X03/edgar.xml"}, {"form_type": "SC 13G/A", "filings_date": "2018-11-13", "url": "https://www.sec.gov/Archives/edgar/data/0001459417/000031506618002468/filing.txt"}, {"form_type": "10-Q", "filings_date": "2018-11-05", "url": "https://www.sec.gov/Archives/edgar/data/0001459417/000110465918065981/a18-19025_410q.htm"}, {"form_type": "8-K", "filings_date": "2018-11-05", "url": "https://www.sec.gov/Archives/edgar/data/0001459417/000110465918065972/a18-39512_18k.htm"}, {"form_type": "S-3ASR", "filings_date": "2018-09-26", "url": "https://www.sec.gov/Archives/edgar/data/0001459417/000104746918006442/a2236751zs-3asr.htm"}, {"form_type": "4", "filings_date": "2018-09-13", "url": "https://www.sec.gov/Archives/edgar/data/0001459417/000117911018011379/xslF345X03/edgar.xml"}, {"form_type": "4", "filings_date": "2018-09-12", "url": "https://www.sec.gov/Archives/edgar/data/0001459417/000117911018011339/xslF345X03/edgar.xml"}, {"form_type": "4", "filings_date": "2018-09-06", "url": "https://www.sec.gov/Archives/edgar/data/0001459417/000117911018011161/xslF345X03/edgar.xml"}, {"form_type": "4", "filings_date": "2018-08-07", "url": "https://www.sec.gov/Archives/edgar/data/0001459417/000117911018010358/xslF345X03/edgar.xml"}, {"form_type": "10-Q", "filings_date": "2018-08-02", "url": "https://www.sec.gov/Archives/edgar/data/0001459417/000110465918049189/a18-14083_110q.htm"}, {"form_type": "8-K", "filings_date": "2018-08-02", "url": "https://www.sec.gov/Archives/edgar/data/0001459417/000110465918049171/a18-18170_18k.htm"}, {"form_type": "SC 13G/A", "filings_date": "2018-07-10", "url": "https://www.sec.gov/Archives/edgar/data/0001459417/000031506618002091/filing.txt"}, {"form_type": "SC 13G/A", "filings_date": "2018-07-10", "url": "https://www.sec.gov/Archives/edgar/data/0001459417/000021545718005889/us90214j1016_070518.txt"}, {"form_type": "4", "filings_date": "2018-07-05", "url": "https://www.sec.gov/Archives/edgar/data/0001459417/000117911018009459/xslF345X03/edgar.xml"}, {"form_type": "8-K", "filings_date": "2018-06-27", "url": "https://www.sec.gov/Archives/edgar/data/0001459417/000110465918042583/a18-16143_18k.htm"}, {"form_type": "4", "filings_date": "2018-06-18", "url": "https://www.sec.gov/Archives/edgar/data/0001459417/000117911018008730/xslF345X03/edgar.xml"}, {"form_type": "4", "filings_date": "2018-06-14", "url": "https://www.sec.gov/Archives/edgar/data/0001459417/000117911018008555/xslF345X03/edgar.xml"}, {"form_type": "PX14A6G", "filings_date": "2018-05-31", "url": "https://www.sec.gov/Archives/edgar/data/0001459417/000114036118026501/formpx14a6g.htm"}, {"form_type": "8-K", "filings_date": "2018-05-30", "url": "https://www.sec.gov/Archives/edgar/data/0001459417/000110465918036724/a18-14580_18k.htm"}, {"form_type": "8-K", "filings_date": "2018-05-25", "url": "https://www.sec.gov/Archives/edgar/data/0001459417/000110465918035996/a18-13827_48k.htm"}, {"form_type": "4", "filings_date": "2018-05-23", "url": "https://www.sec.gov/Archives/edgar/data/0001459417/000117911018007449/xslF345X03/edgar.xml"}, {"form_type": "424B5", "filings_date": "2018-05-23", "url": "https://www.sec.gov/Archives/edgar/data/0001459417/000104746918004007/a2235833z424b5.htm"}, {"form_type": "424B5", "filings_date": "2018-05-21", "url": "https://www.sec.gov/Archives/edgar/data/0001459417/000104746918003932/a2235768z424b5.htm"}, {"form_type": "DEFA14A", "filings_date": "2018-05-21", "url": "https://www.sec.gov/Archives/edgar/data/0001459417/000110465918034804/a18-13827_3defa14a.htm"}, {"form_type": "8-K", "filings_date": "2018-05-21", "url": "https://www.sec.gov/Archives/edgar/data/0001459417/000110465918034799/a18-13950_18k.htm"}, {"form_type": "SC 13G/A", "filings_date": "2018-05-10", "url": "https://www.sec.gov/Archives/edgar/data/0001459417/000090221918000453/SEC13G_Filing.htm"}, {"form_type": "4", "filings_date": "2018-05-09", "url": "https://www.sec.gov/Archives/edgar/data/0001459417/000117911018006505/xslF345X03/edgar.xml"}, {"form_type": "3", "filings_date": "2018-05-09", "url": "https://www.sec.gov/Archives/edgar/data/0001459417/000117911018006473/xslF345X02/edgar.xml"}, {"form_type": "8-K", "filings_date": "2018-05-09", "url": "https://www.sec.gov/Archives/edgar/data/0001459417/000110465918031712/a18-13240_18k.htm"}, {"form_type": "10-Q", "filings_date": "2018-05-03", "url": "https://www.sec.gov/Archives/edgar/data/0001459417/000110465918030256/a18-8655_110q.htm"}, {"form_type": "8-K", "filings_date": "2018-05-03", "url": "https://www.sec.gov/Archives/edgar/data/0001459417/000110465918030244/a18-12689_18k.htm"}, {"form_type": "DEF 14A", "filings_date": "2018-04-30", "url": "https://www.sec.gov/Archives/edgar/data/0001459417/000104746918003345/a2235509zdef14a.htm"}, {"form_type": "4", "filings_date": "2018-04-27", "url": "https://www.sec.gov/Archives/edgar/data/0001459417/000120919118026771/xslF345X03/doc4.xml"}, {"form_type": "4", "filings_date": "2018-04-27", "url": "https://www.sec.gov/Archives/edgar/data/0001459417/000120919118026770/xslF345X03/doc4.xml"}, {"form_type": "4", "filings_date": "2018-04-27", "url": "https://www.sec.gov/Archives/edgar/data/0001459417/000120919118026769/xslF345X03/doc4.xml"}, {"form_type": "4", "filings_date": "2018-04-27", "url": "https://www.sec.gov/Archives/edgar/data/0001459417/000120919118026768/xslF345X03/doc4.xml"}, {"form_type": "4", "filings_date": "2018-04-27", "url": "https://www.sec.gov/Archives/edgar/data/0001459417/000120919118026767/xslF345X03/doc4.xml"}, {"form_type": "4", "filings_date": "2018-04-27", "url": "https://www.sec.gov/Archives/edgar/data/0001459417/000120919118026766/xslF345X03/doc4.xml"}, {"form_type": "4", "filings_date": "2018-04-27", "url": "https://www.sec.gov/Archives/edgar/data/0001459417/000120919118026765/xslF345X03/doc4.xml"}, {"form_type": "4", "filings_date": "2018-04-27", "url": "https://www.sec.gov/Archives/edgar/data/0001459417/000120919118026764/xslF345X03/doc4.xml"}, {"form_type": "4", "filings_date": "2018-04-27", "url": "https://www.sec.gov/Archives/edgar/data/0001459417/000120919118026763/xslF345X03/doc4.xml"}, {"form_type": "4", "filings_date": "2018-04-27", "url": "https://www.sec.gov/Archives/edgar/data/0001459417/000120919118026761/xslF345X03/doc4.xml"}, {"form_type": "8-K/A", "filings_date": "2018-04-27", "url": "https://www.sec.gov/Archives/edgar/data/0001459417/000110465918027744/a18-12366_18ka.htm"}, {"form_type": "4", "filings_date": "2018-04-18", "url": "https://www.sec.gov/Archives/edgar/data/0001459417/000117911018005733/xslF345X03/edgar.xml"}, {"form_type": "4", "filings_date": "2018-04-10", "url": "https://www.sec.gov/Archives/edgar/data/0001459417/000117911018005569/xslF345X03/edgar.xml"}, {"form_type": "4", "filings_date": "2018-04-03", "url": "https://www.sec.gov/Archives/edgar/data/0001459417/000117911018005359/xslF345X03/edgar.xml"}, {"form_type": "4", "filings_date": "2018-04-03", "url": "https://www.sec.gov/Archives/edgar/data/0001459417/000117911018005358/xslF345X03/edgar.xml"}, {"form_type": "4", "filings_date": "2018-04-03", "url": "https://www.sec.gov/Archives/edgar/data/0001459417/000117911018005357/xslF345X03/edgar.xml"}, {"form_type": "4", "filings_date": "2018-04-03", "url": "https://www.sec.gov/Archives/edgar/data/0001459417/000117911018005356/xslF345X03/edgar.xml"}, {"form_type": "4", "filings_date": "2018-04-03", "url": "https://www.sec.gov/Archives/edgar/data/0001459417/000117911018005355/xslF345X03/edgar.xml"}, {"form_type": "3", "filings_date": "2018-03-23", "url": "https://www.sec.gov/Archives/edgar/data/0001459417/000117911018004821/xslF345X02/edgar.xml"}, {"form_type": "4", "filings_date": "2018-03-15", "url": "https://www.sec.gov/Archives/edgar/data/0001459417/000117911018004380/xslF345X03/edgar.xml"}, {"form_type": "4", "filings_date": "2018-03-09", "url": "https://www.sec.gov/Archives/edgar/data/0001459417/000117911018004025/xslF345X03/edgar.xml"}, {"form_type": "4", "filings_date": "2018-03-07", "url": "https://www.sec.gov/Archives/edgar/data/0001459417/000117911018003768/xslF345X03/edgar.xml"}, {"form_type": "10-K", "filings_date": "2018-02-27", "url": "https://www.sec.gov/Archives/edgar/data/0001459417/000104746918001109/a2234625z10-k.htm"}, {"form_type": "8-K", "filings_date": "2018-02-26", "url": "https://www.sec.gov/Archives/edgar/data/0001459417/000110465918012174/a18-1008_48k.htm"}, {"form_type": "8-K", "filings_date": "2018-02-21", "url": "https://www.sec.gov/Archives/edgar/data/0001459417/000110465918010942/a18-6519_18k.htm"}, {"form_type": "4", "filings_date": "2018-02-20", "url": "https://www.sec.gov/Archives/edgar/data/0001459417/000117911018002420/xslF345X03/edgar.xml"}, {"form_type": "4", "filings_date": "2018-02-20", "url": "https://www.sec.gov/Archives/edgar/data/0001459417/000117911018002419/xslF345X03/edgar.xml"}, {"form_type": "4", "filings_date": "2018-02-20", "url": "https://www.sec.gov/Archives/edgar/data/0001459417/000117911018002418/xslF345X03/edgar.xml"}, {"form_type": "4", "filings_date": "2018-02-20", "url": "https://www.sec.gov/Archives/edgar/data/0001459417/000117911018002417/xslF345X03/edgar.xml"}, {"form_type": "SC 13G/A", "filings_date": "2018-02-14", "url": "https://www.sec.gov/Archives/edgar/data/0001459417/000114420418008188/tv485915_sc13ga.htm"}, {"form_type": "SC 13G/A", "filings_date": "2018-02-13", "url": "https://www.sec.gov/Archives/edgar/data/0001459417/000114420418007801/tv485417_sc13ga.htm"}, {"form_type": "SC 13G/A", "filings_date": "2018-02-13", "url": "https://www.sec.gov/Archives/edgar/data/0001459417/000031506618000988/filing.txt"}, {"form_type": "10-Q/A", "filings_date": "2018-02-12", "url": "https://www.sec.gov/Archives/edgar/data/0001459417/000110465918008573/a18-5877_410qa.htm"}, {"form_type": "10-Q/A", "filings_date": "2018-02-12", "url": "https://www.sec.gov/Archives/edgar/data/0001459417/000110465918008571/a18-5877_310qa.htm"}, {"form_type": "10-Q/A", "filings_date": "2018-02-12", "url": "https://www.sec.gov/Archives/edgar/data/0001459417/000110465918008570/a18-5877_210qa.htm"}, {"form_type": "10-K/A", "filings_date": "2018-02-12", "url": "https://www.sec.gov/Archives/edgar/data/0001459417/000110465918008566/a18-5877_110ka.htm"}, {"form_type": "SC 13G/A", "filings_date": "2018-02-09", "url": "https://www.sec.gov/Archives/edgar/data/0001459417/000117266118000326/twou123117a1.htm"}, {"form_type": "SC 13G/A", "filings_date": "2018-02-09", "url": "https://www.sec.gov/Archives/edgar/data/0001459417/000093247118003397/uinc.htm"}, {"form_type": "SC 13G", "filings_date": "2018-02-08", "url": "https://www.sec.gov/Archives/edgar/data/0001459417/000090221918000212/SEC13G_Filing.htm"}, {"form_type": "5", "filings_date": "2018-02-05", "url": "https://www.sec.gov/Archives/edgar/data/0001459417/000117911018001573/xslF345X03/edgar.xml"}, {"form_type": "SC 13G/A", "filings_date": "2018-02-05", "url": "https://www.sec.gov/Archives/edgar/data/0001459417/000003877718000033/uin17a3.htm"}, {"form_type": "SC 13G", "filings_date": "2018-02-01", "url": "https://www.sec.gov/Archives/edgar/data/0001459417/000021545718004710/us90214j1016_013118.txt"}, {"form_type": "8-K", "filings_date": "2018-01-22", "url": "https://www.sec.gov/Archives/edgar/data/0001459417/000110465918003147/a18-3543_18k.htm"}, {"form_type": "4", "filings_date": "2018-01-04", "url": "https://www.sec.gov/Archives/edgar/data/0001459417/000117911018000459/xslF345X03/edgar.xml"}, {"form_type": "4", "filings_date": "2017-12-26", "url": "https://www.sec.gov/Archives/edgar/data/0001459417/000117911017015868/xslF345X03/edgar.xml"}, {"form_type": "4", "filings_date": "2017-12-15", "url": "https://www.sec.gov/Archives/edgar/data/0001459417/000117911017015447/xslF345X03/edgar.xml"}, {"form_type": "4", "filings_date": "2017-12-14", "url": "https://www.sec.gov/Archives/edgar/data/0001459417/000117911017015396/xslF345X03/edgar.xml"}, {"form_type": "3", "filings_date": "2017-12-14", "url": "https://www.sec.gov/Archives/edgar/data/0001459417/000117911017015393/xslF345X02/edgar.xml"}, {"form_type": "4", "filings_date": "2017-12-11", "url": "https://www.sec.gov/Archives/edgar/data/0001459417/000117911017015235/xslF345X03/edgar.xml"}, {"form_type": "S-8", "filings_date": "2017-12-08", "url": "https://www.sec.gov/Archives/edgar/data/0001459417/000110465917072553/a17-28135_1s8.htm"}, {"form_type": "8-K", "filings_date": "2017-12-07", "url": "https://www.sec.gov/Archives/edgar/data/0001459417/000110465917072182/a17-28092_18k.htm"}, {"form_type": "4", "filings_date": "2017-11-17", "url": "https://www.sec.gov/Archives/edgar/data/0001459417/000117911017014309/xslF345X03/edgar.xml"}, {"form_type": "4", "filings_date": "2017-11-13", "url": "https://www.sec.gov/Archives/edgar/data/0001459417/000117911017014036/xslF345X03/edgar.xml"}, {"form_type": "10-Q", "filings_date": "2017-11-07", "url": "https://www.sec.gov/Archives/edgar/data/0001459417/000110465917066642/a17-20631_110q.htm"}, {"form_type": "8-K", "filings_date": "2017-11-07", "url": "https://www.sec.gov/Archives/edgar/data/0001459417/000110465917066623/a17-26140_18k.htm"}, {"form_type": "4", "filings_date": "2017-10-11", "url": "https://www.sec.gov/Archives/edgar/data/0001459417/000117911017013264/xslF345X03/edgar.xml"}, {"form_type": "3", "filings_date": "2017-10-10", "url": "https://www.sec.gov/Archives/edgar/data/0001459417/000117911017013224/xslF345X02/edgar.xml"}, {"form_type": "4", "filings_date": "2017-09-15", "url": "https://www.sec.gov/Archives/edgar/data/0001459417/000117911017012327/xslF345X03/edgar.xml"}, {"form_type": "8-K", "filings_date": "2017-09-14", "url": "https://www.sec.gov/Archives/edgar/data/0001459417/000110465917056992/a17-22006_18k.htm"}, {"form_type": "4", "filings_date": "2017-09-11", "url": "https://www.sec.gov/Archives/edgar/data/0001459417/000117911017012179/xslF345X03/edgar.xml"}, {"form_type": "8-K", "filings_date": "2017-09-11", "url": "https://www.sec.gov/Archives/edgar/data/0001459417/000110465917056557/a17-21127_38k.htm"}, {"form_type": "4", "filings_date": "2017-09-08", "url": "https://www.sec.gov/Archives/edgar/data/0001459417/000117911017012156/xslF345X03/edgar.xml"}, {"form_type": "424B5", "filings_date": "2017-09-07", "url": "https://www.sec.gov/Archives/edgar/data/0001459417/000104746917005586/a2233196z424b5.htm"}, {"form_type": "424B5", "filings_date": "2017-09-06", "url": "https://www.sec.gov/Archives/edgar/data/0001459417/000104746917005544/a2233130z424b5.htm"}, {"form_type": "8-K", "filings_date": "2017-09-01", "url": "https://www.sec.gov/Archives/edgar/data/0001459417/000110465917055005/a17-21249_18k.htm"}, {"form_type": "8-K", "filings_date": "2017-08-10", "url": "https://www.sec.gov/Archives/edgar/data/0001459417/000110465917050799/a17-18963_38k.htm"}, {"form_type": "10-Q", "filings_date": "2017-08-07", "url": "https://www.sec.gov/Archives/edgar/data/0001459417/000110465917049907/a17-13350_110q.htm"}, {"form_type": "8-K", "filings_date": "2017-08-07", "url": "https://www.sec.gov/Archives/edgar/data/0001459417/000110465917049898/a17-18963_28k.htm"}, {"form_type": "8-K/A", "filings_date": "2017-08-07", "url": "https://www.sec.gov/Archives/edgar/data/0001459417/000110465917049886/a17-18963_18ka.htm"}, {"form_type": "4", "filings_date": "2017-07-12", "url": "https://www.sec.gov/Archives/edgar/data/0001459417/000117911017010335/xslF345X03/edgar.xml"}, {"form_type": "3", "filings_date": "2017-07-12", "url": "https://www.sec.gov/Archives/edgar/data/0001459417/000117911017010304/xslF345X02/edgar.xml"}, {"form_type": "4", "filings_date": "2017-07-05", "url": "https://www.sec.gov/Archives/edgar/data/0001459417/000117911017010108/xslF345X03/edgar.xml"}, {"form_type": "8-K", "filings_date": "2017-07-03", "url": "https://www.sec.gov/Archives/edgar/data/0001459417/000110465917043160/a17-16033_18k.htm"}, {"form_type": "4", "filings_date": "2017-06-16", "url": "https://www.sec.gov/Archives/edgar/data/0001459417/000117911017009222/xslF345X03/edgar.xml"}, {"form_type": "4", "filings_date": "2017-06-09", "url": "https://www.sec.gov/Archives/edgar/data/0001459417/000117911017008825/xslF345X03/edgar.xml"}, {"form_type": "8-K", "filings_date": "2017-06-07", "url": "https://www.sec.gov/Archives/edgar/data/0001459417/000134100417000361/form8k.htm"}, {"form_type": "8-K", "filings_date": "2017-06-01", "url": "https://www.sec.gov/Archives/edgar/data/0001459417/000134100417000349/form8-k.htm"}, {"form_type": "4", "filings_date": "2017-05-22", "url": "https://www.sec.gov/Archives/edgar/data/0001459417/000117911017007798/xslF345X03/edgar.xml"}, {"form_type": "4", "filings_date": "2017-05-17", "url": "https://www.sec.gov/Archives/edgar/data/0001459417/000117911017007432/xslF345X03/edgar.xml"}, {"form_type": "DEFA14A", "filings_date": "2017-05-15", "url": "https://www.sec.gov/Archives/edgar/data/0001459417/000134100417000316/defa14a.htm"}, {"form_type": "4", "filings_date": "2017-05-12", "url": "https://www.sec.gov/Archives/edgar/data/0001459417/000117911017007119/xslF345X03/edgar.xml"}, {"form_type": "4", "filings_date": "2017-05-11", "url": "https://www.sec.gov/Archives/edgar/data/0001459417/000117911017007082/xslF345X03/edgar.xml"}, {"form_type": "10-Q", "filings_date": "2017-05-04", "url": "https://www.sec.gov/Archives/edgar/data/0001459417/000110465917029892/a17-8896_110q.htm"}, {"form_type": "8-K", "filings_date": "2017-05-04", "url": "https://www.sec.gov/Archives/edgar/data/0001459417/000110465917029889/a17-12469_18k.htm"}, {"form_type": "8-K", "filings_date": "2017-05-02", "url": "https://www.sec.gov/Archives/edgar/data/0001459417/000110465917028638/a17-12261_18k.htm"}, {"form_type": "DEF 14A", "filings_date": "2017-04-28", "url": "https://www.sec.gov/Archives/edgar/data/0001459417/000104746917003003/a2231946zdef14a.htm"}, {"form_type": "4", "filings_date": "2017-04-06", "url": "https://www.sec.gov/Archives/edgar/data/0001459417/000117911017005864/xslF345X03/edgar.xml"}, {"form_type": "4", "filings_date": "2017-04-06", "url": "https://www.sec.gov/Archives/edgar/data/0001459417/000117911017005863/xslF345X03/edgar.xml"}, {"form_type": "4", "filings_date": "2017-04-06", "url": "https://www.sec.gov/Archives/edgar/data/0001459417/000117911017005862/xslF345X03/edgar.xml"}, {"form_type": "4", "filings_date": "2017-04-06", "url": "https://www.sec.gov/Archives/edgar/data/0001459417/000117911017005861/xslF345X03/edgar.xml"}, {"form_type": "4", "filings_date": "2017-04-06", "url": "https://www.sec.gov/Archives/edgar/data/0001459417/000117911017005860/xslF345X03/edgar.xml"}, {"form_type": "4", "filings_date": "2017-04-06", "url": "https://www.sec.gov/Archives/edgar/data/0001459417/000117911017005859/xslF345X03/edgar.xml"}, {"form_type": "4", "filings_date": "2017-04-06", "url": "https://www.sec.gov/Archives/edgar/data/0001459417/000117911017005858/xslF345X03/edgar.xml"}, {"form_type": "4", "filings_date": "2017-04-06", "url": "https://www.sec.gov/Archives/edgar/data/0001459417/000117911017005857/xslF345X03/edgar.xml"}, {"form_type": "4", "filings_date": "2017-04-06", "url": "https://www.sec.gov/Archives/edgar/data/0001459417/000117911017005856/xslF345X03/edgar.xml"}, {"form_type": "4", "filings_date": "2017-04-05", "url": "https://www.sec.gov/Archives/edgar/data/0001459417/000117911017005793/xslF345X03/edgar.xml"}, {"form_type": "4", "filings_date": "2017-04-05", "url": "https://www.sec.gov/Archives/edgar/data/0001459417/000117911017005792/xslF345X03/edgar.xml"}, {"form_type": "4", "filings_date": "2017-04-05", "url": "https://www.sec.gov/Archives/edgar/data/0001459417/000117911017005791/xslF345X03/edgar.xml"}, {"form_type": "4", "filings_date": "2017-04-05", "url": "https://www.sec.gov/Archives/edgar/data/0001459417/000117911017005790/xslF345X03/edgar.xml"}, {"form_type": "4", "filings_date": "2017-04-05", "url": "https://www.sec.gov/Archives/edgar/data/0001459417/000117911017005789/xslF345X03/edgar.xml"}, {"form_type": "4", "filings_date": "2017-04-05", "url": "https://www.sec.gov/Archives/edgar/data/0001459417/000117911017005788/xslF345X03/edgar.xml"}, {"form_type": "10-K", "filings_date": "2017-02-24", "url": "https://www.sec.gov/Archives/edgar/data/0001459417/000104746917000950/a2231003z10-k.htm"}, {"form_type": "8-K", "filings_date": "2017-02-23", "url": "https://www.sec.gov/Archives/edgar/data/0001459417/000110465917011240/a17-7088_18k.htm"}, {"form_type": "4", "filings_date": "2017-02-16", "url": "https://www.sec.gov/Archives/edgar/data/0001459417/000117911017002533/xslF345X03/edgar.xml"}, {"form_type": "SC 13G", "filings_date": "2017-02-14", "url": "https://www.sec.gov/Archives/edgar/data/0001459417/000114420417008708/v459220_sc13g.htm"}, {"form_type": "SC 13G/A", "filings_date": "2017-02-14", "url": "https://www.sec.gov/Archives/edgar/data/0001459417/000031506617001388/filing.txt"}, {"form_type": "SC 13G/A", "filings_date": "2017-02-14", "url": "https://www.sec.gov/Archives/edgar/data/0001459417/000114420417008196/v458501_sc13ga.htm"}, {"form_type": "SC 13G", "filings_date": "2017-02-13", "url": "https://www.sec.gov/Archives/edgar/data/0001459417/000117266117000482/twou123116.htm"}, {"form_type": "SC 13G/A", "filings_date": "2017-02-09", "url": "https://www.sec.gov/Archives/edgar/data/0001459417/000119312517035835/d337488dsc13ga.htm"}, {"form_type": "SC 13G", "filings_date": "2017-02-09", "url": "https://www.sec.gov/Archives/edgar/data/0001459417/000093247117000584/uinc.htm"}, {"form_type": "SC 13G/A", "filings_date": "2017-02-08", "url": "https://www.sec.gov/Archives/edgar/data/0001459417/000021545717002746/2u.inc.txt"}, {"form_type": "SC 13G/A", "filings_date": "2017-02-08", "url": "https://www.sec.gov/Archives/edgar/data/0001459417/000003877717000078/uin16a2.htm"}, {"form_type": "4", "filings_date": "2017-02-02", "url": "https://www.sec.gov/Archives/edgar/data/0001459417/000117911017001541/xslF345X03/edgar.xml"}, {"form_type": "4", "filings_date": "2017-02-02", "url": "https://www.sec.gov/Archives/edgar/data/0001459417/000117911017001540/xslF345X03/edgar.xml"}, {"form_type": "4", "filings_date": "2017-02-02", "url": "https://www.sec.gov/Archives/edgar/data/0001459417/000117911017001539/xslF345X03/edgar.xml"}, {"form_type": "4", "filings_date": "2017-02-02", "url": "https://www.sec.gov/Archives/edgar/data/0001459417/000117911017001538/xslF345X03/edgar.xml"}, {"form_type": "SC 13G", "filings_date": "2017-01-30", "url": "https://www.sec.gov/Archives/edgar/data/0001459417/000021545717002129/2u.inc.txt"}]}