{"company": {"cik": "0001118974", "name": "30DC, INC.", "sic": "Services-Educational Services", "state_incorp": "MD", "ticker": "", "mailing_addr": "80 BROAD STREET, NEW YORK, NY, 10004", "category": "", "fiscal_year_end": "30, June"}, "filings": [{"form_type": "15-12G", "filings_date": "2017-09-01", "url": "https://www.sec.gov/Archives/edgar/data/0001118974/000106594917000114/form15_30dc.htm"}, {"form_type": "8-K", "filings_date": "2017-06-08", "url": "https://www.sec.gov/Archives/edgar/data/0001118974/000106594917000082/thirtydc8kjune82017.htm"}, {"form_type": "NT 10-Q", "filings_date": "2017-02-15", "url": "https://www.sec.gov/Archives/edgar/data/0001118974/000106594917000014/nt10q30dcdec2016.htm"}]}