{"company": {"cik": "0001023731", "name": "8X8 INC /DE/", "sic": "Services-Computer Processing & Data Preparation", "state_incorp": "DE", "ticker": "EGHT", "mailing_addr": "675 CREEKSIDE WAY, CAMPBELL, CA, 95008", "category": "Large accelerated filer", "fiscal_year_end": "31, March"}, "filings": [{"form_type": "4", "filings_date": "2022-03-17", "url": "https://www.sec.gov/Archives/edgar/data/0001023731/000102373122000056/xslF345X03/wf-form4_164754942484632.xml"}, {"form_type": "4", "filings_date": "2022-03-17", "url": "https://www.sec.gov/Archives/edgar/data/0001023731/000102373122000055/xslF345X03/wf-form4_164754939166849.xml"}, {"form_type": "4", "filings_date": "2022-03-14", "url": "https://www.sec.gov/Archives/edgar/data/0001023731/000102373122000052/xslF345X03/wf-form4_164728960493641.xml"}, {"form_type": "3", "filings_date": "2022-03-09", "url": "https://www.sec.gov/Archives/edgar/data/0001023731/000102373122000050/xslF345X02/wf-form3_164686807661005.xml"}, {"form_type": "4", "filings_date": "2022-02-24", "url": "https://www.sec.gov/Archives/edgar/data/0001023731/000102373122000048/xslF345X03/wf-form4_164573901241631.xml"}, {"form_type": "4", "filings_date": "2022-02-22", "url": "https://www.sec.gov/Archives/edgar/data/0001023731/000102373122000046/xslF345X03/wf-form4_164556592994593.xml"}, {"form_type": "4", "filings_date": "2022-02-17", "url": "https://www.sec.gov/Archives/edgar/data/0001023731/000102373122000044/xslF345X03/wf-form4_164513289821304.xml"}, {"form_type": "4", "filings_date": "2022-02-17", "url": "https://www.sec.gov/Archives/edgar/data/0001023731/000102373122000043/xslF345X03/wf-form4_164513287018257.xml"}, {"form_type": "4", "filings_date": "2022-02-17", "url": "https://www.sec.gov/Archives/edgar/data/0001023731/000102373122000042/xslF345X03/wf-form4_164513284142110.xml"}, {"form_type": "4", "filings_date": "2022-02-15", "url": "https://www.sec.gov/Archives/edgar/data/0001023731/000102373122000038/xslF345X03/wf-form4_164497112587378.xml"}, {"form_type": "SC 13G", "filings_date": "2022-02-14", "url": "https://www.sec.gov/Archives/edgar/data/0001023731/000117266122000706/arrowmark-eght123121.htm"}, {"form_type": "SC 13G/A", "filings_date": "2022-02-11", "url": "https://www.sec.gov/Archives/edgar/data/0001023731/000108514622000858/eghtusa2_11422.htm"}, {"form_type": "SC 13G", "filings_date": "2022-02-09", "url": "https://www.sec.gov/Archives/edgar/data/0001023731/000089542122000130/8x8inc.txt"}, {"form_type": "SC 13G/A", "filings_date": "2022-02-09", "url": "https://www.sec.gov/Archives/edgar/data/0001023731/000110465922016344/tv0130-8x8inc.htm"}, {"form_type": "S-8", "filings_date": "2022-02-04", "url": "https://www.sec.gov/Archives/edgar/data/0001023731/000119312522027195/d298058ds8.htm"}, {"form_type": "8-K", "filings_date": "2022-02-03", "url": "https://www.sec.gov/Archives/edgar/data/0001023731/000102373122000036/eght-20220203.htm"}, {"form_type": "10-Q", "filings_date": "2022-02-03", "url": "https://www.sec.gov/Archives/edgar/data/0001023731/000102373122000034/eght-20211231.htm"}, {"form_type": "424B7", "filings_date": "2022-02-02", "url": "https://www.sec.gov/Archives/edgar/data/0001023731/000119312522025904/d304490d424b7.htm"}, {"form_type": "8-K", "filings_date": "2022-02-02", "url": "https://www.sec.gov/Archives/edgar/data/0001023731/000102373122000028/eght-20220202.htm"}, {"form_type": "SC 13G/A", "filings_date": "2022-01-27", "url": "https://www.sec.gov/Archives/edgar/data/0001023731/000083423722002374/us2829141009_012722.txt"}, {"form_type": "SC 13G/A", "filings_date": "2022-01-26", "url": "https://www.sec.gov/Archives/edgar/data/0001023731/000083423722000927/us2829141009_012522.txt"}, {"form_type": "S-3ASR", "filings_date": "2022-01-25", "url": "https://www.sec.gov/Archives/edgar/data/0001023731/000119312522017083/d464574ds3asr.htm"}, {"form_type": "8-K/A", "filings_date": "2022-01-25", "url": "https://www.sec.gov/Archives/edgar/data/0001023731/000119312522017036/d291466d8ka.htm"}, {"form_type": "4", "filings_date": "2022-01-19", "url": "https://www.sec.gov/Archives/edgar/data/0001023731/000102373122000019/xslF345X03/wf-form4_164262817221781.xml"}, {"form_type": "4", "filings_date": "2022-01-19", "url": "https://www.sec.gov/Archives/edgar/data/0001023731/000102373122000018/xslF345X03/wf-form4_164262814724142.xml"}, {"form_type": "4", "filings_date": "2022-01-19", "url": "https://www.sec.gov/Archives/edgar/data/0001023731/000102373122000017/xslF345X03/wf-form4_164262812283229.xml"}, {"form_type": "D", "filings_date": "2022-01-19", "url": "https://www.sec.gov/Archives/edgar/data/0001023731/000095017222000020/xslFormDX01/primary_doc.xml"}, {"form_type": "8-K", "filings_date": "2022-01-18", "url": "https://www.sec.gov/Archives/edgar/data/0001023731/000102373122000013/eght-20220118.htm"}, {"form_type": "S-3ASR", "filings_date": "2022-01-05", "url": "https://www.sec.gov/Archives/edgar/data/0001023731/000102373122000010/forms-3asr1522.htm"}, {"form_type": "RW", "filings_date": "2022-01-05", "url": "https://www.sec.gov/Archives/edgar/data/0001023731/000102373122000008/registrationwithdrawalrequ.htm"}, {"form_type": "S-3", "filings_date": "2022-01-04", "url": "https://www.sec.gov/Archives/edgar/data/0001023731/000102373122000006/forms-3123121.htm"}, {"form_type": "4", "filings_date": "2021-12-21", "url": "https://www.sec.gov/Archives/edgar/data/0001023731/000102373121000278/xslF345X03/wf-form4_164012225755774.xml"}, {"form_type": "4", "filings_date": "2021-12-21", "url": "https://www.sec.gov/Archives/edgar/data/0001023731/000102373121000277/xslF345X03/wf-form4_164012221170495.xml"}, {"form_type": "4", "filings_date": "2021-12-21", "url": "https://www.sec.gov/Archives/edgar/data/0001023731/000102373121000276/xslF345X03/wf-form4_164012216813368.xml"}, {"form_type": "4", "filings_date": "2021-12-17", "url": "https://www.sec.gov/Archives/edgar/data/0001023731/000102373121000272/xslF345X03/wf-form4_163977963534297.xml"}, {"form_type": "8-K", "filings_date": "2021-12-15", "url": "https://www.sec.gov/Archives/edgar/data/0001023731/000102373121000270/eght-20211213.htm"}, {"form_type": "8-K", "filings_date": "2021-12-14", "url": "https://www.sec.gov/Archives/edgar/data/0001023731/000102373121000267/eght-20211214.htm"}, {"form_type": "4", "filings_date": "2021-12-14", "url": "https://www.sec.gov/Archives/edgar/data/0001023731/000102373121000265/xslF345X03/wf-form4_163951714290853.xml"}, {"form_type": "4/A", "filings_date": "2021-12-14", "url": "https://www.sec.gov/Archives/edgar/data/0001023731/000102373121000263/xslF345X03/wf-form4a_163951699719214.xml"}, {"form_type": "8-K", "filings_date": "2021-12-01", "url": "https://www.sec.gov/Archives/edgar/data/0001023731/000102373121000260/eght-20211130.htm"}, {"form_type": "4", "filings_date": "2021-11-17", "url": "https://www.sec.gov/Archives/edgar/data/0001023731/000102373121000253/xslF345X03/wf-form4_163718330679803.xml"}, {"form_type": "4", "filings_date": "2021-11-17", "url": "https://www.sec.gov/Archives/edgar/data/0001023731/000102373121000252/xslF345X03/wf-form4_163718328243109.xml"}, {"form_type": "4", "filings_date": "2021-11-17", "url": "https://www.sec.gov/Archives/edgar/data/0001023731/000102373121000251/xslF345X03/wf-form4_163718326552013.xml"}, {"form_type": "4", "filings_date": "2021-11-17", "url": "https://www.sec.gov/Archives/edgar/data/0001023731/000102373121000250/xslF345X03/wf-form4_163718324157479.xml"}, {"form_type": "4", "filings_date": "2021-11-17", "url": "https://www.sec.gov/Archives/edgar/data/0001023731/000102373121000249/xslF345X03/wf-form4_163718321538116.xml"}, {"form_type": "10-Q", "filings_date": "2021-11-03", "url": "https://www.sec.gov/Archives/edgar/data/0001023731/000102373121000243/eght-20210930.htm"}, {"form_type": "8-K", "filings_date": "2021-11-02", "url": "https://www.sec.gov/Archives/edgar/data/0001023731/000102373121000240/eght-20211102.htm"}, {"form_type": "4", "filings_date": "2021-10-27", "url": "https://www.sec.gov/Archives/edgar/data/0001023731/000102373121000237/xslF345X03/wf-form4_163537208047841.xml"}, {"form_type": "4", "filings_date": "2021-10-27", "url": "https://www.sec.gov/Archives/edgar/data/0001023731/000102373121000236/xslF345X03/wf-form4_163537205966843.xml"}, {"form_type": "4", "filings_date": "2021-10-27", "url": "https://www.sec.gov/Archives/edgar/data/0001023731/000102373121000235/xslF345X03/wf-form4_163537203868171.xml"}, {"form_type": "4", "filings_date": "2021-10-26", "url": "https://www.sec.gov/Archives/edgar/data/0001023731/000102373121000231/xslF345X03/wf-form4_163528065290749.xml"}, {"form_type": "4", "filings_date": "2021-10-26", "url": "https://www.sec.gov/Archives/edgar/data/0001023731/000102373121000230/xslF345X03/wf-form4_163528053879089.xml"}, {"form_type": "4", "filings_date": "2021-10-26", "url": "https://www.sec.gov/Archives/edgar/data/0001023731/000102373121000229/xslF345X03/wf-form4_163528050202337.xml"}, {"form_type": "4", "filings_date": "2021-10-19", "url": "https://www.sec.gov/Archives/edgar/data/0001023731/000102373121000225/xslF345X03/wf-form4_163467727187421.xml"}, {"form_type": "4", "filings_date": "2021-10-19", "url": "https://www.sec.gov/Archives/edgar/data/0001023731/000102373121000224/xslF345X03/wf-form4_163467720057204.xml"}, {"form_type": "4", "filings_date": "2021-10-19", "url": "https://www.sec.gov/Archives/edgar/data/0001023731/000102373121000223/xslF345X03/wf-form4_163467718472760.xml"}, {"form_type": "4", "filings_date": "2021-10-19", "url": "https://www.sec.gov/Archives/edgar/data/0001023731/000102373121000222/xslF345X03/wf-form4_163467716966263.xml"}, {"form_type": "4", "filings_date": "2021-09-28", "url": "https://www.sec.gov/Archives/edgar/data/0001023731/000102373121000217/xslF345X03/wf-form4_163285929400206.xml"}, {"form_type": "4", "filings_date": "2021-09-28", "url": "https://www.sec.gov/Archives/edgar/data/0001023731/000102373121000216/xslF345X03/wf-form4_163285926314236.xml"}, {"form_type": "4", "filings_date": "2021-09-21", "url": "https://www.sec.gov/Archives/edgar/data/0001023731/000102373121000213/xslF345X03/wf-form4_163225516027628.xml"}, {"form_type": "4", "filings_date": "2021-09-21", "url": "https://www.sec.gov/Archives/edgar/data/0001023731/000102373121000212/xslF345X03/wf-form4_163225514377271.xml"}, {"form_type": "4", "filings_date": "2021-09-21", "url": "https://www.sec.gov/Archives/edgar/data/0001023731/000102373121000211/xslF345X03/wf-form4_163225512340770.xml"}, {"form_type": "4", "filings_date": "2021-09-21", "url": "https://www.sec.gov/Archives/edgar/data/0001023731/000102373121000210/xslF345X03/wf-form4_163225510440133.xml"}, {"form_type": "4", "filings_date": "2021-09-17", "url": "https://www.sec.gov/Archives/edgar/data/0001023731/000102373121000205/xslF345X03/wf-form4_163191299965480.xml"}, {"form_type": "4", "filings_date": "2021-09-16", "url": "https://www.sec.gov/Archives/edgar/data/0001023731/000102373121000203/xslF345X03/wf-form4_163182591178023.xml"}, {"form_type": "4", "filings_date": "2021-08-18", "url": "https://www.sec.gov/Archives/edgar/data/0001023731/000102373121000201/xslF345X03/wf-form4_162932161605202.xml"}, {"form_type": "4", "filings_date": "2021-08-17", "url": "https://www.sec.gov/Archives/edgar/data/0001023731/000102373121000199/xslF345X03/wf-form4_162923303482868.xml"}, {"form_type": "4", "filings_date": "2021-08-17", "url": "https://www.sec.gov/Archives/edgar/data/0001023731/000102373121000198/xslF345X03/wf-form4_162923301259778.xml"}, {"form_type": "4", "filings_date": "2021-08-17", "url": "https://www.sec.gov/Archives/edgar/data/0001023731/000102373121000197/xslF345X03/wf-form4_162923298124517.xml"}, {"form_type": "4", "filings_date": "2021-08-17", "url": "https://www.sec.gov/Archives/edgar/data/0001023731/000102373121000196/xslF345X03/wf-form4_162923295734807.xml"}, {"form_type": "4", "filings_date": "2021-08-17", "url": "https://www.sec.gov/Archives/edgar/data/0001023731/000102373121000195/xslF345X03/wf-form4_162923293393216.xml"}, {"form_type": "4", "filings_date": "2021-08-11", "url": "https://www.sec.gov/Archives/edgar/data/0001023731/000102373121000189/xslF345X03/wf-form4_162871999012643.xml"}, {"form_type": "8-K", "filings_date": "2021-08-10", "url": "https://www.sec.gov/Archives/edgar/data/0001023731/000102373121000187/eght-20210805.htm"}, {"form_type": "8-K", "filings_date": "2021-08-09", "url": "https://www.sec.gov/Archives/edgar/data/0001023731/000102373121000186/eght-20210805.htm"}, {"form_type": "4", "filings_date": "2021-08-09", "url": "https://www.sec.gov/Archives/edgar/data/0001023731/000102373121000185/xslF345X03/wf-form4_162853986282751.xml"}, {"form_type": "4", "filings_date": "2021-08-09", "url": "https://www.sec.gov/Archives/edgar/data/0001023731/000102373121000184/xslF345X03/wf-form4_162853984341877.xml"}, {"form_type": "4", "filings_date": "2021-08-09", "url": "https://www.sec.gov/Archives/edgar/data/0001023731/000102373121000183/xslF345X03/wf-form4_162853981210923.xml"}, {"form_type": "4", "filings_date": "2021-08-09", "url": "https://www.sec.gov/Archives/edgar/data/0001023731/000102373121000182/xslF345X03/wf-form4_162853978233671.xml"}, {"form_type": "4", "filings_date": "2021-08-09", "url": "https://www.sec.gov/Archives/edgar/data/0001023731/000102373121000181/xslF345X03/wf-form4_162853976620107.xml"}, {"form_type": "4", "filings_date": "2021-08-09", "url": "https://www.sec.gov/Archives/edgar/data/0001023731/000102373121000180/xslF345X03/wf-form4_162853973538950.xml"}, {"form_type": "4", "filings_date": "2021-08-09", "url": "https://www.sec.gov/Archives/edgar/data/0001023731/000102373121000179/xslF345X03/wf-form4_162853971184245.xml"}, {"form_type": "3", "filings_date": "2021-08-09", "url": "https://www.sec.gov/Archives/edgar/data/0001023731/000102373121000171/xslF345X02/wf-form3_162853935590503.xml"}, {"form_type": "10-Q", "filings_date": "2021-08-05", "url": "https://www.sec.gov/Archives/edgar/data/0001023731/000102373121000161/eght-20210630.htm"}, {"form_type": "8-K", "filings_date": "2021-08-04", "url": "https://www.sec.gov/Archives/edgar/data/0001023731/000102373121000158/eght-20210730.htm"}, {"form_type": "4", "filings_date": "2021-07-27", "url": "https://www.sec.gov/Archives/edgar/data/0001023731/000102373121000156/xslF345X03/wf-form4_162742059881423.xml"}, {"form_type": "4", "filings_date": "2021-07-27", "url": "https://www.sec.gov/Archives/edgar/data/0001023731/000102373121000155/xslF345X03/wf-form4_162742055774002.xml"}, {"form_type": "4", "filings_date": "2021-07-27", "url": "https://www.sec.gov/Archives/edgar/data/0001023731/000102373121000154/xslF345X03/wf-form4_162742051295537.xml"}, {"form_type": "4", "filings_date": "2021-07-27", "url": "https://www.sec.gov/Archives/edgar/data/0001023731/000102373121000153/xslF345X03/wf-form4_162742048330076.xml"}, {"form_type": "4", "filings_date": "2021-07-21", "url": "https://www.sec.gov/Archives/edgar/data/0001023731/000102373121000147/xslF345X03/wf-form4_162690744878914.xml"}, {"form_type": "4", "filings_date": "2021-07-20", "url": "https://www.sec.gov/Archives/edgar/data/0001023731/000102373121000145/xslF345X03/wf-form4_162681285930838.xml"}, {"form_type": "4", "filings_date": "2021-07-16", "url": "https://www.sec.gov/Archives/edgar/data/0001023731/000102373121000143/xslF345X03/wf-form4_162647049940156.xml"}, {"form_type": "4", "filings_date": "2021-07-16", "url": "https://www.sec.gov/Archives/edgar/data/0001023731/000102373121000142/xslF345X03/wf-form4_162647048019678.xml"}, {"form_type": "4", "filings_date": "2021-07-16", "url": "https://www.sec.gov/Archives/edgar/data/0001023731/000102373121000141/xslF345X03/wf-form4_162647045817736.xml"}, {"form_type": "4", "filings_date": "2021-07-16", "url": "https://www.sec.gov/Archives/edgar/data/0001023731/000102373121000140/xslF345X03/wf-form4_162647042119388.xml"}, {"form_type": "4", "filings_date": "2021-07-06", "url": "https://www.sec.gov/Archives/edgar/data/0001023731/000102373121000135/xslF345X03/wf-form4_162560305263602.xml"}, {"form_type": "4", "filings_date": "2021-07-02", "url": "https://www.sec.gov/Archives/edgar/data/0001023731/000102373121000133/xslF345X03/wf-form4_162525693804758.xml"}, {"form_type": "4", "filings_date": "2021-07-01", "url": "https://www.sec.gov/Archives/edgar/data/0001023731/000102373121000131/xslF345X03/wf-form4_162517029672997.xml"}, {"form_type": "4", "filings_date": "2021-07-01", "url": "https://www.sec.gov/Archives/edgar/data/0001023731/000102373121000130/xslF345X03/wf-form4_162517026651872.xml"}, {"form_type": "4", "filings_date": "2021-07-01", "url": "https://www.sec.gov/Archives/edgar/data/0001023731/000102373121000129/xslF345X03/wf-form4_162517020672300.xml"}, {"form_type": "4", "filings_date": "2021-07-01", "url": "https://www.sec.gov/Archives/edgar/data/0001023731/000102373121000128/xslF345X03/wf-form4_162517016272238.xml"}, {"form_type": "DEF 14A", "filings_date": "2021-06-24", "url": "https://www.sec.gov/Archives/edgar/data/0001023731/000110465921085110/tm2110409-3_def14a.htm"}, {"form_type": "4", "filings_date": "2021-06-22", "url": "https://www.sec.gov/Archives/edgar/data/0001023731/000102373121000123/xslF345X03/wf-form4_162439379170963.xml"}, {"form_type": "4", "filings_date": "2021-06-22", "url": "https://www.sec.gov/Archives/edgar/data/0001023731/000102373121000122/xslF345X03/wf-form4_162439376245416.xml"}, {"form_type": "4", "filings_date": "2021-06-21", "url": "https://www.sec.gov/Archives/edgar/data/0001023731/000102373121000119/xslF345X03/wf-form4_162430839862259.xml"}, {"form_type": "4", "filings_date": "2021-06-21", "url": "https://www.sec.gov/Archives/edgar/data/0001023731/000102373121000118/xslF345X03/wf-form4_162430837777301.xml"}, {"form_type": "4", "filings_date": "2021-06-21", "url": "https://www.sec.gov/Archives/edgar/data/0001023731/000102373121000117/xslF345X03/wf-form4_162430833903199.xml"}, {"form_type": "4", "filings_date": "2021-06-21", "url": "https://www.sec.gov/Archives/edgar/data/0001023731/000102373121000116/xslF345X03/wf-form4_162430831038616.xml"}, {"form_type": "4", "filings_date": "2021-06-21", "url": "https://www.sec.gov/Archives/edgar/data/0001023731/000102373121000115/xslF345X03/wf-form4_162430829311986.xml"}, {"form_type": "4", "filings_date": "2021-06-17", "url": "https://www.sec.gov/Archives/edgar/data/0001023731/000102373121000109/xslF345X03/wf-form4_162396278623452.xml"}, {"form_type": "4", "filings_date": "2021-06-17", "url": "https://www.sec.gov/Archives/edgar/data/0001023731/000102373121000108/xslF345X03/wf-form4_162396274893078.xml"}, {"form_type": "4", "filings_date": "2021-06-17", "url": "https://www.sec.gov/Archives/edgar/data/0001023731/000102373121000107/xslF345X03/wf-form4_162396266796140.xml"}, {"form_type": "4", "filings_date": "2021-06-17", "url": "https://www.sec.gov/Archives/edgar/data/0001023731/000102373121000106/xslF345X03/wf-form4_162396263242730.xml"}, {"form_type": "4", "filings_date": "2021-06-17", "url": "https://www.sec.gov/Archives/edgar/data/0001023731/000102373121000105/xslF345X03/wf-form4_162396254473018.xml"}, {"form_type": "4", "filings_date": "2021-06-17", "url": "https://www.sec.gov/Archives/edgar/data/0001023731/000102373121000104/xslF345X03/wf-form4_162396250516322.xml"}, {"form_type": "4", "filings_date": "2021-06-08", "url": "https://www.sec.gov/Archives/edgar/data/0001023731/000102373121000097/xslF345X03/wf-form4_162318373563171.xml"}, {"form_type": "4", "filings_date": "2021-05-19", "url": "https://www.sec.gov/Archives/edgar/data/0001023731/000102373121000095/xslF345X03/wf-form4_162145507593133.xml"}, {"form_type": "4", "filings_date": "2021-05-18", "url": "https://www.sec.gov/Archives/edgar/data/0001023731/000102373121000093/xslF345X03/wf-form4_162136813980072.xml"}, {"form_type": "10-K", "filings_date": "2021-05-17", "url": "https://www.sec.gov/Archives/edgar/data/0001023731/000102373121000091/eght-20210331.htm"}, {"form_type": "4", "filings_date": "2021-05-12", "url": "https://www.sec.gov/Archives/edgar/data/0001023731/000102373121000088/xslF345X03/wf-form4_162086049974230.xml"}, {"form_type": "8-K/A", "filings_date": "2021-05-11", "url": "https://www.sec.gov/Archives/edgar/data/0001023731/000102373121000085/eght-20210510.htm"}, {"form_type": "8-K", "filings_date": "2021-05-10", "url": "https://www.sec.gov/Archives/edgar/data/0001023731/000102373121000083/eght-20210510.htm"}, {"form_type": "4", "filings_date": "2021-05-04", "url": "https://www.sec.gov/Archives/edgar/data/0001023731/000102373121000080/xslF345X03/wf-form4_162015869038818.xml"}, {"form_type": "4", "filings_date": "2021-04-28", "url": "https://www.sec.gov/Archives/edgar/data/0001023731/000102373121000078/xslF345X03/wf-form4_161964974481070.xml"}, {"form_type": "4", "filings_date": "2021-04-27", "url": "https://www.sec.gov/Archives/edgar/data/0001023731/000102373121000076/xslF345X03/wf-form4_161955424426945.xml"}, {"form_type": "4", "filings_date": "2021-04-27", "url": "https://www.sec.gov/Archives/edgar/data/0001023731/000102373121000074/xslF345X03/wf-form4_161955406762950.xml"}, {"form_type": "4", "filings_date": "2021-04-27", "url": "https://www.sec.gov/Archives/edgar/data/0001023731/000102373121000072/xslF345X03/wf-form4_161955388127270.xml"}, {"form_type": "4", "filings_date": "2021-04-27", "url": "https://www.sec.gov/Archives/edgar/data/0001023731/000102373121000070/xslF345X03/wf-form4_161955366431620.xml"}, {"form_type": "4", "filings_date": "2021-04-19", "url": "https://www.sec.gov/Archives/edgar/data/0001023731/000102373121000068/xslF345X03/wf-form4_161886343634507.xml"}, {"form_type": "4", "filings_date": "2021-04-19", "url": "https://www.sec.gov/Archives/edgar/data/0001023731/000102373121000066/xslF345X03/wf-form4_161886336568342.xml"}, {"form_type": "4", "filings_date": "2021-04-19", "url": "https://www.sec.gov/Archives/edgar/data/0001023731/000102373121000064/xslF345X03/wf-form4_161886329844060.xml"}, {"form_type": "4", "filings_date": "2021-04-19", "url": "https://www.sec.gov/Archives/edgar/data/0001023731/000102373121000062/xslF345X03/wf-form4_161886323243869.xml"}, {"form_type": "4", "filings_date": "2021-04-19", "url": "https://www.sec.gov/Archives/edgar/data/0001023731/000102373121000060/xslF345X03/wf-form4_161886317128503.xml"}, {"form_type": "4", "filings_date": "2021-03-23", "url": "https://www.sec.gov/Archives/edgar/data/0001023731/000102373121000058/xslF345X03/wf-form4_161653140040789.xml"}, {"form_type": "4", "filings_date": "2021-03-19", "url": "https://www.sec.gov/Archives/edgar/data/0001023731/000102373121000056/xslF345X03/wf-form4_161615932418176.xml"}, {"form_type": "4", "filings_date": "2021-03-19", "url": "https://www.sec.gov/Archives/edgar/data/0001023731/000102373121000054/xslF345X03/wf-form4_161615924659136.xml"}, {"form_type": "4", "filings_date": "2021-03-19", "url": "https://www.sec.gov/Archives/edgar/data/0001023731/000102373121000052/xslF345X03/wf-form4_161615916169217.xml"}, {"form_type": "4", "filings_date": "2021-03-19", "url": "https://www.sec.gov/Archives/edgar/data/0001023731/000102373121000050/xslF345X03/wf-form4_161615904953385.xml"}, {"form_type": "4", "filings_date": "2021-03-16", "url": "https://www.sec.gov/Archives/edgar/data/0001023731/000102373121000048/xslF345X03/wf-form4_161593521106189.xml"}, {"form_type": "4", "filings_date": "2021-03-05", "url": "https://www.sec.gov/Archives/edgar/data/0001023731/000102373121000046/xslF345X03/wf-form4_161497943772052.xml"}, {"form_type": "4", "filings_date": "2021-03-05", "url": "https://www.sec.gov/Archives/edgar/data/0001023731/000102373121000044/xslF345X03/wf-form4_161497937263963.xml"}, {"form_type": "4", "filings_date": "2021-02-18", "url": "https://www.sec.gov/Archives/edgar/data/0001023731/000102373121000042/xslF345X03/wf-form4_161368584034819.xml"}, {"form_type": "4", "filings_date": "2021-02-17", "url": "https://www.sec.gov/Archives/edgar/data/0001023731/000102373121000040/xslF345X03/wf-form4_161359592095458.xml"}, {"form_type": "4", "filings_date": "2021-02-17", "url": "https://www.sec.gov/Archives/edgar/data/0001023731/000102373121000038/xslF345X03/wf-form4_161359583922067.xml"}, {"form_type": "SC 13G/A", "filings_date": "2021-02-10", "url": "https://www.sec.gov/Archives/edgar/data/0001023731/000110465921017313/tv0103-8x8inc.htm"}, {"form_type": "SC 13G/A", "filings_date": "2021-02-05", "url": "https://www.sec.gov/Archives/edgar/data/0001023731/000083423721007488/us2829141009_020421.txt"}, {"form_type": "10-Q", "filings_date": "2021-01-29", "url": "https://www.sec.gov/Archives/edgar/data/0001023731/000102373121000035/eght-20201231.htm"}, {"form_type": "8-K", "filings_date": "2021-01-28", "url": "https://www.sec.gov/Archives/edgar/data/0001023731/000102373121000031/eght-20210128.htm"}, {"form_type": "4", "filings_date": "2021-01-26", "url": "https://www.sec.gov/Archives/edgar/data/0001023731/000102373121000026/xslF345X03/wf-form4_161169531042041.xml"}, {"form_type": "4", "filings_date": "2021-01-26", "url": "https://www.sec.gov/Archives/edgar/data/0001023731/000102373121000024/xslF345X03/wf-form4_161169523380944.xml"}, {"form_type": "4", "filings_date": "2021-01-26", "url": "https://www.sec.gov/Archives/edgar/data/0001023731/000102373121000022/xslF345X03/wf-form4_161169504278315.xml"}, {"form_type": "4", "filings_date": "2021-01-26", "url": "https://www.sec.gov/Archives/edgar/data/0001023731/000102373121000020/xslF345X03/wf-form4_161169499202476.xml"}, {"form_type": "4", "filings_date": "2021-01-21", "url": "https://www.sec.gov/Archives/edgar/data/0001023731/000102373121000018/xslF345X03/wf-form4_161126491567311.xml"}, {"form_type": "4/A", "filings_date": "2021-01-19", "url": "https://www.sec.gov/Archives/edgar/data/0001023731/000102373121000016/xslF345X03/wf-form4a_161110723210185.xml"}, {"form_type": "4/A", "filings_date": "2021-01-19", "url": "https://www.sec.gov/Archives/edgar/data/0001023731/000102373121000014/xslF345X03/wf-form4a_161110718459962.xml"}, {"form_type": "4", "filings_date": "2021-01-19", "url": "https://www.sec.gov/Archives/edgar/data/0001023731/000102373121000010/xslF345X03/wf-form4_161109695774126.xml"}, {"form_type": "4", "filings_date": "2021-01-19", "url": "https://www.sec.gov/Archives/edgar/data/0001023731/000102373121000008/xslF345X03/wf-form4_161109685392533.xml"}, {"form_type": "4", "filings_date": "2021-01-19", "url": "https://www.sec.gov/Archives/edgar/data/0001023731/000102373121000006/xslF345X03/wf-form4_161109677023822.xml"}, {"form_type": "4", "filings_date": "2021-01-19", "url": "https://www.sec.gov/Archives/edgar/data/0001023731/000102373121000004/xslF345X03/wf-form4_161109223261230.xml"}, {"form_type": "4", "filings_date": "2021-01-19", "url": "https://www.sec.gov/Archives/edgar/data/0001023731/000102373121000002/xslF345X03/wf-form4_161109216768247.xml"}, {"form_type": "4", "filings_date": "2020-12-31", "url": "https://www.sec.gov/Archives/edgar/data/0001023731/000102373120000225/xslF345X03/wf-form4_160944846476922.xml"}, {"form_type": "4", "filings_date": "2020-12-21", "url": "https://www.sec.gov/Archives/edgar/data/0001023731/000102373120000223/xslF345X03/wf-form4_160859770506824.xml"}, {"form_type": "4", "filings_date": "2020-12-21", "url": "https://www.sec.gov/Archives/edgar/data/0001023731/000102373120000221/xslF345X03/wf-form4_160859764177305.xml"}, {"form_type": "4", "filings_date": "2020-12-21", "url": "https://www.sec.gov/Archives/edgar/data/0001023731/000102373120000219/xslF345X03/wf-form4_160859757603249.xml"}, {"form_type": "4", "filings_date": "2020-12-21", "url": "https://www.sec.gov/Archives/edgar/data/0001023731/000102373120000217/xslF345X03/wf-form4_160859750776228.xml"}, {"form_type": "SC 13G", "filings_date": "2020-12-21", "url": "https://www.sec.gov/Archives/edgar/data/0001023731/000091957420007640/d8691549_13g.htm"}, {"form_type": "S-8", "filings_date": "2020-12-18", "url": "https://www.sec.gov/Archives/edgar/data/0001023731/000102373120000215/a8x8_forms-82017neiiprefre.htm"}, {"form_type": "4", "filings_date": "2020-12-16", "url": "https://www.sec.gov/Archives/edgar/data/0001023731/000102373120000211/xslF345X03/wf-form4_160816123856421.xml"}, {"form_type": "4", "filings_date": "2020-12-15", "url": "https://www.sec.gov/Archives/edgar/data/0001023731/000102373120000209/xslF345X03/wf-form4_160806908603808.xml"}, {"form_type": "4", "filings_date": "2020-12-14", "url": "https://www.sec.gov/Archives/edgar/data/0001023731/000102373120000207/xslF345X03/wf-form4_160798202421215.xml"}, {"form_type": "4", "filings_date": "2020-12-14", "url": "https://www.sec.gov/Archives/edgar/data/0001023731/000102373120000205/xslF345X03/wf-form4_160798196942444.xml"}, {"form_type": "4", "filings_date": "2020-12-11", "url": "https://www.sec.gov/Archives/edgar/data/0001023731/000120919120063058/xslF345X03/doc4.xml"}, {"form_type": "3", "filings_date": "2020-12-11", "url": "https://www.sec.gov/Archives/edgar/data/0001023731/000120919120063057/xslF345X02/doc3.xml"}, {"form_type": "8-K", "filings_date": "2020-12-10", "url": "https://www.sec.gov/Archives/edgar/data/0001023731/000119312520314457/d98124d8k.htm"}, {"form_type": "4", "filings_date": "2020-11-12", "url": "https://www.sec.gov/Archives/edgar/data/0001023731/000102373120000203/xslF345X03/wf-form4_160518720218919.xml"}, {"form_type": "3", "filings_date": "2020-11-02", "url": "https://www.sec.gov/Archives/edgar/data/0001023731/000102373120000200/xslF345X02/wf-form3_160435457957614.xml"}, {"form_type": "3", "filings_date": "2020-11-02", "url": "https://www.sec.gov/Archives/edgar/data/0001023731/000102373120000198/xslF345X02/wf-form3_160435438915283.xml"}, {"form_type": "8-K", "filings_date": "2020-11-02", "url": "https://www.sec.gov/Archives/edgar/data/0001023731/000102373120000194/eght-20201022.htm"}, {"form_type": "S-8", "filings_date": "2020-10-30", "url": "https://www.sec.gov/Archives/edgar/data/0001023731/000102373120000192/a8x8_forms-8espp.htm"}, {"form_type": "4", "filings_date": "2020-10-29", "url": "https://www.sec.gov/Archives/edgar/data/0001023731/000102373120000189/xslF345X03/wf-form4_160401418177181.xml"}, {"form_type": "4", "filings_date": "2020-10-29", "url": "https://www.sec.gov/Archives/edgar/data/0001023731/000102373120000187/xslF345X03/wf-form4_160401411504989.xml"}, {"form_type": "4", "filings_date": "2020-10-29", "url": "https://www.sec.gov/Archives/edgar/data/0001023731/000102373120000185/xslF345X03/wf-form4_160401404565608.xml"}, {"form_type": "4", "filings_date": "2020-10-29", "url": "https://www.sec.gov/Archives/edgar/data/0001023731/000102373120000183/xslF345X03/wf-form4_160401398722730.xml"}, {"form_type": "4", "filings_date": "2020-10-29", "url": "https://www.sec.gov/Archives/edgar/data/0001023731/000102373120000181/xslF345X03/wf-form4_160401391556450.xml"}, {"form_type": "10-Q", "filings_date": "2020-10-29", "url": "https://www.sec.gov/Archives/edgar/data/0001023731/000102373120000179/eght-20200930.htm"}, {"form_type": "8-K", "filings_date": "2020-10-28", "url": "https://www.sec.gov/Archives/edgar/data/0001023731/000102373120000176/eght-20201028.htm"}, {"form_type": "4", "filings_date": "2020-10-27", "url": "https://www.sec.gov/Archives/edgar/data/0001023731/000102373120000171/xslF345X03/wf-form4_160383059825424.xml"}, {"form_type": "4", "filings_date": "2020-10-27", "url": "https://www.sec.gov/Archives/edgar/data/0001023731/000102373120000169/xslF345X03/wf-form4_160383052640178.xml"}, {"form_type": "4", "filings_date": "2020-10-27", "url": "https://www.sec.gov/Archives/edgar/data/0001023731/000102373120000167/xslF345X03/wf-form4_160383045955315.xml"}, {"form_type": "4", "filings_date": "2020-10-27", "url": "https://www.sec.gov/Archives/edgar/data/0001023731/000102373120000165/xslF345X03/wf-form4_160383039252589.xml"}, {"form_type": "4", "filings_date": "2020-10-27", "url": "https://www.sec.gov/Archives/edgar/data/0001023731/000102373120000163/xslF345X03/wf-form4_160383029394904.xml"}, {"form_type": "4", "filings_date": "2020-10-19", "url": "https://www.sec.gov/Archives/edgar/data/0001023731/000102373120000159/xslF345X03/wf-form4_160314027961527.xml"}, {"form_type": "4", "filings_date": "2020-10-19", "url": "https://www.sec.gov/Archives/edgar/data/0001023731/000102373120000157/xslF345X03/wf-form4_160314019357352.xml"}, {"form_type": "4", "filings_date": "2020-10-19", "url": "https://www.sec.gov/Archives/edgar/data/0001023731/000102373120000155/xslF345X03/wf-form4_160314011577019.xml"}, {"form_type": "4", "filings_date": "2020-10-19", "url": "https://www.sec.gov/Archives/edgar/data/0001023731/000102373120000153/xslF345X03/wf-form4_160313984741349.xml"}, {"form_type": "4", "filings_date": "2020-10-19", "url": "https://www.sec.gov/Archives/edgar/data/0001023731/000102373120000151/xslF345X03/wf-form4_160313972774219.xml"}, {"form_type": "4", "filings_date": "2020-09-28", "url": "https://www.sec.gov/Archives/edgar/data/0001023731/000102373120000149/xslF345X03/wf-form4_160133108255519.xml"}, {"form_type": "4", "filings_date": "2020-09-24", "url": "https://www.sec.gov/Archives/edgar/data/0001023731/000102373120000147/xslF345X03/wf-form4_160098038476458.xml"}, {"form_type": "4", "filings_date": "2020-09-24", "url": "https://www.sec.gov/Archives/edgar/data/0001023731/000102373120000145/xslF345X03/wf-form4_160098030876145.xml"}, {"form_type": "4", "filings_date": "2020-09-24", "url": "https://www.sec.gov/Archives/edgar/data/0001023731/000102373120000143/xslF345X03/wf-form4_160098023075660.xml"}, {"form_type": "4", "filings_date": "2020-09-22", "url": "https://www.sec.gov/Archives/edgar/data/0001023731/000102373120000141/xslF345X03/wf-form4_160081313107614.xml"}, {"form_type": "4", "filings_date": "2020-09-22", "url": "https://www.sec.gov/Archives/edgar/data/0001023731/000102373120000139/xslF345X03/wf-form4_160081303760916.xml"}, {"form_type": "4", "filings_date": "2020-09-22", "url": "https://www.sec.gov/Archives/edgar/data/0001023731/000102373120000137/xslF345X03/wf-form4_160081293973937.xml"}, {"form_type": "4", "filings_date": "2020-09-21", "url": "https://www.sec.gov/Archives/edgar/data/0001023731/000102373120000135/xslF345X03/wf-form4_160072626892202.xml"}, {"form_type": "4", "filings_date": "2020-09-21", "url": "https://www.sec.gov/Archives/edgar/data/0001023731/000102373120000133/xslF345X03/wf-form4_160072618018175.xml"}, {"form_type": "4", "filings_date": "2020-09-21", "url": "https://www.sec.gov/Archives/edgar/data/0001023731/000102373120000131/xslF345X03/wf-form4_160072608024742.xml"}, {"form_type": "4", "filings_date": "2020-09-21", "url": "https://www.sec.gov/Archives/edgar/data/0001023731/000102373120000129/xslF345X03/wf-form4_160072597576636.xml"}, {"form_type": "4", "filings_date": "2020-09-21", "url": "https://www.sec.gov/Archives/edgar/data/0001023731/000102373120000127/xslF345X03/wf-form4_160072586915096.xml"}, {"form_type": "4", "filings_date": "2020-09-15", "url": "https://www.sec.gov/Archives/edgar/data/0001023731/000102373120000125/xslF345X03/wf-form4_160017341940457.xml"}, {"form_type": "8-K", "filings_date": "2020-08-13", "url": "https://www.sec.gov/Archives/edgar/data/0001023731/000102373120000123/a8-kcoverpagexannualme.htm"}, {"form_type": "4", "filings_date": "2020-08-12", "url": "https://www.sec.gov/Archives/edgar/data/0001023731/000102373120000119/xslF345X03/wf-form4_159726781102570.xml"}, {"form_type": "4", "filings_date": "2020-08-12", "url": "https://www.sec.gov/Archives/edgar/data/0001023731/000102373120000118/xslF345X03/wf-form4_159726753816329.xml"}, {"form_type": "4", "filings_date": "2020-08-12", "url": "https://www.sec.gov/Archives/edgar/data/0001023731/000102373120000115/xslF345X03/wf-form4_159726693133073.xml"}, {"form_type": "4", "filings_date": "2020-08-12", "url": "https://www.sec.gov/Archives/edgar/data/0001023731/000102373120000112/xslF345X03/wf-form4_159726678745399.xml"}, {"form_type": "4", "filings_date": "2020-08-12", "url": "https://www.sec.gov/Archives/edgar/data/0001023731/000102373120000110/xslF345X03/wf-form4_159726669395771.xml"}, {"form_type": "4", "filings_date": "2020-08-12", "url": "https://www.sec.gov/Archives/edgar/data/0001023731/000102373120000108/xslF345X03/wf-form4_159726653012596.xml"}, {"form_type": "10-Q", "filings_date": "2020-08-04", "url": "https://www.sec.gov/Archives/edgar/data/0001023731/000102373120000106/a8x8630202010-qq1.htm"}, {"form_type": "4", "filings_date": "2020-08-04", "url": "https://www.sec.gov/Archives/edgar/data/0001023731/000102373120000104/xslF345X03/wf-form4_159657154136331.xml"}, {"form_type": "8-K", "filings_date": "2020-07-30", "url": "https://www.sec.gov/Archives/edgar/data/0001023731/000102373120000100/a8-kcoverpage63020.htm"}, {"form_type": "4", "filings_date": "2020-07-27", "url": "https://www.sec.gov/Archives/edgar/data/0001023731/000102373120000098/xslF345X03/wf-form4_159588100583066.xml"}, {"form_type": "4", "filings_date": "2020-07-27", "url": "https://www.sec.gov/Archives/edgar/data/0001023731/000102373120000096/xslF345X03/wf-form4_159588091132103.xml"}, {"form_type": "4", "filings_date": "2020-07-27", "url": "https://www.sec.gov/Archives/edgar/data/0001023731/000102373120000094/xslF345X03/wf-form4_159588081882276.xml"}, {"form_type": "4", "filings_date": "2020-07-27", "url": "https://www.sec.gov/Archives/edgar/data/0001023731/000102373120000092/xslF345X03/wf-form4_159588074252574.xml"}, {"form_type": "4", "filings_date": "2020-07-27", "url": "https://www.sec.gov/Archives/edgar/data/0001023731/000102373120000090/xslF345X03/wf-form4_159588066355998.xml"}, {"form_type": "4", "filings_date": "2020-07-17", "url": "https://www.sec.gov/Archives/edgar/data/0001023731/000102373120000088/xslF345X03/wf-form4_159501665693013.xml"}, {"form_type": "4", "filings_date": "2020-07-17", "url": "https://www.sec.gov/Archives/edgar/data/0001023731/000102373120000086/xslF345X03/wf-form4_159501658153069.xml"}, {"form_type": "4", "filings_date": "2020-07-17", "url": "https://www.sec.gov/Archives/edgar/data/0001023731/000102373120000084/xslF345X03/wf-form4_159501650645778.xml"}, {"form_type": "4", "filings_date": "2020-07-17", "url": "https://www.sec.gov/Archives/edgar/data/0001023731/000102373120000082/xslF345X03/wf-form4_159501642659785.xml"}, {"form_type": "4", "filings_date": "2020-07-17", "url": "https://www.sec.gov/Archives/edgar/data/0001023731/000102373120000081/xslF345X03/wf-form4_159501635946795.xml"}, {"form_type": "8-K", "filings_date": "2020-07-16", "url": "https://www.sec.gov/Archives/edgar/data/0001023731/000102373120000079/a8-kcoverstockex71620.htm"}, {"form_type": "SC 13G/A", "filings_date": "2020-07-07", "url": "https://www.sec.gov/Archives/edgar/data/0001023731/000108514620001694/sylebraeght13ga1070620.htm"}, {"form_type": "4", "filings_date": "2020-07-01", "url": "https://www.sec.gov/Archives/edgar/data/0001023731/000102373120000075/xslF345X03/wf-form4_159364450310743.xml"}, {"form_type": "4", "filings_date": "2020-07-01", "url": "https://www.sec.gov/Archives/edgar/data/0001023731/000102373120000074/xslF345X03/wf-form4_159364442701330.xml"}, {"form_type": "4", "filings_date": "2020-07-01", "url": "https://www.sec.gov/Archives/edgar/data/0001023731/000102373120000073/xslF345X03/wf-form4_159364417747062.xml"}, {"form_type": "DEFA14A", "filings_date": "2020-06-30", "url": "https://www.sec.gov/Archives/edgar/data/0001023731/000102373120000071/a8x8inc-2020proxyadditiona.htm"}, {"form_type": "DEF 14A", "filings_date": "2020-06-30", "url": "https://www.sec.gov/Archives/edgar/data/0001023731/000102373120000069/a8x8incproxy-2020.htm"}, {"form_type": "4", "filings_date": "2020-06-23", "url": "https://www.sec.gov/Archives/edgar/data/0001023731/000102373120000067/xslF345X03/wf-form4_159293463341329.xml"}, {"form_type": "4", "filings_date": "2020-06-10", "url": "https://www.sec.gov/Archives/edgar/data/0001023731/000102373120000065/xslF345X03/wf-form4_159182474523654.xml"}, {"form_type": "3", "filings_date": "2020-06-10", "url": "https://www.sec.gov/Archives/edgar/data/0001023731/000102373120000064/xslF345X02/wf-form3_159182470098088.xml"}, {"form_type": "8-K/A", "filings_date": "2020-06-10", "url": "https://www.sec.gov/Archives/edgar/data/0001023731/000102373120000061/a8-ka61020.htm"}, {"form_type": "8-K", "filings_date": "2020-06-09", "url": "https://www.sec.gov/Archives/edgar/data/0001023731/000102373120000057/a8-kcoverpage6920.htm"}, {"form_type": "S-8", "filings_date": "2020-05-21", "url": "https://www.sec.gov/Archives/edgar/data/0001023731/000102373120000054/a8x8_forms-8espp.htm"}, {"form_type": "10-K", "filings_date": "2020-05-19", "url": "https://www.sec.gov/Archives/edgar/data/0001023731/000102373120000049/a8x8331202010-k.htm"}, {"form_type": "8-K", "filings_date": "2020-05-12", "url": "https://www.sec.gov/Archives/edgar/data/0001023731/000102373120000045/a8-kcoverpage33120.htm"}, {"form_type": "4", "filings_date": "2020-04-27", "url": "https://www.sec.gov/Archives/edgar/data/0001023731/000102373120000041/xslF345X03/wf-form4_158801898836384.xml"}, {"form_type": "4", "filings_date": "2020-04-27", "url": "https://www.sec.gov/Archives/edgar/data/0001023731/000102373120000040/xslF345X03/wf-form4_158801895063182.xml"}, {"form_type": "4", "filings_date": "2020-04-27", "url": "https://www.sec.gov/Archives/edgar/data/0001023731/000102373120000039/xslF345X03/wf-form4_158801877924246.xml"}, {"form_type": "4", "filings_date": "2020-04-27", "url": "https://www.sec.gov/Archives/edgar/data/0001023731/000102373120000038/xslF345X03/wf-form4_158801873010951.xml"}, {"form_type": "4", "filings_date": "2020-04-27", "url": "https://www.sec.gov/Archives/edgar/data/0001023731/000102373120000037/xslF345X03/wf-form4_158801870644186.xml"}, {"form_type": "4", "filings_date": "2020-03-24", "url": "https://www.sec.gov/Archives/edgar/data/0001023731/000102373120000035/xslF345X03/wf-form4_158508205694414.xml"}, {"form_type": "4", "filings_date": "2020-02-19", "url": "https://www.sec.gov/Archives/edgar/data/0001023731/000102373120000033/xslF345X03/wf-form4_158214789992815.xml"}, {"form_type": "4", "filings_date": "2020-02-19", "url": "https://www.sec.gov/Archives/edgar/data/0001023731/000102373120000032/xslF345X03/wf-form4_158214778078168.xml"}, {"form_type": "4", "filings_date": "2020-02-19", "url": "https://www.sec.gov/Archives/edgar/data/0001023731/000102373120000031/xslF345X03/wf-form4_158214772432441.xml"}, {"form_type": "4", "filings_date": "2020-02-18", "url": "https://www.sec.gov/Archives/edgar/data/0001023731/000102373120000028/xslF345X03/wf-form4_158206260842752.xml"}, {"form_type": "SC 13G/A", "filings_date": "2020-02-14", "url": "https://www.sec.gov/Archives/edgar/data/0001023731/000089914020000173/p33099610a.htm"}, {"form_type": "SC 13G/A", "filings_date": "2020-02-14", "url": "https://www.sec.gov/Archives/edgar/data/0001023731/000089914020000171/p33099610a.htm"}, {"form_type": "4", "filings_date": "2020-02-13", "url": "https://www.sec.gov/Archives/edgar/data/0001023731/000102373120000026/xslF345X03/wf-form4_158163011810513.xml"}, {"form_type": "4", "filings_date": "2020-02-12", "url": "https://www.sec.gov/Archives/edgar/data/0001023731/000102373120000024/xslF345X03/wf-form4_158154214199606.xml"}, {"form_type": "SC 13G/A", "filings_date": "2020-02-12", "url": "https://www.sec.gov/Archives/edgar/data/0001023731/000110465920017318/tv0811-8x8inc.htm"}, {"form_type": "SC 13G/A", "filings_date": "2020-02-10", "url": "https://www.sec.gov/Archives/edgar/data/0001023731/000083423720008746/us2829141009_020720.txt"}, {"form_type": "10-Q", "filings_date": "2020-02-05", "url": "https://www.sec.gov/Archives/edgar/data/0001023731/000102373120000020/a8x81231201910-qq3.htm"}, {"form_type": "8-K", "filings_date": "2020-02-04", "url": "https://www.sec.gov/Archives/edgar/data/0001023731/000102373120000016/a8-kcoverpage.htm"}, {"form_type": "4", "filings_date": "2020-01-27", "url": "https://www.sec.gov/Archives/edgar/data/0001023731/000102373120000013/xslF345X03/wf-form4_158015964958981.xml"}, {"form_type": "4", "filings_date": "2020-01-27", "url": "https://www.sec.gov/Archives/edgar/data/0001023731/000102373120000012/xslF345X03/wf-form4_158015958852367.xml"}, {"form_type": "4", "filings_date": "2020-01-27", "url": "https://www.sec.gov/Archives/edgar/data/0001023731/000102373120000011/xslF345X03/wf-form4_158015942981799.xml"}, {"form_type": "4", "filings_date": "2020-01-27", "url": "https://www.sec.gov/Archives/edgar/data/0001023731/000102373120000010/xslF345X03/wf-form4_158015938527624.xml"}, {"form_type": "4", "filings_date": "2020-01-27", "url": "https://www.sec.gov/Archives/edgar/data/0001023731/000102373120000009/xslF345X03/wf-form4_158015932530352.xml"}, {"form_type": "SC 13G", "filings_date": "2020-01-22", "url": "https://www.sec.gov/Archives/edgar/data/0001023731/000108514620000248/eghtus_11720.htm"}, {"form_type": "8-K", "filings_date": "2020-01-16", "url": "https://www.sec.gov/Archives/edgar/data/0001023731/000102373120000002/a8-kcoverpage.htm"}, {"form_type": "4", "filings_date": "2019-12-16", "url": "https://www.sec.gov/Archives/edgar/data/0001023731/000102373119000152/xslF345X03/wf-form4_157649910203228.xml"}, {"form_type": "8-K", "filings_date": "2019-11-21", "url": "https://www.sec.gov/Archives/edgar/data/0001023731/000119312519297600/d826416d8k.htm"}, {"form_type": "424B2", "filings_date": "2019-11-20", "url": "https://www.sec.gov/Archives/edgar/data/0001023731/000119312519296561/d819078d424b2.htm"}, {"form_type": "4", "filings_date": "2019-11-19", "url": "https://www.sec.gov/Archives/edgar/data/0001023731/000102373119000150/xslF345X03/wf-form4_157419768000962.xml"}, {"form_type": "S-3ASR", "filings_date": "2019-11-18", "url": "https://www.sec.gov/Archives/edgar/data/0001023731/000119312519294671/d819078ds3asr.htm"}, {"form_type": "4", "filings_date": "2019-10-31", "url": "https://www.sec.gov/Archives/edgar/data/0001023731/000102373119000148/xslF345X03/wf-form4_157255527932462.xml"}, {"form_type": "10-Q", "filings_date": "2019-10-31", "url": "https://www.sec.gov/Archives/edgar/data/0001023731/000102373119000146/a8x89301910-qq2.htm"}, {"form_type": "8-K", "filings_date": "2019-10-30", "url": "https://www.sec.gov/Archives/edgar/data/0001023731/000102373119000144/a8-kcoverpage93019earn.htm"}, {"form_type": "4", "filings_date": "2019-10-24", "url": "https://www.sec.gov/Archives/edgar/data/0001023731/000102373119000142/xslF345X03/wf-form4_157195729396436.xml"}, {"form_type": "4", "filings_date": "2019-10-24", "url": "https://www.sec.gov/Archives/edgar/data/0001023731/000102373119000141/xslF345X03/wf-form4_157195723179345.xml"}, {"form_type": "4", "filings_date": "2019-10-24", "url": "https://www.sec.gov/Archives/edgar/data/0001023731/000102373119000140/xslF345X03/wf-form4_157195709716255.xml"}, {"form_type": "4", "filings_date": "2019-10-24", "url": "https://www.sec.gov/Archives/edgar/data/0001023731/000102373119000139/xslF345X03/wf-form4_157194763057422.xml"}, {"form_type": "4", "filings_date": "2019-10-24", "url": "https://www.sec.gov/Archives/edgar/data/0001023731/000102373119000138/xslF345X03/wf-form4_157194758803232.xml"}, {"form_type": "4", "filings_date": "2019-09-30", "url": "https://www.sec.gov/Archives/edgar/data/0001023731/000102373119000132/xslF345X03/wf-form4_156987422098412.xml"}, {"form_type": "4", "filings_date": "2019-09-23", "url": "https://www.sec.gov/Archives/edgar/data/0001023731/000102373119000130/xslF345X03/wf-form4_156926924377912.xml"}, {"form_type": "4", "filings_date": "2019-09-23", "url": "https://www.sec.gov/Archives/edgar/data/0001023731/000102373119000129/xslF345X03/wf-form4_156926918203956.xml"}, {"form_type": "4", "filings_date": "2019-09-23", "url": "https://www.sec.gov/Archives/edgar/data/0001023731/000102373119000128/xslF345X03/wf-form4_156926912188486.xml"}, {"form_type": "4", "filings_date": "2019-09-19", "url": "https://www.sec.gov/Archives/edgar/data/0001023731/000102373119000124/xslF345X03/wf-form4_156892417255662.xml"}, {"form_type": "4", "filings_date": "2019-09-19", "url": "https://www.sec.gov/Archives/edgar/data/0001023731/000102373119000123/xslF345X03/wf-form4_156892410773571.xml"}, {"form_type": "4", "filings_date": "2019-09-19", "url": "https://www.sec.gov/Archives/edgar/data/0001023731/000102373119000122/xslF345X03/wf-form4_156892401851324.xml"}, {"form_type": "4", "filings_date": "2019-09-19", "url": "https://www.sec.gov/Archives/edgar/data/0001023731/000102373119000121/xslF345X03/wf-form4_156892396141506.xml"}, {"form_type": "4", "filings_date": "2019-09-19", "url": "https://www.sec.gov/Archives/edgar/data/0001023731/000102373119000120/xslF345X03/wf-form4_156892388369233.xml"}, {"form_type": "4", "filings_date": "2019-09-03", "url": "https://www.sec.gov/Archives/edgar/data/0001023731/000102373119000114/xslF345X03/wf-form4_156754112986221.xml"}, {"form_type": "S-8", "filings_date": "2019-08-26", "url": "https://www.sec.gov/Archives/edgar/data/0001023731/000102373119000112/a8x8-formsx8xaugust2019.htm"}, {"form_type": "4", "filings_date": "2019-08-19", "url": "https://www.sec.gov/Archives/edgar/data/0001023731/000102373119000107/xslF345X03/wf-form4_156624526999966.xml"}, {"form_type": "4", "filings_date": "2019-08-08", "url": "https://www.sec.gov/Archives/edgar/data/0001023731/000102373119000105/xslF345X03/wf-form4_156529529011854.xml"}, {"form_type": "4", "filings_date": "2019-08-08", "url": "https://www.sec.gov/Archives/edgar/data/0001023731/000102373119000104/xslF345X03/wf-form4_156529522235339.xml"}, {"form_type": "4", "filings_date": "2019-08-08", "url": "https://www.sec.gov/Archives/edgar/data/0001023731/000102373119000103/xslF345X03/wf-form4_156529517243151.xml"}, {"form_type": "4", "filings_date": "2019-08-08", "url": "https://www.sec.gov/Archives/edgar/data/0001023731/000102373119000102/xslF345X03/wf-form4_156529510858686.xml"}, {"form_type": "4", "filings_date": "2019-08-05", "url": "https://www.sec.gov/Archives/edgar/data/0001023731/000102373119000097/xslF345X03/wf-form4_156503666704542.xml"}, {"form_type": "4", "filings_date": "2019-08-05", "url": "https://www.sec.gov/Archives/edgar/data/0001023731/000102373119000096/xslF345X03/wf-form4_156503661406863.xml"}, {"form_type": "4", "filings_date": "2019-08-05", "url": "https://www.sec.gov/Archives/edgar/data/0001023731/000102373119000095/xslF345X03/wf-form4_156503658690212.xml"}, {"form_type": "4", "filings_date": "2019-08-05", "url": "https://www.sec.gov/Archives/edgar/data/0001023731/000102373119000094/xslF345X03/wf-form4_156503655912202.xml"}, {"form_type": "4", "filings_date": "2019-08-05", "url": "https://www.sec.gov/Archives/edgar/data/0001023731/000102373119000093/xslF345X03/wf-form4_156503650777362.xml"}, {"form_type": "4", "filings_date": "2019-08-05", "url": "https://www.sec.gov/Archives/edgar/data/0001023731/000102373119000092/xslF345X03/wf-form4_156503647724403.xml"}, {"form_type": "4", "filings_date": "2019-08-05", "url": "https://www.sec.gov/Archives/edgar/data/0001023731/000102373119000091/xslF345X03/wf-form4_156503645556061.xml"}, {"form_type": "8-K", "filings_date": "2019-08-05", "url": "https://www.sec.gov/Archives/edgar/data/0001023731/000102373119000090/a8-kcoverpagexannualme.htm"}, {"form_type": "4", "filings_date": "2019-08-05", "url": "https://www.sec.gov/Archives/edgar/data/0001023731/000102373119000081/xslF345X03/wf-form4_156499933794385.xml"}, {"form_type": "10-Q", "filings_date": "2019-07-31", "url": "https://www.sec.gov/Archives/edgar/data/0001023731/000102373119000079/a8x86301910-qq1.htm"}, {"form_type": "8-K", "filings_date": "2019-07-30", "url": "https://www.sec.gov/Archives/edgar/data/0001023731/000102373119000074/a8-kcoverpage63019earn.htm"}, {"form_type": "DEFA14A", "filings_date": "2019-07-18", "url": "https://www.sec.gov/Archives/edgar/data/0001023731/000102373119000070/a8x8inc-2019proxyadditiona.htm"}, {"form_type": "8-K", "filings_date": "2019-07-17", "url": "https://www.sec.gov/Archives/edgar/data/0001023731/000102373119000067/a8-kcoverpagexjuly172019.htm"}, {"form_type": "SC 13G/A", "filings_date": "2019-07-10", "url": "https://www.sec.gov/Archives/edgar/data/0001023731/000114420419034237/tv0005-8x8inc.htm"}, {"form_type": "8-K", "filings_date": "2019-07-08", "url": "https://www.sec.gov/Archives/edgar/data/0001023731/000102373119000065/a8-kcoverpagexnewbuildingl.htm"}, {"form_type": "DEFA14A", "filings_date": "2019-06-27", "url": "https://www.sec.gov/Archives/edgar/data/0001023731/000102373119000062/a8x8inc-2019proxycard.htm"}, {"form_type": "DEF 14A", "filings_date": "2019-06-27", "url": "https://www.sec.gov/Archives/edgar/data/0001023731/000102373119000060/a8x8incproxy-2019.htm"}, {"form_type": "4", "filings_date": "2019-06-20", "url": "https://www.sec.gov/Archives/edgar/data/0001023731/000102373119000056/xslF345X03/wf-form4_156106158243573.xml"}, {"form_type": "3", "filings_date": "2019-06-20", "url": "https://www.sec.gov/Archives/edgar/data/0001023731/000102373119000054/xslF345X02/wf-form3_156106143960345.xml"}, {"form_type": "8-K", "filings_date": "2019-06-19", "url": "https://www.sec.gov/Archives/edgar/data/0001023731/000102373119000052/a8-kcoverpagejune192019.htm"}, {"form_type": "SC 13G", "filings_date": "2019-06-12", "url": "https://www.sec.gov/Archives/edgar/data/0001023731/000089914019000423/p29967428a.htm"}, {"form_type": "4", "filings_date": "2019-06-04", "url": "https://www.sec.gov/Archives/edgar/data/0001023731/000102373119000049/xslF345X03/wf-form4_155969840697534.xml"}, {"form_type": "4", "filings_date": "2019-06-04", "url": "https://www.sec.gov/Archives/edgar/data/0001023731/000102373119000047/xslF345X03/wf-form4_155969386511413.xml"}, {"form_type": "3", "filings_date": "2019-06-04", "url": "https://www.sec.gov/Archives/edgar/data/0001023731/000102373119000045/xslF345X02/wf-form3_155968504747341.xml"}, {"form_type": "S-8", "filings_date": "2019-05-22", "url": "https://www.sec.gov/Archives/edgar/data/0001023731/000102373119000040/a8x8_forms-8espp.htm"}, {"form_type": "10-K", "filings_date": "2019-05-21", "url": "https://www.sec.gov/Archives/edgar/data/0001023731/000102373119000037/a10-kdocument.htm"}, {"form_type": "8-K", "filings_date": "2019-05-14", "url": "https://www.sec.gov/Archives/edgar/data/0001023731/000102373119000034/a8-kcoverpage33119.htm"}, {"form_type": "4", "filings_date": "2019-05-08", "url": "https://www.sec.gov/Archives/edgar/data/0001023731/000102373119000031/xslF345X03/wf-form4_155735450412124.xml"}, {"form_type": "8-K", "filings_date": "2019-05-08", "url": "https://www.sec.gov/Archives/edgar/data/0001023731/000119312519141571/d741244d8k.htm"}, {"form_type": "8-K", "filings_date": "2019-05-02", "url": "https://www.sec.gov/Archives/edgar/data/0001023731/000102373119000029/a8-kcolemanleaseassignment.htm"}, {"form_type": "4", "filings_date": "2019-04-16", "url": "https://www.sec.gov/Archives/edgar/data/0001023731/000102373119000025/xslF345X03/wf-form4_155546052282183.xml"}, {"form_type": "4", "filings_date": "2019-03-21", "url": "https://www.sec.gov/Archives/edgar/data/0001023731/000102373119000023/xslF345X03/wf-form4_155321466923421.xml"}, {"form_type": "8-K", "filings_date": "2019-02-19", "url": "https://www.sec.gov/Archives/edgar/data/0001023731/000102373119000021/a8-kbody.htm"}, {"form_type": "4", "filings_date": "2019-02-15", "url": "https://www.sec.gov/Archives/edgar/data/0001023731/000102373119000017/xslF345X03/wf-form4_155027637396038.xml"}, {"form_type": "8-K", "filings_date": "2019-02-12", "url": "https://www.sec.gov/Archives/edgar/data/0001023731/000102373119000015/a8-kbody.htm"}, {"form_type": "SC 13G/A", "filings_date": "2019-02-11", "url": "https://www.sec.gov/Archives/edgar/data/0001023731/000093247119004773/x8inc.htm"}, {"form_type": "8-K", "filings_date": "2019-02-07", "url": "https://www.sec.gov/Archives/edgar/data/0001023731/000102373119000011/a8-kcoverpage502.htm"}, {"form_type": "10-Q", "filings_date": "2019-01-30", "url": "https://www.sec.gov/Archives/edgar/data/0001023731/000102373119000008/a8x812311810-qq3.htm"}, {"form_type": "8-K", "filings_date": "2019-01-29", "url": "https://www.sec.gov/Archives/edgar/data/0001023731/000102373119000006/a8-kcoverpage123118.htm"}, {"form_type": "SC 13G/A", "filings_date": "2019-01-24", "url": "https://www.sec.gov/Archives/edgar/data/0001023731/000021545719001006/us2829141009_012419.txt"}, {"form_type": "4", "filings_date": "2018-11-13", "url": "https://www.sec.gov/Archives/edgar/data/0001023731/000102373118000068/xslF345X03/primary_doc.xml"}, {"form_type": "3", "filings_date": "2018-11-08", "url": "https://www.sec.gov/Archives/edgar/data/0001023731/000102373118000067/xslF345X02/primary_doc.xml"}, {"form_type": "10-Q", "filings_date": "2018-11-08", "url": "https://www.sec.gov/Archives/edgar/data/0001023731/000113626118000295/form10q.htm"}, {"form_type": "4", "filings_date": "2018-11-02", "url": "https://www.sec.gov/Archives/edgar/data/0001023731/000102373118000065/xslF345X03/primary_doc.xml"}, {"form_type": "4", "filings_date": "2018-11-02", "url": "https://www.sec.gov/Archives/edgar/data/0001023731/000102373118000064/xslF345X03/primary_doc.xml"}, {"form_type": "4", "filings_date": "2018-11-02", "url": "https://www.sec.gov/Archives/edgar/data/0001023731/000102373118000063/xslF345X03/primary_doc.xml"}, {"form_type": "4", "filings_date": "2018-11-02", "url": "https://www.sec.gov/Archives/edgar/data/0001023731/000102373118000062/xslF345X03/primary_doc.xml"}, {"form_type": "4", "filings_date": "2018-11-02", "url": "https://www.sec.gov/Archives/edgar/data/0001023731/000102373118000061/xslF345X03/primary_doc.xml"}, {"form_type": "4", "filings_date": "2018-11-01", "url": "https://www.sec.gov/Archives/edgar/data/0001023731/000102373118000060/xslF345X03/primary_doc.xml"}, {"form_type": "4", "filings_date": "2018-11-01", "url": "https://www.sec.gov/Archives/edgar/data/0001023731/000102373118000059/xslF345X03/primary_doc.xml"}, {"form_type": "3", "filings_date": "2018-10-29", "url": "https://www.sec.gov/Archives/edgar/data/0001023731/000102373118000058/xslF345X02/primary_doc.xml"}, {"form_type": "4", "filings_date": "2018-10-29", "url": "https://www.sec.gov/Archives/edgar/data/0001023731/000102373118000057/xslF345X03/primary_doc.xml"}, {"form_type": "8-K", "filings_date": "2018-10-29", "url": "https://www.sec.gov/Archives/edgar/data/0001023731/000113626118000285/body8k.htm"}, {"form_type": "8-K", "filings_date": "2018-10-29", "url": "https://www.sec.gov/Archives/edgar/data/0001023731/000113626118000283/body8k.htm"}, {"form_type": "3", "filings_date": "2018-10-26", "url": "https://www.sec.gov/Archives/edgar/data/0001023731/000102373118000056/xslF345X02/primary_doc.xml"}, {"form_type": "4", "filings_date": "2018-10-25", "url": "https://www.sec.gov/Archives/edgar/data/0001023731/000102373118000055/xslF345X03/primary_doc.xml"}, {"form_type": "4", "filings_date": "2018-10-25", "url": "https://www.sec.gov/Archives/edgar/data/0001023731/000102373118000054/xslF345X03/primary_doc.xml"}, {"form_type": "4", "filings_date": "2018-10-25", "url": "https://www.sec.gov/Archives/edgar/data/0001023731/000102373118000053/xslF345X03/primary_doc.xml"}, {"form_type": "4", "filings_date": "2018-10-25", "url": "https://www.sec.gov/Archives/edgar/data/0001023731/000102373118000052/xslF345X03/primary_doc.xml"}, {"form_type": "4", "filings_date": "2018-10-25", "url": "https://www.sec.gov/Archives/edgar/data/0001023731/000102373118000051/xslF345X03/primary_doc.xml"}, {"form_type": "4", "filings_date": "2018-10-25", "url": "https://www.sec.gov/Archives/edgar/data/0001023731/000102373118000050/xslF345X03/primary_doc.xml"}, {"form_type": "4", "filings_date": "2018-10-24", "url": "https://www.sec.gov/Archives/edgar/data/0001023731/000102373118000049/xslF345X03/primary_doc.xml"}, {"form_type": "4", "filings_date": "2018-10-23", "url": "https://www.sec.gov/Archives/edgar/data/0001023731/000102373118000048/xslF345X03/primary_doc.xml"}, {"form_type": "4", "filings_date": "2018-10-23", "url": "https://www.sec.gov/Archives/edgar/data/0001023731/000102373118000047/xslF345X03/primary_doc.xml"}, {"form_type": "4", "filings_date": "2018-10-23", "url": "https://www.sec.gov/Archives/edgar/data/0001023731/000102373118000046/xslF345X03/primary_doc.xml"}, {"form_type": "4", "filings_date": "2018-10-23", "url": "https://www.sec.gov/Archives/edgar/data/0001023731/000102373118000045/xslF345X03/primary_doc.xml"}, {"form_type": "4", "filings_date": "2018-10-23", "url": "https://www.sec.gov/Archives/edgar/data/0001023731/000102373118000044/xslF345X03/primary_doc.xml"}, {"form_type": "4", "filings_date": "2018-10-23", "url": "https://www.sec.gov/Archives/edgar/data/0001023731/000102373118000043/xslF345X03/primary_doc.xml"}, {"form_type": "4", "filings_date": "2018-10-23", "url": "https://www.sec.gov/Archives/edgar/data/0001023731/000102373118000042/xslF345X03/primary_doc.xml"}, {"form_type": "4", "filings_date": "2018-10-23", "url": "https://www.sec.gov/Archives/edgar/data/0001023731/000102373118000041/xslF345X03/primary_doc.xml"}, {"form_type": "8-K", "filings_date": "2018-10-11", "url": "https://www.sec.gov/Archives/edgar/data/0001023731/000113626118000266/body8k.htm"}, {"form_type": "4", "filings_date": "2018-10-02", "url": "https://www.sec.gov/Archives/edgar/data/0001023731/000102373118000040/xslF345X03/primary_doc.xml"}, {"form_type": "4", "filings_date": "2018-09-24", "url": "https://www.sec.gov/Archives/edgar/data/0001023731/000102373118000039/xslF345X03/primary_doc.xml"}, {"form_type": "4", "filings_date": "2018-09-24", "url": "https://www.sec.gov/Archives/edgar/data/0001023731/000102373118000038/xslF345X03/primary_doc.xml"}, {"form_type": "4", "filings_date": "2018-09-24", "url": "https://www.sec.gov/Archives/edgar/data/0001023731/000102373118000037/xslF345X03/primary_doc.xml"}, {"form_type": "4", "filings_date": "2018-09-24", "url": "https://www.sec.gov/Archives/edgar/data/0001023731/000102373118000036/xslF345X03/primary_doc.xml"}, {"form_type": "4", "filings_date": "2018-09-21", "url": "https://www.sec.gov/Archives/edgar/data/0001023731/000102373118000035/xslF345X03/primary_doc.xml"}, {"form_type": "4", "filings_date": "2018-09-21", "url": "https://www.sec.gov/Archives/edgar/data/0001023731/000102373118000034/xslF345X03/primary_doc.xml"}, {"form_type": "4", "filings_date": "2018-09-21", "url": "https://www.sec.gov/Archives/edgar/data/0001023731/000102373118000033/xslF345X03/primary_doc.xml"}, {"form_type": "4", "filings_date": "2018-09-21", "url": "https://www.sec.gov/Archives/edgar/data/0001023731/000102373118000032/xslF345X03/primary_doc.xml"}, {"form_type": "4", "filings_date": "2018-09-21", "url": "https://www.sec.gov/Archives/edgar/data/0001023731/000102373118000031/xslF345X03/primary_doc.xml"}, {"form_type": "4", "filings_date": "2018-09-21", "url": "https://www.sec.gov/Archives/edgar/data/0001023731/000102373118000030/xslF345X03/primary_doc.xml"}, {"form_type": "4", "filings_date": "2018-09-05", "url": "https://www.sec.gov/Archives/edgar/data/0001023731/000102373118000029/xslF345X03/primary_doc.xml"}, {"form_type": "S-8", "filings_date": "2018-08-17", "url": "https://www.sec.gov/Archives/edgar/data/0001023731/000113626118000220/s8body.htm"}, {"form_type": "4", "filings_date": "2018-08-13", "url": "https://www.sec.gov/Archives/edgar/data/0001023731/000102373118000028/xslF345X03/primary_doc.xml"}, {"form_type": "4", "filings_date": "2018-08-13", "url": "https://www.sec.gov/Archives/edgar/data/0001023731/000102373118000027/xslF345X03/primary_doc.xml"}, {"form_type": "4", "filings_date": "2018-08-13", "url": "https://www.sec.gov/Archives/edgar/data/0001023731/000102373118000026/xslF345X03/primary_doc.xml"}, {"form_type": "4", "filings_date": "2018-08-13", "url": "https://www.sec.gov/Archives/edgar/data/0001023731/000102373118000025/xslF345X03/primary_doc.xml"}, {"form_type": "4", "filings_date": "2018-08-13", "url": "https://www.sec.gov/Archives/edgar/data/0001023731/000102373118000024/xslF345X03/primary_doc.xml"}, {"form_type": "8-K", "filings_date": "2018-08-10", "url": "https://www.sec.gov/Archives/edgar/data/0001023731/000113626118000217/body8k.htm"}, {"form_type": "4", "filings_date": "2018-08-09", "url": "https://www.sec.gov/Archives/edgar/data/0001023731/000102373118000023/xslF345X03/primary_doc.xml"}, {"form_type": "4", "filings_date": "2018-08-09", "url": "https://www.sec.gov/Archives/edgar/data/0001023731/000102373118000022/xslF345X03/primary_doc.xml"}, {"form_type": "4", "filings_date": "2018-08-09", "url": "https://www.sec.gov/Archives/edgar/data/0001023731/000102373118000021/xslF345X03/primary_doc.xml"}, {"form_type": "4", "filings_date": "2018-08-09", "url": "https://www.sec.gov/Archives/edgar/data/0001023731/000102373118000020/xslF345X03/primary_doc.xml"}, {"form_type": "4", "filings_date": "2018-08-09", "url": "https://www.sec.gov/Archives/edgar/data/0001023731/000102373118000019/xslF345X03/primary_doc.xml"}, {"form_type": "10-Q", "filings_date": "2018-08-03", "url": "https://www.sec.gov/Archives/edgar/data/0001023731/000113626118000201/form10q.htm"}, {"form_type": "4/A", "filings_date": "2018-07-27", "url": "https://www.sec.gov/Archives/edgar/data/0001023731/000102373118000018/xslF345X03/primary_doc.xml"}, {"form_type": "4", "filings_date": "2018-07-26", "url": "https://www.sec.gov/Archives/edgar/data/0001023731/000102373118000017/xslF345X03/primary_doc.xml"}, {"form_type": "8-K", "filings_date": "2018-07-26", "url": "https://www.sec.gov/Archives/edgar/data/0001023731/000113626118000182/body8k.htm"}, {"form_type": "DEFA14A", "filings_date": "2018-07-20", "url": "https://www.sec.gov/Archives/edgar/data/0001023731/000113626118000177/defa14a.htm"}, {"form_type": "DEF 14A", "filings_date": "2018-07-10", "url": "https://www.sec.gov/Archives/edgar/data/0001023731/000113626118000172/def14a.htm"}, {"form_type": "4", "filings_date": "2018-07-03", "url": "https://www.sec.gov/Archives/edgar/data/0001023731/000102373118000016/xslF345X03/primary_doc.xml"}, {"form_type": "S-8", "filings_date": "2018-06-01", "url": "https://www.sec.gov/Archives/edgar/data/0001023731/000113626118000161/s8body.htm"}, {"form_type": "4", "filings_date": "2018-06-01", "url": "https://www.sec.gov/Archives/edgar/data/0001023731/000102373118000015/xslF345X03/primary_doc.xml"}, {"form_type": "4", "filings_date": "2018-06-01", "url": "https://www.sec.gov/Archives/edgar/data/0001023731/000102373118000014/xslF345X03/primary_doc.xml"}, {"form_type": "4", "filings_date": "2018-06-01", "url": "https://www.sec.gov/Archives/edgar/data/0001023731/000102373118000013/xslF345X03/primary_doc.xml"}, {"form_type": "4", "filings_date": "2018-05-30", "url": "https://www.sec.gov/Archives/edgar/data/0001023731/000102373118000012/xslF345X03/primary_doc.xml"}, {"form_type": "10-K", "filings_date": "2018-05-30", "url": "https://www.sec.gov/Archives/edgar/data/0001023731/000113626118000158/body10k.htm"}, {"form_type": "8-K", "filings_date": "2018-05-24", "url": "https://www.sec.gov/Archives/edgar/data/0001023731/000113626118000149/body8k.htm"}, {"form_type": "4", "filings_date": "2018-05-24", "url": "https://www.sec.gov/Archives/edgar/data/0001023731/000102373118000011/xslF345X03/primary_doc.xml"}, {"form_type": "4", "filings_date": "2018-04-17", "url": "https://www.sec.gov/Archives/edgar/data/0001023731/000102373118000010/xslF345X03/primary_doc.xml"}, {"form_type": "4", "filings_date": "2018-04-03", "url": "https://www.sec.gov/Archives/edgar/data/0001023731/000102373118000009/xslF345X03/primary_doc.xml"}, {"form_type": "4", "filings_date": "2018-04-03", "url": "https://www.sec.gov/Archives/edgar/data/0001023731/000102373118000008/xslF345X03/primary_doc.xml"}, {"form_type": "4", "filings_date": "2018-04-03", "url": "https://www.sec.gov/Archives/edgar/data/0001023731/000102373118000007/xslF345X03/primary_doc.xml"}, {"form_type": "4", "filings_date": "2018-04-03", "url": "https://www.sec.gov/Archives/edgar/data/0001023731/000102373118000006/xslF345X03/primary_doc.xml"}, {"form_type": "4", "filings_date": "2018-03-13", "url": "https://www.sec.gov/Archives/edgar/data/0001023731/000102373118000005/xslF345X03/primary_doc.xml"}, {"form_type": "4", "filings_date": "2018-03-13", "url": "https://www.sec.gov/Archives/edgar/data/0001023731/000102373118000004/xslF345X03/primary_doc.xml"}, {"form_type": "4", "filings_date": "2018-02-21", "url": "https://www.sec.gov/Archives/edgar/data/0001023731/000102373118000003/xslF345X03/primary_doc.xml"}, {"form_type": "4", "filings_date": "2018-02-15", "url": "https://www.sec.gov/Archives/edgar/data/0001023731/000102373118000002/xslF345X03/primary_doc.xml"}, {"form_type": "SC 13G", "filings_date": "2018-02-12", "url": "https://www.sec.gov/Archives/edgar/data/0001023731/000093247118004694/schedule13g8x8.htm"}, {"form_type": "4", "filings_date": "2018-02-02", "url": "https://www.sec.gov/Archives/edgar/data/0001023731/000102373118000001/xslF345X03/primary_doc.xml"}, {"form_type": "10-Q", "filings_date": "2018-02-01", "url": "https://www.sec.gov/Archives/edgar/data/0001023731/000113626118000022/form10q.htm"}, {"form_type": "8-K", "filings_date": "2018-01-29", "url": "https://www.sec.gov/Archives/edgar/data/0001023731/000113626118000016/body8k.htm"}, {"form_type": "8-K", "filings_date": "2018-01-25", "url": "https://www.sec.gov/Archives/edgar/data/0001023731/000113626118000012/body8k.htm"}, {"form_type": "SC 13G/A", "filings_date": "2018-01-19", "url": "https://www.sec.gov/Archives/edgar/data/0001023731/000021545718001274/us2829141009_011718.txt"}, {"form_type": "CERT", "filings_date": "2017-12-05", "url": "https://www.sec.gov/Archives/edgar/data/0001023731/999999999717010372/eight.pdf"}, {"form_type": "8-A12B", "filings_date": "2017-12-01", "url": "https://www.sec.gov/Archives/edgar/data/0001023731/000113626117000309/body8a.htm"}, {"form_type": "25", "filings_date": "2017-11-28", "url": "https://www.sec.gov/Archives/edgar/data/0001023731/000113626117000301/body25.htm"}, {"form_type": "8-K", "filings_date": "2017-11-15", "url": "https://www.sec.gov/Archives/edgar/data/0001023731/000113626117000276/body8k.htm"}, {"form_type": "S-8", "filings_date": "2017-11-02", "url": "https://www.sec.gov/Archives/edgar/data/0001023731/000113626117000249/s8body.htm"}, {"form_type": "10-Q", "filings_date": "2017-11-02", "url": "https://www.sec.gov/Archives/edgar/data/0001023731/000113626117000248/form10q.htm"}, {"form_type": "8-K", "filings_date": "2017-10-26", "url": "https://www.sec.gov/Archives/edgar/data/0001023731/000113626117000238/body8k.htm"}, {"form_type": "8-K", "filings_date": "2017-10-25", "url": "https://www.sec.gov/Archives/edgar/data/0001023731/000113626117000235/body8k.htm"}, {"form_type": "4", "filings_date": "2017-10-24", "url": "https://www.sec.gov/Archives/edgar/data/0001023731/000102373117000057/xslF345X03/primary_doc.xml"}, {"form_type": "4", "filings_date": "2017-10-24", "url": "https://www.sec.gov/Archives/edgar/data/0001023731/000102373117000056/xslF345X03/primary_doc.xml"}, {"form_type": "4", "filings_date": "2017-10-24", "url": "https://www.sec.gov/Archives/edgar/data/0001023731/000102373117000055/xslF345X03/primary_doc.xml"}, {"form_type": "4", "filings_date": "2017-10-24", "url": "https://www.sec.gov/Archives/edgar/data/0001023731/000102373117000054/xslF345X03/primary_doc.xml"}, {"form_type": "4", "filings_date": "2017-10-24", "url": "https://www.sec.gov/Archives/edgar/data/0001023731/000102373117000053/xslF345X03/primary_doc.xml"}, {"form_type": "4", "filings_date": "2017-10-24", "url": "https://www.sec.gov/Archives/edgar/data/0001023731/000102373117000052/xslF345X03/primary_doc.xml"}, {"form_type": "4", "filings_date": "2017-10-24", "url": "https://www.sec.gov/Archives/edgar/data/0001023731/000102373117000051/xslF345X03/primary_doc.xml"}, {"form_type": "4", "filings_date": "2017-10-24", "url": "https://www.sec.gov/Archives/edgar/data/0001023731/000102373117000050/xslF345X03/primary_doc.xml"}, {"form_type": "4", "filings_date": "2017-10-24", "url": "https://www.sec.gov/Archives/edgar/data/0001023731/000102373117000049/xslF345X03/primary_doc.xml"}, {"form_type": "4", "filings_date": "2017-09-26", "url": "https://www.sec.gov/Archives/edgar/data/0001023731/000102373117000048/xslF345X03/primary_doc.xml"}, {"form_type": "4", "filings_date": "2017-09-26", "url": "https://www.sec.gov/Archives/edgar/data/0001023731/000102373117000047/xslF345X03/primary_doc.xml"}, {"form_type": "4", "filings_date": "2017-09-26", "url": "https://www.sec.gov/Archives/edgar/data/0001023731/000102373117000046/xslF345X03/primary_doc.xml"}, {"form_type": "4", "filings_date": "2017-09-26", "url": "https://www.sec.gov/Archives/edgar/data/0001023731/000102373117000045/xslF345X03/primary_doc.xml"}, {"form_type": "4", "filings_date": "2017-09-26", "url": "https://www.sec.gov/Archives/edgar/data/0001023731/000102373117000044/xslF345X03/primary_doc.xml"}, {"form_type": "4", "filings_date": "2017-09-25", "url": "https://www.sec.gov/Archives/edgar/data/0001023731/000102373117000043/xslF345X03/primary_doc.xml"}, {"form_type": "4", "filings_date": "2017-09-22", "url": "https://www.sec.gov/Archives/edgar/data/0001023731/000102373117000042/xslF345X03/primary_doc.xml"}, {"form_type": "4", "filings_date": "2017-09-22", "url": "https://www.sec.gov/Archives/edgar/data/0001023731/000102373117000041/xslF345X03/primary_doc.xml"}, {"form_type": "4", "filings_date": "2017-09-22", "url": "https://www.sec.gov/Archives/edgar/data/0001023731/000102373117000040/xslF345X03/primary_doc.xml"}, {"form_type": "4", "filings_date": "2017-09-22", "url": "https://www.sec.gov/Archives/edgar/data/0001023731/000102373117000039/xslF345X03/primary_doc.xml"}, {"form_type": "4", "filings_date": "2017-09-22", "url": "https://www.sec.gov/Archives/edgar/data/0001023731/000102373117000038/xslF345X03/primary_doc.xml"}, {"form_type": "4", "filings_date": "2017-09-22", "url": "https://www.sec.gov/Archives/edgar/data/0001023731/000102373117000037/xslF345X03/primary_doc.xml"}, {"form_type": "4", "filings_date": "2017-09-21", "url": "https://www.sec.gov/Archives/edgar/data/0001023731/000102373117000036/xslF345X03/primary_doc.xml"}, {"form_type": "4", "filings_date": "2017-09-21", "url": "https://www.sec.gov/Archives/edgar/data/0001023731/000102373117000035/xslF345X03/primary_doc.xml"}, {"form_type": "4", "filings_date": "2017-09-21", "url": "https://www.sec.gov/Archives/edgar/data/0001023731/000102373117000034/xslF345X03/primary_doc.xml"}, {"form_type": "4", "filings_date": "2017-09-21", "url": "https://www.sec.gov/Archives/edgar/data/0001023731/000102373117000033/xslF345X03/primary_doc.xml"}, {"form_type": "4", "filings_date": "2017-09-21", "url": "https://www.sec.gov/Archives/edgar/data/0001023731/000102373117000032/xslF345X03/primary_doc.xml"}, {"form_type": "4", "filings_date": "2017-09-21", "url": "https://www.sec.gov/Archives/edgar/data/0001023731/000102373117000031/xslF345X03/primary_doc.xml"}, {"form_type": "4", "filings_date": "2017-09-21", "url": "https://www.sec.gov/Archives/edgar/data/0001023731/000102373117000030/xslF345X03/primary_doc.xml"}, {"form_type": "4", "filings_date": "2017-09-21", "url": "https://www.sec.gov/Archives/edgar/data/0001023731/000102373117000029/xslF345X03/primary_doc.xml"}, {"form_type": "4", "filings_date": "2017-09-19", "url": "https://www.sec.gov/Archives/edgar/data/0001023731/000102373117000028/xslF345X03/primary_doc.xml"}, {"form_type": "4", "filings_date": "2017-09-19", "url": "https://www.sec.gov/Archives/edgar/data/0001023731/000102373117000027/xslF345X03/primary_doc.xml"}, {"form_type": "4", "filings_date": "2017-09-19", "url": "https://www.sec.gov/Archives/edgar/data/0001023731/000102373117000026/xslF345X03/primary_doc.xml"}, {"form_type": "4", "filings_date": "2017-09-12", "url": "https://www.sec.gov/Archives/edgar/data/0001023731/000102373117000025/xslF345X03/primary_doc.xml"}, {"form_type": "4", "filings_date": "2017-09-12", "url": "https://www.sec.gov/Archives/edgar/data/0001023731/000102373117000024/xslF345X03/primary_doc.xml"}, {"form_type": "3", "filings_date": "2017-09-07", "url": "https://www.sec.gov/Archives/edgar/data/0001023731/000102373117000023/xslF345X02/primary_doc.xml"}, {"form_type": "4", "filings_date": "2017-09-05", "url": "https://www.sec.gov/Archives/edgar/data/0001023731/000102373117000022/xslF345X03/primary_doc.xml"}, {"form_type": "4", "filings_date": "2017-09-05", "url": "https://www.sec.gov/Archives/edgar/data/0001023731/000102373117000021/xslF345X03/primary_doc.xml"}, {"form_type": "4", "filings_date": "2017-09-05", "url": "https://www.sec.gov/Archives/edgar/data/0001023731/000102373117000020/xslF345X03/primary_doc.xml"}, {"form_type": "4", "filings_date": "2017-09-05", "url": "https://www.sec.gov/Archives/edgar/data/0001023731/000102373117000019/xslF345X03/primary_doc.xml"}, {"form_type": "4", "filings_date": "2017-09-05", "url": "https://www.sec.gov/Archives/edgar/data/0001023731/000102373117000018/xslF345X03/primary_doc.xml"}, {"form_type": "4", "filings_date": "2017-08-23", "url": "https://www.sec.gov/Archives/edgar/data/0001023731/000102373117000017/xslF345X03/primary_doc.xml"}, {"form_type": "8-K", "filings_date": "2017-08-15", "url": "https://www.sec.gov/Archives/edgar/data/0001023731/000113626117000189/body8k.htm"}, {"form_type": "10-Q", "filings_date": "2017-08-03", "url": "https://www.sec.gov/Archives/edgar/data/0001023731/000113626117000162/form10q.htm"}, {"form_type": "4", "filings_date": "2017-08-01", "url": "https://www.sec.gov/Archives/edgar/data/0001023731/000102373117000016/xslF345X03/primary_doc.xml"}, {"form_type": "4", "filings_date": "2017-08-01", "url": "https://www.sec.gov/Archives/edgar/data/0001023731/000102373117000015/xslF345X03/primary_doc.xml"}, {"form_type": "8-K", "filings_date": "2017-07-27", "url": "https://www.sec.gov/Archives/edgar/data/0001023731/000113626117000146/body8k.htm"}, {"form_type": "4", "filings_date": "2017-07-26", "url": "https://www.sec.gov/Archives/edgar/data/0001023731/000102373117000014/xslF345X03/primary_doc.xml"}, {"form_type": "DEF 14A", "filings_date": "2017-07-11", "url": "https://www.sec.gov/Archives/edgar/data/0001023731/000113626117000127/def14a.htm"}, {"form_type": "4", "filings_date": "2017-07-05", "url": "https://www.sec.gov/Archives/edgar/data/0001023731/000102373117000013/xslF345X03/primary_doc.xml"}, {"form_type": "4", "filings_date": "2017-07-05", "url": "https://www.sec.gov/Archives/edgar/data/0001023731/000102373117000012/xslF345X03/primary_doc.xml"}, {"form_type": "S-8", "filings_date": "2017-06-02", "url": "https://www.sec.gov/Archives/edgar/data/0001023731/000113626117000122/s8body.htm"}, {"form_type": "10-K", "filings_date": "2017-05-30", "url": "https://www.sec.gov/Archives/edgar/data/0001023731/000113626117000117/body10k.htm"}, {"form_type": "8-K", "filings_date": "2017-05-25", "url": "https://www.sec.gov/Archives/edgar/data/0001023731/000113626117000109/body8k.htm"}, {"form_type": "4", "filings_date": "2017-05-24", "url": "https://www.sec.gov/Archives/edgar/data/0001023731/000170749517000002/xslF345X03/primary_doc.xml"}, {"form_type": "3", "filings_date": "2017-05-24", "url": "https://www.sec.gov/Archives/edgar/data/0001023731/000170749517000001/xslF345X02/primary_doc.xml"}, {"form_type": "4", "filings_date": "2017-04-04", "url": "https://www.sec.gov/Archives/edgar/data/0001023731/000102373117000011/xslF345X03/primary_doc.xml"}, {"form_type": "4", "filings_date": "2017-04-04", "url": "https://www.sec.gov/Archives/edgar/data/0001023731/000102373117000010/xslF345X03/primary_doc.xml"}, {"form_type": "4", "filings_date": "2017-04-04", "url": "https://www.sec.gov/Archives/edgar/data/0001023731/000102373117000009/xslF345X03/primary_doc.xml"}, {"form_type": "4", "filings_date": "2017-04-04", "url": "https://www.sec.gov/Archives/edgar/data/0001023731/000102373117000008/xslF345X03/primary_doc.xml"}, {"form_type": "4", "filings_date": "2017-03-22", "url": "https://www.sec.gov/Archives/edgar/data/0001023731/000168826617000003/xslF345X03/primary_doc.xml"}, {"form_type": "3", "filings_date": "2017-03-22", "url": "https://www.sec.gov/Archives/edgar/data/0001023731/000168826617000002/xslF345X02/primary_doc.xml"}, {"form_type": "4", "filings_date": "2017-02-28", "url": "https://www.sec.gov/Archives/edgar/data/0001023731/000102373117000007/xslF345X03/primary_doc.xml"}, {"form_type": "4/A", "filings_date": "2017-02-13", "url": "https://www.sec.gov/Archives/edgar/data/0001023731/000102373117000006/xslF345X03/primary_doc.xml"}, {"form_type": "4", "filings_date": "2017-02-10", "url": "https://www.sec.gov/Archives/edgar/data/0001023731/000102373117000005/xslF345X03/primary_doc.xml"}, {"form_type": "4", "filings_date": "2017-02-10", "url": "https://www.sec.gov/Archives/edgar/data/0001023731/000102373117000004/xslF345X03/primary_doc.xml"}, {"form_type": "4", "filings_date": "2017-02-09", "url": "https://www.sec.gov/Archives/edgar/data/0001023731/000102373117000003/xslF345X03/primary_doc.xml"}, {"form_type": "SC 13G/A", "filings_date": "2017-02-09", "url": "https://www.sec.gov/Archives/edgar/data/0001023731/000093247117000587/x8inc.htm"}, {"form_type": "10-Q", "filings_date": "2017-02-08", "url": "https://www.sec.gov/Archives/edgar/data/0001023731/000113626117000025/form10q.htm"}, {"form_type": "8-K", "filings_date": "2017-01-25", "url": "https://www.sec.gov/Archives/edgar/data/0001023731/000113626117000012/body8k.htm"}, {"form_type": "4", "filings_date": "2017-01-20", "url": "https://www.sec.gov/Archives/edgar/data/0001023731/000102373117000002/xslF345X03/primary_doc.xml"}, {"form_type": "4", "filings_date": "2017-01-13", "url": "https://www.sec.gov/Archives/edgar/data/0001023731/000102373117000001/xslF345X03/primary_doc.xml"}, {"form_type": "SC 13G/A", "filings_date": "2017-01-12", "url": "https://www.sec.gov/Archives/edgar/data/0001023731/000086931117000207/8x8.inc..txt"}]}