{"company": {"cik": "0001580808", "name": "A10 Networks, Inc.", "sic": "Computer Communications Equipment", "state_incorp": "DE", "ticker": "ATEN", "mailing_addr": "2300 ORCHARD PKWY, SAN JOSE, CA, 95131", "category": "Accelerated filer", "fiscal_year_end": "31, December"}, "filings": [{"form_type": "4", "filings_date": "2022-03-15", "url": "https://www.sec.gov/Archives/edgar/data/0001580808/000158080822000061/xslF345X03/wf-form4_164738271025094.xml"}, {"form_type": "4", "filings_date": "2022-03-15", "url": "https://www.sec.gov/Archives/edgar/data/0001580808/000158080822000060/xslF345X03/wf-form4_164738269471572.xml"}, {"form_type": "4", "filings_date": "2022-03-15", "url": "https://www.sec.gov/Archives/edgar/data/0001580808/000158080822000059/xslF345X03/wf-form4_164738267908993.xml"}, {"form_type": "4", "filings_date": "2022-03-15", "url": "https://www.sec.gov/Archives/edgar/data/0001580808/000158080822000058/xslF345X03/wf-form4_164738266288822.xml"}, {"form_type": "10-K", "filings_date": "2022-03-08", "url": "https://www.sec.gov/Archives/edgar/data/0001580808/000158080822000053/aten-20211231.htm"}, {"form_type": "SC 13G", "filings_date": "2022-02-14", "url": "https://www.sec.gov/Archives/edgar/data/0001580808/000149511522000002/A10NetworksInc.txt"}, {"form_type": "SC 13G/A", "filings_date": "2022-02-10", "url": "https://www.sec.gov/Archives/edgar/data/0001580808/000103738922000016/aten-13g_20211231.txt"}, {"form_type": "SC 13G/A", "filings_date": "2022-02-09", "url": "https://www.sec.gov/Archives/edgar/data/0001580808/000110465922016346/tv0132-a10networksinc.htm"}, {"form_type": "4", "filings_date": "2022-02-04", "url": "https://www.sec.gov/Archives/edgar/data/0001580808/000158080822000044/xslF345X03/wf-form4_164402180695880.xml"}, {"form_type": "4", "filings_date": "2022-02-04", "url": "https://www.sec.gov/Archives/edgar/data/0001580808/000158080822000043/xslF345X03/wf-form4_164402179048299.xml"}, {"form_type": "4", "filings_date": "2022-02-04", "url": "https://www.sec.gov/Archives/edgar/data/0001580808/000158080822000042/xslF345X03/wf-form4_164402177314323.xml"}, {"form_type": "4", "filings_date": "2022-02-04", "url": "https://www.sec.gov/Archives/edgar/data/0001580808/000158080822000041/xslF345X03/wf-form4_164402175410601.xml"}, {"form_type": "SC 13G/A", "filings_date": "2022-02-04", "url": "https://www.sec.gov/Archives/edgar/data/0001580808/000119312522028374/d299738dsc13ga.htm"}, {"form_type": "SC 13G/A", "filings_date": "2022-02-03", "url": "https://www.sec.gov/Archives/edgar/data/0001580808/000083423722006477/us0021211018_020322.txt"}, {"form_type": "4", "filings_date": "2022-02-02", "url": "https://www.sec.gov/Archives/edgar/data/0001580808/000158080822000036/xslF345X03/wf-form4_164383701668319.xml"}, {"form_type": "4", "filings_date": "2022-02-02", "url": "https://www.sec.gov/Archives/edgar/data/0001580808/000158080822000035/xslF345X03/wf-form4_164383699878804.xml"}, {"form_type": "4", "filings_date": "2022-02-02", "url": "https://www.sec.gov/Archives/edgar/data/0001580808/000158080822000034/xslF345X03/wf-form4_164383697962610.xml"}, {"form_type": "4", "filings_date": "2022-02-02", "url": "https://www.sec.gov/Archives/edgar/data/0001580808/000158080822000033/xslF345X03/wf-form4_164383696062167.xml"}, {"form_type": "8-K", "filings_date": "2022-02-01", "url": "https://www.sec.gov/Archives/edgar/data/0001580808/000158080822000028/aten-20220201.htm"}, {"form_type": "8-K", "filings_date": "2022-01-31", "url": "https://www.sec.gov/Archives/edgar/data/0001580808/000158080822000022/aten-20220125.htm"}, {"form_type": "SC 13G", "filings_date": "2022-01-28", "url": "https://www.sec.gov/Archives/edgar/data/0001580808/000144554622000578/sc13g_3.txt"}, {"form_type": "4", "filings_date": "2022-01-27", "url": "https://www.sec.gov/Archives/edgar/data/0001580808/000158080822000014/xslF345X03/wf-form4_164332057748826.xml"}, {"form_type": "4", "filings_date": "2022-01-27", "url": "https://www.sec.gov/Archives/edgar/data/0001580808/000158080822000013/xslF345X03/wf-form4_164332055973259.xml"}, {"form_type": "4", "filings_date": "2022-01-27", "url": "https://www.sec.gov/Archives/edgar/data/0001580808/000158080822000012/xslF345X03/wf-form4_164332053809105.xml"}, {"form_type": "4", "filings_date": "2022-01-27", "url": "https://www.sec.gov/Archives/edgar/data/0001580808/000158080822000011/xslF345X03/wf-form4_164332050065237.xml"}, {"form_type": "4", "filings_date": "2022-01-25", "url": "https://www.sec.gov/Archives/edgar/data/0001580808/000158080822000006/xslF345X03/wf-form4_164315284144760.xml"}, {"form_type": "5", "filings_date": "2022-01-25", "url": "https://www.sec.gov/Archives/edgar/data/0001580808/000158080822000004/xslF345X03/wf-form5_164315218498215.xml"}, {"form_type": "4", "filings_date": "2022-01-07", "url": "https://www.sec.gov/Archives/edgar/data/0001580808/000158080822000002/xslF345X03/wf-form4_164159636460873.xml"}, {"form_type": "4", "filings_date": "2021-12-10", "url": "https://www.sec.gov/Archives/edgar/data/0001580808/000117911021010804/xslF345X03/edgar.xml"}, {"form_type": "4", "filings_date": "2021-12-10", "url": "https://www.sec.gov/Archives/edgar/data/0001580808/000117911021010803/xslF345X03/edgar.xml"}, {"form_type": "4", "filings_date": "2021-12-08", "url": "https://www.sec.gov/Archives/edgar/data/0001580808/000158080821000187/xslF345X03/wf-form4_163899765285964.xml"}, {"form_type": "4", "filings_date": "2021-12-03", "url": "https://www.sec.gov/Archives/edgar/data/0001580808/000092189521002793/xslF345X03/form410114025_12032021.xml"}, {"form_type": "4", "filings_date": "2021-11-10", "url": "https://www.sec.gov/Archives/edgar/data/0001580808/000092189521002586/xslF345X03/form410114025_11102021.xml"}, {"form_type": "4", "filings_date": "2021-11-10", "url": "https://www.sec.gov/Archives/edgar/data/0001580808/000158080821000184/xslF345X03/wf-form4_163658867927221.xml"}, {"form_type": "4", "filings_date": "2021-11-03", "url": "https://www.sec.gov/Archives/edgar/data/0001580808/000092189521002520/xslF345X03/form410114025_11032021.xml"}, {"form_type": "4", "filings_date": "2021-11-03", "url": "https://www.sec.gov/Archives/edgar/data/0001580808/000118861121000001/xslF345X03/wf-form4_163597392093285.xml"}, {"form_type": "4", "filings_date": "2021-11-03", "url": "https://www.sec.gov/Archives/edgar/data/0001580808/000158080821000181/xslF345X03/wf-form4_163597235084326.xml"}, {"form_type": "SC 13D/A", "filings_date": "2021-11-03", "url": "https://www.sec.gov/Archives/edgar/data/0001580808/000092189521002515/sc13da810114025_11032021.htm"}, {"form_type": "10-Q", "filings_date": "2021-11-03", "url": "https://www.sec.gov/Archives/edgar/data/0001580808/000158080821000177/aten-20210930.htm"}, {"form_type": "8-K", "filings_date": "2021-10-28", "url": "https://www.sec.gov/Archives/edgar/data/0001580808/000158080821000169/aten-20211028.htm"}, {"form_type": "4", "filings_date": "2021-09-21", "url": "https://www.sec.gov/Archives/edgar/data/0001580808/000158080821000160/xslF345X03/wf-form4_163226383076552.xml"}, {"form_type": "4", "filings_date": "2021-09-21", "url": "https://www.sec.gov/Archives/edgar/data/0001580808/000158080821000159/xslF345X03/wf-form4_163226381646222.xml"}, {"form_type": "4", "filings_date": "2021-09-21", "url": "https://www.sec.gov/Archives/edgar/data/0001580808/000158080821000158/xslF345X03/wf-form4_163226379921403.xml"}, {"form_type": "4", "filings_date": "2021-09-21", "url": "https://www.sec.gov/Archives/edgar/data/0001580808/000158080821000157/xslF345X03/wf-form4_163226378540762.xml"}, {"form_type": "4", "filings_date": "2021-09-14", "url": "https://www.sec.gov/Archives/edgar/data/0001580808/000158080821000152/xslF345X03/wf-form4_163165874190209.xml"}, {"form_type": "4", "filings_date": "2021-09-14", "url": "https://www.sec.gov/Archives/edgar/data/0001580808/000158080821000151/xslF345X03/wf-form4_163165872591227.xml"}, {"form_type": "4", "filings_date": "2021-09-14", "url": "https://www.sec.gov/Archives/edgar/data/0001580808/000158080821000150/xslF345X03/wf-form4_163165871190671.xml"}, {"form_type": "4", "filings_date": "2021-09-14", "url": "https://www.sec.gov/Archives/edgar/data/0001580808/000158080821000149/xslF345X03/wf-form4_163165869347509.xml"}, {"form_type": "4", "filings_date": "2021-09-01", "url": "https://www.sec.gov/Archives/edgar/data/0001580808/000158080821000144/xslF345X03/wf-form4_163053157107966.xml"}, {"form_type": "4", "filings_date": "2021-09-01", "url": "https://www.sec.gov/Archives/edgar/data/0001580808/000158080821000143/xslF345X03/wf-form4_163053155814154.xml"}, {"form_type": "4", "filings_date": "2021-09-01", "url": "https://www.sec.gov/Archives/edgar/data/0001580808/000158080821000142/xslF345X03/wf-form4_163053153809005.xml"}, {"form_type": "4", "filings_date": "2021-09-01", "url": "https://www.sec.gov/Archives/edgar/data/0001580808/000158080821000141/xslF345X03/wf-form4_163053152043845.xml"}, {"form_type": "4", "filings_date": "2021-08-20", "url": "https://www.sec.gov/Archives/edgar/data/0001580808/000158080821000136/xslF345X03/wf-form4_162950313795545.xml"}, {"form_type": "4", "filings_date": "2021-08-20", "url": "https://www.sec.gov/Archives/edgar/data/0001580808/000158080821000134/xslF345X03/wf-form4_162950306725590.xml"}, {"form_type": "4", "filings_date": "2021-08-20", "url": "https://www.sec.gov/Archives/edgar/data/0001580808/000158080821000132/xslF345X03/wf-form4_162950299389760.xml"}, {"form_type": "4", "filings_date": "2021-08-20", "url": "https://www.sec.gov/Archives/edgar/data/0001580808/000158080821000130/xslF345X03/wf-form4_162950293026085.xml"}, {"form_type": "4", "filings_date": "2021-08-18", "url": "https://www.sec.gov/Archives/edgar/data/0001580808/000158080821000128/xslF345X03/wf-form4_162932587576058.xml"}, {"form_type": "4", "filings_date": "2021-08-18", "url": "https://www.sec.gov/Archives/edgar/data/0001580808/000158080821000126/xslF345X03/wf-form4_162932576251404.xml"}, {"form_type": "4", "filings_date": "2021-08-12", "url": "https://www.sec.gov/Archives/edgar/data/0001580808/000158080821000124/xslF345X03/wf-form4_162879872892394.xml"}, {"form_type": "4", "filings_date": "2021-08-12", "url": "https://www.sec.gov/Archives/edgar/data/0001580808/000158080821000123/xslF345X03/wf-form4_162879866416137.xml"}, {"form_type": "4", "filings_date": "2021-08-12", "url": "https://www.sec.gov/Archives/edgar/data/0001580808/000158080821000122/xslF345X03/wf-form4_162879861140704.xml"}, {"form_type": "4", "filings_date": "2021-08-12", "url": "https://www.sec.gov/Archives/edgar/data/0001580808/000158080821000121/xslF345X03/wf-form4_162879855932155.xml"}, {"form_type": "4", "filings_date": "2021-08-10", "url": "https://www.sec.gov/Archives/edgar/data/0001580808/000158080821000116/xslF345X03/wf-form4_162862947400572.xml"}, {"form_type": "10-Q", "filings_date": "2021-07-30", "url": "https://www.sec.gov/Archives/edgar/data/0001580808/000158080821000114/aten-20210630.htm"}, {"form_type": "8-K", "filings_date": "2021-07-27", "url": "https://www.sec.gov/Archives/edgar/data/0001580808/000158080821000107/aten-20210727.htm"}, {"form_type": "SD", "filings_date": "2021-05-19", "url": "https://www.sec.gov/Archives/edgar/data/0001580808/000158080821000101/formsd5192021.htm"}, {"form_type": "4", "filings_date": "2021-05-07", "url": "https://www.sec.gov/Archives/edgar/data/0001580808/000158080821000091/xslF345X03/wf-form4_162041885302360.xml"}, {"form_type": "4", "filings_date": "2021-05-07", "url": "https://www.sec.gov/Archives/edgar/data/0001580808/000158080821000090/xslF345X03/wf-form4_162041883694443.xml"}, {"form_type": "8-K", "filings_date": "2021-05-05", "url": "https://www.sec.gov/Archives/edgar/data/0001580808/000158080821000087/aten-20210429.htm"}, {"form_type": "4", "filings_date": "2021-05-03", "url": "https://www.sec.gov/Archives/edgar/data/0001580808/000117911021004802/xslF345X03/edgar.xml"}, {"form_type": "4", "filings_date": "2021-05-03", "url": "https://www.sec.gov/Archives/edgar/data/0001580808/000117911021004801/xslF345X03/edgar.xml"}, {"form_type": "4", "filings_date": "2021-05-03", "url": "https://www.sec.gov/Archives/edgar/data/0001580808/000158080821000083/xslF345X03/wf-form4_162007385076114.xml"}, {"form_type": "4", "filings_date": "2021-05-03", "url": "https://www.sec.gov/Archives/edgar/data/0001580808/000158080821000082/xslF345X03/wf-form4_162007383447015.xml"}, {"form_type": "4", "filings_date": "2021-05-03", "url": "https://www.sec.gov/Archives/edgar/data/0001580808/000158080821000081/xslF345X03/wf-form4_162007382014913.xml"}, {"form_type": "10-Q", "filings_date": "2021-04-30", "url": "https://www.sec.gov/Archives/edgar/data/0001580808/000158080821000077/aten-20210331.htm"}, {"form_type": "4", "filings_date": "2021-04-28", "url": "https://www.sec.gov/Archives/edgar/data/0001580808/000158080821000072/xslF345X03/wf-form4_161965102357132.xml"}, {"form_type": "8-K", "filings_date": "2021-04-27", "url": "https://www.sec.gov/Archives/edgar/data/0001580808/000158080821000070/aten-20210427.htm"}, {"form_type": "4", "filings_date": "2021-04-07", "url": "https://www.sec.gov/Archives/edgar/data/0001580808/000158080821000064/xslF345X03/wf-form4_161783804630892.xml"}, {"form_type": "4", "filings_date": "2021-03-29", "url": "https://www.sec.gov/Archives/edgar/data/0001580808/000158080821000062/xslF345X03/wf-form4_161705683669151.xml"}, {"form_type": "4", "filings_date": "2021-03-29", "url": "https://www.sec.gov/Archives/edgar/data/0001580808/000158080821000060/xslF345X03/wf-form4_161705672781305.xml"}, {"form_type": "4", "filings_date": "2021-03-25", "url": "https://www.sec.gov/Archives/edgar/data/0001580808/000158080821000058/xslF345X03/wf-form4_161670913805128.xml"}, {"form_type": "4", "filings_date": "2021-03-25", "url": "https://www.sec.gov/Archives/edgar/data/0001580808/000158080821000056/xslF345X03/wf-form4_161670908528345.xml"}, {"form_type": "4", "filings_date": "2021-03-25", "url": "https://www.sec.gov/Archives/edgar/data/0001580808/000158080821000054/xslF345X03/wf-form4_161670900817194.xml"}, {"form_type": "4", "filings_date": "2021-03-25", "url": "https://www.sec.gov/Archives/edgar/data/0001580808/000158080821000052/xslF345X03/wf-form4_161670895598442.xml"}, {"form_type": "4", "filings_date": "2021-03-17", "url": "https://www.sec.gov/Archives/edgar/data/0001580808/000158080821000050/xslF345X03/wf-form4_161602012554219.xml"}, {"form_type": "DEFA14A", "filings_date": "2021-03-17", "url": "https://www.sec.gov/Archives/edgar/data/0001580808/000114036121008891/nc10021477x2_defa14a.htm"}, {"form_type": "DEF 14A", "filings_date": "2021-03-17", "url": "https://www.sec.gov/Archives/edgar/data/0001580808/000114036121008887/nc10021477x1_def14a.htm"}, {"form_type": "8-K", "filings_date": "2021-03-17", "url": "https://www.sec.gov/Archives/edgar/data/0001580808/000158080821000048/aten-20210312.htm"}, {"form_type": "8-K", "filings_date": "2021-03-11", "url": "https://www.sec.gov/Archives/edgar/data/0001580808/000158080821000045/aten-20210310.htm"}, {"form_type": "10-K", "filings_date": "2021-03-08", "url": "https://www.sec.gov/Archives/edgar/data/0001580808/000158080821000043/aten-20201231.htm"}, {"form_type": "4", "filings_date": "2021-02-19", "url": "https://www.sec.gov/Archives/edgar/data/0001580808/000158080821000036/xslF345X03/wf-form4_161378342281369.xml"}, {"form_type": "4", "filings_date": "2021-02-19", "url": "https://www.sec.gov/Archives/edgar/data/0001580808/000158080821000035/xslF345X03/wf-form4_161378335751561.xml"}, {"form_type": "8-K", "filings_date": "2021-02-19", "url": "https://www.sec.gov/Archives/edgar/data/0001580808/000158080821000032/aten-20210216.htm"}, {"form_type": "4", "filings_date": "2021-02-18", "url": "https://www.sec.gov/Archives/edgar/data/0001580808/000158080821000028/xslF345X03/wf-form4_161369512977482.xml"}, {"form_type": "SC 13G", "filings_date": "2021-02-11", "url": "https://www.sec.gov/Archives/edgar/data/0001580808/000173806321000001/A10NetworksInc.txt"}, {"form_type": "SC 13G", "filings_date": "2021-02-10", "url": "https://www.sec.gov/Archives/edgar/data/0001580808/000110465921017315/tv0105-a10networksinc.htm"}, {"form_type": "SC 13G", "filings_date": "2021-02-10", "url": "https://www.sec.gov/Archives/edgar/data/0001580808/000103738921000007/aten-13g_20201231.txt"}, {"form_type": "8-K", "filings_date": "2021-02-09", "url": "https://www.sec.gov/Archives/edgar/data/0001580808/000158080821000026/aten-20210209.htm"}, {"form_type": "SC 13G/A", "filings_date": "2021-02-08", "url": "https://www.sec.gov/Archives/edgar/data/0001580808/000153215521000084/SEC13G_Filing.htm"}, {"form_type": "4", "filings_date": "2021-02-04", "url": "https://www.sec.gov/Archives/edgar/data/0001580808/000158080821000019/xslF345X03/wf-form4_161248399881984.xml"}, {"form_type": "4", "filings_date": "2021-02-04", "url": "https://www.sec.gov/Archives/edgar/data/0001580808/000158080821000018/xslF345X03/wf-form4_161248396282362.xml"}, {"form_type": "4", "filings_date": "2021-02-04", "url": "https://www.sec.gov/Archives/edgar/data/0001580808/000158080821000017/xslF345X03/wf-form4_161248392953627.xml"}, {"form_type": "4", "filings_date": "2021-02-04", "url": "https://www.sec.gov/Archives/edgar/data/0001580808/000158080821000016/xslF345X03/wf-form4_161248388847618.xml"}, {"form_type": "SC 13G/A", "filings_date": "2021-02-04", "url": "https://www.sec.gov/Archives/edgar/data/0001580808/000119312521028781/d113091dsc13ga.htm"}, {"form_type": "SC 13G/A", "filings_date": "2021-01-29", "url": "https://www.sec.gov/Archives/edgar/data/0001580808/000083423721002856/us0021211018_012821.txt"}, {"form_type": "8-K", "filings_date": "2021-01-20", "url": "https://www.sec.gov/Archives/edgar/data/0001580808/000158080821000011/aten-20210113.htm"}, {"form_type": "4", "filings_date": "2021-01-08", "url": "https://www.sec.gov/Archives/edgar/data/0001580808/000158080821000002/xslF345X03/wf-form4_161013995374695.xml"}, {"form_type": "4", "filings_date": "2020-12-30", "url": "https://www.sec.gov/Archives/edgar/data/0001580808/000158080820000143/xslF345X03/wf-form4_160937260507733.xml"}, {"form_type": "3", "filings_date": "2020-12-30", "url": "https://www.sec.gov/Archives/edgar/data/0001580808/000158080820000141/xslF345X02/wf-form3_160937192378481.xml"}, {"form_type": "4", "filings_date": "2020-12-29", "url": "https://www.sec.gov/Archives/edgar/data/0001580808/000158080820000139/xslF345X03/wf-form4_160927820949152.xml"}, {"form_type": "8-K", "filings_date": "2020-12-29", "url": "https://www.sec.gov/Archives/edgar/data/0001580808/000158080820000137/aten-20201228.htm"}, {"form_type": "4", "filings_date": "2020-12-09", "url": "https://www.sec.gov/Archives/edgar/data/0001580808/000158080820000133/xslF345X03/wf-form4_160754872221015.xml"}, {"form_type": "8-K", "filings_date": "2020-12-04", "url": "https://www.sec.gov/Archives/edgar/data/0001580808/000158080820000131/aten-20201130.htm"}, {"form_type": "4", "filings_date": "2020-11-25", "url": "https://www.sec.gov/Archives/edgar/data/0001580808/000158080820000127/xslF345X03/wf-form4_160633856110932.xml"}, {"form_type": "4", "filings_date": "2020-11-10", "url": "https://www.sec.gov/Archives/edgar/data/0001580808/000158080820000125/xslF345X03/wf-form4_160504264125678.xml"}, {"form_type": "SC 13G/A", "filings_date": "2020-11-02", "url": "https://www.sec.gov/Archives/edgar/data/0001580808/000119380520001351/e620039_sc13ga-a10.htm"}, {"form_type": "10-Q", "filings_date": "2020-10-30", "url": "https://www.sec.gov/Archives/edgar/data/0001580808/000158080820000123/aten-20200930.htm"}, {"form_type": "4", "filings_date": "2020-10-27", "url": "https://www.sec.gov/Archives/edgar/data/0001580808/000158080820000119/xslF345X03/wf-form4_160384358674362.xml"}, {"form_type": "8-K", "filings_date": "2020-10-27", "url": "https://www.sec.gov/Archives/edgar/data/0001580808/000158080820000117/aten-20201027.htm"}, {"form_type": "8-K", "filings_date": "2020-10-23", "url": "https://www.sec.gov/Archives/edgar/data/0001580808/000158080820000110/aten-20201019.htm"}, {"form_type": "4", "filings_date": "2020-10-21", "url": "https://www.sec.gov/Archives/edgar/data/0001580808/000158080820000107/xslF345X03/wf-form4_160331199390554.xml"}, {"form_type": "8-K", "filings_date": "2020-10-02", "url": "https://www.sec.gov/Archives/edgar/data/0001580808/000158080820000104/aten-20201002.htm"}, {"form_type": "SC 13G/A", "filings_date": "2020-10-01", "url": "https://www.sec.gov/Archives/edgar/data/0001580808/000119380520001214/e619968_sc13ga-a10.htm"}, {"form_type": "4", "filings_date": "2020-09-25", "url": "https://www.sec.gov/Archives/edgar/data/0001580808/000158080820000101/xslF345X03/wf-form4_160106483666769.xml"}, {"form_type": "3", "filings_date": "2020-09-25", "url": "https://www.sec.gov/Archives/edgar/data/0001580808/000158080820000099/xslF345X02/wf-form3_160106477262176.xml"}, {"form_type": "8-K", "filings_date": "2020-09-17", "url": "https://www.sec.gov/Archives/edgar/data/0001580808/000158080820000097/aten-20200916.htm"}, {"form_type": "4", "filings_date": "2020-09-03", "url": "https://www.sec.gov/Archives/edgar/data/0001580808/000158080820000091/xslF345X03/wf-form4_159916424208980.xml"}, {"form_type": "4", "filings_date": "2020-08-25", "url": "https://www.sec.gov/Archives/edgar/data/0001580808/000158080820000089/xslF345X03/wf-form4_159838956224241.xml"}, {"form_type": "4", "filings_date": "2020-08-05", "url": "https://www.sec.gov/Archives/edgar/data/0001580808/000158080820000087/xslF345X03/wf-form4_159665835222629.xml"}, {"form_type": "10-Q", "filings_date": "2020-07-30", "url": "https://www.sec.gov/Archives/edgar/data/0001580808/000158080820000085/aten-20200630.htm"}, {"form_type": "4", "filings_date": "2020-07-28", "url": "https://www.sec.gov/Archives/edgar/data/0001580808/000158080820000082/xslF345X03/wf-form4_159597795029377.xml"}, {"form_type": "8-K", "filings_date": "2020-07-28", "url": "https://www.sec.gov/Archives/edgar/data/0001580808/000158080820000080/form8-k7282020.htm"}, {"form_type": "8-K/A", "filings_date": "2020-07-21", "url": "https://www.sec.gov/Archives/edgar/data/0001580808/000158080820000072/form8-ka7212020.htm"}, {"form_type": "8-K", "filings_date": "2020-07-09", "url": "https://www.sec.gov/Archives/edgar/data/0001580808/000158080820000068/form8-k7092020.htm"}, {"form_type": "4", "filings_date": "2020-07-07", "url": "https://www.sec.gov/Archives/edgar/data/0001580808/000158080820000065/xslF345X03/wf-form4_159417129322399.xml"}, {"form_type": "4", "filings_date": "2020-07-07", "url": "https://www.sec.gov/Archives/edgar/data/0001580808/000158080820000063/xslF345X03/wf-form4_159417119329140.xml"}, {"form_type": "4", "filings_date": "2020-07-07", "url": "https://www.sec.gov/Archives/edgar/data/0001580808/000158080820000061/xslF345X03/wf-form4_159417112858052.xml"}, {"form_type": "4", "filings_date": "2020-06-24", "url": "https://www.sec.gov/Archives/edgar/data/0001580808/000158080820000059/xslF345X03/wf-form4_159304499786894.xml"}, {"form_type": "4", "filings_date": "2020-05-28", "url": "https://www.sec.gov/Archives/edgar/data/0001580808/000158080820000057/xslF345X03/wf-form4_159070385739814.xml"}, {"form_type": "4", "filings_date": "2020-05-28", "url": "https://www.sec.gov/Archives/edgar/data/0001580808/000158080820000055/xslF345X03/wf-form4_159070375801795.xml"}, {"form_type": "4", "filings_date": "2020-05-28", "url": "https://www.sec.gov/Archives/edgar/data/0001580808/000158080820000053/xslF345X03/wf-form4_159070366030366.xml"}, {"form_type": "4", "filings_date": "2020-05-28", "url": "https://www.sec.gov/Archives/edgar/data/0001580808/000117911020006675/xslF345X03/edgar.xml"}, {"form_type": "4", "filings_date": "2020-05-28", "url": "https://www.sec.gov/Archives/edgar/data/0001580808/000117911020006674/xslF345X03/edgar.xml"}, {"form_type": "8-K", "filings_date": "2020-05-28", "url": "https://www.sec.gov/Archives/edgar/data/0001580808/000158080820000051/a8-kitem50752820.htm"}, {"form_type": "SD", "filings_date": "2020-05-28", "url": "https://www.sec.gov/Archives/edgar/data/0001580808/000158080820000044/formsd5272020.htm"}, {"form_type": "4", "filings_date": "2020-05-26", "url": "https://www.sec.gov/Archives/edgar/data/0001580808/000158080820000040/xslF345X03/wf-form4_159052398448967.xml"}, {"form_type": "4", "filings_date": "2020-05-20", "url": "https://www.sec.gov/Archives/edgar/data/0001580808/000119380520000614/xslF345X03/e619650_4-lee.xml"}, {"form_type": "SC 13G/A", "filings_date": "2020-05-20", "url": "https://www.sec.gov/Archives/edgar/data/0001580808/000119380520000609/e619644_sc13ga-a10.htm"}, {"form_type": "8-K", "filings_date": "2020-05-18", "url": "https://www.sec.gov/Archives/edgar/data/0001580808/000158080820000038/form8-krelease51820.htm"}, {"form_type": "4", "filings_date": "2020-05-08", "url": "https://www.sec.gov/Archives/edgar/data/0001580808/000158080820000033/xslF345X03/wf-form4_158897193178606.xml"}, {"form_type": "4", "filings_date": "2020-05-08", "url": "https://www.sec.gov/Archives/edgar/data/0001580808/000158080820000032/xslF345X03/wf-form4_158897188606508.xml"}, {"form_type": "4", "filings_date": "2020-05-08", "url": "https://www.sec.gov/Archives/edgar/data/0001580808/000158080820000031/xslF345X03/wf-form4_158897184191924.xml"}, {"form_type": "10-Q", "filings_date": "2020-05-08", "url": "https://www.sec.gov/Archives/edgar/data/0001580808/000158080820000029/a331202010-q.htm"}, {"form_type": "8-K", "filings_date": "2020-05-07", "url": "https://www.sec.gov/Archives/edgar/data/0001580808/000158080820000025/q12020form8-kearningsrelea.htm"}, {"form_type": "4", "filings_date": "2020-05-01", "url": "https://www.sec.gov/Archives/edgar/data/0001580808/000158080820000021/xslF345X03/wf-form4_158836857280760.xml"}, {"form_type": "3", "filings_date": "2020-04-29", "url": "https://www.sec.gov/Archives/edgar/data/0001580808/000158080820000019/xslF345X02/wf-form3_158820033373901.xml"}, {"form_type": "4", "filings_date": "2020-04-28", "url": "https://www.sec.gov/Archives/edgar/data/0001580808/000158080820000018/xslF345X03/wf-form4_158810523176349.xml"}, {"form_type": "4", "filings_date": "2020-04-28", "url": "https://www.sec.gov/Archives/edgar/data/0001580808/000158080820000017/xslF345X03/wf-form4_158810517908395.xml"}, {"form_type": "4", "filings_date": "2020-04-28", "url": "https://www.sec.gov/Archives/edgar/data/0001580808/000158080820000016/xslF345X03/wf-form4_158810511642012.xml"}, {"form_type": "4", "filings_date": "2020-04-27", "url": "https://www.sec.gov/Archives/edgar/data/0001580808/000172059620000006/xslF345X03/wf-form4_158801925754737.xml"}, {"form_type": "4", "filings_date": "2020-04-21", "url": "https://www.sec.gov/Archives/edgar/data/0001580808/000172059620000005/xslF345X03/wf-form4_158751125404576.xml"}, {"form_type": "DEFA14A", "filings_date": "2020-04-15", "url": "https://www.sec.gov/Archives/edgar/data/0001580808/000114036120008951/nc10010838x2_defa14a.htm"}, {"form_type": "DEF 14A", "filings_date": "2020-04-15", "url": "https://www.sec.gov/Archives/edgar/data/0001580808/000114036120008950/nc10010838x1_def14a.htm"}, {"form_type": "8-K", "filings_date": "2020-04-15", "url": "https://www.sec.gov/Archives/edgar/data/0001580808/000162828020004993/form8-kpressrelease41520.htm"}, {"form_type": "4", "filings_date": "2020-03-27", "url": "https://www.sec.gov/Archives/edgar/data/0001580808/000172059620000003/xslF345X03/wf-form4_158534046733197.xml"}, {"form_type": "SC 13G/A", "filings_date": "2020-03-27", "url": "https://www.sec.gov/Archives/edgar/data/0001580808/000119312520088233/d901286dsc13ga.htm"}, {"form_type": "8-K", "filings_date": "2020-03-12", "url": "https://www.sec.gov/Archives/edgar/data/0001580808/000119312520071631/d858740d8k.htm"}, {"form_type": "10-K", "filings_date": "2020-03-10", "url": "https://www.sec.gov/Archives/edgar/data/0001580808/000158080820000014/a1231201910-k.htm"}, {"form_type": "4", "filings_date": "2020-02-26", "url": "https://www.sec.gov/Archives/edgar/data/0001580808/000120919120012960/xslF345X03/doc4.xml"}, {"form_type": "4", "filings_date": "2020-02-20", "url": "https://www.sec.gov/Archives/edgar/data/0001580808/000120919120011031/xslF345X03/doc4.xml"}, {"form_type": "SC 13G/A", "filings_date": "2020-02-18", "url": "https://www.sec.gov/Archives/edgar/data/0001580808/000153215520000070/SEC13G_Filing.htm"}, {"form_type": "4", "filings_date": "2020-02-14", "url": "https://www.sec.gov/Archives/edgar/data/0001580808/000120919120009609/xslF345X03/doc4.xml"}, {"form_type": "8-K", "filings_date": "2020-02-11", "url": "https://www.sec.gov/Archives/edgar/data/0001580808/000158080820000008/q42019form8-kearningsrelea.htm"}, {"form_type": "4", "filings_date": "2020-02-06", "url": "https://www.sec.gov/Archives/edgar/data/0001580808/000120919120007241/xslF345X03/doc4.xml"}, {"form_type": "3", "filings_date": "2020-02-06", "url": "https://www.sec.gov/Archives/edgar/data/0001580808/000120919120007240/xslF345X02/doc3.xml"}, {"form_type": "8-K", "filings_date": "2020-02-06", "url": "https://www.sec.gov/Archives/edgar/data/0001580808/000119312520026767/d859765d8k.htm"}, {"form_type": "SC 13G/A", "filings_date": "2020-02-05", "url": "https://www.sec.gov/Archives/edgar/data/0001580808/000083423720004698/us0021211018_020420.txt"}, {"form_type": "SC 13G/A", "filings_date": "2020-01-28", "url": "https://www.sec.gov/Archives/edgar/data/0001580808/000119312520016972/d857180dsc13ga.htm"}, {"form_type": "4", "filings_date": "2020-01-08", "url": "https://www.sec.gov/Archives/edgar/data/0001580808/000120919120002495/xslF345X03/doc4.xml"}, {"form_type": "8-K", "filings_date": "2020-01-07", "url": "https://www.sec.gov/Archives/edgar/data/0001580808/000119312520003033/d829862d8k.htm"}, {"form_type": "4", "filings_date": "2019-12-16", "url": "https://www.sec.gov/Archives/edgar/data/0001580808/000120919119060614/xslF345X03/doc4.xml"}, {"form_type": "8-K", "filings_date": "2019-12-13", "url": "https://www.sec.gov/Archives/edgar/data/0001580808/000119312519313895/d849245d8k.htm"}, {"form_type": "4", "filings_date": "2019-12-06", "url": "https://www.sec.gov/Archives/edgar/data/0001580808/000120919119059502/xslF345X03/doc4.xml"}, {"form_type": "4", "filings_date": "2019-12-06", "url": "https://www.sec.gov/Archives/edgar/data/0001580808/000120919119059501/xslF345X03/doc4.xml"}, {"form_type": "4", "filings_date": "2019-12-06", "url": "https://www.sec.gov/Archives/edgar/data/0001580808/000120919119059500/xslF345X03/doc4.xml"}, {"form_type": "4", "filings_date": "2019-12-06", "url": "https://www.sec.gov/Archives/edgar/data/0001580808/000120919119059499/xslF345X03/doc4.xml"}, {"form_type": "8-K", "filings_date": "2019-12-06", "url": "https://www.sec.gov/Archives/edgar/data/0001580808/000119312519308293/d761935d8k.htm"}, {"form_type": "4", "filings_date": "2019-12-06", "url": "https://www.sec.gov/Archives/edgar/data/0001580808/000117911019012509/xslF345X03/edgar.xml"}, {"form_type": "4", "filings_date": "2019-12-06", "url": "https://www.sec.gov/Archives/edgar/data/0001580808/000117911019012507/xslF345X03/edgar.xml"}, {"form_type": "3", "filings_date": "2019-12-04", "url": "https://www.sec.gov/Archives/edgar/data/0001580808/000120919119059051/xslF345X02/doc3.xml"}, {"form_type": "SC 13D/A", "filings_date": "2019-11-21", "url": "https://www.sec.gov/Archives/edgar/data/0001580808/000092189519002856/sc13da710114025_11192019.htm"}, {"form_type": "8-K", "filings_date": "2019-11-21", "url": "https://www.sec.gov/Archives/edgar/data/0001580808/000119312519297089/d836919d8k.htm"}, {"form_type": "DEFA14A", "filings_date": "2019-11-21", "url": "https://www.sec.gov/Archives/edgar/data/0001580808/000119312519297090/d836919d8k.htm"}, {"form_type": "4", "filings_date": "2019-11-18", "url": "https://www.sec.gov/Archives/edgar/data/0001580808/000120919119056945/xslF345X03/doc4.xml"}, {"form_type": "4", "filings_date": "2019-11-08", "url": "https://www.sec.gov/Archives/edgar/data/0001580808/000120919119055805/xslF345X03/doc4.xml"}, {"form_type": "10-Q", "filings_date": "2019-11-01", "url": "https://www.sec.gov/Archives/edgar/data/0001580808/000162828019013090/a930201910-q.htm"}, {"form_type": "8-K", "filings_date": "2019-10-29", "url": "https://www.sec.gov/Archives/edgar/data/0001580808/000162828019012803/q320198-kpressrelease.htm"}, {"form_type": "DEFA14A", "filings_date": "2019-10-23", "url": "https://www.sec.gov/Archives/edgar/data/0001580808/000114036119018931/nc10004613x2_defa14a.htm"}, {"form_type": "DEF 14A", "filings_date": "2019-10-23", "url": "https://www.sec.gov/Archives/edgar/data/0001580808/000114036119018930/nc10004613x3_def14a.htm"}, {"form_type": "PRE 14A", "filings_date": "2019-10-08", "url": "https://www.sec.gov/Archives/edgar/data/0001580808/000114036119018142/nc10004613x1_pre14a.htm"}, {"form_type": "8-K", "filings_date": "2019-09-18", "url": "https://www.sec.gov/Archives/edgar/data/0001580808/000119312519248171/d804831d8k.htm"}, {"form_type": "4", "filings_date": "2019-08-19", "url": "https://www.sec.gov/Archives/edgar/data/0001580808/000120919119046654/xslF345X03/doc4.xml"}, {"form_type": "SC 13D/A", "filings_date": "2019-08-19", "url": "https://www.sec.gov/Archives/edgar/data/0001580808/000092189519002282/sc13da610114025_08192019.htm"}, {"form_type": "4", "filings_date": "2019-08-16", "url": "https://www.sec.gov/Archives/edgar/data/0001580808/000120919119046403/xslF345X03/doc4.xml"}, {"form_type": "10-Q", "filings_date": "2019-08-02", "url": "https://www.sec.gov/Archives/edgar/data/0001580808/000158080819000019/a630201910-q.htm"}, {"form_type": "SC 13D/A", "filings_date": "2019-07-30", "url": "https://www.sec.gov/Archives/edgar/data/0001580808/000092189519002072/sc13da510114025_07302019.htm"}, {"form_type": "4", "filings_date": "2019-07-30", "url": "https://www.sec.gov/Archives/edgar/data/0001580808/000092189519002071/xslF345X03/form410114025_07302019.xml"}, {"form_type": "3", "filings_date": "2019-07-30", "url": "https://www.sec.gov/Archives/edgar/data/0001580808/000092189519002069/xslF345X02/form310114025_07302019.xml"}, {"form_type": "8-K", "filings_date": "2019-07-30", "url": "https://www.sec.gov/Archives/edgar/data/0001580808/000119312519207080/d783692d8k.htm"}, {"form_type": "4", "filings_date": "2019-07-09", "url": "https://www.sec.gov/Archives/edgar/data/0001580808/000120919119041566/xslF345X03/doc4.xml"}, {"form_type": "SC 13D/A", "filings_date": "2019-06-05", "url": "https://www.sec.gov/Archives/edgar/data/0001580808/000092189519001737/sc13da410114025_06052019.htm"}, {"form_type": "SC 13D/A", "filings_date": "2019-06-04", "url": "https://www.sec.gov/Archives/edgar/data/0001580808/000092189519001728/sc13da310114025_06042019.htm"}, {"form_type": "SD", "filings_date": "2019-05-23", "url": "https://www.sec.gov/Archives/edgar/data/0001580808/000158080819000015/formsd123118.htm"}, {"form_type": "10-Q", "filings_date": "2019-05-08", "url": "https://www.sec.gov/Archives/edgar/data/0001580808/000158080819000008/a331201910-q.htm"}, {"form_type": "4", "filings_date": "2019-05-01", "url": "https://www.sec.gov/Archives/edgar/data/0001580808/000120919119026839/xslF345X03/doc4.xml"}, {"form_type": "4", "filings_date": "2019-05-01", "url": "https://www.sec.gov/Archives/edgar/data/0001580808/000120919119026838/xslF345X03/doc4.xml"}, {"form_type": "4", "filings_date": "2019-05-01", "url": "https://www.sec.gov/Archives/edgar/data/0001580808/000120919119026836/xslF345X03/doc4.xml"}, {"form_type": "10-K/A", "filings_date": "2019-04-26", "url": "https://www.sec.gov/Archives/edgar/data/0001580808/000158080819000006/a2018form10-ka.htm"}, {"form_type": "8-K", "filings_date": "2019-04-25", "url": "https://www.sec.gov/Archives/edgar/data/0001580808/000158080819000004/q120198-kpressreleasenewno.htm"}, {"form_type": "4", "filings_date": "2019-04-24", "url": "https://www.sec.gov/Archives/edgar/data/0001580808/000120919119025815/xslF345X03/doc4.xml"}, {"form_type": "4", "filings_date": "2019-04-24", "url": "https://www.sec.gov/Archives/edgar/data/0001580808/000120919119025814/xslF345X03/doc4.xml"}, {"form_type": "4", "filings_date": "2019-04-24", "url": "https://www.sec.gov/Archives/edgar/data/0001580808/000120919119025812/xslF345X03/doc4.xml"}, {"form_type": "4", "filings_date": "2019-04-24", "url": "https://www.sec.gov/Archives/edgar/data/0001580808/000120919119025811/xslF345X03/doc4.xml"}, {"form_type": "4", "filings_date": "2019-04-22", "url": "https://www.sec.gov/Archives/edgar/data/0001580808/000120919119025543/xslF345X03/doc4.xml"}, {"form_type": "8-K", "filings_date": "2019-04-01", "url": "https://www.sec.gov/Archives/edgar/data/0001580808/000119312519094532/d728222d8k.htm"}, {"form_type": "S-8", "filings_date": "2019-03-18", "url": "https://www.sec.gov/Archives/edgar/data/0001580808/000162828019003018/a2018s-8.htm"}, {"form_type": "10-K", "filings_date": "2019-03-18", "url": "https://www.sec.gov/Archives/edgar/data/0001580808/000162828019003017/a1231201810-k.htm"}, {"form_type": "4", "filings_date": "2019-02-20", "url": "https://www.sec.gov/Archives/edgar/data/0001580808/000120919119011743/xslF345X03/doc4.xml"}, {"form_type": "4", "filings_date": "2019-02-15", "url": "https://www.sec.gov/Archives/edgar/data/0001580808/000120919119010556/xslF345X03/doc4.xml"}, {"form_type": "SC 13G/A", "filings_date": "2019-02-14", "url": "https://www.sec.gov/Archives/edgar/data/0001580808/000119312519040210/d650150dsc13ga.htm"}, {"form_type": "SC 13G/A", "filings_date": "2019-02-13", "url": "https://www.sec.gov/Archives/edgar/data/0001580808/000153215519000102/SEC13G_Filing.htm"}, {"form_type": "SC 13G/A", "filings_date": "2019-02-11", "url": "https://www.sec.gov/Archives/edgar/data/0001580808/000093247119004347/a10networksinc.htm"}, {"form_type": "8-K", "filings_date": "2019-02-07", "url": "https://www.sec.gov/Archives/edgar/data/0001580808/000158080819000002/q420188-kpressrelease.htm"}, {"form_type": "SC 13G/A", "filings_date": "2019-02-04", "url": "https://www.sec.gov/Archives/edgar/data/0001580808/000021545719003112/us0021211018_020419.txt"}, {"form_type": "4", "filings_date": "2019-01-08", "url": "https://www.sec.gov/Archives/edgar/data/0001580808/000120919119002788/xslF345X03/doc4.xml"}, {"form_type": "8-K", "filings_date": "2019-01-08", "url": "https://www.sec.gov/Archives/edgar/data/0001580808/000119312519004418/d657035d8k.htm"}, {"form_type": "CT ORDER", "filings_date": "2018-11-27", "url": "https://www.sec.gov/Archives/edgar/data/0001580808/999999999718009133/filename1.pdf"}, {"form_type": "4", "filings_date": "2018-11-09", "url": "https://www.sec.gov/Archives/edgar/data/0001580808/000120919118057981/xslF345X03/doc4.xml"}, {"form_type": "4", "filings_date": "2018-11-09", "url": "https://www.sec.gov/Archives/edgar/data/0001580808/000120919118057980/xslF345X03/doc4.xml"}, {"form_type": "4", "filings_date": "2018-11-09", "url": "https://www.sec.gov/Archives/edgar/data/0001580808/000120919118057978/xslF345X03/doc4.xml"}, {"form_type": "4", "filings_date": "2018-11-09", "url": "https://www.sec.gov/Archives/edgar/data/0001580808/000117911018012729/xslF345X03/edgar.xml"}, {"form_type": "4", "filings_date": "2018-11-09", "url": "https://www.sec.gov/Archives/edgar/data/0001580808/000117911018012728/xslF345X03/edgar.xml"}, {"form_type": "8-K", "filings_date": "2018-11-09", "url": "https://www.sec.gov/Archives/edgar/data/0001580808/000158080818000041/a8-kannualmeetingofstockho.htm"}, {"form_type": "4", "filings_date": "2018-11-07", "url": "https://www.sec.gov/Archives/edgar/data/0001580808/000120919118057623/xslF345X03/doc4.xml"}, {"form_type": "SC 13D/A", "filings_date": "2018-11-02", "url": "https://www.sec.gov/Archives/edgar/data/0001580808/000092189518002912/sc13da210114025_11022018.htm"}, {"form_type": "10-Q", "filings_date": "2018-11-01", "url": "https://www.sec.gov/Archives/edgar/data/0001580808/000158080818000040/a930201810-q.htm"}, {"form_type": "8-K", "filings_date": "2018-10-30", "url": "https://www.sec.gov/Archives/edgar/data/0001580808/000158080818000038/q320188-kpressrelease.htm"}, {"form_type": "4", "filings_date": "2018-10-23", "url": "https://www.sec.gov/Archives/edgar/data/0001580808/000120919118056005/xslF345X03/doc4.xml"}, {"form_type": "4", "filings_date": "2018-10-23", "url": "https://www.sec.gov/Archives/edgar/data/0001580808/000120919118056004/xslF345X03/doc4.xml"}, {"form_type": "4", "filings_date": "2018-10-23", "url": "https://www.sec.gov/Archives/edgar/data/0001580808/000120919118056003/xslF345X03/doc4.xml"}, {"form_type": "4", "filings_date": "2018-10-23", "url": "https://www.sec.gov/Archives/edgar/data/0001580808/000120919118056002/xslF345X03/doc4.xml"}, {"form_type": "4/A", "filings_date": "2018-10-22", "url": "https://www.sec.gov/Archives/edgar/data/0001580808/000120919118055898/xslF345X03/doc4a.xml"}, {"form_type": "4/A", "filings_date": "2018-10-22", "url": "https://www.sec.gov/Archives/edgar/data/0001580808/000120919118055897/xslF345X03/doc4a.xml"}, {"form_type": "4", "filings_date": "2018-10-19", "url": "https://www.sec.gov/Archives/edgar/data/0001580808/000120919118055717/xslF345X03/doc4.xml"}, {"form_type": "4", "filings_date": "2018-10-19", "url": "https://www.sec.gov/Archives/edgar/data/0001580808/000120919118055715/xslF345X03/doc4.xml"}, {"form_type": "S-8", "filings_date": "2018-10-10", "url": "https://www.sec.gov/Archives/edgar/data/0001580808/000119312518297526/d627267ds8.htm"}, {"form_type": "10-K/A", "filings_date": "2018-10-10", "url": "https://www.sec.gov/Archives/edgar/data/0001580808/000119312518296915/d627052d10ka.htm"}, {"form_type": "10-Q", "filings_date": "2018-10-09", "url": "https://www.sec.gov/Archives/edgar/data/0001580808/000158080818000037/a630201810-q.htm"}, {"form_type": "DEFA14A", "filings_date": "2018-09-26", "url": "https://www.sec.gov/Archives/edgar/data/0001580808/000114036118039148/bp12952x3_defa14a.htm"}, {"form_type": "DEF 14A", "filings_date": "2018-09-26", "url": "https://www.sec.gov/Archives/edgar/data/0001580808/000114036118039146/bp12952x4_def14a.htm"}, {"form_type": "10-Q", "filings_date": "2018-09-24", "url": "https://www.sec.gov/Archives/edgar/data/0001580808/000158080818000033/a331201810-q.htm"}, {"form_type": "PRE 14A", "filings_date": "2018-09-06", "url": "https://www.sec.gov/Archives/edgar/data/0001580808/000114036118037979/bp12952x2_pre14a.htm"}, {"form_type": "8-K", "filings_date": "2018-09-04", "url": "https://www.sec.gov/Archives/edgar/data/0001580808/000119312518266276/d621411d8k.htm"}, {"form_type": "8-K", "filings_date": "2018-08-30", "url": "https://www.sec.gov/Archives/edgar/data/0001580808/000162828018011548/a8-kpressreleaseq218.htm"}, {"form_type": "10-K", "filings_date": "2018-08-29", "url": "https://www.sec.gov/Archives/edgar/data/0001580808/000162828018011503/a10-k12312017.htm"}, {"form_type": "NT 10-Q", "filings_date": "2018-08-10", "url": "https://www.sec.gov/Archives/edgar/data/0001580808/000119312518245742/d600549dnt10q.htm"}, {"form_type": "8-K", "filings_date": "2018-07-02", "url": "https://www.sec.gov/Archives/edgar/data/0001580808/000162828018008978/a8-krestatement.htm"}, {"form_type": "SD", "filings_date": "2018-05-16", "url": "https://www.sec.gov/Archives/edgar/data/0001580808/000158080818000028/formsd12312017.htm"}, {"form_type": "NT 10-Q", "filings_date": "2018-05-10", "url": "https://www.sec.gov/Archives/edgar/data/0001580808/000158080818000025/nt10-q3312018.htm"}, {"form_type": "8-K", "filings_date": "2018-04-06", "url": "https://www.sec.gov/Archives/edgar/data/0001580808/000158080818000021/a8-knysenoticelate10xk.htm"}, {"form_type": "NT 10-K", "filings_date": "2018-03-19", "url": "https://www.sec.gov/Archives/edgar/data/0001580808/000158080818000017/nt10-k2017.htm"}, {"form_type": "4", "filings_date": "2018-03-16", "url": "https://www.sec.gov/Archives/edgar/data/0001580808/000120919118020185/xslF345X03/doc4.xml"}, {"form_type": "3", "filings_date": "2018-03-16", "url": "https://www.sec.gov/Archives/edgar/data/0001580808/000120919118020181/xslF345X02/doc3.xml"}, {"form_type": "SC 13D/A", "filings_date": "2018-03-16", "url": "https://www.sec.gov/Archives/edgar/data/0001580808/000092189518000997/sc13da110114025_03162018.htm"}, {"form_type": "8-K", "filings_date": "2018-03-16", "url": "https://www.sec.gov/Archives/edgar/data/0001580808/000158080818000012/a8-kapprovalofsettlementag.htm"}, {"form_type": "8-K", "filings_date": "2018-02-26", "url": "https://www.sec.gov/Archives/edgar/data/0001580808/000158080818000008/a8-kextendingnominationdea.htm"}, {"form_type": "4", "filings_date": "2018-02-21", "url": "https://www.sec.gov/Archives/edgar/data/0001580808/000120919118011881/xslF345X03/doc4.xml"}, {"form_type": "4", "filings_date": "2018-02-15", "url": "https://www.sec.gov/Archives/edgar/data/0001580808/000120919118010447/xslF345X03/doc4.xml"}, {"form_type": "SC 13G/A", "filings_date": "2018-02-14", "url": "https://www.sec.gov/Archives/edgar/data/0001580808/000119312518045231/d469937dsc13ga.htm"}, {"form_type": "SC 13G/A", "filings_date": "2018-02-14", "url": "https://www.sec.gov/Archives/edgar/data/0001580808/000119312518045226/d540155dsc13ga.htm"}, {"form_type": "SC 13G", "filings_date": "2018-02-13", "url": "https://www.sec.gov/Archives/edgar/data/0001580808/000153215518000079/SEC13G_Filing.htm"}, {"form_type": "SC 13G", "filings_date": "2018-02-08", "url": "https://www.sec.gov/Archives/edgar/data/0001580808/000093247118002534/a10networksinc.htm"}, {"form_type": "8-K", "filings_date": "2018-01-30", "url": "https://www.sec.gov/Archives/edgar/data/0001580808/000158080818000005/a8-kpostponementofearnings.htm"}, {"form_type": "SC 13G/A", "filings_date": "2018-01-29", "url": "https://www.sec.gov/Archives/edgar/data/0001580808/000021545718003570/us0021211018_012418.txt"}, {"form_type": "SC 13D", "filings_date": "2018-01-29", "url": "https://www.sec.gov/Archives/edgar/data/0001580808/000092189518000290/sc13d10114001_01292018.htm"}, {"form_type": "8-K", "filings_date": "2018-01-16", "url": "https://www.sec.gov/Archives/edgar/data/0001580808/000158080818000003/a8-kprexannouncementofq417.htm"}, {"form_type": "4", "filings_date": "2018-01-10", "url": "https://www.sec.gov/Archives/edgar/data/0001580808/000120919118003206/xslF345X03/doc4.xml"}, {"form_type": "3", "filings_date": "2018-01-08", "url": "https://www.sec.gov/Archives/edgar/data/0001580808/000120919118002711/xslF345X02/doc3.xml"}, {"form_type": "4", "filings_date": "2018-01-04", "url": "https://www.sec.gov/Archives/edgar/data/0001580808/000120919118001902/xslF345X03/doc4.xml"}, {"form_type": "4", "filings_date": "2018-01-02", "url": "https://www.sec.gov/Archives/edgar/data/0001580808/000120919118000203/xslF345X03/doc4.xml"}, {"form_type": "4", "filings_date": "2017-12-22", "url": "https://www.sec.gov/Archives/edgar/data/0001580808/000120919117067056/xslF345X03/doc4.xml"}, {"form_type": "4/A", "filings_date": "2017-12-21", "url": "https://www.sec.gov/Archives/edgar/data/0001580808/000120919117066866/xslF345X03/doc4a.xml"}, {"form_type": "4/A", "filings_date": "2017-12-21", "url": "https://www.sec.gov/Archives/edgar/data/0001580808/000120919117066865/xslF345X03/doc4a.xml"}, {"form_type": "4", "filings_date": "2017-12-14", "url": "https://www.sec.gov/Archives/edgar/data/0001580808/000120919117065713/xslF345X03/doc4.xml"}, {"form_type": "4", "filings_date": "2017-12-08", "url": "https://www.sec.gov/Archives/edgar/data/0001580808/000120919117064839/xslF345X03/doc4.xml"}, {"form_type": "4/A", "filings_date": "2017-12-08", "url": "https://www.sec.gov/Archives/edgar/data/0001580808/000120919117064837/xslF345X03/doc4a.xml"}, {"form_type": "4", "filings_date": "2017-12-06", "url": "https://www.sec.gov/Archives/edgar/data/0001580808/000120919117064256/xslF345X03/doc4.xml"}, {"form_type": "4", "filings_date": "2017-12-05", "url": "https://www.sec.gov/Archives/edgar/data/0001580808/000120919117064061/xslF345X03/doc4.xml"}, {"form_type": "4", "filings_date": "2017-11-29", "url": "https://www.sec.gov/Archives/edgar/data/0001580808/000120919117062815/xslF345X03/doc4.xml"}, {"form_type": "4", "filings_date": "2017-11-27", "url": "https://www.sec.gov/Archives/edgar/data/0001580808/000120919117062579/xslF345X03/doc4.xml"}, {"form_type": "CT ORDER", "filings_date": "2017-11-22", "url": "https://www.sec.gov/Archives/edgar/data/0001580808/999999999717010002/filename1.pdf"}, {"form_type": "4", "filings_date": "2017-11-17", "url": "https://www.sec.gov/Archives/edgar/data/0001580808/000120919117061651/xslF345X03/doc4.xml"}, {"form_type": "8-K", "filings_date": "2017-11-13", "url": "https://www.sec.gov/Archives/edgar/data/0001580808/000158080817000068/a8-kraysmetstransitionagre.htm"}, {"form_type": "4", "filings_date": "2017-11-09", "url": "https://www.sec.gov/Archives/edgar/data/0001580808/000120919117060047/xslF345X03/doc4.xml"}, {"form_type": "4", "filings_date": "2017-11-07", "url": "https://www.sec.gov/Archives/edgar/data/0001580808/000120919117059599/xslF345X03/doc4.xml"}, {"form_type": "10-Q", "filings_date": "2017-11-02", "url": "https://www.sec.gov/Archives/edgar/data/0001580808/000158080817000064/a10-q9302017.htm"}, {"form_type": "4", "filings_date": "2017-11-01", "url": "https://www.sec.gov/Archives/edgar/data/0001580808/000120919117058688/xslF345X03/doc4.xml"}, {"form_type": "4", "filings_date": "2017-11-01", "url": "https://www.sec.gov/Archives/edgar/data/0001580808/000120919117058598/xslF345X03/doc4.xml"}, {"form_type": "3", "filings_date": "2017-10-27", "url": "https://www.sec.gov/Archives/edgar/data/0001580808/000120919117058216/xslF345X02/doc3.xml"}, {"form_type": "8-K", "filings_date": "2017-10-26", "url": "https://www.sec.gov/Archives/edgar/data/0001580808/000158080817000061/a8-kpressreleaseq317.htm"}, {"form_type": "8-K", "filings_date": "2017-10-26", "url": "https://www.sec.gov/Archives/edgar/data/0001580808/000158080817000059/a8-kgunterreiss.htm"}, {"form_type": "4", "filings_date": "2017-10-24", "url": "https://www.sec.gov/Archives/edgar/data/0001580808/000120919117057843/xslF345X03/doc4.xml"}, {"form_type": "4", "filings_date": "2017-10-23", "url": "https://www.sec.gov/Archives/edgar/data/0001580808/000120919117057741/xslF345X03/doc4.xml"}, {"form_type": "4", "filings_date": "2017-10-16", "url": "https://www.sec.gov/Archives/edgar/data/0001580808/000120919117057010/xslF345X03/doc4.xml"}, {"form_type": "4", "filings_date": "2017-10-13", "url": "https://www.sec.gov/Archives/edgar/data/0001580808/000120919117056890/xslF345X03/doc4.xml"}, {"form_type": "4", "filings_date": "2017-10-06", "url": "https://www.sec.gov/Archives/edgar/data/0001580808/000120919117056287/xslF345X03/doc4.xml"}, {"form_type": "4", "filings_date": "2017-10-03", "url": "https://www.sec.gov/Archives/edgar/data/0001580808/000120919117055034/xslF345X03/doc4.xml"}, {"form_type": "4", "filings_date": "2017-10-02", "url": "https://www.sec.gov/Archives/edgar/data/0001580808/000120919117054600/xslF345X03/doc4.xml"}, {"form_type": "8-K", "filings_date": "2017-09-28", "url": "https://www.sec.gov/Archives/edgar/data/0001580808/000158080817000056/a8-kq317outlookupdateraysm.htm"}, {"form_type": "4", "filings_date": "2017-09-27", "url": "https://www.sec.gov/Archives/edgar/data/0001580808/000120919117054120/xslF345X03/doc4.xml"}, {"form_type": "4", "filings_date": "2017-09-19", "url": "https://www.sec.gov/Archives/edgar/data/0001580808/000120919117053280/xslF345X03/doc4.xml"}, {"form_type": "4", "filings_date": "2017-09-18", "url": "https://www.sec.gov/Archives/edgar/data/0001580808/000120919117053150/xslF345X03/doc4.xml"}, {"form_type": "4", "filings_date": "2017-09-15", "url": "https://www.sec.gov/Archives/edgar/data/0001580808/000120919117052991/xslF345X03/doc4.xml"}, {"form_type": "4", "filings_date": "2017-09-08", "url": "https://www.sec.gov/Archives/edgar/data/0001580808/000120919117052037/xslF345X03/doc4.xml"}, {"form_type": "4", "filings_date": "2017-09-05", "url": "https://www.sec.gov/Archives/edgar/data/0001580808/000120919117051283/xslF345X03/doc4.xml"}, {"form_type": "4", "filings_date": "2017-08-31", "url": "https://www.sec.gov/Archives/edgar/data/0001580808/000120919117050873/xslF345X03/doc4.xml"}, {"form_type": "4", "filings_date": "2017-08-23", "url": "https://www.sec.gov/Archives/edgar/data/0001580808/000120919117049928/xslF345X03/doc4.xml"}, {"form_type": "4", "filings_date": "2017-08-15", "url": "https://www.sec.gov/Archives/edgar/data/0001580808/000120919117048943/xslF345X03/doc4.xml"}, {"form_type": "4", "filings_date": "2017-08-15", "url": "https://www.sec.gov/Archives/edgar/data/0001580808/000120919117048941/xslF345X03/doc4.xml"}, {"form_type": "4", "filings_date": "2017-08-11", "url": "https://www.sec.gov/Archives/edgar/data/0001580808/000120919117048666/xslF345X03/doc4.xml"}, {"form_type": "4", "filings_date": "2017-08-11", "url": "https://www.sec.gov/Archives/edgar/data/0001580808/000120919117048652/xslF345X03/doc4.xml"}, {"form_type": "4", "filings_date": "2017-08-08", "url": "https://www.sec.gov/Archives/edgar/data/0001580808/000120919117048080/xslF345X03/doc4.xml"}, {"form_type": "4", "filings_date": "2017-08-04", "url": "https://www.sec.gov/Archives/edgar/data/0001580808/000120919117047690/xslF345X03/doc4.xml"}, {"form_type": "10-Q", "filings_date": "2017-08-03", "url": "https://www.sec.gov/Archives/edgar/data/0001580808/000158080817000050/a10-q6302017.htm"}, {"form_type": "8-K", "filings_date": "2017-07-27", "url": "https://www.sec.gov/Archives/edgar/data/0001580808/000158080817000047/a8-kpressreleaseq217.htm"}, {"form_type": "4", "filings_date": "2017-07-26", "url": "https://www.sec.gov/Archives/edgar/data/0001580808/000120919117046354/xslF345X03/doc4.xml"}, {"form_type": "4", "filings_date": "2017-07-19", "url": "https://www.sec.gov/Archives/edgar/data/0001580808/000120919117045723/xslF345X03/doc4.xml"}, {"form_type": "8-K", "filings_date": "2017-07-13", "url": "https://www.sec.gov/Archives/edgar/data/0001580808/000158080817000044/a8-kprexannouncementq217re.htm"}, {"form_type": "4", "filings_date": "2017-07-11", "url": "https://www.sec.gov/Archives/edgar/data/0001580808/000120919117044791/xslF345X03/doc4.xml"}, {"form_type": "4", "filings_date": "2017-07-10", "url": "https://www.sec.gov/Archives/edgar/data/0001580808/000120919117044638/xslF345X03/doc4.xml"}, {"form_type": "4", "filings_date": "2017-07-06", "url": "https://www.sec.gov/Archives/edgar/data/0001580808/000120919117043997/xslF345X03/doc4.xml"}, {"form_type": "4", "filings_date": "2017-06-30", "url": "https://www.sec.gov/Archives/edgar/data/0001580808/000120919117042529/xslF345X03/doc4.xml"}, {"form_type": "4", "filings_date": "2017-06-23", "url": "https://www.sec.gov/Archives/edgar/data/0001580808/000120919117041637/xslF345X03/doc4.xml"}, {"form_type": "4", "filings_date": "2017-06-15", "url": "https://www.sec.gov/Archives/edgar/data/0001580808/000120919117040185/xslF345X03/doc4.xml"}, {"form_type": "3", "filings_date": "2017-06-15", "url": "https://www.sec.gov/Archives/edgar/data/0001580808/000120919117040181/xslF345X02/doc3.xml"}, {"form_type": "4", "filings_date": "2017-06-14", "url": "https://www.sec.gov/Archives/edgar/data/0001580808/000120919117039808/xslF345X03/doc4.xml"}, {"form_type": "4", "filings_date": "2017-06-07", "url": "https://www.sec.gov/Archives/edgar/data/0001580808/000120919117038288/xslF345X03/doc4.xml"}, {"form_type": "4", "filings_date": "2017-06-05", "url": "https://www.sec.gov/Archives/edgar/data/0001580808/000120919117037692/xslF345X03/doc4.xml"}, {"form_type": "4", "filings_date": "2017-06-05", "url": "https://www.sec.gov/Archives/edgar/data/0001580808/000120919117037688/xslF345X03/doc4.xml"}, {"form_type": "4", "filings_date": "2017-06-02", "url": "https://www.sec.gov/Archives/edgar/data/0001580808/000120919117037218/xslF345X03/doc4.xml"}, {"form_type": "4", "filings_date": "2017-06-02", "url": "https://www.sec.gov/Archives/edgar/data/0001580808/000120919117037213/xslF345X03/doc4.xml"}, {"form_type": "4", "filings_date": "2017-06-02", "url": "https://www.sec.gov/Archives/edgar/data/0001580808/000120919117037209/xslF345X03/doc4.xml"}, {"form_type": "4", "filings_date": "2017-06-02", "url": "https://www.sec.gov/Archives/edgar/data/0001580808/000117911017008431/xslF345X03/edgar.xml"}, {"form_type": "4", "filings_date": "2017-06-02", "url": "https://www.sec.gov/Archives/edgar/data/0001580808/000117911017008430/xslF345X03/edgar.xml"}, {"form_type": "8-K", "filings_date": "2017-06-01", "url": "https://www.sec.gov/Archives/edgar/data/0001580808/000158080817000041/a8-kannualmeetingofstockho.htm"}, {"form_type": "4", "filings_date": "2017-05-26", "url": "https://www.sec.gov/Archives/edgar/data/0001580808/000120919117035799/xslF345X03/doc4.xml"}, {"form_type": "SD", "filings_date": "2017-05-19", "url": "https://www.sec.gov/Archives/edgar/data/0001580808/000158080817000039/atenformsd20161231.htm"}, {"form_type": "4", "filings_date": "2017-05-19", "url": "https://www.sec.gov/Archives/edgar/data/0001580808/000120919117033934/xslF345X03/doc4.xml"}, {"form_type": "8-K", "filings_date": "2017-05-19", "url": "https://www.sec.gov/Archives/edgar/data/0001580808/000158080817000038/a8-kcfoappointmenttomconta.htm"}, {"form_type": "4", "filings_date": "2017-05-17", "url": "https://www.sec.gov/Archives/edgar/data/0001580808/000120919117033355/xslF345X03/doc4.xml"}, {"form_type": "4", "filings_date": "2017-05-12", "url": "https://www.sec.gov/Archives/edgar/data/0001580808/000120919117031967/xslF345X03/doc4.xml"}, {"form_type": "4", "filings_date": "2017-05-11", "url": "https://www.sec.gov/Archives/edgar/data/0001580808/000120919117031528/xslF345X03/doc4.xml"}, {"form_type": "10-Q", "filings_date": "2017-05-05", "url": "https://www.sec.gov/Archives/edgar/data/0001580808/000158080817000031/a10-q3312017.htm"}, {"form_type": "4", "filings_date": "2017-05-03", "url": "https://www.sec.gov/Archives/edgar/data/0001580808/000120919117029634/xslF345X03/doc4.xml"}, {"form_type": "4", "filings_date": "2017-05-03", "url": "https://www.sec.gov/Archives/edgar/data/0001580808/000120919117029613/xslF345X03/doc4.xml"}, {"form_type": "4", "filings_date": "2017-05-01", "url": "https://www.sec.gov/Archives/edgar/data/0001580808/000120919117028920/xslF345X03/doc4.xml"}, {"form_type": "8-K", "filings_date": "2017-04-27", "url": "https://www.sec.gov/Archives/edgar/data/0001580808/000158080817000026/a8-kpressreleaseq117.htm"}, {"form_type": "4", "filings_date": "2017-04-21", "url": "https://www.sec.gov/Archives/edgar/data/0001580808/000120919117027824/xslF345X03/doc4.xml"}, {"form_type": "DEFA14A", "filings_date": "2017-04-14", "url": "https://www.sec.gov/Archives/edgar/data/0001580808/000162612917000252/a10_defa14a-053117.htm"}, {"form_type": "DEF 14A", "filings_date": "2017-04-14", "url": "https://www.sec.gov/Archives/edgar/data/0001580808/000162612917000250/a10_def14a-053117.htm"}, {"form_type": "4", "filings_date": "2017-04-13", "url": "https://www.sec.gov/Archives/edgar/data/0001580808/000120919117026931/xslF345X03/doc4.xml"}, {"form_type": "4", "filings_date": "2017-04-07", "url": "https://www.sec.gov/Archives/edgar/data/0001580808/000120919117026244/xslF345X03/doc4.xml"}, {"form_type": "4", "filings_date": "2017-04-07", "url": "https://www.sec.gov/Archives/edgar/data/0001580808/000120919117026243/xslF345X03/doc4.xml"}, {"form_type": "8-K", "filings_date": "2017-04-06", "url": "https://www.sec.gov/Archives/edgar/data/0001580808/000158080817000020/a8-kshivanatarajancompensa.htm"}, {"form_type": "4", "filings_date": "2017-04-06", "url": "https://www.sec.gov/Archives/edgar/data/0001580808/000120919117026067/xslF345X03/doc4.xml"}, {"form_type": "4", "filings_date": "2017-04-04", "url": "https://www.sec.gov/Archives/edgar/data/0001580808/000120919117025220/xslF345X03/doc4.xml"}, {"form_type": "4", "filings_date": "2017-04-04", "url": "https://www.sec.gov/Archives/edgar/data/0001580808/000120919117025218/xslF345X03/doc4.xml"}, {"form_type": "4", "filings_date": "2017-04-04", "url": "https://www.sec.gov/Archives/edgar/data/0001580808/000120919117025217/xslF345X03/doc4.xml"}, {"form_type": "4", "filings_date": "2017-04-04", "url": "https://www.sec.gov/Archives/edgar/data/0001580808/000120919117025216/xslF345X03/doc4.xml"}, {"form_type": "4", "filings_date": "2017-04-04", "url": "https://www.sec.gov/Archives/edgar/data/0001580808/000120919117025215/xslF345X03/doc4.xml"}, {"form_type": "4", "filings_date": "2017-04-04", "url": "https://www.sec.gov/Archives/edgar/data/0001580808/000120919117025211/xslF345X03/doc4.xml"}, {"form_type": "8-K", "filings_date": "2017-03-31", "url": "https://www.sec.gov/Archives/edgar/data/0001580808/000158080817000016/a8-kgregstraughndeparture.htm"}, {"form_type": "4", "filings_date": "2017-03-29", "url": "https://www.sec.gov/Archives/edgar/data/0001580808/000120919117023561/xslF345X03/doc4.xml"}, {"form_type": "4", "filings_date": "2017-03-27", "url": "https://www.sec.gov/Archives/edgar/data/0001580808/000120919117022973/xslF345X03/doc4.xml"}, {"form_type": "4", "filings_date": "2017-03-17", "url": "https://www.sec.gov/Archives/edgar/data/0001580808/000120919117021357/xslF345X03/doc4.xml"}, {"form_type": "4", "filings_date": "2017-03-10", "url": "https://www.sec.gov/Archives/edgar/data/0001580808/000120919117019827/xslF345X03/doc4.xml"}, {"form_type": "4", "filings_date": "2017-03-03", "url": "https://www.sec.gov/Archives/edgar/data/0001580808/000120919117017518/xslF345X03/doc4.xml"}, {"form_type": "3", "filings_date": "2017-03-03", "url": "https://www.sec.gov/Archives/edgar/data/0001580808/000120919117017491/xslF345X02/doc3.xml"}, {"form_type": "4", "filings_date": "2017-03-02", "url": "https://www.sec.gov/Archives/edgar/data/0001580808/000120919117016674/xslF345X03/doc4.xml"}, {"form_type": "S-8", "filings_date": "2017-02-24", "url": "https://www.sec.gov/Archives/edgar/data/0001580808/000158080817000014/s-8.htm"}, {"form_type": "10-K", "filings_date": "2017-02-24", "url": "https://www.sec.gov/Archives/edgar/data/0001580808/000158080817000013/a10-k12312016.htm"}, {"form_type": "4", "filings_date": "2017-02-23", "url": "https://www.sec.gov/Archives/edgar/data/0001580808/000120919117013954/xslF345X03/doc4.xml"}, {"form_type": "4", "filings_date": "2017-02-21", "url": "https://www.sec.gov/Archives/edgar/data/0001580808/000120919117012920/xslF345X03/doc4.xml"}, {"form_type": "4", "filings_date": "2017-02-15", "url": "https://www.sec.gov/Archives/edgar/data/0001580808/000120919117011033/xslF345X03/doc4.xml"}, {"form_type": "4", "filings_date": "2017-02-15", "url": "https://www.sec.gov/Archives/edgar/data/0001580808/000120919117011032/xslF345X03/doc4.xml"}, {"form_type": "4", "filings_date": "2017-02-15", "url": "https://www.sec.gov/Archives/edgar/data/0001580808/000120919117011031/xslF345X03/doc4.xml"}, {"form_type": "8-K", "filings_date": "2017-02-09", "url": "https://www.sec.gov/Archives/edgar/data/0001580808/000158080817000006/a8-kpressreleaseq416.htm"}, {"form_type": "4", "filings_date": "2017-02-08", "url": "https://www.sec.gov/Archives/edgar/data/0001580808/000120919117008822/xslF345X03/doc4.xml"}, {"form_type": "4", "filings_date": "2017-02-08", "url": "https://www.sec.gov/Archives/edgar/data/0001580808/000120919117008819/xslF345X03/doc4.xml"}, {"form_type": "4", "filings_date": "2017-02-08", "url": "https://www.sec.gov/Archives/edgar/data/0001580808/000120919117008813/xslF345X03/doc4.xml"}, {"form_type": "4", "filings_date": "2017-02-08", "url": "https://www.sec.gov/Archives/edgar/data/0001580808/000120919117008808/xslF345X03/doc4.xml"}, {"form_type": "4", "filings_date": "2017-02-08", "url": "https://www.sec.gov/Archives/edgar/data/0001580808/000120919117008807/xslF345X03/doc4.xml"}, {"form_type": "4", "filings_date": "2017-02-03", "url": "https://www.sec.gov/Archives/edgar/data/0001580808/000120919117007551/xslF345X03/doc4.xml"}, {"form_type": "SC 13G", "filings_date": "2017-01-30", "url": "https://www.sec.gov/Archives/edgar/data/0001580808/000021545717002130/a10.networks.inc.txt"}, {"form_type": "4", "filings_date": "2017-01-06", "url": "https://www.sec.gov/Archives/edgar/data/0001580808/000120919117002634/xslF345X03/doc4.xml"}]}