{"company": {"cik": "0001085621", "name": "Actua Corp", "sic": "Services-Computer Programming Services", "state_incorp": "DE", "ticker": "", "mailing_addr": "555 E. LANCASTER AVENUE, RADNOR, PA, 19087", "category": "Large Accelerated", "fiscal_year_end": "31, December"}, "filings": [{"form_type": "SC 13G/A", "filings_date": "2022-02-14", "url": "https://www.sec.gov/Archives/edgar/data/0001085621/000117266122000626/arrowmark-acta123121a1.htm"}, {"form_type": "8-K", "filings_date": "2021-09-01", "url": "https://www.sec.gov/Archives/edgar/data/0001085621/000119312521263197/d214775d8k.htm"}, {"form_type": "8-K", "filings_date": "2020-02-03", "url": "https://www.sec.gov/Archives/edgar/data/0001085621/000119312520022585/d877501d8k.htm"}, {"form_type": "8-K", "filings_date": "2019-07-25", "url": "https://www.sec.gov/Archives/edgar/data/0001085621/000119312519201976/d780400d8k.htm"}, {"form_type": "8-K", "filings_date": "2019-05-17", "url": "https://www.sec.gov/Archives/edgar/data/0001085621/000119312519150521/d746632d8k.htm"}, {"form_type": "SC 13G/A", "filings_date": "2019-02-15", "url": "https://www.sec.gov/Archives/edgar/data/0001085621/000093247119006244/actuacorp.htm"}, {"form_type": "SC 13G", "filings_date": "2019-02-14", "url": "https://www.sec.gov/Archives/edgar/data/0001085621/000101143819000057/form_sc13g-actua.htm"}, {"form_type": "SC 13G/A", "filings_date": "2019-02-13", "url": "https://www.sec.gov/Archives/edgar/data/0001085621/000031506619000847/filing.txt"}, {"form_type": "SC 13G/A", "filings_date": "2019-02-08", "url": "https://www.sec.gov/Archives/edgar/data/0001085621/000125889719001503/dfs674.htm"}, {"form_type": "8-K", "filings_date": "2018-10-04", "url": "https://www.sec.gov/Archives/edgar/data/0001085621/000119312518293312/d612663d8k.htm"}, {"form_type": "8-K", "filings_date": "2018-06-21", "url": "https://www.sec.gov/Archives/edgar/data/0001085621/000119312518199617/d617669d8k.htm"}, {"form_type": "10-K/A", "filings_date": "2018-04-30", "url": "https://www.sec.gov/Archives/edgar/data/0001085621/000119312518142899/d563261d10ka.htm"}, {"form_type": "8-K", "filings_date": "2018-04-30", "url": "https://www.sec.gov/Archives/edgar/data/0001085621/000119312518142883/d577963d8k.htm"}, {"form_type": "8-K", "filings_date": "2018-04-19", "url": "https://www.sec.gov/Archives/edgar/data/0001085621/000119312518122202/d573879d8k.htm"}, {"form_type": "10-K", "filings_date": "2018-03-30", "url": "https://www.sec.gov/Archives/edgar/data/0001085621/000108562118000003/actuacorp12312017.htm"}, {"form_type": "8-K", "filings_date": "2018-03-30", "url": "https://www.sec.gov/Archives/edgar/data/0001085621/000119312518103354/d331791d8k.htm"}, {"form_type": "8-K", "filings_date": "2018-03-23", "url": "https://www.sec.gov/Archives/edgar/data/0001085621/000119312518094089/d555822d8k.htm"}, {"form_type": "NT 10-K", "filings_date": "2018-03-16", "url": "https://www.sec.gov/Archives/edgar/data/0001085621/000119312518085868/d551168dnt10k.htm"}, {"form_type": "DEF 14A", "filings_date": "2018-03-16", "url": "https://www.sec.gov/Archives/edgar/data/0001085621/000119312518085204/d541471ddef14a.htm"}, {"form_type": "PRE 14A", "filings_date": "2018-02-28", "url": "https://www.sec.gov/Archives/edgar/data/0001085621/000119312518062689/d541471dpre14a.htm"}, {"form_type": "SC 13G/A", "filings_date": "2018-02-14", "url": "https://www.sec.gov/Archives/edgar/data/0001085621/000142284918000009/edgacta.txt"}, {"form_type": "SC 13G/A", "filings_date": "2018-02-13", "url": "https://www.sec.gov/Archives/edgar/data/0001085621/000031506618001015/filing.txt"}, {"form_type": "SC 13G/A", "filings_date": "2018-02-09", "url": "https://www.sec.gov/Archives/edgar/data/0001085621/000125889718001512/dfs656.htm"}, {"form_type": "8-K", "filings_date": "2018-02-09", "url": "https://www.sec.gov/Archives/edgar/data/0001085621/000119312518037222/d445338d8k.htm"}, {"form_type": "SC 13G", "filings_date": "2018-02-09", "url": "https://www.sec.gov/Archives/edgar/data/0001085621/000117266118000297/acta123117.htm"}, {"form_type": "SC 13G/A", "filings_date": "2018-02-08", "url": "https://www.sec.gov/Archives/edgar/data/0001085621/000093247118003108/actuacorp.htm"}, {"form_type": "25", "filings_date": "2018-01-29", "url": "https://www.sec.gov/Archives/edgar/data/0001085621/000119312518023415/d479411d25.htm"}, {"form_type": "SC 13G/A", "filings_date": "2018-01-29", "url": "https://www.sec.gov/Archives/edgar/data/0001085621/000021545718003538/us0050941071_012418.txt"}, {"form_type": "5", "filings_date": "2018-01-25", "url": "https://www.sec.gov/Archives/edgar/data/0001085621/000120919118005419/xslF345X03/doc5.xml"}, {"form_type": "4", "filings_date": "2018-01-25", "url": "https://www.sec.gov/Archives/edgar/data/0001085621/000120919118005414/xslF345X03/doc4.xml"}, {"form_type": "4", "filings_date": "2018-01-25", "url": "https://www.sec.gov/Archives/edgar/data/0001085621/000120919118005367/xslF345X03/doc4.xml"}, {"form_type": "4", "filings_date": "2018-01-25", "url": "https://www.sec.gov/Archives/edgar/data/0001085621/000120919118005364/xslF345X03/doc4.xml"}, {"form_type": "4", "filings_date": "2018-01-25", "url": "https://www.sec.gov/Archives/edgar/data/0001085621/000120919118005363/xslF345X03/doc4.xml"}, {"form_type": "8-K", "filings_date": "2018-01-24", "url": "https://www.sec.gov/Archives/edgar/data/0001085621/000119312518018398/d524060d8k.htm"}, {"form_type": "8-K", "filings_date": "2018-01-19", "url": "https://www.sec.gov/Archives/edgar/data/0001085621/000119312518014144/d523559d8k.htm"}, {"form_type": "4", "filings_date": "2018-01-18", "url": "https://www.sec.gov/Archives/edgar/data/0001085621/000120919118004335/xslF345X03/doc4.xml"}, {"form_type": "8-K", "filings_date": "2018-01-02", "url": "https://www.sec.gov/Archives/edgar/data/0001085621/000119312518000606/d500510d8k.htm"}, {"form_type": "4", "filings_date": "2017-12-15", "url": "https://www.sec.gov/Archives/edgar/data/0001085621/000120919117065811/xslF345X03/doc4.xml"}, {"form_type": "4", "filings_date": "2017-12-15", "url": "https://www.sec.gov/Archives/edgar/data/0001085621/000120919117065810/xslF345X03/doc4.xml"}, {"form_type": "4", "filings_date": "2017-12-15", "url": "https://www.sec.gov/Archives/edgar/data/0001085621/000120919117065809/xslF345X03/doc4.xml"}, {"form_type": "8-K", "filings_date": "2017-12-12", "url": "https://www.sec.gov/Archives/edgar/data/0001085621/000119312517367453/d448124d8k.htm"}, {"form_type": "8-K", "filings_date": "2017-12-07", "url": "https://www.sec.gov/Archives/edgar/data/0001085621/000119312517363980/d506788d8k.htm"}, {"form_type": "8-K", "filings_date": "2017-12-06", "url": "https://www.sec.gov/Archives/edgar/data/0001085621/000119312517361974/d483813d8k.htm"}, {"form_type": "8-K", "filings_date": "2017-12-04", "url": "https://www.sec.gov/Archives/edgar/data/0001085621/000119312517359620/d477236d8k.htm"}, {"form_type": "8-K", "filings_date": "2017-11-22", "url": "https://www.sec.gov/Archives/edgar/data/0001085621/000119312517350532/d444934d8k.htm"}, {"form_type": "4", "filings_date": "2017-11-16", "url": "https://www.sec.gov/Archives/edgar/data/0001085621/000120919117061145/xslF345X03/doc4.xml"}, {"form_type": "8-K", "filings_date": "2017-11-09", "url": "https://www.sec.gov/Archives/edgar/data/0001085621/000117184317006850/f8k_110917.htm"}, {"form_type": "10-Q", "filings_date": "2017-11-09", "url": "https://www.sec.gov/Archives/edgar/data/0001085621/000108562117000012/actuacorp93017.htm"}, {"form_type": "DEFA14A", "filings_date": "2017-11-07", "url": "https://www.sec.gov/Archives/edgar/data/0001085621/000119312517335794/d475722ddefa14a.htm"}, {"form_type": "DEFM14A", "filings_date": "2017-11-07", "url": "https://www.sec.gov/Archives/edgar/data/0001085621/000119312517335781/d475722ddefm14a.htm"}, {"form_type": "4", "filings_date": "2017-10-19", "url": "https://www.sec.gov/Archives/edgar/data/0001085621/000120919117057472/xslF345X03/doc4.xml"}, {"form_type": "PREM14A", "filings_date": "2017-10-17", "url": "https://www.sec.gov/Archives/edgar/data/0001085621/000119312517311924/d475722dprem14a.htm"}, {"form_type": "8-K", "filings_date": "2017-09-25", "url": "https://www.sec.gov/Archives/edgar/data/0001085621/000119312517292988/d427810d8k.htm"}, {"form_type": "4", "filings_date": "2017-09-21", "url": "https://www.sec.gov/Archives/edgar/data/0001085621/000120919117053600/xslF345X03/doc4.xml"}, {"form_type": "4", "filings_date": "2017-08-17", "url": "https://www.sec.gov/Archives/edgar/data/0001085621/000120919117049364/xslF345X03/doc4.xml"}, {"form_type": "10-Q", "filings_date": "2017-08-09", "url": "https://www.sec.gov/Archives/edgar/data/0001085621/000108562117000010/actuacorp63017.htm"}, {"form_type": "8-K", "filings_date": "2017-08-09", "url": "https://www.sec.gov/Archives/edgar/data/0001085621/000117184317004872/f8k_080917.htm"}, {"form_type": "4", "filings_date": "2017-07-19", "url": "https://www.sec.gov/Archives/edgar/data/0001085621/000120919117045686/xslF345X03/doc4.xml"}, {"form_type": "4", "filings_date": "2017-06-20", "url": "https://www.sec.gov/Archives/edgar/data/0001085621/000120919117041137/xslF345X03/doc4.xml"}, {"form_type": "4", "filings_date": "2017-06-20", "url": "https://www.sec.gov/Archives/edgar/data/0001085621/000120919117041134/xslF345X03/doc4.xml"}, {"form_type": "4", "filings_date": "2017-06-20", "url": "https://www.sec.gov/Archives/edgar/data/0001085621/000120919117041123/xslF345X03/doc4.xml"}, {"form_type": "4", "filings_date": "2017-06-20", "url": "https://www.sec.gov/Archives/edgar/data/0001085621/000120919117041083/xslF345X03/doc4.xml"}, {"form_type": "4", "filings_date": "2017-06-20", "url": "https://www.sec.gov/Archives/edgar/data/0001085621/000120919117041077/xslF345X03/doc4.xml"}, {"form_type": "4", "filings_date": "2017-06-20", "url": "https://www.sec.gov/Archives/edgar/data/0001085621/000120919117041076/xslF345X03/doc4.xml"}, {"form_type": "4", "filings_date": "2017-06-20", "url": "https://www.sec.gov/Archives/edgar/data/0001085621/000120919117041071/xslF345X03/doc4.xml"}, {"form_type": "4", "filings_date": "2017-06-20", "url": "https://www.sec.gov/Archives/edgar/data/0001085621/000120919117041066/xslF345X03/doc4.xml"}, {"form_type": "8-K", "filings_date": "2017-06-20", "url": "https://www.sec.gov/Archives/edgar/data/0001085621/000119312517207763/d412854d8k.htm"}, {"form_type": "4", "filings_date": "2017-06-14", "url": "https://www.sec.gov/Archives/edgar/data/0001085621/000120919117039819/xslF345X03/doc4.xml"}, {"form_type": "4", "filings_date": "2017-05-18", "url": "https://www.sec.gov/Archives/edgar/data/0001085621/000120919117033600/xslF345X03/doc4.xml"}, {"form_type": "10-Q", "filings_date": "2017-05-08", "url": "https://www.sec.gov/Archives/edgar/data/0001085621/000108562117000007/actuacorp33117.htm"}, {"form_type": "8-K", "filings_date": "2017-05-04", "url": "https://www.sec.gov/Archives/edgar/data/0001085621/000117184317002641/f8k_050417.htm"}, {"form_type": "DEFA14A", "filings_date": "2017-04-28", "url": "https://www.sec.gov/Archives/edgar/data/0001085621/000119312517145595/d385885ddefa14a.htm"}, {"form_type": "DEF 14A", "filings_date": "2017-04-28", "url": "https://www.sec.gov/Archives/edgar/data/0001085621/000119312517145580/d385885ddef14a.htm"}, {"form_type": "4", "filings_date": "2017-04-19", "url": "https://www.sec.gov/Archives/edgar/data/0001085621/000120919117027412/xslF345X03/doc4.xml"}, {"form_type": "10-K", "filings_date": "2017-03-31", "url": "https://www.sec.gov/Archives/edgar/data/0001085621/000108562117000004/actuacorp12312016.htm"}, {"form_type": "4", "filings_date": "2017-03-16", "url": "https://www.sec.gov/Archives/edgar/data/0001085621/000120919117021125/xslF345X03/doc4.xml"}, {"form_type": "NT 10-K", "filings_date": "2017-03-16", "url": "https://www.sec.gov/Archives/edgar/data/0001085621/000119312517085365/d344938dnt10k.htm"}, {"form_type": "4", "filings_date": "2017-03-13", "url": "https://www.sec.gov/Archives/edgar/data/0001085621/000120919117020367/xslF345X03/doc4.xml"}, {"form_type": "4", "filings_date": "2017-03-13", "url": "https://www.sec.gov/Archives/edgar/data/0001085621/000120919117020223/xslF345X03/doc4.xml"}, {"form_type": "4", "filings_date": "2017-03-13", "url": "https://www.sec.gov/Archives/edgar/data/0001085621/000120919117020221/xslF345X03/doc4.xml"}, {"form_type": "8-K", "filings_date": "2017-03-10", "url": "https://www.sec.gov/Archives/edgar/data/0001085621/000119312517078914/d360286d8k.htm"}, {"form_type": "8-K", "filings_date": "2017-03-09", "url": "https://www.sec.gov/Archives/edgar/data/0001085621/000117184317001380/f8k_030917.htm"}, {"form_type": "4", "filings_date": "2017-03-06", "url": "https://www.sec.gov/Archives/edgar/data/0001085621/000120919117018454/xslF345X03/doc4.xml"}, {"form_type": "4", "filings_date": "2017-03-06", "url": "https://www.sec.gov/Archives/edgar/data/0001085621/000120919117018450/xslF345X03/doc4.xml"}, {"form_type": "4", "filings_date": "2017-03-06", "url": "https://www.sec.gov/Archives/edgar/data/0001085621/000120919117018443/xslF345X03/doc4.xml"}, {"form_type": "4", "filings_date": "2017-03-01", "url": "https://www.sec.gov/Archives/edgar/data/0001085621/000120919117016029/xslF345X03/doc4.xml"}, {"form_type": "4", "filings_date": "2017-03-01", "url": "https://www.sec.gov/Archives/edgar/data/0001085621/000120919117016026/xslF345X03/doc4.xml"}, {"form_type": "4", "filings_date": "2017-03-01", "url": "https://www.sec.gov/Archives/edgar/data/0001085621/000120919117016023/xslF345X03/doc4.xml"}, {"form_type": "SC 13G/A", "filings_date": "2017-02-14", "url": "https://www.sec.gov/Archives/edgar/data/0001085621/000031506617001400/filing.txt"}, {"form_type": "SC 13G/A", "filings_date": "2017-02-13", "url": "https://www.sec.gov/Archives/edgar/data/0001085621/000142284917000005/edgacta.txt"}, {"form_type": "SC 13G/A", "filings_date": "2017-02-09", "url": "https://www.sec.gov/Archives/edgar/data/0001085621/000125889717001205/dfs406.htm"}, {"form_type": "SC 13G/A", "filings_date": "2017-02-09", "url": "https://www.sec.gov/Archives/edgar/data/0001085621/000093247117000604/actuacorp.htm"}, {"form_type": "5", "filings_date": "2017-02-08", "url": "https://www.sec.gov/Archives/edgar/data/0001085621/000120919117008736/xslF345X03/doc5.xml"}, {"form_type": "SC 13G/A", "filings_date": "2017-02-02", "url": "https://www.sec.gov/Archives/edgar/data/0001085621/000160658717000075/ActualPML13G2016.txt"}, {"form_type": "SC 13G/A", "filings_date": "2017-01-19", "url": "https://www.sec.gov/Archives/edgar/data/0001085621/000021545717001203/actua.corp.txt"}]}