{"company": {"cik": "0001342936", "name": "Advanced Voice Recognition Systems, Inc", "sic": "Crude Petroleum & Natural Gas", "state_incorp": "NV", "ticker": "AVOI", "mailing_addr": "7659 E. WOOD DRIVE, SCOTTSDALE,, AZ, 85260", "category": "<br>Emerging growth company", "fiscal_year_end": "31, December"}, "filings": [{"form_type": "8-K", "filings_date": "2022-02-01", "url": "https://www.sec.gov/Archives/edgar/data/0001342936/000137647422000082/avoi-20220128.htm"}, {"form_type": "8-K", "filings_date": "2021-11-18", "url": "https://www.sec.gov/Archives/edgar/data/0001342936/000137647421000423/avoi-20211112.htm"}, {"form_type": "10-Q", "filings_date": "2021-11-15", "url": "https://www.sec.gov/Archives/edgar/data/0001342936/000137647421000416/avoi-20210930.htm"}, {"form_type": "8-K", "filings_date": "2021-11-12", "url": "https://www.sec.gov/Archives/edgar/data/0001342936/000137647421000405/avoi-20211111.htm"}, {"form_type": "8-K", "filings_date": "2021-09-30", "url": "https://www.sec.gov/Archives/edgar/data/0001342936/000137647421000329/avoi-20210924.htm"}, {"form_type": "8-K", "filings_date": "2021-09-30", "url": "https://www.sec.gov/Archives/edgar/data/0001342936/000137647421000328/avoi-20210924.htm"}, {"form_type": "10-Q", "filings_date": "2021-08-16", "url": "https://www.sec.gov/Archives/edgar/data/0001342936/000137647421000272/avoi-20210630.htm"}, {"form_type": "8-K", "filings_date": "2021-07-28", "url": "https://www.sec.gov/Archives/edgar/data/0001342936/000137647421000233/avrs_8k.htm"}, {"form_type": "10-Q", "filings_date": "2021-05-17", "url": "https://www.sec.gov/Archives/edgar/data/0001342936/000137647421000165/avoi-20210331.htm"}, {"form_type": "8-K", "filings_date": "2021-05-13", "url": "https://www.sec.gov/Archives/edgar/data/0001342936/000137647421000149/avrs_8k.htm"}, {"form_type": "10-K", "filings_date": "2021-03-31", "url": "https://www.sec.gov/Archives/edgar/data/0001342936/000137647421000115/avoi-20201231.htm"}, {"form_type": "8-K", "filings_date": "2021-03-24", "url": "https://www.sec.gov/Archives/edgar/data/0001342936/000137647421000096/avrs_8k.htm"}, {"form_type": "8-K", "filings_date": "2021-01-21", "url": "https://www.sec.gov/Archives/edgar/data/0001342936/000137647421000022/avrs_8k.htm"}, {"form_type": "8-K", "filings_date": "2020-11-18", "url": "https://www.sec.gov/Archives/edgar/data/0001342936/000137647420000314/avrs_8k.htm"}, {"form_type": "10-Q", "filings_date": "2020-11-16", "url": "https://www.sec.gov/Archives/edgar/data/0001342936/000137647420000293/avoi-20200930.htm"}, {"form_type": "10-Q", "filings_date": "2020-08-13", "url": "https://www.sec.gov/Archives/edgar/data/0001342936/000134293620000024/avoi-20200630.htm"}, {"form_type": "8-K", "filings_date": "2020-06-10", "url": "https://www.sec.gov/Archives/edgar/data/0001342936/000134293620000019/a06052020.htm"}, {"form_type": "10-Q", "filings_date": "2020-05-15", "url": "https://www.sec.gov/Archives/edgar/data/0001342936/000134293620000017/avoi-20200331.htm"}, {"form_type": "10-K", "filings_date": "2020-03-30", "url": "https://www.sec.gov/Archives/edgar/data/0001342936/000134293620000011/avoi-20191231.htm"}, {"form_type": "8-K", "filings_date": "2020-01-07", "url": "https://www.sec.gov/Archives/edgar/data/0001342936/000134293620000005/a01032020.htm"}, {"form_type": "8-K", "filings_date": "2020-01-07", "url": "https://www.sec.gov/Archives/edgar/data/0001342936/000134293620000002/a01022020.htm"}, {"form_type": "8-K", "filings_date": "2019-12-10", "url": "https://www.sec.gov/Archives/edgar/data/0001342936/000134293619000037/a12042019.htm"}, {"form_type": "8-K", "filings_date": "2019-12-10", "url": "https://www.sec.gov/Archives/edgar/data/0001342936/000134293619000035/a12102019.htm"}, {"form_type": "10-Q", "filings_date": "2019-11-12", "url": "https://www.sec.gov/Archives/edgar/data/0001342936/000134293619000032/avoi-20190930.htm"}, {"form_type": "8-K", "filings_date": "2019-08-30", "url": "https://www.sec.gov/Archives/edgar/data/0001342936/000134293619000027/a08302019.htm"}, {"form_type": "10-Q", "filings_date": "2019-08-12", "url": "https://www.sec.gov/Archives/edgar/data/0001342936/000134293619000025/avoi-20190630.htm"}, {"form_type": "8-K", "filings_date": "2019-07-29", "url": "https://www.sec.gov/Archives/edgar/data/0001342936/000134293619000023/a07292019.htm"}, {"form_type": "10-Q", "filings_date": "2019-05-10", "url": "https://www.sec.gov/Archives/edgar/data/0001342936/000134293619000021/avoi-20190331.htm"}, {"form_type": "8-K", "filings_date": "2019-05-07", "url": "https://www.sec.gov/Archives/edgar/data/0001342936/000134293619000017/a05072019.htm"}, {"form_type": "8-K", "filings_date": "2019-05-07", "url": "https://www.sec.gov/Archives/edgar/data/0001342936/000134293619000015/a05072019.htm"}, {"form_type": "8-K", "filings_date": "2019-04-16", "url": "https://www.sec.gov/Archives/edgar/data/0001342936/000134293619000013/a04162019.htm"}, {"form_type": "8-K", "filings_date": "2019-04-02", "url": "https://www.sec.gov/Archives/edgar/data/0001342936/000134293619000011/a04022019.htm"}, {"form_type": "8-K", "filings_date": "2019-04-02", "url": "https://www.sec.gov/Archives/edgar/data/0001342936/000134293619000009/a04022019.htm"}, {"form_type": "8-K", "filings_date": "2019-04-02", "url": "https://www.sec.gov/Archives/edgar/data/0001342936/000134293619000007/a04022019.htm"}, {"form_type": "8-K", "filings_date": "2019-04-02", "url": "https://www.sec.gov/Archives/edgar/data/0001342936/000134293619000006/a04022019.htm"}, {"form_type": "10-K", "filings_date": "2019-04-01", "url": "https://www.sec.gov/Archives/edgar/data/0001342936/000134293619000004/avrs-20181231.htm"}, {"form_type": "8-K", "filings_date": "2018-12-13", "url": "https://www.sec.gov/Archives/edgar/data/0001342936/000134293618000097/a12102018.htm"}, {"form_type": "8-K", "filings_date": "2018-11-20", "url": "https://www.sec.gov/Archives/edgar/data/0001342936/000134293618000094/a11142018.htm"}, {"form_type": "10-Q", "filings_date": "2018-11-15", "url": "https://www.sec.gov/Archives/edgar/data/0001342936/000114070518000364/avrs-20180930.htm"}, {"form_type": "8-K", "filings_date": "2018-09-28", "url": "https://www.sec.gov/Archives/edgar/data/0001342936/000134293618000090/a09242018.htm"}, {"form_type": "8-K/A", "filings_date": "2018-09-26", "url": "https://www.sec.gov/Archives/edgar/data/0001342936/000134293618000088/a08012018a.htm"}, {"form_type": "8-K/A", "filings_date": "2018-09-26", "url": "https://www.sec.gov/Archives/edgar/data/0001342936/000134293618000086/a07172018a.htm"}, {"form_type": "8-K/A", "filings_date": "2018-09-26", "url": "https://www.sec.gov/Archives/edgar/data/0001342936/000134293618000084/a07102018a.htm"}, {"form_type": "8-K/A", "filings_date": "2018-09-26", "url": "https://www.sec.gov/Archives/edgar/data/0001342936/000134293618000082/a06212018a.htm"}, {"form_type": "8-K/A", "filings_date": "2018-09-26", "url": "https://www.sec.gov/Archives/edgar/data/0001342936/000134293618000077/a05182018a.htm"}, {"form_type": "8-K/A", "filings_date": "2018-09-26", "url": "https://www.sec.gov/Archives/edgar/data/0001342936/000134293618000075/a04302018wma.htm"}, {"form_type": "8-K/A", "filings_date": "2018-09-26", "url": "https://www.sec.gov/Archives/edgar/data/0001342936/000134293618000072/a04302018gma.htm"}, {"form_type": "8-K/A", "filings_date": "2018-09-26", "url": "https://www.sec.gov/Archives/edgar/data/0001342936/000134293618000069/a04092018a.htm"}, {"form_type": "8-K/A", "filings_date": "2018-09-26", "url": "https://www.sec.gov/Archives/edgar/data/0001342936/000134293618000067/a03202018a.htm"}, {"form_type": "8-K/A", "filings_date": "2018-09-26", "url": "https://www.sec.gov/Archives/edgar/data/0001342936/000134293618000065/a03092018a.htm"}, {"form_type": "8-K/A", "filings_date": "2018-09-26", "url": "https://www.sec.gov/Archives/edgar/data/0001342936/000134293618000063/a02232018a.htm"}, {"form_type": "8-K/A", "filings_date": "2018-09-26", "url": "https://www.sec.gov/Archives/edgar/data/0001342936/000134293618000061/a01312018a.htm"}, {"form_type": "8-K/A", "filings_date": "2018-09-26", "url": "https://www.sec.gov/Archives/edgar/data/0001342936/000134293618000059/a01232018a.htm"}, {"form_type": "8-K/A", "filings_date": "2018-09-25", "url": "https://www.sec.gov/Archives/edgar/data/0001342936/000134293618000057/a12202017a.htm"}, {"form_type": "8-K/A", "filings_date": "2018-09-25", "url": "https://www.sec.gov/Archives/edgar/data/0001342936/000134293618000055/a11092017a.htm"}, {"form_type": "8-K/A", "filings_date": "2018-09-25", "url": "https://www.sec.gov/Archives/edgar/data/0001342936/000134293618000053/a10262017a.htm"}, {"form_type": "10-Q/A", "filings_date": "2018-09-24", "url": "https://www.sec.gov/Archives/edgar/data/0001342936/000134293618000050/avrs_10q06302018a.htm"}, {"form_type": "10-Q/A", "filings_date": "2018-09-24", "url": "https://www.sec.gov/Archives/edgar/data/0001342936/000134293618000048/avrs_10q03312018a.htm"}, {"form_type": "10-K/A", "filings_date": "2018-09-24", "url": "https://www.sec.gov/Archives/edgar/data/0001342936/000134293618000046/avrs_10k-123117a.htm"}, {"form_type": "10-Q/A", "filings_date": "2018-09-24", "url": "https://www.sec.gov/Archives/edgar/data/0001342936/000134293618000044/avrs_10q09302017a.htm"}, {"form_type": "10-Q", "filings_date": "2018-08-14", "url": "https://www.sec.gov/Archives/edgar/data/0001342936/000134293618000041/avrs_10q-06302018.htm"}, {"form_type": "8-K", "filings_date": "2018-08-06", "url": "https://www.sec.gov/Archives/edgar/data/0001342936/000134293618000039/a08012018.htm"}, {"form_type": "8-K", "filings_date": "2018-07-20", "url": "https://www.sec.gov/Archives/edgar/data/0001342936/000134293618000035/a07172018.htm"}, {"form_type": "8-K", "filings_date": "2018-07-10", "url": "https://www.sec.gov/Archives/edgar/data/0001342936/000134293618000033/a07102018.htm"}, {"form_type": "8-K", "filings_date": "2018-06-29", "url": "https://www.sec.gov/Archives/edgar/data/0001342936/000134293618000031/a06212018.htm"}, {"form_type": "8-K", "filings_date": "2018-05-21", "url": "https://www.sec.gov/Archives/edgar/data/0001342936/000134293618000029/a05182018.htm"}, {"form_type": "10-Q", "filings_date": "2018-05-14", "url": "https://www.sec.gov/Archives/edgar/data/0001342936/000134293618000027/avrs_10q-03312018.htm"}, {"form_type": "8-K", "filings_date": "2018-05-01", "url": "https://www.sec.gov/Archives/edgar/data/0001342936/000134293618000025/a05012018.htm"}, {"form_type": "8-K", "filings_date": "2018-05-01", "url": "https://www.sec.gov/Archives/edgar/data/0001342936/000134293618000023/a05012018.htm"}, {"form_type": "8-K", "filings_date": "2018-04-09", "url": "https://www.sec.gov/Archives/edgar/data/0001342936/000134293618000020/a04092018.htm"}, {"form_type": "10-K", "filings_date": "2018-04-02", "url": "https://www.sec.gov/Archives/edgar/data/0001342936/000134293618000018/avrs_10k-123117.htm"}, {"form_type": "8-K", "filings_date": "2018-03-21", "url": "https://www.sec.gov/Archives/edgar/data/0001342936/000134293618000015/a03202018.htm"}, {"form_type": "8-K", "filings_date": "2018-03-09", "url": "https://www.sec.gov/Archives/edgar/data/0001342936/000134293618000012/a03092018.htm"}, {"form_type": "8-K", "filings_date": "2018-02-23", "url": "https://www.sec.gov/Archives/edgar/data/0001342936/000134293618000010/a02232018.htm"}, {"form_type": "8-K", "filings_date": "2018-02-06", "url": "https://www.sec.gov/Archives/edgar/data/0001342936/000134293618000007/a01312018.htm"}, {"form_type": "8-K", "filings_date": "2018-01-23", "url": "https://www.sec.gov/Archives/edgar/data/0001342936/000134293618000002/a01232018.htm"}, {"form_type": "8-K", "filings_date": "2017-12-21", "url": "https://www.sec.gov/Archives/edgar/data/0001342936/000134293617000052/a12202017.htm"}, {"form_type": "10-Q", "filings_date": "2017-11-14", "url": "https://www.sec.gov/Archives/edgar/data/0001342936/000134293617000050/avrs_10q09302017.htm"}, {"form_type": "8-K", "filings_date": "2017-11-13", "url": "https://www.sec.gov/Archives/edgar/data/0001342936/000134293617000047/a11092017.htm"}, {"form_type": "8-K", "filings_date": "2017-10-27", "url": "https://www.sec.gov/Archives/edgar/data/0001342936/000134293617000045/a10262017.htm"}, {"form_type": "10-Q", "filings_date": "2017-08-14", "url": "https://www.sec.gov/Archives/edgar/data/0001342936/000134293617000042/avrs_10q06302017.htm"}, {"form_type": "8-K", "filings_date": "2017-06-28", "url": "https://www.sec.gov/Archives/edgar/data/0001342936/000134293617000036/a06282017.htm"}, {"form_type": "8-K", "filings_date": "2017-06-22", "url": "https://www.sec.gov/Archives/edgar/data/0001342936/000134293617000033/a06192017.htm"}, {"form_type": "8-K", "filings_date": "2017-06-08", "url": "https://www.sec.gov/Archives/edgar/data/0001342936/000134293617000031/a06052017.htm"}, {"form_type": "10-Q", "filings_date": "2017-05-15", "url": "https://www.sec.gov/Archives/edgar/data/0001342936/000134293617000029/avrs_10q03312017.htm"}, {"form_type": "8-K", "filings_date": "2017-05-09", "url": "https://www.sec.gov/Archives/edgar/data/0001342936/000134293617000027/a05042017.htm"}, {"form_type": "8-K", "filings_date": "2017-05-04", "url": "https://www.sec.gov/Archives/edgar/data/0001342936/000134293617000025/a05012017.htm"}, {"form_type": "8-K", "filings_date": "2017-05-04", "url": "https://www.sec.gov/Archives/edgar/data/0001342936/000134293617000022/a05012017.htm"}, {"form_type": "8-K", "filings_date": "2017-04-18", "url": "https://www.sec.gov/Archives/edgar/data/0001342936/000134293617000020/a04142017.htm"}, {"form_type": "8-K", "filings_date": "2017-04-07", "url": "https://www.sec.gov/Archives/edgar/data/0001342936/000134293617000018/a03312017.htm"}, {"form_type": "10-K", "filings_date": "2017-03-31", "url": "https://www.sec.gov/Archives/edgar/data/0001342936/000134293617000016/avrs_10k123116.htm"}, {"form_type": "8-K", "filings_date": "2017-03-29", "url": "https://www.sec.gov/Archives/edgar/data/0001342936/000134293617000012/a03232017.htm"}, {"form_type": "8-K", "filings_date": "2017-03-03", "url": "https://www.sec.gov/Archives/edgar/data/0001342936/000134293617000010/a03032017.htm"}, {"form_type": "8-K", "filings_date": "2017-02-27", "url": "https://www.sec.gov/Archives/edgar/data/0001342936/000134293617000007/a02272017.htm"}, {"form_type": "8-K", "filings_date": "2017-02-08", "url": "https://www.sec.gov/Archives/edgar/data/0001342936/000134293617000005/a02032017.htm"}, {"form_type": "8-K", "filings_date": "2017-01-13", "url": "https://www.sec.gov/Archives/edgar/data/0001342936/000134293617000003/a01132017.htm"}]}