{"company": {"cik": "0000713425", "name": "AMERICAN SOFTWARE INC", "sic": "Services-Prepackaged Software", "state_incorp": "GA", "ticker": "AMSWA", "mailing_addr": "470 EAST PACES FERRY ROAD NE, ATLANTA, GA, 30305", "category": "Accelerated filer", "fiscal_year_end": "30, April"}, "filings": [{"form_type": "10-Q", "filings_date": "2022-03-04", "url": "https://www.sec.gov/Archives/edgar/data/0000713425/000162828022005081/amswa-20220131.htm"}, {"form_type": "8-K", "filings_date": "2022-02-23", "url": "https://www.sec.gov/Archives/edgar/data/0000713425/000115752322000239/a52584570.htm"}, {"form_type": "SC 13G/A", "filings_date": "2022-02-14", "url": "https://www.sec.gov/Archives/edgar/data/0000713425/000139834422003232/fp0072367_sc13ga.htm"}, {"form_type": "SC 13G/A", "filings_date": "2022-02-14", "url": "https://www.sec.gov/Archives/edgar/data/0000713425/000156761922003718/doc1.htm"}, {"form_type": "SC 13G/A", "filings_date": "2022-02-11", "url": "https://www.sec.gov/Archives/edgar/data/0000713425/000156761922003522/doc1.htm"}, {"form_type": "SC 13G/A", "filings_date": "2022-02-11", "url": "https://www.sec.gov/Archives/edgar/data/0000713425/000103738922000108/amswa-13g_20211231.txt"}, {"form_type": "SC 13G/A", "filings_date": "2022-02-09", "url": "https://www.sec.gov/Archives/edgar/data/0000713425/000110465922016459/tv0238-americansoftwareincga.htm"}, {"form_type": "SC 13G/A", "filings_date": "2022-02-07", "url": "https://www.sec.gov/Archives/edgar/data/0000713425/000083423722007891/us0296831094_020722.txt"}, {"form_type": "SC 13G", "filings_date": "2022-02-04", "url": "https://www.sec.gov/Archives/edgar/data/0000713425/000119312522027606/d301967dsc13g.txt"}, {"form_type": "4", "filings_date": "2022-02-01", "url": "https://www.sec.gov/Archives/edgar/data/0000713425/000156218022000818/xslF345X03/primarydocument.xml"}, {"form_type": "4", "filings_date": "2022-02-01", "url": "https://www.sec.gov/Archives/edgar/data/0000713425/000156218022000817/xslF345X03/primarydocument.xml"}, {"form_type": "4", "filings_date": "2022-02-01", "url": "https://www.sec.gov/Archives/edgar/data/0000713425/000156218022000816/xslF345X03/primarydocument.xml"}, {"form_type": "4", "filings_date": "2022-02-01", "url": "https://www.sec.gov/Archives/edgar/data/0000713425/000156218022000815/xslF345X03/primarydocument.xml"}, {"form_type": "4", "filings_date": "2022-02-01", "url": "https://www.sec.gov/Archives/edgar/data/0000713425/000156218022000814/xslF345X03/primarydocument.xml"}, {"form_type": "8-K", "filings_date": "2022-01-26", "url": "https://www.sec.gov/Archives/edgar/data/0000713425/000162828022001322/amswa-20220126.htm"}, {"form_type": "4", "filings_date": "2022-01-26", "url": "https://www.sec.gov/Archives/edgar/data/0000713425/000156218022000648/xslF345X03/primarydocument.xml"}, {"form_type": "4", "filings_date": "2022-01-25", "url": "https://www.sec.gov/Archives/edgar/data/0000713425/000156218022000617/xslF345X03/primarydocument.xml"}, {"form_type": "4", "filings_date": "2021-12-17", "url": "https://www.sec.gov/Archives/edgar/data/0000713425/000156218021007740/xslF345X03/primarydocument.xml"}, {"form_type": "10-Q", "filings_date": "2021-12-03", "url": "https://www.sec.gov/Archives/edgar/data/0000713425/000162828021024496/amswa-20211031.htm"}, {"form_type": "4", "filings_date": "2021-11-29", "url": "https://www.sec.gov/Archives/edgar/data/0000713425/000156218021007306/xslF345X03/primarydocument.xml"}, {"form_type": "4", "filings_date": "2021-11-24", "url": "https://www.sec.gov/Archives/edgar/data/0000713425/000156218021007260/xslF345X03/primarydocument.xml"}, {"form_type": "8-K", "filings_date": "2021-11-18", "url": "https://www.sec.gov/Archives/edgar/data/0000713425/000115752321001435/a52534681.htm"}, {"form_type": "8-K", "filings_date": "2021-11-12", "url": "https://www.sec.gov/Archives/edgar/data/0000713425/000162828021023183/a8-kxvpkresignationx111221.htm"}, {"form_type": "4", "filings_date": "2021-11-01", "url": "https://www.sec.gov/Archives/edgar/data/0000713425/000156218021006709/xslF345X03/primarydocument.xml"}, {"form_type": "4", "filings_date": "2021-11-01", "url": "https://www.sec.gov/Archives/edgar/data/0000713425/000156218021006708/xslF345X03/primarydocument.xml"}, {"form_type": "4", "filings_date": "2021-11-01", "url": "https://www.sec.gov/Archives/edgar/data/0000713425/000156218021006707/xslF345X03/primarydocument.xml"}, {"form_type": "4", "filings_date": "2021-11-01", "url": "https://www.sec.gov/Archives/edgar/data/0000713425/000156218021006706/xslF345X03/primarydocument.xml"}, {"form_type": "4", "filings_date": "2021-11-01", "url": "https://www.sec.gov/Archives/edgar/data/0000713425/000156218021006705/xslF345X03/primarydocument.xml"}, {"form_type": "4", "filings_date": "2021-10-28", "url": "https://www.sec.gov/Archives/edgar/data/0000713425/000156218021006662/xslF345X03/primarydocument.xml"}, {"form_type": "4", "filings_date": "2021-09-17", "url": "https://www.sec.gov/Archives/edgar/data/0000713425/000156218021005974/xslF345X03/primarydocument.xml"}, {"form_type": "4", "filings_date": "2021-09-08", "url": "https://www.sec.gov/Archives/edgar/data/0000713425/000156218021005866/xslF345X03/primarydocument.xml"}, {"form_type": "10-Q", "filings_date": "2021-09-03", "url": "https://www.sec.gov/Archives/edgar/data/0000713425/000162828021018082/amswa-20210731.htm"}, {"form_type": "4", "filings_date": "2021-09-01", "url": "https://www.sec.gov/Archives/edgar/data/0000713425/000156218021005683/xslF345X03/primarydocument.xml"}, {"form_type": "8-K", "filings_date": "2021-08-25", "url": "https://www.sec.gov/Archives/edgar/data/0000713425/000115752321001092/a52481978.htm"}, {"form_type": "S-8", "filings_date": "2021-08-20", "url": "https://www.sec.gov/Archives/edgar/data/0000713425/000162828021017401/a2021s-8.htm"}, {"form_type": "8-K", "filings_date": "2021-08-20", "url": "https://www.sec.gov/Archives/edgar/data/0000713425/000162828021017354/amswa-20210818.htm"}, {"form_type": "4", "filings_date": "2021-08-19", "url": "https://www.sec.gov/Archives/edgar/data/0000713425/000156218021005447/xslF345X03/primarydocument.xml"}, {"form_type": "4", "filings_date": "2021-08-19", "url": "https://www.sec.gov/Archives/edgar/data/0000713425/000156218021005446/xslF345X03/primarydocument.xml"}, {"form_type": "4", "filings_date": "2021-08-19", "url": "https://www.sec.gov/Archives/edgar/data/0000713425/000156218021005445/xslF345X03/primarydocument.xml"}, {"form_type": "4", "filings_date": "2021-08-19", "url": "https://www.sec.gov/Archives/edgar/data/0000713425/000156218021005444/xslF345X03/primarydocument.xml"}, {"form_type": "4", "filings_date": "2021-08-19", "url": "https://www.sec.gov/Archives/edgar/data/0000713425/000156218021005443/xslF345X03/primarydocument.xml"}, {"form_type": "4", "filings_date": "2021-08-19", "url": "https://www.sec.gov/Archives/edgar/data/0000713425/000156218021005442/xslF345X03/primarydocument.xml"}, {"form_type": "4", "filings_date": "2021-08-19", "url": "https://www.sec.gov/Archives/edgar/data/0000713425/000156218021005441/xslF345X03/primarydocument.xml"}, {"form_type": "4", "filings_date": "2021-08-19", "url": "https://www.sec.gov/Archives/edgar/data/0000713425/000156218021005440/xslF345X03/primarydocument.xml"}, {"form_type": "4", "filings_date": "2021-08-19", "url": "https://www.sec.gov/Archives/edgar/data/0000713425/000156218021005439/xslF345X03/primarydocument.xml"}, {"form_type": "DEFA14A", "filings_date": "2021-08-03", "url": "https://www.sec.gov/Archives/edgar/data/0000713425/000162828021015258/asiproxyschedulea14a_fy21.htm"}, {"form_type": "DEF 14A", "filings_date": "2021-07-27", "url": "https://www.sec.gov/Archives/edgar/data/0000713425/000162828021014530/asiproxyschedule14a_fy21.htm"}, {"form_type": "SC 13G/A", "filings_date": "2021-07-12", "url": "https://www.sec.gov/Archives/edgar/data/0000713425/000156761921013248/doc1.htm"}, {"form_type": "10-K", "filings_date": "2021-07-09", "url": "https://www.sec.gov/Archives/edgar/data/0000713425/000162828021013701/amswa-20210430.htm"}, {"form_type": "4", "filings_date": "2021-07-01", "url": "https://www.sec.gov/Archives/edgar/data/0000713425/000156218021004612/xslF345X03/primarydocument.xml"}, {"form_type": "4", "filings_date": "2021-06-30", "url": "https://www.sec.gov/Archives/edgar/data/0000713425/000156218021004584/xslF345X03/primarydocument.xml"}, {"form_type": "4", "filings_date": "2021-06-30", "url": "https://www.sec.gov/Archives/edgar/data/0000713425/000156218021004582/xslF345X03/primarydocument.xml"}, {"form_type": "4", "filings_date": "2021-06-30", "url": "https://www.sec.gov/Archives/edgar/data/0000713425/000156218021004570/xslF345X03/primarydocument.xml"}, {"form_type": "4", "filings_date": "2021-06-29", "url": "https://www.sec.gov/Archives/edgar/data/0000713425/000156218021004552/xslF345X03/primarydocument.xml"}, {"form_type": "4", "filings_date": "2021-06-23", "url": "https://www.sec.gov/Archives/edgar/data/0000713425/000156218021004446/xslF345X03/primarydocument.xml"}, {"form_type": "4/A", "filings_date": "2021-06-22", "url": "https://www.sec.gov/Archives/edgar/data/0000713425/000156218021004422/xslF345X03/primarydocument.xml"}, {"form_type": "4", "filings_date": "2021-06-21", "url": "https://www.sec.gov/Archives/edgar/data/0000713425/000156218021004383/xslF345X03/primarydocument.xml"}, {"form_type": "4", "filings_date": "2021-06-21", "url": "https://www.sec.gov/Archives/edgar/data/0000713425/000156218021004381/xslF345X03/primarydocument.xml"}, {"form_type": "4", "filings_date": "2021-06-14", "url": "https://www.sec.gov/Archives/edgar/data/0000713425/000156218021004233/xslF345X03/primarydocument.xml"}, {"form_type": "4", "filings_date": "2021-06-14", "url": "https://www.sec.gov/Archives/edgar/data/0000713425/000156218021004226/xslF345X03/primarydocument.xml"}, {"form_type": "4", "filings_date": "2021-06-14", "url": "https://www.sec.gov/Archives/edgar/data/0000713425/000156218021004225/xslF345X03/primarydocument.xml"}, {"form_type": "8-K", "filings_date": "2021-06-08", "url": "https://www.sec.gov/Archives/edgar/data/0000713425/000115752321000752/a52442263.htm"}, {"form_type": "4", "filings_date": "2021-05-27", "url": "https://www.sec.gov/Archives/edgar/data/0000713425/000156218021003759/xslF345X03/primarydocument.xml"}, {"form_type": "4", "filings_date": "2021-05-24", "url": "https://www.sec.gov/Archives/edgar/data/0000713425/000156218021003694/xslF345X03/primarydocument.xml"}, {"form_type": "4", "filings_date": "2021-05-20", "url": "https://www.sec.gov/Archives/edgar/data/0000713425/000156218021003624/xslF345X03/primarydocument.xml"}, {"form_type": "4", "filings_date": "2021-05-03", "url": "https://www.sec.gov/Archives/edgar/data/0000713425/000156218021003084/xslF345X03/primarydocument.xml"}, {"form_type": "4", "filings_date": "2021-05-03", "url": "https://www.sec.gov/Archives/edgar/data/0000713425/000156218021003083/xslF345X03/primarydocument.xml"}, {"form_type": "4", "filings_date": "2021-05-03", "url": "https://www.sec.gov/Archives/edgar/data/0000713425/000156218021003082/xslF345X03/primarydocument.xml"}, {"form_type": "4", "filings_date": "2021-05-03", "url": "https://www.sec.gov/Archives/edgar/data/0000713425/000156218021003081/xslF345X03/primarydocument.xml"}, {"form_type": "4", "filings_date": "2021-05-03", "url": "https://www.sec.gov/Archives/edgar/data/0000713425/000156218021003075/xslF345X03/primarydocument.xml"}, {"form_type": "4", "filings_date": "2021-04-20", "url": "https://www.sec.gov/Archives/edgar/data/0000713425/000156218021002890/xslF345X03/primarydocument.xml"}, {"form_type": "4", "filings_date": "2021-03-29", "url": "https://www.sec.gov/Archives/edgar/data/0000713425/000156218021002452/xslF345X03/primarydocument.xml"}, {"form_type": "4", "filings_date": "2021-03-26", "url": "https://www.sec.gov/Archives/edgar/data/0000713425/000156218021002439/xslF345X03/primarydocument.xml"}, {"form_type": "4", "filings_date": "2021-03-26", "url": "https://www.sec.gov/Archives/edgar/data/0000713425/000156218021002438/xslF345X03/primarydocument.xml"}, {"form_type": "4", "filings_date": "2021-03-15", "url": "https://www.sec.gov/Archives/edgar/data/0000713425/000156218021002227/xslF345X03/primarydocument.xml"}, {"form_type": "10-Q", "filings_date": "2021-03-05", "url": "https://www.sec.gov/Archives/edgar/data/0000713425/000162828021004014/amswa-20210131.htm"}, {"form_type": "4", "filings_date": "2021-03-04", "url": "https://www.sec.gov/Archives/edgar/data/0000713425/000156218021001963/xslF345X03/primarydocument.xml"}, {"form_type": "8-K", "filings_date": "2021-02-24", "url": "https://www.sec.gov/Archives/edgar/data/0000713425/000115752321000249/a52384910.htm"}, {"form_type": "SC 13G/A", "filings_date": "2021-02-12", "url": "https://www.sec.gov/Archives/edgar/data/0000713425/000139834421003186/fp0061798_sc13ga.htm"}, {"form_type": "SC 13G", "filings_date": "2021-02-11", "url": "https://www.sec.gov/Archives/edgar/data/0000713425/000156761921002940/doc1.htm"}, {"form_type": "SC 13G/A", "filings_date": "2021-02-11", "url": "https://www.sec.gov/Archives/edgar/data/0000713425/000103738921000168/amswa-13g_20201231.txt"}, {"form_type": "SC 13G/A", "filings_date": "2021-02-11", "url": "https://www.sec.gov/Archives/edgar/data/0000713425/000156761921002863/doc1.htm"}, {"form_type": "SC 13G", "filings_date": "2021-02-10", "url": "https://www.sec.gov/Archives/edgar/data/0000713425/000110465921017419/tv0209-americansoftwareincga.htm"}, {"form_type": "4", "filings_date": "2021-02-01", "url": "https://www.sec.gov/Archives/edgar/data/0000713425/000156218021000655/xslF345X03/primarydocument.xml"}, {"form_type": "4", "filings_date": "2021-02-01", "url": "https://www.sec.gov/Archives/edgar/data/0000713425/000156218021000654/xslF345X03/primarydocument.xml"}, {"form_type": "4", "filings_date": "2021-02-01", "url": "https://www.sec.gov/Archives/edgar/data/0000713425/000156218021000653/xslF345X03/primarydocument.xml"}, {"form_type": "4", "filings_date": "2021-02-01", "url": "https://www.sec.gov/Archives/edgar/data/0000713425/000156218021000652/xslF345X03/primarydocument.xml"}, {"form_type": "4", "filings_date": "2021-02-01", "url": "https://www.sec.gov/Archives/edgar/data/0000713425/000156218021000651/xslF345X03/primarydocument.xml"}, {"form_type": "SC 13G/A", "filings_date": "2021-01-29", "url": "https://www.sec.gov/Archives/edgar/data/0000713425/000083423721002852/us0296831094_012821.txt"}, {"form_type": "4", "filings_date": "2021-01-25", "url": "https://www.sec.gov/Archives/edgar/data/0000713425/000156218021000496/xslF345X03/primarydocument.xml"}, {"form_type": "8-K", "filings_date": "2021-01-20", "url": "https://www.sec.gov/Archives/edgar/data/0000713425/000162828021000684/amswa-20210120.htm"}, {"form_type": "4", "filings_date": "2021-01-20", "url": "https://www.sec.gov/Archives/edgar/data/0000713425/000156218021000375/xslF345X03/primarydocument.xml"}, {"form_type": "4", "filings_date": "2020-12-11", "url": "https://www.sec.gov/Archives/edgar/data/0000713425/000156218020007204/xslF345X03/primarydocument.xml"}, {"form_type": "4", "filings_date": "2020-12-10", "url": "https://www.sec.gov/Archives/edgar/data/0000713425/000156218020007158/xslF345X03/primarydocument.xml"}, {"form_type": "4", "filings_date": "2020-12-09", "url": "https://www.sec.gov/Archives/edgar/data/0000713425/000156218020007124/xslF345X03/primarydocument.xml"}, {"form_type": "10-Q", "filings_date": "2020-12-04", "url": "https://www.sec.gov/Archives/edgar/data/0000713425/000162828020017098/amswa-20201031.htm"}, {"form_type": "4", "filings_date": "2020-11-25", "url": "https://www.sec.gov/Archives/edgar/data/0000713425/000156218020006886/xslF345X03/primarydocument.xml"}, {"form_type": "8-K", "filings_date": "2020-11-19", "url": "https://www.sec.gov/Archives/edgar/data/0000713425/000115752320001533/a52332597.htm"}, {"form_type": "4", "filings_date": "2020-11-02", "url": "https://www.sec.gov/Archives/edgar/data/0000713425/000156218020006478/xslF345X03/primarydocument.xml"}, {"form_type": "4", "filings_date": "2020-11-02", "url": "https://www.sec.gov/Archives/edgar/data/0000713425/000156218020006480/xslF345X03/primarydocument.xml"}, {"form_type": "4", "filings_date": "2020-11-02", "url": "https://www.sec.gov/Archives/edgar/data/0000713425/000156218020006479/xslF345X03/primarydocument.xml"}, {"form_type": "4", "filings_date": "2020-11-02", "url": "https://www.sec.gov/Archives/edgar/data/0000713425/000156218020006477/xslF345X03/primarydocument.xml"}, {"form_type": "4", "filings_date": "2020-11-02", "url": "https://www.sec.gov/Archives/edgar/data/0000713425/000156218020006476/xslF345X03/primarydocument.xml"}, {"form_type": "4", "filings_date": "2020-10-26", "url": "https://www.sec.gov/Archives/edgar/data/0000713425/000156218020006433/xslF345X03/primarydocument.xml"}, {"form_type": "4", "filings_date": "2020-10-19", "url": "https://www.sec.gov/Archives/edgar/data/0000713425/000156218020006381/xslF345X03/primarydocument.xml"}, {"form_type": "4", "filings_date": "2020-09-04", "url": "https://www.sec.gov/Archives/edgar/data/0000713425/000156218020005892/xslF345X03/primarydocument.xml"}, {"form_type": "10-Q", "filings_date": "2020-09-04", "url": "https://www.sec.gov/Archives/edgar/data/0000713425/000162828020013323/amswa-20200731.htm"}, {"form_type": "8-K", "filings_date": "2020-08-26", "url": "https://www.sec.gov/Archives/edgar/data/0000713425/000115752320001208/a52273789.htm"}, {"form_type": "8-K", "filings_date": "2020-08-20", "url": "https://www.sec.gov/Archives/edgar/data/0000713425/000162828020012936/amswa_8-kx20200820.htm"}, {"form_type": "DEF 14A", "filings_date": "2020-08-04", "url": "https://www.sec.gov/Archives/edgar/data/0000713425/000162828020011617/asiproxyschedule14a_080320.htm"}, {"form_type": "4", "filings_date": "2020-08-03", "url": "https://www.sec.gov/Archives/edgar/data/0000713425/000156218020005266/xslF345X03/primarydocument.xml"}, {"form_type": "4", "filings_date": "2020-08-03", "url": "https://www.sec.gov/Archives/edgar/data/0000713425/000156218020005265/xslF345X03/primarydocument.xml"}, {"form_type": "4", "filings_date": "2020-08-03", "url": "https://www.sec.gov/Archives/edgar/data/0000713425/000156218020005264/xslF345X03/primarydocument.xml"}, {"form_type": "4", "filings_date": "2020-08-03", "url": "https://www.sec.gov/Archives/edgar/data/0000713425/000156218020005263/xslF345X03/primarydocument.xml"}, {"form_type": "4", "filings_date": "2020-08-03", "url": "https://www.sec.gov/Archives/edgar/data/0000713425/000156218020005262/xslF345X03/primarydocument.xml"}, {"form_type": "10-K", "filings_date": "2020-07-10", "url": "https://www.sec.gov/Archives/edgar/data/0000713425/000162828020010300/amswa-20200430x10k.htm"}, {"form_type": "4", "filings_date": "2020-07-02", "url": "https://www.sec.gov/Archives/edgar/data/0000713425/000156218020004776/xslF345X03/primarydocument.xml"}, {"form_type": "4", "filings_date": "2020-07-01", "url": "https://www.sec.gov/Archives/edgar/data/0000713425/000156218020004737/xslF345X03/primarydocument.xml"}, {"form_type": "4", "filings_date": "2020-07-01", "url": "https://www.sec.gov/Archives/edgar/data/0000713425/000089924320018163/xslF345X03/doc4.xml"}, {"form_type": "4", "filings_date": "2020-06-30", "url": "https://www.sec.gov/Archives/edgar/data/0000713425/000089924320017992/xslF345X03/doc4.xml"}, {"form_type": "4", "filings_date": "2020-06-30", "url": "https://www.sec.gov/Archives/edgar/data/0000713425/000089924320017957/xslF345X03/doc4.xml"}, {"form_type": "4", "filings_date": "2020-06-26", "url": "https://www.sec.gov/Archives/edgar/data/0000713425/000156218020004699/xslF345X03/primarydocument.xml"}, {"form_type": "4", "filings_date": "2020-06-25", "url": "https://www.sec.gov/Archives/edgar/data/0000713425/000156218020004684/xslF345X03/primarydocument.xml"}, {"form_type": "4", "filings_date": "2020-06-25", "url": "https://www.sec.gov/Archives/edgar/data/0000713425/000156218020004683/xslF345X03/primarydocument.xml"}, {"form_type": "4", "filings_date": "2020-06-25", "url": "https://www.sec.gov/Archives/edgar/data/0000713425/000156218020004682/xslF345X03/primarydocument.xml"}, {"form_type": "4", "filings_date": "2020-06-25", "url": "https://www.sec.gov/Archives/edgar/data/0000713425/000156218020004681/xslF345X03/primarydocument.xml"}, {"form_type": "4", "filings_date": "2020-06-25", "url": "https://www.sec.gov/Archives/edgar/data/0000713425/000156218020004680/xslF345X03/primarydocument.xml"}, {"form_type": "4", "filings_date": "2020-06-24", "url": "https://www.sec.gov/Archives/edgar/data/0000713425/000156218020004673/xslF345X03/primarydocument.xml"}, {"form_type": "5", "filings_date": "2020-06-24", "url": "https://www.sec.gov/Archives/edgar/data/0000713425/000156218020004670/xslF345X03/primarydocument.xml"}, {"form_type": "8-K", "filings_date": "2020-06-18", "url": "https://www.sec.gov/Archives/edgar/data/0000713425/000115752320000916/a52237719.htm"}, {"form_type": "8-K", "filings_date": "2020-06-01", "url": "https://www.sec.gov/Archives/edgar/data/0000713425/000162828020008748/amswa_8-kx20200601.htm"}, {"form_type": "4", "filings_date": "2020-05-29", "url": "https://www.sec.gov/Archives/edgar/data/0000713425/000156218020003967/xslF345X03/primarydocument.xml"}, {"form_type": "8-K", "filings_date": "2020-05-27", "url": "https://www.sec.gov/Archives/edgar/data/0000713425/000162828020008429/amswa8-k_05262020item505.htm"}, {"form_type": "8-K", "filings_date": "2020-05-26", "url": "https://www.sec.gov/Archives/edgar/data/0000713425/000162828020008418/amswa_8-kx05262020item502b.htm"}, {"form_type": "4", "filings_date": "2020-04-30", "url": "https://www.sec.gov/Archives/edgar/data/0000713425/000156218020003231/xslF345X03/primarydocument.xml"}, {"form_type": "4", "filings_date": "2020-04-30", "url": "https://www.sec.gov/Archives/edgar/data/0000713425/000156218020003230/xslF345X03/primarydocument.xml"}, {"form_type": "4", "filings_date": "2020-04-30", "url": "https://www.sec.gov/Archives/edgar/data/0000713425/000156218020003229/xslF345X03/primarydocument.xml"}, {"form_type": "4", "filings_date": "2020-04-30", "url": "https://www.sec.gov/Archives/edgar/data/0000713425/000156218020003228/xslF345X03/primarydocument.xml"}, {"form_type": "4", "filings_date": "2020-04-30", "url": "https://www.sec.gov/Archives/edgar/data/0000713425/000156218020003227/xslF345X03/primarydocument.xml"}, {"form_type": "4", "filings_date": "2020-04-23", "url": "https://www.sec.gov/Archives/edgar/data/0000713425/000156218020003101/xslF345X03/primarydocument.xml"}, {"form_type": "4", "filings_date": "2020-03-19", "url": "https://www.sec.gov/Archives/edgar/data/0000713425/000156218020002641/xslF345X03/primarydocument.xml"}, {"form_type": "4", "filings_date": "2020-03-12", "url": "https://www.sec.gov/Archives/edgar/data/0000713425/000156218020002410/xslF345X03/primarydocument.xml"}, {"form_type": "10-Q", "filings_date": "2020-03-06", "url": "https://www.sec.gov/Archives/edgar/data/0000713425/000162828020003129/amswa-20200131x10q.htm"}, {"form_type": "4", "filings_date": "2020-03-06", "url": "https://www.sec.gov/Archives/edgar/data/0000713425/000156218020002264/xslF345X03/primarydocument.xml"}, {"form_type": "4", "filings_date": "2020-03-05", "url": "https://www.sec.gov/Archives/edgar/data/0000713425/000156218020002198/xslF345X03/primarydocument.xml"}, {"form_type": "4", "filings_date": "2020-02-26", "url": "https://www.sec.gov/Archives/edgar/data/0000713425/000156218020001738/xslF345X03/primarydocument.xml"}, {"form_type": "8-K", "filings_date": "2020-02-20", "url": "https://www.sec.gov/Archives/edgar/data/0000713425/000115752320000244/a52177246.htm"}, {"form_type": "SC 13G/A", "filings_date": "2020-02-14", "url": "https://www.sec.gov/Archives/edgar/data/0000713425/000139834420003350/fp0050111_sc13ga.htm"}, {"form_type": "SC 13G/A", "filings_date": "2020-02-14", "url": "https://www.sec.gov/Archives/edgar/data/0000713425/000156761920003435/doc1.htm"}, {"form_type": "SC 13G/A", "filings_date": "2020-02-13", "url": "https://www.sec.gov/Archives/edgar/data/0000713425/000103738920000139/amswa-13g_20191231.txt"}, {"form_type": "SC 13G/A", "filings_date": "2020-02-05", "url": "https://www.sec.gov/Archives/edgar/data/0000713425/000083423720004664/us0296831094_020420.txt"}, {"form_type": "4", "filings_date": "2020-02-03", "url": "https://www.sec.gov/Archives/edgar/data/0000713425/000156218020000728/xslF345X03/primarydocument.xml"}, {"form_type": "4", "filings_date": "2020-02-03", "url": "https://www.sec.gov/Archives/edgar/data/0000713425/000156218020000727/xslF345X03/primarydocument.xml"}, {"form_type": "4", "filings_date": "2020-02-03", "url": "https://www.sec.gov/Archives/edgar/data/0000713425/000156218020000726/xslF345X03/primarydocument.xml"}, {"form_type": "4", "filings_date": "2020-02-03", "url": "https://www.sec.gov/Archives/edgar/data/0000713425/000156218020000725/xslF345X03/primarydocument.xml"}, {"form_type": "4", "filings_date": "2020-02-03", "url": "https://www.sec.gov/Archives/edgar/data/0000713425/000156218020000724/xslF345X03/primarydocument.xml"}, {"form_type": "4", "filings_date": "2020-01-24", "url": "https://www.sec.gov/Archives/edgar/data/0000713425/000156218020000516/xslF345X03/primarydocument.xml"}, {"form_type": "8-K", "filings_date": "2020-01-10", "url": "https://www.sec.gov/Archives/edgar/data/0000713425/000162828020000263/amswa_8-kx10012020.htm"}, {"form_type": "4", "filings_date": "2019-12-20", "url": "https://www.sec.gov/Archives/edgar/data/0000713425/000156218019006197/xslF345X03/primarydocument.xml"}, {"form_type": "4", "filings_date": "2019-12-19", "url": "https://www.sec.gov/Archives/edgar/data/0000713425/000156218019006189/xslF345X03/primarydocument.xml"}, {"form_type": "10-Q", "filings_date": "2019-12-06", "url": "https://www.sec.gov/Archives/edgar/data/0000713425/000162828019014808/amswa-20191031x10q.htm"}, {"form_type": "4", "filings_date": "2019-12-03", "url": "https://www.sec.gov/Archives/edgar/data/0000713425/000156218019005791/xslF345X03/primarydocument.xml"}, {"form_type": "4", "filings_date": "2019-12-02", "url": "https://www.sec.gov/Archives/edgar/data/0000713425/000156218019005778/xslF345X03/primarydocument.xml"}, {"form_type": "4", "filings_date": "2019-11-29", "url": "https://www.sec.gov/Archives/edgar/data/0000713425/000156218019005771/xslF345X03/primarydocument.xml"}, {"form_type": "8-K", "filings_date": "2019-11-21", "url": "https://www.sec.gov/Archives/edgar/data/0000713425/000115752319002299/a52133780.htm"}, {"form_type": "4", "filings_date": "2019-11-04", "url": "https://www.sec.gov/Archives/edgar/data/0000713425/000156218019005312/xslF345X03/primarydocument.xml"}, {"form_type": "4", "filings_date": "2019-11-01", "url": "https://www.sec.gov/Archives/edgar/data/0000713425/000156218019005300/xslF345X03/primarydocument.xml"}, {"form_type": "4", "filings_date": "2019-11-01", "url": "https://www.sec.gov/Archives/edgar/data/0000713425/000156218019005299/xslF345X03/primarydocument.xml"}, {"form_type": "4", "filings_date": "2019-11-01", "url": "https://www.sec.gov/Archives/edgar/data/0000713425/000156218019005298/xslF345X03/primarydocument.xml"}, {"form_type": "4", "filings_date": "2019-11-01", "url": "https://www.sec.gov/Archives/edgar/data/0000713425/000156218019005297/xslF345X03/primarydocument.xml"}, {"form_type": "3", "filings_date": "2019-10-24", "url": "https://www.sec.gov/Archives/edgar/data/0000713425/000156218019005217/xslF345X02/primarydocument.xml"}, {"form_type": "8-K", "filings_date": "2019-10-17", "url": "https://www.sec.gov/Archives/edgar/data/0000713425/000162828019012349/amswa_8-kx17102019.htm"}, {"form_type": "4", "filings_date": "2019-09-27", "url": "https://www.sec.gov/Archives/edgar/data/0000713425/000156218019004950/xslF345X03/primarydocument.xml"}, {"form_type": "4", "filings_date": "2019-09-27", "url": "https://www.sec.gov/Archives/edgar/data/0000713425/000156218019004947/xslF345X03/primarydocument.xml"}, {"form_type": "4", "filings_date": "2019-09-24", "url": "https://www.sec.gov/Archives/edgar/data/0000713425/000156218019004937/xslF345X03/primarydocument.xml"}, {"form_type": "4", "filings_date": "2019-09-23", "url": "https://www.sec.gov/Archives/edgar/data/0000713425/000156218019004926/xslF345X03/primarydocument.xml"}, {"form_type": "4", "filings_date": "2019-09-23", "url": "https://www.sec.gov/Archives/edgar/data/0000713425/000156218019004925/xslF345X03/primarydocument.xml"}, {"form_type": "4", "filings_date": "2019-09-23", "url": "https://www.sec.gov/Archives/edgar/data/0000713425/000156218019004924/xslF345X03/primarydocument.xml"}, {"form_type": "4", "filings_date": "2019-09-19", "url": "https://www.sec.gov/Archives/edgar/data/0000713425/000156218019004879/xslF345X03/primarydocument.xml"}, {"form_type": "4", "filings_date": "2019-09-18", "url": "https://www.sec.gov/Archives/edgar/data/0000713425/000156218019004870/xslF345X03/primarydocument.xml"}, {"form_type": "4", "filings_date": "2019-09-18", "url": "https://www.sec.gov/Archives/edgar/data/0000713425/000156218019004869/xslF345X03/primarydocument.xml"}, {"form_type": "4", "filings_date": "2019-09-17", "url": "https://www.sec.gov/Archives/edgar/data/0000713425/000156218019004842/xslF345X03/primarydocument.xml"}, {"form_type": "4", "filings_date": "2019-09-17", "url": "https://www.sec.gov/Archives/edgar/data/0000713425/000156218019004832/xslF345X03/primarydocument.xml"}, {"form_type": "4", "filings_date": "2019-09-16", "url": "https://www.sec.gov/Archives/edgar/data/0000713425/000156218019004815/xslF345X03/primarydocument.xml"}, {"form_type": "4", "filings_date": "2019-09-16", "url": "https://www.sec.gov/Archives/edgar/data/0000713425/000156218019004810/xslF345X03/primarydocument.xml"}, {"form_type": "4", "filings_date": "2019-09-16", "url": "https://www.sec.gov/Archives/edgar/data/0000713425/000156218019004809/xslF345X03/primarydocument.xml"}, {"form_type": "4", "filings_date": "2019-09-16", "url": "https://www.sec.gov/Archives/edgar/data/0000713425/000156218019004808/xslF345X03/primarydocument.xml"}, {"form_type": "4", "filings_date": "2019-09-13", "url": "https://www.sec.gov/Archives/edgar/data/0000713425/000156218019004795/xslF345X03/primarydocument.xml"}, {"form_type": "4", "filings_date": "2019-09-13", "url": "https://www.sec.gov/Archives/edgar/data/0000713425/000156218019004794/xslF345X03/primarydocument.xml"}, {"form_type": "4", "filings_date": "2019-09-12", "url": "https://www.sec.gov/Archives/edgar/data/0000713425/000156218019004760/xslF345X03/primarydocument.xml"}, {"form_type": "4", "filings_date": "2019-09-12", "url": "https://www.sec.gov/Archives/edgar/data/0000713425/000156218019004759/xslF345X03/primarydocument.xml"}, {"form_type": "4", "filings_date": "2019-09-12", "url": "https://www.sec.gov/Archives/edgar/data/0000713425/000156218019004757/xslF345X03/primarydocument.xml"}, {"form_type": "4", "filings_date": "2019-09-12", "url": "https://www.sec.gov/Archives/edgar/data/0000713425/000156218019004756/xslF345X03/primarydocument.xml"}, {"form_type": "4", "filings_date": "2019-09-10", "url": "https://www.sec.gov/Archives/edgar/data/0000713425/000156218019004708/xslF345X03/primarydocument.xml"}, {"form_type": "4", "filings_date": "2019-09-10", "url": "https://www.sec.gov/Archives/edgar/data/0000713425/000156218019004707/xslF345X03/primarydocument.xml"}, {"form_type": "4", "filings_date": "2019-09-09", "url": "https://www.sec.gov/Archives/edgar/data/0000713425/000156218019004694/xslF345X03/primarydocument.xml"}, {"form_type": "10-Q", "filings_date": "2019-09-06", "url": "https://www.sec.gov/Archives/edgar/data/0000713425/000162828019011472/amswa-20190731x10q.htm"}, {"form_type": "4", "filings_date": "2019-09-06", "url": "https://www.sec.gov/Archives/edgar/data/0000713425/000156218019004680/xslF345X03/primarydocument.xml"}, {"form_type": "4", "filings_date": "2019-09-05", "url": "https://www.sec.gov/Archives/edgar/data/0000713425/000156218019004646/xslF345X03/primarydocument.xml"}, {"form_type": "4", "filings_date": "2019-09-04", "url": "https://www.sec.gov/Archives/edgar/data/0000713425/000156218019004597/xslF345X03/primarydocument.xml"}, {"form_type": "4", "filings_date": "2019-09-03", "url": "https://www.sec.gov/Archives/edgar/data/0000713425/000156218019004565/xslF345X03/primarydocument.xml"}, {"form_type": "4", "filings_date": "2019-09-03", "url": "https://www.sec.gov/Archives/edgar/data/0000713425/000156218019004561/xslF345X03/primarydocument.xml"}, {"form_type": "4", "filings_date": "2019-09-03", "url": "https://www.sec.gov/Archives/edgar/data/0000713425/000156218019004560/xslF345X03/primarydocument.xml"}, {"form_type": "4", "filings_date": "2019-09-03", "url": "https://www.sec.gov/Archives/edgar/data/0000713425/000156218019004558/xslF345X03/primarydocument.xml"}, {"form_type": "8-K", "filings_date": "2019-08-28", "url": "https://www.sec.gov/Archives/edgar/data/0000713425/000115752319001920/a52085108.htm"}, {"form_type": "S-8", "filings_date": "2019-08-26", "url": "https://www.sec.gov/Archives/edgar/data/0000713425/000162828019011176/asi-formsx820192020planreg.htm"}, {"form_type": "8-K", "filings_date": "2019-08-22", "url": "https://www.sec.gov/Archives/edgar/data/0000713425/000162828019011117/amswa_8-kx2019822.htm"}, {"form_type": "4", "filings_date": "2019-08-01", "url": "https://www.sec.gov/Archives/edgar/data/0000713425/000156218019004120/xslF345X03/primarydocument.xml"}, {"form_type": "4", "filings_date": "2019-08-01", "url": "https://www.sec.gov/Archives/edgar/data/0000713425/000156218019004119/xslF345X03/primarydocument.xml"}, {"form_type": "4", "filings_date": "2019-08-01", "url": "https://www.sec.gov/Archives/edgar/data/0000713425/000156218019004118/xslF345X03/primarydocument.xml"}, {"form_type": "4", "filings_date": "2019-08-01", "url": "https://www.sec.gov/Archives/edgar/data/0000713425/000156218019004117/xslF345X03/primarydocument.xml"}, {"form_type": "DEF 14A", "filings_date": "2019-07-26", "url": "https://www.sec.gov/Archives/edgar/data/0000713425/000162828019009105/asiproxyschedule14a_073019.htm"}, {"form_type": "10-K", "filings_date": "2019-07-15", "url": "https://www.sec.gov/Archives/edgar/data/0000713425/000162828019008742/amswa-20190430x10k.htm"}, {"form_type": "4/A", "filings_date": "2019-07-03", "url": "https://www.sec.gov/Archives/edgar/data/0000713425/000156218019003832/xslF345X03/primarydocument.xml"}, {"form_type": "4", "filings_date": "2019-07-01", "url": "https://www.sec.gov/Archives/edgar/data/0000713425/000156218019003696/xslF345X03/primarydocument.xml"}, {"form_type": "4", "filings_date": "2019-07-01", "url": "https://www.sec.gov/Archives/edgar/data/0000713425/000156218019003695/xslF345X03/primarydocument.xml"}, {"form_type": "4", "filings_date": "2019-06-28", "url": "https://www.sec.gov/Archives/edgar/data/0000713425/000156218019003672/xslF345X03/primarydocument.xml"}, {"form_type": "4", "filings_date": "2019-06-27", "url": "https://www.sec.gov/Archives/edgar/data/0000713425/000156218019003656/xslF345X03/primarydocument.xml"}, {"form_type": "4", "filings_date": "2019-06-27", "url": "https://www.sec.gov/Archives/edgar/data/0000713425/000156218019003655/xslF345X03/primarydocument.xml"}, {"form_type": "4", "filings_date": "2019-06-27", "url": "https://www.sec.gov/Archives/edgar/data/0000713425/000156218019003654/xslF345X03/primarydocument.xml"}, {"form_type": "4", "filings_date": "2019-06-26", "url": "https://www.sec.gov/Archives/edgar/data/0000713425/000156218019003641/xslF345X03/primarydocument.xml"}, {"form_type": "4", "filings_date": "2019-06-25", "url": "https://www.sec.gov/Archives/edgar/data/0000713425/000156218019003635/xslF345X03/primarydocument.xml"}, {"form_type": "4", "filings_date": "2019-06-25", "url": "https://www.sec.gov/Archives/edgar/data/0000713425/000156218019003632/xslF345X03/primarydocument.xml"}, {"form_type": "8-K", "filings_date": "2019-06-19", "url": "https://www.sec.gov/Archives/edgar/data/0000713425/000115752319001419/a52002120.htm"}, {"form_type": "4", "filings_date": "2019-05-01", "url": "https://www.sec.gov/Archives/edgar/data/0000713425/000156218019002456/xslF345X03/primarydocument.xml"}, {"form_type": "4", "filings_date": "2019-05-01", "url": "https://www.sec.gov/Archives/edgar/data/0000713425/000156218019002455/xslF345X03/primarydocument.xml"}, {"form_type": "4", "filings_date": "2019-05-01", "url": "https://www.sec.gov/Archives/edgar/data/0000713425/000156218019002454/xslF345X03/primarydocument.xml"}, {"form_type": "4", "filings_date": "2019-05-01", "url": "https://www.sec.gov/Archives/edgar/data/0000713425/000156218019002453/xslF345X03/primarydocument.xml"}, {"form_type": "4", "filings_date": "2019-04-02", "url": "https://www.sec.gov/Archives/edgar/data/0000713425/000156218019002081/xslF345X03/primarydocument.xml"}, {"form_type": "4", "filings_date": "2019-03-29", "url": "https://www.sec.gov/Archives/edgar/data/0000713425/000156218019002044/xslF345X03/primarydocument.xml"}, {"form_type": "4", "filings_date": "2019-03-28", "url": "https://www.sec.gov/Archives/edgar/data/0000713425/000156218019002041/xslF345X03/primarydocument.xml"}, {"form_type": "4", "filings_date": "2019-03-26", "url": "https://www.sec.gov/Archives/edgar/data/0000713425/000156218019002026/xslF345X03/primarydocument.xml"}, {"form_type": "4", "filings_date": "2019-03-26", "url": "https://www.sec.gov/Archives/edgar/data/0000713425/000156218019002025/xslF345X03/primarydocument.xml"}, {"form_type": "4", "filings_date": "2019-03-21", "url": "https://www.sec.gov/Archives/edgar/data/0000713425/000156218019001991/xslF345X03/primarydocument.xml"}, {"form_type": "4", "filings_date": "2019-03-20", "url": "https://www.sec.gov/Archives/edgar/data/0000713425/000156218019001978/xslF345X03/primarydocument.xml"}, {"form_type": "4", "filings_date": "2019-03-19", "url": "https://www.sec.gov/Archives/edgar/data/0000713425/000156218019001963/xslF345X03/primarydocument.xml"}, {"form_type": "4", "filings_date": "2019-03-18", "url": "https://www.sec.gov/Archives/edgar/data/0000713425/000156218019001934/xslF345X03/primarydocument.xml"}, {"form_type": "10-Q", "filings_date": "2019-03-07", "url": "https://www.sec.gov/Archives/edgar/data/0000713425/000162828019002599/amswa-20190131x10q.htm"}, {"form_type": "4", "filings_date": "2019-03-06", "url": "https://www.sec.gov/Archives/edgar/data/0000713425/000156218019001758/xslF345X03/primarydocument.xml"}, {"form_type": "4", "filings_date": "2019-03-04", "url": "https://www.sec.gov/Archives/edgar/data/0000713425/000156218019001562/xslF345X03/primarydocument.xml"}, {"form_type": "4", "filings_date": "2019-03-01", "url": "https://www.sec.gov/Archives/edgar/data/0000713425/000156218019001495/xslF345X03/primarydocument.xml"}, {"form_type": "4", "filings_date": "2019-02-28", "url": "https://www.sec.gov/Archives/edgar/data/0000713425/000156218019001479/xslF345X03/primarydocument.xml"}, {"form_type": "4", "filings_date": "2019-02-27", "url": "https://www.sec.gov/Archives/edgar/data/0000713425/000156218019001454/xslF345X03/primarydocument.xml"}, {"form_type": "4", "filings_date": "2019-02-26", "url": "https://www.sec.gov/Archives/edgar/data/0000713425/000156218019001396/xslF345X03/primarydocument.xml"}, {"form_type": "8-K", "filings_date": "2019-02-20", "url": "https://www.sec.gov/Archives/edgar/data/0000713425/000115752319000388/a51943622.htm"}, {"form_type": "SC 13G/A", "filings_date": "2019-02-14", "url": "https://www.sec.gov/Archives/edgar/data/0000713425/000139834419002752/fp0039140_sc13ga.htm"}, {"form_type": "SC 13G/A", "filings_date": "2019-02-13", "url": "https://www.sec.gov/Archives/edgar/data/0000713425/000103738919000145/amswa-13g_20181231.txt"}, {"form_type": "SC 13G/A", "filings_date": "2019-02-12", "url": "https://www.sec.gov/Archives/edgar/data/0000713425/000156761919003335/doc1.htm"}, {"form_type": "SC 13G/A", "filings_date": "2019-02-04", "url": "https://www.sec.gov/Archives/edgar/data/0000713425/000021545719003213/us0296831094_020419.txt"}, {"form_type": "4", "filings_date": "2019-02-01", "url": "https://www.sec.gov/Archives/edgar/data/0000713425/000156218019000632/xslF345X03/primarydocument.xml"}, {"form_type": "4", "filings_date": "2019-02-01", "url": "https://www.sec.gov/Archives/edgar/data/0000713425/000156218019000631/xslF345X03/primarydocument.xml"}, {"form_type": "4", "filings_date": "2019-02-01", "url": "https://www.sec.gov/Archives/edgar/data/0000713425/000156218019000630/xslF345X03/primarydocument.xml"}, {"form_type": "4", "filings_date": "2019-02-01", "url": "https://www.sec.gov/Archives/edgar/data/0000713425/000156218019000629/xslF345X03/primarydocument.xml"}, {"form_type": "4", "filings_date": "2019-01-31", "url": "https://www.sec.gov/Archives/edgar/data/0000713425/000156218019000602/xslF345X03/primarydocument.xml"}, {"form_type": "3", "filings_date": "2019-01-04", "url": "https://www.sec.gov/Archives/edgar/data/0000713425/000089924319000485/xslF345X02/doc3.xml"}, {"form_type": "8-K", "filings_date": "2019-01-03", "url": "https://www.sec.gov/Archives/edgar/data/0000713425/000119312519001409/d680597d8k.htm"}, {"form_type": "4", "filings_date": "2018-12-21", "url": "https://www.sec.gov/Archives/edgar/data/0000713425/000156218018005068/xslF345X03/primarydocument.xml"}, {"form_type": "4", "filings_date": "2018-12-18", "url": "https://www.sec.gov/Archives/edgar/data/0000713425/000156218018004992/xslF345X03/primarydocument.xml"}, {"form_type": "4", "filings_date": "2018-12-13", "url": "https://www.sec.gov/Archives/edgar/data/0000713425/000156218018004934/xslF345X03/primarydocument.xml"}, {"form_type": "4", "filings_date": "2018-12-13", "url": "https://www.sec.gov/Archives/edgar/data/0000713425/000156218018004933/xslF345X03/primarydocument.xml"}, {"form_type": "4", "filings_date": "2018-12-12", "url": "https://www.sec.gov/Archives/edgar/data/0000713425/000156218018004927/xslF345X03/primarydocument.xml"}, {"form_type": "4", "filings_date": "2018-12-11", "url": "https://www.sec.gov/Archives/edgar/data/0000713425/000156218018004899/xslF345X03/primarydocument.xml"}, {"form_type": "10-Q", "filings_date": "2018-12-07", "url": "https://www.sec.gov/Archives/edgar/data/0000713425/000119312518344996/d645446d10q.htm"}, {"form_type": "8-K", "filings_date": "2018-11-29", "url": "https://www.sec.gov/Archives/edgar/data/0000713425/000115752318002495/a51906905.htm"}, {"form_type": "4", "filings_date": "2018-10-31", "url": "https://www.sec.gov/Archives/edgar/data/0000713425/000156218018004334/xslF345X03/primarydocument.xml"}, {"form_type": "4", "filings_date": "2018-10-31", "url": "https://www.sec.gov/Archives/edgar/data/0000713425/000156218018004333/xslF345X03/primarydocument.xml"}, {"form_type": "4", "filings_date": "2018-10-31", "url": "https://www.sec.gov/Archives/edgar/data/0000713425/000156218018004332/xslF345X03/primarydocument.xml"}, {"form_type": "4", "filings_date": "2018-10-31", "url": "https://www.sec.gov/Archives/edgar/data/0000713425/000156218018004331/xslF345X03/primarydocument.xml"}, {"form_type": "4", "filings_date": "2018-09-27", "url": "https://www.sec.gov/Archives/edgar/data/0000713425/000156218018004032/xslF345X03/primarydocument.xml"}, {"form_type": "4", "filings_date": "2018-09-21", "url": "https://www.sec.gov/Archives/edgar/data/0000713425/000156218018003995/xslF345X03/primarydocument.xml"}, {"form_type": "4", "filings_date": "2018-09-13", "url": "https://www.sec.gov/Archives/edgar/data/0000713425/000156218018003925/xslF345X03/primarydocument.xml"}, {"form_type": "4", "filings_date": "2018-09-12", "url": "https://www.sec.gov/Archives/edgar/data/0000713425/000156218018003921/xslF345X03/primarydocument.xml"}, {"form_type": "4", "filings_date": "2018-09-12", "url": "https://www.sec.gov/Archives/edgar/data/0000713425/000156218018003920/xslF345X03/primarydocument.xml"}, {"form_type": "4", "filings_date": "2018-09-11", "url": "https://www.sec.gov/Archives/edgar/data/0000713425/000156218018003898/xslF345X03/primarydocument.xml"}, {"form_type": "10-Q", "filings_date": "2018-09-10", "url": "https://www.sec.gov/Archives/edgar/data/0000713425/000119312518269319/d613928d10q.htm"}, {"form_type": "8-K", "filings_date": "2018-09-04", "url": "https://www.sec.gov/Archives/edgar/data/0000713425/000115752318001905/a51861573.htm"}, {"form_type": "8-K", "filings_date": "2018-08-24", "url": "https://www.sec.gov/Archives/edgar/data/0000713425/000119312518257671/d608921d8k.htm"}, {"form_type": "4", "filings_date": "2018-08-01", "url": "https://www.sec.gov/Archives/edgar/data/0000713425/000156218018003439/xslF345X03/primarydocument.xml"}, {"form_type": "4", "filings_date": "2018-08-01", "url": "https://www.sec.gov/Archives/edgar/data/0000713425/000156218018003438/xslF345X03/primarydocument.xml"}, {"form_type": "4", "filings_date": "2018-08-01", "url": "https://www.sec.gov/Archives/edgar/data/0000713425/000156218018003437/xslF345X03/primarydocument.xml"}, {"form_type": "4", "filings_date": "2018-08-01", "url": "https://www.sec.gov/Archives/edgar/data/0000713425/000156218018003436/xslF345X03/primarydocument.xml"}, {"form_type": "DEF 14A", "filings_date": "2018-08-01", "url": "https://www.sec.gov/Archives/edgar/data/0000713425/000119312518234403/d596832ddef14a.htm"}, {"form_type": "10-K", "filings_date": "2018-07-13", "url": "https://www.sec.gov/Archives/edgar/data/0000713425/000119312518217611/d580667d10k.htm"}, {"form_type": "4", "filings_date": "2018-07-02", "url": "https://www.sec.gov/Archives/edgar/data/0000713425/000156218018003134/xslF345X03/primarydocument.xml"}, {"form_type": "4", "filings_date": "2018-07-02", "url": "https://www.sec.gov/Archives/edgar/data/0000713425/000156218018003133/xslF345X03/primarydocument.xml"}, {"form_type": "4", "filings_date": "2018-06-29", "url": "https://www.sec.gov/Archives/edgar/data/0000713425/000156218018003118/xslF345X03/primarydocument.xml"}, {"form_type": "4", "filings_date": "2018-06-28", "url": "https://www.sec.gov/Archives/edgar/data/0000713425/000156218018003114/xslF345X03/primarydocument.xml"}, {"form_type": "4", "filings_date": "2018-06-28", "url": "https://www.sec.gov/Archives/edgar/data/0000713425/000156218018003113/xslF345X03/primarydocument.xml"}, {"form_type": "4", "filings_date": "2018-06-28", "url": "https://www.sec.gov/Archives/edgar/data/0000713425/000156218018003112/xslF345X03/primarydocument.xml"}, {"form_type": "4", "filings_date": "2018-06-28", "url": "https://www.sec.gov/Archives/edgar/data/0000713425/000156218018003111/xslF345X03/primarydocument.xml"}, {"form_type": "4", "filings_date": "2018-06-28", "url": "https://www.sec.gov/Archives/edgar/data/0000713425/000156218018003110/xslF345X03/primarydocument.xml"}, {"form_type": "4", "filings_date": "2018-06-28", "url": "https://www.sec.gov/Archives/edgar/data/0000713425/000156218018003109/xslF345X03/primarydocument.xml"}, {"form_type": "4", "filings_date": "2018-06-28", "url": "https://www.sec.gov/Archives/edgar/data/0000713425/000156218018003108/xslF345X03/primarydocument.xml"}, {"form_type": "4", "filings_date": "2018-06-28", "url": "https://www.sec.gov/Archives/edgar/data/0000713425/000156218018003107/xslF345X03/primarydocument.xml"}, {"form_type": "4", "filings_date": "2018-06-28", "url": "https://www.sec.gov/Archives/edgar/data/0000713425/000156218018003106/xslF345X03/primarydocument.xml"}, {"form_type": "4", "filings_date": "2018-06-28", "url": "https://www.sec.gov/Archives/edgar/data/0000713425/000156218018003105/xslF345X03/primarydocument.xml"}, {"form_type": "4", "filings_date": "2018-06-28", "url": "https://www.sec.gov/Archives/edgar/data/0000713425/000156218018003104/xslF345X03/primarydocument.xml"}, {"form_type": "4", "filings_date": "2018-06-28", "url": "https://www.sec.gov/Archives/edgar/data/0000713425/000156218018003103/xslF345X03/primarydocument.xml"}, {"form_type": "4", "filings_date": "2018-06-28", "url": "https://www.sec.gov/Archives/edgar/data/0000713425/000156218018003102/xslF345X03/primarydocument.xml"}, {"form_type": "4", "filings_date": "2018-06-27", "url": "https://www.sec.gov/Archives/edgar/data/0000713425/000156218018003098/xslF345X03/primarydocument.xml"}, {"form_type": "4", "filings_date": "2018-06-27", "url": "https://www.sec.gov/Archives/edgar/data/0000713425/000156218018003097/xslF345X03/primarydocument.xml"}, {"form_type": "8-K", "filings_date": "2018-06-21", "url": "https://www.sec.gov/Archives/edgar/data/0000713425/000115752318001323/a51826111.htm"}, {"form_type": "4", "filings_date": "2018-06-18", "url": "https://www.sec.gov/Archives/edgar/data/0000713425/000156218018003035/xslF345X03/primarydocument.xml"}, {"form_type": "4", "filings_date": "2018-06-18", "url": "https://www.sec.gov/Archives/edgar/data/0000713425/000156218018003034/xslF345X03/primarydocument.xml"}, {"form_type": "4", "filings_date": "2018-06-18", "url": "https://www.sec.gov/Archives/edgar/data/0000713425/000156218018003033/xslF345X03/primarydocument.xml"}, {"form_type": "4", "filings_date": "2018-06-18", "url": "https://www.sec.gov/Archives/edgar/data/0000713425/000156218018003032/xslF345X03/primarydocument.xml"}, {"form_type": "4", "filings_date": "2018-05-07", "url": "https://www.sec.gov/Archives/edgar/data/0000713425/000156218018002310/xslF345X03/primarydocument.xml"}, {"form_type": "4", "filings_date": "2018-05-01", "url": "https://www.sec.gov/Archives/edgar/data/0000713425/000156218018002085/xslF345X03/primarydocument.xml"}, {"form_type": "4", "filings_date": "2018-05-01", "url": "https://www.sec.gov/Archives/edgar/data/0000713425/000156218018002084/xslF345X03/primarydocument.xml"}, {"form_type": "4", "filings_date": "2018-05-01", "url": "https://www.sec.gov/Archives/edgar/data/0000713425/000156218018002083/xslF345X03/primarydocument.xml"}, {"form_type": "4", "filings_date": "2018-05-01", "url": "https://www.sec.gov/Archives/edgar/data/0000713425/000156218018002082/xslF345X03/primarydocument.xml"}, {"form_type": "4", "filings_date": "2018-03-29", "url": "https://www.sec.gov/Archives/edgar/data/0000713425/000156218018001736/xslF345X03/primarydocument.xml"}, {"form_type": "4", "filings_date": "2018-03-22", "url": "https://www.sec.gov/Archives/edgar/data/0000713425/000156218018001705/xslF345X03/primarydocument.xml"}, {"form_type": "4/A", "filings_date": "2018-03-22", "url": "https://www.sec.gov/Archives/edgar/data/0000713425/000156218018001704/xslF345X03/primarydocument.xml"}, {"form_type": "4", "filings_date": "2018-03-20", "url": "https://www.sec.gov/Archives/edgar/data/0000713425/000156218018001674/xslF345X03/primarydocument.xml"}, {"form_type": "4", "filings_date": "2018-03-15", "url": "https://www.sec.gov/Archives/edgar/data/0000713425/000156218018001639/xslF345X03/primarydocument.xml"}, {"form_type": "4", "filings_date": "2018-03-14", "url": "https://www.sec.gov/Archives/edgar/data/0000713425/000156218018001633/xslF345X03/primarydocument.xml"}, {"form_type": "4", "filings_date": "2018-03-14", "url": "https://www.sec.gov/Archives/edgar/data/0000713425/000156218018001632/xslF345X03/primarydocument.xml"}, {"form_type": "4", "filings_date": "2018-03-14", "url": "https://www.sec.gov/Archives/edgar/data/0000713425/000156218018001631/xslF345X03/primarydocument.xml"}, {"form_type": "4", "filings_date": "2018-03-14", "url": "https://www.sec.gov/Archives/edgar/data/0000713425/000156218018001630/xslF345X03/primarydocument.xml"}, {"form_type": "4", "filings_date": "2018-03-13", "url": "https://www.sec.gov/Archives/edgar/data/0000713425/000156218018001623/xslF345X03/primarydocument.xml"}, {"form_type": "4", "filings_date": "2018-03-12", "url": "https://www.sec.gov/Archives/edgar/data/0000713425/000156218018001612/xslF345X03/primarydocument.xml"}, {"form_type": "4", "filings_date": "2018-03-12", "url": "https://www.sec.gov/Archives/edgar/data/0000713425/000156218018001604/xslF345X03/primarydocument.xml"}, {"form_type": "4", "filings_date": "2018-03-09", "url": "https://www.sec.gov/Archives/edgar/data/0000713425/000156218018001575/xslF345X03/primarydocument.xml"}, {"form_type": "10-Q", "filings_date": "2018-03-09", "url": "https://www.sec.gov/Archives/edgar/data/0000713425/000119312518076290/d516507d10q.htm"}, {"form_type": "4", "filings_date": "2018-03-08", "url": "https://www.sec.gov/Archives/edgar/data/0000713425/000156218018001550/xslF345X03/primarydocument.xml"}, {"form_type": "4", "filings_date": "2018-03-08", "url": "https://www.sec.gov/Archives/edgar/data/0000713425/000156218018001547/xslF345X03/primarydocument.xml"}, {"form_type": "4", "filings_date": "2018-03-07", "url": "https://www.sec.gov/Archives/edgar/data/0000713425/000156218018001540/xslF345X03/primarydocument.xml"}, {"form_type": "4", "filings_date": "2018-03-06", "url": "https://www.sec.gov/Archives/edgar/data/0000713425/000156218018001473/xslF345X03/primarydocument.xml"}, {"form_type": "4", "filings_date": "2018-03-05", "url": "https://www.sec.gov/Archives/edgar/data/0000713425/000156218018001409/xslF345X03/primarydocument.xml"}, {"form_type": "8-K", "filings_date": "2018-02-22", "url": "https://www.sec.gov/Archives/edgar/data/0000713425/000115752318000395/a51762998.htm"}, {"form_type": "SC 13G/A", "filings_date": "2018-02-14", "url": "https://www.sec.gov/Archives/edgar/data/0000713425/000139834418002225/fp0030610_sc13ga.htm"}, {"form_type": "SC 13G/A", "filings_date": "2018-02-14", "url": "https://www.sec.gov/Archives/edgar/data/0000713425/000103738918000079/amswa-13g_20171231.txt"}, {"form_type": "SC 13G/A", "filings_date": "2018-02-13", "url": "https://www.sec.gov/Archives/edgar/data/0000713425/000114036118006844/doc1.htm"}, {"form_type": "4", "filings_date": "2018-02-01", "url": "https://www.sec.gov/Archives/edgar/data/0000713425/000156218018000529/xslF345X03/primarydocument.xml"}, {"form_type": "4", "filings_date": "2018-02-01", "url": "https://www.sec.gov/Archives/edgar/data/0000713425/000156218018000528/xslF345X03/primarydocument.xml"}, {"form_type": "4", "filings_date": "2018-02-01", "url": "https://www.sec.gov/Archives/edgar/data/0000713425/000156218018000527/xslF345X03/primarydocument.xml"}, {"form_type": "4", "filings_date": "2018-02-01", "url": "https://www.sec.gov/Archives/edgar/data/0000713425/000156218018000526/xslF345X03/primarydocument.xml"}, {"form_type": "SC 13G/A", "filings_date": "2018-01-29", "url": "https://www.sec.gov/Archives/edgar/data/0000713425/000021545718003849/us0296831094_012918.txt"}, {"form_type": "4", "filings_date": "2017-12-29", "url": "https://www.sec.gov/Archives/edgar/data/0000713425/000156218017004054/xslF345X03/primarydocument.xml"}, {"form_type": "4", "filings_date": "2017-12-28", "url": "https://www.sec.gov/Archives/edgar/data/0000713425/000156218017004040/xslF345X03/primarydocument.xml"}, {"form_type": "4", "filings_date": "2017-12-27", "url": "https://www.sec.gov/Archives/edgar/data/0000713425/000156218017004031/xslF345X03/primarydocument.xml"}, {"form_type": "4", "filings_date": "2017-12-26", "url": "https://www.sec.gov/Archives/edgar/data/0000713425/000156218017004027/xslF345X03/primarydocument.xml"}, {"form_type": "4", "filings_date": "2017-12-26", "url": "https://www.sec.gov/Archives/edgar/data/0000713425/000156218017004026/xslF345X03/primarydocument.xml"}, {"form_type": "4", "filings_date": "2017-12-26", "url": "https://www.sec.gov/Archives/edgar/data/0000713425/000156218017004025/xslF345X03/primarydocument.xml"}, {"form_type": "4", "filings_date": "2017-12-21", "url": "https://www.sec.gov/Archives/edgar/data/0000713425/000156218017003982/xslF345X03/primarydocument.xml"}, {"form_type": "4", "filings_date": "2017-12-21", "url": "https://www.sec.gov/Archives/edgar/data/0000713425/000156218017003980/xslF345X03/primarydocument.xml"}, {"form_type": "4", "filings_date": "2017-12-21", "url": "https://www.sec.gov/Archives/edgar/data/0000713425/000156218017003979/xslF345X03/primarydocument.xml"}, {"form_type": "4", "filings_date": "2017-12-20", "url": "https://www.sec.gov/Archives/edgar/data/0000713425/000156218017003971/xslF345X03/primarydocument.xml"}, {"form_type": "4", "filings_date": "2017-12-19", "url": "https://www.sec.gov/Archives/edgar/data/0000713425/000156218017003930/xslF345X03/primarydocument.xml"}, {"form_type": "4", "filings_date": "2017-12-19", "url": "https://www.sec.gov/Archives/edgar/data/0000713425/000156218017003929/xslF345X03/primarydocument.xml"}, {"form_type": "4", "filings_date": "2017-12-18", "url": "https://www.sec.gov/Archives/edgar/data/0000713425/000156218017003898/xslF345X03/primarydocument.xml"}, {"form_type": "4", "filings_date": "2017-12-14", "url": "https://www.sec.gov/Archives/edgar/data/0000713425/000156218017003869/xslF345X03/primarydocument.xml"}, {"form_type": "4", "filings_date": "2017-12-08", "url": "https://www.sec.gov/Archives/edgar/data/0000713425/000156218017003797/xslF345X03/primarydocument.xml"}, {"form_type": "10-Q", "filings_date": "2017-12-08", "url": "https://www.sec.gov/Archives/edgar/data/0000713425/000119312517364464/d413390d10q.htm"}, {"form_type": "4", "filings_date": "2017-12-07", "url": "https://www.sec.gov/Archives/edgar/data/0000713425/000156218017003788/xslF345X03/primarydocument.xml"}, {"form_type": "4", "filings_date": "2017-12-06", "url": "https://www.sec.gov/Archives/edgar/data/0000713425/000156218017003749/xslF345X03/primarydocument.xml"}, {"form_type": "8-K", "filings_date": "2017-11-30", "url": "https://www.sec.gov/Archives/edgar/data/0000713425/000115752317003166/a51723371.htm"}, {"form_type": "8-K", "filings_date": "2017-11-28", "url": "https://www.sec.gov/Archives/edgar/data/0000713425/000119312517353752/d498880d8k.htm"}, {"form_type": "4", "filings_date": "2017-11-02", "url": "https://www.sec.gov/Archives/edgar/data/0000713425/000156218017003432/xslF345X03/primarydocument.xml"}, {"form_type": "4", "filings_date": "2017-11-02", "url": "https://www.sec.gov/Archives/edgar/data/0000713425/000156218017003431/xslF345X03/primarydocument.xml"}, {"form_type": "4", "filings_date": "2017-11-02", "url": "https://www.sec.gov/Archives/edgar/data/0000713425/000156218017003430/xslF345X03/primarydocument.xml"}, {"form_type": "4", "filings_date": "2017-11-01", "url": "https://www.sec.gov/Archives/edgar/data/0000713425/000156218017003420/xslF345X03/primarydocument.xml"}, {"form_type": "4/A", "filings_date": "2017-10-31", "url": "https://www.sec.gov/Archives/edgar/data/0000713425/000156218017003393/xslF345X03/primarydocument.xml"}, {"form_type": "4", "filings_date": "2017-10-30", "url": "https://www.sec.gov/Archives/edgar/data/0000713425/000156218017003352/xslF345X03/primarydocument.xml"}, {"form_type": "4", "filings_date": "2017-10-27", "url": "https://www.sec.gov/Archives/edgar/data/0000713425/000156218017003336/xslF345X03/primarydocument.xml"}, {"form_type": "4", "filings_date": "2017-10-02", "url": "https://www.sec.gov/Archives/edgar/data/0000713425/000156218017003117/xslF345X03/primarydocument.xml"}, {"form_type": "4", "filings_date": "2017-09-29", "url": "https://www.sec.gov/Archives/edgar/data/0000713425/000156218017003039/xslF345X03/primarydocument.xml"}, {"form_type": "4", "filings_date": "2017-09-28", "url": "https://www.sec.gov/Archives/edgar/data/0000713425/000156218017003035/xslF345X03/primarydocument.xml"}, {"form_type": "4", "filings_date": "2017-09-27", "url": "https://www.sec.gov/Archives/edgar/data/0000713425/000156218017003027/xslF345X03/primarydocument.xml"}, {"form_type": "4", "filings_date": "2017-09-26", "url": "https://www.sec.gov/Archives/edgar/data/0000713425/000156218017003023/xslF345X03/primarydocument.xml"}, {"form_type": "4", "filings_date": "2017-09-25", "url": "https://www.sec.gov/Archives/edgar/data/0000713425/000156218017003020/xslF345X03/primarydocument.xml"}, {"form_type": "4", "filings_date": "2017-09-25", "url": "https://www.sec.gov/Archives/edgar/data/0000713425/000156218017003019/xslF345X03/primarydocument.xml"}, {"form_type": "4", "filings_date": "2017-09-22", "url": "https://www.sec.gov/Archives/edgar/data/0000713425/000156218017002996/xslF345X03/primarydocument.xml"}, {"form_type": "4", "filings_date": "2017-09-22", "url": "https://www.sec.gov/Archives/edgar/data/0000713425/000156218017002995/xslF345X03/primarydocument.xml"}, {"form_type": "4", "filings_date": "2017-09-22", "url": "https://www.sec.gov/Archives/edgar/data/0000713425/000156218017002994/xslF345X03/primarydocument.xml"}, {"form_type": "4", "filings_date": "2017-09-21", "url": "https://www.sec.gov/Archives/edgar/data/0000713425/000156218017002993/xslF345X03/primarydocument.xml"}, {"form_type": "4", "filings_date": "2017-09-21", "url": "https://www.sec.gov/Archives/edgar/data/0000713425/000156218017002992/xslF345X03/primarydocument.xml"}, {"form_type": "4", "filings_date": "2017-09-15", "url": "https://www.sec.gov/Archives/edgar/data/0000713425/000156218017002958/xslF345X03/primarydocument.xml"}, {"form_type": "4", "filings_date": "2017-09-15", "url": "https://www.sec.gov/Archives/edgar/data/0000713425/000156218017002957/xslF345X03/primarydocument.xml"}, {"form_type": "4", "filings_date": "2017-09-13", "url": "https://www.sec.gov/Archives/edgar/data/0000713425/000156218017002946/xslF345X03/primarydocument.xml"}, {"form_type": "4", "filings_date": "2017-09-13", "url": "https://www.sec.gov/Archives/edgar/data/0000713425/000156218017002945/xslF345X03/primarydocument.xml"}, {"form_type": "4", "filings_date": "2017-09-13", "url": "https://www.sec.gov/Archives/edgar/data/0000713425/000156218017002944/xslF345X03/primarydocument.xml"}, {"form_type": "4", "filings_date": "2017-09-13", "url": "https://www.sec.gov/Archives/edgar/data/0000713425/000156218017002943/xslF345X03/primarydocument.xml"}, {"form_type": "4", "filings_date": "2017-09-13", "url": "https://www.sec.gov/Archives/edgar/data/0000713425/000156218017002942/xslF345X03/primarydocument.xml"}, {"form_type": "4", "filings_date": "2017-09-13", "url": "https://www.sec.gov/Archives/edgar/data/0000713425/000156218017002941/xslF345X03/primarydocument.xml"}, {"form_type": "4", "filings_date": "2017-09-13", "url": "https://www.sec.gov/Archives/edgar/data/0000713425/000156218017002940/xslF345X03/primarydocument.xml"}, {"form_type": "4", "filings_date": "2017-09-13", "url": "https://www.sec.gov/Archives/edgar/data/0000713425/000156218017002939/xslF345X03/primarydocument.xml"}, {"form_type": "4", "filings_date": "2017-09-13", "url": "https://www.sec.gov/Archives/edgar/data/0000713425/000156218017002938/xslF345X03/primarydocument.xml"}, {"form_type": "S-8", "filings_date": "2017-09-08", "url": "https://www.sec.gov/Archives/edgar/data/0000713425/000119312517280469/d446179ds8.htm"}, {"form_type": "10-Q", "filings_date": "2017-09-08", "url": "https://www.sec.gov/Archives/edgar/data/0000713425/000119312517280439/d437680d10q.htm"}, {"form_type": "4", "filings_date": "2017-09-07", "url": "https://www.sec.gov/Archives/edgar/data/0000713425/000156218017002888/xslF345X03/primarydocument.xml"}, {"form_type": "4", "filings_date": "2017-09-07", "url": "https://www.sec.gov/Archives/edgar/data/0000713425/000156218017002887/xslF345X03/primarydocument.xml"}, {"form_type": "4", "filings_date": "2017-09-07", "url": "https://www.sec.gov/Archives/edgar/data/0000713425/000156218017002881/xslF345X03/primarydocument.xml"}, {"form_type": "4", "filings_date": "2017-09-07", "url": "https://www.sec.gov/Archives/edgar/data/0000713425/000156218017002874/xslF345X03/primarydocument.xml"}, {"form_type": "4", "filings_date": "2017-09-06", "url": "https://www.sec.gov/Archives/edgar/data/0000713425/000156218017002845/xslF345X03/primarydocument.xml"}, {"form_type": "4", "filings_date": "2017-09-06", "url": "https://www.sec.gov/Archives/edgar/data/0000713425/000156218017002844/xslF345X03/primarydocument.xml"}, {"form_type": "4", "filings_date": "2017-09-05", "url": "https://www.sec.gov/Archives/edgar/data/0000713425/000156218017002828/xslF345X03/primarydocument.xml"}, {"form_type": "4", "filings_date": "2017-09-01", "url": "https://www.sec.gov/Archives/edgar/data/0000713425/000156218017002815/xslF345X03/primarydocument.xml"}, {"form_type": "8-K", "filings_date": "2017-08-28", "url": "https://www.sec.gov/Archives/edgar/data/0000713425/000115752317002416/a51674888.htm"}, {"form_type": "8-K", "filings_date": "2017-08-25", "url": "https://www.sec.gov/Archives/edgar/data/0000713425/000119312517268641/d447761d8k.htm"}, {"form_type": "4", "filings_date": "2017-08-02", "url": "https://www.sec.gov/Archives/edgar/data/0000713425/000156218017002565/xslF345X03/primarydocument.xml"}, {"form_type": "4", "filings_date": "2017-08-02", "url": "https://www.sec.gov/Archives/edgar/data/0000713425/000156218017002564/xslF345X03/primarydocument.xml"}, {"form_type": "4", "filings_date": "2017-08-02", "url": "https://www.sec.gov/Archives/edgar/data/0000713425/000156218017002563/xslF345X03/primarydocument.xml"}, {"form_type": "4", "filings_date": "2017-08-02", "url": "https://www.sec.gov/Archives/edgar/data/0000713425/000156218017002562/xslF345X03/primarydocument.xml"}, {"form_type": "4/A", "filings_date": "2017-08-02", "url": "https://www.sec.gov/Archives/edgar/data/0000713425/000156218017002556/xslF345X03/primarydocument.xml"}, {"form_type": "DEF 14A", "filings_date": "2017-07-27", "url": "https://www.sec.gov/Archives/edgar/data/0000713425/000119312517238360/d427803ddef14a.htm"}, {"form_type": "10-K", "filings_date": "2017-07-14", "url": "https://www.sec.gov/Archives/edgar/data/0000713425/000119312517228535/d353589d10k.htm"}, {"form_type": "8-K/A", "filings_date": "2017-07-13", "url": "https://www.sec.gov/Archives/edgar/data/0000713425/000119312517227616/d424117d8ka.htm"}, {"form_type": "4", "filings_date": "2017-06-29", "url": "https://www.sec.gov/Archives/edgar/data/0000713425/000156218017002341/xslF345X03/primarydocument.xml"}, {"form_type": "4", "filings_date": "2017-06-29", "url": "https://www.sec.gov/Archives/edgar/data/0000713425/000156218017002339/xslF345X03/primarydocument.xml"}, {"form_type": "4", "filings_date": "2017-06-29", "url": "https://www.sec.gov/Archives/edgar/data/0000713425/000156218017002333/xslF345X03/primarydocument.xml"}, {"form_type": "4", "filings_date": "2017-06-28", "url": "https://www.sec.gov/Archives/edgar/data/0000713425/000156218017002317/xslF345X03/primarydocument.xml"}, {"form_type": "4", "filings_date": "2017-06-28", "url": "https://www.sec.gov/Archives/edgar/data/0000713425/000156218017002316/xslF345X03/primarydocument.xml"}, {"form_type": "8-K", "filings_date": "2017-06-22", "url": "https://www.sec.gov/Archives/edgar/data/0000713425/000115752317001831/a51579047.htm"}, {"form_type": "4", "filings_date": "2017-06-08", "url": "https://www.sec.gov/Archives/edgar/data/0000713425/000156218017002236/xslF345X03/primarydocument.xml"}, {"form_type": "4", "filings_date": "2017-06-08", "url": "https://www.sec.gov/Archives/edgar/data/0000713425/000156218017002235/xslF345X03/primarydocument.xml"}, {"form_type": "4", "filings_date": "2017-06-08", "url": "https://www.sec.gov/Archives/edgar/data/0000713425/000156218017002234/xslF345X03/primarydocument.xml"}, {"form_type": "4", "filings_date": "2017-06-08", "url": "https://www.sec.gov/Archives/edgar/data/0000713425/000156218017002233/xslF345X03/primarydocument.xml"}, {"form_type": "4", "filings_date": "2017-06-02", "url": "https://www.sec.gov/Archives/edgar/data/0000713425/000089924317015220/xslF345X03/doc4.xml"}, {"form_type": "3", "filings_date": "2017-06-02", "url": "https://www.sec.gov/Archives/edgar/data/0000713425/000089924317015215/xslF345X02/doc3.xml"}, {"form_type": "8-K", "filings_date": "2017-06-01", "url": "https://www.sec.gov/Archives/edgar/data/0000713425/000119312517190713/d401047d8k.htm"}, {"form_type": "4", "filings_date": "2017-05-17", "url": "https://www.sec.gov/Archives/edgar/data/0000713425/000156218017001973/xslF345X03/primarydocument.xml"}, {"form_type": "4", "filings_date": "2017-05-09", "url": "https://www.sec.gov/Archives/edgar/data/0000713425/000156218017001896/xslF345X03/primarydocument.xml"}, {"form_type": "4", "filings_date": "2017-05-01", "url": "https://www.sec.gov/Archives/edgar/data/0000713425/000156218017001577/xslF345X03/primarydocument.xml"}, {"form_type": "4", "filings_date": "2017-05-01", "url": "https://www.sec.gov/Archives/edgar/data/0000713425/000156218017001576/xslF345X03/primarydocument.xml"}, {"form_type": "4", "filings_date": "2017-05-01", "url": "https://www.sec.gov/Archives/edgar/data/0000713425/000156218017001575/xslF345X03/primarydocument.xml"}, {"form_type": "4", "filings_date": "2017-04-03", "url": "https://www.sec.gov/Archives/edgar/data/0000713425/000156218017001381/xslF345X03/primarydocument.xml"}, {"form_type": "4", "filings_date": "2017-03-31", "url": "https://www.sec.gov/Archives/edgar/data/0000713425/000089924317009001/xslF345X03/doc4.xml"}, {"form_type": "3", "filings_date": "2017-03-31", "url": "https://www.sec.gov/Archives/edgar/data/0000713425/000089924317008999/xslF345X02/doc3.xml"}, {"form_type": "4", "filings_date": "2017-03-31", "url": "https://www.sec.gov/Archives/edgar/data/0000713425/000156218017001363/xslF345X03/primarydocument.xml"}, {"form_type": "4", "filings_date": "2017-03-29", "url": "https://www.sec.gov/Archives/edgar/data/0000713425/000156218017001346/xslF345X03/primarydocument.xml"}, {"form_type": "4", "filings_date": "2017-03-27", "url": "https://www.sec.gov/Archives/edgar/data/0000713425/000156218017001338/xslF345X03/primarydocument.xml"}, {"form_type": "4", "filings_date": "2017-03-27", "url": "https://www.sec.gov/Archives/edgar/data/0000713425/000156218017001337/xslF345X03/primarydocument.xml"}, {"form_type": "4", "filings_date": "2017-03-27", "url": "https://www.sec.gov/Archives/edgar/data/0000713425/000156218017001336/xslF345X03/primarydocument.xml"}, {"form_type": "4", "filings_date": "2017-03-27", "url": "https://www.sec.gov/Archives/edgar/data/0000713425/000156218017001335/xslF345X03/primarydocument.xml"}, {"form_type": "3", "filings_date": "2017-03-24", "url": "https://www.sec.gov/Archives/edgar/data/0000713425/000089924317008489/xslF345X02/doc3.xml"}, {"form_type": "4", "filings_date": "2017-03-20", "url": "https://www.sec.gov/Archives/edgar/data/0000713425/000156218017001293/xslF345X03/primarydocument.xml"}, {"form_type": "4", "filings_date": "2017-03-20", "url": "https://www.sec.gov/Archives/edgar/data/0000713425/000156218017001292/xslF345X03/primarydocument.xml"}, {"form_type": "4", "filings_date": "2017-03-17", "url": "https://www.sec.gov/Archives/edgar/data/0000713425/000156218017001287/xslF345X03/primarydocument.xml"}, {"form_type": "4", "filings_date": "2017-03-16", "url": "https://www.sec.gov/Archives/edgar/data/0000713425/000156218017001278/xslF345X03/primarydocument.xml"}, {"form_type": "8-K", "filings_date": "2017-03-06", "url": "https://www.sec.gov/Archives/edgar/data/0000713425/000115752317000735/a51521210.htm"}, {"form_type": "10-Q", "filings_date": "2017-03-02", "url": "https://www.sec.gov/Archives/edgar/data/0000713425/000119312517067960/d310562d10q.htm"}, {"form_type": "8-K", "filings_date": "2017-02-23", "url": "https://www.sec.gov/Archives/edgar/data/0000713425/000115752317000605/a51515437.htm"}, {"form_type": "SC 13G/A", "filings_date": "2017-02-14", "url": "https://www.sec.gov/Archives/edgar/data/0000713425/000103738917000093/amswa-13g_20161231.txt"}, {"form_type": "SC 13G/A", "filings_date": "2017-02-09", "url": "https://www.sec.gov/Archives/edgar/data/0000713425/000139834417001687/fp0023838_sc13ga.htm"}, {"form_type": "SC 13G/A", "filings_date": "2017-02-09", "url": "https://www.sec.gov/Archives/edgar/data/0000713425/000114036117005213/doc1.htm"}, {"form_type": "4", "filings_date": "2017-02-06", "url": "https://www.sec.gov/Archives/edgar/data/0000713425/000156218017000516/xslF345X03/primarydocument.xml"}, {"form_type": "4", "filings_date": "2017-02-06", "url": "https://www.sec.gov/Archives/edgar/data/0000713425/000156218017000515/xslF345X03/primarydocument.xml"}, {"form_type": "4", "filings_date": "2017-02-06", "url": "https://www.sec.gov/Archives/edgar/data/0000713425/000156218017000514/xslF345X03/primarydocument.xml"}, {"form_type": "SC 13G/A", "filings_date": "2017-01-19", "url": "https://www.sec.gov/Archives/edgar/data/0000713425/000021545717001251/american.softwar.txt"}]}