{"company": {"cik": "0001013462", "name": "ANSYS INC", "sic": "Services-Prepackaged Software", "state_incorp": "DE", "ticker": "ANSS", "mailing_addr": "2600 ANSYS DRIVE, SOUTHPOINTE, CANONSBURG, PA, 15317", "category": "Large accelerated filer", "fiscal_year_end": "31, December"}, "filings": [{"form_type": "PRE 14A", "filings_date": "2022-03-17", "url": "https://www.sec.gov/Archives/edgar/data/0001013462/000119312522078442/d265807dpre14a.htm"}, {"form_type": "4", "filings_date": "2022-03-07", "url": "https://www.sec.gov/Archives/edgar/data/0001013462/000121465922003693/xslF345X03/marketforms-55721.xml"}, {"form_type": "4", "filings_date": "2022-03-07", "url": "https://www.sec.gov/Archives/edgar/data/0001013462/000121465922003692/xslF345X03/marketforms-55722.xml"}, {"form_type": "4", "filings_date": "2022-03-07", "url": "https://www.sec.gov/Archives/edgar/data/0001013462/000121465922003690/xslF345X03/marketforms-55719.xml"}, {"form_type": "4", "filings_date": "2022-03-07", "url": "https://www.sec.gov/Archives/edgar/data/0001013462/000121465922003691/xslF345X03/marketforms-55720.xml"}, {"form_type": "4", "filings_date": "2022-03-07", "url": "https://www.sec.gov/Archives/edgar/data/0001013462/000121465922003689/xslF345X03/marketforms-55717.xml"}, {"form_type": "4", "filings_date": "2022-03-07", "url": "https://www.sec.gov/Archives/edgar/data/0001013462/000121465922003688/xslF345X03/marketforms-55718.xml"}, {"form_type": "10-K", "filings_date": "2022-02-23", "url": "https://www.sec.gov/Archives/edgar/data/0001013462/000101346222000005/anss-20211231.htm"}, {"form_type": "8-K", "filings_date": "2022-02-23", "url": "https://www.sec.gov/Archives/edgar/data/0001013462/000101346222000004/anss-20220223.htm"}, {"form_type": "4", "filings_date": "2022-02-18", "url": "https://www.sec.gov/Archives/edgar/data/0001013462/000121465922002957/xslF345X03/marketforms-55461.xml"}, {"form_type": "4", "filings_date": "2022-02-18", "url": "https://www.sec.gov/Archives/edgar/data/0001013462/000121465922002956/xslF345X03/marketforms-55460.xml"}, {"form_type": "4", "filings_date": "2022-02-18", "url": "https://www.sec.gov/Archives/edgar/data/0001013462/000121465922002959/xslF345X03/marketforms-55463.xml"}, {"form_type": "4", "filings_date": "2022-02-18", "url": "https://www.sec.gov/Archives/edgar/data/0001013462/000121465922002958/xslF345X03/marketforms-55462.xml"}, {"form_type": "4", "filings_date": "2022-02-18", "url": "https://www.sec.gov/Archives/edgar/data/0001013462/000121465922002955/xslF345X03/marketforms-55459.xml"}, {"form_type": "4", "filings_date": "2022-02-18", "url": "https://www.sec.gov/Archives/edgar/data/0001013462/000121465922002954/xslF345X03/marketforms-55458.xml"}, {"form_type": "SC 13G", "filings_date": "2022-02-14", "url": "https://www.sec.gov/Archives/edgar/data/0001013462/000139834422003029/fp0072328_sc13g.htm"}, {"form_type": "SC 13G/A", "filings_date": "2022-02-09", "url": "https://www.sec.gov/Archives/edgar/data/0001013462/000110465922016490/tv0269-ansysinc.htm"}, {"form_type": "SC 13G/A", "filings_date": "2022-02-01", "url": "https://www.sec.gov/Archives/edgar/data/0001013462/000083423722004488/us03662q1058_020122.txt"}, {"form_type": "4", "filings_date": "2022-01-05", "url": "https://www.sec.gov/Archives/edgar/data/0001013462/000121465922000337/xslF345X03/marketforms-54962.xml"}, {"form_type": "4", "filings_date": "2022-01-04", "url": "https://www.sec.gov/Archives/edgar/data/0001013462/000121465922000283/xslF345X03/marketforms-54878.xml"}, {"form_type": "8-K", "filings_date": "2022-01-04", "url": "https://www.sec.gov/Archives/edgar/data/0001013462/000119312522001099/d265638d8k.htm"}, {"form_type": "8-K/A", "filings_date": "2021-12-17", "url": "https://www.sec.gov/Archives/edgar/data/0001013462/000119312521361127/d245706d8ka.htm"}, {"form_type": "4", "filings_date": "2021-12-09", "url": "https://www.sec.gov/Archives/edgar/data/0001013462/000121465921012947/xslF345X03/marketforms-54603.xml"}, {"form_type": "10-Q", "filings_date": "2021-11-03", "url": "https://www.sec.gov/Archives/edgar/data/0001013462/000101346221000048/anss-20210930.htm"}, {"form_type": "8-K", "filings_date": "2021-11-03", "url": "https://www.sec.gov/Archives/edgar/data/0001013462/000101346221000047/anss-20211103.htm"}, {"form_type": "4", "filings_date": "2021-10-27", "url": "https://www.sec.gov/Archives/edgar/data/0001013462/000121465921010815/xslF345X03/marketforms-54090.xml"}, {"form_type": "3", "filings_date": "2021-10-27", "url": "https://www.sec.gov/Archives/edgar/data/0001013462/000121465921010814/xslF345X02/marketforms-54083.xml"}, {"form_type": "4", "filings_date": "2021-10-26", "url": "https://www.sec.gov/Archives/edgar/data/0001013462/000121465921010782/xslF345X03/marketforms-54086.xml"}, {"form_type": "8-K", "filings_date": "2021-10-26", "url": "https://www.sec.gov/Archives/edgar/data/0001013462/000101346221000043/anss-20211026.htm"}, {"form_type": "4", "filings_date": "2021-10-06", "url": "https://www.sec.gov/Archives/edgar/data/0001013462/000121465921010284/xslF345X03/marketforms-53989.xml"}, {"form_type": "4", "filings_date": "2021-10-04", "url": "https://www.sec.gov/Archives/edgar/data/0001013462/000121465921010209/xslF345X03/marketforms-53977.xml"}, {"form_type": "4", "filings_date": "2021-09-02", "url": "https://www.sec.gov/Archives/edgar/data/0001013462/000121465921009300/xslF345X03/marketforms-53717.xml"}, {"form_type": "4", "filings_date": "2021-09-01", "url": "https://www.sec.gov/Archives/edgar/data/0001013462/000121465921009245/xslF345X03/marketforms-53715.xml"}, {"form_type": "4", "filings_date": "2021-08-11", "url": "https://www.sec.gov/Archives/edgar/data/0001013462/000121465921008400/xslF345X03/marketforms-53568.xml"}, {"form_type": "10-Q", "filings_date": "2021-08-04", "url": "https://www.sec.gov/Archives/edgar/data/0001013462/000101346221000039/anss-20210630.htm"}, {"form_type": "8-K", "filings_date": "2021-08-04", "url": "https://www.sec.gov/Archives/edgar/data/0001013462/000101346221000038/anss-20210804.htm"}, {"form_type": "4", "filings_date": "2021-07-12", "url": "https://www.sec.gov/Archives/edgar/data/0001013462/000121465921007458/xslF345X03/marketforms-53378.xml"}, {"form_type": "4", "filings_date": "2021-07-02", "url": "https://www.sec.gov/Archives/edgar/data/0001013462/000121465921007236/xslF345X03/marketforms-53281.xml"}, {"form_type": "4", "filings_date": "2021-06-09", "url": "https://www.sec.gov/Archives/edgar/data/0001013462/000121465921006407/xslF345X03/marketforms-53102.xml"}, {"form_type": "4", "filings_date": "2021-06-08", "url": "https://www.sec.gov/Archives/edgar/data/0001013462/000121465921006390/xslF345X03/marketforms-53083.xml"}, {"form_type": "4", "filings_date": "2021-06-08", "url": "https://www.sec.gov/Archives/edgar/data/0001013462/000121465921006389/xslF345X03/marketforms-53082.xml"}, {"form_type": "4", "filings_date": "2021-06-08", "url": "https://www.sec.gov/Archives/edgar/data/0001013462/000121465921006387/xslF345X03/marketforms-53081.xml"}, {"form_type": "4", "filings_date": "2021-06-08", "url": "https://www.sec.gov/Archives/edgar/data/0001013462/000121465921006386/xslF345X03/marketforms-53079.xml"}, {"form_type": "4", "filings_date": "2021-06-08", "url": "https://www.sec.gov/Archives/edgar/data/0001013462/000121465921006388/xslF345X03/marketforms-53080.xml"}, {"form_type": "4", "filings_date": "2021-06-08", "url": "https://www.sec.gov/Archives/edgar/data/0001013462/000121465921006384/xslF345X03/marketforms-53078.xml"}, {"form_type": "4", "filings_date": "2021-06-08", "url": "https://www.sec.gov/Archives/edgar/data/0001013462/000121465921006385/xslF345X03/marketforms-53076.xml"}, {"form_type": "S-8", "filings_date": "2021-05-18", "url": "https://www.sec.gov/Archives/edgar/data/0001013462/000101346221000027/anss20210518s-8.htm"}, {"form_type": "8-K", "filings_date": "2021-05-18", "url": "https://www.sec.gov/Archives/edgar/data/0001013462/000101346221000023/anss-20210514.htm"}, {"form_type": "10-Q", "filings_date": "2021-05-05", "url": "https://www.sec.gov/Archives/edgar/data/0001013462/000101346221000017/anss-20210331.htm"}, {"form_type": "8-K", "filings_date": "2021-05-05", "url": "https://www.sec.gov/Archives/edgar/data/0001013462/000101346221000016/anss-20210505.htm"}, {"form_type": "4", "filings_date": "2021-04-28", "url": "https://www.sec.gov/Archives/edgar/data/0001013462/000121465921004585/xslF345X03/marketforms-52365.xml"}, {"form_type": "4", "filings_date": "2021-04-09", "url": "https://www.sec.gov/Archives/edgar/data/0001013462/000121465921004091/xslF345X03/marketforms-52235.xml"}, {"form_type": "DEFA14A", "filings_date": "2021-03-31", "url": "https://www.sec.gov/Archives/edgar/data/0001013462/000119312521101421/d61556ddefa14a.htm"}, {"form_type": "DEF 14A", "filings_date": "2021-03-31", "url": "https://www.sec.gov/Archives/edgar/data/0001013462/000119312521101415/d61556ddef14a.htm"}, {"form_type": "4", "filings_date": "2021-03-16", "url": "https://www.sec.gov/Archives/edgar/data/0001013462/000121465921003212/xslF345X03/marketforms-51904.xml"}, {"form_type": "3", "filings_date": "2021-03-16", "url": "https://www.sec.gov/Archives/edgar/data/0001013462/000121465921003211/xslF345X02/marketforms-51903.xml"}, {"form_type": "8-K", "filings_date": "2021-03-15", "url": "https://www.sec.gov/Archives/edgar/data/0001013462/000119312521081521/d112695d8k.htm"}, {"form_type": "4", "filings_date": "2021-03-09", "url": "https://www.sec.gov/Archives/edgar/data/0001013462/000121465921002945/xslF345X03/marketforms-51804.xml"}, {"form_type": "4", "filings_date": "2021-03-09", "url": "https://www.sec.gov/Archives/edgar/data/0001013462/000121465921002944/xslF345X03/marketforms-51802.xml"}, {"form_type": "4", "filings_date": "2021-03-09", "url": "https://www.sec.gov/Archives/edgar/data/0001013462/000121465921002943/xslF345X03/marketforms-51803.xml"}, {"form_type": "4", "filings_date": "2021-03-09", "url": "https://www.sec.gov/Archives/edgar/data/0001013462/000121465921002942/xslF345X03/marketforms-51800.xml"}, {"form_type": "4", "filings_date": "2021-03-05", "url": "https://www.sec.gov/Archives/edgar/data/0001013462/000121465921002831/xslF345X03/marketforms-51760.xml"}, {"form_type": "4", "filings_date": "2021-03-05", "url": "https://www.sec.gov/Archives/edgar/data/0001013462/000121465921002830/xslF345X03/marketforms-51762.xml"}, {"form_type": "4", "filings_date": "2021-03-05", "url": "https://www.sec.gov/Archives/edgar/data/0001013462/000121465921002832/xslF345X03/marketforms-51761.xml"}, {"form_type": "4", "filings_date": "2021-03-05", "url": "https://www.sec.gov/Archives/edgar/data/0001013462/000121465921002829/xslF345X03/marketforms-51758.xml"}, {"form_type": "4", "filings_date": "2021-03-05", "url": "https://www.sec.gov/Archives/edgar/data/0001013462/000121465921002828/xslF345X03/marketforms-51757.xml"}, {"form_type": "4", "filings_date": "2021-03-05", "url": "https://www.sec.gov/Archives/edgar/data/0001013462/000121465921002827/xslF345X03/marketforms-51759.xml"}, {"form_type": "S-3ASR", "filings_date": "2021-02-24", "url": "https://www.sec.gov/Archives/edgar/data/0001013462/000119312521054893/d130718ds3asr.htm"}, {"form_type": "10-K", "filings_date": "2021-02-24", "url": "https://www.sec.gov/Archives/edgar/data/0001013462/000101346221000009/anss-20201231.htm"}, {"form_type": "8-K", "filings_date": "2021-02-24", "url": "https://www.sec.gov/Archives/edgar/data/0001013462/000101346221000008/anss-20210224.htm"}, {"form_type": "8-K", "filings_date": "2021-02-24", "url": "https://www.sec.gov/Archives/edgar/data/0001013462/000117184321001274/f8k_022421.htm"}, {"form_type": "4", "filings_date": "2021-02-22", "url": "https://www.sec.gov/Archives/edgar/data/0001013462/000121465921002248/xslF345X03/marketforms-51582.xml"}, {"form_type": "4", "filings_date": "2021-02-18", "url": "https://www.sec.gov/Archives/edgar/data/0001013462/000121465921002083/xslF345X03/marketforms-51516.xml"}, {"form_type": "4", "filings_date": "2021-02-18", "url": "https://www.sec.gov/Archives/edgar/data/0001013462/000121465921002082/xslF345X03/marketforms-51517.xml"}, {"form_type": "4", "filings_date": "2021-02-18", "url": "https://www.sec.gov/Archives/edgar/data/0001013462/000121465921002081/xslF345X03/marketforms-51514.xml"}, {"form_type": "4", "filings_date": "2021-02-18", "url": "https://www.sec.gov/Archives/edgar/data/0001013462/000121465921002080/xslF345X03/marketforms-51518.xml"}, {"form_type": "4", "filings_date": "2021-02-18", "url": "https://www.sec.gov/Archives/edgar/data/0001013462/000121465921002079/xslF345X03/marketforms-51515.xml"}, {"form_type": "SC 13G/A", "filings_date": "2021-02-10", "url": "https://www.sec.gov/Archives/edgar/data/0001013462/000110465921017446/tv0236-ansysinc.htm"}, {"form_type": "SC 13G/A", "filings_date": "2021-01-29", "url": "https://www.sec.gov/Archives/edgar/data/0001013462/000083423721002881/us03662q1058_012821.txt"}, {"form_type": "4", "filings_date": "2021-01-06", "url": "https://www.sec.gov/Archives/edgar/data/0001013462/000121465921000225/xslF345X03/marketforms-50885.xml"}, {"form_type": "4", "filings_date": "2021-01-04", "url": "https://www.sec.gov/Archives/edgar/data/0001013462/000121465921000069/xslF345X03/marketforms-50832.xml"}, {"form_type": "4", "filings_date": "2020-12-09", "url": "https://www.sec.gov/Archives/edgar/data/0001013462/000121465920010297/xslF345X03/marketforms-50587.xml"}, {"form_type": "3", "filings_date": "2020-12-09", "url": "https://www.sec.gov/Archives/edgar/data/0001013462/000121465920010296/xslF345X02/marketforms-50586.xml"}, {"form_type": "4", "filings_date": "2020-12-09", "url": "https://www.sec.gov/Archives/edgar/data/0001013462/000121465920010295/xslF345X03/marketforms-50585.xml"}, {"form_type": "D", "filings_date": "2020-12-09", "url": "https://www.sec.gov/Archives/edgar/data/0001013462/000120919120062493/xslFormDX01/primary_doc.xml"}, {"form_type": "8-K", "filings_date": "2020-12-08", "url": "https://www.sec.gov/Archives/edgar/data/0001013462/000117184320008446/f8k_120820.htm"}, {"form_type": "4", "filings_date": "2020-11-30", "url": "https://www.sec.gov/Archives/edgar/data/0001013462/000121465920010013/xslF345X03/marketforms-50333.xml"}, {"form_type": "4", "filings_date": "2020-11-12", "url": "https://www.sec.gov/Archives/edgar/data/0001013462/000121465920009400/xslF345X03/marketforms-50108.xml"}, {"form_type": "8-K", "filings_date": "2020-11-12", "url": "https://www.sec.gov/Archives/edgar/data/0001013462/000101346220000043/anss-20201109.htm"}, {"form_type": "10-Q", "filings_date": "2020-11-04", "url": "https://www.sec.gov/Archives/edgar/data/0001013462/000101346220000040/anss-20200930.htm"}, {"form_type": "8-K", "filings_date": "2020-11-04", "url": "https://www.sec.gov/Archives/edgar/data/0001013462/000101346220000039/anss-20201104.htm"}, {"form_type": "8-K/A", "filings_date": "2020-10-26", "url": "https://www.sec.gov/Archives/edgar/data/0001013462/000119312520276883/d63971d8ka.htm"}, {"form_type": "8-K", "filings_date": "2020-10-26", "url": "https://www.sec.gov/Archives/edgar/data/0001013462/000119312520276233/d38877d8k.htm"}, {"form_type": "4", "filings_date": "2020-10-02", "url": "https://www.sec.gov/Archives/edgar/data/0001013462/000121465920008382/xslF345X03/marketforms-49826.xml"}, {"form_type": "4", "filings_date": "2020-09-11", "url": "https://www.sec.gov/Archives/edgar/data/0001013462/000121465920007799/xslF345X03/marketforms-49660.xml"}, {"form_type": "4", "filings_date": "2020-09-03", "url": "https://www.sec.gov/Archives/edgar/data/0001013462/000121465920007675/xslF345X03/marketforms-49593.xml"}, {"form_type": "4", "filings_date": "2020-08-17", "url": "https://www.sec.gov/Archives/edgar/data/0001013462/000121465920007268/xslF345X03/marketforms-49445.xml"}, {"form_type": "4", "filings_date": "2020-08-17", "url": "https://www.sec.gov/Archives/edgar/data/0001013462/000121465920007267/xslF345X03/marketforms-49458.xml"}, {"form_type": "4", "filings_date": "2020-08-13", "url": "https://www.sec.gov/Archives/edgar/data/0001013462/000121465920007056/xslF345X03/marketforms-49444.xml"}, {"form_type": "10-Q", "filings_date": "2020-08-05", "url": "https://www.sec.gov/Archives/edgar/data/0001013462/000101346220000028/anss-20200630.htm"}, {"form_type": "8-K", "filings_date": "2020-08-05", "url": "https://www.sec.gov/Archives/edgar/data/0001013462/000101346220000027/anss-20200805.htm"}, {"form_type": "4", "filings_date": "2020-07-02", "url": "https://www.sec.gov/Archives/edgar/data/0001013462/000121465920006117/xslF345X03/marketforms-49163.xml"}, {"form_type": "4", "filings_date": "2020-06-24", "url": "https://www.sec.gov/Archives/edgar/data/0001013462/000121465920005858/xslF345X03/marketforms-49112.xml"}, {"form_type": "4", "filings_date": "2020-05-19", "url": "https://www.sec.gov/Archives/edgar/data/0001013462/000121465920004812/xslF345X03/marketforms-48807.xml"}, {"form_type": "4", "filings_date": "2020-05-19", "url": "https://www.sec.gov/Archives/edgar/data/0001013462/000121465920004811/xslF345X03/marketforms-48808.xml"}, {"form_type": "4", "filings_date": "2020-05-19", "url": "https://www.sec.gov/Archives/edgar/data/0001013462/000121465920004810/xslF345X03/marketforms-48809.xml"}, {"form_type": "4", "filings_date": "2020-05-19", "url": "https://www.sec.gov/Archives/edgar/data/0001013462/000121465920004809/xslF345X03/marketforms-48810.xml"}, {"form_type": "4", "filings_date": "2020-05-19", "url": "https://www.sec.gov/Archives/edgar/data/0001013462/000121465920004808/xslF345X03/marketforms-48811.xml"}, {"form_type": "4", "filings_date": "2020-05-19", "url": "https://www.sec.gov/Archives/edgar/data/0001013462/000121465920004807/xslF345X03/marketforms-48812.xml"}, {"form_type": "4", "filings_date": "2020-05-19", "url": "https://www.sec.gov/Archives/edgar/data/0001013462/000121465920004806/xslF345X03/marketforms-48813.xml"}, {"form_type": "4", "filings_date": "2020-05-19", "url": "https://www.sec.gov/Archives/edgar/data/0001013462/000121465920004805/xslF345X03/marketforms-48814.xml"}, {"form_type": "8-K", "filings_date": "2020-05-19", "url": "https://www.sec.gov/Archives/edgar/data/0001013462/000101346220000020/anss202005158k.htm"}, {"form_type": "10-Q", "filings_date": "2020-05-06", "url": "https://www.sec.gov/Archives/edgar/data/0001013462/000101346220000015/anss2020033110q.htm"}, {"form_type": "8-K", "filings_date": "2020-05-06", "url": "https://www.sec.gov/Archives/edgar/data/0001013462/000101346220000014/anss202003318k.htm"}, {"form_type": "4", "filings_date": "2020-04-30", "url": "https://www.sec.gov/Archives/edgar/data/0001013462/000121465920003908/xslF345X03/marketforms-48651.xml"}, {"form_type": "4", "filings_date": "2020-04-15", "url": "https://www.sec.gov/Archives/edgar/data/0001013462/000121465920003379/xslF345X03/marketforms-48568.xml"}, {"form_type": "4", "filings_date": "2020-04-10", "url": "https://www.sec.gov/Archives/edgar/data/0001013462/000121465920003305/xslF345X03/marketforms-48558.xml"}, {"form_type": "DEFA14A", "filings_date": "2020-03-31", "url": "https://www.sec.gov/Archives/edgar/data/0001013462/000119312520091757/d895872ddefa14a.htm"}, {"form_type": "DEF 14A", "filings_date": "2020-03-31", "url": "https://www.sec.gov/Archives/edgar/data/0001013462/000119312520091753/d895872ddef14a.htm"}, {"form_type": "4", "filings_date": "2020-03-09", "url": "https://www.sec.gov/Archives/edgar/data/0001013462/000121465920002431/xslF345X03/marketforms-48257.xml"}, {"form_type": "4", "filings_date": "2020-03-09", "url": "https://www.sec.gov/Archives/edgar/data/0001013462/000121465920002430/xslF345X03/marketforms-48258.xml"}, {"form_type": "4", "filings_date": "2020-03-09", "url": "https://www.sec.gov/Archives/edgar/data/0001013462/000121465920002429/xslF345X03/marketforms-48259.xml"}, {"form_type": "4", "filings_date": "2020-03-09", "url": "https://www.sec.gov/Archives/edgar/data/0001013462/000121465920002428/xslF345X03/marketforms-48260.xml"}, {"form_type": "4", "filings_date": "2020-03-05", "url": "https://www.sec.gov/Archives/edgar/data/0001013462/000121465920002322/xslF345X03/marketforms-48145.xml"}, {"form_type": "4", "filings_date": "2020-03-05", "url": "https://www.sec.gov/Archives/edgar/data/0001013462/000121465920002321/xslF345X03/marketforms-48142.xml"}, {"form_type": "4", "filings_date": "2020-03-05", "url": "https://www.sec.gov/Archives/edgar/data/0001013462/000121465920002320/xslF345X03/marketforms-48141.xml"}, {"form_type": "4", "filings_date": "2020-03-05", "url": "https://www.sec.gov/Archives/edgar/data/0001013462/000121465920002319/xslF345X03/marketforms-48143.xml"}, {"form_type": "4", "filings_date": "2020-03-05", "url": "https://www.sec.gov/Archives/edgar/data/0001013462/000121465920002318/xslF345X03/marketforms-48144.xml"}, {"form_type": "4", "filings_date": "2020-03-05", "url": "https://www.sec.gov/Archives/edgar/data/0001013462/000121465920002317/xslF345X03/marketforms-48140.xml"}, {"form_type": "4", "filings_date": "2020-03-03", "url": "https://www.sec.gov/Archives/edgar/data/0001013462/000121465920002173/xslF345X03/marketforms-48040.xml"}, {"form_type": "4", "filings_date": "2020-03-03", "url": "https://www.sec.gov/Archives/edgar/data/0001013462/000121465920002172/xslF345X03/marketforms-48043.xml"}, {"form_type": "3", "filings_date": "2020-03-03", "url": "https://www.sec.gov/Archives/edgar/data/0001013462/000121465920002171/xslF345X02/marketforms-48035.xml"}, {"form_type": "3", "filings_date": "2020-03-03", "url": "https://www.sec.gov/Archives/edgar/data/0001013462/000121465920002170/xslF345X02/marketforms-48039.xml"}, {"form_type": "8-K/A", "filings_date": "2020-02-27", "url": "https://www.sec.gov/Archives/edgar/data/0001013462/000119312520052357/d895888d8ka.htm"}, {"form_type": "10-K", "filings_date": "2020-02-27", "url": "https://www.sec.gov/Archives/edgar/data/0001013462/000101346220000004/anss2019123110k.htm"}, {"form_type": "8-K", "filings_date": "2020-02-26", "url": "https://www.sec.gov/Archives/edgar/data/0001013462/000117184320001283/f8k_022620.htm"}, {"form_type": "4/A", "filings_date": "2020-02-19", "url": "https://www.sec.gov/Archives/edgar/data/0001013462/000121465920001612/xslF345X03/marketforms-47809.xml"}, {"form_type": "8-K", "filings_date": "2020-02-19", "url": "https://www.sec.gov/Archives/edgar/data/0001013462/000117184320001069/f8k_021920.htm"}, {"form_type": "4", "filings_date": "2020-02-18", "url": "https://www.sec.gov/Archives/edgar/data/0001013462/000121465920001591/xslF345X03/marketforms-47765.xml"}, {"form_type": "4", "filings_date": "2020-02-18", "url": "https://www.sec.gov/Archives/edgar/data/0001013462/000121465920001590/xslF345X03/marketforms-47763.xml"}, {"form_type": "4", "filings_date": "2020-02-18", "url": "https://www.sec.gov/Archives/edgar/data/0001013462/000121465920001589/xslF345X03/marketforms-47758.xml"}, {"form_type": "4", "filings_date": "2020-02-18", "url": "https://www.sec.gov/Archives/edgar/data/0001013462/000121465920001588/xslF345X03/marketforms-47762.xml"}, {"form_type": "4", "filings_date": "2020-02-18", "url": "https://www.sec.gov/Archives/edgar/data/0001013462/000121465920001587/xslF345X03/marketforms-47764.xml"}, {"form_type": "4", "filings_date": "2020-02-18", "url": "https://www.sec.gov/Archives/edgar/data/0001013462/000121465920001586/xslF345X03/marketforms-47761.xml"}, {"form_type": "SC 13G/A", "filings_date": "2020-02-12", "url": "https://www.sec.gov/Archives/edgar/data/0001013462/000110465920017090/tv0590-ansysinc.htm"}, {"form_type": "SC 13G/A", "filings_date": "2020-02-05", "url": "https://www.sec.gov/Archives/edgar/data/0001013462/000083423720004778/us03662q1058_020420.txt"}, {"form_type": "4", "filings_date": "2020-01-07", "url": "https://www.sec.gov/Archives/edgar/data/0001013462/000121465920000190/xslF345X03/marketforms-47248.xml"}, {"form_type": "4", "filings_date": "2020-01-02", "url": "https://www.sec.gov/Archives/edgar/data/0001013462/000121465920000062/xslF345X03/marketforms-47048.xml"}, {"form_type": "8-K/A", "filings_date": "2019-12-31", "url": "https://www.sec.gov/Archives/edgar/data/0001013462/000101346219000016/ansslst8ka.htm"}, {"form_type": "4", "filings_date": "2019-12-06", "url": "https://www.sec.gov/Archives/edgar/data/0001013462/000121465919007608/xslF345X03/marketforms-46793.xml"}, {"form_type": "4", "filings_date": "2019-11-19", "url": "https://www.sec.gov/Archives/edgar/data/0001013462/000121465919007284/xslF345X03/marketforms-46359.xml"}, {"form_type": "4", "filings_date": "2019-11-19", "url": "https://www.sec.gov/Archives/edgar/data/0001013462/000121465919007283/xslF345X03/marketforms-46147.xml"}, {"form_type": "4", "filings_date": "2019-11-13", "url": "https://www.sec.gov/Archives/edgar/data/0001013462/000121465919007111/xslF345X03/marketforms-46134.xml"}, {"form_type": "10-Q", "filings_date": "2019-11-07", "url": "https://www.sec.gov/Archives/edgar/data/0001013462/000101346219000013/anss2019093010q.htm"}, {"form_type": "8-K", "filings_date": "2019-11-06", "url": "https://www.sec.gov/Archives/edgar/data/0001013462/000119312519285924/d786879d8k.htm"}, {"form_type": "8-K", "filings_date": "2019-11-06", "url": "https://www.sec.gov/Archives/edgar/data/0001013462/000117184319007256/f8k_110619.htm"}, {"form_type": "4", "filings_date": "2019-11-04", "url": "https://www.sec.gov/Archives/edgar/data/0001013462/000121465919006845/xslF345X03/marketforms-46052.xml"}, {"form_type": "4", "filings_date": "2019-11-04", "url": "https://www.sec.gov/Archives/edgar/data/0001013462/000121465919006844/xslF345X03/marketforms-46053.xml"}, {"form_type": "8-K", "filings_date": "2019-11-01", "url": "https://www.sec.gov/Archives/edgar/data/0001013462/000119312519281338/d822507d8k.htm"}, {"form_type": "8-K", "filings_date": "2019-10-21", "url": "https://www.sec.gov/Archives/edgar/data/0001013462/000119312519270820/d818480d8k.htm"}, {"form_type": "4", "filings_date": "2019-10-03", "url": "https://www.sec.gov/Archives/edgar/data/0001013462/000121465919006217/xslF345X03/marketforms-45892.xml"}, {"form_type": "4", "filings_date": "2019-09-24", "url": "https://www.sec.gov/Archives/edgar/data/0001013462/000121465919006009/xslF345X03/marketforms-45821.xml"}, {"form_type": "8-K", "filings_date": "2019-09-12", "url": "https://www.sec.gov/Archives/edgar/data/0001013462/000119312519243146/d802393d8k.htm"}, {"form_type": "4", "filings_date": "2019-09-03", "url": "https://www.sec.gov/Archives/edgar/data/0001013462/000121465919005615/xslF345X03/marketforms-45649.xml"}, {"form_type": "4", "filings_date": "2019-08-19", "url": "https://www.sec.gov/Archives/edgar/data/0001013462/000121465919005378/xslF345X03/marketforms-45515.xml"}, {"form_type": "4", "filings_date": "2019-08-09", "url": "https://www.sec.gov/Archives/edgar/data/0001013462/000121465919005131/xslF345X03/marketforms-45472.xml"}, {"form_type": "10-Q", "filings_date": "2019-08-06", "url": "https://www.sec.gov/Archives/edgar/data/0001013462/000101346219000011/anss2019063010q.htm"}, {"form_type": "8-K", "filings_date": "2019-08-05", "url": "https://www.sec.gov/Archives/edgar/data/0001013462/000117184319005167/f8k_080519.htm"}, {"form_type": "4", "filings_date": "2019-07-01", "url": "https://www.sec.gov/Archives/edgar/data/0001013462/000121465919004417/xslF345X03/marketforms-45286.xml"}, {"form_type": "4", "filings_date": "2019-07-01", "url": "https://www.sec.gov/Archives/edgar/data/0001013462/000121465919004416/xslF345X03/marketforms-45291.xml"}, {"form_type": "4", "filings_date": "2019-05-28", "url": "https://www.sec.gov/Archives/edgar/data/0001013462/000121465919003860/xslF345X03/marketforms-45075.xml"}, {"form_type": "4", "filings_date": "2019-05-23", "url": "https://www.sec.gov/Archives/edgar/data/0001013462/000121465919003786/xslF345X03/marketforms-45036.xml"}, {"form_type": "4", "filings_date": "2019-05-23", "url": "https://www.sec.gov/Archives/edgar/data/0001013462/000121465919003785/xslF345X03/marketforms-45035.xml"}, {"form_type": "8-K", "filings_date": "2019-05-22", "url": "https://www.sec.gov/Archives/edgar/data/0001013462/000117184319003571/f8k_052219.htm"}, {"form_type": "4", "filings_date": "2019-05-21", "url": "https://www.sec.gov/Archives/edgar/data/0001013462/000121465919003740/xslF345X03/marketforms-44993.xml"}, {"form_type": "4", "filings_date": "2019-05-21", "url": "https://www.sec.gov/Archives/edgar/data/0001013462/000121465919003739/xslF345X03/marketforms-44994.xml"}, {"form_type": "4", "filings_date": "2019-05-21", "url": "https://www.sec.gov/Archives/edgar/data/0001013462/000121465919003738/xslF345X03/marketforms-44996.xml"}, {"form_type": "4", "filings_date": "2019-05-21", "url": "https://www.sec.gov/Archives/edgar/data/0001013462/000121465919003737/xslF345X03/marketforms-44997.xml"}, {"form_type": "4", "filings_date": "2019-05-21", "url": "https://www.sec.gov/Archives/edgar/data/0001013462/000121465919003736/xslF345X03/marketforms-44995.xml"}, {"form_type": "4", "filings_date": "2019-05-21", "url": "https://www.sec.gov/Archives/edgar/data/0001013462/000121465919003735/xslF345X03/marketforms-44999.xml"}, {"form_type": "4", "filings_date": "2019-05-21", "url": "https://www.sec.gov/Archives/edgar/data/0001013462/000121465919003734/xslF345X03/marketforms-44990.xml"}, {"form_type": "4", "filings_date": "2019-05-21", "url": "https://www.sec.gov/Archives/edgar/data/0001013462/000121465919003733/xslF345X03/marketforms-44991.xml"}, {"form_type": "10-Q", "filings_date": "2019-05-02", "url": "https://www.sec.gov/Archives/edgar/data/0001013462/000101346219000008/anss2019033110q.htm"}, {"form_type": "4", "filings_date": "2019-05-01", "url": "https://www.sec.gov/Archives/edgar/data/0001013462/000121465919003112/xslF345X03/marketforms-44851.xml"}, {"form_type": "8-K", "filings_date": "2019-05-01", "url": "https://www.sec.gov/Archives/edgar/data/0001013462/000117184319002814/f8k_050119.htm"}, {"form_type": "4", "filings_date": "2019-04-30", "url": "https://www.sec.gov/Archives/edgar/data/0001013462/000121465919003062/xslF345X03/marketforms-44840.xml"}, {"form_type": "DEFA14A", "filings_date": "2019-04-05", "url": "https://www.sec.gov/Archives/edgar/data/0001013462/000114036119006581/formdefa14a.htm"}, {"form_type": "DEF 14A", "filings_date": "2019-04-05", "url": "https://www.sec.gov/Archives/edgar/data/0001013462/000114036119006579/formdef14a.htm"}, {"form_type": "4", "filings_date": "2019-04-03", "url": "https://www.sec.gov/Archives/edgar/data/0001013462/000121465919002554/xslF345X03/marketforms-44752.xml"}, {"form_type": "4", "filings_date": "2019-03-29", "url": "https://www.sec.gov/Archives/edgar/data/0001013462/000121465919002378/xslF345X03/marketforms-44684.xml"}, {"form_type": "4", "filings_date": "2019-03-29", "url": "https://www.sec.gov/Archives/edgar/data/0001013462/000121465919002377/xslF345X03/marketforms-44688.xml"}, {"form_type": "4", "filings_date": "2019-03-29", "url": "https://www.sec.gov/Archives/edgar/data/0001013462/000121465919002376/xslF345X03/marketforms-44687.xml"}, {"form_type": "4", "filings_date": "2019-03-29", "url": "https://www.sec.gov/Archives/edgar/data/0001013462/000121465919002375/xslF345X03/marketforms-44616.xml"}, {"form_type": "4", "filings_date": "2019-03-29", "url": "https://www.sec.gov/Archives/edgar/data/0001013462/000121465919002374/xslF345X03/marketforms-44686.xml"}, {"form_type": "4", "filings_date": "2019-03-29", "url": "https://www.sec.gov/Archives/edgar/data/0001013462/000121465919002373/xslF345X03/marketforms-44685.xml"}, {"form_type": "4", "filings_date": "2019-03-15", "url": "https://www.sec.gov/Archives/edgar/data/0001013462/000121465919002138/xslF345X03/marketforms-44592.xml"}, {"form_type": "4", "filings_date": "2019-03-14", "url": "https://www.sec.gov/Archives/edgar/data/0001013462/000121465919002121/xslF345X03/marketforms-44583.xml"}, {"form_type": "4", "filings_date": "2019-03-13", "url": "https://www.sec.gov/Archives/edgar/data/0001013462/000121465919002106/xslF345X03/marketforms-44570.xml"}, {"form_type": "4", "filings_date": "2019-03-12", "url": "https://www.sec.gov/Archives/edgar/data/0001013462/000121465919002081/xslF345X03/marketforms-44545.xml"}, {"form_type": "4", "filings_date": "2019-03-07", "url": "https://www.sec.gov/Archives/edgar/data/0001013462/000121465919001972/xslF345X03/marketforms-44464.xml"}, {"form_type": "4", "filings_date": "2019-03-06", "url": "https://www.sec.gov/Archives/edgar/data/0001013462/000121465919001934/xslF345X03/marketforms-44461.xml"}, {"form_type": "4", "filings_date": "2019-03-06", "url": "https://www.sec.gov/Archives/edgar/data/0001013462/000121465919001933/xslF345X03/marketforms-44462.xml"}, {"form_type": "4", "filings_date": "2019-03-06", "url": "https://www.sec.gov/Archives/edgar/data/0001013462/000121465919001932/xslF345X03/marketforms-44460.xml"}, {"form_type": "4", "filings_date": "2019-03-06", "url": "https://www.sec.gov/Archives/edgar/data/0001013462/000121465919001931/xslF345X03/marketforms-44458.xml"}, {"form_type": "4", "filings_date": "2019-03-06", "url": "https://www.sec.gov/Archives/edgar/data/0001013462/000121465919001930/xslF345X03/marketforms-44456.xml"}, {"form_type": "4", "filings_date": "2019-03-05", "url": "https://www.sec.gov/Archives/edgar/data/0001013462/000121465919001830/xslF345X03/marketforms-44425.xml"}, {"form_type": "4", "filings_date": "2019-03-05", "url": "https://www.sec.gov/Archives/edgar/data/0001013462/000121465919001829/xslF345X03/marketforms-44418.xml"}, {"form_type": "4", "filings_date": "2019-03-05", "url": "https://www.sec.gov/Archives/edgar/data/0001013462/000121465919001828/xslF345X03/marketforms-44419.xml"}, {"form_type": "4", "filings_date": "2019-03-05", "url": "https://www.sec.gov/Archives/edgar/data/0001013462/000121465919001827/xslF345X03/marketforms-44420.xml"}, {"form_type": "4", "filings_date": "2019-03-05", "url": "https://www.sec.gov/Archives/edgar/data/0001013462/000121465919001826/xslF345X03/marketforms-44421.xml"}, {"form_type": "4", "filings_date": "2019-03-05", "url": "https://www.sec.gov/Archives/edgar/data/0001013462/000121465919001825/xslF345X03/marketforms-44423.xml"}, {"form_type": "4", "filings_date": "2019-03-05", "url": "https://www.sec.gov/Archives/edgar/data/0001013462/000121465919001824/xslF345X03/marketforms-44424.xml"}, {"form_type": "4", "filings_date": "2019-03-04", "url": "https://www.sec.gov/Archives/edgar/data/0001013462/000121465919001761/xslF345X03/marketforms-44350.xml"}, {"form_type": "4", "filings_date": "2019-03-04", "url": "https://www.sec.gov/Archives/edgar/data/0001013462/000121465919001760/xslF345X03/marketforms-44397.xml"}, {"form_type": "10-K", "filings_date": "2019-02-28", "url": "https://www.sec.gov/Archives/edgar/data/0001013462/000101346219000003/anss2018123110k.htm"}, {"form_type": "8-K", "filings_date": "2019-02-27", "url": "https://www.sec.gov/Archives/edgar/data/0001013462/000117184319001281/f8k_022719.htm"}, {"form_type": "4", "filings_date": "2019-02-20", "url": "https://www.sec.gov/Archives/edgar/data/0001013462/000121465919001407/xslF345X03/marketforms-44171.xml"}, {"form_type": "4", "filings_date": "2019-02-20", "url": "https://www.sec.gov/Archives/edgar/data/0001013462/000121465919001406/xslF345X03/marketforms-44154.xml"}, {"form_type": "4", "filings_date": "2019-02-20", "url": "https://www.sec.gov/Archives/edgar/data/0001013462/000121465919001405/xslF345X03/marketforms-44153.xml"}, {"form_type": "4", "filings_date": "2019-02-20", "url": "https://www.sec.gov/Archives/edgar/data/0001013462/000121465919001404/xslF345X03/marketforms-44169.xml"}, {"form_type": "4", "filings_date": "2019-02-20", "url": "https://www.sec.gov/Archives/edgar/data/0001013462/000121465919001403/xslF345X03/marketforms-44152.xml"}, {"form_type": "4", "filings_date": "2019-02-20", "url": "https://www.sec.gov/Archives/edgar/data/0001013462/000121465919001402/xslF345X03/marketforms-44155.xml"}, {"form_type": "SC 13G/A", "filings_date": "2019-02-15", "url": "https://www.sec.gov/Archives/edgar/data/0001013462/000094039419000288/ansysinc13ga2.htm"}, {"form_type": "4", "filings_date": "2019-02-13", "url": "https://www.sec.gov/Archives/edgar/data/0001013462/000121465919001104/xslF345X03/marketforms-44122.xml"}, {"form_type": "SC 13G/A", "filings_date": "2019-02-13", "url": "https://www.sec.gov/Archives/edgar/data/0001013462/000031506619000820/filing.txt"}, {"form_type": "SC 13G/A", "filings_date": "2019-02-11", "url": "https://www.sec.gov/Archives/edgar/data/0001013462/000093247119004330/ansysinc.htm"}, {"form_type": "SC 13G/A", "filings_date": "2019-02-04", "url": "https://www.sec.gov/Archives/edgar/data/0001013462/000021545719003285/us03662q1058_020419.txt"}, {"form_type": "5", "filings_date": "2019-01-24", "url": "https://www.sec.gov/Archives/edgar/data/0001013462/000121465919000517/xslF345X03/marketforms-43782.xml"}, {"form_type": "4", "filings_date": "2019-01-07", "url": "https://www.sec.gov/Archives/edgar/data/0001013462/000121465919000190/xslF345X03/marketforms-43688.xml"}, {"form_type": "4", "filings_date": "2018-12-31", "url": "https://www.sec.gov/Archives/edgar/data/0001013462/000121465918007866/xslF345X03/marketforms-43603.xml"}, {"form_type": "4", "filings_date": "2018-11-16", "url": "https://www.sec.gov/Archives/edgar/data/0001013462/000121465918007215/xslF345X03/marketforms-43230.xml"}, {"form_type": "10-Q", "filings_date": "2018-11-08", "url": "https://www.sec.gov/Archives/edgar/data/0001013462/000101346218000012/anss2018093010q.htm"}, {"form_type": "8-K", "filings_date": "2018-11-07", "url": "https://www.sec.gov/Archives/edgar/data/0001013462/000117184318007719/f8k_110718.htm"}, {"form_type": "4", "filings_date": "2018-11-02", "url": "https://www.sec.gov/Archives/edgar/data/0001013462/000121465918006862/xslF345X03/marketforms-43163.xml"}, {"form_type": "4", "filings_date": "2018-11-02", "url": "https://www.sec.gov/Archives/edgar/data/0001013462/000121465918006861/xslF345X03/marketforms-43162.xml"}, {"form_type": "8-K", "filings_date": "2018-10-26", "url": "https://www.sec.gov/Archives/edgar/data/0001013462/000117184318007262/f8k_102618.htm"}, {"form_type": "UPLOAD", "filings_date": "2018-10-16", "url": "https://www.sec.gov/Archives/edgar/data/0001013462/000000000018032476/filename1.pdf"}, {"form_type": "3", "filings_date": "2018-10-15", "url": "https://www.sec.gov/Archives/edgar/data/0001013462/000121465918006537/xslF345X02/marketforms-43055.xml"}, {"form_type": "CORRESP", "filings_date": "2018-09-27", "url": "https://www.sec.gov/Archives/edgar/data/0001013462/000119312518285804/filename1.htm"}, {"form_type": "4", "filings_date": "2018-09-17", "url": "https://www.sec.gov/Archives/edgar/data/0001013462/000121465918006067/xslF345X03/marketforms-42935.xml"}, {"form_type": "CORRESP", "filings_date": "2018-09-14", "url": "https://www.sec.gov/Archives/edgar/data/0001013462/000119312518273709/filename1.htm"}, {"form_type": "4", "filings_date": "2018-09-06", "url": "https://www.sec.gov/Archives/edgar/data/0001013462/000121465918005966/xslF345X03/marketforms-42895.xml"}, {"form_type": "4", "filings_date": "2018-09-05", "url": "https://www.sec.gov/Archives/edgar/data/0001013462/000121465918005930/xslF345X03/marketforms-42869.xml"}, {"form_type": "UPLOAD", "filings_date": "2018-08-28", "url": "https://www.sec.gov/Archives/edgar/data/0001013462/000000000018026701/filename1.pdf"}, {"form_type": "4", "filings_date": "2018-08-24", "url": "https://www.sec.gov/Archives/edgar/data/0001013462/000121465918005700/xslF345X03/marketforms-42775.xml"}, {"form_type": "4", "filings_date": "2018-08-15", "url": "https://www.sec.gov/Archives/edgar/data/0001013462/000121465918005574/xslF345X03/marketforms-42746.xml"}, {"form_type": "4", "filings_date": "2018-08-13", "url": "https://www.sec.gov/Archives/edgar/data/0001013462/000121465918005414/xslF345X03/marketforms-42741.xml"}, {"form_type": "4", "filings_date": "2018-08-10", "url": "https://www.sec.gov/Archives/edgar/data/0001013462/000121465918005387/xslF345X03/marketforms-42709.xml"}, {"form_type": "8-K", "filings_date": "2018-08-10", "url": "https://www.sec.gov/Archives/edgar/data/0001013462/000117184318005987/f8k_081018.htm"}, {"form_type": "10-Q", "filings_date": "2018-08-07", "url": "https://www.sec.gov/Archives/edgar/data/0001013462/000101346218000010/anss2018063010q.htm"}, {"form_type": "8-K", "filings_date": "2018-08-06", "url": "https://www.sec.gov/Archives/edgar/data/0001013462/000117184318005769/f8k_080618.htm"}, {"form_type": "4", "filings_date": "2018-08-03", "url": "https://www.sec.gov/Archives/edgar/data/0001013462/000121465918005218/xslF345X03/marketforms-42673.xml"}, {"form_type": "4", "filings_date": "2018-08-02", "url": "https://www.sec.gov/Archives/edgar/data/0001013462/000121465918005181/xslF345X03/marketforms-42664.xml"}, {"form_type": "4", "filings_date": "2018-08-02", "url": "https://www.sec.gov/Archives/edgar/data/0001013462/000121465918005180/xslF345X03/marketforms-42620.xml"}, {"form_type": "3", "filings_date": "2018-08-02", "url": "https://www.sec.gov/Archives/edgar/data/0001013462/000121465918005179/xslF345X02/marketforms-42663.xml"}, {"form_type": "3", "filings_date": "2018-08-02", "url": "https://www.sec.gov/Archives/edgar/data/0001013462/000121465918005178/xslF345X02/marketforms-42619.xml"}, {"form_type": "8-K", "filings_date": "2018-08-02", "url": "https://www.sec.gov/Archives/edgar/data/0001013462/000117184318005657/f8k_080118.htm"}, {"form_type": "4", "filings_date": "2018-07-02", "url": "https://www.sec.gov/Archives/edgar/data/0001013462/000121465918004711/xslF345X03/marketforms-42394.xml"}, {"form_type": "4", "filings_date": "2018-06-18", "url": "https://www.sec.gov/Archives/edgar/data/0001013462/000121465918004521/xslF345X03/marketforms-42281.xml"}, {"form_type": "4", "filings_date": "2018-05-24", "url": "https://www.sec.gov/Archives/edgar/data/0001013462/000121465918004015/xslF345X03/marketforms-42094.xml"}, {"form_type": "4", "filings_date": "2018-05-23", "url": "https://www.sec.gov/Archives/edgar/data/0001013462/000121465918003984/xslF345X03/marketforms-42072.xml"}, {"form_type": "8-K", "filings_date": "2018-05-23", "url": "https://www.sec.gov/Archives/edgar/data/0001013462/000117184318004171/f8k_052318.htm"}, {"form_type": "4", "filings_date": "2018-05-22", "url": "https://www.sec.gov/Archives/edgar/data/0001013462/000121465918003969/xslF345X03/marketforms-42074.xml"}, {"form_type": "4", "filings_date": "2018-05-22", "url": "https://www.sec.gov/Archives/edgar/data/0001013462/000121465918003968/xslF345X03/marketforms-42073.xml"}, {"form_type": "4", "filings_date": "2018-05-22", "url": "https://www.sec.gov/Archives/edgar/data/0001013462/000121465918003967/xslF345X03/marketforms-42075.xml"}, {"form_type": "4", "filings_date": "2018-05-22", "url": "https://www.sec.gov/Archives/edgar/data/0001013462/000121465918003966/xslF345X03/marketforms-42070.xml"}, {"form_type": "4", "filings_date": "2018-05-22", "url": "https://www.sec.gov/Archives/edgar/data/0001013462/000121465918003965/xslF345X03/marketforms-42069.xml"}, {"form_type": "4", "filings_date": "2018-05-22", "url": "https://www.sec.gov/Archives/edgar/data/0001013462/000121465918003964/xslF345X03/marketforms-42071.xml"}, {"form_type": "4", "filings_date": "2018-05-03", "url": "https://www.sec.gov/Archives/edgar/data/0001013462/000121465918003305/xslF345X03/marketforms-41871.xml"}, {"form_type": "4", "filings_date": "2018-05-03", "url": "https://www.sec.gov/Archives/edgar/data/0001013462/000121465918003304/xslF345X03/marketforms-41889.xml"}, {"form_type": "10-Q", "filings_date": "2018-05-03", "url": "https://www.sec.gov/Archives/edgar/data/0001013462/000101346218000007/anss2018033110q.htm"}, {"form_type": "8-K", "filings_date": "2018-05-02", "url": "https://www.sec.gov/Archives/edgar/data/0001013462/000117184318003346/f8k_050218.htm"}, {"form_type": "4", "filings_date": "2018-05-01", "url": "https://www.sec.gov/Archives/edgar/data/0001013462/000121465918003233/xslF345X03/marketforms-41860.xml"}, {"form_type": "4", "filings_date": "2018-04-23", "url": "https://www.sec.gov/Archives/edgar/data/0001013462/000121465918002937/xslF345X03/marketforms-41771.xml"}, {"form_type": "4", "filings_date": "2018-04-12", "url": "https://www.sec.gov/Archives/edgar/data/0001013462/000121465918002767/xslF345X03/marketforms-41734.xml"}, {"form_type": "4", "filings_date": "2018-04-06", "url": "https://www.sec.gov/Archives/edgar/data/0001013462/000121465918002683/xslF345X03/marketforms-41726.xml"}, {"form_type": "DEF 14A", "filings_date": "2018-04-06", "url": "https://www.sec.gov/Archives/edgar/data/0001013462/000119312518109300/d543305ddef14a.htm"}, {"form_type": "4", "filings_date": "2018-03-12", "url": "https://www.sec.gov/Archives/edgar/data/0001013462/000121465918002045/xslF345X03/marketforms-41335.xml"}, {"form_type": "4", "filings_date": "2018-03-09", "url": "https://www.sec.gov/Archives/edgar/data/0001013462/000121465918002017/xslF345X03/marketforms-41357.xml"}, {"form_type": "4", "filings_date": "2018-03-07", "url": "https://www.sec.gov/Archives/edgar/data/0001013462/000121465918001866/xslF345X03/marketforms-41303.xml"}, {"form_type": "4", "filings_date": "2018-03-07", "url": "https://www.sec.gov/Archives/edgar/data/0001013462/000121465918001865/xslF345X03/marketforms-41300.xml"}, {"form_type": "4", "filings_date": "2018-03-07", "url": "https://www.sec.gov/Archives/edgar/data/0001013462/000121465918001864/xslF345X03/marketforms-41302.xml"}, {"form_type": "4", "filings_date": "2018-03-07", "url": "https://www.sec.gov/Archives/edgar/data/0001013462/000121465918001863/xslF345X03/marketforms-41297.xml"}, {"form_type": "4", "filings_date": "2018-03-07", "url": "https://www.sec.gov/Archives/edgar/data/0001013462/000121465918001862/xslF345X03/marketforms-41299.xml"}, {"form_type": "4", "filings_date": "2018-03-07", "url": "https://www.sec.gov/Archives/edgar/data/0001013462/000121465918001861/xslF345X03/marketforms-41298.xml"}, {"form_type": "4", "filings_date": "2018-03-06", "url": "https://www.sec.gov/Archives/edgar/data/0001013462/000121465918001827/xslF345X03/marketforms-41270.xml"}, {"form_type": "4", "filings_date": "2018-03-06", "url": "https://www.sec.gov/Archives/edgar/data/0001013462/000121465918001826/xslF345X03/marketforms-41264.xml"}, {"form_type": "4", "filings_date": "2018-03-06", "url": "https://www.sec.gov/Archives/edgar/data/0001013462/000121465918001825/xslF345X03/marketforms-41265.xml"}, {"form_type": "4", "filings_date": "2018-03-06", "url": "https://www.sec.gov/Archives/edgar/data/0001013462/000121465918001824/xslF345X03/marketforms-41266.xml"}, {"form_type": "4", "filings_date": "2018-03-06", "url": "https://www.sec.gov/Archives/edgar/data/0001013462/000121465918001823/xslF345X03/marketforms-41267.xml"}, {"form_type": "4", "filings_date": "2018-03-06", "url": "https://www.sec.gov/Archives/edgar/data/0001013462/000121465918001822/xslF345X03/marketforms-41268.xml"}, {"form_type": "4", "filings_date": "2018-03-06", "url": "https://www.sec.gov/Archives/edgar/data/0001013462/000121465918001821/xslF345X03/marketforms-41272.xml"}, {"form_type": "4", "filings_date": "2018-03-02", "url": "https://www.sec.gov/Archives/edgar/data/0001013462/000121465918001763/xslF345X03/marketforms-41255.xml"}, {"form_type": "4", "filings_date": "2018-02-28", "url": "https://www.sec.gov/Archives/edgar/data/0001013462/000121465918001664/xslF345X03/marketforms-41126.xml"}, {"form_type": "10-K", "filings_date": "2018-02-22", "url": "https://www.sec.gov/Archives/edgar/data/0001013462/000101346218000004/anss2017123110k.htm"}, {"form_type": "8-K", "filings_date": "2018-02-21", "url": "https://www.sec.gov/Archives/edgar/data/0001013462/000117184318001285/f8k_022118.htm"}, {"form_type": "4", "filings_date": "2018-02-20", "url": "https://www.sec.gov/Archives/edgar/data/0001013462/000121465918001393/xslF345X03/marketforms-41063.xml"}, {"form_type": "4", "filings_date": "2018-02-20", "url": "https://www.sec.gov/Archives/edgar/data/0001013462/000121465918001392/xslF345X03/marketforms-41058.xml"}, {"form_type": "4", "filings_date": "2018-02-20", "url": "https://www.sec.gov/Archives/edgar/data/0001013462/000121465918001391/xslF345X03/marketforms-41064.xml"}, {"form_type": "4", "filings_date": "2018-02-20", "url": "https://www.sec.gov/Archives/edgar/data/0001013462/000121465918001390/xslF345X03/marketforms-40993.xml"}, {"form_type": "4", "filings_date": "2018-02-20", "url": "https://www.sec.gov/Archives/edgar/data/0001013462/000121465918001389/xslF345X03/marketforms-41065.xml"}, {"form_type": "4", "filings_date": "2018-02-20", "url": "https://www.sec.gov/Archives/edgar/data/0001013462/000121465918001388/xslF345X03/marketforms-40992.xml"}, {"form_type": "4", "filings_date": "2018-02-20", "url": "https://www.sec.gov/Archives/edgar/data/0001013462/000121465918001387/xslF345X03/marketforms-41062.xml"}, {"form_type": "4", "filings_date": "2018-02-14", "url": "https://www.sec.gov/Archives/edgar/data/0001013462/000121465918001255/xslF345X03/marketforms-41019.xml"}, {"form_type": "SC 13G/A", "filings_date": "2018-02-14", "url": "https://www.sec.gov/Archives/edgar/data/0001013462/000094039418000249/ansysinc13ga1.txt"}, {"form_type": "SC 13G/A", "filings_date": "2018-02-13", "url": "https://www.sec.gov/Archives/edgar/data/0001013462/000031506618001044/filing.txt"}, {"form_type": "SC 13G/A", "filings_date": "2018-02-12", "url": "https://www.sec.gov/Archives/edgar/data/0001013462/000093247118004611/ansysinc.htm"}, {"form_type": "8-K", "filings_date": "2018-02-09", "url": "https://www.sec.gov/Archives/edgar/data/0001013462/000117184318001004/f8k_020918.htm"}, {"form_type": "SC 13G/A", "filings_date": "2018-02-08", "url": "https://www.sec.gov/Archives/edgar/data/0001013462/000021545718005209/us03662q1058_012418.txt"}, {"form_type": "4", "filings_date": "2018-02-05", "url": "https://www.sec.gov/Archives/edgar/data/0001013462/000121465918000890/xslF345X03/marketforms-40918.xml"}, {"form_type": "8-K", "filings_date": "2018-01-19", "url": "https://www.sec.gov/Archives/edgar/data/0001013462/000119312518014851/d528080d8k.htm"}, {"form_type": "4", "filings_date": "2018-01-03", "url": "https://www.sec.gov/Archives/edgar/data/0001013462/000121465918000121/xslF345X03/marketforms-40602.xml"}, {"form_type": "3", "filings_date": "2017-12-20", "url": "https://www.sec.gov/Archives/edgar/data/0001013462/000121465917007390/xslF345X02/marketforms-40489.xml"}, {"form_type": "4", "filings_date": "2017-12-20", "url": "https://www.sec.gov/Archives/edgar/data/0001013462/000121465917007389/xslF345X03/marketforms-40490.xml"}, {"form_type": "8-K", "filings_date": "2017-12-19", "url": "https://www.sec.gov/Archives/edgar/data/0001013462/000117184317007735/f8k_121817.htm"}, {"form_type": "4", "filings_date": "2017-11-30", "url": "https://www.sec.gov/Archives/edgar/data/0001013462/000121465917007037/xslF345X03/marketforms-40358.xml"}, {"form_type": "4", "filings_date": "2017-11-17", "url": "https://www.sec.gov/Archives/edgar/data/0001013462/000121465917006802/xslF345X03/marketforms-40151.xml"}, {"form_type": "4", "filings_date": "2017-11-15", "url": "https://www.sec.gov/Archives/edgar/data/0001013462/000121465917006756/xslF345X03/marketforms-40135.xml"}, {"form_type": "4", "filings_date": "2017-11-14", "url": "https://www.sec.gov/Archives/edgar/data/0001013462/000121465917006695/xslF345X03/marketforms-39928.xml"}, {"form_type": "4", "filings_date": "2017-11-09", "url": "https://www.sec.gov/Archives/edgar/data/0001013462/000121465917006575/xslF345X03/marketforms-40105.xml"}, {"form_type": "4", "filings_date": "2017-11-07", "url": "https://www.sec.gov/Archives/edgar/data/0001013462/000121465917006469/xslF345X03/marketforms-39993.xml"}, {"form_type": "4", "filings_date": "2017-11-07", "url": "https://www.sec.gov/Archives/edgar/data/0001013462/000121465917006468/xslF345X03/marketforms-39994.xml"}, {"form_type": "10-Q", "filings_date": "2017-11-02", "url": "https://www.sec.gov/Archives/edgar/data/0001013462/000101346217000010/anss2017093010q.htm"}, {"form_type": "8-K", "filings_date": "2017-11-01", "url": "https://www.sec.gov/Archives/edgar/data/0001013462/000117184317006495/f8k_110117.htm"}, {"form_type": "4/A", "filings_date": "2017-09-11", "url": "https://www.sec.gov/Archives/edgar/data/0001013462/000121465917005574/xslF345X03/marketforms-39601.xml"}, {"form_type": "SC 13G/A", "filings_date": "2017-09-08", "url": "https://www.sec.gov/Archives/edgar/data/0001013462/000093247117005340/ansysinc.htm"}, {"form_type": "4", "filings_date": "2017-09-05", "url": "https://www.sec.gov/Archives/edgar/data/0001013462/000121465917005503/xslF345X03/marketforms-39475.xml"}, {"form_type": "4", "filings_date": "2017-08-14", "url": "https://www.sec.gov/Archives/edgar/data/0001013462/000121465917005073/xslF345X03/marketforms-39440.xml"}, {"form_type": "8-K", "filings_date": "2017-08-03", "url": "https://www.sec.gov/Archives/edgar/data/0001013462/000119312517247555/d430178d8k.htm"}, {"form_type": "4", "filings_date": "2017-08-03", "url": "https://www.sec.gov/Archives/edgar/data/0001013462/000121465917004757/xslF345X03/marketforms-39294.xml"}, {"form_type": "4", "filings_date": "2017-08-03", "url": "https://www.sec.gov/Archives/edgar/data/0001013462/000121465917004756/xslF345X03/marketforms-39290.xml"}, {"form_type": "4", "filings_date": "2017-08-03", "url": "https://www.sec.gov/Archives/edgar/data/0001013462/000121465917004755/xslF345X03/marketforms-39292.xml"}, {"form_type": "4", "filings_date": "2017-08-03", "url": "https://www.sec.gov/Archives/edgar/data/0001013462/000121465917004754/xslF345X03/marketforms-39291.xml"}, {"form_type": "10-Q", "filings_date": "2017-08-03", "url": "https://www.sec.gov/Archives/edgar/data/0001013462/000101346217000007/anss2017063010q.htm"}, {"form_type": "8-K", "filings_date": "2017-08-02", "url": "https://www.sec.gov/Archives/edgar/data/0001013462/000117184317004621/f8k_080217.htm"}, {"form_type": "3", "filings_date": "2017-07-31", "url": "https://www.sec.gov/Archives/edgar/data/0001013462/000121465917004648/xslF345X02/marketforms-39217.xml"}, {"form_type": "4", "filings_date": "2017-06-21", "url": "https://www.sec.gov/Archives/edgar/data/0001013462/000121465917004112/xslF345X03/marketforms-39095.xml"}, {"form_type": "4", "filings_date": "2017-06-19", "url": "https://www.sec.gov/Archives/edgar/data/0001013462/000121465917004075/xslF345X03/marketforms-39092.xml"}, {"form_type": "4", "filings_date": "2017-05-30", "url": "https://www.sec.gov/Archives/edgar/data/0001013462/000121465917003673/xslF345X03/marketforms-38894.xml"}, {"form_type": "4", "filings_date": "2017-05-30", "url": "https://www.sec.gov/Archives/edgar/data/0001013462/000121465917003672/xslF345X03/marketforms-38895.xml"}, {"form_type": "8-K", "filings_date": "2017-05-25", "url": "https://www.sec.gov/Archives/edgar/data/0001013462/000117184317003326/f8k_052517.htm"}, {"form_type": "4", "filings_date": "2017-05-25", "url": "https://www.sec.gov/Archives/edgar/data/0001013462/000121465917003600/xslF345X03/marketforms-38879.xml"}, {"form_type": "4", "filings_date": "2017-05-23", "url": "https://www.sec.gov/Archives/edgar/data/0001013462/000121465917003578/xslF345X03/marketforms-38854.xml"}, {"form_type": "4", "filings_date": "2017-05-23", "url": "https://www.sec.gov/Archives/edgar/data/0001013462/000121465917003576/xslF345X03/marketforms-38851.xml"}, {"form_type": "4", "filings_date": "2017-05-23", "url": "https://www.sec.gov/Archives/edgar/data/0001013462/000121465917003575/xslF345X03/marketforms-38857.xml"}, {"form_type": "4", "filings_date": "2017-05-23", "url": "https://www.sec.gov/Archives/edgar/data/0001013462/000121465917003574/xslF345X03/marketforms-38853.xml"}, {"form_type": "4", "filings_date": "2017-05-23", "url": "https://www.sec.gov/Archives/edgar/data/0001013462/000121465917003573/xslF345X03/marketforms-38855.xml"}, {"form_type": "4", "filings_date": "2017-05-23", "url": "https://www.sec.gov/Archives/edgar/data/0001013462/000121465917003572/xslF345X03/marketforms-38850.xml"}, {"form_type": "4", "filings_date": "2017-05-23", "url": "https://www.sec.gov/Archives/edgar/data/0001013462/000121465917003571/xslF345X03/marketforms-38852.xml"}, {"form_type": "4", "filings_date": "2017-05-23", "url": "https://www.sec.gov/Archives/edgar/data/0001013462/000121465917003570/xslF345X03/marketforms-38856.xml"}, {"form_type": "4", "filings_date": "2017-05-10", "url": "https://www.sec.gov/Archives/edgar/data/0001013462/000121465917003197/xslF345X03/marketforms-38788.xml"}, {"form_type": "4", "filings_date": "2017-05-09", "url": "https://www.sec.gov/Archives/edgar/data/0001013462/000121465917003134/xslF345X03/marketforms-38779.xml"}, {"form_type": "4", "filings_date": "2017-05-09", "url": "https://www.sec.gov/Archives/edgar/data/0001013462/000121465917003133/xslF345X03/marketforms-38780.xml"}, {"form_type": "10-Q", "filings_date": "2017-05-04", "url": "https://www.sec.gov/Archives/edgar/data/0001013462/000101346217000005/anss2017033110q.htm"}, {"form_type": "8-K", "filings_date": "2017-05-03", "url": "https://www.sec.gov/Archives/edgar/data/0001013462/000117184317002592/f8k_050317.htm"}, {"form_type": "4", "filings_date": "2017-05-02", "url": "https://www.sec.gov/Archives/edgar/data/0001013462/000121465917002911/xslF345X03/marketforms-38689.xml"}, {"form_type": "8-K", "filings_date": "2017-05-01", "url": "https://www.sec.gov/Archives/edgar/data/0001013462/000117184317002460/f8k_050117.htm"}, {"form_type": "3/A", "filings_date": "2017-04-28", "url": "https://www.sec.gov/Archives/edgar/data/0001013462/000121465917002838/xslF345X02/marketforms-38680.xml"}, {"form_type": "3", "filings_date": "2017-04-28", "url": "https://www.sec.gov/Archives/edgar/data/0001013462/000121465917002831/xslF345X02/marketforms-38584.xml"}, {"form_type": "3", "filings_date": "2017-04-28", "url": "https://www.sec.gov/Archives/edgar/data/0001013462/000121465917002830/xslF345X02/marketforms-38674.xml"}, {"form_type": "4", "filings_date": "2017-04-19", "url": "https://www.sec.gov/Archives/edgar/data/0001013462/000121465917002618/xslF345X03/marketforms-38571.xml"}, {"form_type": "4", "filings_date": "2017-04-12", "url": "https://www.sec.gov/Archives/edgar/data/0001013462/000121465917002512/xslF345X03/marketforms-38539.xml"}, {"form_type": "DEF 14A", "filings_date": "2017-03-31", "url": "https://www.sec.gov/Archives/edgar/data/0001013462/000119312517106499/d366054ddef14a.htm"}, {"form_type": "4", "filings_date": "2017-03-17", "url": "https://www.sec.gov/Archives/edgar/data/0001013462/000121465917002048/xslF345X03/marketforms-38398.xml"}, {"form_type": "4", "filings_date": "2017-03-13", "url": "https://www.sec.gov/Archives/edgar/data/0001013462/000121465917001883/xslF345X03/marketforms-38338.xml"}, {"form_type": "4", "filings_date": "2017-03-09", "url": "https://www.sec.gov/Archives/edgar/data/0001013462/000121465917001792/xslF345X03/marketforms-38285.xml"}, {"form_type": "4", "filings_date": "2017-03-07", "url": "https://www.sec.gov/Archives/edgar/data/0001013462/000121465917001732/xslF345X03/marketforms-38245.xml"}, {"form_type": "4", "filings_date": "2017-03-07", "url": "https://www.sec.gov/Archives/edgar/data/0001013462/000121465917001731/xslF345X03/marketforms-38263.xml"}, {"form_type": "4", "filings_date": "2017-03-07", "url": "https://www.sec.gov/Archives/edgar/data/0001013462/000121465917001730/xslF345X03/marketforms-38262.xml"}, {"form_type": "4", "filings_date": "2017-03-07", "url": "https://www.sec.gov/Archives/edgar/data/0001013462/000121465917001729/xslF345X03/marketforms-38264.xml"}, {"form_type": "4", "filings_date": "2017-03-07", "url": "https://www.sec.gov/Archives/edgar/data/0001013462/000121465917001728/xslF345X03/marketforms-38249.xml"}, {"form_type": "4", "filings_date": "2017-03-07", "url": "https://www.sec.gov/Archives/edgar/data/0001013462/000121465917001727/xslF345X03/marketforms-38261.xml"}, {"form_type": "4", "filings_date": "2017-03-07", "url": "https://www.sec.gov/Archives/edgar/data/0001013462/000121465917001726/xslF345X03/marketforms-38267.xml"}, {"form_type": "4", "filings_date": "2017-03-07", "url": "https://www.sec.gov/Archives/edgar/data/0001013462/000121465917001725/xslF345X03/marketforms-38266.xml"}, {"form_type": "4", "filings_date": "2017-02-28", "url": "https://www.sec.gov/Archives/edgar/data/0001013462/000121465917001516/xslF345X03/marketforms-38064.xml"}, {"form_type": "4", "filings_date": "2017-02-28", "url": "https://www.sec.gov/Archives/edgar/data/0001013462/000121465917001515/xslF345X03/marketforms-38065.xml"}, {"form_type": "4", "filings_date": "2017-02-28", "url": "https://www.sec.gov/Archives/edgar/data/0001013462/000121465917001514/xslF345X03/marketforms-38066.xml"}, {"form_type": "4", "filings_date": "2017-02-28", "url": "https://www.sec.gov/Archives/edgar/data/0001013462/000121465917001513/xslF345X03/marketforms-38067.xml"}, {"form_type": "4", "filings_date": "2017-02-23", "url": "https://www.sec.gov/Archives/edgar/data/0001013462/000121465917001309/xslF345X03/marketforms-38009.xml"}, {"form_type": "10-K", "filings_date": "2017-02-23", "url": "https://www.sec.gov/Archives/edgar/data/0001013462/000101346217000003/anss2016123110k.htm"}, {"form_type": "8-K", "filings_date": "2017-02-22", "url": "https://www.sec.gov/Archives/edgar/data/0001013462/000117184317001027/f8k_022217.htm"}, {"form_type": "8-K", "filings_date": "2017-02-22", "url": "https://www.sec.gov/Archives/edgar/data/0001013462/000117184317001026/f8k_022217.htm"}, {"form_type": "4", "filings_date": "2017-02-21", "url": "https://www.sec.gov/Archives/edgar/data/0001013462/000121465917001277/xslF345X03/marketforms-38005.xml"}, {"form_type": "4", "filings_date": "2017-02-21", "url": "https://www.sec.gov/Archives/edgar/data/0001013462/000121465917001276/xslF345X03/marketforms-38003.xml"}, {"form_type": "4", "filings_date": "2017-02-21", "url": "https://www.sec.gov/Archives/edgar/data/0001013462/000121465917001275/xslF345X03/marketforms-38004.xml"}, {"form_type": "4", "filings_date": "2017-02-21", "url": "https://www.sec.gov/Archives/edgar/data/0001013462/000121465917001274/xslF345X03/marketforms-38006.xml"}, {"form_type": "4", "filings_date": "2017-02-17", "url": "https://www.sec.gov/Archives/edgar/data/0001013462/000121465917001233/xslF345X03/marketforms-37968.xml"}, {"form_type": "SC 13G/A", "filings_date": "2017-02-15", "url": "https://www.sec.gov/Archives/edgar/data/0001013462/000035079717000053/AnsysInc13g.txt"}, {"form_type": "4", "filings_date": "2017-02-14", "url": "https://www.sec.gov/Archives/edgar/data/0001013462/000121465917001119/xslF345X03/marketforms-37948.xml"}, {"form_type": "SC 13G/A", "filings_date": "2017-02-14", "url": "https://www.sec.gov/Archives/edgar/data/0001013462/000031506617001438/filing.txt"}, {"form_type": "4", "filings_date": "2017-02-09", "url": "https://www.sec.gov/Archives/edgar/data/0001013462/000121465917000885/xslF345X03/marketforms-37841.xml"}, {"form_type": "SC 13G/A", "filings_date": "2017-02-09", "url": "https://www.sec.gov/Archives/edgar/data/0001013462/000093247117000749/ansysinc.htm"}, {"form_type": "SC 13G/A", "filings_date": "2017-02-08", "url": "https://www.sec.gov/Archives/edgar/data/0001013462/000021545717002749/ansys.inc.txt"}, {"form_type": "4", "filings_date": "2017-02-02", "url": "https://www.sec.gov/Archives/edgar/data/0001013462/000121465917000658/xslF345X03/marketforms-37728.xml"}, {"form_type": "4", "filings_date": "2017-02-02", "url": "https://www.sec.gov/Archives/edgar/data/0001013462/000121465917000652/xslF345X03/marketforms-37727.xml"}, {"form_type": "4", "filings_date": "2017-02-02", "url": "https://www.sec.gov/Archives/edgar/data/0001013462/000121465917000651/xslF345X03/marketforms-37729.xml"}, {"form_type": "4", "filings_date": "2017-02-02", "url": "https://www.sec.gov/Archives/edgar/data/0001013462/000121465917000650/xslF345X03/marketforms-37730.xml"}, {"form_type": "4", "filings_date": "2017-02-02", "url": "https://www.sec.gov/Archives/edgar/data/0001013462/000121465917000649/xslF345X03/marketforms-37731.xml"}, {"form_type": "4", "filings_date": "2017-01-25", "url": "https://www.sec.gov/Archives/edgar/data/0001013462/000121465917000436/xslF345X03/marketforms-37637.xml"}, {"form_type": "SC 13G/A", "filings_date": "2017-01-19", "url": "https://www.sec.gov/Archives/edgar/data/0001013462/000021545717001267/ansys.inc.txt"}, {"form_type": "4", "filings_date": "2017-01-19", "url": "https://www.sec.gov/Archives/edgar/data/0001013462/000121465917000380/xslF345X03/marketforms-37615.xml"}, {"form_type": "4", "filings_date": "2017-01-06", "url": "https://www.sec.gov/Archives/edgar/data/0001013462/000121465917000190/xslF345X03/marketforms-37538.xml"}, {"form_type": "4", "filings_date": "2017-01-04", "url": "https://www.sec.gov/Archives/edgar/data/0001013462/000121465917000078/xslF345X03/marketforms-37483.xml"}]}