{"company": {"cik": "0000929940", "name": "ASPEN TECHNOLOGY INC /DE/", "sic": "Services-Computer Programming Services", "state_incorp": "DE", "ticker": "AZPN", "mailing_addr": "20 CROSBY DRIVE, BEDFORD, MA, 01730", "category": "Large accelerated filer", "fiscal_year_end": "30, June"}, "filings": [{"form_type": "4", "filings_date": "2022-03-15", "url": "https://www.sec.gov/Archives/edgar/data/0000929940/000112760222009321/xslF345X03/form4.xml"}, {"form_type": "8-K", "filings_date": "2022-03-15", "url": "https://www.sec.gov/Archives/edgar/data/0000929940/000092994022000013/azpn-20220313.htm"}, {"form_type": "425", "filings_date": "2022-03-02", "url": "https://www.sec.gov/Archives/edgar/data/0000929940/000114036122007384/ny20001355x8_425.htm"}, {"form_type": "SC 13G/A", "filings_date": "2022-02-14", "url": "https://www.sec.gov/Archives/edgar/data/0000929940/000139834422003253/fp0072017_sc13ga.htm"}, {"form_type": "SC 13G/A", "filings_date": "2022-02-14", "url": "https://www.sec.gov/Archives/edgar/data/0000929940/000156761922003731/doc1.htm"}, {"form_type": "SC 13G/A", "filings_date": "2022-02-09", "url": "https://www.sec.gov/Archives/edgar/data/0000929940/000110465922016542/tv0321-aspentechnologyinc.htm"}, {"form_type": "425", "filings_date": "2022-02-02", "url": "https://www.sec.gov/Archives/edgar/data/0000929940/000095010322001950/dp166565_425.htm"}, {"form_type": "SC 13G/A", "filings_date": "2022-02-01", "url": "https://www.sec.gov/Archives/edgar/data/0000929940/000083423722004481/us0453271035_020122.txt"}, {"form_type": "425", "filings_date": "2022-01-27", "url": "https://www.sec.gov/Archives/edgar/data/0000929940/000114036122002862/ny20001355x5_425.htm"}, {"form_type": "8-K", "filings_date": "2022-01-26", "url": "https://www.sec.gov/Archives/edgar/data/0000929940/000092994022000009/azpn-20220126.htm"}, {"form_type": "10-Q", "filings_date": "2022-01-26", "url": "https://www.sec.gov/Archives/edgar/data/0000929940/000092994022000007/azpn-20211231.htm"}, {"form_type": "425", "filings_date": "2022-01-18", "url": "https://www.sec.gov/Archives/edgar/data/0000929940/000114036122001826/ny20001355x4_425.htm"}, {"form_type": "4", "filings_date": "2022-01-04", "url": "https://www.sec.gov/Archives/edgar/data/0000929940/000112760222000305/xslF345X03/form4.xml"}, {"form_type": "4", "filings_date": "2022-01-04", "url": "https://www.sec.gov/Archives/edgar/data/0000929940/000112760222000304/xslF345X03/form4.xml"}, {"form_type": "4", "filings_date": "2022-01-04", "url": "https://www.sec.gov/Archives/edgar/data/0000929940/000112760222000302/xslF345X03/form4.xml"}, {"form_type": "4", "filings_date": "2022-01-04", "url": "https://www.sec.gov/Archives/edgar/data/0000929940/000112760222000300/xslF345X03/form4.xml"}, {"form_type": "4", "filings_date": "2022-01-04", "url": "https://www.sec.gov/Archives/edgar/data/0000929940/000112760222000299/xslF345X03/form4.xml"}, {"form_type": "8-K", "filings_date": "2021-12-22", "url": "https://www.sec.gov/Archives/edgar/data/0000929940/000092994021000091/azpn-20211221.htm"}, {"form_type": "8-K", "filings_date": "2021-12-20", "url": "https://www.sec.gov/Archives/edgar/data/0000929940/000092994021000086/azpn-20211214.htm"}, {"form_type": "4", "filings_date": "2021-12-14", "url": "https://www.sec.gov/Archives/edgar/data/0000929940/000112760221030926/xslF345X03/form4.xml"}, {"form_type": "8-K", "filings_date": "2021-12-14", "url": "https://www.sec.gov/Archives/edgar/data/0000929940/000092994021000083/azpn-20211210.htm"}, {"form_type": "SC 13G/A", "filings_date": "2021-12-10", "url": "https://www.sec.gov/Archives/edgar/data/0000929940/000156761921021864/doc1.htm"}, {"form_type": "425", "filings_date": "2021-12-02", "url": "https://www.sec.gov/Archives/edgar/data/0000929940/000114036121040104/ny20001355x2_425.htm"}, {"form_type": "4", "filings_date": "2021-11-22", "url": "https://www.sec.gov/Archives/edgar/data/0000929940/000092994021000080/xslF345X03/wf-form4_163762105115537.xml"}, {"form_type": "425", "filings_date": "2021-11-17", "url": "https://www.sec.gov/Archives/edgar/data/0000929940/000114036121038329/ny20001355x1_425.htm"}, {"form_type": "425", "filings_date": "2021-11-03", "url": "https://www.sec.gov/Archives/edgar/data/0000929940/000095010321017334/dp161286_425-ecf.htm"}, {"form_type": "DEF 14A", "filings_date": "2021-10-28", "url": "https://www.sec.gov/Archives/edgar/data/0000929940/000092994021000077/fy21proxystatement.htm"}, {"form_type": "DEFA14A", "filings_date": "2021-10-28", "url": "https://www.sec.gov/Archives/edgar/data/0000929940/000092994021000074/a2021proxynotice.htm"}, {"form_type": "425", "filings_date": "2021-10-28", "url": "https://www.sec.gov/Archives/edgar/data/0000929940/000119312521311351/d207633d425.htm"}, {"form_type": "8-K", "filings_date": "2021-10-27", "url": "https://www.sec.gov/Archives/edgar/data/0000929940/000092994021000069/azpn-20211027.htm"}, {"form_type": "10-Q", "filings_date": "2021-10-27", "url": "https://www.sec.gov/Archives/edgar/data/0000929940/000092994021000067/azpn-20210930.htm"}, {"form_type": "425", "filings_date": "2021-10-21", "url": "https://www.sec.gov/Archives/edgar/data/0000929940/000119312521304065/d207633d425.htm"}, {"form_type": "425", "filings_date": "2021-10-21", "url": "https://www.sec.gov/Archives/edgar/data/0000929940/000119312521304053/d212391d425.htm"}, {"form_type": "425", "filings_date": "2021-10-13", "url": "https://www.sec.gov/Archives/edgar/data/0000929940/000095010321015867/dp159790_425-smp.htm"}, {"form_type": "4", "filings_date": "2021-10-13", "url": "https://www.sec.gov/Archives/edgar/data/0000929940/000112760221027025/xslF345X03/form4.xml"}, {"form_type": "4", "filings_date": "2021-10-13", "url": "https://www.sec.gov/Archives/edgar/data/0000929940/000112760221027024/xslF345X03/form4.xml"}, {"form_type": "4", "filings_date": "2021-10-13", "url": "https://www.sec.gov/Archives/edgar/data/0000929940/000112760221027023/xslF345X03/form4.xml"}, {"form_type": "4", "filings_date": "2021-10-13", "url": "https://www.sec.gov/Archives/edgar/data/0000929940/000112760221027022/xslF345X03/form4.xml"}, {"form_type": "425", "filings_date": "2021-10-12", "url": "https://www.sec.gov/Archives/edgar/data/0000929940/000095010321015749/dp159704_425-markemail.htm"}, {"form_type": "425", "filings_date": "2021-10-12", "url": "https://www.sec.gov/Archives/edgar/data/0000929940/000095010321015748/dp159696_425-mark.htm"}, {"form_type": "425", "filings_date": "2021-10-12", "url": "https://www.sec.gov/Archives/edgar/data/0000929940/000095010321015747/dp159699_425-confcall.htm"}, {"form_type": "425", "filings_date": "2021-10-12", "url": "https://www.sec.gov/Archives/edgar/data/0000929940/000095010321015746/dp159673_425-investor.htm"}, {"form_type": "425", "filings_date": "2021-10-12", "url": "https://www.sec.gov/Archives/edgar/data/0000929940/000095010321015745/dp159677_425-tech.htm"}, {"form_type": "425", "filings_date": "2021-10-12", "url": "https://www.sec.gov/Archives/edgar/data/0000929940/000095010321015744/dp159709_425.htm"}, {"form_type": "425", "filings_date": "2021-10-12", "url": "https://www.sec.gov/Archives/edgar/data/0000929940/000095010321015743/dp159694_425-twitter.htm"}, {"form_type": "425", "filings_date": "2021-10-12", "url": "https://www.sec.gov/Archives/edgar/data/0000929940/000095010321015742/dp159693_425-facebook.htm"}, {"form_type": "425", "filings_date": "2021-10-12", "url": "https://www.sec.gov/Archives/edgar/data/0000929940/000095010321015740/dp159695_425-lal.htm"}, {"form_type": "425", "filings_date": "2021-10-12", "url": "https://www.sec.gov/Archives/edgar/data/0000929940/000095010321015739/dp159669_425-pws.htm"}, {"form_type": "425", "filings_date": "2021-10-12", "url": "https://www.sec.gov/Archives/edgar/data/0000929940/000095010321015738/dp159668_425-osi.htm"}, {"form_type": "425", "filings_date": "2021-10-12", "url": "https://www.sec.gov/Archives/edgar/data/0000929940/000095010321015737/dp159703_425-lalscript.htm"}, {"form_type": "425", "filings_date": "2021-10-12", "url": "https://www.sec.gov/Archives/edgar/data/0000929940/000095010321015735/dp159701_425-custltr.htm"}, {"form_type": "425", "filings_date": "2021-10-12", "url": "https://www.sec.gov/Archives/edgar/data/0000929940/000095010321015734/dp159692_425-linkedin.htm"}, {"form_type": "425", "filings_date": "2021-10-12", "url": "https://www.sec.gov/Archives/edgar/data/0000929940/000095010321015732/dp159702_425-lalemail.htm"}, {"form_type": "425", "filings_date": "2021-10-12", "url": "https://www.sec.gov/Archives/edgar/data/0000929940/000119312521296474/d241710d425.htm"}, {"form_type": "8-K", "filings_date": "2021-10-12", "url": "https://www.sec.gov/Archives/edgar/data/0000929940/000119312521296471/d241710d8k.htm"}, {"form_type": "4", "filings_date": "2021-10-04", "url": "https://www.sec.gov/Archives/edgar/data/0000929940/000112760221026447/xslF345X03/form4.xml"}, {"form_type": "4", "filings_date": "2021-10-04", "url": "https://www.sec.gov/Archives/edgar/data/0000929940/000112760221026446/xslF345X03/form4.xml"}, {"form_type": "4", "filings_date": "2021-10-04", "url": "https://www.sec.gov/Archives/edgar/data/0000929940/000112760221026444/xslF345X03/form4.xml"}, {"form_type": "4", "filings_date": "2021-10-04", "url": "https://www.sec.gov/Archives/edgar/data/0000929940/000112760221026443/xslF345X03/form4.xml"}, {"form_type": "4", "filings_date": "2021-10-04", "url": "https://www.sec.gov/Archives/edgar/data/0000929940/000112760221026442/xslF345X03/form4.xml"}, {"form_type": "4/A", "filings_date": "2021-09-15", "url": "https://www.sec.gov/Archives/edgar/data/0000929940/000112760221025279/xslF345X03/form4a.xml"}, {"form_type": "4", "filings_date": "2021-09-03", "url": "https://www.sec.gov/Archives/edgar/data/0000929940/000112760221024902/xslF345X03/form4.xml"}, {"form_type": "4", "filings_date": "2021-09-03", "url": "https://www.sec.gov/Archives/edgar/data/0000929940/000112760221024901/xslF345X03/form4.xml"}, {"form_type": "4", "filings_date": "2021-09-03", "url": "https://www.sec.gov/Archives/edgar/data/0000929940/000112760221024900/xslF345X03/form4.xml"}, {"form_type": "4", "filings_date": "2021-09-03", "url": "https://www.sec.gov/Archives/edgar/data/0000929940/000112760221024899/xslF345X03/form4.xml"}, {"form_type": "4", "filings_date": "2021-09-03", "url": "https://www.sec.gov/Archives/edgar/data/0000929940/000112760221024898/xslF345X03/form4.xml"}, {"form_type": "4", "filings_date": "2021-09-03", "url": "https://www.sec.gov/Archives/edgar/data/0000929940/000112760221024897/xslF345X03/form4.xml"}, {"form_type": "4", "filings_date": "2021-09-03", "url": "https://www.sec.gov/Archives/edgar/data/0000929940/000112760221024896/xslF345X03/form4.xml"}, {"form_type": "4", "filings_date": "2021-09-03", "url": "https://www.sec.gov/Archives/edgar/data/0000929940/000112760221024895/xslF345X03/form4.xml"}, {"form_type": "4", "filings_date": "2021-09-03", "url": "https://www.sec.gov/Archives/edgar/data/0000929940/000112760221024893/xslF345X03/form4.xml"}, {"form_type": "4", "filings_date": "2021-09-03", "url": "https://www.sec.gov/Archives/edgar/data/0000929940/000112760221024890/xslF345X03/form4.xml"}, {"form_type": "4", "filings_date": "2021-09-03", "url": "https://www.sec.gov/Archives/edgar/data/0000929940/000112760221024886/xslF345X03/form4.xml"}, {"form_type": "4", "filings_date": "2021-09-03", "url": "https://www.sec.gov/Archives/edgar/data/0000929940/000112760221024885/xslF345X03/form4.xml"}, {"form_type": "4", "filings_date": "2021-09-03", "url": "https://www.sec.gov/Archives/edgar/data/0000929940/000112760221024883/xslF345X03/form4.xml"}, {"form_type": "4", "filings_date": "2021-09-03", "url": "https://www.sec.gov/Archives/edgar/data/0000929940/000112760221024881/xslF345X03/form4.xml"}, {"form_type": "4", "filings_date": "2021-09-03", "url": "https://www.sec.gov/Archives/edgar/data/0000929940/000112760221024880/xslF345X03/form4.xml"}, {"form_type": "10-K", "filings_date": "2021-08-18", "url": "https://www.sec.gov/Archives/edgar/data/0000929940/000092994021000060/azpn-20210630.htm"}, {"form_type": "8-K", "filings_date": "2021-08-11", "url": "https://www.sec.gov/Archives/edgar/data/0000929940/000092994021000053/azpn-20210811.htm"}, {"form_type": "4", "filings_date": "2021-08-10", "url": "https://www.sec.gov/Archives/edgar/data/0000929940/000112760221023461/xslF345X03/form4.xml"}, {"form_type": "8-K", "filings_date": "2021-08-03", "url": "https://www.sec.gov/Archives/edgar/data/0000929940/000092994021000049/azpn-20210802.htm"}, {"form_type": "8-K", "filings_date": "2021-07-29", "url": "https://www.sec.gov/Archives/edgar/data/0000929940/000092994021000046/azpn-20210727.htm"}, {"form_type": "4", "filings_date": "2021-07-23", "url": "https://www.sec.gov/Archives/edgar/data/0000929940/000112760221022431/xslF345X03/form4.xml"}, {"form_type": "4/A", "filings_date": "2021-07-15", "url": "https://www.sec.gov/Archives/edgar/data/0000929940/000112760221022014/xslF345X03/form4a.xml"}, {"form_type": "4", "filings_date": "2021-07-14", "url": "https://www.sec.gov/Archives/edgar/data/0000929940/000112760221021925/xslF345X03/form4.xml"}, {"form_type": "4", "filings_date": "2021-07-12", "url": "https://www.sec.gov/Archives/edgar/data/0000929940/000112760221021803/xslF345X03/form4.xml"}, {"form_type": "4", "filings_date": "2021-07-08", "url": "https://www.sec.gov/Archives/edgar/data/0000929940/000112760221021730/xslF345X03/form4.xml"}, {"form_type": "4", "filings_date": "2021-07-02", "url": "https://www.sec.gov/Archives/edgar/data/0000929940/000112760221021240/xslF345X03/form4.xml"}, {"form_type": "4", "filings_date": "2021-07-02", "url": "https://www.sec.gov/Archives/edgar/data/0000929940/000112760221021237/xslF345X03/form4.xml"}, {"form_type": "4", "filings_date": "2021-07-02", "url": "https://www.sec.gov/Archives/edgar/data/0000929940/000112760221021236/xslF345X03/form4.xml"}, {"form_type": "4", "filings_date": "2021-07-02", "url": "https://www.sec.gov/Archives/edgar/data/0000929940/000112760221021235/xslF345X03/form4.xml"}, {"form_type": "4", "filings_date": "2021-07-02", "url": "https://www.sec.gov/Archives/edgar/data/0000929940/000112760221021232/xslF345X03/form4.xml"}, {"form_type": "8-K", "filings_date": "2021-06-14", "url": "https://www.sec.gov/Archives/edgar/data/0000929940/000092994021000044/azpn-20210614.htm"}, {"form_type": "4", "filings_date": "2021-06-02", "url": "https://www.sec.gov/Archives/edgar/data/0000929940/000112760221018702/xslF345X03/form4.xml"}, {"form_type": "4", "filings_date": "2021-06-02", "url": "https://www.sec.gov/Archives/edgar/data/0000929940/000112760221018699/xslF345X03/form4.xml"}, {"form_type": "4", "filings_date": "2021-05-28", "url": "https://www.sec.gov/Archives/edgar/data/0000929940/000112760221018362/xslF345X03/form4.xml"}, {"form_type": "4", "filings_date": "2021-05-28", "url": "https://www.sec.gov/Archives/edgar/data/0000929940/000112760221018359/xslF345X03/form4.xml"}, {"form_type": "8-K", "filings_date": "2021-04-28", "url": "https://www.sec.gov/Archives/edgar/data/0000929940/000092994021000042/azpn-20210428.htm"}, {"form_type": "10-Q", "filings_date": "2021-04-28", "url": "https://www.sec.gov/Archives/edgar/data/0000929940/000092994021000040/azpn-20210331.htm"}, {"form_type": "4", "filings_date": "2021-04-23", "url": "https://www.sec.gov/Archives/edgar/data/0000929940/000112760221014337/xslF345X03/form4.xml"}, {"form_type": "3", "filings_date": "2021-04-23", "url": "https://www.sec.gov/Archives/edgar/data/0000929940/000112760221014333/xslF345X02/form3.xml"}, {"form_type": "8-K", "filings_date": "2021-04-21", "url": "https://www.sec.gov/Archives/edgar/data/0000929940/000092994021000029/azpn-20210421.htm"}, {"form_type": "4", "filings_date": "2021-04-19", "url": "https://www.sec.gov/Archives/edgar/data/0000929940/000112760221014017/xslF345X03/form4.xml"}, {"form_type": "4", "filings_date": "2021-04-15", "url": "https://www.sec.gov/Archives/edgar/data/0000929940/000112760221013745/xslF345X03/form4.xml"}, {"form_type": "4", "filings_date": "2021-04-02", "url": "https://www.sec.gov/Archives/edgar/data/0000929940/000112760221012760/xslF345X03/form4.xml"}, {"form_type": "4", "filings_date": "2021-04-02", "url": "https://www.sec.gov/Archives/edgar/data/0000929940/000112760221012755/xslF345X03/form4.xml"}, {"form_type": "4", "filings_date": "2021-04-02", "url": "https://www.sec.gov/Archives/edgar/data/0000929940/000112760221012745/xslF345X03/form4.xml"}, {"form_type": "4", "filings_date": "2021-04-02", "url": "https://www.sec.gov/Archives/edgar/data/0000929940/000112760221012734/xslF345X03/form4.xml"}, {"form_type": "4", "filings_date": "2021-03-24", "url": "https://www.sec.gov/Archives/edgar/data/0000929940/000112760221011923/xslF345X03/form4.xml"}, {"form_type": "3", "filings_date": "2021-03-24", "url": "https://www.sec.gov/Archives/edgar/data/0000929940/000112760221011917/xslF345X02/form3.xml"}, {"form_type": "4", "filings_date": "2021-03-10", "url": "https://www.sec.gov/Archives/edgar/data/0000929940/000112760221010085/xslF345X03/form4.xml"}, {"form_type": "3", "filings_date": "2021-03-10", "url": "https://www.sec.gov/Archives/edgar/data/0000929940/000112760221010082/xslF345X02/form3.xml"}, {"form_type": "SC 13G/A", "filings_date": "2021-03-10", "url": "https://www.sec.gov/Archives/edgar/data/0000929940/000156761921005936/doc1.htm"}, {"form_type": "8-K", "filings_date": "2021-03-08", "url": "https://www.sec.gov/Archives/edgar/data/0000929940/000092994021000027/azpn-20210308.htm"}, {"form_type": "8-K", "filings_date": "2021-03-02", "url": "https://www.sec.gov/Archives/edgar/data/0000929940/000092994021000022/azpn-20210302.htm"}, {"form_type": "SC 13G/A", "filings_date": "2021-02-12", "url": "https://www.sec.gov/Archives/edgar/data/0000929940/000119312521041439/d122146dsc13ga.htm"}, {"form_type": "SC 13G/A", "filings_date": "2021-02-12", "url": "https://www.sec.gov/Archives/edgar/data/0000929940/000139834421003107/fp0061600_sc13ga.htm"}, {"form_type": "8-K", "filings_date": "2021-02-11", "url": "https://www.sec.gov/Archives/edgar/data/0000929940/000092994021000018/azpn-20210210.htm"}, {"form_type": "SC 13G/A", "filings_date": "2021-02-11", "url": "https://www.sec.gov/Archives/edgar/data/0000929940/000156761921002842/doc1.htm"}, {"form_type": "SC 13G/A", "filings_date": "2021-02-10", "url": "https://www.sec.gov/Archives/edgar/data/0000929940/000110465921017495/tv0285-aspentechnologyinc.htm"}, {"form_type": "4", "filings_date": "2021-02-08", "url": "https://www.sec.gov/Archives/edgar/data/0000929940/000112760221004368/xslF345X03/form4.xml"}, {"form_type": "4", "filings_date": "2021-02-02", "url": "https://www.sec.gov/Archives/edgar/data/0000929940/000112760221003538/xslF345X03/form4.xml"}, {"form_type": "4", "filings_date": "2021-02-02", "url": "https://www.sec.gov/Archives/edgar/data/0000929940/000112760221003535/xslF345X03/form4.xml"}, {"form_type": "8-K", "filings_date": "2021-02-01", "url": "https://www.sec.gov/Archives/edgar/data/0000929940/000092994021000014/azpn-20210129.htm"}, {"form_type": "SC 13G/A", "filings_date": "2021-01-29", "url": "https://www.sec.gov/Archives/edgar/data/0000929940/000083423721002925/us0453271035_012821.txt"}, {"form_type": "4", "filings_date": "2021-01-27", "url": "https://www.sec.gov/Archives/edgar/data/0000929940/000112760221002709/xslF345X03/form4.xml"}, {"form_type": "8-K", "filings_date": "2021-01-27", "url": "https://www.sec.gov/Archives/edgar/data/0000929940/000092994021000012/azpn-20210127.htm"}, {"form_type": "10-Q", "filings_date": "2021-01-27", "url": "https://www.sec.gov/Archives/edgar/data/0000929940/000092994021000011/azpn-20201231.htm"}, {"form_type": "DEFA14A", "filings_date": "2021-01-13", "url": "https://www.sec.gov/Archives/edgar/data/0000929940/000092994021000002/a2020proxysupplement-01132.htm"}, {"form_type": "4/A", "filings_date": "2021-01-06", "url": "https://www.sec.gov/Archives/edgar/data/0000929940/000112760221000997/xslF345X03/form4a.xml"}, {"form_type": "4", "filings_date": "2021-01-05", "url": "https://www.sec.gov/Archives/edgar/data/0000929940/000112760221000575/xslF345X03/form4.xml"}, {"form_type": "4", "filings_date": "2021-01-05", "url": "https://www.sec.gov/Archives/edgar/data/0000929940/000112760221000557/xslF345X03/form4.xml"}, {"form_type": "4", "filings_date": "2021-01-05", "url": "https://www.sec.gov/Archives/edgar/data/0000929940/000112760221000544/xslF345X03/form4.xml"}, {"form_type": "4", "filings_date": "2021-01-05", "url": "https://www.sec.gov/Archives/edgar/data/0000929940/000112760221000531/xslF345X03/form4.xml"}, {"form_type": "4", "filings_date": "2021-01-05", "url": "https://www.sec.gov/Archives/edgar/data/0000929940/000112760221000519/xslF345X03/form4.xml"}, {"form_type": "4", "filings_date": "2020-12-30", "url": "https://www.sec.gov/Archives/edgar/data/0000929940/000112760220032596/xslF345X03/form4.xml"}, {"form_type": "4", "filings_date": "2020-12-30", "url": "https://www.sec.gov/Archives/edgar/data/0000929940/000112760220032592/xslF345X03/form4.xml"}, {"form_type": "4", "filings_date": "2020-12-30", "url": "https://www.sec.gov/Archives/edgar/data/0000929940/000112760220032590/xslF345X03/form4.xml"}, {"form_type": "4", "filings_date": "2020-12-30", "url": "https://www.sec.gov/Archives/edgar/data/0000929940/000112760220032588/xslF345X03/form4.xml"}, {"form_type": "4", "filings_date": "2020-12-30", "url": "https://www.sec.gov/Archives/edgar/data/0000929940/000112760220032586/xslF345X03/form4.xml"}, {"form_type": "4", "filings_date": "2020-12-30", "url": "https://www.sec.gov/Archives/edgar/data/0000929940/000112760220032582/xslF345X03/form4.xml"}, {"form_type": "4", "filings_date": "2020-12-30", "url": "https://www.sec.gov/Archives/edgar/data/0000929940/000112760220032578/xslF345X03/form4.xml"}, {"form_type": "4", "filings_date": "2020-12-30", "url": "https://www.sec.gov/Archives/edgar/data/0000929940/000112760220032576/xslF345X03/form4.xml"}, {"form_type": "4", "filings_date": "2020-12-30", "url": "https://www.sec.gov/Archives/edgar/data/0000929940/000112760220032574/xslF345X03/form4.xml"}, {"form_type": "4", "filings_date": "2020-12-30", "url": "https://www.sec.gov/Archives/edgar/data/0000929940/000112760220032570/xslF345X03/form4.xml"}, {"form_type": "4", "filings_date": "2020-12-30", "url": "https://www.sec.gov/Archives/edgar/data/0000929940/000112760220032567/xslF345X03/form4.xml"}, {"form_type": "4", "filings_date": "2020-12-30", "url": "https://www.sec.gov/Archives/edgar/data/0000929940/000112760220032564/xslF345X03/form4.xml"}, {"form_type": "DEFA14A", "filings_date": "2020-12-30", "url": "https://www.sec.gov/Archives/edgar/data/0000929940/000092994020000078/a2020proxysupplement.htm"}, {"form_type": "10-Q", "filings_date": "2020-12-22", "url": "https://www.sec.gov/Archives/edgar/data/0000929940/000092994020000073/azpn-20200930.htm"}, {"form_type": "SC 13G/A", "filings_date": "2020-12-10", "url": "https://www.sec.gov/Archives/edgar/data/0000929940/000031506620001952/filing.txt"}, {"form_type": "10-K", "filings_date": "2020-12-09", "url": "https://www.sec.gov/Archives/edgar/data/0000929940/000092994020000069/azpn-20200630x10k.htm"}, {"form_type": "DEF 14A", "filings_date": "2020-12-09", "url": "https://www.sec.gov/Archives/edgar/data/0000929940/000092994020000068/a2020proxystatement.htm"}, {"form_type": "DEFA14A", "filings_date": "2020-12-09", "url": "https://www.sec.gov/Archives/edgar/data/0000929940/000092994020000067/a2020proxynotice.htm"}, {"form_type": "8-K/A", "filings_date": "2020-11-25", "url": "https://www.sec.gov/Archives/edgar/data/0000929940/000092994020000060/november252020form8-ka.htm"}, {"form_type": "8-K", "filings_date": "2020-11-17", "url": "https://www.sec.gov/Archives/edgar/data/0000929940/000092994020000058/a11162020form8-k.htm"}, {"form_type": "NT 10-Q", "filings_date": "2020-11-10", "url": "https://www.sec.gov/Archives/edgar/data/0000929940/000092994020000053/azpn-20200930xnt10q.htm"}, {"form_type": "SC 13G", "filings_date": "2020-11-09", "url": "https://www.sec.gov/Archives/edgar/data/0000929940/000139834420021671/fp0059053_sc13g.htm"}, {"form_type": "8-K", "filings_date": "2020-11-05", "url": "https://www.sec.gov/Archives/edgar/data/0000929940/000092994020000051/a110520208-k.htm"}, {"form_type": "4", "filings_date": "2020-10-28", "url": "https://www.sec.gov/Archives/edgar/data/0000929940/000112760220027616/xslF345X03/form4.xml"}, {"form_type": "4", "filings_date": "2020-10-02", "url": "https://www.sec.gov/Archives/edgar/data/0000929940/000112760220026283/xslF345X03/form4.xml"}, {"form_type": "4", "filings_date": "2020-10-02", "url": "https://www.sec.gov/Archives/edgar/data/0000929940/000112760220026275/xslF345X03/form4.xml"}, {"form_type": "4", "filings_date": "2020-10-02", "url": "https://www.sec.gov/Archives/edgar/data/0000929940/000112760220026270/xslF345X03/form4.xml"}, {"form_type": "4", "filings_date": "2020-10-02", "url": "https://www.sec.gov/Archives/edgar/data/0000929940/000112760220026268/xslF345X03/form4.xml"}, {"form_type": "8-K", "filings_date": "2020-09-23", "url": "https://www.sec.gov/Archives/edgar/data/0000929940/000092994020000048/a9232020form8-k.htm"}, {"form_type": "8-K", "filings_date": "2020-09-18", "url": "https://www.sec.gov/Archives/edgar/data/0000929940/000092994020000045/a09162020form8-k.htm"}, {"form_type": "4", "filings_date": "2020-09-16", "url": "https://www.sec.gov/Archives/edgar/data/0000929940/000112760220025240/xslF345X03/form4.xml"}, {"form_type": "3", "filings_date": "2020-09-16", "url": "https://www.sec.gov/Archives/edgar/data/0000929940/000112760220025234/xslF345X02/form3.xml"}, {"form_type": "NT 10-K", "filings_date": "2020-09-01", "url": "https://www.sec.gov/Archives/edgar/data/0000929940/000092994020000039/azpn-20200630xnt10k.htm"}, {"form_type": "4", "filings_date": "2020-08-26", "url": "https://www.sec.gov/Archives/edgar/data/0000929940/000112760220024278/xslF345X03/form4.xml"}, {"form_type": "8-K", "filings_date": "2020-08-12", "url": "https://www.sec.gov/Archives/edgar/data/0000929940/000092994020000036/a081220208-k.htm"}, {"form_type": "4", "filings_date": "2020-07-24", "url": "https://www.sec.gov/Archives/edgar/data/0000929940/000112760220022100/xslF345X03/form4.xml"}, {"form_type": "3", "filings_date": "2020-07-24", "url": "https://www.sec.gov/Archives/edgar/data/0000929940/000112760220022098/xslF345X02/form3.xml"}, {"form_type": "4", "filings_date": "2020-07-24", "url": "https://www.sec.gov/Archives/edgar/data/0000929940/000112760220022096/xslF345X03/form4.xml"}, {"form_type": "3", "filings_date": "2020-07-24", "url": "https://www.sec.gov/Archives/edgar/data/0000929940/000112760220022091/xslF345X02/form3.xml"}, {"form_type": "8-K", "filings_date": "2020-07-23", "url": "https://www.sec.gov/Archives/edgar/data/0000929940/000092994020000034/a07232020form8-k.htm"}, {"form_type": "8-K", "filings_date": "2020-07-22", "url": "https://www.sec.gov/Archives/edgar/data/0000929940/000092994020000032/july222020form8-k.htm"}, {"form_type": "4", "filings_date": "2020-07-02", "url": "https://www.sec.gov/Archives/edgar/data/0000929940/000112760220020987/xslF345X03/form4.xml"}, {"form_type": "4", "filings_date": "2020-07-02", "url": "https://www.sec.gov/Archives/edgar/data/0000929940/000112760220020952/xslF345X03/form4.xml"}, {"form_type": "4", "filings_date": "2020-07-02", "url": "https://www.sec.gov/Archives/edgar/data/0000929940/000112760220020947/xslF345X03/form4.xml"}, {"form_type": "4", "filings_date": "2020-07-02", "url": "https://www.sec.gov/Archives/edgar/data/0000929940/000112760220020931/xslF345X03/form4.xml"}, {"form_type": "4", "filings_date": "2020-05-28", "url": "https://www.sec.gov/Archives/edgar/data/0000929940/000112760220018058/xslF345X03/form4.xml"}, {"form_type": "8-K", "filings_date": "2020-05-21", "url": "https://www.sec.gov/Archives/edgar/data/0000929940/000092994020000027/a05212020form8-k.htm"}, {"form_type": "4", "filings_date": "2020-05-21", "url": "https://www.sec.gov/Archives/edgar/data/0000929940/000112760220017543/xslF345X03/form4.xml"}, {"form_type": "4", "filings_date": "2020-05-19", "url": "https://www.sec.gov/Archives/edgar/data/0000929940/000112760220017175/xslF345X03/form4.xml"}, {"form_type": "SC 13G", "filings_date": "2020-05-11", "url": "https://www.sec.gov/Archives/edgar/data/0000929940/000031506620001486/filing.txt"}, {"form_type": "8-K", "filings_date": "2020-05-06", "url": "https://www.sec.gov/Archives/edgar/data/0000929940/000092994020000024/a050620208-k.htm"}, {"form_type": "10-Q", "filings_date": "2020-05-06", "url": "https://www.sec.gov/Archives/edgar/data/0000929940/000092994020000023/azpn-20200331x10xq.htm"}, {"form_type": "4", "filings_date": "2020-04-29", "url": "https://www.sec.gov/Archives/edgar/data/0000929940/000112760220014671/xslF345X03/form4.xml"}, {"form_type": "UPLOAD", "filings_date": "2020-04-15", "url": "https://www.sec.gov/Archives/edgar/data/0000929940/000000000020003264/filename1.pdf"}, {"form_type": "CORRESP", "filings_date": "2020-04-03", "url": "https://www.sec.gov/Archives/edgar/data/0000929940/000092994020000017/filename1.htm"}, {"form_type": "4", "filings_date": "2020-04-02", "url": "https://www.sec.gov/Archives/edgar/data/0000929940/000112760220012729/xslF345X03/form4.xml"}, {"form_type": "4", "filings_date": "2020-04-02", "url": "https://www.sec.gov/Archives/edgar/data/0000929940/000112760220012724/xslF345X03/form4.xml"}, {"form_type": "4", "filings_date": "2020-04-02", "url": "https://www.sec.gov/Archives/edgar/data/0000929940/000112760220012697/xslF345X03/form4.xml"}, {"form_type": "4", "filings_date": "2020-04-02", "url": "https://www.sec.gov/Archives/edgar/data/0000929940/000112760220012691/xslF345X03/form4.xml"}, {"form_type": "UPLOAD", "filings_date": "2020-03-26", "url": "https://www.sec.gov/Archives/edgar/data/0000929940/000000000020002651/filename1.pdf"}, {"form_type": "CORRESP", "filings_date": "2020-03-13", "url": "https://www.sec.gov/Archives/edgar/data/0000929940/000092994020000013/filename1.htm"}, {"form_type": "8-K", "filings_date": "2020-03-04", "url": "https://www.sec.gov/Archives/edgar/data/0000929940/000092994020000011/a03042020form8-k.htm"}, {"form_type": "UPLOAD", "filings_date": "2020-03-03", "url": "https://www.sec.gov/Archives/edgar/data/0000929940/000000000020001917/filename1.pdf"}, {"form_type": "SC 13G/A", "filings_date": "2020-02-14", "url": "https://www.sec.gov/Archives/edgar/data/0000929940/000119312520038295/d875318dsc13ga.htm"}, {"form_type": "SC 13G/A", "filings_date": "2020-02-14", "url": "https://www.sec.gov/Archives/edgar/data/0000929940/000156761920003432/doc1.htm"}, {"form_type": "SC 13G/A", "filings_date": "2020-02-13", "url": "https://www.sec.gov/Archives/edgar/data/0000929940/000103738920000104/azpn-13g_20191231.txt"}, {"form_type": "SC 13G/A", "filings_date": "2020-02-12", "url": "https://www.sec.gov/Archives/edgar/data/0000929940/000110465920017900/tv01245-aspentechnologyinc.htm"}, {"form_type": "SC 13G/A", "filings_date": "2020-02-05", "url": "https://www.sec.gov/Archives/edgar/data/0000929940/000083423720004744/us0453271035_020420.txt"}, {"form_type": "4", "filings_date": "2020-01-29", "url": "https://www.sec.gov/Archives/edgar/data/0000929940/000112760220002682/xslF345X03/form4.xml"}, {"form_type": "8-K", "filings_date": "2020-01-29", "url": "https://www.sec.gov/Archives/edgar/data/0000929940/000092994020000008/a012920208-k.htm"}, {"form_type": "10-Q", "filings_date": "2020-01-29", "url": "https://www.sec.gov/Archives/edgar/data/0000929940/000092994020000007/azpn-20191231x10xq.htm"}, {"form_type": "3/A", "filings_date": "2020-01-27", "url": "https://www.sec.gov/Archives/edgar/data/0000929940/000112760220002457/xslF345X02/form3a.xml"}, {"form_type": "3", "filings_date": "2020-01-27", "url": "https://www.sec.gov/Archives/edgar/data/0000929940/000112760220002441/xslF345X02/form3.xml"}, {"form_type": "4", "filings_date": "2020-01-15", "url": "https://www.sec.gov/Archives/edgar/data/0000929940/000112760220001674/xslF345X03/form4.xml"}, {"form_type": "3", "filings_date": "2020-01-15", "url": "https://www.sec.gov/Archives/edgar/data/0000929940/000112760220001672/xslF345X02/form3.xml"}, {"form_type": "8-K", "filings_date": "2020-01-15", "url": "https://www.sec.gov/Archives/edgar/data/0000929940/000092994020000002/a01152020form8-k.htm"}, {"form_type": "4", "filings_date": "2020-01-03", "url": "https://www.sec.gov/Archives/edgar/data/0000929940/000112760220000682/xslF345X03/form4.xml"}, {"form_type": "4", "filings_date": "2020-01-03", "url": "https://www.sec.gov/Archives/edgar/data/0000929940/000112760220000674/xslF345X03/form4.xml"}, {"form_type": "4", "filings_date": "2020-01-03", "url": "https://www.sec.gov/Archives/edgar/data/0000929940/000112760220000665/xslF345X03/form4.xml"}, {"form_type": "4", "filings_date": "2020-01-03", "url": "https://www.sec.gov/Archives/edgar/data/0000929940/000112760220000650/xslF345X03/form4.xml"}, {"form_type": "8-K", "filings_date": "2019-12-23", "url": "https://www.sec.gov/Archives/edgar/data/0000929940/000092994019000055/a12232019form8-k.htm"}, {"form_type": "8-K", "filings_date": "2019-12-12", "url": "https://www.sec.gov/Archives/edgar/data/0000929940/000092994019000053/a2019annualmeeting8-k.htm"}, {"form_type": "DEFA14A", "filings_date": "2019-12-03", "url": "https://www.sec.gov/Archives/edgar/data/0000929940/000092994019000051/a2019proxyletter.htm"}, {"form_type": "4", "filings_date": "2019-10-30", "url": "https://www.sec.gov/Archives/edgar/data/0000929940/000112760219031266/xslF345X03/form4.xml"}, {"form_type": "8-K", "filings_date": "2019-10-30", "url": "https://www.sec.gov/Archives/edgar/data/0000929940/000092994019000049/a103020198-k.htm"}, {"form_type": "10-Q", "filings_date": "2019-10-30", "url": "https://www.sec.gov/Archives/edgar/data/0000929940/000092994019000048/azpn-20190930x10xq.htm"}, {"form_type": "DEF 14A", "filings_date": "2019-10-28", "url": "https://www.sec.gov/Archives/edgar/data/0000929940/000092994019000042/a2019proxystatement.htm"}, {"form_type": "DEFA14A", "filings_date": "2019-10-28", "url": "https://www.sec.gov/Archives/edgar/data/0000929940/000092994019000041/a2019proxynotice.htm"}, {"form_type": "4", "filings_date": "2019-10-02", "url": "https://www.sec.gov/Archives/edgar/data/0000929940/000112760219029708/xslF345X03/form4.xml"}, {"form_type": "4", "filings_date": "2019-10-02", "url": "https://www.sec.gov/Archives/edgar/data/0000929940/000112760219029705/xslF345X03/form4.xml"}, {"form_type": "4", "filings_date": "2019-10-02", "url": "https://www.sec.gov/Archives/edgar/data/0000929940/000112760219029701/xslF345X03/form4.xml"}, {"form_type": "4", "filings_date": "2019-10-02", "url": "https://www.sec.gov/Archives/edgar/data/0000929940/000112760219029699/xslF345X03/form4.xml"}, {"form_type": "10-K", "filings_date": "2019-09-10", "url": "https://www.sec.gov/Archives/edgar/data/0000929940/000092994019000038/azpn-20190630x10k.htm"}, {"form_type": "8-K", "filings_date": "2019-09-10", "url": "https://www.sec.gov/Archives/edgar/data/0000929940/000092994019000037/a091020198-k.htm"}, {"form_type": "4", "filings_date": "2019-09-05", "url": "https://www.sec.gov/Archives/edgar/data/0000929940/000112760219028016/xslF345X03/form4.xml"}, {"form_type": "4", "filings_date": "2019-09-05", "url": "https://www.sec.gov/Archives/edgar/data/0000929940/000112760219028014/xslF345X03/form4.xml"}, {"form_type": "4", "filings_date": "2019-09-05", "url": "https://www.sec.gov/Archives/edgar/data/0000929940/000112760219028006/xslF345X03/form4.xml"}, {"form_type": "4", "filings_date": "2019-09-05", "url": "https://www.sec.gov/Archives/edgar/data/0000929940/000112760219028001/xslF345X03/form4.xml"}, {"form_type": "4", "filings_date": "2019-09-05", "url": "https://www.sec.gov/Archives/edgar/data/0000929940/000112760219027999/xslF345X03/form4.xml"}, {"form_type": "4", "filings_date": "2019-09-05", "url": "https://www.sec.gov/Archives/edgar/data/0000929940/000112760219027997/xslF345X03/form4.xml"}, {"form_type": "4", "filings_date": "2019-09-05", "url": "https://www.sec.gov/Archives/edgar/data/0000929940/000112760219027995/xslF345X03/form4.xml"}, {"form_type": "4", "filings_date": "2019-09-05", "url": "https://www.sec.gov/Archives/edgar/data/0000929940/000112760219027993/xslF345X03/form4.xml"}, {"form_type": "4", "filings_date": "2019-09-05", "url": "https://www.sec.gov/Archives/edgar/data/0000929940/000112760219027991/xslF345X03/form4.xml"}, {"form_type": "4", "filings_date": "2019-09-05", "url": "https://www.sec.gov/Archives/edgar/data/0000929940/000112760219027988/xslF345X03/form4.xml"}, {"form_type": "4", "filings_date": "2019-09-05", "url": "https://www.sec.gov/Archives/edgar/data/0000929940/000112760219027986/xslF345X03/form4.xml"}, {"form_type": "8-K", "filings_date": "2019-09-03", "url": "https://www.sec.gov/Archives/edgar/data/0000929940/000092994019000033/a090320198-k.htm"}, {"form_type": "NT 10-K", "filings_date": "2019-08-30", "url": "https://www.sec.gov/Archives/edgar/data/0000929940/000092994019000030/azpn-20190630xnt10k.htm"}, {"form_type": "4", "filings_date": "2019-08-14", "url": "https://www.sec.gov/Archives/edgar/data/0000929940/000112760219026609/xslF345X03/form4.xml"}, {"form_type": "8-K", "filings_date": "2019-08-08", "url": "https://www.sec.gov/Archives/edgar/data/0000929940/000092994019000028/a080820198-k.htm"}, {"form_type": "8-K", "filings_date": "2019-08-07", "url": "https://www.sec.gov/Archives/edgar/data/0000929940/000092994019000026/a080720198-k.htm"}, {"form_type": "8-K", "filings_date": "2019-07-26", "url": "https://www.sec.gov/Archives/edgar/data/0000929940/000092994019000023/a072620198-k.htm"}, {"form_type": "8-K", "filings_date": "2019-07-16", "url": "https://www.sec.gov/Archives/edgar/data/0000929940/000092994019000021/a071220198-k.htm"}, {"form_type": "4", "filings_date": "2019-07-02", "url": "https://www.sec.gov/Archives/edgar/data/0000929940/000112760219023556/xslF345X03/form4.xml"}, {"form_type": "4", "filings_date": "2019-07-02", "url": "https://www.sec.gov/Archives/edgar/data/0000929940/000112760219023551/xslF345X03/form4.xml"}, {"form_type": "4", "filings_date": "2019-07-02", "url": "https://www.sec.gov/Archives/edgar/data/0000929940/000112760219023549/xslF345X03/form4.xml"}, {"form_type": "4", "filings_date": "2019-07-02", "url": "https://www.sec.gov/Archives/edgar/data/0000929940/000112760219023545/xslF345X03/form4.xml"}, {"form_type": "4", "filings_date": "2019-05-08", "url": "https://www.sec.gov/Archives/edgar/data/0000929940/000112760219017739/xslF345X03/form4.xml"}, {"form_type": "4", "filings_date": "2019-05-06", "url": "https://www.sec.gov/Archives/edgar/data/0000929940/000112760219017431/xslF345X03/form4.xml"}, {"form_type": "4", "filings_date": "2019-05-03", "url": "https://www.sec.gov/Archives/edgar/data/0000929940/000112760219017256/xslF345X03/form4.xml"}, {"form_type": "4", "filings_date": "2019-05-01", "url": "https://www.sec.gov/Archives/edgar/data/0000929940/000112760219016723/xslF345X03/form4.xml"}, {"form_type": "4", "filings_date": "2019-05-01", "url": "https://www.sec.gov/Archives/edgar/data/0000929940/000112760219016716/xslF345X03/form4.xml"}, {"form_type": "8-K", "filings_date": "2019-04-24", "url": "https://www.sec.gov/Archives/edgar/data/0000929940/000092994019000016/a042420198-k.htm"}, {"form_type": "10-Q", "filings_date": "2019-04-24", "url": "https://www.sec.gov/Archives/edgar/data/0000929940/000092994019000015/azpn-20190331x10q.htm"}, {"form_type": "4", "filings_date": "2019-04-19", "url": "https://www.sec.gov/Archives/edgar/data/0000929940/000112760219015919/xslF345X03/form4.xml"}, {"form_type": "3", "filings_date": "2019-04-19", "url": "https://www.sec.gov/Archives/edgar/data/0000929940/000112760219015915/xslF345X02/form3.xml"}, {"form_type": "8-K", "filings_date": "2019-04-18", "url": "https://www.sec.gov/Archives/edgar/data/0000929940/000092994019000010/a041820198-k.htm"}, {"form_type": "4", "filings_date": "2019-04-02", "url": "https://www.sec.gov/Archives/edgar/data/0000929940/000112760219014196/xslF345X03/form4.xml"}, {"form_type": "4", "filings_date": "2019-04-02", "url": "https://www.sec.gov/Archives/edgar/data/0000929940/000112760219014183/xslF345X03/form4.xml"}, {"form_type": "4", "filings_date": "2019-04-02", "url": "https://www.sec.gov/Archives/edgar/data/0000929940/000112760219014175/xslF345X03/form4.xml"}, {"form_type": "4", "filings_date": "2019-04-02", "url": "https://www.sec.gov/Archives/edgar/data/0000929940/000112760219014166/xslF345X03/form4.xml"}, {"form_type": "4", "filings_date": "2019-02-22", "url": "https://www.sec.gov/Archives/edgar/data/0000929940/000112760219007747/xslF345X03/form4.xml"}, {"form_type": "SC 13G/A", "filings_date": "2019-02-14", "url": "https://www.sec.gov/Archives/edgar/data/0000929940/000119312519040912/d667945dsc13ga.htm"}, {"form_type": "SC 13G/A", "filings_date": "2019-02-13", "url": "https://www.sec.gov/Archives/edgar/data/0000929940/000156761919003703/doc1.htm"}, {"form_type": "SC 13G/A", "filings_date": "2019-02-12", "url": "https://www.sec.gov/Archives/edgar/data/0000929940/000156761919003342/doc1.htm"}, {"form_type": "SC 13G", "filings_date": "2019-02-12", "url": "https://www.sec.gov/Archives/edgar/data/0000929940/000103738919000010/azpn-13g_20181231.txt"}, {"form_type": "SC 13G/A", "filings_date": "2019-02-11", "url": "https://www.sec.gov/Archives/edgar/data/0000929940/000093247119004576/aspentechnologyinc.htm"}, {"form_type": "4", "filings_date": "2019-02-05", "url": "https://www.sec.gov/Archives/edgar/data/0000929940/000112760219004058/xslF345X03/form4.xml"}, {"form_type": "4", "filings_date": "2019-02-04", "url": "https://www.sec.gov/Archives/edgar/data/0000929940/000112760219003780/xslF345X03/form4.xml"}, {"form_type": "SC 13G/A", "filings_date": "2019-02-04", "url": "https://www.sec.gov/Archives/edgar/data/0000929940/000021545719003229/us0453271035_020419.txt"}, {"form_type": "8-K", "filings_date": "2019-02-01", "url": "https://www.sec.gov/Archives/edgar/data/0000929940/000092994019000008/a020120198-k.htm"}, {"form_type": "4", "filings_date": "2019-01-30", "url": "https://www.sec.gov/Archives/edgar/data/0000929940/000112760219003055/xslF345X03/form4.xml"}, {"form_type": "8-K", "filings_date": "2019-01-23", "url": "https://www.sec.gov/Archives/edgar/data/0000929940/000092994019000005/a012320198-k.htm"}, {"form_type": "10-Q", "filings_date": "2019-01-23", "url": "https://www.sec.gov/Archives/edgar/data/0000929940/000092994019000003/azpn-20181231x10q.htm"}, {"form_type": "4", "filings_date": "2019-01-03", "url": "https://www.sec.gov/Archives/edgar/data/0000929940/000112760219000762/xslF345X03/form4.xml"}, {"form_type": "4", "filings_date": "2019-01-03", "url": "https://www.sec.gov/Archives/edgar/data/0000929940/000112760219000750/xslF345X03/form4.xml"}, {"form_type": "4", "filings_date": "2019-01-03", "url": "https://www.sec.gov/Archives/edgar/data/0000929940/000112760219000743/xslF345X03/form4.xml"}, {"form_type": "4", "filings_date": "2019-01-03", "url": "https://www.sec.gov/Archives/edgar/data/0000929940/000112760219000733/xslF345X03/form4.xml"}, {"form_type": "S-8", "filings_date": "2018-12-21", "url": "https://www.sec.gov/Archives/edgar/data/0000929940/000092994018000047/a2018forms-8.htm"}, {"form_type": "8-K", "filings_date": "2018-12-10", "url": "https://www.sec.gov/Archives/edgar/data/0000929940/000092994018000043/a2018annualmeeting8-k.htm"}, {"form_type": "4", "filings_date": "2018-11-26", "url": "https://www.sec.gov/Archives/edgar/data/0000929940/000112760218034314/xslF345X03/form4.xml"}, {"form_type": "DEFA14A", "filings_date": "2018-11-26", "url": "https://www.sec.gov/Archives/edgar/data/0000929940/000092994018000041/a2018proxyletter.htm"}, {"form_type": "SC 13G/A", "filings_date": "2018-11-13", "url": "https://www.sec.gov/Archives/edgar/data/0000929940/000093247118007333/aspentechnologyinc.htm"}, {"form_type": "4", "filings_date": "2018-11-01", "url": "https://www.sec.gov/Archives/edgar/data/0000929940/000112760218031694/xslF345X03/form4.xml"}, {"form_type": "DEF 14A", "filings_date": "2018-10-26", "url": "https://www.sec.gov/Archives/edgar/data/0000929940/000092994018000039/a2018proxystatement.htm"}, {"form_type": "DEFA14A", "filings_date": "2018-10-26", "url": "https://www.sec.gov/Archives/edgar/data/0000929940/000092994018000038/a2018proxynotice.htm"}, {"form_type": "8-K", "filings_date": "2018-10-24", "url": "https://www.sec.gov/Archives/edgar/data/0000929940/000092994018000034/a102420188-k.htm"}, {"form_type": "10-Q", "filings_date": "2018-10-24", "url": "https://www.sec.gov/Archives/edgar/data/0000929940/000092994018000032/azpn-20180930x10q.htm"}, {"form_type": "4", "filings_date": "2018-10-02", "url": "https://www.sec.gov/Archives/edgar/data/0000929940/000112760218029062/xslF345X03/form4.xml"}, {"form_type": "4", "filings_date": "2018-10-02", "url": "https://www.sec.gov/Archives/edgar/data/0000929940/000112760218029053/xslF345X03/form4.xml"}, {"form_type": "4", "filings_date": "2018-10-02", "url": "https://www.sec.gov/Archives/edgar/data/0000929940/000112760218029042/xslF345X03/form4.xml"}, {"form_type": "4", "filings_date": "2018-10-02", "url": "https://www.sec.gov/Archives/edgar/data/0000929940/000112760218029034/xslF345X03/form4.xml"}, {"form_type": "4", "filings_date": "2018-09-06", "url": "https://www.sec.gov/Archives/edgar/data/0000929940/000112760218026971/xslF345X03/form4.xml"}, {"form_type": "4", "filings_date": "2018-09-06", "url": "https://www.sec.gov/Archives/edgar/data/0000929940/000112760218026969/xslF345X03/form4.xml"}, {"form_type": "4", "filings_date": "2018-09-06", "url": "https://www.sec.gov/Archives/edgar/data/0000929940/000112760218026967/xslF345X03/form4.xml"}, {"form_type": "4", "filings_date": "2018-09-06", "url": "https://www.sec.gov/Archives/edgar/data/0000929940/000112760218026962/xslF345X03/form4.xml"}, {"form_type": "4", "filings_date": "2018-09-06", "url": "https://www.sec.gov/Archives/edgar/data/0000929940/000112760218026960/xslF345X03/form4.xml"}, {"form_type": "4", "filings_date": "2018-09-06", "url": "https://www.sec.gov/Archives/edgar/data/0000929940/000112760218026958/xslF345X03/form4.xml"}, {"form_type": "4", "filings_date": "2018-09-06", "url": "https://www.sec.gov/Archives/edgar/data/0000929940/000112760218026955/xslF345X03/form4.xml"}, {"form_type": "4", "filings_date": "2018-09-06", "url": "https://www.sec.gov/Archives/edgar/data/0000929940/000112760218026952/xslF345X03/form4.xml"}, {"form_type": "4", "filings_date": "2018-09-06", "url": "https://www.sec.gov/Archives/edgar/data/0000929940/000112760218026947/xslF345X03/form4.xml"}, {"form_type": "4", "filings_date": "2018-09-06", "url": "https://www.sec.gov/Archives/edgar/data/0000929940/000112760218026944/xslF345X03/form4.xml"}, {"form_type": "4", "filings_date": "2018-08-24", "url": "https://www.sec.gov/Archives/edgar/data/0000929940/000112760218026204/xslF345X03/form4.xml"}, {"form_type": "4", "filings_date": "2018-08-22", "url": "https://www.sec.gov/Archives/edgar/data/0000929940/000112760218026013/xslF345X03/form4.xml"}, {"form_type": "4", "filings_date": "2018-08-15", "url": "https://www.sec.gov/Archives/edgar/data/0000929940/000112760218025479/xslF345X03/form4.xml"}, {"form_type": "4", "filings_date": "2018-08-15", "url": "https://www.sec.gov/Archives/edgar/data/0000929940/000112760218025474/xslF345X03/form4.xml"}, {"form_type": "4", "filings_date": "2018-08-15", "url": "https://www.sec.gov/Archives/edgar/data/0000929940/000112760218025472/xslF345X03/form4.xml"}, {"form_type": "8-K", "filings_date": "2018-08-10", "url": "https://www.sec.gov/Archives/edgar/data/0000929940/000092994018000028/a081020188-k.htm"}, {"form_type": "4", "filings_date": "2018-08-08", "url": "https://www.sec.gov/Archives/edgar/data/0000929940/000112760218025025/xslF345X03/form4.xml"}, {"form_type": "3", "filings_date": "2018-08-08", "url": "https://www.sec.gov/Archives/edgar/data/0000929940/000112760218025023/xslF345X02/form3.xml"}, {"form_type": "8-K", "filings_date": "2018-08-08", "url": "https://www.sec.gov/Archives/edgar/data/0000929940/000092994018000024/a080820188-k.htm"}, {"form_type": "10-K", "filings_date": "2018-08-08", "url": "https://www.sec.gov/Archives/edgar/data/0000929940/000092994018000023/azpn-20180630x10k.htm"}, {"form_type": "8-K", "filings_date": "2018-07-27", "url": "https://www.sec.gov/Archives/edgar/data/0000929940/000092994018000017/a072720188-k.htm"}, {"form_type": "4", "filings_date": "2018-07-03", "url": "https://www.sec.gov/Archives/edgar/data/0000929940/000112760218022570/xslF345X03/form4.xml"}, {"form_type": "4", "filings_date": "2018-07-03", "url": "https://www.sec.gov/Archives/edgar/data/0000929940/000112760218022568/xslF345X03/form4.xml"}, {"form_type": "4", "filings_date": "2018-07-03", "url": "https://www.sec.gov/Archives/edgar/data/0000929940/000112760218022566/xslF345X03/form4.xml"}, {"form_type": "4", "filings_date": "2018-06-05", "url": "https://www.sec.gov/Archives/edgar/data/0000929940/000112760218020004/xslF345X03/form4.xml"}, {"form_type": "4", "filings_date": "2018-05-29", "url": "https://www.sec.gov/Archives/edgar/data/0000929940/000112760218019060/xslF345X03/form4.xml"}, {"form_type": "4", "filings_date": "2018-05-25", "url": "https://www.sec.gov/Archives/edgar/data/0000929940/000112760218018973/xslF345X03/form4.xml"}, {"form_type": "4", "filings_date": "2018-05-08", "url": "https://www.sec.gov/Archives/edgar/data/0000929940/000112760218016640/xslF345X03/form4.xml"}, {"form_type": "4", "filings_date": "2018-05-04", "url": "https://www.sec.gov/Archives/edgar/data/0000929940/000112760218016375/xslF345X03/form4.xml"}, {"form_type": "4", "filings_date": "2018-05-02", "url": "https://www.sec.gov/Archives/edgar/data/0000929940/000112760218015954/xslF345X03/form4.xml"}, {"form_type": "4", "filings_date": "2018-05-02", "url": "https://www.sec.gov/Archives/edgar/data/0000929940/000112760218015950/xslF345X03/form4.xml"}, {"form_type": "8-K", "filings_date": "2018-04-25", "url": "https://www.sec.gov/Archives/edgar/data/0000929940/000092994018000015/a042520188-k.htm"}, {"form_type": "10-Q", "filings_date": "2018-04-25", "url": "https://www.sec.gov/Archives/edgar/data/0000929940/000092994018000014/azpn-20180331x10q.htm"}, {"form_type": "4", "filings_date": "2018-04-02", "url": "https://www.sec.gov/Archives/edgar/data/0000929940/000112760218013330/xslF345X03/form4.xml"}, {"form_type": "4", "filings_date": "2018-04-02", "url": "https://www.sec.gov/Archives/edgar/data/0000929940/000112760218013326/xslF345X03/form4.xml"}, {"form_type": "4", "filings_date": "2018-04-02", "url": "https://www.sec.gov/Archives/edgar/data/0000929940/000112760218013320/xslF345X03/form4.xml"}, {"form_type": "4", "filings_date": "2018-02-21", "url": "https://www.sec.gov/Archives/edgar/data/0000929940/000112760218007520/xslF345X03/form4.xml"}, {"form_type": "4", "filings_date": "2018-02-15", "url": "https://www.sec.gov/Archives/edgar/data/0000929940/000112760218006412/xslF345X03/form4.xml"}, {"form_type": "SC 13G", "filings_date": "2018-02-15", "url": "https://www.sec.gov/Archives/edgar/data/0000929940/000114036118008419/doc1.htm"}, {"form_type": "4", "filings_date": "2018-02-14", "url": "https://www.sec.gov/Archives/edgar/data/0000929940/000112760218006195/xslF345X03/form4.xml"}, {"form_type": "4", "filings_date": "2018-02-14", "url": "https://www.sec.gov/Archives/edgar/data/0000929940/000112760218006191/xslF345X03/form4.xml"}, {"form_type": "SC 13G/A", "filings_date": "2018-02-14", "url": "https://www.sec.gov/Archives/edgar/data/0000929940/000119312518045562/d512151dsc13ga.htm"}, {"form_type": "SC 13G", "filings_date": "2018-02-13", "url": "https://www.sec.gov/Archives/edgar/data/0000929940/000114036118007130/doc1.htm"}, {"form_type": "SC 13G/A", "filings_date": "2018-02-12", "url": "https://www.sec.gov/Archives/edgar/data/0000929940/000093247118004488/aspentechnologyinc.htm"}, {"form_type": "4", "filings_date": "2018-02-09", "url": "https://www.sec.gov/Archives/edgar/data/0000929940/000112760218004912/xslF345X03/form4.xml"}, {"form_type": "4", "filings_date": "2018-02-09", "url": "https://www.sec.gov/Archives/edgar/data/0000929940/000112760218004909/xslF345X03/form4.xml"}, {"form_type": "8-K", "filings_date": "2018-02-05", "url": "https://www.sec.gov/Archives/edgar/data/0000929940/000092994018000008/a020520188-k.htm"}, {"form_type": "SC 13G/A", "filings_date": "2018-01-29", "url": "https://www.sec.gov/Archives/edgar/data/0000929940/000021545718003774/us0453271035_012918.txt"}, {"form_type": "8-K", "filings_date": "2018-01-24", "url": "https://www.sec.gov/Archives/edgar/data/0000929940/000092994018000005/a012420188-k.htm"}, {"form_type": "10-Q", "filings_date": "2018-01-24", "url": "https://www.sec.gov/Archives/edgar/data/0000929940/000092994018000004/azpn-20171231x10q.htm"}, {"form_type": "4", "filings_date": "2018-01-03", "url": "https://www.sec.gov/Archives/edgar/data/0000929940/000112760218000612/xslF345X03/form4.xml"}, {"form_type": "4", "filings_date": "2018-01-03", "url": "https://www.sec.gov/Archives/edgar/data/0000929940/000112760218000600/xslF345X03/form4.xml"}, {"form_type": "4", "filings_date": "2018-01-03", "url": "https://www.sec.gov/Archives/edgar/data/0000929940/000112760218000592/xslF345X03/form4.xml"}, {"form_type": "8-K", "filings_date": "2017-12-11", "url": "https://www.sec.gov/Archives/edgar/data/0000929940/000092994017000041/a2017annualmeeting8k.htm"}, {"form_type": "4", "filings_date": "2017-11-07", "url": "https://www.sec.gov/Archives/edgar/data/0000929940/000112760217031527/xslF345X03/form4.xml"}, {"form_type": "4", "filings_date": "2017-11-03", "url": "https://www.sec.gov/Archives/edgar/data/0000929940/000112760217031193/xslF345X03/form4.xml"}, {"form_type": "4", "filings_date": "2017-11-03", "url": "https://www.sec.gov/Archives/edgar/data/0000929940/000112760217031191/xslF345X03/form4.xml"}, {"form_type": "4", "filings_date": "2017-11-02", "url": "https://www.sec.gov/Archives/edgar/data/0000929940/000112760217030977/xslF345X03/form4.xml"}, {"form_type": "DEF 14A", "filings_date": "2017-10-30", "url": "https://www.sec.gov/Archives/edgar/data/0000929940/000092994017000039/a2017proxystatement.htm"}, {"form_type": "DEFA14A", "filings_date": "2017-10-30", "url": "https://www.sec.gov/Archives/edgar/data/0000929940/000092994017000038/a2017proxynotice.htm"}, {"form_type": "8-K", "filings_date": "2017-10-26", "url": "https://www.sec.gov/Archives/edgar/data/0000929940/000092994017000032/a102620178-k.htm"}, {"form_type": "10-Q", "filings_date": "2017-10-26", "url": "https://www.sec.gov/Archives/edgar/data/0000929940/000092994017000031/azpn-20170930x10q.htm"}, {"form_type": "4", "filings_date": "2017-10-03", "url": "https://www.sec.gov/Archives/edgar/data/0000929940/000112760217028974/xslF345X03/form4.xml"}, {"form_type": "4", "filings_date": "2017-10-03", "url": "https://www.sec.gov/Archives/edgar/data/0000929940/000112760217028972/xslF345X03/form4.xml"}, {"form_type": "4", "filings_date": "2017-10-03", "url": "https://www.sec.gov/Archives/edgar/data/0000929940/000112760217028969/xslF345X03/form4.xml"}, {"form_type": "4", "filings_date": "2017-09-06", "url": "https://www.sec.gov/Archives/edgar/data/0000929940/000112760217027088/xslF345X03/form4.xml"}, {"form_type": "4", "filings_date": "2017-09-06", "url": "https://www.sec.gov/Archives/edgar/data/0000929940/000112760217027084/xslF345X03/form4.xml"}, {"form_type": "4", "filings_date": "2017-09-06", "url": "https://www.sec.gov/Archives/edgar/data/0000929940/000112760217027081/xslF345X03/form4.xml"}, {"form_type": "4", "filings_date": "2017-09-06", "url": "https://www.sec.gov/Archives/edgar/data/0000929940/000112760217027076/xslF345X03/form4.xml"}, {"form_type": "4", "filings_date": "2017-09-06", "url": "https://www.sec.gov/Archives/edgar/data/0000929940/000112760217027074/xslF345X03/form4.xml"}, {"form_type": "4", "filings_date": "2017-09-06", "url": "https://www.sec.gov/Archives/edgar/data/0000929940/000112760217027071/xslF345X03/form4.xml"}, {"form_type": "4", "filings_date": "2017-09-06", "url": "https://www.sec.gov/Archives/edgar/data/0000929940/000112760217027068/xslF345X03/form4.xml"}, {"form_type": "4", "filings_date": "2017-09-06", "url": "https://www.sec.gov/Archives/edgar/data/0000929940/000112760217027066/xslF345X03/form4.xml"}, {"form_type": "4", "filings_date": "2017-09-06", "url": "https://www.sec.gov/Archives/edgar/data/0000929940/000112760217027062/xslF345X03/form4.xml"}, {"form_type": "4", "filings_date": "2017-08-25", "url": "https://www.sec.gov/Archives/edgar/data/0000929940/000112760217026501/xslF345X03/form4.xml"}, {"form_type": "4", "filings_date": "2017-08-17", "url": "https://www.sec.gov/Archives/edgar/data/0000929940/000112760217025920/xslF345X03/form4.xml"}, {"form_type": "8-K", "filings_date": "2017-08-10", "url": "https://www.sec.gov/Archives/edgar/data/0000929940/000092994017000025/a081020178-k.htm"}, {"form_type": "10-K", "filings_date": "2017-08-10", "url": "https://www.sec.gov/Archives/edgar/data/0000929940/000092994017000024/azpn-20170630x10k.htm"}, {"form_type": "8-K", "filings_date": "2017-07-19", "url": "https://www.sec.gov/Archives/edgar/data/0000929940/000092994017000019/a071920178-k.htm"}, {"form_type": "4", "filings_date": "2017-07-05", "url": "https://www.sec.gov/Archives/edgar/data/0000929940/000112760217023015/xslF345X03/form4.xml"}, {"form_type": "4", "filings_date": "2017-07-05", "url": "https://www.sec.gov/Archives/edgar/data/0000929940/000112760217023044/xslF345X03/form4.xml"}, {"form_type": "4", "filings_date": "2017-07-05", "url": "https://www.sec.gov/Archives/edgar/data/0000929940/000112760217023038/xslF345X03/form4.xml"}, {"form_type": "4", "filings_date": "2017-07-05", "url": "https://www.sec.gov/Archives/edgar/data/0000929940/000112760217022997/xslF345X03/form4.xml"}, {"form_type": "4", "filings_date": "2017-06-15", "url": "https://www.sec.gov/Archives/edgar/data/0000929940/000112760217021509/xslF345X03/form4.xml"}, {"form_type": "8-K", "filings_date": "2017-05-02", "url": "https://www.sec.gov/Archives/edgar/data/0000929940/000092994017000016/a050220178-k.htm"}, {"form_type": "10-Q", "filings_date": "2017-05-02", "url": "https://www.sec.gov/Archives/edgar/data/0000929940/000092994017000015/azpn-20170331x10q.htm"}, {"form_type": "4", "filings_date": "2017-04-05", "url": "https://www.sec.gov/Archives/edgar/data/0000929940/000112760217014329/xslF345X03/form4.xml"}, {"form_type": "4", "filings_date": "2017-04-04", "url": "https://www.sec.gov/Archives/edgar/data/0000929940/000112760217014037/xslF345X03/form4.xml"}, {"form_type": "4", "filings_date": "2017-04-04", "url": "https://www.sec.gov/Archives/edgar/data/0000929940/000112760217013908/xslF345X03/form4.xml"}, {"form_type": "4", "filings_date": "2017-04-04", "url": "https://www.sec.gov/Archives/edgar/data/0000929940/000112760217013893/xslF345X03/form4.xml"}, {"form_type": "4", "filings_date": "2017-04-04", "url": "https://www.sec.gov/Archives/edgar/data/0000929940/000112760217013868/xslF345X03/form4.xml"}, {"form_type": "SC 13G/A", "filings_date": "2017-03-10", "url": "https://www.sec.gov/Archives/edgar/data/0000929940/000093247117003463/aspentechnologyinc.htm"}, {"form_type": "4", "filings_date": "2017-03-01", "url": "https://www.sec.gov/Archives/edgar/data/0000929940/000112760217009288/xslF345X03/form4.xml"}, {"form_type": "4", "filings_date": "2017-02-21", "url": "https://www.sec.gov/Archives/edgar/data/0000929940/000112760217007432/xslF345X03/form4.xml"}, {"form_type": "4", "filings_date": "2017-02-17", "url": "https://www.sec.gov/Archives/edgar/data/0000929940/000112760217006914/xslF345X03/form4.xml"}, {"form_type": "SC 13G/A", "filings_date": "2017-02-14", "url": "https://www.sec.gov/Archives/edgar/data/0000929940/000119312517043490/d333908dsc13ga.htm"}, {"form_type": "4", "filings_date": "2017-02-13", "url": "https://www.sec.gov/Archives/edgar/data/0000929940/000112760217005472/xslF345X03/form4.xml"}, {"form_type": "SC 13G/A", "filings_date": "2017-02-10", "url": "https://www.sec.gov/Archives/edgar/data/0000929940/000153215517000071/SEC13G_Filing.htm"}, {"form_type": "4", "filings_date": "2017-02-09", "url": "https://www.sec.gov/Archives/edgar/data/0000929940/000112760217004794/xslF345X03/form4.xml"}, {"form_type": "SC 13G/A", "filings_date": "2017-02-09", "url": "https://www.sec.gov/Archives/edgar/data/0000929940/000093247117000861/aspentechnologyinc.htm"}, {"form_type": "4", "filings_date": "2017-02-07", "url": "https://www.sec.gov/Archives/edgar/data/0000929940/000112760217004361/xslF345X03/form4.xml"}, {"form_type": "4", "filings_date": "2017-02-07", "url": "https://www.sec.gov/Archives/edgar/data/0000929940/000112760217004358/xslF345X03/form4.xml"}, {"form_type": "SC 13G/A", "filings_date": "2017-02-03", "url": "https://www.sec.gov/Archives/edgar/data/0000929940/000119312517029855/d327149dsc13ga.txt"}, {"form_type": "4", "filings_date": "2017-02-01", "url": "https://www.sec.gov/Archives/edgar/data/0000929940/000112760217003365/xslF345X03/form4.xml"}, {"form_type": "4", "filings_date": "2017-02-01", "url": "https://www.sec.gov/Archives/edgar/data/0000929940/000112760217003362/xslF345X03/form4.xml"}, {"form_type": "S-8", "filings_date": "2017-01-31", "url": "https://www.sec.gov/Archives/edgar/data/0000929940/000110465917005022/a17-3368_1s8.htm"}, {"form_type": "8-K", "filings_date": "2017-01-26", "url": "https://www.sec.gov/Archives/edgar/data/0000929940/000092994017000008/a012620178-k.htm"}, {"form_type": "10-Q", "filings_date": "2017-01-26", "url": "https://www.sec.gov/Archives/edgar/data/0000929940/000092994017000007/azpn-20161231x10q.htm"}, {"form_type": "SC 13G/A", "filings_date": "2017-01-19", "url": "https://www.sec.gov/Archives/edgar/data/0000929940/000021545717001304/aspen.technology.txt"}, {"form_type": "4", "filings_date": "2017-01-05", "url": "https://www.sec.gov/Archives/edgar/data/0000929940/000112760217001081/xslF345X03/form4.xml"}, {"form_type": "4", "filings_date": "2017-01-04", "url": "https://www.sec.gov/Archives/edgar/data/0000929940/000112760217000656/xslF345X03/form4.xml"}, {"form_type": "4", "filings_date": "2017-01-04", "url": "https://www.sec.gov/Archives/edgar/data/0000929940/000112760217000640/xslF345X03/form4.xml"}, {"form_type": "4", "filings_date": "2017-01-04", "url": "https://www.sec.gov/Archives/edgar/data/0000929940/000112760217000627/xslF345X03/form4.xml"}, {"form_type": "4", "filings_date": "2017-01-04", "url": "https://www.sec.gov/Archives/edgar/data/0000929940/000112760217000385/xslF345X03/form4.xml"}]}