{"company": {"cik": "0000884144", "name": "ASURE SOFTWARE INC", "sic": "Services-Computer Integrated Systems Design", "state_incorp": "DE", "ticker": "ASUR", "mailing_addr": "3700 N CAPITAL OF TEXAS HWY, AUSTIN, TX, 78746", "category": "Non-accelerated filer<br>Smaller reporting company", "fiscal_year_end": "31, December"}, "filings": [{"form_type": "8-K", "filings_date": "2022-03-14", "url": "https://www.sec.gov/Archives/edgar/data/0000884144/000088414422000006/asur-20220314.htm"}, {"form_type": "10-K", "filings_date": "2022-03-14", "url": "https://www.sec.gov/Archives/edgar/data/0000884144/000088414422000004/asur-20211231.htm"}, {"form_type": "SC 13G/A", "filings_date": "2022-02-14", "url": "https://www.sec.gov/Archives/edgar/data/0000884144/000091957422001610/d9171553_sc13g-a.htm"}, {"form_type": "SC 13G/A", "filings_date": "2022-02-14", "url": "https://www.sec.gov/Archives/edgar/data/0000884144/000117266122000631/arrowmark-asur123121a4.htm"}, {"form_type": "SC 13G/A", "filings_date": "2022-02-14", "url": "https://www.sec.gov/Archives/edgar/data/0000884144/000159154622000010/ASUR13Ga2021v3.htm"}, {"form_type": "SC 13G/A", "filings_date": "2022-02-10", "url": "https://www.sec.gov/Archives/edgar/data/0000884144/000089271222000037/asur13ga.htm"}, {"form_type": "SC 13G", "filings_date": "2022-02-09", "url": "https://www.sec.gov/Archives/edgar/data/0000884144/000110465922016550/tv0329-asuresoftwareinc.htm"}, {"form_type": "SC 13G/A", "filings_date": "2022-02-04", "url": "https://www.sec.gov/Archives/edgar/data/0000884144/000121465922001902/j14224sc13ga3.htm"}, {"form_type": "4", "filings_date": "2021-12-29", "url": "https://www.sec.gov/Archives/edgar/data/0000884144/000088414421000030/xslF345X03/wf-form4_164081835248509.xml"}, {"form_type": "4", "filings_date": "2021-11-12", "url": "https://www.sec.gov/Archives/edgar/data/0000884144/000088414421000028/xslF345X03/wf-form4_163675420418122.xml"}, {"form_type": "4", "filings_date": "2021-11-12", "url": "https://www.sec.gov/Archives/edgar/data/0000884144/000088414421000027/xslF345X03/wf-form4_163675419260796.xml"}, {"form_type": "8-K", "filings_date": "2021-11-08", "url": "https://www.sec.gov/Archives/edgar/data/0000884144/000088414421000024/asur-20211108.htm"}, {"form_type": "10-Q", "filings_date": "2021-11-08", "url": "https://www.sec.gov/Archives/edgar/data/0000884144/000088414421000023/asur-20210930.htm"}, {"form_type": "8-K", "filings_date": "2021-10-06", "url": "https://www.sec.gov/Archives/edgar/data/0000884144/000088414421000016/asur-20210930.htm"}, {"form_type": "8-K", "filings_date": "2021-09-16", "url": "https://www.sec.gov/Archives/edgar/data/0000884144/000088414421000013/asur-20210910.htm"}, {"form_type": "8-K", "filings_date": "2021-08-09", "url": "https://www.sec.gov/Archives/edgar/data/0000884144/000088414421000009/asur-20210809.htm"}, {"form_type": "10-Q", "filings_date": "2021-08-09", "url": "https://www.sec.gov/Archives/edgar/data/0000884144/000088414421000007/asur-20210630.htm"}, {"form_type": "8-K", "filings_date": "2021-06-15", "url": "https://www.sec.gov/Archives/edgar/data/0000884144/000162828021012270/asur-20210611.htm"}, {"form_type": "4", "filings_date": "2021-06-08", "url": "https://www.sec.gov/Archives/edgar/data/0000884144/000162828021011841/xslF345X03/wf-form4_162319296987594.xml"}, {"form_type": "4", "filings_date": "2021-05-26", "url": "https://www.sec.gov/Archives/edgar/data/0000884144/000162828021011109/xslF345X03/wf-form4_162205958710493.xml"}, {"form_type": "8-K", "filings_date": "2021-05-20", "url": "https://www.sec.gov/Archives/edgar/data/0000884144/000162828021010791/asur-20210520.htm"}, {"form_type": "4", "filings_date": "2021-05-14", "url": "https://www.sec.gov/Archives/edgar/data/0000884144/000162828021010420/xslF345X03/wf-form4_162104147381873.xml"}, {"form_type": "4", "filings_date": "2021-05-14", "url": "https://www.sec.gov/Archives/edgar/data/0000884144/000162828021010419/xslF345X03/wf-form4_162104145484129.xml"}, {"form_type": "4", "filings_date": "2021-05-14", "url": "https://www.sec.gov/Archives/edgar/data/0000884144/000162828021010418/xslF345X03/wf-form4_162104142083329.xml"}, {"form_type": "4", "filings_date": "2021-05-14", "url": "https://www.sec.gov/Archives/edgar/data/0000884144/000162828021010417/xslF345X03/wf-form4_162104116481247.xml"}, {"form_type": "4", "filings_date": "2021-05-14", "url": "https://www.sec.gov/Archives/edgar/data/0000884144/000162828021010416/xslF345X03/wf-form4_162104114704504.xml"}, {"form_type": "4", "filings_date": "2021-05-14", "url": "https://www.sec.gov/Archives/edgar/data/0000884144/000162828021010415/xslF345X03/wf-form4_162104112973006.xml"}, {"form_type": "4", "filings_date": "2021-05-14", "url": "https://www.sec.gov/Archives/edgar/data/0000884144/000162828021010414/xslF345X03/wf-form4_162104111252803.xml"}, {"form_type": "4", "filings_date": "2021-05-14", "url": "https://www.sec.gov/Archives/edgar/data/0000884144/000162828021010413/xslF345X03/wf-form4_162104109485052.xml"}, {"form_type": "SC 13G", "filings_date": "2021-05-14", "url": "https://www.sec.gov/Archives/edgar/data/0000884144/000089271221000221/asur13g.htm"}, {"form_type": "10-Q", "filings_date": "2021-05-10", "url": "https://www.sec.gov/Archives/edgar/data/0000884144/000162828021009694/asur-20210331.htm"}, {"form_type": "8-K", "filings_date": "2021-05-10", "url": "https://www.sec.gov/Archives/edgar/data/0000884144/000162828021009689/asur-20210510.htm"}, {"form_type": "424B3", "filings_date": "2021-04-22", "url": "https://www.sec.gov/Archives/edgar/data/0000884144/000110465921053811/tm217866-6_s4a.htm"}, {"form_type": "424B3", "filings_date": "2021-04-22", "url": "https://www.sec.gov/Archives/edgar/data/0000884144/000110465921053795/tm217865-7_424b3.htm"}, {"form_type": "EFFECT", "filings_date": "2021-04-21", "url": "https://www.sec.gov/Archives/edgar/data/0000884144/999999999521001524/xslEFFECTX01/primary_doc.xml"}, {"form_type": "EFFECT", "filings_date": "2021-04-21", "url": "https://www.sec.gov/Archives/edgar/data/0000884144/999999999521001523/xslEFFECTX01/primary_doc.xml"}, {"form_type": "S-4/A", "filings_date": "2021-04-19", "url": "https://www.sec.gov/Archives/edgar/data/0000884144/000110465921052056/tm217866-3_s4a.htm"}, {"form_type": "S-3/A", "filings_date": "2021-04-19", "url": "https://www.sec.gov/Archives/edgar/data/0000884144/000110465921052054/tm217865-4_s3.htm"}, {"form_type": "CORRESP", "filings_date": "2021-04-16", "url": "https://www.sec.gov/Archives/edgar/data/0000884144/000110465921051393/filename1.htm"}, {"form_type": "CORRESP", "filings_date": "2021-04-16", "url": "https://www.sec.gov/Archives/edgar/data/0000884144/000110465921051384/filename1.htm"}, {"form_type": "DEF 14A", "filings_date": "2021-04-16", "url": "https://www.sec.gov/Archives/edgar/data/0000884144/000118518521000551/asure20210412_def14a.htm"}, {"form_type": "8-K/A", "filings_date": "2021-03-12", "url": "https://www.sec.gov/Archives/edgar/data/0000884144/000162828021004644/asur-20210311.htm"}, {"form_type": "UPLOAD", "filings_date": "2021-03-12", "url": "https://www.sec.gov/Archives/edgar/data/0000884144/000000000021003007/filename1.pdf"}, {"form_type": "UPLOAD", "filings_date": "2021-03-12", "url": "https://www.sec.gov/Archives/edgar/data/0000884144/000000000021003006/filename1.pdf"}, {"form_type": "8-K", "filings_date": "2021-03-11", "url": "https://www.sec.gov/Archives/edgar/data/0000884144/000162828021004552/asur-20210311.htm"}, {"form_type": "S-4", "filings_date": "2021-03-11", "url": "https://www.sec.gov/Archives/edgar/data/0000884144/000110465921035008/tm217866-1_s4.htm"}, {"form_type": "S-3", "filings_date": "2021-03-11", "url": "https://www.sec.gov/Archives/edgar/data/0000884144/000110465921035003/tm217865-1_s3.htm"}, {"form_type": "10-K", "filings_date": "2021-03-11", "url": "https://www.sec.gov/Archives/edgar/data/0000884144/000162828021004536/asur-20201231.htm"}, {"form_type": "SC 13G/A", "filings_date": "2021-02-16", "url": "https://www.sec.gov/Archives/edgar/data/0000884144/000117266121000611/arrowmark-asur123120a3.htm"}, {"form_type": "SC 13G", "filings_date": "2021-02-16", "url": "https://www.sec.gov/Archives/edgar/data/0000884144/000091957421001152/d8798398_13-g.htm"}, {"form_type": "SC 13G/A", "filings_date": "2021-02-10", "url": "https://www.sec.gov/Archives/edgar/data/0000884144/000159154621000005/ASUR13ga2020v2.HTM"}, {"form_type": "SC 13G/A", "filings_date": "2021-02-08", "url": "https://www.sec.gov/Archives/edgar/data/0000884144/000089271221000044/asur13ga.htm"}, {"form_type": "SC 13G/A", "filings_date": "2021-02-05", "url": "https://www.sec.gov/Archives/edgar/data/0000884144/000121465921001410/j17214sc13ga2.htm"}, {"form_type": "8-K", "filings_date": "2020-12-28", "url": "https://www.sec.gov/Archives/edgar/data/0000884144/000110465920139738/tm2039418d1_8k.htm"}, {"form_type": "4", "filings_date": "2020-12-22", "url": "https://www.sec.gov/Archives/edgar/data/0000884144/000118518520001776/xslF345X03/form4-goepel060418.xml"}, {"form_type": "4", "filings_date": "2020-12-22", "url": "https://www.sec.gov/Archives/edgar/data/0000884144/000118518520001774/xslF345X03/ownership.xml"}, {"form_type": "8-K", "filings_date": "2020-12-22", "url": "https://www.sec.gov/Archives/edgar/data/0000884144/000110465920138557/tm2038502d2_8k.htm"}, {"form_type": "8-K", "filings_date": "2020-12-18", "url": "https://www.sec.gov/Archives/edgar/data/0000884144/000110465920137337/tm2038502d3_8k.htm"}, {"form_type": "424B5", "filings_date": "2020-12-18", "url": "https://www.sec.gov/Archives/edgar/data/0000884144/000110465920137335/tm2038502-4_424b5.htm"}, {"form_type": "424B5", "filings_date": "2020-12-17", "url": "https://www.sec.gov/Archives/edgar/data/0000884144/000110465920136825/tm2038502-1_424b5.htm"}, {"form_type": "4", "filings_date": "2020-11-25", "url": "https://www.sec.gov/Archives/edgar/data/0000884144/000118518520001681/xslF345X03/ownership.xml"}, {"form_type": "3", "filings_date": "2020-11-25", "url": "https://www.sec.gov/Archives/edgar/data/0000884144/000118518520001679/xslF345X02/ownership.xml"}, {"form_type": "S-8", "filings_date": "2020-11-09", "url": "https://www.sec.gov/Archives/edgar/data/0000884144/000118518520001530/asure20201106_s8.htm"}, {"form_type": "10-Q", "filings_date": "2020-11-09", "url": "https://www.sec.gov/Archives/edgar/data/0000884144/000118518520001526/asure20200930_10q.htm"}, {"form_type": "8-K", "filings_date": "2020-11-09", "url": "https://www.sec.gov/Archives/edgar/data/0000884144/000118518520001524/asure20201109_8k.htm"}, {"form_type": "4", "filings_date": "2020-10-02", "url": "https://www.sec.gov/Archives/edgar/data/0000884144/000118518520001389/xslF345X03/ownership.xml"}, {"form_type": "3", "filings_date": "2020-10-02", "url": "https://www.sec.gov/Archives/edgar/data/0000884144/000118518520001387/xslF345X02/ownership.xml"}, {"form_type": "4", "filings_date": "2020-09-23", "url": "https://www.sec.gov/Archives/edgar/data/0000884144/000118518520001350/xslF345X03/ownership.xml"}, {"form_type": "3", "filings_date": "2020-08-21", "url": "https://www.sec.gov/Archives/edgar/data/0000884144/000118518520001231/xslF345X02/ownership.xml"}, {"form_type": "4", "filings_date": "2020-08-20", "url": "https://www.sec.gov/Archives/edgar/data/0000884144/000118518520001225/xslF345X03/form4-goepel060418.xml"}, {"form_type": "4", "filings_date": "2020-08-13", "url": "https://www.sec.gov/Archives/edgar/data/0000884144/000118518520001162/xslF345X03/ownership.xml"}, {"form_type": "3", "filings_date": "2020-08-13", "url": "https://www.sec.gov/Archives/edgar/data/0000884144/000118518520001160/xslF345X02/ownership.xml"}, {"form_type": "4", "filings_date": "2020-08-12", "url": "https://www.sec.gov/Archives/edgar/data/0000884144/000132553320000001/xslF345X03/primary_doc.xml"}, {"form_type": "8-K", "filings_date": "2020-08-11", "url": "https://www.sec.gov/Archives/edgar/data/0000884144/000118518520001122/asure20200811_8k.htm"}, {"form_type": "10-Q", "filings_date": "2020-08-10", "url": "https://www.sec.gov/Archives/edgar/data/0000884144/000118518520001115/asure20200630_10q.htm"}, {"form_type": "8-K", "filings_date": "2020-08-10", "url": "https://www.sec.gov/Archives/edgar/data/0000884144/000118518520001110/asure20200810_8k.htm"}, {"form_type": "8-K", "filings_date": "2020-07-17", "url": "https://www.sec.gov/Archives/edgar/data/0000884144/000118518520001028/asure20200717_8k.htm"}, {"form_type": "8-K", "filings_date": "2020-07-13", "url": "https://www.sec.gov/Archives/edgar/data/0000884144/000118518520000986/asure20200709_8k.htm"}, {"form_type": "4", "filings_date": "2020-07-02", "url": "https://www.sec.gov/Archives/edgar/data/0000884144/000118518520000941/xslF345X03/form4-goepel060418.xml"}, {"form_type": "4", "filings_date": "2020-07-02", "url": "https://www.sec.gov/Archives/edgar/data/0000884144/000118518520000939/xslF345X03/ownership.xml"}, {"form_type": "4", "filings_date": "2020-07-02", "url": "https://www.sec.gov/Archives/edgar/data/0000884144/000118518520000937/xslF345X03/ownership.xml"}, {"form_type": "4", "filings_date": "2020-06-16", "url": "https://www.sec.gov/Archives/edgar/data/0000884144/000118518520000865/xslF345X03/ownership.xml"}, {"form_type": "4", "filings_date": "2020-06-16", "url": "https://www.sec.gov/Archives/edgar/data/0000884144/000118518520000863/xslF345X03/ownership.xml"}, {"form_type": "SC 13D/A", "filings_date": "2020-06-10", "url": "https://www.sec.gov/Archives/edgar/data/0000884144/000119312520164802/d942292dsc13da.htm"}, {"form_type": "4", "filings_date": "2020-06-09", "url": "https://www.sec.gov/Archives/edgar/data/0000884144/000089924320015831/xslF345X03/doc4.xml"}, {"form_type": "4", "filings_date": "2020-06-04", "url": "https://www.sec.gov/Archives/edgar/data/0000884144/000118518520000814/xslF345X03/ownership.xml"}, {"form_type": "4", "filings_date": "2020-06-03", "url": "https://www.sec.gov/Archives/edgar/data/0000884144/000118518520000801/xslF345X03/ownership.xml"}, {"form_type": "4", "filings_date": "2020-06-02", "url": "https://www.sec.gov/Archives/edgar/data/0000884144/000118518520000799/xslF345X03/ownership.xml"}, {"form_type": "4", "filings_date": "2020-06-02", "url": "https://www.sec.gov/Archives/edgar/data/0000884144/000118518520000797/xslF345X03/ownership.xml"}, {"form_type": "4", "filings_date": "2020-06-02", "url": "https://www.sec.gov/Archives/edgar/data/0000884144/000118518520000795/xslF345X03/ownership.xml"}, {"form_type": "4", "filings_date": "2020-06-02", "url": "https://www.sec.gov/Archives/edgar/data/0000884144/000118518520000793/xslF345X03/ownership.xml"}, {"form_type": "4", "filings_date": "2020-06-02", "url": "https://www.sec.gov/Archives/edgar/data/0000884144/000118518520000791/xslF345X03/ownership.xml"}, {"form_type": "8-K/A", "filings_date": "2020-06-02", "url": "https://www.sec.gov/Archives/edgar/data/0000884144/000118518520000789/asure20200602_8ka.htm"}, {"form_type": "8-K", "filings_date": "2020-06-01", "url": "https://www.sec.gov/Archives/edgar/data/0000884144/000118518520000770/asure20200601_8k.htm"}, {"form_type": "4", "filings_date": "2020-05-14", "url": "https://www.sec.gov/Archives/edgar/data/0000884144/000118518520000650/xslF345X03/ownership.xml"}, {"form_type": "4", "filings_date": "2020-05-14", "url": "https://www.sec.gov/Archives/edgar/data/0000884144/000118518520000648/xslF345X03/ownership.xml"}, {"form_type": "10-Q", "filings_date": "2020-05-11", "url": "https://www.sec.gov/Archives/edgar/data/0000884144/000118518520000585/asure20200331_10q.htm"}, {"form_type": "8-K", "filings_date": "2020-05-07", "url": "https://www.sec.gov/Archives/edgar/data/0000884144/000118518520000568/asure20200506_8k.htm"}, {"form_type": "DEFA14A", "filings_date": "2020-05-05", "url": "https://www.sec.gov/Archives/edgar/data/0000884144/000118518520000554/asure20200505_defa14a.htm"}, {"form_type": "DEF 14A", "filings_date": "2020-04-27", "url": "https://www.sec.gov/Archives/edgar/data/0000884144/000118518520000527/asure20200424_def14a.htm"}, {"form_type": "8-K", "filings_date": "2020-04-21", "url": "https://www.sec.gov/Archives/edgar/data/0000884144/000118518520000511/asure20200420_8k.htm"}, {"form_type": "PRE 14A", "filings_date": "2020-04-17", "url": "https://www.sec.gov/Archives/edgar/data/0000884144/000118518520000500/asure20200416_pre14a.htm"}, {"form_type": "3", "filings_date": "2020-04-15", "url": "https://www.sec.gov/Archives/edgar/data/0000884144/000118518520000460/xslF345X02/ownership.xml"}, {"form_type": "8-K", "filings_date": "2020-04-14", "url": "https://www.sec.gov/Archives/edgar/data/0000884144/000118518520000458/asure20200410_8k.htm"}, {"form_type": "3", "filings_date": "2020-04-13", "url": "https://www.sec.gov/Archives/edgar/data/0000884144/000118518520000452/xslF345X02/ownership.xml"}, {"form_type": "8-K", "filings_date": "2020-04-06", "url": "https://www.sec.gov/Archives/edgar/data/0000884144/000118518520000424/asure20200406_8k.htm"}, {"form_type": "4", "filings_date": "2020-03-20", "url": "https://www.sec.gov/Archives/edgar/data/0000884144/000088414420000026/xslF345X03/wf-form4_158474438325086.xml"}, {"form_type": "SC 13G/A", "filings_date": "2020-03-20", "url": "https://www.sec.gov/Archives/edgar/data/0000884144/000121465920002782/j319200sc13ga1.htm"}, {"form_type": "4", "filings_date": "2020-03-18", "url": "https://www.sec.gov/Archives/edgar/data/0000884144/000088414420000024/xslF345X03/wf-form4_158456658813916.xml"}, {"form_type": "10-K", "filings_date": "2020-03-16", "url": "https://www.sec.gov/Archives/edgar/data/0000884144/000088414420000022/asur-20191231x10k.htm"}, {"form_type": "8-K", "filings_date": "2020-03-12", "url": "https://www.sec.gov/Archives/edgar/data/0000884144/000088414420000019/a8-kq4x19.htm"}, {"form_type": "4", "filings_date": "2020-03-02", "url": "https://www.sec.gov/Archives/edgar/data/0000884144/000088414420000014/xslF345X03/wf-form4_158320110445731.xml"}, {"form_type": "4", "filings_date": "2020-03-02", "url": "https://www.sec.gov/Archives/edgar/data/0000884144/000088414420000013/xslF345X03/wf-form4_158320102683833.xml"}, {"form_type": "4", "filings_date": "2020-02-27", "url": "https://www.sec.gov/Archives/edgar/data/0000884144/000088414420000010/xslF345X03/wf-form4_158284355044114.xml"}, {"form_type": "4", "filings_date": "2020-02-27", "url": "https://www.sec.gov/Archives/edgar/data/0000884144/000088414420000009/xslF345X03/wf-form4_158284345003600.xml"}, {"form_type": "4", "filings_date": "2020-02-27", "url": "https://www.sec.gov/Archives/edgar/data/0000884144/000088414420000008/xslF345X03/wf-form4_158284330558628.xml"}, {"form_type": "SC 13G/A", "filings_date": "2020-02-14", "url": "https://www.sec.gov/Archives/edgar/data/0000884144/000117266120000873/arrowmark-asur123119a2.htm"}, {"form_type": "SC 13G/A", "filings_date": "2020-02-13", "url": "https://www.sec.gov/Archives/edgar/data/0000884144/000159154620000010/asur13ga2019v1.htm"}, {"form_type": "SC 13G", "filings_date": "2020-02-12", "url": "https://www.sec.gov/Archives/edgar/data/0000884144/000159154620000006/asur13g2019.htm"}, {"form_type": "SC 13G", "filings_date": "2020-02-07", "url": "https://www.sec.gov/Archives/edgar/data/0000884144/000121465920001018/d121200sc13g.htm"}, {"form_type": "SC 13G/A", "filings_date": "2020-01-31", "url": "https://www.sec.gov/Archives/edgar/data/0000884144/000089271220000038/asur13ga.htm"}, {"form_type": "4", "filings_date": "2020-01-29", "url": "https://www.sec.gov/Archives/edgar/data/0000884144/000088414420000007/xslF345X03/wf-form4_158033211122920.xml"}, {"form_type": "4", "filings_date": "2020-01-29", "url": "https://www.sec.gov/Archives/edgar/data/0000884144/000088414420000006/xslF345X03/wf-form4_158033204492881.xml"}, {"form_type": "SC TO-I/A", "filings_date": "2020-01-29", "url": "https://www.sec.gov/Archives/edgar/data/0000884144/000088414420000003/asure-scheduletoamendmentn.htm"}, {"form_type": "8-K", "filings_date": "2020-01-03", "url": "https://www.sec.gov/Archives/edgar/data/0000884144/000110465920000898/tm1928414-1_8k.htm"}, {"form_type": "CORRESP", "filings_date": "2019-12-26", "url": "https://www.sec.gov/Archives/edgar/data/0000884144/000110465919076137/filename1.htm"}, {"form_type": "SC TO-I/A", "filings_date": "2019-12-26", "url": "https://www.sec.gov/Archives/edgar/data/0000884144/000110465919076117/a19-27388_1sctoia.htm"}, {"form_type": "4", "filings_date": "2019-12-18", "url": "https://www.sec.gov/Archives/edgar/data/0000884144/000088414419000042/xslF345X03/wf-form4_157670838140718.xml"}, {"form_type": "UPLOAD", "filings_date": "2019-12-18", "url": "https://www.sec.gov/Archives/edgar/data/0000884144/000000000019016562/filename1.pdf"}, {"form_type": "SC TO-I", "filings_date": "2019-12-16", "url": "https://www.sec.gov/Archives/edgar/data/0000884144/000088414419000040/asureto.htm"}, {"form_type": "4", "filings_date": "2019-12-13", "url": "https://www.sec.gov/Archives/edgar/data/0000884144/000132553319000008/xslF345X03/primary_doc.xml"}, {"form_type": "SC 13D/A", "filings_date": "2019-12-13", "url": "https://www.sec.gov/Archives/edgar/data/0000884144/000132553319000007/asur2019121113da15.htm"}, {"form_type": "8-K", "filings_date": "2019-12-06", "url": "https://www.sec.gov/Archives/edgar/data/0000884144/000110465919070694/tm1924566d1_8k.htm"}, {"form_type": "SC 13G", "filings_date": "2019-11-27", "url": "https://www.sec.gov/Archives/edgar/data/0000884144/000089271219000401/cwsc13g.htm"}, {"form_type": "4", "filings_date": "2019-11-22", "url": "https://www.sec.gov/Archives/edgar/data/0000884144/000132553319000006/xslF345X03/primary_doc.xml"}, {"form_type": "SC 13D/A", "filings_date": "2019-11-22", "url": "https://www.sec.gov/Archives/edgar/data/0000884144/000132553319000005/asur2019112013da14.htm"}, {"form_type": "4", "filings_date": "2019-11-21", "url": "https://www.sec.gov/Archives/edgar/data/0000884144/000088414419000038/xslF345X03/wf-form4_157438444753784.xml"}, {"form_type": "10-Q", "filings_date": "2019-11-12", "url": "https://www.sec.gov/Archives/edgar/data/0000884144/000088414419000036/asuresoftware10-q09x30x19.htm"}, {"form_type": "8-K", "filings_date": "2019-11-12", "url": "https://www.sec.gov/Archives/edgar/data/0000884144/000088414419000034/a8-kq3x19.htm"}, {"form_type": "8-K", "filings_date": "2019-10-08", "url": "https://www.sec.gov/Archives/edgar/data/0000884144/000110465919053286/a19-19668_18k.htm"}, {"form_type": "4", "filings_date": "2019-09-04", "url": "https://www.sec.gov/Archives/edgar/data/0000884144/000088414419000032/xslF345X03/wf-form4_156763732932160.xml"}, {"form_type": "4", "filings_date": "2019-09-04", "url": "https://www.sec.gov/Archives/edgar/data/0000884144/000088414419000031/xslF345X03/wf-form4_156763728386561.xml"}, {"form_type": "4", "filings_date": "2019-09-04", "url": "https://www.sec.gov/Archives/edgar/data/0000884144/000088414419000030/xslF345X03/wf-form4_156763722950058.xml"}, {"form_type": "4", "filings_date": "2019-09-04", "url": "https://www.sec.gov/Archives/edgar/data/0000884144/000088414419000029/xslF345X03/wf-form4_156763717610988.xml"}, {"form_type": "4", "filings_date": "2019-09-04", "url": "https://www.sec.gov/Archives/edgar/data/0000884144/000088414419000028/xslF345X03/wf-form4_156763709469100.xml"}, {"form_type": "4", "filings_date": "2019-09-04", "url": "https://www.sec.gov/Archives/edgar/data/0000884144/000088414419000027/xslF345X03/wf-form4_156763704000113.xml"}, {"form_type": "4", "filings_date": "2019-09-04", "url": "https://www.sec.gov/Archives/edgar/data/0000884144/000088414419000026/xslF345X03/wf-form4_156763698084917.xml"}, {"form_type": "4", "filings_date": "2019-09-04", "url": "https://www.sec.gov/Archives/edgar/data/0000884144/000088414419000025/xslF345X03/wf-form4_156763692297781.xml"}, {"form_type": "4", "filings_date": "2019-09-04", "url": "https://www.sec.gov/Archives/edgar/data/0000884144/000088414419000024/xslF345X03/wf-form4_156763679506290.xml"}, {"form_type": "4", "filings_date": "2019-08-29", "url": "https://www.sec.gov/Archives/edgar/data/0000884144/000088414419000023/xslF345X03/wf-form4_156710967878323.xml"}, {"form_type": "4", "filings_date": "2019-08-29", "url": "https://www.sec.gov/Archives/edgar/data/0000884144/000088414419000022/xslF345X03/wf-form4_156710960860446.xml"}, {"form_type": "4", "filings_date": "2019-08-27", "url": "https://www.sec.gov/Archives/edgar/data/0000884144/000088414419000021/xslF345X03/wf-form4_156693681738115.xml"}, {"form_type": "8-K", "filings_date": "2019-08-22", "url": "https://www.sec.gov/Archives/edgar/data/0000884144/000088414419000020/a8-klathrop.htm"}, {"form_type": "4", "filings_date": "2019-08-21", "url": "https://www.sec.gov/Archives/edgar/data/0000884144/000088414419000018/xslF345X03/wf-form4_156641834183688.xml"}, {"form_type": "3", "filings_date": "2019-08-21", "url": "https://www.sec.gov/Archives/edgar/data/0000884144/000088414419000017/xslF345X02/wf-form3_156641821389119.xml"}, {"form_type": "10-Q", "filings_date": "2019-08-09", "url": "https://www.sec.gov/Archives/edgar/data/0000884144/000088414419000016/asuresoftware10-q06x30x19.htm"}, {"form_type": "8-K", "filings_date": "2019-08-08", "url": "https://www.sec.gov/Archives/edgar/data/0000884144/000088414419000013/a8-kq2x19.htm"}, {"form_type": "S-8", "filings_date": "2019-07-22", "url": "https://www.sec.gov/Archives/edgar/data/0000884144/000088414419000011/s-8upload722.htm"}, {"form_type": "4", "filings_date": "2019-07-08", "url": "https://www.sec.gov/Archives/edgar/data/0000884144/000088414419000008/xslF345X03/wf-form4_156263427548889.xml"}, {"form_type": "8-K", "filings_date": "2019-07-08", "url": "https://www.sec.gov/Archives/edgar/data/0000884144/000088414419000006/mk_mpls-1779369xv3xformx8x.htm"}, {"form_type": "4", "filings_date": "2019-07-01", "url": "https://www.sec.gov/Archives/edgar/data/0000884144/000088414419000004/xslF345X03/wf-form4_156202177716483.xml"}, {"form_type": "8-K", "filings_date": "2019-06-05", "url": "https://www.sec.gov/Archives/edgar/data/0000884144/000162828019007594/asuresoftware8-ka6519.htm"}, {"form_type": "8-K", "filings_date": "2019-05-31", "url": "https://www.sec.gov/Archives/edgar/data/0000884144/000162828019007458/asuresoftware8-k05x29x19.htm"}, {"form_type": "8-K", "filings_date": "2019-05-31", "url": "https://www.sec.gov/Archives/edgar/data/0000884144/000162828019007452/asuresoftware8-k05x29x19.htm"}, {"form_type": "10-Q", "filings_date": "2019-05-10", "url": "https://www.sec.gov/Archives/edgar/data/0000884144/000162828019006538/asuresoftware10-q03x31x19d.htm"}, {"form_type": "8-K", "filings_date": "2019-05-09", "url": "https://www.sec.gov/Archives/edgar/data/0000884144/000162828019006427/asuresoftware8-kq1x19.htm"}, {"form_type": "DEFA14A", "filings_date": "2019-05-03", "url": "https://www.sec.gov/Archives/edgar/data/0000884144/000118518519000650/asure20190503_defa14a.htm"}, {"form_type": "DEF 14A", "filings_date": "2019-04-29", "url": "https://www.sec.gov/Archives/edgar/data/0000884144/000118518519000625/asure20190429_def14a.htm"}, {"form_type": "S-8", "filings_date": "2019-04-19", "url": "https://www.sec.gov/Archives/edgar/data/0000884144/000118518519000585/asure20190417_s8.htm"}, {"form_type": "PRE 14A", "filings_date": "2019-04-19", "url": "https://www.sec.gov/Archives/edgar/data/0000884144/000118518519000584/asure20190418_pre14a.htm"}, {"form_type": "8-A12B/A", "filings_date": "2019-04-19", "url": "https://www.sec.gov/Archives/edgar/data/0000884144/000118518519000581/asure20190418_8a12ba.htm"}, {"form_type": "8-K", "filings_date": "2019-04-19", "url": "https://www.sec.gov/Archives/edgar/data/0000884144/000118518519000578/asure20190418_8k.htm"}, {"form_type": "10-K", "filings_date": "2019-03-19", "url": "https://www.sec.gov/Archives/edgar/data/0000884144/000118518519000390/asure20181231_10k.htm"}, {"form_type": "NT 10-K", "filings_date": "2019-03-19", "url": "https://www.sec.gov/Archives/edgar/data/0000884144/000118518519000389/asure20190319_nt10k.htm"}, {"form_type": "8-K", "filings_date": "2019-03-14", "url": "https://www.sec.gov/Archives/edgar/data/0000884144/000118518519000358/asure20190314_8k.htm"}, {"form_type": "SC 13G/A", "filings_date": "2019-02-14", "url": "https://www.sec.gov/Archives/edgar/data/0000884144/000117266119000552/arrowmark-asur123118a1.htm"}, {"form_type": "4", "filings_date": "2019-01-09", "url": "https://www.sec.gov/Archives/edgar/data/0000884144/000118518519000042/xslF345X03/ownership.xml"}, {"form_type": "3", "filings_date": "2019-01-09", "url": "https://www.sec.gov/Archives/edgar/data/0000884144/000118518519000040/xslF345X02/ownership.xml"}, {"form_type": "8-K", "filings_date": "2019-01-08", "url": "https://www.sec.gov/Archives/edgar/data/0000884144/000118518519000034/asure20190107_8k.htm"}, {"form_type": "8-K", "filings_date": "2019-01-07", "url": "https://www.sec.gov/Archives/edgar/data/0000884144/000118518519000029/asure20190104_8k.htm"}, {"form_type": "SC 13G", "filings_date": "2018-12-10", "url": "https://www.sec.gov/Archives/edgar/data/0000884144/000117266118002228/arrowmark-asur113018.htm"}, {"form_type": "4/A", "filings_date": "2018-11-14", "url": "https://www.sec.gov/Archives/edgar/data/0000884144/000118518518002017/xslF345X03/ownership.xml"}, {"form_type": "4", "filings_date": "2018-11-13", "url": "https://www.sec.gov/Archives/edgar/data/0000884144/000118518518002013/xslF345X03/ownership.xml"}, {"form_type": "3", "filings_date": "2018-11-13", "url": "https://www.sec.gov/Archives/edgar/data/0000884144/000118518518002011/xslF345X02/ownership.xml"}, {"form_type": "10-Q", "filings_date": "2018-11-09", "url": "https://www.sec.gov/Archives/edgar/data/0000884144/000118518518001964/asure20180930b_10q.htm"}, {"form_type": "8-K", "filings_date": "2018-11-09", "url": "https://www.sec.gov/Archives/edgar/data/0000884144/000118518518001955/asure20181108_8k.htm"}, {"form_type": "4", "filings_date": "2018-08-28", "url": "https://www.sec.gov/Archives/edgar/data/0000884144/000118518518001586/xslF345X03/ownership.xml"}, {"form_type": "4", "filings_date": "2018-08-28", "url": "https://www.sec.gov/Archives/edgar/data/0000884144/000118518518001584/xslF345X03/ownership.xml"}, {"form_type": "4", "filings_date": "2018-08-28", "url": "https://www.sec.gov/Archives/edgar/data/0000884144/000118518518001582/xslF345X03/ownership.xml"}, {"form_type": "4", "filings_date": "2018-08-28", "url": "https://www.sec.gov/Archives/edgar/data/0000884144/000118518518001580/xslF345X03/ownership.xml"}, {"form_type": "4", "filings_date": "2018-08-28", "url": "https://www.sec.gov/Archives/edgar/data/0000884144/000118518518001578/xslF345X03/ownership.xml"}, {"form_type": "4", "filings_date": "2018-08-28", "url": "https://www.sec.gov/Archives/edgar/data/0000884144/000118518518001576/xslF345X03/ownership.xml"}, {"form_type": "4", "filings_date": "2018-08-28", "url": "https://www.sec.gov/Archives/edgar/data/0000884144/000118518518001573/xslF345X03/ownership.xml"}, {"form_type": "4", "filings_date": "2018-08-28", "url": "https://www.sec.gov/Archives/edgar/data/0000884144/000118518518001571/xslF345X03/ownership.xml"}, {"form_type": "4", "filings_date": "2018-08-28", "url": "https://www.sec.gov/Archives/edgar/data/0000884144/000089924318023378/xslF345X03/doc4.xml"}, {"form_type": "10-Q", "filings_date": "2018-08-09", "url": "https://www.sec.gov/Archives/edgar/data/0000884144/000118518518001398/asure20180630_10q.htm"}, {"form_type": "8-K", "filings_date": "2018-08-08", "url": "https://www.sec.gov/Archives/edgar/data/0000884144/000118518518001388/asure20180808_8k.htm"}, {"form_type": "8-K", "filings_date": "2018-07-03", "url": "https://www.sec.gov/Archives/edgar/data/0000884144/000118518518001212/asuresoftware8k070218.htm"}, {"form_type": "4", "filings_date": "2018-06-18", "url": "https://www.sec.gov/Archives/edgar/data/0000884144/000089924318017018/xslF345X03/doc4.xml"}, {"form_type": "4", "filings_date": "2018-06-18", "url": "https://www.sec.gov/Archives/edgar/data/0000884144/000089924318017012/xslF345X03/doc4.xml"}, {"form_type": "SC 13D/A", "filings_date": "2018-06-18", "url": "https://www.sec.gov/Archives/edgar/data/0000884144/000119312518195710/d433576dsc13da.htm"}, {"form_type": "8-K", "filings_date": "2018-06-18", "url": "https://www.sec.gov/Archives/edgar/data/0000884144/000110465918040794/a18-15225_48k.htm"}, {"form_type": "424B5", "filings_date": "2018-06-15", "url": "https://www.sec.gov/Archives/edgar/data/0000884144/000104746918004481/a2236031z424b5.htm"}, {"form_type": "8-K", "filings_date": "2018-06-14", "url": "https://www.sec.gov/Archives/edgar/data/0000884144/000110465918040209/a18-15225_38k.htm"}, {"form_type": "424B5", "filings_date": "2018-06-13", "url": "https://www.sec.gov/Archives/edgar/data/0000884144/000104746918004442/a2236005z424b5.htm"}, {"form_type": "8-K", "filings_date": "2018-06-13", "url": "https://www.sec.gov/Archives/edgar/data/0000884144/000110465918039844/a18-15225_28k.htm"}, {"form_type": "4", "filings_date": "2018-06-04", "url": "https://www.sec.gov/Archives/edgar/data/0000884144/000118518518001069/xslF345X03/form4-goepel060418.xml"}, {"form_type": "4", "filings_date": "2018-06-04", "url": "https://www.sec.gov/Archives/edgar/data/0000884144/000118518518001067/xslF345X03/form4-goldstein060418.xml"}, {"form_type": "4", "filings_date": "2018-06-04", "url": "https://www.sec.gov/Archives/edgar/data/0000884144/000118518518001065/xslF345X03/form4-brannon060418.xml"}, {"form_type": "4", "filings_date": "2018-06-04", "url": "https://www.sec.gov/Archives/edgar/data/0000884144/000118518518001063/xslF345X03/form4-karbowski060418.xml"}, {"form_type": "8-K", "filings_date": "2018-05-16", "url": "https://www.sec.gov/Archives/edgar/data/0000884144/000118518518000927/asuresoftware8k051618.htm"}, {"form_type": "10-Q", "filings_date": "2018-05-10", "url": "https://www.sec.gov/Archives/edgar/data/0000884144/000118518518000835/asuresoftware10q033118.htm"}, {"form_type": "8-K", "filings_date": "2018-05-09", "url": "https://www.sec.gov/Archives/edgar/data/0000884144/000118518518000817/asuresoftware8k050918.htm"}, {"form_type": "EFFECT", "filings_date": "2018-04-16", "url": "https://www.sec.gov/Archives/edgar/data/0000884144/999999999518000831/xslEFFECTX01/primary_doc.xml"}, {"form_type": "EFFECT", "filings_date": "2018-04-16", "url": "https://www.sec.gov/Archives/edgar/data/0000884144/999999999518000830/xslEFFECTX01/primary_doc.xml"}, {"form_type": "CORRESP", "filings_date": "2018-04-13", "url": "https://www.sec.gov/Archives/edgar/data/0000884144/000118518518000696/filename1.htm"}, {"form_type": "CORRESP", "filings_date": "2018-04-13", "url": "https://www.sec.gov/Archives/edgar/data/0000884144/000118518518000694/filename1.htm"}, {"form_type": "UPLOAD", "filings_date": "2018-04-10", "url": "https://www.sec.gov/Archives/edgar/data/0000884144/000000000018010761/filename1.pdf"}, {"form_type": "UPLOAD", "filings_date": "2018-04-10", "url": "https://www.sec.gov/Archives/edgar/data/0000884144/000000000018010760/filename1.pdf"}, {"form_type": "DEF 14A", "filings_date": "2018-04-09", "url": "https://www.sec.gov/Archives/edgar/data/0000884144/000118518518000656/asuresoftware-def14a032718.htm"}, {"form_type": "8-K", "filings_date": "2018-04-09", "url": "https://www.sec.gov/Archives/edgar/data/0000884144/000118518518000653/asuresoftware8k040618.htm"}, {"form_type": "8-K", "filings_date": "2018-04-09", "url": "https://www.sec.gov/Archives/edgar/data/0000884144/000118518518000652/asuresoftware8k040618.htm"}, {"form_type": "S-3", "filings_date": "2018-04-02", "url": "https://www.sec.gov/Archives/edgar/data/0000884144/000118518518000593/asure-s3_033018resale.htm"}, {"form_type": "S-3", "filings_date": "2018-04-02", "url": "https://www.sec.gov/Archives/edgar/data/0000884144/000118518518000566/asuresoftware-s3_033018.htm"}, {"form_type": "8-K", "filings_date": "2018-04-02", "url": "https://www.sec.gov/Archives/edgar/data/0000884144/000118518518000564/asuresoftware8k033018.htm"}, {"form_type": "8-K", "filings_date": "2018-03-28", "url": "https://www.sec.gov/Archives/edgar/data/0000884144/000118518518000515/asuresoftware8k032518.htm"}, {"form_type": "10-K", "filings_date": "2018-03-16", "url": "https://www.sec.gov/Archives/edgar/data/0000884144/000118518518000448/asuresoftware10k123117.htm"}, {"form_type": "8-K", "filings_date": "2018-03-15", "url": "https://www.sec.gov/Archives/edgar/data/0000884144/000118518518000431/asuresoftware8k031418.htm"}, {"form_type": "8-K", "filings_date": "2018-03-09", "url": "https://www.sec.gov/Archives/edgar/data/0000884144/000118518518000396/asuresoftware8k030718.htm"}, {"form_type": "SC 13G/A", "filings_date": "2018-02-14", "url": "https://www.sec.gov/Archives/edgar/data/0000884144/000103738918000155/asur-13g_20171231.txt"}, {"form_type": "8-K", "filings_date": "2018-01-02", "url": "https://www.sec.gov/Archives/edgar/data/0000884144/000118518518000003/asuresoftware8k010118.htm"}, {"form_type": "8-K/A", "filings_date": "2017-12-21", "url": "https://www.sec.gov/Archives/edgar/data/0000884144/000118518517002656/asuresoftware8ka122117.htm"}, {"form_type": "8-K", "filings_date": "2017-12-21", "url": "https://www.sec.gov/Archives/edgar/data/0000884144/000118518517002655/asuresoftware8k122117.htm"}, {"form_type": "10-Q", "filings_date": "2017-11-13", "url": "https://www.sec.gov/Archives/edgar/data/0000884144/000118518517002334/asuresoftware10q093017.htm"}, {"form_type": "8-K", "filings_date": "2017-11-13", "url": "https://www.sec.gov/Archives/edgar/data/0000884144/000118518517002316/asuresoftware8k110917.htm"}, {"form_type": "4", "filings_date": "2017-10-03", "url": "https://www.sec.gov/Archives/edgar/data/0000884144/000118518517002102/xslF345X03/form4-brannon100217.xml"}, {"form_type": "3", "filings_date": "2017-10-03", "url": "https://www.sec.gov/Archives/edgar/data/0000884144/000118518517002099/xslF345X02/form3-brannon100217.xml"}, {"form_type": "8-K", "filings_date": "2017-10-02", "url": "https://www.sec.gov/Archives/edgar/data/0000884144/000118518517002088/asuresoftware8k092817_2.htm"}, {"form_type": "8-K", "filings_date": "2017-09-29", "url": "https://www.sec.gov/Archives/edgar/data/0000884144/000118518517002080/asuresoftware8k092817.htm"}, {"form_type": "4", "filings_date": "2017-09-06", "url": "https://www.sec.gov/Archives/edgar/data/0000884144/000118518517001953/xslF345X03/form4-karbowski090617.xml"}, {"form_type": "4", "filings_date": "2017-08-31", "url": "https://www.sec.gov/Archives/edgar/data/0000884144/000118518517001913/xslF345X03/form4-karbowski083117.xml"}, {"form_type": "10-Q", "filings_date": "2017-08-14", "url": "https://www.sec.gov/Archives/edgar/data/0000884144/000118518517001738/asuresoftware10q063017.htm"}, {"form_type": "8-K", "filings_date": "2017-08-14", "url": "https://www.sec.gov/Archives/edgar/data/0000884144/000118518517001725/asuresoftware8k081117.htm"}, {"form_type": "8-K/A", "filings_date": "2017-08-09", "url": "https://www.sec.gov/Archives/edgar/data/0000884144/000118518517001681/asuresoftware8ka080817.htm"}, {"form_type": "8-K/A", "filings_date": "2017-07-17", "url": "https://www.sec.gov/Archives/edgar/data/0000884144/000118518517001558/asuresoftware8ka071717.htm"}, {"form_type": "8-K", "filings_date": "2017-07-17", "url": "https://www.sec.gov/Archives/edgar/data/0000884144/000118518517001553/asuresoftware8k071417.htm"}, {"form_type": "4", "filings_date": "2017-07-10", "url": "https://www.sec.gov/Archives/edgar/data/0000884144/000118518517001533/xslF345X03/form4-wolfe071017.xml"}, {"form_type": "8-K", "filings_date": "2017-06-08", "url": "https://www.sec.gov/Archives/edgar/data/0000884144/000118518517001362/asuresoftware8k060817.htm"}, {"form_type": "8-K", "filings_date": "2017-06-06", "url": "https://www.sec.gov/Archives/edgar/data/0000884144/000118518517001335/asuresoftware8k060617.htm"}, {"form_type": "3", "filings_date": "2017-06-02", "url": "https://www.sec.gov/Archives/edgar/data/0000884144/000089924317015183/xslF345X02/doc3.xml"}, {"form_type": "SC 13D", "filings_date": "2017-06-02", "url": "https://www.sec.gov/Archives/edgar/data/0000884144/000119312517193175/d400016dsc13d.htm"}, {"form_type": "8-K", "filings_date": "2017-06-01", "url": "https://www.sec.gov/Archives/edgar/data/0000884144/000110465917036799/a17-14580_18k.htm"}, {"form_type": "8-K", "filings_date": "2017-05-26", "url": "https://www.sec.gov/Archives/edgar/data/0000884144/000110465917035775/a17-13866_28k.htm"}, {"form_type": "424B5", "filings_date": "2017-05-26", "url": "https://www.sec.gov/Archives/edgar/data/0000884144/000104746917003699/a2232305z424b5.htm"}, {"form_type": "FWP", "filings_date": "2017-05-26", "url": "https://www.sec.gov/Archives/edgar/data/0000884144/000110465917035483/a17-12128_3fwp.htm"}, {"form_type": "FWP", "filings_date": "2017-05-26", "url": "https://www.sec.gov/Archives/edgar/data/0000884144/000110465917035416/a17-12128_4fwp.htm"}, {"form_type": "8-K", "filings_date": "2017-05-26", "url": "https://www.sec.gov/Archives/edgar/data/0000884144/000110465917035414/a17-13866_18k.htm"}, {"form_type": "424B5", "filings_date": "2017-05-26", "url": "https://www.sec.gov/Archives/edgar/data/0000884144/000104746917003656/a2232229z424b5.htm"}, {"form_type": "10-Q", "filings_date": "2017-05-11", "url": "https://www.sec.gov/Archives/edgar/data/0000884144/000118518517001105/asuresoftware10q033117.htm"}, {"form_type": "8-K", "filings_date": "2017-05-11", "url": "https://www.sec.gov/Archives/edgar/data/0000884144/000118518517001096/asuresoftware8k051017.htm"}, {"form_type": "8-K", "filings_date": "2017-05-01", "url": "https://www.sec.gov/Archives/edgar/data/0000884144/000118518517001010/asuresoftware8k042817.htm"}, {"form_type": "EFFECT", "filings_date": "2017-04-25", "url": "https://www.sec.gov/Archives/edgar/data/0000884144/999999999517000937/xslEFFECTX01/primary_doc.xml"}, {"form_type": "8-K", "filings_date": "2017-04-25", "url": "https://www.sec.gov/Archives/edgar/data/0000884144/000118518517001000/asuresoftware8k042517.htm"}, {"form_type": "CORRESP", "filings_date": "2017-04-21", "url": "https://www.sec.gov/Archives/edgar/data/0000884144/000118518517000985/filename1.htm"}, {"form_type": "DEF 14A", "filings_date": "2017-04-21", "url": "https://www.sec.gov/Archives/edgar/data/0000884144/000118518517000983/asuresoftware-def14a042017.htm"}, {"form_type": "4", "filings_date": "2017-04-10", "url": "https://www.sec.gov/Archives/edgar/data/0000884144/000118518517000892/xslF345X03/form4-wolfe041017.xml"}, {"form_type": "4", "filings_date": "2017-04-10", "url": "https://www.sec.gov/Archives/edgar/data/0000884144/000118518517000890/xslF345X03/form4-karbowski041017.xml"}, {"form_type": "4", "filings_date": "2017-04-10", "url": "https://www.sec.gov/Archives/edgar/data/0000884144/000118518517000888/xslF345X03/form4-goepel041017.xml"}, {"form_type": "4", "filings_date": "2017-04-10", "url": "https://www.sec.gov/Archives/edgar/data/0000884144/000118518517000886/xslF345X03/form4-goldstein041017.xml"}, {"form_type": "8-K", "filings_date": "2017-04-10", "url": "https://www.sec.gov/Archives/edgar/data/0000884144/000118518517000881/asuresoftware8k041017.htm"}, {"form_type": "CORRESP", "filings_date": "2017-04-04", "url": "https://www.sec.gov/Archives/edgar/data/0000884144/000118518517000802/filename1.htm"}, {"form_type": "CORRESP", "filings_date": "2017-03-31", "url": "https://www.sec.gov/Archives/edgar/data/0000884144/000118518517000749/filename1.htm"}, {"form_type": "S-3/A", "filings_date": "2017-03-31", "url": "https://www.sec.gov/Archives/edgar/data/0000884144/000118518517000747/asuresoftware-s3a_032917.htm"}, {"form_type": "DEF 14A", "filings_date": "2017-03-31", "url": "https://www.sec.gov/Archives/edgar/data/0000884144/000118518517000741/asuresoftware-def14a033017.htm"}, {"form_type": "3", "filings_date": "2017-03-28", "url": "https://www.sec.gov/Archives/edgar/data/0000884144/000118518517000670/xslF345X02/form3-goldstein032817.xml"}, {"form_type": "8-K/A", "filings_date": "2017-03-20", "url": "https://www.sec.gov/Archives/edgar/data/0000884144/000118518517000611/asuresoftware8ka031617.htm"}, {"form_type": "8-K", "filings_date": "2017-03-20", "url": "https://www.sec.gov/Archives/edgar/data/0000884144/000118518517000609/asuresoftware8k032017.htm"}, {"form_type": "10-K", "filings_date": "2017-03-20", "url": "https://www.sec.gov/Archives/edgar/data/0000884144/000118518517000607/asuresoftware10k123116.htm"}, {"form_type": "8-K", "filings_date": "2017-03-20", "url": "https://www.sec.gov/Archives/edgar/data/0000884144/000118518517000605/asuresoftware8k031817.htm"}, {"form_type": "PRE 14A", "filings_date": "2017-03-20", "url": "https://www.sec.gov/Archives/edgar/data/0000884144/000118518517000601/asuresoftware-pre14a031717.htm"}, {"form_type": "8-K", "filings_date": "2017-03-16", "url": "https://www.sec.gov/Archives/edgar/data/0000884144/000118518517000579/asuresoftware8k031617.htm"}, {"form_type": "UPLOAD", "filings_date": "2017-02-23", "url": "https://www.sec.gov/Archives/edgar/data/0000884144/000000000017006203/filename1.pdf"}, {"form_type": "S-3", "filings_date": "2017-02-15", "url": "https://www.sec.gov/Archives/edgar/data/0000884144/000118518517000365/asuresoftware-s3_021217.htm"}, {"form_type": "SC 13G", "filings_date": "2017-02-14", "url": "https://www.sec.gov/Archives/edgar/data/0000884144/000103738917000007/asur-13g_20161231.txt"}, {"form_type": "8-K", "filings_date": "2017-01-05", "url": "https://www.sec.gov/Archives/edgar/data/0000884144/000118518517000009/asuresoftware8k010417.htm"}]}