{"company": {"cik": "0001362190", "name": "AUDIOEYE INC", "sic": "Services-Prepackaged Software", "state_incorp": "DE", "ticker": "AEYE", "mailing_addr": "5210 E. WILLIAMS CIRCLE, TUCSON, AZ, 85711", "category": "Non-accelerated filer<br>Smaller reporting company", "fiscal_year_end": "31, December"}, "filings": [{"form_type": "8-K", "filings_date": "2022-03-11", "url": "https://www.sec.gov/Archives/edgar/data/0001362190/000110465922032966/tm228652d2_8k.htm"}, {"form_type": "10-K", "filings_date": "2022-03-11", "url": "https://www.sec.gov/Archives/edgar/data/0001362190/000141057822000353/aeye-20211231x10k.htm"}, {"form_type": "8-K", "filings_date": "2022-03-10", "url": "https://www.sec.gov/Archives/edgar/data/0001362190/000110465922032450/tm228652d1_8k.htm"}, {"form_type": "4", "filings_date": "2022-03-02", "url": "https://www.sec.gov/Archives/edgar/data/0001362190/000117911022001957/xslF345X03/edgar.xml"}, {"form_type": "SC 13G/A", "filings_date": "2022-02-17", "url": "https://www.sec.gov/Archives/edgar/data/0001362190/000147793222000906/audio_sc13ga.htm"}, {"form_type": "SC 13G/A", "filings_date": "2022-02-15", "url": "https://www.sec.gov/Archives/edgar/data/0001362190/000089710122000117/audioeye220177_13ga.htm"}, {"form_type": "SC 13G", "filings_date": "2022-02-14", "url": "https://www.sec.gov/Archives/edgar/data/0001362190/000105885422000008/ccllc_AEYE_13g02142022.htm"}, {"form_type": "SC 13G/A", "filings_date": "2022-02-14", "url": "https://www.sec.gov/Archives/edgar/data/0001362190/000110465922023054/tm226753-1_sc13ga.htm"}, {"form_type": "SC 13G/A", "filings_date": "2022-02-14", "url": "https://www.sec.gov/Archives/edgar/data/0001362190/000101143822000149/form_sc13ga-audioeye.htm"}, {"form_type": "SC 13G/A", "filings_date": "2022-02-14", "url": "https://www.sec.gov/Archives/edgar/data/0001362190/000089710122000105/audioeye220177_13ga.htm"}, {"form_type": "4", "filings_date": "2022-02-02", "url": "https://www.sec.gov/Archives/edgar/data/0001362190/000117911022000710/xslF345X03/edgar.xml"}, {"form_type": "8-K", "filings_date": "2022-01-20", "url": "https://www.sec.gov/Archives/edgar/data/0001362190/000110465922005931/tm222453d1_8k.htm"}, {"form_type": "4", "filings_date": "2022-01-04", "url": "https://www.sec.gov/Archives/edgar/data/0001362190/000117911022000129/xslF345X03/edgar.xml"}, {"form_type": "4", "filings_date": "2022-01-04", "url": "https://www.sec.gov/Archives/edgar/data/0001362190/000117911022000116/xslF345X03/edgar.xml"}, {"form_type": "4", "filings_date": "2022-01-04", "url": "https://www.sec.gov/Archives/edgar/data/0001362190/000117911022000117/xslF345X03/edgar.xml"}, {"form_type": "4", "filings_date": "2022-01-04", "url": "https://www.sec.gov/Archives/edgar/data/0001362190/000117911022000115/xslF345X03/edgar.xml"}, {"form_type": "4", "filings_date": "2021-12-21", "url": "https://www.sec.gov/Archives/edgar/data/0001362190/000117911021011187/xslF345X03/edgar.xml"}, {"form_type": "4", "filings_date": "2021-12-21", "url": "https://www.sec.gov/Archives/edgar/data/0001362190/000117911021011186/xslF345X03/edgar.xml"}, {"form_type": "4", "filings_date": "2021-12-20", "url": "https://www.sec.gov/Archives/edgar/data/0001362190/000117911021011138/xslF345X03/edgar.xml"}, {"form_type": "4", "filings_date": "2021-12-02", "url": "https://www.sec.gov/Archives/edgar/data/0001362190/000117911021010510/xslF345X03/edgar.xml"}, {"form_type": "4", "filings_date": "2021-12-02", "url": "https://www.sec.gov/Archives/edgar/data/0001362190/000117911021010509/xslF345X03/edgar.xml"}, {"form_type": "4", "filings_date": "2021-11-18", "url": "https://www.sec.gov/Archives/edgar/data/0001362190/000117911021010247/xslF345X03/edgar.xml"}, {"form_type": "8-K", "filings_date": "2021-11-12", "url": "https://www.sec.gov/Archives/edgar/data/0001362190/000110465921137319/tm2132222d1_8k.htm"}, {"form_type": "10-Q", "filings_date": "2021-11-12", "url": "https://www.sec.gov/Archives/edgar/data/0001362190/000141057821000108/aeye-20210930x10q.htm"}, {"form_type": "4", "filings_date": "2021-11-02", "url": "https://www.sec.gov/Archives/edgar/data/0001362190/000117911021009771/xslF345X03/edgar.xml"}, {"form_type": "4", "filings_date": "2021-10-04", "url": "https://www.sec.gov/Archives/edgar/data/0001362190/000117911021009159/xslF345X03/edgar.xml"}, {"form_type": "4", "filings_date": "2021-10-04", "url": "https://www.sec.gov/Archives/edgar/data/0001362190/000117911021009158/xslF345X03/edgar.xml"}, {"form_type": "4", "filings_date": "2021-10-04", "url": "https://www.sec.gov/Archives/edgar/data/0001362190/000117911021009157/xslF345X03/edgar.xml"}, {"form_type": "4", "filings_date": "2021-10-04", "url": "https://www.sec.gov/Archives/edgar/data/0001362190/000117911021009156/xslF345X03/edgar.xml"}, {"form_type": "3", "filings_date": "2021-09-24", "url": "https://www.sec.gov/Archives/edgar/data/0001362190/000117911021008927/xslF345X02/edgar.xml"}, {"form_type": "8-K", "filings_date": "2021-09-21", "url": "https://www.sec.gov/Archives/edgar/data/0001362190/000110465921117678/tm2127993d1_8k.htm"}, {"form_type": "4", "filings_date": "2021-09-10", "url": "https://www.sec.gov/Archives/edgar/data/0001362190/000117911021008723/xslF345X03/edgar.xml"}, {"form_type": "4", "filings_date": "2021-09-02", "url": "https://www.sec.gov/Archives/edgar/data/0001362190/000117911021008532/xslF345X03/edgar.xml"}, {"form_type": "8-K", "filings_date": "2021-08-27", "url": "https://www.sec.gov/Archives/edgar/data/0001362190/000110465921110512/tm2126002-1_8k.htm"}, {"form_type": "4", "filings_date": "2021-08-23", "url": "https://www.sec.gov/Archives/edgar/data/0001362190/000117911021008341/xslF345X03/edgar.xml"}, {"form_type": "SC 13G/A", "filings_date": "2021-08-19", "url": "https://www.sec.gov/Archives/edgar/data/0001362190/000147793221005760/audio_sc13ga.htm"}, {"form_type": "4", "filings_date": "2021-08-18", "url": "https://www.sec.gov/Archives/edgar/data/0001362190/000117911021008280/xslF345X03/edgar.xml"}, {"form_type": "4", "filings_date": "2021-08-18", "url": "https://www.sec.gov/Archives/edgar/data/0001362190/000117911021008266/xslF345X03/edgar.xml"}, {"form_type": "4", "filings_date": "2021-08-18", "url": "https://www.sec.gov/Archives/edgar/data/0001362190/000117911021008264/xslF345X03/edgar.xml"}, {"form_type": "4", "filings_date": "2021-08-18", "url": "https://www.sec.gov/Archives/edgar/data/0001362190/000117911021008263/xslF345X03/edgar.xml"}, {"form_type": "10-Q", "filings_date": "2021-08-11", "url": "https://www.sec.gov/Archives/edgar/data/0001362190/000110465921103588/aeye-20210630x10q.htm"}, {"form_type": "8-K", "filings_date": "2021-08-11", "url": "https://www.sec.gov/Archives/edgar/data/0001362190/000110465921103465/tm2118603d3_8k.htm"}, {"form_type": "4", "filings_date": "2021-08-10", "url": "https://www.sec.gov/Archives/edgar/data/0001362190/000117911021008085/xslF345X03/edgar.xml"}, {"form_type": "4", "filings_date": "2021-08-09", "url": "https://www.sec.gov/Archives/edgar/data/0001362190/000117911021008039/xslF345X03/edgar.xml"}, {"form_type": "4", "filings_date": "2021-08-03", "url": "https://www.sec.gov/Archives/edgar/data/0001362190/000117911021007875/xslF345X03/edgar.xml"}, {"form_type": "4", "filings_date": "2021-07-09", "url": "https://www.sec.gov/Archives/edgar/data/0001362190/000117911021007452/xslF345X03/edgar.xml"}, {"form_type": "4", "filings_date": "2021-07-02", "url": "https://www.sec.gov/Archives/edgar/data/0001362190/000117911021007332/xslF345X03/edgar.xml"}, {"form_type": "4", "filings_date": "2021-07-02", "url": "https://www.sec.gov/Archives/edgar/data/0001362190/000117911021007331/xslF345X03/edgar.xml"}, {"form_type": "4", "filings_date": "2021-07-02", "url": "https://www.sec.gov/Archives/edgar/data/0001362190/000117911021007329/xslF345X03/edgar.xml"}, {"form_type": "4", "filings_date": "2021-07-02", "url": "https://www.sec.gov/Archives/edgar/data/0001362190/000117911021007328/xslF345X03/edgar.xml"}, {"form_type": "4", "filings_date": "2021-06-25", "url": "https://www.sec.gov/Archives/edgar/data/0001362190/000117911021007048/xslF345X03/edgar.xml"}, {"form_type": "4", "filings_date": "2021-06-25", "url": "https://www.sec.gov/Archives/edgar/data/0001362190/000117911021007047/xslF345X03/edgar.xml"}, {"form_type": "8-K", "filings_date": "2021-06-25", "url": "https://www.sec.gov/Archives/edgar/data/0001362190/000110465921085767/tm2120549d1_8k.htm"}, {"form_type": "4", "filings_date": "2021-06-23", "url": "https://www.sec.gov/Archives/edgar/data/0001362190/000117911021006995/xslF345X03/edgar.xml"}, {"form_type": "3", "filings_date": "2021-06-23", "url": "https://www.sec.gov/Archives/edgar/data/0001362190/000117911021006994/xslF345X02/edgar.xml"}, {"form_type": "8-K", "filings_date": "2021-06-23", "url": "https://www.sec.gov/Archives/edgar/data/0001362190/000110465921084360/tm2120280d1_8k.htm"}, {"form_type": "4", "filings_date": "2021-06-21", "url": "https://www.sec.gov/Archives/edgar/data/0001362190/000117911021006930/xslF345X03/edgar.xml"}, {"form_type": "8-K", "filings_date": "2021-06-11", "url": "https://www.sec.gov/Archives/edgar/data/0001362190/000110465921080105/tm2119497d1_8k.htm"}, {"form_type": "4", "filings_date": "2021-06-02", "url": "https://www.sec.gov/Archives/edgar/data/0001362190/000117911021006259/xslF345X03/edgar.xml"}, {"form_type": "4", "filings_date": "2021-05-25", "url": "https://www.sec.gov/Archives/edgar/data/0001362190/000117911021005864/xslF345X03/edgar.xml"}, {"form_type": "4", "filings_date": "2021-05-25", "url": "https://www.sec.gov/Archives/edgar/data/0001362190/000117911021005863/xslF345X03/edgar.xml"}, {"form_type": "4", "filings_date": "2021-05-25", "url": "https://www.sec.gov/Archives/edgar/data/0001362190/000117911021005862/xslF345X03/edgar.xml"}, {"form_type": "8-K", "filings_date": "2021-05-25", "url": "https://www.sec.gov/Archives/edgar/data/0001362190/000110465921071782/tm2117521d1_8k.htm"}, {"form_type": "4", "filings_date": "2021-05-24", "url": "https://www.sec.gov/Archives/edgar/data/0001362190/000117911021005817/xslF345X03/edgar.xml"}, {"form_type": "8-K", "filings_date": "2021-05-19", "url": "https://www.sec.gov/Archives/edgar/data/0001362190/000110465921069418/tm2117024d1_8k.htm"}, {"form_type": "4", "filings_date": "2021-05-18", "url": "https://www.sec.gov/Archives/edgar/data/0001362190/000117911021005526/xslF345X03/edgar.xml"}, {"form_type": "10-Q", "filings_date": "2021-05-13", "url": "https://www.sec.gov/Archives/edgar/data/0001362190/000110465921066057/tm2111710d1_10q.htm"}, {"form_type": "8-K", "filings_date": "2021-05-13", "url": "https://www.sec.gov/Archives/edgar/data/0001362190/000110465921065925/tm2111710d3_8k.htm"}, {"form_type": "4", "filings_date": "2021-05-11", "url": "https://www.sec.gov/Archives/edgar/data/0001362190/000117911021005170/xslF345X03/edgar.xml"}, {"form_type": "4", "filings_date": "2021-04-27", "url": "https://www.sec.gov/Archives/edgar/data/0001362190/000117911021004626/xslF345X03/edgar.xml"}, {"form_type": "4", "filings_date": "2021-04-23", "url": "https://www.sec.gov/Archives/edgar/data/0001362190/000117911021004577/xslF345X03/edgar.xml"}, {"form_type": "4", "filings_date": "2021-04-15", "url": "https://www.sec.gov/Archives/edgar/data/0001362190/000117911021004455/xslF345X03/edgar.xml"}, {"form_type": "DEFA14A", "filings_date": "2021-04-08", "url": "https://www.sec.gov/Archives/edgar/data/0001362190/000110465921048165/tm212593d3_defa14a.htm"}, {"form_type": "DEF 14A", "filings_date": "2021-04-08", "url": "https://www.sec.gov/Archives/edgar/data/0001362190/000110465921048050/tm212593d1_def14a.htm"}, {"form_type": "4", "filings_date": "2021-04-05", "url": "https://www.sec.gov/Archives/edgar/data/0001362190/000117911021004201/xslF345X03/edgar.xml"}, {"form_type": "4", "filings_date": "2021-04-05", "url": "https://www.sec.gov/Archives/edgar/data/0001362190/000117911021004200/xslF345X03/edgar.xml"}, {"form_type": "4", "filings_date": "2021-04-05", "url": "https://www.sec.gov/Archives/edgar/data/0001362190/000117911021004199/xslF345X03/edgar.xml"}, {"form_type": "SC 13G/A", "filings_date": "2021-03-23", "url": "https://www.sec.gov/Archives/edgar/data/0001362190/000147793221001588/audio_sc13ga.htm"}, {"form_type": "4", "filings_date": "2021-03-22", "url": "https://www.sec.gov/Archives/edgar/data/0001362190/000117911021003685/xslF345X03/edgar.xml"}, {"form_type": "8-K", "filings_date": "2021-03-15", "url": "https://www.sec.gov/Archives/edgar/data/0001362190/000110465921035934/tm219694d1_8k.htm"}, {"form_type": "4", "filings_date": "2021-03-12", "url": "https://www.sec.gov/Archives/edgar/data/0001362190/000117911021003337/xslF345X03/edgar.xml"}, {"form_type": "10-K", "filings_date": "2021-03-11", "url": "https://www.sec.gov/Archives/edgar/data/0001362190/000110465921035092/tm211111d1_10k.htm"}, {"form_type": "8-K", "filings_date": "2021-03-11", "url": "https://www.sec.gov/Archives/edgar/data/0001362190/000110465921035026/tm219122d1_8k.htm"}, {"form_type": "3/A", "filings_date": "2021-02-26", "url": "https://www.sec.gov/Archives/edgar/data/0001362190/000117911021002367/xslF345X02/edgar.xml"}, {"form_type": "4", "filings_date": "2021-02-22", "url": "https://www.sec.gov/Archives/edgar/data/0001362190/000117911021002071/xslF345X03/edgar.xml"}, {"form_type": "424B4", "filings_date": "2021-02-22", "url": "https://www.sec.gov/Archives/edgar/data/0001362190/000110465921026034/tm217441d1_424b4.htm"}, {"form_type": "SC 13G/A", "filings_date": "2021-02-19", "url": "https://www.sec.gov/Archives/edgar/data/0001362190/000147793221000963/audio_sc13ga.htm"}, {"form_type": "SC 13G/A", "filings_date": "2021-02-16", "url": "https://www.sec.gov/Archives/edgar/data/0001362190/000110465921024034/tm216966d1_sc13ga.htm"}, {"form_type": "SC 13G/A", "filings_date": "2021-02-16", "url": "https://www.sec.gov/Archives/edgar/data/0001362190/000110465921022950/tm216611d1_sc13ga.htm"}, {"form_type": "SC 13G/A", "filings_date": "2021-02-16", "url": "https://www.sec.gov/Archives/edgar/data/0001362190/000121390021009224/ea135602-13ga2purcell_audio.htm"}, {"form_type": "SC 13G/A", "filings_date": "2021-02-12", "url": "https://www.sec.gov/Archives/edgar/data/0001362190/000131586321000182/sc_13ga_audio.htm"}, {"form_type": "424B5", "filings_date": "2021-02-12", "url": "https://www.sec.gov/Archives/edgar/data/0001362190/000110465921021072/tm216268d1_424b5.htm"}, {"form_type": "8-K", "filings_date": "2021-02-12", "url": "https://www.sec.gov/Archives/edgar/data/0001362190/000110465921021048/tm216268d2_8k.htm"}, {"form_type": "EFFECT", "filings_date": "2021-02-11", "url": "https://www.sec.gov/Archives/edgar/data/0001362190/999999999521000620/xslEFFECTX01/primary_doc.xml"}, {"form_type": "S-3/A", "filings_date": "2021-02-10", "url": "https://www.sec.gov/Archives/edgar/data/0001362190/000110465921019797/tm216098d1_s3a.htm"}, {"form_type": "CORRESP", "filings_date": "2021-02-10", "url": "https://www.sec.gov/Archives/edgar/data/0001362190/000110465921017078/filename1.htm"}, {"form_type": "UPLOAD", "filings_date": "2021-02-10", "url": "https://www.sec.gov/Archives/edgar/data/0001362190/000000000021001665/filename1.pdf"}, {"form_type": "S-3", "filings_date": "2021-02-09", "url": "https://www.sec.gov/Archives/edgar/data/0001362190/000110465921016087/tm215635d1_s3.htm"}, {"form_type": "4", "filings_date": "2021-01-15", "url": "https://www.sec.gov/Archives/edgar/data/0001362190/000117911021000660/xslF345X03/edgar.xml"}, {"form_type": "4", "filings_date": "2021-01-05", "url": "https://www.sec.gov/Archives/edgar/data/0001362190/000117911021000130/xslF345X03/edgar.xml"}, {"form_type": "4", "filings_date": "2021-01-05", "url": "https://www.sec.gov/Archives/edgar/data/0001362190/000117911021000129/xslF345X03/edgar.xml"}, {"form_type": "4", "filings_date": "2021-01-05", "url": "https://www.sec.gov/Archives/edgar/data/0001362190/000117911021000128/xslF345X03/edgar.xml"}, {"form_type": "8-K", "filings_date": "2020-12-16", "url": "https://www.sec.gov/Archives/edgar/data/0001362190/000110465920135959/tm2038596d1_8k.htm"}, {"form_type": "SC 13G/A", "filings_date": "2020-12-14", "url": "https://www.sec.gov/Archives/edgar/data/0001362190/000147793220007242/audio_sc13ga.htm"}, {"form_type": "8-K", "filings_date": "2020-12-10", "url": "https://www.sec.gov/Archives/edgar/data/0001362190/000110465920134258/tm2038250d1_8k.htm"}, {"form_type": "S-8", "filings_date": "2020-12-09", "url": "https://www.sec.gov/Archives/edgar/data/0001362190/000110465920133647/tm2037870d1_s8.htm"}, {"form_type": "10-Q", "filings_date": "2020-11-13", "url": "https://www.sec.gov/Archives/edgar/data/0001362190/000110465920124715/tm2029612d1_10q.htm"}, {"form_type": "8-K", "filings_date": "2020-11-12", "url": "https://www.sec.gov/Archives/edgar/data/0001362190/000110465920124424/tm2029612d3_8k.htm"}, {"form_type": "DEF 14A", "filings_date": "2020-11-09", "url": "https://www.sec.gov/Archives/edgar/data/0001362190/000110465920123096/tm2035372-1_def14a.htm"}, {"form_type": "PRE 14A", "filings_date": "2020-10-30", "url": "https://www.sec.gov/Archives/edgar/data/0001362190/000110465920120044/tm2034570-1_pre14a.htm"}, {"form_type": "4", "filings_date": "2020-10-26", "url": "https://www.sec.gov/Archives/edgar/data/0001362190/000110465920117940/xslF345X03/tm2034140d1_4.xml"}, {"form_type": "4", "filings_date": "2020-10-02", "url": "https://www.sec.gov/Archives/edgar/data/0001362190/000110465920111856/xslF345X03/tm2032333-1_4.xml"}, {"form_type": "4", "filings_date": "2020-10-02", "url": "https://www.sec.gov/Archives/edgar/data/0001362190/000110465920111831/xslF345X03/tm2032333-3_4.xml"}, {"form_type": "4", "filings_date": "2020-10-02", "url": "https://www.sec.gov/Archives/edgar/data/0001362190/000110465920111830/xslF345X03/tm2032333-2_4.xml"}, {"form_type": "SC 13G", "filings_date": "2020-09-24", "url": "https://www.sec.gov/Archives/edgar/data/0001362190/000110465920108357/tm2031760d1_sc13g.htm"}, {"form_type": "4", "filings_date": "2020-09-24", "url": "https://www.sec.gov/Archives/edgar/data/0001362190/000110465920108328/xslF345X03/tm2031729-3_4.xml"}, {"form_type": "4", "filings_date": "2020-09-24", "url": "https://www.sec.gov/Archives/edgar/data/0001362190/000110465920108324/xslF345X03/tm2024570-1_4.xml"}, {"form_type": "8-K/A", "filings_date": "2020-09-24", "url": "https://www.sec.gov/Archives/edgar/data/0001362190/000110465920108296/tm2031729d1_8ka.htm"}, {"form_type": "424B5", "filings_date": "2020-08-27", "url": "https://www.sec.gov/Archives/edgar/data/0001362190/000110465920099592/tm2029688-1_424b5.htm"}, {"form_type": "8-K", "filings_date": "2020-08-27", "url": "https://www.sec.gov/Archives/edgar/data/0001362190/000110465920098974/tm2029524d1_8k.htm"}, {"form_type": "S-3MEF", "filings_date": "2020-08-27", "url": "https://www.sec.gov/Archives/edgar/data/0001362190/000110465920098911/tm2029244d1_s3mef.htm"}, {"form_type": "8-K/A", "filings_date": "2020-08-26", "url": "https://www.sec.gov/Archives/edgar/data/0001362190/000110465920098684/tm2029448-1_8ka.htm"}, {"form_type": "424B5", "filings_date": "2020-08-26", "url": "https://www.sec.gov/Archives/edgar/data/0001362190/000110465920098683/tm2029241d1_424b5.htm"}, {"form_type": "3", "filings_date": "2020-08-26", "url": "https://www.sec.gov/Archives/edgar/data/0001362190/000110465920098577/xslF345X02/tm2029351d2_3.xml"}, {"form_type": "4/A", "filings_date": "2020-08-25", "url": "https://www.sec.gov/Archives/edgar/data/0001362190/000110465920098470/xslF345X03/tm2029351d1_4a.xml"}, {"form_type": "4", "filings_date": "2020-08-24", "url": "https://www.sec.gov/Archives/edgar/data/0001362190/000110465920098073/xslF345X03/tm2029298d4_4.xml"}, {"form_type": "4", "filings_date": "2020-08-24", "url": "https://www.sec.gov/Archives/edgar/data/0001362190/000110465920098072/xslF345X03/tm2029298d3_4.xml"}, {"form_type": "4", "filings_date": "2020-08-24", "url": "https://www.sec.gov/Archives/edgar/data/0001362190/000089924320023323/xslF345X03/doc4.xml"}, {"form_type": "8-K/A", "filings_date": "2020-08-24", "url": "https://www.sec.gov/Archives/edgar/data/0001362190/000110465920097756/tm2028974d2_8ka.htm"}, {"form_type": "8-K", "filings_date": "2020-08-18", "url": "https://www.sec.gov/Archives/edgar/data/0001362190/000110465920096573/tm2028872d1_8k.htm"}, {"form_type": "S-8", "filings_date": "2020-08-17", "url": "https://www.sec.gov/Archives/edgar/data/0001362190/000110465920096197/tm2027511d1_s8.htm"}, {"form_type": "4", "filings_date": "2020-08-13", "url": "https://www.sec.gov/Archives/edgar/data/0001362190/000089924320022371/xslF345X03/doc4.xml"}, {"form_type": "10-Q", "filings_date": "2020-08-13", "url": "https://www.sec.gov/Archives/edgar/data/0001362190/000110465920094732/tm2020536d1_10q.htm"}, {"form_type": "8-K", "filings_date": "2020-08-13", "url": "https://www.sec.gov/Archives/edgar/data/0001362190/000110465920094675/tm2027514d1_8k.htm"}, {"form_type": "3", "filings_date": "2020-07-23", "url": "https://www.sec.gov/Archives/edgar/data/0001362190/000110465920085974/xslF345X02/ownership.xml"}, {"form_type": "8-K", "filings_date": "2020-07-20", "url": "https://www.sec.gov/Archives/edgar/data/0001362190/000110465920084897/tm2025232-1_8k.htm"}, {"form_type": "4", "filings_date": "2020-07-10", "url": "https://www.sec.gov/Archives/edgar/data/0001362190/000110465920082762/xslF345X03/tm2024570-2_4.xml"}, {"form_type": "4", "filings_date": "2020-07-10", "url": "https://www.sec.gov/Archives/edgar/data/0001362190/000110465920082756/xslF345X03/tm2024570-1_4.xml"}, {"form_type": "8-K", "filings_date": "2020-06-04", "url": "https://www.sec.gov/Archives/edgar/data/0001362190/000110465920069698/tm2021780d1_8k.htm"}, {"form_type": "4", "filings_date": "2020-06-02", "url": "https://www.sec.gov/Archives/edgar/data/0001362190/000110465920068762/xslF345X03/tm2021551-1_4.xml"}, {"form_type": "4", "filings_date": "2020-05-27", "url": "https://www.sec.gov/Archives/edgar/data/0001362190/000110465920066564/xslF345X03/tm2021154-1_4.xml"}, {"form_type": "4", "filings_date": "2020-05-22", "url": "https://www.sec.gov/Archives/edgar/data/0001362190/000110465920065508/xslF345X03/tm2020814-6_4.xml"}, {"form_type": "4", "filings_date": "2020-05-22", "url": "https://www.sec.gov/Archives/edgar/data/0001362190/000110465920065506/xslF345X03/tm2020814-4_4.xml"}, {"form_type": "4", "filings_date": "2020-05-22", "url": "https://www.sec.gov/Archives/edgar/data/0001362190/000110465920065505/xslF345X03/tm2020814-3_4.xml"}, {"form_type": "4", "filings_date": "2020-05-22", "url": "https://www.sec.gov/Archives/edgar/data/0001362190/000110465920065509/xslF345X03/tm2020814-7_4.xml"}, {"form_type": "4", "filings_date": "2020-05-22", "url": "https://www.sec.gov/Archives/edgar/data/0001362190/000110465920065507/xslF345X03/tm2020814-5_4.xml"}, {"form_type": "4", "filings_date": "2020-05-22", "url": "https://www.sec.gov/Archives/edgar/data/0001362190/000110465920065504/xslF345X03/tm2020814-2_4.xml"}, {"form_type": "4", "filings_date": "2020-05-22", "url": "https://www.sec.gov/Archives/edgar/data/0001362190/000110465920065503/xslF345X03/tm2020814-1_4.xml"}, {"form_type": "4", "filings_date": "2020-05-22", "url": "https://www.sec.gov/Archives/edgar/data/0001362190/000089924320014044/xslF345X03/doc4.xml"}, {"form_type": "8-K", "filings_date": "2020-05-22", "url": "https://www.sec.gov/Archives/edgar/data/0001362190/000110465920065281/tm2020792d1_8k.htm"}, {"form_type": "8-K", "filings_date": "2020-05-20", "url": "https://www.sec.gov/Archives/edgar/data/0001362190/000110465920064214/tm2020225d1_8k.htm"}, {"form_type": "10-Q", "filings_date": "2020-05-15", "url": "https://www.sec.gov/Archives/edgar/data/0001362190/000110465920062412/tm2014539d1_10q.htm"}, {"form_type": "8-K", "filings_date": "2020-05-14", "url": "https://www.sec.gov/Archives/edgar/data/0001362190/000110465920061632/tm2019401d1_8k.htm"}, {"form_type": "8-K", "filings_date": "2020-04-21", "url": "https://www.sec.gov/Archives/edgar/data/0001362190/000110465920048947/tm2016344d1_8k.htm"}, {"form_type": "UPLOAD", "filings_date": "2020-04-16", "url": "https://www.sec.gov/Archives/edgar/data/0001362190/000000000020003269/filename1.pdf"}, {"form_type": "EFFECT", "filings_date": "2020-04-15", "url": "https://www.sec.gov/Archives/edgar/data/0001362190/999999999520000758/xslEFFECTX01/primary_doc.xml"}, {"form_type": "CORRESP", "filings_date": "2020-04-14", "url": "https://www.sec.gov/Archives/edgar/data/0001362190/000110465920046270/filename1.htm"}, {"form_type": "8-K", "filings_date": "2020-04-07", "url": "https://www.sec.gov/Archives/edgar/data/0001362190/000110465920044176/tm2015205d1_8k.htm"}, {"form_type": "DEFA14A", "filings_date": "2020-04-07", "url": "https://www.sec.gov/Archives/edgar/data/0001362190/000110465920044094/tm2015035d2_defa14a.htm"}, {"form_type": "DEF 14A", "filings_date": "2020-04-07", "url": "https://www.sec.gov/Archives/edgar/data/0001362190/000110465920044090/tm2015035d1_def14a.htm"}, {"form_type": "S-3", "filings_date": "2020-04-01", "url": "https://www.sec.gov/Archives/edgar/data/0001362190/000110465920041957/tm2014114d1_s3.htm"}, {"form_type": "CORRESP", "filings_date": "2020-04-01", "url": "https://www.sec.gov/Archives/edgar/data/0001362190/000110465920041960/filename1.htm"}, {"form_type": "3", "filings_date": "2020-03-30", "url": "https://www.sec.gov/Archives/edgar/data/0001362190/000095013820000189/xslF345X02/edgar.xml"}, {"form_type": "10-K", "filings_date": "2020-03-30", "url": "https://www.sec.gov/Archives/edgar/data/0001362190/000110465920040172/tm205327d1_10k.htm"}, {"form_type": "8-K", "filings_date": "2020-03-23", "url": "https://www.sec.gov/Archives/edgar/data/0001362190/000110465920037278/tm2013449d1_8k.htm"}, {"form_type": "8-K", "filings_date": "2020-03-02", "url": "https://www.sec.gov/Archives/edgar/data/0001362190/000110465920027503/tm2011353d1_8k.htm"}, {"form_type": "SC 13G/A", "filings_date": "2020-02-14", "url": "https://www.sec.gov/Archives/edgar/data/0001362190/000110465920021802/tm208015-2_sc13ga.htm"}, {"form_type": "SC 13G/A", "filings_date": "2020-02-14", "url": "https://www.sec.gov/Archives/edgar/data/0001362190/000110465920021797/tm208015-1_sc13ga.htm"}, {"form_type": "SC 13G/A", "filings_date": "2020-02-13", "url": "https://www.sec.gov/Archives/edgar/data/0001362190/000119312520035505/d885526dsc13ga.htm"}, {"form_type": "8-K", "filings_date": "2020-01-17", "url": "https://www.sec.gov/Archives/edgar/data/0001362190/000110465920005137/tm203747-1_8k.htm"}, {"form_type": "8-K", "filings_date": "2019-12-16", "url": "https://www.sec.gov/Archives/edgar/data/0001362190/000110465919073045/tm1925157-1_8k.htm"}, {"form_type": "4", "filings_date": "2019-12-10", "url": "https://www.sec.gov/Archives/edgar/data/0001362190/000089924319028836/xslF345X03/doc4.xml"}, {"form_type": "4", "filings_date": "2019-12-10", "url": "https://www.sec.gov/Archives/edgar/data/0001362190/000095013819000587/xslF345X03/edgar.xml"}, {"form_type": "3", "filings_date": "2019-11-14", "url": "https://www.sec.gov/Archives/edgar/data/0001362190/000095013819000535/xslF345X02/edgar.xml"}, {"form_type": "10-Q", "filings_date": "2019-11-14", "url": "https://www.sec.gov/Archives/edgar/data/0001362190/000110465919063605/tm1919476d1_10q.htm"}, {"form_type": "8-K", "filings_date": "2019-11-13", "url": "https://www.sec.gov/Archives/edgar/data/0001362190/000110465919063313/tm1919476d4_8k.htm"}, {"form_type": "8-K", "filings_date": "2019-09-20", "url": "https://www.sec.gov/Archives/edgar/data/0001362190/000114420419045322/tv529632_8k.htm"}, {"form_type": "4", "filings_date": "2019-08-16", "url": "https://www.sec.gov/Archives/edgar/data/0001362190/000114420419040463/xslF345X03/tv527880_4.xml"}, {"form_type": "8-K", "filings_date": "2019-08-16", "url": "https://www.sec.gov/Archives/edgar/data/0001362190/000114420419040446/tv527847_8k.htm"}, {"form_type": "4", "filings_date": "2019-08-16", "url": "https://www.sec.gov/Archives/edgar/data/0001362190/000089924319021942/xslF345X03/doc4.xml"}, {"form_type": "10-Q", "filings_date": "2019-08-14", "url": "https://www.sec.gov/Archives/edgar/data/0001362190/000114420419040124/tv526310_10q.htm"}, {"form_type": "8-K", "filings_date": "2019-08-14", "url": "https://www.sec.gov/Archives/edgar/data/0001362190/000114420419040074/tv527635_8k.htm"}, {"form_type": "4", "filings_date": "2019-07-17", "url": "https://www.sec.gov/Archives/edgar/data/0001362190/000114420419034918/xslF345X03/tv525301_4.xml"}, {"form_type": "4", "filings_date": "2019-07-17", "url": "https://www.sec.gov/Archives/edgar/data/0001362190/000114420419034916/xslF345X03/tv525300_4.xml"}, {"form_type": "EFFECT", "filings_date": "2019-07-12", "url": "https://www.sec.gov/Archives/edgar/data/0001362190/999999999519001577/xslEFFECTX01/primary_doc.xml"}, {"form_type": "POS AM", "filings_date": "2019-07-05", "url": "https://www.sec.gov/Archives/edgar/data/0001362190/000114420419033901/tv524292_posam.htm"}, {"form_type": "S-8", "filings_date": "2019-07-05", "url": "https://www.sec.gov/Archives/edgar/data/0001362190/000114420419033895/tv524746_s8.htm"}, {"form_type": "4", "filings_date": "2019-06-05", "url": "https://www.sec.gov/Archives/edgar/data/0001362190/000114420419029924/xslF345X03/tv523125_4.xml"}, {"form_type": "4", "filings_date": "2019-06-05", "url": "https://www.sec.gov/Archives/edgar/data/0001362190/000114420419029923/xslF345X03/tv523124_4.xml"}, {"form_type": "4", "filings_date": "2019-06-05", "url": "https://www.sec.gov/Archives/edgar/data/0001362190/000114420419029921/xslF345X03/tv523122_4.xml"}, {"form_type": "4", "filings_date": "2019-06-05", "url": "https://www.sec.gov/Archives/edgar/data/0001362190/000114420419029920/xslF345X03/tv523120_4.xml"}, {"form_type": "4", "filings_date": "2019-06-05", "url": "https://www.sec.gov/Archives/edgar/data/0001362190/000114420419029918/xslF345X03/tv523118_4.xml"}, {"form_type": "4", "filings_date": "2019-06-05", "url": "https://www.sec.gov/Archives/edgar/data/0001362190/000114420419029915/xslF345X03/tv523116_4.xml"}, {"form_type": "4", "filings_date": "2019-06-05", "url": "https://www.sec.gov/Archives/edgar/data/0001362190/000114420419029913/xslF345X03/tv523115_4.xml"}, {"form_type": "3", "filings_date": "2019-05-28", "url": "https://www.sec.gov/Archives/edgar/data/0001362190/000095013819000327/xslF345X02/edgar.xml"}, {"form_type": "S-8", "filings_date": "2019-05-24", "url": "https://www.sec.gov/Archives/edgar/data/0001362190/000114420419028188/tv522423_s8.htm"}, {"form_type": "10-Q", "filings_date": "2019-05-14", "url": "https://www.sec.gov/Archives/edgar/data/0001362190/000114420419026071/tv520172_10q.htm"}, {"form_type": "8-K", "filings_date": "2019-05-14", "url": "https://www.sec.gov/Archives/edgar/data/0001362190/000114420419025994/tv521519_8k.htm"}, {"form_type": "4", "filings_date": "2019-04-15", "url": "https://www.sec.gov/Archives/edgar/data/0001362190/000114420419019668/xslF345X03/tv518885_form4.xml"}, {"form_type": "DEF 14A", "filings_date": "2019-04-05", "url": "https://www.sec.gov/Archives/edgar/data/0001362190/000114420419018461/tv518168_def14a.htm"}, {"form_type": "10-K", "filings_date": "2019-03-27", "url": "https://www.sec.gov/Archives/edgar/data/0001362190/000114420419016348/tv516009_10k.htm"}, {"form_type": "8-K", "filings_date": "2019-03-27", "url": "https://www.sec.gov/Archives/edgar/data/0001362190/000114420419016313/tv517223_8k.htm"}, {"form_type": "3", "filings_date": "2019-03-08", "url": "https://www.sec.gov/Archives/edgar/data/0001362190/000114420419013105/xslF345X02/tv515800_3.xml"}, {"form_type": "4", "filings_date": "2019-03-01", "url": "https://www.sec.gov/Archives/edgar/data/0001362190/000114420419011685/xslF345X03/tv515170_4.xml"}, {"form_type": "3/A", "filings_date": "2019-03-01", "url": "https://www.sec.gov/Archives/edgar/data/0001362190/000114420419011682/xslF345X02/tv514938_form3a.xml"}, {"form_type": "3/A", "filings_date": "2019-03-01", "url": "https://www.sec.gov/Archives/edgar/data/0001362190/000114420419011681/xslF345X02/tv514936_form3.xml"}, {"form_type": "8-K", "filings_date": "2019-03-01", "url": "https://www.sec.gov/Archives/edgar/data/0001362190/000114420419011679/tv515169_8k.htm"}, {"form_type": "SC 13G", "filings_date": "2019-02-26", "url": "https://www.sec.gov/Archives/edgar/data/0001362190/000147793219000652/audio_sc13g.htm"}, {"form_type": "SC 13G", "filings_date": "2019-02-19", "url": "https://www.sec.gov/Archives/edgar/data/0001362190/000114420419008874/tv513988_sc13g.htm"}, {"form_type": "3/A", "filings_date": "2019-02-19", "url": "https://www.sec.gov/Archives/edgar/data/0001362190/000114420419008827/xslF345X02/tv514034_3a.xml"}, {"form_type": "SC 13G", "filings_date": "2019-02-19", "url": "https://www.sec.gov/Archives/edgar/data/0001362190/000114420419008820/tv513986_sc13g.htm"}, {"form_type": "4", "filings_date": "2019-02-15", "url": "https://www.sec.gov/Archives/edgar/data/0001362190/000114420419008702/xslF345X03/tv513908_4.xml"}, {"form_type": "3/A", "filings_date": "2019-02-15", "url": "https://www.sec.gov/Archives/edgar/data/0001362190/000114420419008699/xslF345X02/tv513907_3a.xml"}, {"form_type": "8-K", "filings_date": "2019-02-12", "url": "https://www.sec.gov/Archives/edgar/data/0001362190/000114420419006631/tv513102_8k.htm"}, {"form_type": "SC 13G", "filings_date": "2019-02-05", "url": "https://www.sec.gov/Archives/edgar/data/0001362190/000119312519027519/d625322dsc13g.htm"}, {"form_type": "8-K", "filings_date": "2019-01-22", "url": "https://www.sec.gov/Archives/edgar/data/0001362190/000114420419002273/tv511311_8k.htm"}, {"form_type": "4", "filings_date": "2019-01-16", "url": "https://www.sec.gov/Archives/edgar/data/0001362190/000114420419001874/xslF345X03/tv511098_4.xml"}, {"form_type": "4", "filings_date": "2019-01-16", "url": "https://www.sec.gov/Archives/edgar/data/0001362190/000114420419001873/xslF345X03/tv511097_4.xml"}, {"form_type": "4", "filings_date": "2018-12-31", "url": "https://www.sec.gov/Archives/edgar/data/0001362190/000114420418066794/xslF345X03/tv510085_form4.xml"}, {"form_type": "4", "filings_date": "2018-12-31", "url": "https://www.sec.gov/Archives/edgar/data/0001362190/000114420418066792/xslF345X03/tv510086_form4.xml"}, {"form_type": "4", "filings_date": "2018-12-31", "url": "https://www.sec.gov/Archives/edgar/data/0001362190/000114420418066790/xslF345X03/tv510087_form4.xml"}, {"form_type": "4", "filings_date": "2018-12-31", "url": "https://www.sec.gov/Archives/edgar/data/0001362190/000114420418066788/xslF345X03/tv510084_form4.xml"}, {"form_type": "8-K/A", "filings_date": "2018-12-18", "url": "https://www.sec.gov/Archives/edgar/data/0001362190/000114420418065003/tv509345_8ka.htm"}, {"form_type": "8-K", "filings_date": "2018-12-17", "url": "https://www.sec.gov/Archives/edgar/data/0001362190/000114420418064739/tv509258_8k.htm"}, {"form_type": "10-Q", "filings_date": "2018-11-14", "url": "https://www.sec.gov/Archives/edgar/data/0001362190/000114420418059918/tv506279_10q.htm"}, {"form_type": "8-K", "filings_date": "2018-10-25", "url": "https://www.sec.gov/Archives/edgar/data/0001362190/000114420418055355/tv505511_8k.htm"}, {"form_type": "UPLOAD", "filings_date": "2018-09-19", "url": "https://www.sec.gov/Archives/edgar/data/0001362190/000000000018029476/filename1.pdf"}, {"form_type": "EFFECT", "filings_date": "2018-09-14", "url": "https://www.sec.gov/Archives/edgar/data/0001362190/999999999518002378/xslEFFECTX01/primary_doc.xml"}, {"form_type": "CORRESP", "filings_date": "2018-09-12", "url": "https://www.sec.gov/Archives/edgar/data/0001362190/000114420418049156/filename1.htm"}, {"form_type": "3", "filings_date": "2018-09-04", "url": "https://www.sec.gov/Archives/edgar/data/0001362190/000089924318023721/xslF345X02/doc3.xml"}, {"form_type": "S-1", "filings_date": "2018-09-04", "url": "https://www.sec.gov/Archives/edgar/data/0001362190/000114420418047819/tv501651_s1.htm"}, {"form_type": "3", "filings_date": "2018-09-04", "url": "https://www.sec.gov/Archives/edgar/data/0001362190/000114420418047802/xslF345X02/tv502219_form3.xml"}, {"form_type": "3", "filings_date": "2018-09-04", "url": "https://www.sec.gov/Archives/edgar/data/0001362190/000114420418047797/xslF345X02/tv502220_form3.xml"}, {"form_type": "3", "filings_date": "2018-09-04", "url": "https://www.sec.gov/Archives/edgar/data/0001362190/000114420418047795/xslF345X02/tv502221_form3.xml"}, {"form_type": "3", "filings_date": "2018-09-04", "url": "https://www.sec.gov/Archives/edgar/data/0001362190/000114420418047794/xslF345X02/tv502218_form3.xml"}, {"form_type": "3", "filings_date": "2018-09-04", "url": "https://www.sec.gov/Archives/edgar/data/0001362190/000114420418047791/xslF345X02/tv502222_form3.xml"}, {"form_type": "3", "filings_date": "2018-09-04", "url": "https://www.sec.gov/Archives/edgar/data/0001362190/000114420418047789/xslF345X02/tv502217_form3.xml"}, {"form_type": "8-K", "filings_date": "2018-09-04", "url": "https://www.sec.gov/Archives/edgar/data/0001362190/000114420418047713/tv502210_8k.htm"}, {"form_type": "CERT", "filings_date": "2018-09-04", "url": "https://www.sec.gov/Archives/edgar/data/0001362190/000135445718000335/8A_Cert_AEYE.pdf"}, {"form_type": "8-A12B", "filings_date": "2018-09-04", "url": "https://www.sec.gov/Archives/edgar/data/0001362190/000114420418047665/tv502128_8a12b.htm"}, {"form_type": "10-Q", "filings_date": "2018-08-14", "url": "https://www.sec.gov/Archives/edgar/data/0001362190/000114420418044402/tv499735_10q.htm"}, {"form_type": "8-K", "filings_date": "2018-08-07", "url": "https://www.sec.gov/Archives/edgar/data/0001362190/000114420418042215/tv500195_8k.htm"}, {"form_type": "8-K", "filings_date": "2018-07-31", "url": "https://www.sec.gov/Archives/edgar/data/0001362190/000114420418040883/tv499731_8k.htm"}, {"form_type": "DEF 14C", "filings_date": "2018-07-10", "url": "https://www.sec.gov/Archives/edgar/data/0001362190/000114420418037816/tv498233_def14c.htm"}, {"form_type": "8-K", "filings_date": "2018-07-10", "url": "https://www.sec.gov/Archives/edgar/data/0001362190/000114420418037752/tv498200_8k.htm"}, {"form_type": "PRE 14C", "filings_date": "2018-06-28", "url": "https://www.sec.gov/Archives/edgar/data/0001362190/000114420418036400/tv497506_pre14c.htm"}, {"form_type": "10-Q", "filings_date": "2018-05-15", "url": "https://www.sec.gov/Archives/edgar/data/0001362190/000114420418028602/tv493220_10q.htm"}, {"form_type": "8-K", "filings_date": "2018-05-15", "url": "https://www.sec.gov/Archives/edgar/data/0001362190/000114420418028363/tv494000_8k.htm"}, {"form_type": "8-K", "filings_date": "2018-04-17", "url": "https://www.sec.gov/Archives/edgar/data/0001362190/000114420418020807/tv491132_8k.htm"}, {"form_type": "10-K", "filings_date": "2018-04-02", "url": "https://www.sec.gov/Archives/edgar/data/0001362190/000114420418018523/tv488829_10k.htm"}, {"form_type": "8-K", "filings_date": "2018-03-13", "url": "https://www.sec.gov/Archives/edgar/data/0001362190/000114420418014223/tv488263_8k.htm"}, {"form_type": "8-K", "filings_date": "2018-03-08", "url": "https://www.sec.gov/Archives/edgar/data/0001362190/000114420418013463/tv487977_8k.htm"}, {"form_type": "8-K", "filings_date": "2018-02-16", "url": "https://www.sec.gov/Archives/edgar/data/0001362190/000114420418009584/tv486229_8k.htm"}, {"form_type": "8-K", "filings_date": "2018-01-10", "url": "https://www.sec.gov/Archives/edgar/data/0001362190/000114420418001562/tv482954_8k.htm"}, {"form_type": "8-K", "filings_date": "2017-12-05", "url": "https://www.sec.gov/Archives/edgar/data/0001362190/000114420417062328/tv480813_8k.htm"}, {"form_type": "8-K", "filings_date": "2017-11-15", "url": "https://www.sec.gov/Archives/edgar/data/0001362190/000114420417059202/tv479579_8k.htm"}, {"form_type": "10-Q", "filings_date": "2017-11-14", "url": "https://www.sec.gov/Archives/edgar/data/0001362190/000114420417058769/tv477786_10q.htm"}, {"form_type": "8-K", "filings_date": "2017-10-16", "url": "https://www.sec.gov/Archives/edgar/data/0001362190/000114420417052613/tv477013_8k.htm"}, {"form_type": "8-K", "filings_date": "2017-10-10", "url": "https://www.sec.gov/Archives/edgar/data/0001362190/000114420417051733/v476633_8k.htm"}, {"form_type": "8-K", "filings_date": "2017-10-05", "url": "https://www.sec.gov/Archives/edgar/data/0001362190/000114420417051494/v476547_8k.htm"}, {"form_type": "10-Q", "filings_date": "2017-08-14", "url": "https://www.sec.gov/Archives/edgar/data/0001362190/000114420417042959/v472170_10q.htm"}, {"form_type": "8-K", "filings_date": "2017-07-20", "url": "https://www.sec.gov/Archives/edgar/data/0001362190/000114420417037468/v471137_8k.htm"}, {"form_type": "8-K", "filings_date": "2017-07-11", "url": "https://www.sec.gov/Archives/edgar/data/0001362190/000114420417036370/v470593_8k.htm"}, {"form_type": "8-K", "filings_date": "2017-07-06", "url": "https://www.sec.gov/Archives/edgar/data/0001362190/000114420417035840/v470406_8k.htm"}, {"form_type": "10-Q", "filings_date": "2017-05-15", "url": "https://www.sec.gov/Archives/edgar/data/0001362190/000114420417027028/v465826_10q.htm"}, {"form_type": "8-K", "filings_date": "2017-05-11", "url": "https://www.sec.gov/Archives/edgar/data/0001362190/000114420417026226/v466596_8k.htm"}, {"form_type": "8-K", "filings_date": "2017-04-17", "url": "https://www.sec.gov/Archives/edgar/data/0001362190/000114420417020609/v464354_8k.htm"}, {"form_type": "10-K", "filings_date": "2017-03-30", "url": "https://www.sec.gov/Archives/edgar/data/0001362190/000114420417017567/v462148_10k.htm"}, {"form_type": "8-K", "filings_date": "2017-02-06", "url": "https://www.sec.gov/Archives/edgar/data/0001362190/000114420417006041/v458438_8k.htm"}, {"form_type": "8-K", "filings_date": "2017-01-27", "url": "https://www.sec.gov/Archives/edgar/data/0001362190/000114420417004154/v457607_8k.htm"}, {"form_type": "8-K", "filings_date": "2017-01-04", "url": "https://www.sec.gov/Archives/edgar/data/0001362190/000114420417000398/v456185_8k.htm"}]}