{"company": {"cik": "0001348036", "name": "AVALARA, INC.", "sic": "Services-Prepackaged Software", "state_incorp": "WA", "ticker": "AVLR", "mailing_addr": "255 S. KING ST., SEATTLE, WA, 98104", "category": "Large accelerated filer", "fiscal_year_end": "31, December"}, "filings": [{"form_type": "4", "filings_date": "2022-03-16", "url": "https://www.sec.gov/Archives/edgar/data/0001348036/000120919122019322/xslF345X03/doc4.xml"}, {"form_type": "4", "filings_date": "2022-03-16", "url": "https://www.sec.gov/Archives/edgar/data/0001348036/000120919122019318/xslF345X03/doc4.xml"}, {"form_type": "4", "filings_date": "2022-03-16", "url": "https://www.sec.gov/Archives/edgar/data/0001348036/000120919122019312/xslF345X03/doc4.xml"}, {"form_type": "4", "filings_date": "2022-03-16", "url": "https://www.sec.gov/Archives/edgar/data/0001348036/000120919122019308/xslF345X03/doc4.xml"}, {"form_type": "4", "filings_date": "2022-03-11", "url": "https://www.sec.gov/Archives/edgar/data/0001348036/000120919122018260/xslF345X03/doc4.xml"}, {"form_type": "4", "filings_date": "2022-03-09", "url": "https://www.sec.gov/Archives/edgar/data/0001348036/000120919122017659/xslF345X03/doc4.xml"}, {"form_type": "4", "filings_date": "2022-03-09", "url": "https://www.sec.gov/Archives/edgar/data/0001348036/000120919122017655/xslF345X03/doc4.xml"}, {"form_type": "4", "filings_date": "2022-03-09", "url": "https://www.sec.gov/Archives/edgar/data/0001348036/000120919122017647/xslF345X03/doc4.xml"}, {"form_type": "4", "filings_date": "2022-03-09", "url": "https://www.sec.gov/Archives/edgar/data/0001348036/000120919122017641/xslF345X03/doc4.xml"}, {"form_type": "4", "filings_date": "2022-03-09", "url": "https://www.sec.gov/Archives/edgar/data/0001348036/000120919122017637/xslF345X03/doc4.xml"}, {"form_type": "4", "filings_date": "2022-03-04", "url": "https://www.sec.gov/Archives/edgar/data/0001348036/000120919122016462/xslF345X03/doc4.xml"}, {"form_type": "4", "filings_date": "2022-03-03", "url": "https://www.sec.gov/Archives/edgar/data/0001348036/000120919122015843/xslF345X03/doc4.xml"}, {"form_type": "S-8", "filings_date": "2022-02-24", "url": "https://www.sec.gov/Archives/edgar/data/0001348036/000119312522052366/d295468ds8.htm"}, {"form_type": "10-K", "filings_date": "2022-02-24", "url": "https://www.sec.gov/Archives/edgar/data/0001348036/000156459022006696/avlr-10k_20211231.htm"}, {"form_type": "4", "filings_date": "2022-02-16", "url": "https://www.sec.gov/Archives/edgar/data/0001348036/000120919122010275/xslF345X03/doc4.xml"}, {"form_type": "SC 13G/A", "filings_date": "2022-02-14", "url": "https://www.sec.gov/Archives/edgar/data/0001348036/000008025522002115/avlr13gadec21.txt"}, {"form_type": "8-K", "filings_date": "2022-02-10", "url": "https://www.sec.gov/Archives/edgar/data/0001348036/000156459022004605/avlr-8k_20220210.htm"}, {"form_type": "4", "filings_date": "2022-02-09", "url": "https://www.sec.gov/Archives/edgar/data/0001348036/000120919122008152/xslF345X03/doc4.xml"}, {"form_type": "4", "filings_date": "2022-02-09", "url": "https://www.sec.gov/Archives/edgar/data/0001348036/000120919122008148/xslF345X03/doc4.xml"}, {"form_type": "4", "filings_date": "2022-02-09", "url": "https://www.sec.gov/Archives/edgar/data/0001348036/000120919122008144/xslF345X03/doc4.xml"}, {"form_type": "4", "filings_date": "2022-02-09", "url": "https://www.sec.gov/Archives/edgar/data/0001348036/000120919122008139/xslF345X03/doc4.xml"}, {"form_type": "4", "filings_date": "2022-02-09", "url": "https://www.sec.gov/Archives/edgar/data/0001348036/000120919122008134/xslF345X03/doc4.xml"}, {"form_type": "SC 13G/A", "filings_date": "2022-02-09", "url": "https://www.sec.gov/Archives/edgar/data/0001348036/000110465922016567/tv0346-avalarainc.htm"}, {"form_type": "SC 13G", "filings_date": "2022-02-04", "url": "https://www.sec.gov/Archives/edgar/data/0001348036/000167885822000110/SEC13G_Filing.htm"}, {"form_type": "5", "filings_date": "2022-02-03", "url": "https://www.sec.gov/Archives/edgar/data/0001348036/000120919122007048/xslF345X03/doc5.xml"}, {"form_type": "SC 13G", "filings_date": "2022-02-03", "url": "https://www.sec.gov/Archives/edgar/data/0001348036/000003877722000016/aval21in.htm"}, {"form_type": "SC 13G/A", "filings_date": "2022-02-03", "url": "https://www.sec.gov/Archives/edgar/data/0001348036/000083423722005432/us05338g1067_020222.txt"}, {"form_type": "4", "filings_date": "2022-01-27", "url": "https://www.sec.gov/Archives/edgar/data/0001348036/000120919122005253/xslF345X03/doc4.xml"}, {"form_type": "4", "filings_date": "2022-01-27", "url": "https://www.sec.gov/Archives/edgar/data/0001348036/000120919122005246/xslF345X03/doc4.xml"}, {"form_type": "4", "filings_date": "2022-01-27", "url": "https://www.sec.gov/Archives/edgar/data/0001348036/000120919122005240/xslF345X03/doc4.xml"}, {"form_type": "4", "filings_date": "2022-01-27", "url": "https://www.sec.gov/Archives/edgar/data/0001348036/000120919122005229/xslF345X03/doc4.xml"}, {"form_type": "4", "filings_date": "2022-01-07", "url": "https://www.sec.gov/Archives/edgar/data/0001348036/000120919122002561/xslF345X03/doc4.xml"}, {"form_type": "4", "filings_date": "2022-01-07", "url": "https://www.sec.gov/Archives/edgar/data/0001348036/000120919122002545/xslF345X03/doc4.xml"}, {"form_type": "4", "filings_date": "2022-01-06", "url": "https://www.sec.gov/Archives/edgar/data/0001348036/000120919122002230/xslF345X03/doc4.xml"}, {"form_type": "4", "filings_date": "2022-01-06", "url": "https://www.sec.gov/Archives/edgar/data/0001348036/000120919122002226/xslF345X03/doc4.xml"}, {"form_type": "4", "filings_date": "2022-01-04", "url": "https://www.sec.gov/Archives/edgar/data/0001348036/000120919122001044/xslF345X03/doc4.xml"}, {"form_type": "4", "filings_date": "2021-12-08", "url": "https://www.sec.gov/Archives/edgar/data/0001348036/000120919121068543/xslF345X03/doc4.xml"}, {"form_type": "4", "filings_date": "2021-12-07", "url": "https://www.sec.gov/Archives/edgar/data/0001348036/000120919121068382/xslF345X03/doc4.xml"}, {"form_type": "4", "filings_date": "2021-12-07", "url": "https://www.sec.gov/Archives/edgar/data/0001348036/000120919121068364/xslF345X03/doc4.xml"}, {"form_type": "4", "filings_date": "2021-12-02", "url": "https://www.sec.gov/Archives/edgar/data/0001348036/000120919121067645/xslF345X03/doc4.xml"}, {"form_type": "4", "filings_date": "2021-11-16", "url": "https://www.sec.gov/Archives/edgar/data/0001348036/000120919121064827/xslF345X03/doc4.xml"}, {"form_type": "4", "filings_date": "2021-11-12", "url": "https://www.sec.gov/Archives/edgar/data/0001348036/000120919121064269/xslF345X03/doc4.xml"}, {"form_type": "4", "filings_date": "2021-11-09", "url": "https://www.sec.gov/Archives/edgar/data/0001348036/000120919121063655/xslF345X03/doc4.xml"}, {"form_type": "10-Q", "filings_date": "2021-11-05", "url": "https://www.sec.gov/Archives/edgar/data/0001348036/000156459021054616/avlr-10q_20210930.htm"}, {"form_type": "8-K", "filings_date": "2021-11-04", "url": "https://www.sec.gov/Archives/edgar/data/0001348036/000156459021054546/avlr-8k_20211104.htm"}, {"form_type": "4", "filings_date": "2021-10-27", "url": "https://www.sec.gov/Archives/edgar/data/0001348036/000120919121061855/xslF345X03/doc4.xml"}, {"form_type": "8-K", "filings_date": "2021-10-18", "url": "https://www.sec.gov/Archives/edgar/data/0001348036/000119312521301108/d184310d8k.htm"}, {"form_type": "4", "filings_date": "2021-10-12", "url": "https://www.sec.gov/Archives/edgar/data/0001348036/000120919121060285/xslF345X03/doc4.xml"}, {"form_type": "4", "filings_date": "2021-10-06", "url": "https://www.sec.gov/Archives/edgar/data/0001348036/000120919121059875/xslF345X03/doc4.xml"}, {"form_type": "4", "filings_date": "2021-10-06", "url": "https://www.sec.gov/Archives/edgar/data/0001348036/000120919121059873/xslF345X03/doc4.xml"}, {"form_type": "8-K", "filings_date": "2021-10-01", "url": "https://www.sec.gov/Archives/edgar/data/0001348036/000119312521289786/d246645d8k.htm"}, {"form_type": "4", "filings_date": "2021-09-13", "url": "https://www.sec.gov/Archives/edgar/data/0001348036/000120919121055758/xslF345X03/doc4.xml"}, {"form_type": "4", "filings_date": "2021-09-08", "url": "https://www.sec.gov/Archives/edgar/data/0001348036/000120919121055232/xslF345X03/doc4.xml"}, {"form_type": "4", "filings_date": "2021-09-08", "url": "https://www.sec.gov/Archives/edgar/data/0001348036/000120919121055230/xslF345X03/doc4.xml"}, {"form_type": "4", "filings_date": "2021-09-02", "url": "https://www.sec.gov/Archives/edgar/data/0001348036/000120919121054597/xslF345X03/doc4.xml"}, {"form_type": "3", "filings_date": "2021-09-02", "url": "https://www.sec.gov/Archives/edgar/data/0001348036/000120919121054593/xslF345X02/doc3.xml"}, {"form_type": "8-K", "filings_date": "2021-09-01", "url": "https://www.sec.gov/Archives/edgar/data/0001348036/000119312521263339/d566050d8k.htm"}, {"form_type": "4", "filings_date": "2021-08-17", "url": "https://www.sec.gov/Archives/edgar/data/0001348036/000120919121052032/xslF345X03/doc4.xml"}, {"form_type": "8-K", "filings_date": "2021-08-13", "url": "https://www.sec.gov/Archives/edgar/data/0001348036/000119312521246191/d117443d8k.htm"}, {"form_type": "4", "filings_date": "2021-08-12", "url": "https://www.sec.gov/Archives/edgar/data/0001348036/000120919121051101/xslF345X03/doc4.xml"}, {"form_type": "4", "filings_date": "2021-08-09", "url": "https://www.sec.gov/Archives/edgar/data/0001348036/000120919121050430/xslF345X03/doc4.xml"}, {"form_type": "4", "filings_date": "2021-08-06", "url": "https://www.sec.gov/Archives/edgar/data/0001348036/000120919121050186/xslF345X03/doc4.xml"}, {"form_type": "10-Q", "filings_date": "2021-08-06", "url": "https://www.sec.gov/Archives/edgar/data/0001348036/000156459021041748/avlr-10q_20210630.htm"}, {"form_type": "8-K", "filings_date": "2021-08-05", "url": "https://www.sec.gov/Archives/edgar/data/0001348036/000156459021041657/avlr-8k_20210805.htm"}, {"form_type": "4", "filings_date": "2021-07-28", "url": "https://www.sec.gov/Archives/edgar/data/0001348036/000120919121048427/xslF345X03/doc4.xml"}, {"form_type": "4", "filings_date": "2021-07-13", "url": "https://www.sec.gov/Archives/edgar/data/0001348036/000120919121046582/xslF345X03/doc4.xml"}, {"form_type": "4", "filings_date": "2021-07-07", "url": "https://www.sec.gov/Archives/edgar/data/0001348036/000120919121045884/xslF345X03/doc4.xml"}, {"form_type": "4", "filings_date": "2021-07-07", "url": "https://www.sec.gov/Archives/edgar/data/0001348036/000120919121045872/xslF345X03/doc4.xml"}, {"form_type": "4", "filings_date": "2021-07-07", "url": "https://www.sec.gov/Archives/edgar/data/0001348036/000120919121045856/xslF345X03/doc4.xml"}, {"form_type": "4", "filings_date": "2021-07-02", "url": "https://www.sec.gov/Archives/edgar/data/0001348036/000120919121045070/xslF345X03/doc4.xml"}, {"form_type": "4", "filings_date": "2021-07-02", "url": "https://www.sec.gov/Archives/edgar/data/0001348036/000120919121045045/xslF345X03/doc4.xml"}, {"form_type": "3", "filings_date": "2021-07-02", "url": "https://www.sec.gov/Archives/edgar/data/0001348036/000120919121045024/xslF345X02/doc3.xml"}, {"form_type": "3", "filings_date": "2021-07-02", "url": "https://www.sec.gov/Archives/edgar/data/0001348036/000120919121044992/xslF345X02/doc3.xml"}, {"form_type": "8-K", "filings_date": "2021-06-29", "url": "https://www.sec.gov/Archives/edgar/data/0001348036/000119312521203307/d125565d8k.htm"}, {"form_type": "4", "filings_date": "2021-06-15", "url": "https://www.sec.gov/Archives/edgar/data/0001348036/000120919121040702/xslF345X03/doc4.xml"}, {"form_type": "4", "filings_date": "2021-06-15", "url": "https://www.sec.gov/Archives/edgar/data/0001348036/000120919121040698/xslF345X03/doc4.xml"}, {"form_type": "4", "filings_date": "2021-06-15", "url": "https://www.sec.gov/Archives/edgar/data/0001348036/000120919121040586/xslF345X03/doc4.xml"}, {"form_type": "4", "filings_date": "2021-06-11", "url": "https://www.sec.gov/Archives/edgar/data/0001348036/000120919121039997/xslF345X03/doc4.xml"}, {"form_type": "4", "filings_date": "2021-06-11", "url": "https://www.sec.gov/Archives/edgar/data/0001348036/000120919121039861/xslF345X03/doc4.xml"}, {"form_type": "4", "filings_date": "2021-06-08", "url": "https://www.sec.gov/Archives/edgar/data/0001348036/000120919121038983/xslF345X03/doc4.xml"}, {"form_type": "4", "filings_date": "2021-06-07", "url": "https://www.sec.gov/Archives/edgar/data/0001348036/000120919121038722/xslF345X03/doc4.xml"}, {"form_type": "4", "filings_date": "2021-06-07", "url": "https://www.sec.gov/Archives/edgar/data/0001348036/000120919121038720/xslF345X03/doc4.xml"}, {"form_type": "4", "filings_date": "2021-06-07", "url": "https://www.sec.gov/Archives/edgar/data/0001348036/000120919121038715/xslF345X03/doc4.xml"}, {"form_type": "4", "filings_date": "2021-06-07", "url": "https://www.sec.gov/Archives/edgar/data/0001348036/000120919121038710/xslF345X03/doc4.xml"}, {"form_type": "4", "filings_date": "2021-06-07", "url": "https://www.sec.gov/Archives/edgar/data/0001348036/000120919121038691/xslF345X03/doc4.xml"}, {"form_type": "4", "filings_date": "2021-06-07", "url": "https://www.sec.gov/Archives/edgar/data/0001348036/000120919121038668/xslF345X03/doc4.xml"}, {"form_type": "4", "filings_date": "2021-06-07", "url": "https://www.sec.gov/Archives/edgar/data/0001348036/000120919121038659/xslF345X03/doc4.xml"}, {"form_type": "4", "filings_date": "2021-06-07", "url": "https://www.sec.gov/Archives/edgar/data/0001348036/000120919121038634/xslF345X03/doc4.xml"}, {"form_type": "8-K", "filings_date": "2021-06-04", "url": "https://www.sec.gov/Archives/edgar/data/0001348036/000119312521182949/d173578d8k.htm"}, {"form_type": "8-K", "filings_date": "2021-05-27", "url": "https://www.sec.gov/Archives/edgar/data/0001348036/000119312521174217/d178290d8k.htm"}, {"form_type": "4", "filings_date": "2021-05-18", "url": "https://www.sec.gov/Archives/edgar/data/0001348036/000120919121033490/xslF345X03/doc4.xml"}, {"form_type": "4", "filings_date": "2021-05-11", "url": "https://www.sec.gov/Archives/edgar/data/0001348036/000120919121031786/xslF345X03/doc4.xml"}, {"form_type": "10-Q", "filings_date": "2021-05-07", "url": "https://www.sec.gov/Archives/edgar/data/0001348036/000156459021025131/avlr-10q_20210331.htm"}, {"form_type": "4", "filings_date": "2021-05-06", "url": "https://www.sec.gov/Archives/edgar/data/0001348036/000120919121030640/xslF345X03/doc4.xml"}, {"form_type": "8-K", "filings_date": "2021-05-06", "url": "https://www.sec.gov/Archives/edgar/data/0001348036/000156459021025070/avlr-8k_20210506.htm"}, {"form_type": "8-K", "filings_date": "2021-04-20", "url": "https://www.sec.gov/Archives/edgar/data/0001348036/000119312521122848/d168618d8k.htm"}, {"form_type": "DEFA14A", "filings_date": "2021-04-20", "url": "https://www.sec.gov/Archives/edgar/data/0001348036/000119312521122791/d75696ddefa14a.htm"}, {"form_type": "DEF 14A", "filings_date": "2021-04-20", "url": "https://www.sec.gov/Archives/edgar/data/0001348036/000119312521122783/d101549ddef14a.htm"}, {"form_type": "4", "filings_date": "2021-04-13", "url": "https://www.sec.gov/Archives/edgar/data/0001348036/000120919121026446/xslF345X03/doc4.xml"}, {"form_type": "4", "filings_date": "2021-04-07", "url": "https://www.sec.gov/Archives/edgar/data/0001348036/000120919121025980/xslF345X03/doc4.xml"}, {"form_type": "4", "filings_date": "2021-04-07", "url": "https://www.sec.gov/Archives/edgar/data/0001348036/000120919121025977/xslF345X03/doc4.xml"}, {"form_type": "4", "filings_date": "2021-04-07", "url": "https://www.sec.gov/Archives/edgar/data/0001348036/000120919121025961/xslF345X03/doc4.xml"}, {"form_type": "8-K", "filings_date": "2021-04-06", "url": "https://www.sec.gov/Archives/edgar/data/0001348036/000119312521107661/d31650d8k.htm"}, {"form_type": "4", "filings_date": "2021-03-31", "url": "https://www.sec.gov/Archives/edgar/data/0001348036/000120919121023813/xslF345X03/doc4.xml"}, {"form_type": "10-K/A", "filings_date": "2021-03-22", "url": "https://www.sec.gov/Archives/edgar/data/0001348036/000119312521089764/d122739d10ka.htm"}, {"form_type": "4", "filings_date": "2021-03-19", "url": "https://www.sec.gov/Archives/edgar/data/0001348036/000120919121022156/xslF345X03/doc4.xml"}, {"form_type": "4", "filings_date": "2021-03-11", "url": "https://www.sec.gov/Archives/edgar/data/0001348036/000120919121019807/xslF345X03/doc4.xml"}, {"form_type": "4", "filings_date": "2021-03-10", "url": "https://www.sec.gov/Archives/edgar/data/0001348036/000120919121019595/xslF345X03/doc4.xml"}, {"form_type": "4", "filings_date": "2021-03-10", "url": "https://www.sec.gov/Archives/edgar/data/0001348036/000120919121019585/xslF345X03/doc4.xml"}, {"form_type": "4", "filings_date": "2021-03-10", "url": "https://www.sec.gov/Archives/edgar/data/0001348036/000120919121019572/xslF345X03/doc4.xml"}, {"form_type": "4", "filings_date": "2021-03-10", "url": "https://www.sec.gov/Archives/edgar/data/0001348036/000120919121019565/xslF345X03/doc4.xml"}, {"form_type": "4", "filings_date": "2021-03-10", "url": "https://www.sec.gov/Archives/edgar/data/0001348036/000120919121019563/xslF345X03/doc4.xml"}, {"form_type": "4", "filings_date": "2021-03-09", "url": "https://www.sec.gov/Archives/edgar/data/0001348036/000120919121019105/xslF345X03/doc4.xml"}, {"form_type": "S-8", "filings_date": "2021-02-25", "url": "https://www.sec.gov/Archives/edgar/data/0001348036/000119312521057250/d115338ds8.htm"}, {"form_type": "10-K", "filings_date": "2021-02-25", "url": "https://www.sec.gov/Archives/edgar/data/0001348036/000156459021008919/avlr-10k_20201231.htm"}, {"form_type": "4", "filings_date": "2021-02-23", "url": "https://www.sec.gov/Archives/edgar/data/0001348036/000120919121013268/xslF345X03/doc4.xml"}, {"form_type": "4", "filings_date": "2021-02-19", "url": "https://www.sec.gov/Archives/edgar/data/0001348036/000120919121012389/xslF345X03/doc4.xml"}, {"form_type": "SC 13G/A", "filings_date": "2021-02-16", "url": "https://www.sec.gov/Archives/edgar/data/0001348036/000008025521001226/avlr13gadec20.txt"}, {"form_type": "4", "filings_date": "2021-02-11", "url": "https://www.sec.gov/Archives/edgar/data/0001348036/000120919121009687/xslF345X03/doc4.xml"}, {"form_type": "SC 13G/A", "filings_date": "2021-02-11", "url": "https://www.sec.gov/Archives/edgar/data/0001348036/000127417321000003/avlr2102021.txt"}, {"form_type": "8-K", "filings_date": "2021-02-10", "url": "https://www.sec.gov/Archives/edgar/data/0001348036/000156459021005275/avlr-8k_20210210.htm"}, {"form_type": "SC 13G/A", "filings_date": "2021-02-10", "url": "https://www.sec.gov/Archives/edgar/data/0001348036/000110465921017522/tv0310-avalarainc.htm"}, {"form_type": "4", "filings_date": "2021-02-09", "url": "https://www.sec.gov/Archives/edgar/data/0001348036/000120919121008822/xslF345X03/doc4.xml"}, {"form_type": "4", "filings_date": "2021-02-05", "url": "https://www.sec.gov/Archives/edgar/data/0001348036/000120919121008235/xslF345X03/doc4.xml"}, {"form_type": "4", "filings_date": "2021-02-05", "url": "https://www.sec.gov/Archives/edgar/data/0001348036/000120919121008195/xslF345X03/doc4.xml"}, {"form_type": "4", "filings_date": "2021-02-02", "url": "https://www.sec.gov/Archives/edgar/data/0001348036/000120919121006874/xslF345X03/doc4.xml"}, {"form_type": "4", "filings_date": "2021-02-02", "url": "https://www.sec.gov/Archives/edgar/data/0001348036/000120919121006850/xslF345X03/doc4.xml"}, {"form_type": "4", "filings_date": "2021-02-02", "url": "https://www.sec.gov/Archives/edgar/data/0001348036/000120919121006845/xslF345X03/doc4.xml"}, {"form_type": "4", "filings_date": "2021-02-02", "url": "https://www.sec.gov/Archives/edgar/data/0001348036/000120919121006839/xslF345X03/doc4.xml"}, {"form_type": "SC 13G", "filings_date": "2021-02-02", "url": "https://www.sec.gov/Archives/edgar/data/0001348036/000083423721006807/us05338g1067_020221.txt"}, {"form_type": "4", "filings_date": "2021-01-12", "url": "https://www.sec.gov/Archives/edgar/data/0001348036/000120919121003298/xslF345X03/doc4.xml"}, {"form_type": "4", "filings_date": "2021-01-08", "url": "https://www.sec.gov/Archives/edgar/data/0001348036/000120919121002745/xslF345X03/doc4.xml"}, {"form_type": "4", "filings_date": "2021-01-08", "url": "https://www.sec.gov/Archives/edgar/data/0001348036/000120919121002721/xslF345X03/doc4.xml"}, {"form_type": "4", "filings_date": "2021-01-05", "url": "https://www.sec.gov/Archives/edgar/data/0001348036/000120919121001571/xslF345X03/doc4.xml"}, {"form_type": "4", "filings_date": "2021-01-05", "url": "https://www.sec.gov/Archives/edgar/data/0001348036/000120919121001534/xslF345X03/doc4.xml"}, {"form_type": "4", "filings_date": "2021-01-05", "url": "https://www.sec.gov/Archives/edgar/data/0001348036/000120919121001492/xslF345X03/doc4.xml"}, {"form_type": "4", "filings_date": "2020-12-30", "url": "https://www.sec.gov/Archives/edgar/data/0001348036/000120919120065583/xslF345X03/doc4.xml"}, {"form_type": "8-K", "filings_date": "2020-12-29", "url": "https://www.sec.gov/Archives/edgar/data/0001348036/000119312520328723/d76411d8k.htm"}, {"form_type": "UPLOAD", "filings_date": "2020-12-22", "url": "https://www.sec.gov/Archives/edgar/data/0001348036/000000000020012310/filename1.pdf"}, {"form_type": "CORRESP", "filings_date": "2020-12-18", "url": "https://www.sec.gov/Archives/edgar/data/0001348036/000119312520321558/filename1.htm"}, {"form_type": "4", "filings_date": "2020-12-15", "url": "https://www.sec.gov/Archives/edgar/data/0001348036/000120919120063513/xslF345X03/doc4.xml"}, {"form_type": "4", "filings_date": "2020-12-14", "url": "https://www.sec.gov/Archives/edgar/data/0001348036/000120919120063255/xslF345X03/doc4.xml"}, {"form_type": "4", "filings_date": "2020-12-10", "url": "https://www.sec.gov/Archives/edgar/data/0001348036/000120919120062731/xslF345X03/doc4.xml"}, {"form_type": "4", "filings_date": "2020-12-10", "url": "https://www.sec.gov/Archives/edgar/data/0001348036/000120919120062712/xslF345X03/doc4.xml"}, {"form_type": "4", "filings_date": "2020-12-09", "url": "https://www.sec.gov/Archives/edgar/data/0001348036/000120919120062543/xslF345X03/doc4.xml"}, {"form_type": "4", "filings_date": "2020-12-09", "url": "https://www.sec.gov/Archives/edgar/data/0001348036/000120919120062514/xslF345X03/doc4.xml"}, {"form_type": "4", "filings_date": "2020-12-08", "url": "https://www.sec.gov/Archives/edgar/data/0001348036/000120919120062343/xslF345X03/doc4.xml"}, {"form_type": "4", "filings_date": "2020-12-08", "url": "https://www.sec.gov/Archives/edgar/data/0001348036/000120919120062338/xslF345X03/doc4.xml"}, {"form_type": "4", "filings_date": "2020-12-08", "url": "https://www.sec.gov/Archives/edgar/data/0001348036/000120919120062320/xslF345X03/doc4.xml"}, {"form_type": "4", "filings_date": "2020-12-02", "url": "https://www.sec.gov/Archives/edgar/data/0001348036/000120919120061262/xslF345X03/doc4.xml"}, {"form_type": "4", "filings_date": "2020-12-02", "url": "https://www.sec.gov/Archives/edgar/data/0001348036/000120919120061257/xslF345X03/doc4.xml"}, {"form_type": "4", "filings_date": "2020-12-02", "url": "https://www.sec.gov/Archives/edgar/data/0001348036/000120919120061251/xslF345X03/doc4.xml"}, {"form_type": "4", "filings_date": "2020-11-30", "url": "https://www.sec.gov/Archives/edgar/data/0001348036/000120919120060736/xslF345X03/doc4.xml"}, {"form_type": "UPLOAD", "filings_date": "2020-11-30", "url": "https://www.sec.gov/Archives/edgar/data/0001348036/000000000020011442/filename1.pdf"}, {"form_type": "4", "filings_date": "2020-11-25", "url": "https://www.sec.gov/Archives/edgar/data/0001348036/000120919120060519/xslF345X03/doc4.xml"}, {"form_type": "4", "filings_date": "2020-11-24", "url": "https://www.sec.gov/Archives/edgar/data/0001348036/000120919120060219/xslF345X03/doc4.xml"}, {"form_type": "10-Q/A", "filings_date": "2020-11-24", "url": "https://www.sec.gov/Archives/edgar/data/0001348036/000119312520302600/d67950d10qa.htm"}, {"form_type": "10-Q/A", "filings_date": "2020-11-24", "url": "https://www.sec.gov/Archives/edgar/data/0001348036/000119312520302593/d79570d10qa.htm"}, {"form_type": "10-K/A", "filings_date": "2020-11-24", "url": "https://www.sec.gov/Archives/edgar/data/0001348036/000119312520302574/d92053d10ka.htm"}, {"form_type": "4", "filings_date": "2020-11-20", "url": "https://www.sec.gov/Archives/edgar/data/0001348036/000120919120059716/xslF345X03/doc4.xml"}, {"form_type": "4", "filings_date": "2020-11-20", "url": "https://www.sec.gov/Archives/edgar/data/0001348036/000120919120059686/xslF345X03/doc4.xml"}, {"form_type": "4", "filings_date": "2020-11-20", "url": "https://www.sec.gov/Archives/edgar/data/0001348036/000120919120059670/xslF345X03/doc4.xml"}, {"form_type": "4", "filings_date": "2020-11-19", "url": "https://www.sec.gov/Archives/edgar/data/0001348036/000120919120059520/xslF345X03/doc4.xml"}, {"form_type": "4", "filings_date": "2020-11-19", "url": "https://www.sec.gov/Archives/edgar/data/0001348036/000120919120059504/xslF345X03/doc4.xml"}, {"form_type": "4", "filings_date": "2020-11-18", "url": "https://www.sec.gov/Archives/edgar/data/0001348036/000120919120059239/xslF345X03/doc4.xml"}, {"form_type": "4", "filings_date": "2020-11-12", "url": "https://www.sec.gov/Archives/edgar/data/0001348036/000120919120057998/xslF345X03/doc4.xml"}, {"form_type": "4", "filings_date": "2020-11-09", "url": "https://www.sec.gov/Archives/edgar/data/0001348036/000120919120057508/xslF345X03/doc4.xml"}, {"form_type": "10-Q", "filings_date": "2020-11-06", "url": "https://www.sec.gov/Archives/edgar/data/0001348036/000156459020051527/avlr-10q_20200930.htm"}, {"form_type": "4", "filings_date": "2020-11-05", "url": "https://www.sec.gov/Archives/edgar/data/0001348036/000120919120057196/xslF345X03/doc4.xml"}, {"form_type": "4", "filings_date": "2020-11-05", "url": "https://www.sec.gov/Archives/edgar/data/0001348036/000120919120057177/xslF345X03/doc4.xml"}, {"form_type": "8-K", "filings_date": "2020-11-05", "url": "https://www.sec.gov/Archives/edgar/data/0001348036/000119312520286915/d76828d8k.htm"}, {"form_type": "8-K", "filings_date": "2020-11-05", "url": "https://www.sec.gov/Archives/edgar/data/0001348036/000156459020051381/avlr-8k_20201105.htm"}, {"form_type": "4", "filings_date": "2020-11-03", "url": "https://www.sec.gov/Archives/edgar/data/0001348036/000120919120056719/xslF345X03/doc4.xml"}, {"form_type": "4", "filings_date": "2020-10-13", "url": "https://www.sec.gov/Archives/edgar/data/0001348036/000120919120054723/xslF345X03/doc4.xml"}, {"form_type": "4", "filings_date": "2020-10-07", "url": "https://www.sec.gov/Archives/edgar/data/0001348036/000120919120054167/xslF345X03/doc4.xml"}, {"form_type": "4", "filings_date": "2020-10-07", "url": "https://www.sec.gov/Archives/edgar/data/0001348036/000120919120054162/xslF345X03/doc4.xml"}, {"form_type": "4", "filings_date": "2020-10-07", "url": "https://www.sec.gov/Archives/edgar/data/0001348036/000120919120054157/xslF345X03/doc4.xml"}, {"form_type": "4", "filings_date": "2020-10-07", "url": "https://www.sec.gov/Archives/edgar/data/0001348036/000120919120054152/xslF345X03/doc4.xml"}, {"form_type": "8-K", "filings_date": "2020-10-06", "url": "https://www.sec.gov/Archives/edgar/data/0001348036/000119312520264810/d15075d8k.htm"}, {"form_type": "4", "filings_date": "2020-09-22", "url": "https://www.sec.gov/Archives/edgar/data/0001348036/000120919120051582/xslF345X03/doc4.xml"}, {"form_type": "4", "filings_date": "2020-09-22", "url": "https://www.sec.gov/Archives/edgar/data/0001348036/000120919120051560/xslF345X03/doc4.xml"}, {"form_type": "4", "filings_date": "2020-09-09", "url": "https://www.sec.gov/Archives/edgar/data/0001348036/000120919120049863/xslF345X03/doc4.xml"}, {"form_type": "4", "filings_date": "2020-09-08", "url": "https://www.sec.gov/Archives/edgar/data/0001348036/000120919120049748/xslF345X03/doc4.xml"}, {"form_type": "4", "filings_date": "2020-08-11", "url": "https://www.sec.gov/Archives/edgar/data/0001348036/000120919120046201/xslF345X03/doc4.xml"}, {"form_type": "SC 13G", "filings_date": "2020-08-10", "url": "https://www.sec.gov/Archives/edgar/data/0001348036/000008025520001546/avlr13gjul20.txt"}, {"form_type": "8-K", "filings_date": "2020-08-07", "url": "https://www.sec.gov/Archives/edgar/data/0001348036/000119312520212416/d29679d8k.htm"}, {"form_type": "424B5", "filings_date": "2020-08-07", "url": "https://www.sec.gov/Archives/edgar/data/0001348036/000119312520212411/d157465d424b5.htm"}, {"form_type": "4", "filings_date": "2020-08-06", "url": "https://www.sec.gov/Archives/edgar/data/0001348036/000120919120045561/xslF345X03/doc4.xml"}, {"form_type": "4", "filings_date": "2020-08-05", "url": "https://www.sec.gov/Archives/edgar/data/0001348036/000120919120045240/xslF345X03/doc4.xml"}, {"form_type": "424B5", "filings_date": "2020-08-04", "url": "https://www.sec.gov/Archives/edgar/data/0001348036/000119312520209430/d157465d424b5.htm"}, {"form_type": "S-3ASR", "filings_date": "2020-08-04", "url": "https://www.sec.gov/Archives/edgar/data/0001348036/000119312520209373/d936172ds3asr.htm"}, {"form_type": "10-Q", "filings_date": "2020-08-04", "url": "https://www.sec.gov/Archives/edgar/data/0001348036/000156459020036138/avlr-10q_20200630.htm"}, {"form_type": "8-K", "filings_date": "2020-08-04", "url": "https://www.sec.gov/Archives/edgar/data/0001348036/000156459020036130/avlr-8k_20200804.htm"}, {"form_type": "8-K/A", "filings_date": "2020-07-31", "url": "https://www.sec.gov/Archives/edgar/data/0001348036/000119312520206457/d93783d8ka.htm"}, {"form_type": "4", "filings_date": "2020-07-13", "url": "https://www.sec.gov/Archives/edgar/data/0001348036/000120919120042246/xslF345X03/doc4.xml"}, {"form_type": "4", "filings_date": "2020-07-07", "url": "https://www.sec.gov/Archives/edgar/data/0001348036/000120919120041602/xslF345X03/doc4.xml"}, {"form_type": "4", "filings_date": "2020-07-07", "url": "https://www.sec.gov/Archives/edgar/data/0001348036/000120919120041581/xslF345X03/doc4.xml"}, {"form_type": "8-K", "filings_date": "2020-06-16", "url": "https://www.sec.gov/Archives/edgar/data/0001348036/000119312520170378/d944701d8k.htm"}, {"form_type": "4", "filings_date": "2020-06-15", "url": "https://www.sec.gov/Archives/edgar/data/0001348036/000120919120036733/xslF345X03/doc4.xml"}, {"form_type": "4", "filings_date": "2020-06-15", "url": "https://www.sec.gov/Archives/edgar/data/0001348036/000120919120036719/xslF345X03/doc4.xml"}, {"form_type": "4", "filings_date": "2020-06-15", "url": "https://www.sec.gov/Archives/edgar/data/0001348036/000120919120036715/xslF345X03/doc4.xml"}, {"form_type": "4", "filings_date": "2020-06-15", "url": "https://www.sec.gov/Archives/edgar/data/0001348036/000120919120036702/xslF345X03/doc4.xml"}, {"form_type": "4", "filings_date": "2020-06-15", "url": "https://www.sec.gov/Archives/edgar/data/0001348036/000120919120036695/xslF345X03/doc4.xml"}, {"form_type": "4", "filings_date": "2020-06-15", "url": "https://www.sec.gov/Archives/edgar/data/0001348036/000120919120036691/xslF345X03/doc4.xml"}, {"form_type": "4", "filings_date": "2020-06-15", "url": "https://www.sec.gov/Archives/edgar/data/0001348036/000120919120036683/xslF345X03/doc4.xml"}, {"form_type": "4", "filings_date": "2020-06-15", "url": "https://www.sec.gov/Archives/edgar/data/0001348036/000120919120036670/xslF345X03/doc4.xml"}, {"form_type": "4", "filings_date": "2020-06-12", "url": "https://www.sec.gov/Archives/edgar/data/0001348036/000120919120036424/xslF345X03/doc4.xml"}, {"form_type": "4", "filings_date": "2020-06-11", "url": "https://www.sec.gov/Archives/edgar/data/0001348036/000120919120036082/xslF345X03/doc4.xml"}, {"form_type": "4", "filings_date": "2020-06-05", "url": "https://www.sec.gov/Archives/edgar/data/0001348036/000120919120034857/xslF345X03/doc4.xml"}, {"form_type": "8-K", "filings_date": "2020-06-05", "url": "https://www.sec.gov/Archives/edgar/data/0001348036/000119312520162272/d938528d8k.htm"}, {"form_type": "4", "filings_date": "2020-06-04", "url": "https://www.sec.gov/Archives/edgar/data/0001348036/000120919120034465/xslF345X03/doc4.xml"}, {"form_type": "4", "filings_date": "2020-06-03", "url": "https://www.sec.gov/Archives/edgar/data/0001348036/000120919120034121/xslF345X03/doc4.xml"}, {"form_type": "4", "filings_date": "2020-06-03", "url": "https://www.sec.gov/Archives/edgar/data/0001348036/000120919120034088/xslF345X03/doc4.xml"}, {"form_type": "4", "filings_date": "2020-05-26", "url": "https://www.sec.gov/Archives/edgar/data/0001348036/000120919120032189/xslF345X03/doc4.xml"}, {"form_type": "4", "filings_date": "2020-05-26", "url": "https://www.sec.gov/Archives/edgar/data/0001348036/000120919120032180/xslF345X03/doc4.xml"}, {"form_type": "4", "filings_date": "2020-05-20", "url": "https://www.sec.gov/Archives/edgar/data/0001348036/000120919120031052/xslF345X03/doc4.xml"}, {"form_type": "4", "filings_date": "2020-05-20", "url": "https://www.sec.gov/Archives/edgar/data/0001348036/000120919120031042/xslF345X03/doc4.xml"}, {"form_type": "4", "filings_date": "2020-05-20", "url": "https://www.sec.gov/Archives/edgar/data/0001348036/000120919120031022/xslF345X03/doc4.xml"}, {"form_type": "4", "filings_date": "2020-05-18", "url": "https://www.sec.gov/Archives/edgar/data/0001348036/000120919120030317/xslF345X03/doc4.xml"}, {"form_type": "4", "filings_date": "2020-05-18", "url": "https://www.sec.gov/Archives/edgar/data/0001348036/000120919120030311/xslF345X03/doc4.xml"}, {"form_type": "4", "filings_date": "2020-05-15", "url": "https://www.sec.gov/Archives/edgar/data/0001348036/000120919120029847/xslF345X03/doc4.xml"}, {"form_type": "4", "filings_date": "2020-05-15", "url": "https://www.sec.gov/Archives/edgar/data/0001348036/000120919120029846/xslF345X03/doc4.xml"}, {"form_type": "4", "filings_date": "2020-05-15", "url": "https://www.sec.gov/Archives/edgar/data/0001348036/000120919120029841/xslF345X03/doc4.xml"}, {"form_type": "4", "filings_date": "2020-05-15", "url": "https://www.sec.gov/Archives/edgar/data/0001348036/000120919120029830/xslF345X03/doc4.xml"}, {"form_type": "4", "filings_date": "2020-05-14", "url": "https://www.sec.gov/Archives/edgar/data/0001348036/000117911020006064/xslF345X03/edgar.xml"}, {"form_type": "4", "filings_date": "2020-05-13", "url": "https://www.sec.gov/Archives/edgar/data/0001348036/000120919120028963/xslF345X03/doc4.xml"}, {"form_type": "10-Q", "filings_date": "2020-05-08", "url": "https://www.sec.gov/Archives/edgar/data/0001348036/000156459020023042/avlr-10q_20200331.htm"}, {"form_type": "8-K", "filings_date": "2020-05-07", "url": "https://www.sec.gov/Archives/edgar/data/0001348036/000156459020022941/avlr-8k_20200507.htm"}, {"form_type": "DEFA14A", "filings_date": "2020-04-28", "url": "https://www.sec.gov/Archives/edgar/data/0001348036/000119312520123034/d919608ddefa14a.htm"}, {"form_type": "DEF 14A", "filings_date": "2020-04-28", "url": "https://www.sec.gov/Archives/edgar/data/0001348036/000119312520123022/d924427ddef14a.htm"}, {"form_type": "4", "filings_date": "2020-04-14", "url": "https://www.sec.gov/Archives/edgar/data/0001348036/000120919120024387/xslF345X03/doc4.xml"}, {"form_type": "4", "filings_date": "2020-04-07", "url": "https://www.sec.gov/Archives/edgar/data/0001348036/000120919120023848/xslF345X03/doc4.xml"}, {"form_type": "4", "filings_date": "2020-04-07", "url": "https://www.sec.gov/Archives/edgar/data/0001348036/000120919120023843/xslF345X03/doc4.xml"}, {"form_type": "4", "filings_date": "2020-04-02", "url": "https://www.sec.gov/Archives/edgar/data/0001348036/000120919120022771/xslF345X03/doc4.xml"}, {"form_type": "3", "filings_date": "2020-04-02", "url": "https://www.sec.gov/Archives/edgar/data/0001348036/000120919120022750/xslF345X02/doc3.xml"}, {"form_type": "3", "filings_date": "2020-04-02", "url": "https://www.sec.gov/Archives/edgar/data/0001348036/000120919120022741/xslF345X02/doc3.xml"}, {"form_type": "8-K", "filings_date": "2020-04-02", "url": "https://www.sec.gov/Archives/edgar/data/0001348036/000119312520096056/d908585d8k.htm"}, {"form_type": "8-K", "filings_date": "2020-03-31", "url": "https://www.sec.gov/Archives/edgar/data/0001348036/000119312520092534/d912152d8k.htm"}, {"form_type": "4", "filings_date": "2020-03-16", "url": "https://www.sec.gov/Archives/edgar/data/0001348036/000120919120019392/xslF345X03/doc4.xml"}, {"form_type": "4", "filings_date": "2020-03-16", "url": "https://www.sec.gov/Archives/edgar/data/0001348036/000120919120019377/xslF345X03/doc4.xml"}, {"form_type": "4", "filings_date": "2020-03-16", "url": "https://www.sec.gov/Archives/edgar/data/0001348036/000120919120019375/xslF345X03/doc4.xml"}, {"form_type": "4", "filings_date": "2020-03-16", "url": "https://www.sec.gov/Archives/edgar/data/0001348036/000120919120019355/xslF345X03/doc4.xml"}, {"form_type": "4", "filings_date": "2020-03-11", "url": "https://www.sec.gov/Archives/edgar/data/0001348036/000120919120018285/xslF345X03/doc4.xml"}, {"form_type": "4", "filings_date": "2020-03-05", "url": "https://www.sec.gov/Archives/edgar/data/0001348036/000120919120016786/xslF345X03/doc4.xml"}, {"form_type": "S-8", "filings_date": "2020-02-28", "url": "https://www.sec.gov/Archives/edgar/data/0001348036/000119312520056706/d822683ds8.htm"}, {"form_type": "10-K", "filings_date": "2020-02-28", "url": "https://www.sec.gov/Archives/edgar/data/0001348036/000156459020007791/avlr-10k_20191231.htm"}, {"form_type": "4", "filings_date": "2020-02-20", "url": "https://www.sec.gov/Archives/edgar/data/0001348036/000120919120011145/xslF345X03/doc4.xml"}, {"form_type": "SC 13G", "filings_date": "2020-02-14", "url": "https://www.sec.gov/Archives/edgar/data/0001348036/000110465920021653/tm207618-1_sc13g.htm"}, {"form_type": "SC 13G", "filings_date": "2020-02-14", "url": "https://www.sec.gov/Archives/edgar/data/0001348036/000127417320000088/avlr2102020.txt"}, {"form_type": "8-K", "filings_date": "2020-02-12", "url": "https://www.sec.gov/Archives/edgar/data/0001348036/000156459020004363/avlr-8k_20200212.htm"}, {"form_type": "4", "filings_date": "2020-02-11", "url": "https://www.sec.gov/Archives/edgar/data/0001348036/000120919120008410/xslF345X03/doc4.xml"}, {"form_type": "SC 13G", "filings_date": "2020-02-11", "url": "https://www.sec.gov/Archives/edgar/data/0001348036/000110465920016333/tv0030-avalarainc.htm"}, {"form_type": "SC 13G/A", "filings_date": "2020-02-11", "url": "https://www.sec.gov/Archives/edgar/data/0001348036/000095014220000392/eh2000220_13ga1-avalara.htm"}, {"form_type": "4", "filings_date": "2020-02-07", "url": "https://www.sec.gov/Archives/edgar/data/0001348036/000120919120007584/xslF345X03/doc4.xml"}, {"form_type": "SC 13G/A", "filings_date": "2020-02-07", "url": "https://www.sec.gov/Archives/edgar/data/0001348036/000175392620000009/g081917_sc13ga.htm"}, {"form_type": "8-K", "filings_date": "2020-01-31", "url": "https://www.sec.gov/Archives/edgar/data/0001348036/000119312520021328/d750499d8k.htm"}, {"form_type": "4", "filings_date": "2020-01-13", "url": "https://www.sec.gov/Archives/edgar/data/0001348036/000120919120003245/xslF345X03/doc4.xml"}, {"form_type": "4", "filings_date": "2020-01-07", "url": "https://www.sec.gov/Archives/edgar/data/0001348036/000120919120002399/xslF345X03/doc4.xml"}, {"form_type": "4", "filings_date": "2020-01-07", "url": "https://www.sec.gov/Archives/edgar/data/0001348036/000120919120002395/xslF345X03/doc4.xml"}, {"form_type": "4", "filings_date": "2020-01-03", "url": "https://www.sec.gov/Archives/edgar/data/0001348036/000120919120001437/xslF345X03/doc4.xml"}, {"form_type": "4", "filings_date": "2019-12-13", "url": "https://www.sec.gov/Archives/edgar/data/0001348036/000120919119060498/xslF345X03/doc4.xml"}, {"form_type": "4", "filings_date": "2019-12-11", "url": "https://www.sec.gov/Archives/edgar/data/0001348036/000120919119060085/xslF345X03/doc4.xml"}, {"form_type": "8-K", "filings_date": "2019-12-04", "url": "https://www.sec.gov/Archives/edgar/data/0001348036/000119312519306230/d838883d8k.htm"}, {"form_type": "4", "filings_date": "2019-11-21", "url": "https://www.sec.gov/Archives/edgar/data/0001348036/000117911019011983/xslF345X03/edgar.xml"}, {"form_type": "4", "filings_date": "2019-11-19", "url": "https://www.sec.gov/Archives/edgar/data/0001348036/000120919119057360/xslF345X03/doc4.xml"}, {"form_type": "4", "filings_date": "2019-11-14", "url": "https://www.sec.gov/Archives/edgar/data/0001348036/000120919119056609/xslF345X03/doc4.xml"}, {"form_type": "4", "filings_date": "2019-11-13", "url": "https://www.sec.gov/Archives/edgar/data/0001348036/000120919119056496/xslF345X03/doc4.xml"}, {"form_type": "4", "filings_date": "2019-11-12", "url": "https://www.sec.gov/Archives/edgar/data/0001348036/000120919119056077/xslF345X03/doc4.xml"}, {"form_type": "10-Q", "filings_date": "2019-11-06", "url": "https://www.sec.gov/Archives/edgar/data/0001348036/000156459019040508/avlr-10q_20190930.htm"}, {"form_type": "8-K", "filings_date": "2019-11-05", "url": "https://www.sec.gov/Archives/edgar/data/0001348036/000156459019040399/avlr-8k_20191105.htm"}, {"form_type": "8-K", "filings_date": "2019-10-25", "url": "https://www.sec.gov/Archives/edgar/data/0001348036/000119312519274846/d821913d8k.htm"}, {"form_type": "8-K", "filings_date": "2019-10-25", "url": "https://www.sec.gov/Archives/edgar/data/0001348036/000119312519274619/d824980d8k.htm"}, {"form_type": "4", "filings_date": "2019-10-11", "url": "https://www.sec.gov/Archives/edgar/data/0001348036/000120919119053059/xslF345X03/doc4.xml"}, {"form_type": "4", "filings_date": "2019-09-12", "url": "https://www.sec.gov/Archives/edgar/data/0001348036/000117911019010305/xslF345X03/edgar.xml"}, {"form_type": "4", "filings_date": "2019-09-10", "url": "https://www.sec.gov/Archives/edgar/data/0001348036/000120919119049096/xslF345X03/doc4.xml"}, {"form_type": "4", "filings_date": "2019-09-05", "url": "https://www.sec.gov/Archives/edgar/data/0001348036/000120919119048662/xslF345X03/doc4.xml"}, {"form_type": "4", "filings_date": "2019-08-28", "url": "https://www.sec.gov/Archives/edgar/data/0001348036/000120919119047652/xslF345X03/doc4.xml"}, {"form_type": "4", "filings_date": "2019-08-28", "url": "https://www.sec.gov/Archives/edgar/data/0001348036/000095014219001860/xslF345X03/es1901043_4-gilhuly.xml"}, {"form_type": "4", "filings_date": "2019-08-26", "url": "https://www.sec.gov/Archives/edgar/data/0001348036/000174152719000002/xslF345X03/primary_doc.xml"}, {"form_type": "4", "filings_date": "2019-08-23", "url": "https://www.sec.gov/Archives/edgar/data/0001348036/000120919119047379/xslF345X03/doc4.xml"}, {"form_type": "4", "filings_date": "2019-08-23", "url": "https://www.sec.gov/Archives/edgar/data/0001348036/000120919119047365/xslF345X03/doc4.xml"}, {"form_type": "4", "filings_date": "2019-08-21", "url": "https://www.sec.gov/Archives/edgar/data/0001348036/000095014219001826/xslF345X03/es1901027_4-gilhuly.xml"}, {"form_type": "4", "filings_date": "2019-08-20", "url": "https://www.sec.gov/Archives/edgar/data/0001348036/000120919119046894/xslF345X03/doc4.xml"}, {"form_type": "4", "filings_date": "2019-08-20", "url": "https://www.sec.gov/Archives/edgar/data/0001348036/000120919119046853/xslF345X03/doc4.xml"}, {"form_type": "4", "filings_date": "2019-08-16", "url": "https://www.sec.gov/Archives/edgar/data/0001348036/000120919119046338/xslF345X03/doc4.xml"}, {"form_type": "4", "filings_date": "2019-08-16", "url": "https://www.sec.gov/Archives/edgar/data/0001348036/000120919119046335/xslF345X03/doc4.xml"}, {"form_type": "4", "filings_date": "2019-08-14", "url": "https://www.sec.gov/Archives/edgar/data/0001348036/000120919119045953/xslF345X03/doc4.xml"}, {"form_type": "4", "filings_date": "2019-08-14", "url": "https://www.sec.gov/Archives/edgar/data/0001348036/000095014219001779/xslF345X03/es1900988_4-gilhuly.xml"}, {"form_type": "4", "filings_date": "2019-08-13", "url": "https://www.sec.gov/Archives/edgar/data/0001348036/000174152719000001/xslF345X03/primary_doc.xml"}, {"form_type": "4", "filings_date": "2019-08-08", "url": "https://www.sec.gov/Archives/edgar/data/0001348036/000120919119045222/xslF345X03/doc4.xml"}, {"form_type": "10-Q", "filings_date": "2019-08-08", "url": "https://www.sec.gov/Archives/edgar/data/0001348036/000156459019030858/avlr-10q_20190630.htm"}, {"form_type": "8-K", "filings_date": "2019-08-07", "url": "https://www.sec.gov/Archives/edgar/data/0001348036/000156459019030115/avlr-8k_20190630.htm"}, {"form_type": "4", "filings_date": "2019-08-06", "url": "https://www.sec.gov/Archives/edgar/data/0001348036/000120919119044875/xslF345X03/doc4.xml"}, {"form_type": "4", "filings_date": "2019-07-12", "url": "https://www.sec.gov/Archives/edgar/data/0001348036/000120919119041995/xslF345X03/doc4.xml"}, {"form_type": "4", "filings_date": "2019-07-11", "url": "https://www.sec.gov/Archives/edgar/data/0001348036/000120919119041871/xslF345X03/doc4.xml"}, {"form_type": "4", "filings_date": "2019-07-09", "url": "https://www.sec.gov/Archives/edgar/data/0001348036/000120919119041588/xslF345X03/doc4.xml"}, {"form_type": "8-K", "filings_date": "2019-06-26", "url": "https://www.sec.gov/Archives/edgar/data/0001348036/000119312519182681/d771589d8k.htm"}, {"form_type": "4", "filings_date": "2019-06-21", "url": "https://www.sec.gov/Archives/edgar/data/0001348036/000120919119038603/xslF345X03/doc4.xml"}, {"form_type": "4", "filings_date": "2019-06-21", "url": "https://www.sec.gov/Archives/edgar/data/0001348036/000120919119038597/xslF345X03/doc4.xml"}, {"form_type": "4", "filings_date": "2019-06-21", "url": "https://www.sec.gov/Archives/edgar/data/0001348036/000120919119038585/xslF345X03/doc4.xml"}, {"form_type": "4", "filings_date": "2019-06-21", "url": "https://www.sec.gov/Archives/edgar/data/0001348036/000120919119038552/xslF345X03/doc4.xml"}, {"form_type": "4", "filings_date": "2019-06-21", "url": "https://www.sec.gov/Archives/edgar/data/0001348036/000120919119038530/xslF345X03/doc4.xml"}, {"form_type": "8-K", "filings_date": "2019-06-21", "url": "https://www.sec.gov/Archives/edgar/data/0001348036/000119312519178941/d672174d8k.htm"}, {"form_type": "4", "filings_date": "2019-06-21", "url": "https://www.sec.gov/Archives/edgar/data/0001348036/000120919119038521/xslF345X03/doc4.xml"}, {"form_type": "4", "filings_date": "2019-06-21", "url": "https://www.sec.gov/Archives/edgar/data/0001348036/000120919119038517/xslF345X03/doc4.xml"}, {"form_type": "4", "filings_date": "2019-06-21", "url": "https://www.sec.gov/Archives/edgar/data/0001348036/000120919119038509/xslF345X03/doc4.xml"}, {"form_type": "4", "filings_date": "2019-06-21", "url": "https://www.sec.gov/Archives/edgar/data/0001348036/000120919119038500/xslF345X03/doc4.xml"}, {"form_type": "4", "filings_date": "2019-06-12", "url": "https://www.sec.gov/Archives/edgar/data/0001348036/000095014219001324/xslF345X03/es1900786_4-gilhuly.xml"}, {"form_type": "4", "filings_date": "2019-06-11", "url": "https://www.sec.gov/Archives/edgar/data/0001348036/000120919119036199/xslF345X03/doc4.xml"}, {"form_type": "4", "filings_date": "2019-06-11", "url": "https://www.sec.gov/Archives/edgar/data/0001348036/000120919119036194/xslF345X03/doc4.xml"}, {"form_type": "424B4", "filings_date": "2019-06-07", "url": "https://www.sec.gov/Archives/edgar/data/0001348036/000119312519167386/d616696d424b4.htm"}, {"form_type": "EFFECT", "filings_date": "2019-06-05", "url": "https://www.sec.gov/Archives/edgar/data/0001348036/999999999519001279/xslEFFECTX01/primary_doc.xml"}, {"form_type": "S-1MEF", "filings_date": "2019-06-05", "url": "https://www.sec.gov/Archives/edgar/data/0001348036/000119312519166474/d616696ds1mef.htm"}, {"form_type": "CORRESP", "filings_date": "2019-06-04", "url": "https://www.sec.gov/Archives/edgar/data/0001348036/000119312519164616/filename1.htm"}, {"form_type": "CORRESP", "filings_date": "2019-06-04", "url": "https://www.sec.gov/Archives/edgar/data/0001348036/000119312519164611/filename1.htm"}, {"form_type": "S-1", "filings_date": "2019-06-04", "url": "https://www.sec.gov/Archives/edgar/data/0001348036/000119312519164571/d616696ds1.htm"}, {"form_type": "4", "filings_date": "2019-06-03", "url": "https://www.sec.gov/Archives/edgar/data/0001348036/000120919119033959/xslF345X03/doc4.xml"}, {"form_type": "4", "filings_date": "2019-05-24", "url": "https://www.sec.gov/Archives/edgar/data/0001348036/000120919119032824/xslF345X03/doc4.xml"}, {"form_type": "4", "filings_date": "2019-05-23", "url": "https://www.sec.gov/Archives/edgar/data/0001348036/000089924319014454/xslF345X03/doc4.xml"}, {"form_type": "4", "filings_date": "2019-05-22", "url": "https://www.sec.gov/Archives/edgar/data/0001348036/000095014219001132/xslF345X03/es1900731_4-avlr2.xml"}, {"form_type": "4", "filings_date": "2019-05-22", "url": "https://www.sec.gov/Archives/edgar/data/0001348036/000095014219001131/xslF345X03/es1900730_4-avlr1.xml"}, {"form_type": "4", "filings_date": "2019-05-22", "url": "https://www.sec.gov/Archives/edgar/data/0001348036/000120919119032029/xslF345X03/doc4.xml"}, {"form_type": "4", "filings_date": "2019-05-22", "url": "https://www.sec.gov/Archives/edgar/data/0001348036/000120919119032027/xslF345X03/doc4.xml"}, {"form_type": "4", "filings_date": "2019-05-20", "url": "https://www.sec.gov/Archives/edgar/data/0001348036/000120919119031379/xslF345X03/doc4.xml"}, {"form_type": "4", "filings_date": "2019-05-17", "url": "https://www.sec.gov/Archives/edgar/data/0001348036/000120919119031069/xslF345X03/doc4.xml"}, {"form_type": "4", "filings_date": "2019-05-16", "url": "https://www.sec.gov/Archives/edgar/data/0001348036/000120919119030561/xslF345X03/doc4.xml"}, {"form_type": "4", "filings_date": "2019-05-15", "url": "https://www.sec.gov/Archives/edgar/data/0001348036/000095014219001102/xslF345X03/es1900676_4-avlr2.xml"}, {"form_type": "4", "filings_date": "2019-05-15", "url": "https://www.sec.gov/Archives/edgar/data/0001348036/000095014219001101/xslF345X03/es1900675_4-avlr1.xml"}, {"form_type": "4", "filings_date": "2019-05-14", "url": "https://www.sec.gov/Archives/edgar/data/0001348036/000120919119029780/xslF345X03/doc4.xml"}, {"form_type": "4", "filings_date": "2019-05-13", "url": "https://www.sec.gov/Archives/edgar/data/0001348036/000120919119029490/xslF345X03/doc4.xml"}, {"form_type": "4", "filings_date": "2019-05-13", "url": "https://www.sec.gov/Archives/edgar/data/0001348036/000120919119029485/xslF345X03/doc4.xml"}, {"form_type": "4", "filings_date": "2019-05-13", "url": "https://www.sec.gov/Archives/edgar/data/0001348036/000120919119029482/xslF345X03/doc4.xml"}, {"form_type": "10-Q", "filings_date": "2019-05-08", "url": "https://www.sec.gov/Archives/edgar/data/0001348036/000156459019016654/avlr-10q_20190331.htm"}, {"form_type": "8-K", "filings_date": "2019-05-07", "url": "https://www.sec.gov/Archives/edgar/data/0001348036/000156459019016563/avlr-8k_20190507.htm"}, {"form_type": "DEFA14A", "filings_date": "2019-04-29", "url": "https://www.sec.gov/Archives/edgar/data/0001348036/000119312519125251/d709733ddefa14a.htm"}, {"form_type": "DEF 14A", "filings_date": "2019-04-29", "url": "https://www.sec.gov/Archives/edgar/data/0001348036/000119312519125201/d733445ddef14a.htm"}, {"form_type": "4", "filings_date": "2019-04-11", "url": "https://www.sec.gov/Archives/edgar/data/0001348036/000120919119024400/xslF345X03/doc4.xml"}, {"form_type": "4", "filings_date": "2019-04-05", "url": "https://www.sec.gov/Archives/edgar/data/0001348036/000120919119023836/xslF345X03/doc4.xml"}, {"form_type": "4", "filings_date": "2019-04-03", "url": "https://www.sec.gov/Archives/edgar/data/0001348036/000120919119023407/xslF345X03/doc4.xml"}, {"form_type": "3", "filings_date": "2019-03-29", "url": "https://www.sec.gov/Archives/edgar/data/0001348036/000120919119021749/xslF345X02/doc3.xml"}, {"form_type": "3", "filings_date": "2019-03-20", "url": "https://www.sec.gov/Archives/edgar/data/0001348036/000089924319008496/xslF345X02/doc3.xml"}, {"form_type": "4", "filings_date": "2019-03-14", "url": "https://www.sec.gov/Archives/edgar/data/0001348036/000089924319007682/xslF345X03/doc4.xml"}, {"form_type": "3", "filings_date": "2019-03-14", "url": "https://www.sec.gov/Archives/edgar/data/0001348036/000089924319007676/xslF345X02/doc3.xml"}, {"form_type": "4", "filings_date": "2019-03-13", "url": "https://www.sec.gov/Archives/edgar/data/0001348036/000089924319007529/xslF345X03/doc4.xml"}, {"form_type": "4", "filings_date": "2019-03-05", "url": "https://www.sec.gov/Archives/edgar/data/0001348036/000089924319006097/xslF345X03/doc4.xml"}, {"form_type": "8-K", "filings_date": "2019-02-28", "url": "https://www.sec.gov/Archives/edgar/data/0001348036/000119312519057875/d651632d8k.htm"}, {"form_type": "4", "filings_date": "2019-02-28", "url": "https://www.sec.gov/Archives/edgar/data/0001348036/000089924319005233/xslF345X03/doc4.xml"}, {"form_type": "S-8", "filings_date": "2019-02-28", "url": "https://www.sec.gov/Archives/edgar/data/0001348036/000119312519057573/d705812ds8.htm"}, {"form_type": "10-K", "filings_date": "2019-02-28", "url": "https://www.sec.gov/Archives/edgar/data/0001348036/000156459019005454/avlr-10k_20181231.htm"}, {"form_type": "4", "filings_date": "2019-02-27", "url": "https://www.sec.gov/Archives/edgar/data/0001348036/000095014219000360/xslF345X03/es1900288_4-avlr2.xml"}, {"form_type": "4", "filings_date": "2019-02-27", "url": "https://www.sec.gov/Archives/edgar/data/0001348036/000095014219000359/xslF345X03/es1900287_4-avlr1.xml"}, {"form_type": "4", "filings_date": "2019-02-22", "url": "https://www.sec.gov/Archives/edgar/data/0001348036/000117911019002353/xslF345X03/edgar.xml"}, {"form_type": "4", "filings_date": "2019-02-22", "url": "https://www.sec.gov/Archives/edgar/data/0001348036/000089924319004553/xslF345X03/doc4.xml"}, {"form_type": "4", "filings_date": "2019-02-21", "url": "https://www.sec.gov/Archives/edgar/data/0001348036/000120919119012054/xslF345X03/doc4.xml"}, {"form_type": "4", "filings_date": "2019-02-21", "url": "https://www.sec.gov/Archives/edgar/data/0001348036/000120919119012049/xslF345X03/doc4.xml"}, {"form_type": "4", "filings_date": "2019-02-21", "url": "https://www.sec.gov/Archives/edgar/data/0001348036/000120919119012039/xslF345X03/doc4.xml"}, {"form_type": "4", "filings_date": "2019-02-20", "url": "https://www.sec.gov/Archives/edgar/data/0001348036/000095014219000334/xslF345X03/es1900271_4-avlr2.xml"}, {"form_type": "4", "filings_date": "2019-02-20", "url": "https://www.sec.gov/Archives/edgar/data/0001348036/000095014219000333/xslF345X03/es1900268_4-avlr1.xml"}, {"form_type": "4", "filings_date": "2019-02-20", "url": "https://www.sec.gov/Archives/edgar/data/0001348036/000089924319004239/xslF345X03/doc4.xml"}, {"form_type": "4", "filings_date": "2019-02-20", "url": "https://www.sec.gov/Archives/edgar/data/0001348036/000089924319004233/xslF345X03/doc4.xml"}, {"form_type": "4", "filings_date": "2019-02-20", "url": "https://www.sec.gov/Archives/edgar/data/0001348036/000089924319004232/xslF345X03/doc4.xml"}, {"form_type": "4", "filings_date": "2019-02-20", "url": "https://www.sec.gov/Archives/edgar/data/0001348036/000089924319004230/xslF345X03/doc4.xml"}, {"form_type": "SC 13G", "filings_date": "2019-02-14", "url": "https://www.sec.gov/Archives/edgar/data/0001348036/000119312519040766/d687227dsc13g.htm"}, {"form_type": "SC 13G", "filings_date": "2019-02-13", "url": "https://www.sec.gov/Archives/edgar/data/0001348036/000110465919007782/a19-4438_1sc13g.htm"}, {"form_type": "8-K", "filings_date": "2019-02-12", "url": "https://www.sec.gov/Archives/edgar/data/0001348036/000156459019002691/avlr-8k_20190212.htm"}, {"form_type": "SC 13G", "filings_date": "2019-02-11", "url": "https://www.sec.gov/Archives/edgar/data/0001348036/000095014219000204/eh1900188_13g-avalara.htm"}, {"form_type": "8-K", "filings_date": "2019-01-31", "url": "https://www.sec.gov/Archives/edgar/data/0001348036/000119312519023939/d702596d8k.htm"}, {"form_type": "4", "filings_date": "2019-01-30", "url": "https://www.sec.gov/Archives/edgar/data/0001348036/000089924319002221/xslF345X03/doc4.xml"}, {"form_type": "4", "filings_date": "2019-01-30", "url": "https://www.sec.gov/Archives/edgar/data/0001348036/000089924319002219/xslF345X03/doc4.xml"}, {"form_type": "4", "filings_date": "2019-01-30", "url": "https://www.sec.gov/Archives/edgar/data/0001348036/000089924319002215/xslF345X03/doc4.xml"}, {"form_type": "4", "filings_date": "2019-01-30", "url": "https://www.sec.gov/Archives/edgar/data/0001348036/000089924319002214/xslF345X03/doc4.xml"}, {"form_type": "4", "filings_date": "2019-01-30", "url": "https://www.sec.gov/Archives/edgar/data/0001348036/000089924319002212/xslF345X03/doc4.xml"}, {"form_type": "8-K/A", "filings_date": "2019-01-28", "url": "https://www.sec.gov/Archives/edgar/data/0001348036/000119312519018829/d667894d8ka.htm"}, {"form_type": "4", "filings_date": "2019-01-16", "url": "https://www.sec.gov/Archives/edgar/data/0001348036/000089924319001317/xslF345X03/doc4.xml"}, {"form_type": "8-K", "filings_date": "2019-01-09", "url": "https://www.sec.gov/Archives/edgar/data/0001348036/000119312519005304/d682414d8k.htm"}, {"form_type": "4", "filings_date": "2018-12-27", "url": "https://www.sec.gov/Archives/edgar/data/0001348036/000089924318031751/xslF345X03/doc4.xml"}, {"form_type": "10-Q", "filings_date": "2018-11-08", "url": "https://www.sec.gov/Archives/edgar/data/0001348036/000156459018028152/avlr-10q_20180930.htm"}, {"form_type": "8-K", "filings_date": "2018-11-07", "url": "https://www.sec.gov/Archives/edgar/data/0001348036/000156459018028057/avlr-8k_20180930.htm"}, {"form_type": "UPLOAD", "filings_date": "2018-09-19", "url": "https://www.sec.gov/Archives/edgar/data/0001348036/000000000018029322/filename1.pdf"}, {"form_type": "DRS", "filings_date": "2018-09-12", "url": "https://www.sec.gov/Archives/edgar/data/0001348036/000095012318009405/filename1.htm"}, {"form_type": "8-K", "filings_date": "2018-08-17", "url": "https://www.sec.gov/Archives/edgar/data/0001348036/000119312518251017/d576218d8k.htm"}, {"form_type": "10-Q", "filings_date": "2018-08-10", "url": "https://www.sec.gov/Archives/edgar/data/0001348036/000156459018021146/avlr-10q_20180630.htm"}, {"form_type": "8-K", "filings_date": "2018-08-09", "url": "https://www.sec.gov/Archives/edgar/data/0001348036/000156459018021077/avlr-8k_20180809.htm"}, {"form_type": "4", "filings_date": "2018-06-19", "url": "https://www.sec.gov/Archives/edgar/data/0001348036/000089924318017237/xslF345X03/doc4.xml"}, {"form_type": "4", "filings_date": "2018-06-19", "url": "https://www.sec.gov/Archives/edgar/data/0001348036/000089924318017236/xslF345X03/doc4.xml"}, {"form_type": "4", "filings_date": "2018-06-19", "url": "https://www.sec.gov/Archives/edgar/data/0001348036/000089924318017235/xslF345X03/doc4.xml"}, {"form_type": "4", "filings_date": "2018-06-19", "url": "https://www.sec.gov/Archives/edgar/data/0001348036/000089924318017233/xslF345X03/doc4.xml"}, {"form_type": "4", "filings_date": "2018-06-19", "url": "https://www.sec.gov/Archives/edgar/data/0001348036/000089924318017230/xslF345X03/doc4.xml"}, {"form_type": "4", "filings_date": "2018-06-19", "url": "https://www.sec.gov/Archives/edgar/data/0001348036/000089924318017228/xslF345X03/doc4.xml"}, {"form_type": "4", "filings_date": "2018-06-19", "url": "https://www.sec.gov/Archives/edgar/data/0001348036/000089924318017227/xslF345X03/doc4.xml"}, {"form_type": "4", "filings_date": "2018-06-19", "url": "https://www.sec.gov/Archives/edgar/data/0001348036/000089924318017226/xslF345X03/doc4.xml"}, {"form_type": "4", "filings_date": "2018-06-19", "url": "https://www.sec.gov/Archives/edgar/data/0001348036/000089924318017224/xslF345X03/doc4.xml"}, {"form_type": "4", "filings_date": "2018-06-19", "url": "https://www.sec.gov/Archives/edgar/data/0001348036/000089924318017222/xslF345X03/doc4.xml"}, {"form_type": "4", "filings_date": "2018-06-19", "url": "https://www.sec.gov/Archives/edgar/data/0001348036/000089924318017221/xslF345X03/doc4.xml"}, {"form_type": "4", "filings_date": "2018-06-19", "url": "https://www.sec.gov/Archives/edgar/data/0001348036/000089924318017218/xslF345X03/doc4.xml"}, {"form_type": "S-8", "filings_date": "2018-06-15", "url": "https://www.sec.gov/Archives/edgar/data/0001348036/000119312518193651/d757340ds8.htm"}, {"form_type": "424B4", "filings_date": "2018-06-15", "url": "https://www.sec.gov/Archives/edgar/data/0001348036/000119312518193520/d317509d424b4.htm"}, {"form_type": "EFFECT", "filings_date": "2018-06-14", "url": "https://www.sec.gov/Archives/edgar/data/0001348036/999999999518001502/xslEFFECTX01/primary_doc.xml"}, {"form_type": "3", "filings_date": "2018-06-14", "url": "https://www.sec.gov/Archives/edgar/data/0001348036/000089924318016695/xslF345X02/doc3.xml"}, {"form_type": "3", "filings_date": "2018-06-14", "url": "https://www.sec.gov/Archives/edgar/data/0001348036/000089924318016694/xslF345X02/doc3.xml"}, {"form_type": "3", "filings_date": "2018-06-14", "url": "https://www.sec.gov/Archives/edgar/data/0001348036/000089924318016693/xslF345X02/doc3.xml"}, {"form_type": "3", "filings_date": "2018-06-14", "url": "https://www.sec.gov/Archives/edgar/data/0001348036/000089924318016690/xslF345X02/doc3.xml"}, {"form_type": "3", "filings_date": "2018-06-14", "url": "https://www.sec.gov/Archives/edgar/data/0001348036/000089924318016689/xslF345X02/doc3.xml"}, {"form_type": "3", "filings_date": "2018-06-14", "url": "https://www.sec.gov/Archives/edgar/data/0001348036/000089924318016688/xslF345X02/doc3.xml"}, {"form_type": "3", "filings_date": "2018-06-14", "url": "https://www.sec.gov/Archives/edgar/data/0001348036/000089924318016687/xslF345X02/doc3.xml"}, {"form_type": "3", "filings_date": "2018-06-14", "url": "https://www.sec.gov/Archives/edgar/data/0001348036/000089924318016683/xslF345X02/doc3.xml"}, {"form_type": "3", "filings_date": "2018-06-14", "url": "https://www.sec.gov/Archives/edgar/data/0001348036/000089924318016681/xslF345X02/doc3.xml"}, {"form_type": "3", "filings_date": "2018-06-14", "url": "https://www.sec.gov/Archives/edgar/data/0001348036/000089924318016679/xslF345X02/doc3.xml"}, {"form_type": "3", "filings_date": "2018-06-14", "url": "https://www.sec.gov/Archives/edgar/data/0001348036/000089924318016676/xslF345X02/doc3.xml"}, {"form_type": "3", "filings_date": "2018-06-14", "url": "https://www.sec.gov/Archives/edgar/data/0001348036/000089924318016675/xslF345X02/doc3.xml"}, {"form_type": "3", "filings_date": "2018-06-14", "url": "https://www.sec.gov/Archives/edgar/data/0001348036/000089924318016674/xslF345X02/doc3.xml"}, {"form_type": "3", "filings_date": "2018-06-14", "url": "https://www.sec.gov/Archives/edgar/data/0001348036/000089924318016669/xslF345X02/doc3.xml"}, {"form_type": "3", "filings_date": "2018-06-14", "url": "https://www.sec.gov/Archives/edgar/data/0001348036/000089924318016666/xslF345X02/doc3.xml"}, {"form_type": "3", "filings_date": "2018-06-14", "url": "https://www.sec.gov/Archives/edgar/data/0001348036/000089924318016665/xslF345X02/doc3.xml"}, {"form_type": "3", "filings_date": "2018-06-14", "url": "https://www.sec.gov/Archives/edgar/data/0001348036/000089924318016663/xslF345X02/doc3.xml"}, {"form_type": "S-1/A", "filings_date": "2018-06-13", "url": "https://www.sec.gov/Archives/edgar/data/0001348036/000119312518191000/d317509ds1a.htm"}, {"form_type": "CORRESP", "filings_date": "2018-06-12", "url": "https://www.sec.gov/Archives/edgar/data/0001348036/000119312518190650/filename1.htm"}, {"form_type": "CORRESP", "filings_date": "2018-06-12", "url": "https://www.sec.gov/Archives/edgar/data/0001348036/000119312518190511/filename1.htm"}, {"form_type": "CERT", "filings_date": "2018-06-12", "url": "https://www.sec.gov/Archives/edgar/data/0001348036/000087666118000696/AVLR.8A.06.12.18.pdf"}, {"form_type": "8-A12B", "filings_date": "2018-06-11", "url": "https://www.sec.gov/Archives/edgar/data/0001348036/000119312518189533/d733888d8a12b.htm"}, {"form_type": "S-1/A", "filings_date": "2018-06-04", "url": "https://www.sec.gov/Archives/edgar/data/0001348036/000119312518182411/d317509ds1a.htm"}, {"form_type": "CORRESP", "filings_date": "2018-05-17", "url": "https://www.sec.gov/Archives/edgar/data/0001348036/000119312518166370/filename1.htm"}, {"form_type": "S-1", "filings_date": "2018-05-11", "url": "https://www.sec.gov/Archives/edgar/data/0001348036/000119312518159839/d317509ds1.htm"}, {"form_type": "DRS/A", "filings_date": "2018-03-16", "url": "https://www.sec.gov/Archives/edgar/data/0001348036/000095012318003022/filename1.htm"}, {"form_type": "DRSLTR", "filings_date": "2018-02-07", "url": "https://www.sec.gov/Archives/edgar/data/0001348036/000095012318000976/filename1.htm"}, {"form_type": "UPLOAD", "filings_date": "2017-12-18", "url": "https://www.sec.gov/Archives/edgar/data/0001348036/000000000017043988/filename1.pdf"}, {"form_type": "DRS/A", "filings_date": "2017-12-05", "url": "https://www.sec.gov/Archives/edgar/data/0001348036/000095012317011240/filename1.htm"}, {"form_type": "DRSLTR", "filings_date": "2017-12-04", "url": "https://www.sec.gov/Archives/edgar/data/0001348036/000095012317011241/filename1.htm"}, {"form_type": "UPLOAD", "filings_date": "2017-07-24", "url": "https://www.sec.gov/Archives/edgar/data/0001348036/000000000017025946/filename1.pdf"}, {"form_type": "DRS", "filings_date": "2017-06-27", "url": "https://www.sec.gov/Archives/edgar/data/0001348036/000095012317005837/filename1.htm"}]}