{"company": {"cik": "0001418100", "name": "Avaya Holdings Corp.", "sic": "Telephone & Telegraph Apparatus", "state_incorp": "", "ticker": "AVYA", "mailing_addr": "co Avaya Inc, DURHAM, NC, 27713", "category": "Large accelerated filer", "fiscal_year_end": "30, September"}, "filings": [{"form_type": "S-8", "filings_date": "2022-03-07", "url": "https://www.sec.gov/Archives/edgar/data/0001418100/000141810022000036/a2022s-8foramend_v6xnocons.htm"}, {"form_type": "4", "filings_date": "2022-03-03", "url": "https://www.sec.gov/Archives/edgar/data/0001418100/000141810022000032/xslF345X03/wf-form4_164634282062276.xml"}, {"form_type": "4", "filings_date": "2022-03-03", "url": "https://www.sec.gov/Archives/edgar/data/0001418100/000141810022000030/xslF345X03/wf-form4_164634256462226.xml"}, {"form_type": "4", "filings_date": "2022-03-03", "url": "https://www.sec.gov/Archives/edgar/data/0001418100/000141810022000028/xslF345X03/wf-form4_164634238348933.xml"}, {"form_type": "4", "filings_date": "2022-03-03", "url": "https://www.sec.gov/Archives/edgar/data/0001418100/000141810022000026/xslF345X03/wf-form4_164634219293487.xml"}, {"form_type": "4", "filings_date": "2022-03-03", "url": "https://www.sec.gov/Archives/edgar/data/0001418100/000141810022000024/xslF345X03/wf-form4_164634200785423.xml"}, {"form_type": "4", "filings_date": "2022-03-03", "url": "https://www.sec.gov/Archives/edgar/data/0001418100/000141810022000022/xslF345X03/wf-form4_164634180053644.xml"}, {"form_type": "4", "filings_date": "2022-03-03", "url": "https://www.sec.gov/Archives/edgar/data/0001418100/000141810022000020/xslF345X03/wf-form4_164634163617342.xml"}, {"form_type": "8-K", "filings_date": "2022-03-02", "url": "https://www.sec.gov/Archives/edgar/data/0001418100/000141810022000018/avya-20220302.htm"}, {"form_type": "4", "filings_date": "2022-02-16", "url": "https://www.sec.gov/Archives/edgar/data/0001418100/000141810022000016/xslF345X03/wf-form4_164505046740471.xml"}, {"form_type": "4", "filings_date": "2022-02-16", "url": "https://www.sec.gov/Archives/edgar/data/0001418100/000141810022000015/xslF345X03/wf-form4_164505039783219.xml"}, {"form_type": "4", "filings_date": "2022-02-16", "url": "https://www.sec.gov/Archives/edgar/data/0001418100/000141810022000014/xslF345X03/wf-form4_164505031985629.xml"}, {"form_type": "4", "filings_date": "2022-02-16", "url": "https://www.sec.gov/Archives/edgar/data/0001418100/000141810022000013/xslF345X03/wf-form4_164505021412689.xml"}, {"form_type": "4", "filings_date": "2022-02-16", "url": "https://www.sec.gov/Archives/edgar/data/0001418100/000141810022000012/xslF345X03/wf-form4_164505012333403.xml"}, {"form_type": "SC 13G/A", "filings_date": "2022-02-14", "url": "https://www.sec.gov/Archives/edgar/data/0001418100/000117266122000825/contour-avya123121a1.htm"}, {"form_type": "4", "filings_date": "2022-02-14", "url": "https://www.sec.gov/Archives/edgar/data/0001418100/000141810022000006/xslF345X03/wf-form4_164487291169837.xml"}, {"form_type": "SC 13G", "filings_date": "2022-02-14", "url": "https://www.sec.gov/Archives/edgar/data/0001418100/000093583622000129/avya13g.htm"}, {"form_type": "SC 13G", "filings_date": "2022-02-11", "url": "https://www.sec.gov/Archives/edgar/data/0001418100/000142284922000045/SEC13G_Filing.htm"}, {"form_type": "10-Q", "filings_date": "2022-02-09", "url": "https://www.sec.gov/Archives/edgar/data/0001418100/000141810022000004/avya-20211231.htm"}, {"form_type": "SC 13G/A", "filings_date": "2022-02-09", "url": "https://www.sec.gov/Archives/edgar/data/0001418100/000110465922016571/tv0350-avayaholdingscorp.htm"}, {"form_type": "SC 13G/A", "filings_date": "2022-02-09", "url": "https://www.sec.gov/Archives/edgar/data/0001418100/000134140122000013/13g_avya.txt"}, {"form_type": "8-K", "filings_date": "2022-02-09", "url": "https://www.sec.gov/Archives/edgar/data/0001418100/000141810022000003/avya-20220209.htm"}, {"form_type": "SC 13G", "filings_date": "2022-02-04", "url": "https://www.sec.gov/Archives/edgar/data/0001418100/000005238822000069/avayaholdings13g.htm"}, {"form_type": "SC 13G/A", "filings_date": "2022-02-03", "url": "https://www.sec.gov/Archives/edgar/data/0001418100/000083423722005332/us05351x1019_020222.txt"}, {"form_type": "SC 13G/A", "filings_date": "2022-02-02", "url": "https://www.sec.gov/Archives/edgar/data/0001418100/000104018822000026/avaya13ga1_123121.htm"}, {"form_type": "DEF 14A", "filings_date": "2022-01-18", "url": "https://www.sec.gov/Archives/edgar/data/0001418100/000119312522010469/d197222ddef14a.htm"}, {"form_type": "8-K", "filings_date": "2021-12-14", "url": "https://www.sec.gov/Archives/edgar/data/0001418100/000141810021000127/avya-20211214.htm"}, {"form_type": "4", "filings_date": "2021-12-10", "url": "https://www.sec.gov/Archives/edgar/data/0001418100/000141810021000125/xslF345X03/wf-form4_163917031964015.xml"}, {"form_type": "4", "filings_date": "2021-12-09", "url": "https://www.sec.gov/Archives/edgar/data/0001418100/000141810021000123/xslF345X03/wf-form4_163908413027638.xml"}, {"form_type": "4", "filings_date": "2021-12-07", "url": "https://www.sec.gov/Archives/edgar/data/0001418100/000141810021000121/xslF345X03/wf-form4_163891196844279.xml"}, {"form_type": "4", "filings_date": "2021-12-07", "url": "https://www.sec.gov/Archives/edgar/data/0001418100/000141810021000120/xslF345X03/wf-form4_163891187625748.xml"}, {"form_type": "4", "filings_date": "2021-12-07", "url": "https://www.sec.gov/Archives/edgar/data/0001418100/000141810021000119/xslF345X03/wf-form4_163891175193747.xml"}, {"form_type": "4", "filings_date": "2021-12-07", "url": "https://www.sec.gov/Archives/edgar/data/0001418100/000141810021000118/xslF345X03/wf-form4_163891167159076.xml"}, {"form_type": "4", "filings_date": "2021-12-07", "url": "https://www.sec.gov/Archives/edgar/data/0001418100/000141810021000117/xslF345X03/wf-form4_163891157592263.xml"}, {"form_type": "SC 13G/A", "filings_date": "2021-12-06", "url": "https://www.sec.gov/Archives/edgar/data/0001418100/000104018821000139/avaya13ga1_12062021.htm"}, {"form_type": "4", "filings_date": "2021-12-02", "url": "https://www.sec.gov/Archives/edgar/data/0001418100/000141810021000111/xslF345X03/wf-form4_163847989217103.xml"}, {"form_type": "4", "filings_date": "2021-12-02", "url": "https://www.sec.gov/Archives/edgar/data/0001418100/000141810021000110/xslF345X03/wf-form4_163847981703294.xml"}, {"form_type": "4", "filings_date": "2021-12-02", "url": "https://www.sec.gov/Archives/edgar/data/0001418100/000141810021000109/xslF345X03/wf-form4_163847973099455.xml"}, {"form_type": "4", "filings_date": "2021-12-02", "url": "https://www.sec.gov/Archives/edgar/data/0001418100/000141810021000108/xslF345X03/wf-form4_163847966071530.xml"}, {"form_type": "4", "filings_date": "2021-12-02", "url": "https://www.sec.gov/Archives/edgar/data/0001418100/000141810021000107/xslF345X03/wf-form4_163847958620208.xml"}, {"form_type": "4", "filings_date": "2021-11-29", "url": "https://www.sec.gov/Archives/edgar/data/0001418100/000141810021000101/xslF345X03/wf-form4_163822010077200.xml"}, {"form_type": "4", "filings_date": "2021-11-29", "url": "https://www.sec.gov/Archives/edgar/data/0001418100/000141810021000100/xslF345X03/wf-form4_163822001018573.xml"}, {"form_type": "4", "filings_date": "2021-11-29", "url": "https://www.sec.gov/Archives/edgar/data/0001418100/000141810021000099/xslF345X03/wf-form4_163821992102607.xml"}, {"form_type": "10-K", "filings_date": "2021-11-22", "url": "https://www.sec.gov/Archives/edgar/data/0001418100/000141810021000095/avya-20210930.htm"}, {"form_type": "8-K", "filings_date": "2021-11-22", "url": "https://www.sec.gov/Archives/edgar/data/0001418100/000141810021000092/avya-20211122.htm"}, {"form_type": "4", "filings_date": "2021-11-16", "url": "https://www.sec.gov/Archives/edgar/data/0001418100/000141810021000089/xslF345X03/wf-form4_163709999331541.xml"}, {"form_type": "4", "filings_date": "2021-11-16", "url": "https://www.sec.gov/Archives/edgar/data/0001418100/000141810021000088/xslF345X03/wf-form4_163709948903380.xml"}, {"form_type": "4", "filings_date": "2021-11-16", "url": "https://www.sec.gov/Archives/edgar/data/0001418100/000141810021000087/xslF345X03/wf-form4_163709913738480.xml"}, {"form_type": "4", "filings_date": "2021-11-16", "url": "https://www.sec.gov/Archives/edgar/data/0001418100/000141810021000086/xslF345X03/wf-form4_163709869506709.xml"}, {"form_type": "4", "filings_date": "2021-11-16", "url": "https://www.sec.gov/Archives/edgar/data/0001418100/000141810021000085/xslF345X03/wf-form4_163709814675670.xml"}, {"form_type": "4", "filings_date": "2021-09-17", "url": "https://www.sec.gov/Archives/edgar/data/0001418100/000141810021000079/xslF345X03/wf-form4_163190912419350.xml"}, {"form_type": "SC 13D/A", "filings_date": "2021-09-16", "url": "https://www.sec.gov/Archives/edgar/data/0001418100/000119312521275260/d215774dsc13da.htm"}, {"form_type": "8-K", "filings_date": "2021-08-20", "url": "https://www.sec.gov/Archives/edgar/data/0001418100/000141810021000077/avya-20210819.htm"}, {"form_type": "4", "filings_date": "2021-08-17", "url": "https://www.sec.gov/Archives/edgar/data/0001418100/000141810021000075/xslF345X03/wf-form4_162923706761329.xml"}, {"form_type": "4", "filings_date": "2021-08-17", "url": "https://www.sec.gov/Archives/edgar/data/0001418100/000141810021000074/xslF345X03/wf-form4_162923693250777.xml"}, {"form_type": "4", "filings_date": "2021-08-17", "url": "https://www.sec.gov/Archives/edgar/data/0001418100/000141810021000073/xslF345X03/wf-form4_162923678609185.xml"}, {"form_type": "4", "filings_date": "2021-08-17", "url": "https://www.sec.gov/Archives/edgar/data/0001418100/000141810021000072/xslF345X03/wf-form4_162923669696868.xml"}, {"form_type": "4", "filings_date": "2021-08-17", "url": "https://www.sec.gov/Archives/edgar/data/0001418100/000141810021000071/xslF345X03/wf-form4_162923660498817.xml"}, {"form_type": "10-Q", "filings_date": "2021-08-09", "url": "https://www.sec.gov/Archives/edgar/data/0001418100/000141810021000065/avya-20210630.htm"}, {"form_type": "8-K", "filings_date": "2021-08-09", "url": "https://www.sec.gov/Archives/edgar/data/0001418100/000141810021000062/avya-20210809.htm"}, {"form_type": "SD", "filings_date": "2021-05-27", "url": "https://www.sec.gov/Archives/edgar/data/0001418100/000141810021000060/formsdcmr052721.htm"}, {"form_type": "4", "filings_date": "2021-05-18", "url": "https://www.sec.gov/Archives/edgar/data/0001418100/000141810021000058/xslF345X03/wf-form4_162137134759619.xml"}, {"form_type": "4", "filings_date": "2021-05-18", "url": "https://www.sec.gov/Archives/edgar/data/0001418100/000141810021000056/xslF345X03/wf-form4_162137114722452.xml"}, {"form_type": "4", "filings_date": "2021-05-18", "url": "https://www.sec.gov/Archives/edgar/data/0001418100/000141810021000054/xslF345X03/wf-form4_162137065505624.xml"}, {"form_type": "4", "filings_date": "2021-05-18", "url": "https://www.sec.gov/Archives/edgar/data/0001418100/000141810021000052/xslF345X03/wf-form4_162137028983331.xml"}, {"form_type": "4", "filings_date": "2021-05-18", "url": "https://www.sec.gov/Archives/edgar/data/0001418100/000141810021000050/xslF345X03/wf-form4_162137003602881.xml"}, {"form_type": "8-K", "filings_date": "2021-05-13", "url": "https://www.sec.gov/Archives/edgar/data/0001418100/000141810021000048/avya-20210512.htm"}, {"form_type": "10-Q", "filings_date": "2021-05-10", "url": "https://www.sec.gov/Archives/edgar/data/0001418100/000141810021000045/avya-20210331.htm"}, {"form_type": "8-K", "filings_date": "2021-05-06", "url": "https://www.sec.gov/Archives/edgar/data/0001418100/000141810021000043/avya-20210506.htm"}, {"form_type": "4", "filings_date": "2021-04-20", "url": "https://www.sec.gov/Archives/edgar/data/0001418100/000141810021000041/xslF345X03/wf-form4_161894926494184.xml"}, {"form_type": "4", "filings_date": "2021-03-04", "url": "https://www.sec.gov/Archives/edgar/data/0001418100/000141810021000039/xslF345X03/wf-form4_161489673380880.xml"}, {"form_type": "4", "filings_date": "2021-03-04", "url": "https://www.sec.gov/Archives/edgar/data/0001418100/000141810021000037/xslF345X03/wf-form4_161489649431954.xml"}, {"form_type": "4", "filings_date": "2021-03-04", "url": "https://www.sec.gov/Archives/edgar/data/0001418100/000141810021000035/xslF345X03/wf-form4_161489628136239.xml"}, {"form_type": "4", "filings_date": "2021-03-04", "url": "https://www.sec.gov/Archives/edgar/data/0001418100/000141810021000033/xslF345X03/wf-form4_161489611245012.xml"}, {"form_type": "4", "filings_date": "2021-03-04", "url": "https://www.sec.gov/Archives/edgar/data/0001418100/000141810021000031/xslF345X03/wf-form4_161489592683582.xml"}, {"form_type": "4", "filings_date": "2021-03-04", "url": "https://www.sec.gov/Archives/edgar/data/0001418100/000141810021000029/xslF345X03/wf-form4_161489566528382.xml"}, {"form_type": "4", "filings_date": "2021-03-04", "url": "https://www.sec.gov/Archives/edgar/data/0001418100/000141810021000027/xslF345X03/wf-form4_161489544913210.xml"}, {"form_type": "8-K", "filings_date": "2021-03-03", "url": "https://www.sec.gov/Archives/edgar/data/0001418100/000141810021000025/avya-20210303.htm"}, {"form_type": "8-K", "filings_date": "2021-02-25", "url": "https://www.sec.gov/Archives/edgar/data/0001418100/000141810021000023/avya-20210224.htm"}, {"form_type": "4", "filings_date": "2021-02-16", "url": "https://www.sec.gov/Archives/edgar/data/0001418100/000141810021000020/xslF345X03/wf-form4_161352222865377.xml"}, {"form_type": "4", "filings_date": "2021-02-16", "url": "https://www.sec.gov/Archives/edgar/data/0001418100/000141810021000019/xslF345X03/wf-form4_161352212197028.xml"}, {"form_type": "4", "filings_date": "2021-02-16", "url": "https://www.sec.gov/Archives/edgar/data/0001418100/000141810021000018/xslF345X03/wf-form4_161352202010271.xml"}, {"form_type": "4", "filings_date": "2021-02-16", "url": "https://www.sec.gov/Archives/edgar/data/0001418100/000141810021000017/xslF345X03/wf-form4_161352186360657.xml"}, {"form_type": "4", "filings_date": "2021-02-16", "url": "https://www.sec.gov/Archives/edgar/data/0001418100/000141810021000016/xslF345X03/wf-form4_161352178761338.xml"}, {"form_type": "SC 13G", "filings_date": "2021-02-16", "url": "https://www.sec.gov/Archives/edgar/data/0001418100/000119312521044844/d28789dsc13g.htm"}, {"form_type": "SC 13G", "filings_date": "2021-02-10", "url": "https://www.sec.gov/Archives/edgar/data/0001418100/000134140121000011/13g_avya.txt"}, {"form_type": "SC 13G/A", "filings_date": "2021-02-10", "url": "https://www.sec.gov/Archives/edgar/data/0001418100/000110465921017526/tv0314-avayaholdingscorp.htm"}, {"form_type": "10-Q", "filings_date": "2021-02-09", "url": "https://www.sec.gov/Archives/edgar/data/0001418100/000141810021000010/avya-20201231.htm"}, {"form_type": "8-K", "filings_date": "2021-02-09", "url": "https://www.sec.gov/Archives/edgar/data/0001418100/000141810021000008/avya-20210209.htm"}, {"form_type": "SC 13G", "filings_date": "2021-02-08", "url": "https://www.sec.gov/Archives/edgar/data/0001418100/000104018821000097/avaya13g_123120.htm"}, {"form_type": "SC 13G/A", "filings_date": "2021-01-29", "url": "https://www.sec.gov/Archives/edgar/data/0001418100/000083423721003017/us05351x1019_012821.txt"}, {"form_type": "4", "filings_date": "2021-01-19", "url": "https://www.sec.gov/Archives/edgar/data/0001418100/000141810021000006/xslF345X03/wf-form4_161109207253650.xml"}, {"form_type": "DEF 14A", "filings_date": "2021-01-19", "url": "https://www.sec.gov/Archives/edgar/data/0001418100/000119312521010714/d70930ddef14a.htm"}, {"form_type": "4", "filings_date": "2021-01-04", "url": "https://www.sec.gov/Archives/edgar/data/0001418100/000141810021000004/xslF345X03/wf-form4_160979479007835.xml"}, {"form_type": "4", "filings_date": "2021-01-04", "url": "https://www.sec.gov/Archives/edgar/data/0001418100/000141810021000003/xslF345X03/wf-form4_160979468682611.xml"}, {"form_type": "SC 13G/A", "filings_date": "2020-12-09", "url": "https://www.sec.gov/Archives/edgar/data/0001418100/000001961720000522/AVAYA_HOLDINGS_CORP.htm"}, {"form_type": "4", "filings_date": "2020-12-07", "url": "https://www.sec.gov/Archives/edgar/data/0001418100/000141810020000155/xslF345X03/wf-form4_160737675666194.xml"}, {"form_type": "4", "filings_date": "2020-12-07", "url": "https://www.sec.gov/Archives/edgar/data/0001418100/000141810020000154/xslF345X03/wf-form4_160737569885345.xml"}, {"form_type": "4", "filings_date": "2020-12-07", "url": "https://www.sec.gov/Archives/edgar/data/0001418100/000141810020000153/xslF345X03/wf-form4_160737556109983.xml"}, {"form_type": "4", "filings_date": "2020-12-07", "url": "https://www.sec.gov/Archives/edgar/data/0001418100/000141810020000152/xslF345X03/wf-form4_160737546664792.xml"}, {"form_type": "4", "filings_date": "2020-12-07", "url": "https://www.sec.gov/Archives/edgar/data/0001418100/000141810020000151/xslF345X03/wf-form4_160737539226364.xml"}, {"form_type": "4", "filings_date": "2020-12-07", "url": "https://www.sec.gov/Archives/edgar/data/0001418100/000141810020000150/xslF345X03/wf-form4_160737530537882.xml"}, {"form_type": "10-K", "filings_date": "2020-11-25", "url": "https://www.sec.gov/Archives/edgar/data/0001418100/000141810020000143/avya-20200930.htm"}, {"form_type": "8-K", "filings_date": "2020-11-18", "url": "https://www.sec.gov/Archives/edgar/data/0001418100/000141810020000140/avya-20201118.htm"}, {"form_type": "4", "filings_date": "2020-11-17", "url": "https://www.sec.gov/Archives/edgar/data/0001418100/000141810020000136/xslF345X03/wf-form4_160564946695974.xml"}, {"form_type": "4", "filings_date": "2020-11-17", "url": "https://www.sec.gov/Archives/edgar/data/0001418100/000141810020000135/xslF345X03/wf-form4_160564937483011.xml"}, {"form_type": "4", "filings_date": "2020-11-17", "url": "https://www.sec.gov/Archives/edgar/data/0001418100/000141810020000134/xslF345X03/wf-form4_160564930106430.xml"}, {"form_type": "4", "filings_date": "2020-11-09", "url": "https://www.sec.gov/Archives/edgar/data/0001418100/000141810020000130/xslF345X03/wf-form4_160495730133024.xml"}, {"form_type": "3", "filings_date": "2020-11-09", "url": "https://www.sec.gov/Archives/edgar/data/0001418100/000141810020000128/xslF345X02/wf-form3_160495708009393.xml"}, {"form_type": "8-K", "filings_date": "2020-11-09", "url": "https://www.sec.gov/Archives/edgar/data/0001418100/000141810020000126/avya-20201106.htm"}, {"form_type": "8-K", "filings_date": "2020-10-09", "url": "https://www.sec.gov/Archives/edgar/data/0001418100/000141810020000123/avya-20201009.htm"}, {"form_type": "4", "filings_date": "2020-10-01", "url": "https://www.sec.gov/Archives/edgar/data/0001418100/000141810020000120/xslF345X03/wf-form4_160158679712934.xml"}, {"form_type": "4", "filings_date": "2020-10-01", "url": "https://www.sec.gov/Archives/edgar/data/0001418100/000141810020000119/xslF345X03/wf-form4_160158673408494.xml"}, {"form_type": "8-K", "filings_date": "2020-09-25", "url": "https://www.sec.gov/Archives/edgar/data/0001418100/000141810020000116/avya-20200925.htm"}, {"form_type": "4", "filings_date": "2020-09-16", "url": "https://www.sec.gov/Archives/edgar/data/0001418100/000141810020000113/xslF345X03/wf-form4_160028705300253.xml"}, {"form_type": "3", "filings_date": "2020-09-15", "url": "https://www.sec.gov/Archives/edgar/data/0001418100/000141810020000111/xslF345X02/wf-form3_160020068580742.xml"}, {"form_type": "8-K", "filings_date": "2020-09-08", "url": "https://www.sec.gov/Archives/edgar/data/0001418100/000141810020000109/avya-20200908.htm"}, {"form_type": "S-3ASR", "filings_date": "2020-08-28", "url": "https://www.sec.gov/Archives/edgar/data/0001418100/000141810020000107/forms-3asr08x28x20.htm"}, {"form_type": "RW", "filings_date": "2020-08-28", "url": "https://www.sec.gov/Archives/edgar/data/0001418100/000141810020000104/formrw8-28x20.htm"}, {"form_type": "4", "filings_date": "2020-08-18", "url": "https://www.sec.gov/Archives/edgar/data/0001418100/000141810020000101/xslF345X03/wf-form4_159778247178273.xml"}, {"form_type": "4", "filings_date": "2020-08-18", "url": "https://www.sec.gov/Archives/edgar/data/0001418100/000141810020000100/xslF345X03/wf-form4_159778241252718.xml"}, {"form_type": "4", "filings_date": "2020-08-18", "url": "https://www.sec.gov/Archives/edgar/data/0001418100/000141810020000099/xslF345X03/wf-form4_159778225364440.xml"}, {"form_type": "S-3", "filings_date": "2020-08-10", "url": "https://www.sec.gov/Archives/edgar/data/0001418100/000141810020000095/forms-308x10x20.htm"}, {"form_type": "10-Q", "filings_date": "2020-08-10", "url": "https://www.sec.gov/Archives/edgar/data/0001418100/000141810020000094/avya-20200630.htm"}, {"form_type": "8-K", "filings_date": "2020-08-10", "url": "https://www.sec.gov/Archives/edgar/data/0001418100/000141810020000089/form8-kq3fy20earningsr.htm"}, {"form_type": "4", "filings_date": "2020-07-01", "url": "https://www.sec.gov/Archives/edgar/data/0001418100/000141810020000087/xslF345X03/wf-form4_159363424530646.xml"}, {"form_type": "4", "filings_date": "2020-07-01", "url": "https://www.sec.gov/Archives/edgar/data/0001418100/000141810020000086/xslF345X03/wf-form4_159363409245155.xml"}, {"form_type": "SD", "filings_date": "2020-05-28", "url": "https://www.sec.gov/Archives/edgar/data/0001418100/000141810020000083/formsdcmr052820.htm"}, {"form_type": "4", "filings_date": "2020-05-18", "url": "https://www.sec.gov/Archives/edgar/data/0001418100/000141810020000080/xslF345X03/wf-form4_158984270179226.xml"}, {"form_type": "4", "filings_date": "2020-05-18", "url": "https://www.sec.gov/Archives/edgar/data/0001418100/000141810020000079/xslF345X03/wf-form4_158984261765538.xml"}, {"form_type": "4", "filings_date": "2020-05-18", "url": "https://www.sec.gov/Archives/edgar/data/0001418100/000141810020000078/xslF345X03/wf-form4_158984252432563.xml"}, {"form_type": "UPLOAD", "filings_date": "2020-05-12", "url": "https://www.sec.gov/Archives/edgar/data/0001418100/000000000020004180/filename1.pdf"}, {"form_type": "10-Q", "filings_date": "2020-05-11", "url": "https://www.sec.gov/Archives/edgar/data/0001418100/000141810020000074/avya-20200331.htm"}, {"form_type": "8-K", "filings_date": "2020-05-11", "url": "https://www.sec.gov/Archives/edgar/data/0001418100/000141810020000070/form8-kq2fy20earningsr.htm"}, {"form_type": "CORRESP", "filings_date": "2020-05-01", "url": "https://www.sec.gov/Archives/edgar/data/0001418100/000141810020000068/filename1.htm"}, {"form_type": "4", "filings_date": "2020-04-02", "url": "https://www.sec.gov/Archives/edgar/data/0001418100/000141810020000065/xslF345X03/wf-form4_158582725129007.xml"}, {"form_type": "4", "filings_date": "2020-04-02", "url": "https://www.sec.gov/Archives/edgar/data/0001418100/000141810020000064/xslF345X03/wf-form4_158582722742979.xml"}, {"form_type": "UPLOAD", "filings_date": "2020-03-19", "url": "https://www.sec.gov/Archives/edgar/data/0001418100/000000000020002455/filename1.pdf"}, {"form_type": "4", "filings_date": "2020-03-12", "url": "https://www.sec.gov/Archives/edgar/data/0001418100/000141810020000061/xslF345X03/wf-form4_158404354797983.xml"}, {"form_type": "4", "filings_date": "2020-03-10", "url": "https://www.sec.gov/Archives/edgar/data/0001418100/000141810020000058/xslF345X03/wf-form4_158387297273944.xml"}, {"form_type": "SC 13G/A", "filings_date": "2020-03-06", "url": "https://www.sec.gov/Archives/edgar/data/0001418100/000001961720000261/AVAYA_HOLDINGS_CORP.htm"}, {"form_type": "S-8", "filings_date": "2020-03-06", "url": "https://www.sec.gov/Archives/edgar/data/0001418100/000141810020000056/forms-8_3620.htm"}, {"form_type": "10-K/A", "filings_date": "2020-03-06", "url": "https://www.sec.gov/Archives/edgar/data/0001418100/000141810020000055/avya-20190930.htm"}, {"form_type": "4", "filings_date": "2020-03-05", "url": "https://www.sec.gov/Archives/edgar/data/0001418100/000141810020000052/xslF345X03/wf-form4_158345308765784.xml"}, {"form_type": "4", "filings_date": "2020-03-05", "url": "https://www.sec.gov/Archives/edgar/data/0001418100/000141810020000051/xslF345X03/wf-form4_158345300947565.xml"}, {"form_type": "4", "filings_date": "2020-03-05", "url": "https://www.sec.gov/Archives/edgar/data/0001418100/000141810020000050/xslF345X03/wf-form4_158345292719469.xml"}, {"form_type": "4", "filings_date": "2020-03-05", "url": "https://www.sec.gov/Archives/edgar/data/0001418100/000141810020000049/xslF345X03/wf-form4_158345283092062.xml"}, {"form_type": "4", "filings_date": "2020-03-05", "url": "https://www.sec.gov/Archives/edgar/data/0001418100/000141810020000048/xslF345X03/wf-form4_158345275477469.xml"}, {"form_type": "4", "filings_date": "2020-03-05", "url": "https://www.sec.gov/Archives/edgar/data/0001418100/000141810020000047/xslF345X03/wf-form4_158345266676927.xml"}, {"form_type": "4", "filings_date": "2020-03-04", "url": "https://www.sec.gov/Archives/edgar/data/0001418100/000141810020000043/xslF345X03/wf-form4_158335635571468.xml"}, {"form_type": "8-K", "filings_date": "2020-03-04", "url": "https://www.sec.gov/Archives/edgar/data/0001418100/000141810020000042/avya-20200304.htm"}, {"form_type": "8-K", "filings_date": "2020-02-26", "url": "https://www.sec.gov/Archives/edgar/data/0001418100/000141810020000025/form8-kinvestorupdate2.htm"}, {"form_type": "4", "filings_date": "2020-02-19", "url": "https://www.sec.gov/Archives/edgar/data/0001418100/000141810020000023/xslF345X03/wf-form4_158214671180014.xml"}, {"form_type": "4", "filings_date": "2020-02-19", "url": "https://www.sec.gov/Archives/edgar/data/0001418100/000141810020000021/xslF345X03/wf-form4_158214662104267.xml"}, {"form_type": "4", "filings_date": "2020-02-19", "url": "https://www.sec.gov/Archives/edgar/data/0001418100/000141810020000019/xslF345X03/wf-form4_158214652866824.xml"}, {"form_type": "SC 13G/A", "filings_date": "2020-02-13", "url": "https://www.sec.gov/Archives/edgar/data/0001418100/000090266420001003/p20-0459sc13ga.htm"}, {"form_type": "10-Q", "filings_date": "2020-02-10", "url": "https://www.sec.gov/Archives/edgar/data/0001418100/000141810020000014/avaya12-31x201910xq.htm"}, {"form_type": "SC 13G/A", "filings_date": "2020-02-10", "url": "https://www.sec.gov/Archives/edgar/data/0001418100/000110465920013315/tv0002-avayaholdingscorp.htm"}, {"form_type": "SC 13G/A", "filings_date": "2020-02-10", "url": "https://www.sec.gov/Archives/edgar/data/0001418100/000110465920013283/tv0973-avayaholdingscorp.htm"}, {"form_type": "8-K", "filings_date": "2020-02-10", "url": "https://www.sec.gov/Archives/edgar/data/0001418100/000141810020000009/form8-kq1fy20earningsrelea.htm"}, {"form_type": "SC 13G/A", "filings_date": "2020-02-10", "url": "https://www.sec.gov/Archives/edgar/data/0001418100/000083423720008721/us05351x1019_020720.txt"}, {"form_type": "DEF 14A", "filings_date": "2020-01-17", "url": "https://www.sec.gov/Archives/edgar/data/0001418100/000119312520010036/d808891ddef14a.htm"}, {"form_type": "SC 13G/A", "filings_date": "2020-01-08", "url": "https://www.sec.gov/Archives/edgar/data/0001418100/000001961720000042/AVAYA_HOLDINGS_CORP.htm"}, {"form_type": "8-K", "filings_date": "2020-01-06", "url": "https://www.sec.gov/Archives/edgar/data/0001418100/000141810020000006/form8-kamendemploymentagt0.htm"}, {"form_type": "4", "filings_date": "2020-01-03", "url": "https://www.sec.gov/Archives/edgar/data/0001418100/000141810020000004/xslF345X03/wf-form4_157808561427179.xml"}, {"form_type": "4", "filings_date": "2020-01-03", "url": "https://www.sec.gov/Archives/edgar/data/0001418100/000141810020000003/xslF345X03/wf-form4_157808551524333.xml"}, {"form_type": "4", "filings_date": "2019-12-23", "url": "https://www.sec.gov/Archives/edgar/data/0001418100/000141810019000146/xslF345X03/wf-form4_157713614630689.xml"}, {"form_type": "4", "filings_date": "2019-12-11", "url": "https://www.sec.gov/Archives/edgar/data/0001418100/000141810019000143/xslF345X03/wf-form4_157607405185473.xml"}, {"form_type": "4", "filings_date": "2019-12-10", "url": "https://www.sec.gov/Archives/edgar/data/0001418100/000141810019000141/xslF345X03/wf-form4_157601267752880.xml"}, {"form_type": "4", "filings_date": "2019-12-10", "url": "https://www.sec.gov/Archives/edgar/data/0001418100/000141810019000140/xslF345X03/wf-form4_157601261089810.xml"}, {"form_type": "4", "filings_date": "2019-12-10", "url": "https://www.sec.gov/Archives/edgar/data/0001418100/000141810019000139/xslF345X03/wf-form4_157601254253689.xml"}, {"form_type": "3", "filings_date": "2019-12-09", "url": "https://www.sec.gov/Archives/edgar/data/0001418100/000141810019000134/xslF345X02/wf-form3_157592633952018.xml"}, {"form_type": "10-K", "filings_date": "2019-11-29", "url": "https://www.sec.gov/Archives/edgar/data/0001418100/000141810019000132/avaya9-30x201910xk.htm"}, {"form_type": "8-K", "filings_date": "2019-11-22", "url": "https://www.sec.gov/Archives/edgar/data/0001418100/000141810019000127/form8-kinvestorpresentatio.htm"}, {"form_type": "8-K", "filings_date": "2019-11-20", "url": "https://www.sec.gov/Archives/edgar/data/0001418100/000141810019000125/form8-kq4fy19earningsrelea.htm"}, {"form_type": "8-K", "filings_date": "2019-11-19", "url": "https://www.sec.gov/Archives/edgar/data/0001418100/000141810019000123/form8-kofficerdeparture111.htm"}, {"form_type": "4", "filings_date": "2019-11-18", "url": "https://www.sec.gov/Archives/edgar/data/0001418100/000141810019000121/xslF345X03/wf-form4_157411208234707.xml"}, {"form_type": "8-K", "filings_date": "2019-11-18", "url": "https://www.sec.gov/Archives/edgar/data/0001418100/000141810019000117/form8-kringblocktrade.htm"}, {"form_type": "S-8", "filings_date": "2019-11-15", "url": "https://www.sec.gov/Archives/edgar/data/0001418100/000141810019000113/form_s-8x111519.htm"}, {"form_type": "8-K/A", "filings_date": "2019-11-13", "url": "https://www.sec.gov/Archives/edgar/data/0001418100/000141810019000111/form8-kadirectorelection11.htm"}, {"form_type": "8-K", "filings_date": "2019-11-13", "url": "https://www.sec.gov/Archives/edgar/data/0001418100/000141810019000109/form8-kagmdates111319.htm"}, {"form_type": "SC 13D", "filings_date": "2019-11-12", "url": "https://www.sec.gov/Archives/edgar/data/0001418100/000119312519290106/d833030dsc13d.htm"}, {"form_type": "8-K", "filings_date": "2019-10-31", "url": "https://www.sec.gov/Archives/edgar/data/0001418100/000119312519279804/d827503d8k.htm"}, {"form_type": "8-K", "filings_date": "2019-10-07", "url": "https://www.sec.gov/Archives/edgar/data/0001418100/000141810019000104/form8-kofficerdeparture100.htm"}, {"form_type": "8-K", "filings_date": "2019-10-03", "url": "https://www.sec.gov/Archives/edgar/data/0001418100/000119312519261724/d811962d8k.htm"}, {"form_type": "4", "filings_date": "2019-10-02", "url": "https://www.sec.gov/Archives/edgar/data/0001418100/000141810019000101/xslF345X03/wf-form4_157002109414694.xml"}, {"form_type": "4", "filings_date": "2019-10-02", "url": "https://www.sec.gov/Archives/edgar/data/0001418100/000141810019000100/xslF345X03/wf-form4_157002092944174.xml"}, {"form_type": "4", "filings_date": "2019-10-02", "url": "https://www.sec.gov/Archives/edgar/data/0001418100/000141810019000099/xslF345X03/wf-form4_157002085595799.xml"}, {"form_type": "8-K", "filings_date": "2019-09-16", "url": "https://www.sec.gov/Archives/edgar/data/0001418100/000141810019000094/form8-kneodeparture091619.htm"}, {"form_type": "8-K", "filings_date": "2019-09-12", "url": "https://www.sec.gov/Archives/edgar/data/0001418100/000141810019000092/a8-k_20190912xupdateonstra.htm"}, {"form_type": "10-Q", "filings_date": "2019-08-13", "url": "https://www.sec.gov/Archives/edgar/data/0001418100/000141810019000089/avaya6-30x201910xq.htm"}, {"form_type": "8-K", "filings_date": "2019-08-13", "url": "https://www.sec.gov/Archives/edgar/data/0001418100/000141810019000087/form8-kq3fy19earningsrelea.htm"}, {"form_type": "4", "filings_date": "2019-07-02", "url": "https://www.sec.gov/Archives/edgar/data/0001418100/000141810019000083/xslF345X03/wf-form4_156209854983628.xml"}, {"form_type": "4", "filings_date": "2019-07-02", "url": "https://www.sec.gov/Archives/edgar/data/0001418100/000141810019000082/xslF345X03/wf-form4_156209853275846.xml"}, {"form_type": "4", "filings_date": "2019-07-02", "url": "https://www.sec.gov/Archives/edgar/data/0001418100/000141810019000081/xslF345X03/wf-form4_156209851321878.xml"}, {"form_type": "3", "filings_date": "2019-06-06", "url": "https://www.sec.gov/Archives/edgar/data/0001418100/000141810019000077/xslF345X02/wf-form3_155985185100554.xml"}, {"form_type": "8-K", "filings_date": "2019-06-06", "url": "https://www.sec.gov/Archives/edgar/data/0001418100/000141810019000076/form8-kofficerdeparture060.htm"}, {"form_type": "SD", "filings_date": "2019-05-28", "url": "https://www.sec.gov/Archives/edgar/data/0001418100/000141810019000073/formsdcmr052819.htm"}, {"form_type": "4", "filings_date": "2019-05-16", "url": "https://www.sec.gov/Archives/edgar/data/0001418100/000141810019000071/xslF345X03/wf-form4_155803946727985.xml"}, {"form_type": "4", "filings_date": "2019-05-16", "url": "https://www.sec.gov/Archives/edgar/data/0001418100/000141810019000070/xslF345X03/wf-form4_155803943366772.xml"}, {"form_type": "4", "filings_date": "2019-05-16", "url": "https://www.sec.gov/Archives/edgar/data/0001418100/000141810019000069/xslF345X03/wf-form4_155803940317206.xml"}, {"form_type": "4", "filings_date": "2019-05-16", "url": "https://www.sec.gov/Archives/edgar/data/0001418100/000141810019000068/xslF345X03/wf-form4_155803937424716.xml"}, {"form_type": "4", "filings_date": "2019-05-16", "url": "https://www.sec.gov/Archives/edgar/data/0001418100/000141810019000067/xslF345X03/wf-form4_155803933852283.xml"}, {"form_type": "4", "filings_date": "2019-05-16", "url": "https://www.sec.gov/Archives/edgar/data/0001418100/000141810019000066/xslF345X03/wf-form4_155803930828644.xml"}, {"form_type": "8-K", "filings_date": "2019-05-16", "url": "https://www.sec.gov/Archives/edgar/data/0001418100/000141810019000059/form8-kagmresults05152019.htm"}, {"form_type": "10-Q", "filings_date": "2019-05-13", "url": "https://www.sec.gov/Archives/edgar/data/0001418100/000141810019000057/avaya3-31x201910xq.htm"}, {"form_type": "8-K", "filings_date": "2019-05-09", "url": "https://www.sec.gov/Archives/edgar/data/0001418100/000141810019000054/form8-kq2fy19earningsrelea.htm"}, {"form_type": "DEF 14A", "filings_date": "2019-04-03", "url": "https://www.sec.gov/Archives/edgar/data/0001418100/000119312519096025/d724731ddef14a.htm"}, {"form_type": "4", "filings_date": "2019-04-02", "url": "https://www.sec.gov/Archives/edgar/data/0001418100/000141810019000051/xslF345X03/wf-form4_155423610142266.xml"}, {"form_type": "4", "filings_date": "2019-04-02", "url": "https://www.sec.gov/Archives/edgar/data/0001418100/000141810019000050/xslF345X03/wf-form4_155423605867883.xml"}, {"form_type": "4", "filings_date": "2019-04-02", "url": "https://www.sec.gov/Archives/edgar/data/0001418100/000141810019000049/xslF345X03/wf-form4_155423601096425.xml"}, {"form_type": "4", "filings_date": "2019-03-19", "url": "https://www.sec.gov/Archives/edgar/data/0001418100/000141810019000042/xslF345X03/wf-form4_155302660763900.xml"}, {"form_type": "3", "filings_date": "2019-03-18", "url": "https://www.sec.gov/Archives/edgar/data/0001418100/000141810019000041/xslF345X02/wf-form3_155294140234702.xml"}, {"form_type": "8-K", "filings_date": "2019-03-18", "url": "https://www.sec.gov/Archives/edgar/data/0001418100/000141810019000040/form8-knewdirector031819.htm"}, {"form_type": "4", "filings_date": "2019-03-08", "url": "https://www.sec.gov/Archives/edgar/data/0001418100/000141810019000035/xslF345X03/wf-form4_155208181651015.xml"}, {"form_type": "8-K", "filings_date": "2019-02-19", "url": "https://www.sec.gov/Archives/edgar/data/0001418100/000141810019000033/form8-kneodeparture021919.htm"}, {"form_type": "3", "filings_date": "2019-02-15", "url": "https://www.sec.gov/Archives/edgar/data/0001418100/000141810019000031/xslF345X02/wf-form3_155024012019561.xml"}, {"form_type": "NT 10-Q", "filings_date": "2019-02-15", "url": "https://www.sec.gov/Archives/edgar/data/0001418100/000119312519041431/d600451dnt10q.htm"}, {"form_type": "10-Q", "filings_date": "2019-02-15", "url": "https://www.sec.gov/Archives/edgar/data/0001418100/000141810019000029/avaya12-31x201810xq.htm"}, {"form_type": "8-K", "filings_date": "2019-02-14", "url": "https://www.sec.gov/Archives/edgar/data/0001418100/000141810019000027/form8-kacorrectionq1fy19ea.htm"}, {"form_type": "4", "filings_date": "2019-02-13", "url": "https://www.sec.gov/Archives/edgar/data/0001418100/000141810019000021/xslF345X03/wf-form4_155009566566898.xml"}, {"form_type": "4", "filings_date": "2019-02-13", "url": "https://www.sec.gov/Archives/edgar/data/0001418100/000141810019000020/xslF345X03/wf-form4_155009563626871.xml"}, {"form_type": "4", "filings_date": "2019-02-13", "url": "https://www.sec.gov/Archives/edgar/data/0001418100/000141810019000019/xslF345X03/wf-form4_155009560765884.xml"}, {"form_type": "4", "filings_date": "2019-02-13", "url": "https://www.sec.gov/Archives/edgar/data/0001418100/000141810019000018/xslF345X03/wf-form4_155009557768320.xml"}, {"form_type": "4", "filings_date": "2019-02-13", "url": "https://www.sec.gov/Archives/edgar/data/0001418100/000141810019000017/xslF345X03/wf-form4_155009554396624.xml"}, {"form_type": "4", "filings_date": "2019-02-13", "url": "https://www.sec.gov/Archives/edgar/data/0001418100/000141810019000016/xslF345X03/wf-form4_155009427373210.xml"}, {"form_type": "4", "filings_date": "2019-02-13", "url": "https://www.sec.gov/Archives/edgar/data/0001418100/000141810019000015/xslF345X03/wf-form4_155009424478143.xml"}, {"form_type": "4", "filings_date": "2019-02-13", "url": "https://www.sec.gov/Archives/edgar/data/0001418100/000141810019000014/xslF345X03/wf-form4_155009421619721.xml"}, {"form_type": "4", "filings_date": "2019-02-13", "url": "https://www.sec.gov/Archives/edgar/data/0001418100/000141810019000013/xslF345X03/wf-form4_155009418799241.xml"}, {"form_type": "4", "filings_date": "2019-02-13", "url": "https://www.sec.gov/Archives/edgar/data/0001418100/000141810019000012/xslF345X03/wf-form4_155009415960932.xml"}, {"form_type": "8-K", "filings_date": "2019-02-12", "url": "https://www.sec.gov/Archives/edgar/data/0001418100/000141810019000011/form8-k021219agmdates.htm"}, {"form_type": "SC 13G", "filings_date": "2019-02-11", "url": "https://www.sec.gov/Archives/edgar/data/0001418100/000093247119005123/avayaholdingscorp.htm"}, {"form_type": "SC 13G/A", "filings_date": "2019-02-11", "url": "https://www.sec.gov/Archives/edgar/data/0001418100/000090266419000782/p19-0108sc13ga.htm"}, {"form_type": "SC 13G", "filings_date": "2019-02-11", "url": "https://www.sec.gov/Archives/edgar/data/0001418100/000021545719007339/us05351x1019_020819.txt"}, {"form_type": "8-K", "filings_date": "2019-02-11", "url": "https://www.sec.gov/Archives/edgar/data/0001418100/000141810019000007/form8-kq1fy19earningsrelea.htm"}, {"form_type": "10-K/A", "filings_date": "2019-01-25", "url": "https://www.sec.gov/Archives/edgar/data/0001418100/000141810019000005/avaya9-30x201810xka.htm"}, {"form_type": "SC 13G", "filings_date": "2019-01-23", "url": "https://www.sec.gov/Archives/edgar/data/0001418100/000156761919001482/doc1.htm"}, {"form_type": "10-K", "filings_date": "2018-12-21", "url": "https://www.sec.gov/Archives/edgar/data/0001418100/000141810018000192/avaya9-30x201810xk.htm"}, {"form_type": "4", "filings_date": "2018-12-18", "url": "https://www.sec.gov/Archives/edgar/data/0001418100/000141810018000188/xslF345X03/wf-form4_154516879945794.xml"}, {"form_type": "4", "filings_date": "2018-12-18", "url": "https://www.sec.gov/Archives/edgar/data/0001418100/000141810018000187/xslF345X03/wf-form4_154516876179877.xml"}, {"form_type": "4", "filings_date": "2018-12-18", "url": "https://www.sec.gov/Archives/edgar/data/0001418100/000141810018000186/xslF345X03/wf-form4_154516872532528.xml"}, {"form_type": "4", "filings_date": "2018-12-18", "url": "https://www.sec.gov/Archives/edgar/data/0001418100/000141810018000185/xslF345X03/wf-form4_154516868968138.xml"}, {"form_type": "4", "filings_date": "2018-12-18", "url": "https://www.sec.gov/Archives/edgar/data/0001418100/000141810018000184/xslF345X03/wf-form4_154516837794841.xml"}, {"form_type": "4", "filings_date": "2018-12-18", "url": "https://www.sec.gov/Archives/edgar/data/0001418100/000141810018000183/xslF345X03/wf-form4_154516834409582.xml"}, {"form_type": "4", "filings_date": "2018-12-18", "url": "https://www.sec.gov/Archives/edgar/data/0001418100/000141810018000182/xslF345X03/wf-form4_154516830613953.xml"}, {"form_type": "4", "filings_date": "2018-12-18", "url": "https://www.sec.gov/Archives/edgar/data/0001418100/000141810018000181/xslF345X03/wf-form4_154516827054866.xml"}, {"form_type": "4", "filings_date": "2018-12-18", "url": "https://www.sec.gov/Archives/edgar/data/0001418100/000141810018000180/xslF345X03/wf-form4_154516823106726.xml"}, {"form_type": "8-K", "filings_date": "2018-12-10", "url": "https://www.sec.gov/Archives/edgar/data/0001418100/000141810018000174/form8-kinvestorday121018.htm"}, {"form_type": "8-K", "filings_date": "2018-12-04", "url": "https://www.sec.gov/Archives/edgar/data/0001418100/000141810018000172/form8-kq4fy18earnings.htm"}, {"form_type": "8-K", "filings_date": "2018-11-14", "url": "https://www.sec.gov/Archives/edgar/data/0001418100/000141810018000170/form8-kwarrantrepurchandby.htm"}, {"form_type": "4", "filings_date": "2018-11-14", "url": "https://www.sec.gov/Archives/edgar/data/0001418100/000141810018000166/xslF345X03/wf-form4_154222984815856.xml"}, {"form_type": "3", "filings_date": "2018-11-07", "url": "https://www.sec.gov/Archives/edgar/data/0001418100/000141810018000164/xslF345X02/wf-form3_154162608218868.xml"}, {"form_type": "4", "filings_date": "2018-09-17", "url": "https://www.sec.gov/Archives/edgar/data/0001418100/000141810018000162/xslF345X03/wf-form4_153718298743694.xml"}, {"form_type": "4", "filings_date": "2018-09-17", "url": "https://www.sec.gov/Archives/edgar/data/0001418100/000141810018000161/xslF345X03/wf-form4_153718294616560.xml"}, {"form_type": "4", "filings_date": "2018-09-17", "url": "https://www.sec.gov/Archives/edgar/data/0001418100/000141810018000160/xslF345X03/wf-form4_153718290829578.xml"}, {"form_type": "4", "filings_date": "2018-09-17", "url": "https://www.sec.gov/Archives/edgar/data/0001418100/000141810018000159/xslF345X03/wf-form4_153718286586826.xml"}, {"form_type": "4", "filings_date": "2018-09-17", "url": "https://www.sec.gov/Archives/edgar/data/0001418100/000141810018000158/xslF345X03/wf-form4_153718282897156.xml"}, {"form_type": "4", "filings_date": "2018-09-10", "url": "https://www.sec.gov/Archives/edgar/data/0001418100/000141810018000152/xslF345X03/wf-form4_153657977737693.xml"}, {"form_type": "3", "filings_date": "2018-08-29", "url": "https://www.sec.gov/Archives/edgar/data/0001418100/000141810018000149/xslF345X02/wf-form3_153554591302502.xml"}, {"form_type": "3", "filings_date": "2018-08-29", "url": "https://www.sec.gov/Archives/edgar/data/0001418100/000141810018000148/xslF345X02/wf-form3_153554587672111.xml"}, {"form_type": "10-Q", "filings_date": "2018-08-14", "url": "https://www.sec.gov/Archives/edgar/data/0001418100/000141810018000145/ahc-2018630x10q.htm"}, {"form_type": "8-K", "filings_date": "2018-08-09", "url": "https://www.sec.gov/Archives/edgar/data/0001418100/000141810018000141/form8-kq3fy18earnings.htm"}, {"form_type": "8-K", "filings_date": "2018-06-28", "url": "https://www.sec.gov/Archives/edgar/data/0001418100/000141810018000137/form8-k_closingcnallotment.htm"}, {"form_type": "8-K", "filings_date": "2018-06-20", "url": "https://www.sec.gov/Archives/edgar/data/0001418100/000141810018000133/form8-ktermloanrepricing06.htm"}, {"form_type": "4", "filings_date": "2018-06-18", "url": "https://www.sec.gov/Archives/edgar/data/0001418100/000141810018000128/xslF345X03/wf-form4_152935295864017.xml"}, {"form_type": "4", "filings_date": "2018-06-18", "url": "https://www.sec.gov/Archives/edgar/data/0001418100/000141810018000127/xslF345X03/wf-form4_152935293346048.xml"}, {"form_type": "4", "filings_date": "2018-06-18", "url": "https://www.sec.gov/Archives/edgar/data/0001418100/000141810018000126/xslF345X03/wf-form4_152935290155380.xml"}, {"form_type": "4", "filings_date": "2018-06-18", "url": "https://www.sec.gov/Archives/edgar/data/0001418100/000141810018000125/xslF345X03/wf-form4_152935287283336.xml"}, {"form_type": "4", "filings_date": "2018-06-18", "url": "https://www.sec.gov/Archives/edgar/data/0001418100/000141810018000124/xslF345X03/wf-form4_152935284518176.xml"}, {"form_type": "4", "filings_date": "2018-06-18", "url": "https://www.sec.gov/Archives/edgar/data/0001418100/000141810018000123/xslF345X03/wf-form4_152935281215446.xml"}, {"form_type": "8-K", "filings_date": "2018-06-12", "url": "https://www.sec.gov/Archives/edgar/data/0001418100/000141810018000116/form8-k0618convertdebtoffe.htm"}, {"form_type": "SD", "filings_date": "2018-05-31", "url": "https://www.sec.gov/Archives/edgar/data/0001418100/000141810018000114/formsdcmr053118.htm"}, {"form_type": "8-K", "filings_date": "2018-05-18", "url": "https://www.sec.gov/Archives/edgar/data/0001418100/000141810018000110/form8-kexecplan05182018.htm"}, {"form_type": "IRANNOTICE", "filings_date": "2018-05-16", "url": "https://www.sec.gov/Archives/edgar/data/0001418100/000141810018000106/ahcirannotice_2018may.htm"}, {"form_type": "10-Q", "filings_date": "2018-05-15", "url": "https://www.sec.gov/Archives/edgar/data/0001418100/000141810018000104/ahc-2018331x10q.htm"}, {"form_type": "8-K", "filings_date": "2018-05-10", "url": "https://www.sec.gov/Archives/edgar/data/0001418100/000141810018000101/form8-k_may102018xq2fy2018.htm"}, {"form_type": "8-K", "filings_date": "2018-04-16", "url": "https://www.sec.gov/Archives/edgar/data/0001418100/000141810018000098/a8-kapril132018_rrittenmey.htm"}, {"form_type": "4", "filings_date": "2018-03-15", "url": "https://www.sec.gov/Archives/edgar/data/0001418100/000141810018000096/xslF345X03/wf-form4_152114496838548.xml"}, {"form_type": "4", "filings_date": "2018-03-15", "url": "https://www.sec.gov/Archives/edgar/data/0001418100/000141810018000095/xslF345X03/wf-form4_152114495178165.xml"}, {"form_type": "4", "filings_date": "2018-03-15", "url": "https://www.sec.gov/Archives/edgar/data/0001418100/000141810018000094/xslF345X03/wf-form4_152114493339771.xml"}, {"form_type": "4", "filings_date": "2018-03-15", "url": "https://www.sec.gov/Archives/edgar/data/0001418100/000141810018000093/xslF345X03/wf-form4_152114490606215.xml"}, {"form_type": "4", "filings_date": "2018-03-15", "url": "https://www.sec.gov/Archives/edgar/data/0001418100/000141810018000092/xslF345X03/wf-form4_152114487771031.xml"}, {"form_type": "4", "filings_date": "2018-03-15", "url": "https://www.sec.gov/Archives/edgar/data/0001418100/000141810018000091/xslF345X03/wf-form4_152114486113186.xml"}, {"form_type": "8-K", "filings_date": "2018-03-12", "url": "https://www.sec.gov/Archives/edgar/data/0001418100/000141810018000078/form8-k_march122018xspoken.htm"}, {"form_type": "8-K", "filings_date": "2018-03-08", "url": "https://www.sec.gov/Archives/edgar/data/0001418100/000141810018000076/a8-k_mar72018xeaipadoption.htm"}, {"form_type": "10-Q", "filings_date": "2018-03-02", "url": "https://www.sec.gov/Archives/edgar/data/0001418100/000141810018000074/ahc-20171231x10q.htm"}, {"form_type": "8-K", "filings_date": "2018-03-01", "url": "https://www.sec.gov/Archives/edgar/data/0001418100/000141810018000071/form8-k1q18earnings.htm"}, {"form_type": "SC 13G", "filings_date": "2018-02-12", "url": "https://www.sec.gov/Archives/edgar/data/0001418100/000090266418000860/p18-0414sc13g.htm"}, {"form_type": "8-K", "filings_date": "2018-01-29", "url": "https://www.sec.gov/Archives/edgar/data/0001418100/000141810018000069/form8-kspokenacq.htm"}, {"form_type": "8-K", "filings_date": "2018-01-26", "url": "https://www.sec.gov/Archives/edgar/data/0001418100/000141810018000065/form8-kq118earnings.htm"}, {"form_type": "4", "filings_date": "2018-01-24", "url": "https://www.sec.gov/Archives/edgar/data/0001418100/000141810018000062/xslF345X03/wf-form4_151682826831618.xml"}, {"form_type": "4", "filings_date": "2018-01-24", "url": "https://www.sec.gov/Archives/edgar/data/0001418100/000141810018000061/xslF345X03/wf-form4_151682825180867.xml"}, {"form_type": "4", "filings_date": "2018-01-24", "url": "https://www.sec.gov/Archives/edgar/data/0001418100/000141810018000060/xslF345X03/wf-form4_151682823389752.xml"}, {"form_type": "4", "filings_date": "2018-01-24", "url": "https://www.sec.gov/Archives/edgar/data/0001418100/000141810018000059/xslF345X03/wf-form4_151682821799020.xml"}, {"form_type": "4", "filings_date": "2018-01-24", "url": "https://www.sec.gov/Archives/edgar/data/0001418100/000141810018000058/xslF345X03/wf-form4_151682819951754.xml"}, {"form_type": "4", "filings_date": "2018-01-24", "url": "https://www.sec.gov/Archives/edgar/data/0001418100/000141810018000057/xslF345X03/wf-form4_151682818081133.xml"}, {"form_type": "S-8", "filings_date": "2018-01-22", "url": "https://www.sec.gov/Archives/edgar/data/0001418100/000141810018000050/form_s-8x012218.htm"}, {"form_type": "3", "filings_date": "2018-01-16", "url": "https://www.sec.gov/Archives/edgar/data/0001418100/000141810018000043/xslF345X02/wf-form3_151611659800649.xml"}, {"form_type": "3", "filings_date": "2018-01-16", "url": "https://www.sec.gov/Archives/edgar/data/0001418100/000141810018000042/xslF345X02/wf-form3_151611657549184.xml"}, {"form_type": "3", "filings_date": "2018-01-16", "url": "https://www.sec.gov/Archives/edgar/data/0001418100/000141810018000041/xslF345X02/wf-form3_151611655907260.xml"}, {"form_type": "3", "filings_date": "2018-01-16", "url": "https://www.sec.gov/Archives/edgar/data/0001418100/000141810018000040/xslF345X02/wf-form3_151611653989062.xml"}, {"form_type": "3", "filings_date": "2018-01-16", "url": "https://www.sec.gov/Archives/edgar/data/0001418100/000141810018000039/xslF345X02/wf-form3_151611651508258.xml"}, {"form_type": "3", "filings_date": "2018-01-16", "url": "https://www.sec.gov/Archives/edgar/data/0001418100/000141810018000038/xslF345X02/wf-form3_151611649769078.xml"}, {"form_type": "3", "filings_date": "2018-01-16", "url": "https://www.sec.gov/Archives/edgar/data/0001418100/000141810018000037/xslF345X02/wf-form3_151611647355785.xml"}, {"form_type": "3", "filings_date": "2018-01-16", "url": "https://www.sec.gov/Archives/edgar/data/0001418100/000141810018000036/xslF345X02/wf-form3_151611644910808.xml"}, {"form_type": "3", "filings_date": "2018-01-16", "url": "https://www.sec.gov/Archives/edgar/data/0001418100/000141810018000035/xslF345X02/wf-form3_151611642786833.xml"}, {"form_type": "3", "filings_date": "2018-01-16", "url": "https://www.sec.gov/Archives/edgar/data/0001418100/000141810018000034/xslF345X02/wf-form3_151611641016142.xml"}, {"form_type": "3", "filings_date": "2018-01-16", "url": "https://www.sec.gov/Archives/edgar/data/0001418100/000141810018000033/xslF345X02/wf-form3_151611638966483.xml"}, {"form_type": "3", "filings_date": "2018-01-16", "url": "https://www.sec.gov/Archives/edgar/data/0001418100/000141810018000032/xslF345X02/wf-form3_151611636994728.xml"}, {"form_type": "3", "filings_date": "2018-01-16", "url": "https://www.sec.gov/Archives/edgar/data/0001418100/000141810018000031/xslF345X02/wf-form3_151611635207514.xml"}, {"form_type": "3", "filings_date": "2018-01-16", "url": "https://www.sec.gov/Archives/edgar/data/0001418100/000141810018000030/xslF345X02/wf-form3_151611633231559.xml"}, {"form_type": "CORRESP", "filings_date": "2018-01-11", "url": "https://www.sec.gov/Archives/edgar/data/0001418100/000119312518008536/filename1.htm"}, {"form_type": "SC 13G", "filings_date": "2018-01-10", "url": "https://www.sec.gov/Archives/edgar/data/0001418100/000102387518000001/avay17in.htm"}, {"form_type": "10-12B/A", "filings_date": "2018-01-10", "url": "https://www.sec.gov/Archives/edgar/data/0001418100/000119312518007960/d427311d1012ba.htm"}, {"form_type": "CERT", "filings_date": "2018-01-05", "url": "https://www.sec.gov/Archives/edgar/data/0001418100/000087666118000018/AVYA.FORM10.01.05.18.pdf"}, {"form_type": "10-12B/A", "filings_date": "2017-12-22", "url": "https://www.sec.gov/Archives/edgar/data/0001418100/000119312517377781/d427311d1012ba.htm"}, {"form_type": "10-12B/A", "filings_date": "2017-12-15", "url": "https://www.sec.gov/Archives/edgar/data/0001418100/000119312517370544/d427311d1012ba.htm"}, {"form_type": "CORRESP", "filings_date": "2017-11-13", "url": "https://www.sec.gov/Archives/edgar/data/0001418100/000119312517339727/filename1.htm"}, {"form_type": "10-12B", "filings_date": "2017-11-13", "url": "https://www.sec.gov/Archives/edgar/data/0001418100/000119312517339711/d427311d1012b.htm"}, {"form_type": "UPLOAD", "filings_date": "2017-10-30", "url": "https://www.sec.gov/Archives/edgar/data/0001418100/000000000017038293/filename1.pdf"}, {"form_type": "DRS/A", "filings_date": "2017-10-24", "url": "https://www.sec.gov/Archives/edgar/data/0001418100/000095012317009168/filename1.htm"}, {"form_type": "DRS", "filings_date": "2017-10-03", "url": "https://www.sec.gov/Archives/edgar/data/0001418100/000095012317008774/filename1.htm"}, {"form_type": "RW", "filings_date": "2017-01-23", "url": "https://www.sec.gov/Archives/edgar/data/0001418100/000119312517014732/d334632drw.htm"}]}