{"company": {"cik": "0001015739", "name": "AWARE INC /MA/", "sic": "Services-Prepackaged Software", "state_incorp": "MA", "ticker": "AWRE", "mailing_addr": "40 MIDDLESEX TURNPIKE, BEDFORD, MA, 01730", "category": "Non-accelerated filer<br>Smaller reporting company", "fiscal_year_end": "31, December"}, "filings": [{"form_type": "10-K", "filings_date": "2022-03-15", "url": "https://www.sec.gov/Archives/edgar/data/0001015739/000156459022010383/awre-10k_20211231.htm"}, {"form_type": "8-K", "filings_date": "2022-03-15", "url": "https://www.sec.gov/Archives/edgar/data/0001015739/000119312522076002/d327172d8k.htm"}, {"form_type": "4", "filings_date": "2022-03-03", "url": "https://www.sec.gov/Archives/edgar/data/0001015739/000120919122015881/xslF345X03/doc4.xml"}, {"form_type": "4", "filings_date": "2022-03-03", "url": "https://www.sec.gov/Archives/edgar/data/0001015739/000120919122015880/xslF345X03/doc4.xml"}, {"form_type": "4", "filings_date": "2022-03-03", "url": "https://www.sec.gov/Archives/edgar/data/0001015739/000120919122015879/xslF345X03/doc4.xml"}, {"form_type": "4", "filings_date": "2022-03-03", "url": "https://www.sec.gov/Archives/edgar/data/0001015739/000120919122015878/xslF345X03/doc4.xml"}, {"form_type": "4", "filings_date": "2022-03-03", "url": "https://www.sec.gov/Archives/edgar/data/0001015739/000120919122015877/xslF345X03/doc4.xml"}, {"form_type": "4", "filings_date": "2022-03-03", "url": "https://www.sec.gov/Archives/edgar/data/0001015739/000120919122015875/xslF345X03/doc4.xml"}, {"form_type": "8-K", "filings_date": "2022-03-01", "url": "https://www.sec.gov/Archives/edgar/data/0001015739/000119312522061329/d325632d8k.htm"}, {"form_type": "SC 13G/A", "filings_date": "2022-02-14", "url": "https://www.sec.gov/Archives/edgar/data/0001015739/000119312522037732/d230868dsc13ga.htm"}, {"form_type": "SC 13G/A", "filings_date": "2022-02-11", "url": "https://www.sec.gov/Archives/edgar/data/0001015739/000149315222003932/formsc13ga.htm"}, {"form_type": "SC 13G/A", "filings_date": "2022-02-08", "url": "https://www.sec.gov/Archives/edgar/data/0001015739/000035420422001504/SEC13G_Filing.htm"}, {"form_type": "4", "filings_date": "2022-01-05", "url": "https://www.sec.gov/Archives/edgar/data/0001015739/000120919122001934/xslF345X03/doc4.xml"}, {"form_type": "4", "filings_date": "2022-01-05", "url": "https://www.sec.gov/Archives/edgar/data/0001015739/000120919122001926/xslF345X03/doc4.xml"}, {"form_type": "4", "filings_date": "2022-01-05", "url": "https://www.sec.gov/Archives/edgar/data/0001015739/000120919122001921/xslF345X03/doc4.xml"}, {"form_type": "4", "filings_date": "2022-01-05", "url": "https://www.sec.gov/Archives/edgar/data/0001015739/000120919122001912/xslF345X03/doc4.xml"}, {"form_type": "4", "filings_date": "2022-01-05", "url": "https://www.sec.gov/Archives/edgar/data/0001015739/000120919122001904/xslF345X03/doc4.xml"}, {"form_type": "8-K", "filings_date": "2021-12-22", "url": "https://www.sec.gov/Archives/edgar/data/0001015739/000119312521364973/d268011d8k.htm"}, {"form_type": "4", "filings_date": "2021-12-08", "url": "https://www.sec.gov/Archives/edgar/data/0001015739/000120919121068507/xslF345X03/doc4.xml"}, {"form_type": "S-8", "filings_date": "2021-11-22", "url": "https://www.sec.gov/Archives/edgar/data/0001015739/000119312521336950/d211878ds8.htm"}, {"form_type": "10-Q", "filings_date": "2021-10-27", "url": "https://www.sec.gov/Archives/edgar/data/0001015739/000156459021052320/awre-10q_20210930.htm"}, {"form_type": "8-K", "filings_date": "2021-10-26", "url": "https://www.sec.gov/Archives/edgar/data/0001015739/000119312521307955/d239174d8k.htm"}, {"form_type": "4", "filings_date": "2021-10-06", "url": "https://www.sec.gov/Archives/edgar/data/0001015739/000120919121059803/xslF345X03/doc4.xml"}, {"form_type": "4", "filings_date": "2021-09-29", "url": "https://www.sec.gov/Archives/edgar/data/0001015739/000120919121058068/xslF345X03/doc4.xml"}, {"form_type": "8-K", "filings_date": "2021-09-08", "url": "https://www.sec.gov/Archives/edgar/data/0001015739/000119312521267978/d365487d8k.htm"}, {"form_type": "10-Q", "filings_date": "2021-07-28", "url": "https://www.sec.gov/Archives/edgar/data/0001015739/000156459021038614/awre-10q_20210630.htm"}, {"form_type": "8-K", "filings_date": "2021-07-27", "url": "https://www.sec.gov/Archives/edgar/data/0001015739/000119312521225708/d204158d8k.htm"}, {"form_type": "4", "filings_date": "2021-07-02", "url": "https://www.sec.gov/Archives/edgar/data/0001015739/000120919121045013/xslF345X03/doc4.xml"}, {"form_type": "4", "filings_date": "2021-07-02", "url": "https://www.sec.gov/Archives/edgar/data/0001015739/000120919121045003/xslF345X03/doc4.xml"}, {"form_type": "4", "filings_date": "2021-07-02", "url": "https://www.sec.gov/Archives/edgar/data/0001015739/000120919121044999/xslF345X03/doc4.xml"}, {"form_type": "4", "filings_date": "2021-07-02", "url": "https://www.sec.gov/Archives/edgar/data/0001015739/000120919121044996/xslF345X03/doc4.xml"}, {"form_type": "4", "filings_date": "2021-07-02", "url": "https://www.sec.gov/Archives/edgar/data/0001015739/000120919121044995/xslF345X03/doc4.xml"}, {"form_type": "8-K", "filings_date": "2021-05-20", "url": "https://www.sec.gov/Archives/edgar/data/0001015739/000119312521167879/d178124d8k.htm"}, {"form_type": "4/A", "filings_date": "2021-05-17", "url": "https://www.sec.gov/Archives/edgar/data/0001015739/000120919121033283/xslF345X03/doc4a.xml"}, {"form_type": "4", "filings_date": "2021-05-17", "url": "https://www.sec.gov/Archives/edgar/data/0001015739/000120919121033187/xslF345X03/doc4.xml"}, {"form_type": "10-Q", "filings_date": "2021-04-28", "url": "https://www.sec.gov/Archives/edgar/data/0001015739/000156459021021322/awre-10q_20210331.htm"}, {"form_type": "8-K", "filings_date": "2021-04-27", "url": "https://www.sec.gov/Archives/edgar/data/0001015739/000119312521134241/d158796d8k.htm"}, {"form_type": "DEF 14A", "filings_date": "2021-04-09", "url": "https://www.sec.gov/Archives/edgar/data/0001015739/000119312521111535/d142112ddef14a.htm"}, {"form_type": "8-K", "filings_date": "2021-03-30", "url": "https://www.sec.gov/Archives/edgar/data/0001015739/000119312521100297/d243071d8k.htm"}, {"form_type": "4", "filings_date": "2021-02-26", "url": "https://www.sec.gov/Archives/edgar/data/0001015739/000120919121014780/xslF345X03/doc4.xml"}, {"form_type": "4", "filings_date": "2021-02-26", "url": "https://www.sec.gov/Archives/edgar/data/0001015739/000120919121014779/xslF345X03/doc4.xml"}, {"form_type": "4", "filings_date": "2021-02-26", "url": "https://www.sec.gov/Archives/edgar/data/0001015739/000120919121014773/xslF345X03/doc4.xml"}, {"form_type": "4", "filings_date": "2021-02-26", "url": "https://www.sec.gov/Archives/edgar/data/0001015739/000120919121014768/xslF345X03/doc4.xml"}, {"form_type": "4", "filings_date": "2021-02-26", "url": "https://www.sec.gov/Archives/edgar/data/0001015739/000120919121014766/xslF345X03/doc4.xml"}, {"form_type": "4", "filings_date": "2021-02-26", "url": "https://www.sec.gov/Archives/edgar/data/0001015739/000120919121014765/xslF345X03/doc4.xml"}, {"form_type": "4", "filings_date": "2021-02-26", "url": "https://www.sec.gov/Archives/edgar/data/0001015739/000120919121014764/xslF345X03/doc4.xml"}, {"form_type": "4", "filings_date": "2021-02-26", "url": "https://www.sec.gov/Archives/edgar/data/0001015739/000120919121014762/xslF345X03/doc4.xml"}, {"form_type": "4", "filings_date": "2021-02-26", "url": "https://www.sec.gov/Archives/edgar/data/0001015739/000120919121014761/xslF345X03/doc4.xml"}, {"form_type": "3", "filings_date": "2021-02-19", "url": "https://www.sec.gov/Archives/edgar/data/0001015739/000120919121012343/xslF345X02/doc3.xml"}, {"form_type": "10-K", "filings_date": "2021-02-17", "url": "https://www.sec.gov/Archives/edgar/data/0001015739/000156459021006373/awre-10k_20201231.htm"}, {"form_type": "8-K", "filings_date": "2021-02-16", "url": "https://www.sec.gov/Archives/edgar/data/0001015739/000119312521043628/d108369d8k.htm"}, {"form_type": "SC 13G/A", "filings_date": "2021-02-12", "url": "https://www.sec.gov/Archives/edgar/data/0001015739/000035420421000016/SEC13G_Filing.htm"}, {"form_type": "SC 13G/A", "filings_date": "2021-02-11", "url": "https://www.sec.gov/Archives/edgar/data/0001015739/000149315221003324/formsc13ga.htm"}, {"form_type": "8-K", "filings_date": "2021-02-09", "url": "https://www.sec.gov/Archives/edgar/data/0001015739/000119312521034380/d115720d8k.htm"}, {"form_type": "SC 13G/A", "filings_date": "2021-02-02", "url": "https://www.sec.gov/Archives/edgar/data/0001015739/000119312521025748/d114847dsc13ga.htm"}, {"form_type": "4", "filings_date": "2021-01-04", "url": "https://www.sec.gov/Archives/edgar/data/0001015739/000110465921000446/xslF345X03/tm211536d8_4.xml"}, {"form_type": "4", "filings_date": "2021-01-04", "url": "https://www.sec.gov/Archives/edgar/data/0001015739/000110465921000445/xslF345X03/tm211536d7_4.xml"}, {"form_type": "4", "filings_date": "2021-01-04", "url": "https://www.sec.gov/Archives/edgar/data/0001015739/000110465921000444/xslF345X03/tm211536d6_4.xml"}, {"form_type": "4", "filings_date": "2021-01-04", "url": "https://www.sec.gov/Archives/edgar/data/0001015739/000110465921000443/xslF345X03/tm211536d5_4.xml"}, {"form_type": "4", "filings_date": "2021-01-04", "url": "https://www.sec.gov/Archives/edgar/data/0001015739/000110465921000442/xslF345X03/tm211536d4_4.xml"}, {"form_type": "4", "filings_date": "2021-01-04", "url": "https://www.sec.gov/Archives/edgar/data/0001015739/000110465921000440/xslF345X03/tm211536d3_4.xml"}, {"form_type": "4", "filings_date": "2021-01-04", "url": "https://www.sec.gov/Archives/edgar/data/0001015739/000110465921000439/xslF345X03/tm211536d2_4.xml"}, {"form_type": "4", "filings_date": "2021-01-04", "url": "https://www.sec.gov/Archives/edgar/data/0001015739/000110465921000438/xslF345X03/tm211536d1_4.xml"}, {"form_type": "4", "filings_date": "2020-11-20", "url": "https://www.sec.gov/Archives/edgar/data/0001015739/000110465920128015/xslF345X03/tm2036575d3_4.xml"}, {"form_type": "4", "filings_date": "2020-11-20", "url": "https://www.sec.gov/Archives/edgar/data/0001015739/000110465920128014/xslF345X03/tm2036575d2_4.xml"}, {"form_type": "4", "filings_date": "2020-11-20", "url": "https://www.sec.gov/Archives/edgar/data/0001015739/000110465920128013/xslF345X03/tm2036575d1_4.xml"}, {"form_type": "8-K", "filings_date": "2020-11-17", "url": "https://www.sec.gov/Archives/edgar/data/0001015739/000110465920126147/tm2036178d1_8k.htm"}, {"form_type": "10-Q", "filings_date": "2020-10-30", "url": "https://www.sec.gov/Archives/edgar/data/0001015739/000110465920119768/tm2029616d1_10q.htm"}, {"form_type": "8-K", "filings_date": "2020-10-27", "url": "https://www.sec.gov/Archives/edgar/data/0001015739/000110465920118554/tm2034356-1_8k.htm"}, {"form_type": "4", "filings_date": "2020-10-08", "url": "https://www.sec.gov/Archives/edgar/data/0001015739/000110465920113439/xslF345X03/tm2032770d1_4.xml"}, {"form_type": "4", "filings_date": "2020-09-23", "url": "https://www.sec.gov/Archives/edgar/data/0001015739/000110465920107928/xslF345X03/tm2031658d1_4.xml"}, {"form_type": "4", "filings_date": "2020-08-19", "url": "https://www.sec.gov/Archives/edgar/data/0001015739/000117911020009171/xslF345X03/edgar.xml"}, {"form_type": "10-Q", "filings_date": "2020-07-31", "url": "https://www.sec.gov/Archives/edgar/data/0001015739/000110465920089156/tm2020542-1_10q.htm"}, {"form_type": "8-K", "filings_date": "2020-07-28", "url": "https://www.sec.gov/Archives/edgar/data/0001015739/000110465920087342/tm2025824d1_8k.htm"}, {"form_type": "4", "filings_date": "2020-07-06", "url": "https://www.sec.gov/Archives/edgar/data/0001015739/000117911020008011/xslF345X03/edgar.xml"}, {"form_type": "4", "filings_date": "2020-07-02", "url": "https://www.sec.gov/Archives/edgar/data/0001015739/000110465920080628/xslF345X03/tm2024027d3_4.xml"}, {"form_type": "4", "filings_date": "2020-07-02", "url": "https://www.sec.gov/Archives/edgar/data/0001015739/000110465920080632/xslF345X03/tm2024027d7_4.xml"}, {"form_type": "4", "filings_date": "2020-07-02", "url": "https://www.sec.gov/Archives/edgar/data/0001015739/000110465920080631/xslF345X03/tm2024027d6_4.xml"}, {"form_type": "4", "filings_date": "2020-07-02", "url": "https://www.sec.gov/Archives/edgar/data/0001015739/000110465920080630/xslF345X03/tm2024027d5_4.xml"}, {"form_type": "4", "filings_date": "2020-07-02", "url": "https://www.sec.gov/Archives/edgar/data/0001015739/000110465920080629/xslF345X03/tm2024027d4_4.xml"}, {"form_type": "4", "filings_date": "2020-07-02", "url": "https://www.sec.gov/Archives/edgar/data/0001015739/000110465920080627/xslF345X03/tm2024027d2_4.xml"}, {"form_type": "4", "filings_date": "2020-07-02", "url": "https://www.sec.gov/Archives/edgar/data/0001015739/000110465920080619/xslF345X03/tm2024027d1_4.xml"}, {"form_type": "SC 13D/A", "filings_date": "2020-06-08", "url": "https://www.sec.gov/Archives/edgar/data/0001015739/000110465920070853/a20-22036_1sc13da.htm"}, {"form_type": "3", "filings_date": "2020-06-08", "url": "https://www.sec.gov/Archives/edgar/data/0001015739/000117911020007078/xslF345X02/edgar.xml"}, {"form_type": "4", "filings_date": "2020-06-08", "url": "https://www.sec.gov/Archives/edgar/data/0001015739/000117911020007077/xslF345X03/edgar.xml"}, {"form_type": "8-K", "filings_date": "2020-05-21", "url": "https://www.sec.gov/Archives/edgar/data/0001015739/000110465920064731/tm2020381-1_8k.htm"}, {"form_type": "4", "filings_date": "2020-05-11", "url": "https://www.sec.gov/Archives/edgar/data/0001015739/000110465920059521/xslF345X03/tm2019283d1_4.xml"}, {"form_type": "4", "filings_date": "2020-05-04", "url": "https://www.sec.gov/Archives/edgar/data/0001015739/000110465920056194/xslF345X03/tm2018529d2_4.xml"}, {"form_type": "3", "filings_date": "2020-05-04", "url": "https://www.sec.gov/Archives/edgar/data/0001015739/000110465920056192/xslF345X02/tm2018529d1_3.xml"}, {"form_type": "8-K", "filings_date": "2020-05-04", "url": "https://www.sec.gov/Archives/edgar/data/0001015739/000110465920056017/tm2018354d2_8k.htm"}, {"form_type": "8-K", "filings_date": "2020-05-04", "url": "https://www.sec.gov/Archives/edgar/data/0001015739/000110465920056015/tm2018354d1_8k.htm"}, {"form_type": "10-Q", "filings_date": "2020-05-01", "url": "https://www.sec.gov/Archives/edgar/data/0001015739/000110465920055065/tm2014549d1_10q.htm"}, {"form_type": "8-K", "filings_date": "2020-04-28", "url": "https://www.sec.gov/Archives/edgar/data/0001015739/000110465920052396/tm2017822d1_8k.htm"}, {"form_type": "DEF 14A", "filings_date": "2020-04-09", "url": "https://www.sec.gov/Archives/edgar/data/0001015739/000110465920044886/tm2014925d1_def14a.htm"}, {"form_type": "4", "filings_date": "2020-03-31", "url": "https://www.sec.gov/Archives/edgar/data/0001015739/000117911020004224/xslF345X03/edgar.xml"}, {"form_type": "4", "filings_date": "2020-03-31", "url": "https://www.sec.gov/Archives/edgar/data/0001015739/000110465920040932/xslF345X03/tm2014275d6_4.xml"}, {"form_type": "4", "filings_date": "2020-03-31", "url": "https://www.sec.gov/Archives/edgar/data/0001015739/000110465920040931/xslF345X03/tm2014275d5_4.xml"}, {"form_type": "4", "filings_date": "2020-03-31", "url": "https://www.sec.gov/Archives/edgar/data/0001015739/000110465920040930/xslF345X03/tm2014275d4_4.xml"}, {"form_type": "4", "filings_date": "2020-03-31", "url": "https://www.sec.gov/Archives/edgar/data/0001015739/000110465920040929/xslF345X03/tm2014275d3_4.xml"}, {"form_type": "4", "filings_date": "2020-03-31", "url": "https://www.sec.gov/Archives/edgar/data/0001015739/000110465920040928/xslF345X03/tm2014275d2_4.xml"}, {"form_type": "4", "filings_date": "2020-03-31", "url": "https://www.sec.gov/Archives/edgar/data/0001015739/000110465920040927/xslF345X03/tm2014275d1_4.xml"}, {"form_type": "3", "filings_date": "2020-03-31", "url": "https://www.sec.gov/Archives/edgar/data/0001015739/000110465920040926/xslF345X02/tm2014275d7_3.xml"}, {"form_type": "8-K", "filings_date": "2020-03-30", "url": "https://www.sec.gov/Archives/edgar/data/0001015739/000110465920040364/tm2014085d1_8k.htm"}, {"form_type": "4", "filings_date": "2020-03-16", "url": "https://www.sec.gov/Archives/edgar/data/0001015739/000117911020003716/xslF345X03/edgar.xml"}, {"form_type": "SC 13G", "filings_date": "2020-02-24", "url": "https://www.sec.gov/Archives/edgar/data/0001015739/000119312520045981/d828578dsc13g.htm"}, {"form_type": "10-K", "filings_date": "2020-02-18", "url": "https://www.sec.gov/Archives/edgar/data/0001015739/000110465920022309/tm205258d1_10k.htm"}, {"form_type": "SC 13G/A", "filings_date": "2020-02-12", "url": "https://www.sec.gov/Archives/edgar/data/0001015739/000125889720000805/dfs067.htm"}, {"form_type": "SEC STAFF LETTER", "filings_date": "2020-02-11", "url": "https://www.sec.gov/Archives/edgar/data/0001015739/999999999720000635/filename1.pdf"}, {"form_type": "8-K", "filings_date": "2020-02-11", "url": "https://www.sec.gov/Archives/edgar/data/0001015739/000110465920016258/tm207499d1_8k.htm"}, {"form_type": "SEC STAFF LETTER", "filings_date": "2020-02-05", "url": "https://www.sec.gov/Archives/edgar/data/0001015739/999999999720000507/filename1.pdf"}, {"form_type": "4", "filings_date": "2020-01-03", "url": "https://www.sec.gov/Archives/edgar/data/0001015739/000117911020000222/xslF345X03/edgar.xml"}, {"form_type": "4", "filings_date": "2020-01-03", "url": "https://www.sec.gov/Archives/edgar/data/0001015739/000110465920000836/xslF345X03/tm201198-6_4.xml"}, {"form_type": "4", "filings_date": "2020-01-03", "url": "https://www.sec.gov/Archives/edgar/data/0001015739/000110465920000835/xslF345X03/tm201198-5_4.xml"}, {"form_type": "4", "filings_date": "2020-01-03", "url": "https://www.sec.gov/Archives/edgar/data/0001015739/000110465920000833/xslF345X03/tm201198-3_4.xml"}, {"form_type": "4", "filings_date": "2020-01-03", "url": "https://www.sec.gov/Archives/edgar/data/0001015739/000110465920000832/xslF345X03/tm201198-2_4.xml"}, {"form_type": "4", "filings_date": "2020-01-03", "url": "https://www.sec.gov/Archives/edgar/data/0001015739/000110465920000838/xslF345X03/tm201198-8_4.xml"}, {"form_type": "4", "filings_date": "2020-01-03", "url": "https://www.sec.gov/Archives/edgar/data/0001015739/000110465920000837/xslF345X03/tm201198-7_4.xml"}, {"form_type": "4", "filings_date": "2020-01-03", "url": "https://www.sec.gov/Archives/edgar/data/0001015739/000110465920000834/xslF345X03/tm201198-4_4.xml"}, {"form_type": "4", "filings_date": "2020-01-03", "url": "https://www.sec.gov/Archives/edgar/data/0001015739/000110465920000831/xslF345X03/tm201198-1_4.xml"}, {"form_type": "4/A", "filings_date": "2019-12-10", "url": "https://www.sec.gov/Archives/edgar/data/0001015739/000110465919071355/xslF345X03/tm1924906d1_4a.xml"}, {"form_type": "4", "filings_date": "2019-12-03", "url": "https://www.sec.gov/Archives/edgar/data/0001015739/000110465919069425/xslF345X03/tm1924396d1_4.xml"}, {"form_type": "4", "filings_date": "2019-11-22", "url": "https://www.sec.gov/Archives/edgar/data/0001015739/000110465919066543/xslF345X03/tm1923737d1_4.xml"}, {"form_type": "4", "filings_date": "2019-11-20", "url": "https://www.sec.gov/Archives/edgar/data/0001015739/000117911019011917/xslF345X03/edgar.xml"}, {"form_type": "4", "filings_date": "2019-11-19", "url": "https://www.sec.gov/Archives/edgar/data/0001015739/000110465919065351/xslF345X03/tm1923378d2_4.xml"}, {"form_type": "3", "filings_date": "2019-11-19", "url": "https://www.sec.gov/Archives/edgar/data/0001015739/000110465919065350/xslF345X02/tm1923378d1_3.xml"}, {"form_type": "8-K", "filings_date": "2019-11-19", "url": "https://www.sec.gov/Archives/edgar/data/0001015739/000110465919065320/tm1922947d1_8k.htm"}, {"form_type": "4", "filings_date": "2019-11-15", "url": "https://www.sec.gov/Archives/edgar/data/0001015739/000117911019011765/xslF345X03/edgar.xml"}, {"form_type": "4", "filings_date": "2019-11-12", "url": "https://www.sec.gov/Archives/edgar/data/0001015739/000117911019011625/xslF345X03/edgar.xml"}, {"form_type": "4", "filings_date": "2019-11-07", "url": "https://www.sec.gov/Archives/edgar/data/0001015739/000110465919061025/xslF345X03/tm1922227d1_4.xml"}, {"form_type": "4", "filings_date": "2019-11-06", "url": "https://www.sec.gov/Archives/edgar/data/0001015739/000117911019011496/xslF345X03/edgar.xml"}, {"form_type": "10-Q", "filings_date": "2019-11-01", "url": "https://www.sec.gov/Archives/edgar/data/0001015739/000110465919058759/tm1919489d1_10q.htm"}, {"form_type": "8-K", "filings_date": "2019-10-29", "url": "https://www.sec.gov/Archives/edgar/data/0001015739/000110465919057274/tm1921365d1_8k.htm"}, {"form_type": "4", "filings_date": "2019-10-03", "url": "https://www.sec.gov/Archives/edgar/data/0001015739/000114420419047102/xslF345X03/tv530370_4.xml"}, {"form_type": "3", "filings_date": "2019-10-03", "url": "https://www.sec.gov/Archives/edgar/data/0001015739/000114420419047101/xslF345X02/tv530369_3.xml"}, {"form_type": "8-K", "filings_date": "2019-10-01", "url": "https://www.sec.gov/Archives/edgar/data/0001015739/000114420419046740/tv530243_8k.htm"}, {"form_type": "4", "filings_date": "2019-09-23", "url": "https://www.sec.gov/Archives/edgar/data/0001015739/000114420419045573/xslF345X03/tv529833_4.xml"}, {"form_type": "4", "filings_date": "2019-09-23", "url": "https://www.sec.gov/Archives/edgar/data/0001015739/000114420419045572/xslF345X03/tv529832_4.xml"}, {"form_type": "3", "filings_date": "2019-09-23", "url": "https://www.sec.gov/Archives/edgar/data/0001015739/000114420419045571/xslF345X02/tv529831_3.xml"}, {"form_type": "8-K", "filings_date": "2019-09-19", "url": "https://www.sec.gov/Archives/edgar/data/0001015739/000114420419045251/tv529721_8k.htm"}, {"form_type": "4", "filings_date": "2019-08-13", "url": "https://www.sec.gov/Archives/edgar/data/0001015739/000117911019009433/xslF345X03/edgar.xml"}, {"form_type": "SC 13D/A", "filings_date": "2019-08-13", "url": "https://www.sec.gov/Archives/edgar/data/0001015739/000110465919045573/a19-17096_1sc13da.htm"}, {"form_type": "10-Q", "filings_date": "2019-08-02", "url": "https://www.sec.gov/Archives/edgar/data/0001015739/000114420419037346/tv526106_10q.htm"}, {"form_type": "8-K", "filings_date": "2019-07-30", "url": "https://www.sec.gov/Archives/edgar/data/0001015739/000114420419036658/tv526135_8k.htm"}, {"form_type": "4", "filings_date": "2019-07-02", "url": "https://www.sec.gov/Archives/edgar/data/0001015739/000117911019008334/xslF345X03/edgar.xml"}, {"form_type": "4", "filings_date": "2019-07-02", "url": "https://www.sec.gov/Archives/edgar/data/0001015739/000114420419033558/xslF345X03/tv524647_form4.xml"}, {"form_type": "4", "filings_date": "2019-07-02", "url": "https://www.sec.gov/Archives/edgar/data/0001015739/000114420419033557/xslF345X03/tv524646_form4.xml"}, {"form_type": "4", "filings_date": "2019-07-02", "url": "https://www.sec.gov/Archives/edgar/data/0001015739/000114420419033556/xslF345X03/tv524645_form4.xml"}, {"form_type": "4", "filings_date": "2019-07-02", "url": "https://www.sec.gov/Archives/edgar/data/0001015739/000114420419033560/xslF345X03/tv524649_form4.xml"}, {"form_type": "4", "filings_date": "2019-07-02", "url": "https://www.sec.gov/Archives/edgar/data/0001015739/000114420419033559/xslF345X03/tv524648_form4.xml"}, {"form_type": "4", "filings_date": "2019-07-02", "url": "https://www.sec.gov/Archives/edgar/data/0001015739/000114420419033555/xslF345X03/tv524643_form4.xml"}, {"form_type": "8-K", "filings_date": "2019-05-23", "url": "https://www.sec.gov/Archives/edgar/data/0001015739/000114420419027847/tv522297_8k.htm"}, {"form_type": "4", "filings_date": "2019-05-22", "url": "https://www.sec.gov/Archives/edgar/data/0001015739/000114420419027699/xslF345X03/tv522190_form4.xml"}, {"form_type": "4", "filings_date": "2019-05-22", "url": "https://www.sec.gov/Archives/edgar/data/0001015739/000114420419027698/xslF345X03/tv522189_form4.xml"}, {"form_type": "10-Q", "filings_date": "2019-05-03", "url": "https://www.sec.gov/Archives/edgar/data/0001015739/000114420419023447/tv520011_10q.htm"}, {"form_type": "8-K", "filings_date": "2019-04-30", "url": "https://www.sec.gov/Archives/edgar/data/0001015739/000114420419022375/tv520078_8k.htm"}, {"form_type": "DEF 14A", "filings_date": "2019-04-12", "url": "https://www.sec.gov/Archives/edgar/data/0001015739/000114420419019420/tv518186_def14a.htm"}, {"form_type": "SC 13D/A", "filings_date": "2019-03-27", "url": "https://www.sec.gov/Archives/edgar/data/0001015739/000110465919017826/a19-7324_1sc13da.htm"}, {"form_type": "4", "filings_date": "2019-03-27", "url": "https://www.sec.gov/Archives/edgar/data/0001015739/000117911019004323/xslF345X03/edgar.xml"}, {"form_type": "4", "filings_date": "2019-03-27", "url": "https://www.sec.gov/Archives/edgar/data/0001015739/000114420419016295/xslF345X03/tv517215_4.xml"}, {"form_type": "4", "filings_date": "2019-03-27", "url": "https://www.sec.gov/Archives/edgar/data/0001015739/000114420419016298/xslF345X03/tv517219_4.xml"}, {"form_type": "4", "filings_date": "2019-03-27", "url": "https://www.sec.gov/Archives/edgar/data/0001015739/000114420419016297/xslF345X03/tv517218_4.xml"}, {"form_type": "4", "filings_date": "2019-03-27", "url": "https://www.sec.gov/Archives/edgar/data/0001015739/000114420419016296/xslF345X03/tv517216_4.xml"}, {"form_type": "4", "filings_date": "2019-03-27", "url": "https://www.sec.gov/Archives/edgar/data/0001015739/000114420419016294/xslF345X03/tv517214_4.xml"}, {"form_type": "4", "filings_date": "2019-03-27", "url": "https://www.sec.gov/Archives/edgar/data/0001015739/000114420419016293/xslF345X03/tv517213_4.xml"}, {"form_type": "8-K", "filings_date": "2019-03-27", "url": "https://www.sec.gov/Archives/edgar/data/0001015739/000114420419016289/tv517199_8k.htm"}, {"form_type": "10-K", "filings_date": "2019-02-19", "url": "https://www.sec.gov/Archives/edgar/data/0001015739/000114420419008788/tv513035_10k.htm"}, {"form_type": "SC 13G/A", "filings_date": "2019-02-14", "url": "https://www.sec.gov/Archives/edgar/data/0001015739/000149315219001981/formsc-13ga.htm"}, {"form_type": "8-K", "filings_date": "2019-02-12", "url": "https://www.sec.gov/Archives/edgar/data/0001015739/000114420419006640/tv513156_8k.htm"}, {"form_type": "SC 13G/A", "filings_date": "2019-02-08", "url": "https://www.sec.gov/Archives/edgar/data/0001015739/000125889719001422/dfs593.htm"}, {"form_type": "4", "filings_date": "2019-01-03", "url": "https://www.sec.gov/Archives/edgar/data/0001015739/000117911019000189/xslF345X03/edgar.xml"}, {"form_type": "4", "filings_date": "2019-01-03", "url": "https://www.sec.gov/Archives/edgar/data/0001015739/000117911019000188/xslF345X03/edgar.xml"}, {"form_type": "4", "filings_date": "2019-01-03", "url": "https://www.sec.gov/Archives/edgar/data/0001015739/000114420419000343/xslF345X03/tv510277_4.xml"}, {"form_type": "4", "filings_date": "2019-01-03", "url": "https://www.sec.gov/Archives/edgar/data/0001015739/000114420419000342/xslF345X03/tv510276_4.xml"}, {"form_type": "4", "filings_date": "2019-01-03", "url": "https://www.sec.gov/Archives/edgar/data/0001015739/000114420419000341/xslF345X03/tv510275_4.xml"}, {"form_type": "4", "filings_date": "2019-01-03", "url": "https://www.sec.gov/Archives/edgar/data/0001015739/000114420419000340/xslF345X03/tv510274_4.xml"}, {"form_type": "4", "filings_date": "2019-01-03", "url": "https://www.sec.gov/Archives/edgar/data/0001015739/000114420419000339/xslF345X03/tv510273_4.xml"}, {"form_type": "4", "filings_date": "2019-01-03", "url": "https://www.sec.gov/Archives/edgar/data/0001015739/000114420419000338/xslF345X03/tv510272_4.xml"}, {"form_type": "10-Q", "filings_date": "2018-10-26", "url": "https://www.sec.gov/Archives/edgar/data/0001015739/000114420418055462/tv505195_10q.htm"}, {"form_type": "8-K", "filings_date": "2018-10-23", "url": "https://www.sec.gov/Archives/edgar/data/0001015739/000114420418054942/tv505295_8k.htm"}, {"form_type": "8-K", "filings_date": "2018-07-27", "url": "https://www.sec.gov/Archives/edgar/data/0001015739/000114420418040392/tv499382_8k.htm"}, {"form_type": "10-Q", "filings_date": "2018-07-27", "url": "https://www.sec.gov/Archives/edgar/data/0001015739/000114420418040369/tv499001_10q.htm"}, {"form_type": "8-K", "filings_date": "2018-07-24", "url": "https://www.sec.gov/Archives/edgar/data/0001015739/000114420418039632/tv499088_8k.htm"}, {"form_type": "4", "filings_date": "2018-07-03", "url": "https://www.sec.gov/Archives/edgar/data/0001015739/000117911018009356/xslF345X03/edgar.xml"}, {"form_type": "4", "filings_date": "2018-07-03", "url": "https://www.sec.gov/Archives/edgar/data/0001015739/000117911018009355/xslF345X03/edgar.xml"}, {"form_type": "4", "filings_date": "2018-07-03", "url": "https://www.sec.gov/Archives/edgar/data/0001015739/000114420418037195/xslF345X03/tv497915_4.xml"}, {"form_type": "4", "filings_date": "2018-07-03", "url": "https://www.sec.gov/Archives/edgar/data/0001015739/000114420418037193/xslF345X03/tv497914_4.xml"}, {"form_type": "4", "filings_date": "2018-07-03", "url": "https://www.sec.gov/Archives/edgar/data/0001015739/000114420418037192/xslF345X03/tv497913_4.xml"}, {"form_type": "4", "filings_date": "2018-07-03", "url": "https://www.sec.gov/Archives/edgar/data/0001015739/000114420418037191/xslF345X03/tv497912_4.xml"}, {"form_type": "4", "filings_date": "2018-07-03", "url": "https://www.sec.gov/Archives/edgar/data/0001015739/000114420418037190/xslF345X03/tv497911_4.xml"}, {"form_type": "4", "filings_date": "2018-07-03", "url": "https://www.sec.gov/Archives/edgar/data/0001015739/000114420418037189/xslF345X03/tv497910_4.xml"}, {"form_type": "8-K", "filings_date": "2018-05-24", "url": "https://www.sec.gov/Archives/edgar/data/0001015739/000114420418030713/tv495012_8k.htm"}, {"form_type": "10-Q", "filings_date": "2018-04-27", "url": "https://www.sec.gov/Archives/edgar/data/0001015739/000114420418022918/tv491825_10q.htm"}, {"form_type": "8-K", "filings_date": "2018-04-24", "url": "https://www.sec.gov/Archives/edgar/data/0001015739/000114420418022065/tv491773_8k.htm"}, {"form_type": "8-K", "filings_date": "2018-04-24", "url": "https://www.sec.gov/Archives/edgar/data/0001015739/000114420418022064/tv491771_8k.htm"}, {"form_type": "DEF 14A", "filings_date": "2018-04-13", "url": "https://www.sec.gov/Archives/edgar/data/0001015739/000114420418020394/tv490486_def14a.htm"}, {"form_type": "4", "filings_date": "2018-03-22", "url": "https://www.sec.gov/Archives/edgar/data/0001015739/000117911018004779/xslF345X03/edgar.xml"}, {"form_type": "4", "filings_date": "2018-03-22", "url": "https://www.sec.gov/Archives/edgar/data/0001015739/000117911018004777/xslF345X03/edgar.xml"}, {"form_type": "4", "filings_date": "2018-03-22", "url": "https://www.sec.gov/Archives/edgar/data/0001015739/000114420418016433/xslF345X03/tv489133_4.xml"}, {"form_type": "4", "filings_date": "2018-03-22", "url": "https://www.sec.gov/Archives/edgar/data/0001015739/000114420418016432/xslF345X03/tv489132_4.xml"}, {"form_type": "4", "filings_date": "2018-03-22", "url": "https://www.sec.gov/Archives/edgar/data/0001015739/000114420418016430/xslF345X03/tv489130_4.xml"}, {"form_type": "4", "filings_date": "2018-03-22", "url": "https://www.sec.gov/Archives/edgar/data/0001015739/000114420418016428/xslF345X03/tv489129_4.xml"}, {"form_type": "4", "filings_date": "2018-03-22", "url": "https://www.sec.gov/Archives/edgar/data/0001015739/000114420418016427/xslF345X03/tv489126_4.xml"}, {"form_type": "4", "filings_date": "2018-03-22", "url": "https://www.sec.gov/Archives/edgar/data/0001015739/000114420418016425/xslF345X03/tv489123_4.xml"}, {"form_type": "8-K", "filings_date": "2018-03-22", "url": "https://www.sec.gov/Archives/edgar/data/0001015739/000114420418016413/tv489091_8k.htm"}, {"form_type": "10-K", "filings_date": "2018-02-28", "url": "https://www.sec.gov/Archives/edgar/data/0001015739/000114420418011461/tv486650_10k.htm"}, {"form_type": "8-K", "filings_date": "2018-02-22", "url": "https://www.sec.gov/Archives/edgar/data/0001015739/000114420418010259/tv486796_8k.htm"}, {"form_type": "SC 13G/A", "filings_date": "2018-02-14", "url": "https://www.sec.gov/Archives/edgar/data/0001015739/000110465918009505/a18-6104_1sc13ga.htm"}, {"form_type": "SC 13G/A", "filings_date": "2018-02-09", "url": "https://www.sec.gov/Archives/edgar/data/0001015739/000125889718001431/dfs575.htm"}, {"form_type": "SC 13G/A", "filings_date": "2018-01-25", "url": "https://www.sec.gov/Archives/edgar/data/0001015739/000149315218001051/sc13ga.htm"}, {"form_type": "4", "filings_date": "2018-01-03", "url": "https://www.sec.gov/Archives/edgar/data/0001015739/000117911018000379/xslF345X03/edgar.xml"}, {"form_type": "4", "filings_date": "2018-01-03", "url": "https://www.sec.gov/Archives/edgar/data/0001015739/000117911018000377/xslF345X03/edgar.xml"}, {"form_type": "4", "filings_date": "2018-01-03", "url": "https://www.sec.gov/Archives/edgar/data/0001015739/000114420418000470/xslF345X03/tv482546-russell_4.xml"}, {"form_type": "4", "filings_date": "2018-01-03", "url": "https://www.sec.gov/Archives/edgar/data/0001015739/000114420418000469/xslF345X03/tv482545-martin_4.xml"}, {"form_type": "4", "filings_date": "2018-01-03", "url": "https://www.sec.gov/Archives/edgar/data/0001015739/000114420418000467/xslF345X03/tv482544-moberg_4.xml"}, {"form_type": "4", "filings_date": "2018-01-03", "url": "https://www.sec.gov/Archives/edgar/data/0001015739/000114420418000465/xslF345X03/tv482541-kruse_4.xml"}, {"form_type": "4", "filings_date": "2018-01-03", "url": "https://www.sec.gov/Archives/edgar/data/0001015739/000114420418000464/xslF345X03/tv482536-connolly_4.xml"}, {"form_type": "4", "filings_date": "2018-01-03", "url": "https://www.sec.gov/Archives/edgar/data/0001015739/000114420418000463/xslF345X03/tv482533-johnstone_4.xml"}, {"form_type": "10-Q", "filings_date": "2017-10-27", "url": "https://www.sec.gov/Archives/edgar/data/0001015739/000114420417054421/tv477506_10q.htm"}, {"form_type": "8-K", "filings_date": "2017-10-24", "url": "https://www.sec.gov/Archives/edgar/data/0001015739/000114420417053832/tv477547_8k.htm"}, {"form_type": "SC 13G/A", "filings_date": "2017-08-08", "url": "https://www.sec.gov/Archives/edgar/data/0001015739/000149315217008684/sc13ga.htm"}, {"form_type": "10-Q", "filings_date": "2017-07-28", "url": "https://www.sec.gov/Archives/edgar/data/0001015739/000157104917007042/t1700449_10q.htm"}, {"form_type": "8-K", "filings_date": "2017-07-25", "url": "https://www.sec.gov/Archives/edgar/data/0001015739/000157104917006936/t1700456_8k.htm"}, {"form_type": "4", "filings_date": "2017-07-06", "url": "https://www.sec.gov/Archives/edgar/data/0001015739/000117911017010154/xslF345X03/edgar.xml"}, {"form_type": "4", "filings_date": "2017-07-06", "url": "https://www.sec.gov/Archives/edgar/data/0001015739/000117911017010153/xslF345X03/edgar.xml"}, {"form_type": "4", "filings_date": "2017-07-05", "url": "https://www.sec.gov/Archives/edgar/data/0001015739/000157104917006494/xslF345X03/t1700422f-martin0703.xml"}, {"form_type": "4", "filings_date": "2017-07-05", "url": "https://www.sec.gov/Archives/edgar/data/0001015739/000157104917006493/xslF345X03/t1700422e-russell0703.xml"}, {"form_type": "4", "filings_date": "2017-07-05", "url": "https://www.sec.gov/Archives/edgar/data/0001015739/000157104917006492/xslF345X03/t1700422d-moberg0703.xml"}, {"form_type": "4", "filings_date": "2017-07-05", "url": "https://www.sec.gov/Archives/edgar/data/0001015739/000157104917006491/xslF345X03/t1700422c-kruse0703.xml"}, {"form_type": "4", "filings_date": "2017-07-05", "url": "https://www.sec.gov/Archives/edgar/data/0001015739/000157104917006490/xslF345X03/t1700422b-johnstone0703.xml"}, {"form_type": "4", "filings_date": "2017-07-05", "url": "https://www.sec.gov/Archives/edgar/data/0001015739/000157104917006489/xslF345X03/t1700422a-connolly0703.xml"}, {"form_type": "8-K", "filings_date": "2017-05-25", "url": "https://www.sec.gov/Archives/edgar/data/0001015739/000157104917005373/t1700360_8k.htm"}, {"form_type": "10-Q", "filings_date": "2017-04-28", "url": "https://www.sec.gov/Archives/edgar/data/0001015739/000157104917004080/t1700243_10q.htm"}, {"form_type": "8-K", "filings_date": "2017-04-25", "url": "https://www.sec.gov/Archives/edgar/data/0001015739/000157104917003897/t1700252_8k.htm"}, {"form_type": "DEF 14A", "filings_date": "2017-04-13", "url": "https://www.sec.gov/Archives/edgar/data/0001015739/000157104917003540/t1700216_def14a.htm"}, {"form_type": "SC 13G/A", "filings_date": "2017-04-12", "url": "https://www.sec.gov/Archives/edgar/data/0001015739/000149315217003764/sc13ga.htm"}, {"form_type": "4", "filings_date": "2017-03-09", "url": "https://www.sec.gov/Archives/edgar/data/0001015739/000157104917002170/xslF345X03/t1700137d-moberg0309.xml"}, {"form_type": "8-K", "filings_date": "2017-03-09", "url": "https://www.sec.gov/Archives/edgar/data/0001015739/000157104917002166/t1700162_8k.htm"}, {"form_type": "3", "filings_date": "2017-03-03", "url": "https://www.sec.gov/Archives/edgar/data/0001015739/000157104917002000/xslF345X02/t1700141-martin0227.xml"}, {"form_type": "4", "filings_date": "2017-03-01", "url": "https://www.sec.gov/Archives/edgar/data/0001015739/000117911017003489/xslF345X03/edgar.xml"}, {"form_type": "4", "filings_date": "2017-03-01", "url": "https://www.sec.gov/Archives/edgar/data/0001015739/000117911017003488/xslF345X03/edgar.xml"}, {"form_type": "4", "filings_date": "2017-03-01", "url": "https://www.sec.gov/Archives/edgar/data/0001015739/000157104917001916/xslF345X03/t1700137e-russell0227.xml"}, {"form_type": "4", "filings_date": "2017-03-01", "url": "https://www.sec.gov/Archives/edgar/data/0001015739/000157104917001915/xslF345X03/t1700137d-moberg0227.xml"}, {"form_type": "4", "filings_date": "2017-03-01", "url": "https://www.sec.gov/Archives/edgar/data/0001015739/000157104917001914/xslF345X03/t1700005c-kruse0227.xml"}, {"form_type": "4", "filings_date": "2017-03-01", "url": "https://www.sec.gov/Archives/edgar/data/0001015739/000157104917001913/xslF345X03/t1700137b-johnstone0227.xml"}, {"form_type": "4", "filings_date": "2017-03-01", "url": "https://www.sec.gov/Archives/edgar/data/0001015739/000157104917001912/xslF345X03/t1700137a-connolly0227.xml"}, {"form_type": "8-K", "filings_date": "2017-03-01", "url": "https://www.sec.gov/Archives/edgar/data/0001015739/000157104917001911/t1700136_8k.htm"}, {"form_type": "SC 13G/A", "filings_date": "2017-02-14", "url": "https://www.sec.gov/Archives/edgar/data/0001015739/000110465917009031/a17-4408_2sc13ga.htm"}, {"form_type": "SC 13D/A", "filings_date": "2017-02-14", "url": "https://www.sec.gov/Archives/edgar/data/0001015739/000110465917009029/a17-4408_1sc13da.htm"}, {"form_type": "SC 13G/A", "filings_date": "2017-02-10", "url": "https://www.sec.gov/Archives/edgar/data/0001015739/000149315217001289/sch13ga.htm"}, {"form_type": "10-K", "filings_date": "2017-02-10", "url": "https://www.sec.gov/Archives/edgar/data/0001015739/000157104917001193/t1700070_10k.htm"}, {"form_type": "SC 13G/A", "filings_date": "2017-02-09", "url": "https://www.sec.gov/Archives/edgar/data/0001015739/000125889717001081/dfs283.htm"}, {"form_type": "8-K", "filings_date": "2017-02-07", "url": "https://www.sec.gov/Archives/edgar/data/0001015739/000157104917001097/t1700076_8k.htm"}, {"form_type": "4", "filings_date": "2017-01-10", "url": "https://www.sec.gov/Archives/edgar/data/0001015739/000157104917000279/xslF345X03/t1700021-connolly0109.xml"}, {"form_type": "4", "filings_date": "2017-01-03", "url": "https://www.sec.gov/Archives/edgar/data/0001015739/000117911017000073/xslF345X03/edgar.xml"}, {"form_type": "4", "filings_date": "2017-01-03", "url": "https://www.sec.gov/Archives/edgar/data/0001015739/000117911017000072/xslF345X03/edgar.xml"}, {"form_type": "4", "filings_date": "2017-01-03", "url": "https://www.sec.gov/Archives/edgar/data/0001015739/000157104917000048/xslF345X03/t1700005e-russell0103.xml"}, {"form_type": "4", "filings_date": "2017-01-03", "url": "https://www.sec.gov/Archives/edgar/data/0001015739/000157104917000047/xslF345X03/t1700005d-moberg0103.xml"}, {"form_type": "4", "filings_date": "2017-01-03", "url": "https://www.sec.gov/Archives/edgar/data/0001015739/000157104917000046/xslF345X03/t1700005c-kruse0103.xml"}, {"form_type": "4", "filings_date": "2017-01-03", "url": "https://www.sec.gov/Archives/edgar/data/0001015739/000157104917000045/xslF345X03/t1700005b-johnstone0103.xml"}, {"form_type": "4", "filings_date": "2017-01-03", "url": "https://www.sec.gov/Archives/edgar/data/0001015739/000157104917000044/xslF345X03/t1700005a-connolly0103.xml"}]}