{"company": {"cik": "0001576169", "name": "Benefitfocus, Inc.", "sic": "Services-Prepackaged Software", "state_incorp": "DE", "ticker": "BNFT", "mailing_addr": "100 BENEFITFOCUS WAY, CHARLESTON, SC, 29492", "category": "Accelerated filer", "fiscal_year_end": "31, December"}, "filings": [{"form_type": "10-K", "filings_date": "2022-03-04", "url": "https://www.sec.gov/Archives/edgar/data/0001576169/000156459022008597/bnft-10k_20211231.htm"}, {"form_type": "8-K", "filings_date": "2022-03-01", "url": "https://www.sec.gov/Archives/edgar/data/0001576169/000156459022008050/bnft-8k_20220301.htm"}, {"form_type": "SC 13G/A", "filings_date": "2022-02-14", "url": "https://www.sec.gov/Archives/edgar/data/0001576169/000091957422001631/d9179566_13g-a.htm"}, {"form_type": "SC 13G/A", "filings_date": "2022-02-14", "url": "https://www.sec.gov/Archives/edgar/data/0001576169/000117266122000680/arrowmark-bnft123121a2.htm"}, {"form_type": "SC 13G/A", "filings_date": "2022-02-09", "url": "https://www.sec.gov/Archives/edgar/data/0001576169/000110465922016621/tv0399-benefitfocusinc.htm"}, {"form_type": "SC 13G/A", "filings_date": "2022-02-07", "url": "https://www.sec.gov/Archives/edgar/data/0001576169/000083423722007940/us08180d1063_020722.txt"}, {"form_type": "4", "filings_date": "2022-02-02", "url": "https://www.sec.gov/Archives/edgar/data/0001576169/000120919122006392/xslF345X03/doc4.xml"}, {"form_type": "SC 13G/A", "filings_date": "2022-02-02", "url": "https://www.sec.gov/Archives/edgar/data/0001576169/000110465922010664/tm225126d2_sc13ga.htm"}, {"form_type": "4", "filings_date": "2022-01-05", "url": "https://www.sec.gov/Archives/edgar/data/0001576169/000120919122001723/xslF345X03/doc4.xml"}, {"form_type": "8-K", "filings_date": "2021-11-17", "url": "https://www.sec.gov/Archives/edgar/data/0001576169/000119312521332005/d264179d8k.htm"}, {"form_type": "4", "filings_date": "2021-11-05", "url": "https://www.sec.gov/Archives/edgar/data/0001576169/000120919121063254/xslF345X03/doc4.xml"}, {"form_type": "3", "filings_date": "2021-11-05", "url": "https://www.sec.gov/Archives/edgar/data/0001576169/000120919121063250/xslF345X02/doc3.xml"}, {"form_type": "10-Q", "filings_date": "2021-11-04", "url": "https://www.sec.gov/Archives/edgar/data/0001576169/000156459021054582/bnft-10q_20210930.htm"}, {"form_type": "4", "filings_date": "2021-11-03", "url": "https://www.sec.gov/Archives/edgar/data/0001576169/000120919121062833/xslF345X03/doc4.xml"}, {"form_type": "8-K", "filings_date": "2021-11-03", "url": "https://www.sec.gov/Archives/edgar/data/0001576169/000156459021053972/bnft-8k_20211103.htm"}, {"form_type": "8-K", "filings_date": "2021-11-01", "url": "https://www.sec.gov/Archives/edgar/data/0001576169/000119312521315621/d245635d8k.htm"}, {"form_type": "4", "filings_date": "2021-10-05", "url": "https://www.sec.gov/Archives/edgar/data/0001576169/000120919121059346/xslF345X03/doc4.xml"}, {"form_type": "4", "filings_date": "2021-09-17", "url": "https://www.sec.gov/Archives/edgar/data/0001576169/000120919121056788/xslF345X03/doc4.xml"}, {"form_type": "8-K", "filings_date": "2021-09-15", "url": "https://www.sec.gov/Archives/edgar/data/0001576169/000119312521273419/d199336d8k.htm"}, {"form_type": "4", "filings_date": "2021-09-10", "url": "https://www.sec.gov/Archives/edgar/data/0001576169/000120919121055453/xslF345X03/doc4.xml"}, {"form_type": "4", "filings_date": "2021-09-03", "url": "https://www.sec.gov/Archives/edgar/data/0001576169/000120919121054831/xslF345X03/doc4.xml"}, {"form_type": "SC 13G", "filings_date": "2021-08-13", "url": "https://www.sec.gov/Archives/edgar/data/0001576169/000091957421005094/d8921619_sc13-g.htm"}, {"form_type": "4", "filings_date": "2021-08-06", "url": "https://www.sec.gov/Archives/edgar/data/0001576169/000120919121050275/xslF345X03/doc4.xml"}, {"form_type": "3", "filings_date": "2021-08-06", "url": "https://www.sec.gov/Archives/edgar/data/0001576169/000120919121050270/xslF345X02/doc3.xml"}, {"form_type": "10-Q", "filings_date": "2021-08-05", "url": "https://www.sec.gov/Archives/edgar/data/0001576169/000156459021041019/bnft-10q_20210630.htm"}, {"form_type": "8-K", "filings_date": "2021-08-03", "url": "https://www.sec.gov/Archives/edgar/data/0001576169/000156459021040270/bnft-8k_20210803.htm"}, {"form_type": "8-K", "filings_date": "2021-07-30", "url": "https://www.sec.gov/Archives/edgar/data/0001576169/000119312521231506/d558419d8k.htm"}, {"form_type": "4", "filings_date": "2021-07-02", "url": "https://www.sec.gov/Archives/edgar/data/0001576169/000120919121044964/xslF345X03/doc4.xml"}, {"form_type": "4", "filings_date": "2021-07-02", "url": "https://www.sec.gov/Archives/edgar/data/0001576169/000120919121044960/xslF345X03/doc4.xml"}, {"form_type": "4", "filings_date": "2021-07-02", "url": "https://www.sec.gov/Archives/edgar/data/0001576169/000120919121044954/xslF345X03/doc4.xml"}, {"form_type": "8-K", "filings_date": "2021-07-01", "url": "https://www.sec.gov/Archives/edgar/data/0001576169/000119312521206476/d158212d8k.htm"}, {"form_type": "8-K", "filings_date": "2021-05-27", "url": "https://www.sec.gov/Archives/edgar/data/0001576169/000110465921072821/tm2117733d1_8k.htm"}, {"form_type": "DEFA14A", "filings_date": "2021-05-17", "url": "https://www.sec.gov/Archives/edgar/data/0001576169/000110465921068156/tm2115023d5_defa14a.htm"}, {"form_type": "DEF 14A", "filings_date": "2021-05-17", "url": "https://www.sec.gov/Archives/edgar/data/0001576169/000110465921068067/tm2115023-4_def14a.htm"}, {"form_type": "3", "filings_date": "2021-05-11", "url": "https://www.sec.gov/Archives/edgar/data/0001576169/000120919121031923/xslF345X02/doc3.xml"}, {"form_type": "PREC14A", "filings_date": "2021-05-06", "url": "https://www.sec.gov/Archives/edgar/data/0001576169/000110465921062455/tm2115023d2_prec14a.htm"}, {"form_type": "8-K", "filings_date": "2021-05-06", "url": "https://www.sec.gov/Archives/edgar/data/0001576169/000110465921062102/tm2115419-1_8k.htm"}, {"form_type": "10-Q", "filings_date": "2021-05-06", "url": "https://www.sec.gov/Archives/edgar/data/0001576169/000156459021024356/bnft-10q_20210331.htm"}, {"form_type": "8-K", "filings_date": "2021-05-05", "url": "https://www.sec.gov/Archives/edgar/data/0001576169/000110465921061736/tm2115101d1_8k.htm"}, {"form_type": "DEFA14A", "filings_date": "2021-05-04", "url": "https://www.sec.gov/Archives/edgar/data/0001576169/000110465921061047/tm2115023-3_defa14a.htm"}, {"form_type": "DEFA14A", "filings_date": "2021-05-04", "url": "https://www.sec.gov/Archives/edgar/data/0001576169/000110465921061000/tm2115023d1_defa14a.htm"}, {"form_type": "8-K", "filings_date": "2021-05-04", "url": "https://www.sec.gov/Archives/edgar/data/0001576169/000156459021023357/bnft-8k_20210504.htm"}, {"form_type": "10-K/A", "filings_date": "2021-04-30", "url": "https://www.sec.gov/Archives/edgar/data/0001576169/000119312521145439/d169623d10ka.htm"}, {"form_type": "DEFA14A", "filings_date": "2021-04-15", "url": "https://www.sec.gov/Archives/edgar/data/0001576169/000119312521117963/d169545ddefa14a.htm"}, {"form_type": "DEFA14A", "filings_date": "2021-04-15", "url": "https://www.sec.gov/Archives/edgar/data/0001576169/000119312521117873/d149871ddefa14a.htm"}, {"form_type": "DFAN14A", "filings_date": "2021-04-15", "url": "https://www.sec.gov/Archives/edgar/data/0001576169/000092189521001057/dfan14a10123012_04152021.htm"}, {"form_type": "4", "filings_date": "2021-04-05", "url": "https://www.sec.gov/Archives/edgar/data/0001576169/000120919121025268/xslF345X03/doc4.xml"}, {"form_type": "4", "filings_date": "2021-04-05", "url": "https://www.sec.gov/Archives/edgar/data/0001576169/000120919121025266/xslF345X03/doc4.xml"}, {"form_type": "4", "filings_date": "2021-04-05", "url": "https://www.sec.gov/Archives/edgar/data/0001576169/000120919121025263/xslF345X03/doc4.xml"}, {"form_type": "4", "filings_date": "2021-03-16", "url": "https://www.sec.gov/Archives/edgar/data/0001576169/000120919121020910/xslF345X03/doc4.xml"}, {"form_type": "3", "filings_date": "2021-03-16", "url": "https://www.sec.gov/Archives/edgar/data/0001576169/000120919121020905/xslF345X02/doc3.xml"}, {"form_type": "DFAN14A", "filings_date": "2021-03-16", "url": "https://www.sec.gov/Archives/edgar/data/0001576169/000092189521000759/dfan14a10123012_03162021.htm"}, {"form_type": "8-K", "filings_date": "2021-03-16", "url": "https://www.sec.gov/Archives/edgar/data/0001576169/000119312521082888/d140918d8k.htm"}, {"form_type": "SC 13D/A", "filings_date": "2021-03-16", "url": "https://www.sec.gov/Archives/edgar/data/0001576169/000119380521000372/sc13da310123012_03162021.htm"}, {"form_type": "10-K", "filings_date": "2021-03-10", "url": "https://www.sec.gov/Archives/edgar/data/0001576169/000156459021011839/bnft-10k_20201231.htm"}, {"form_type": "8-K", "filings_date": "2021-03-08", "url": "https://www.sec.gov/Archives/edgar/data/0001576169/000156459021011492/bnft-8k_20210308.htm"}, {"form_type": "SC 13G/A", "filings_date": "2021-02-16", "url": "https://www.sec.gov/Archives/edgar/data/0001576169/000117266121000615/arrowmark-bnft123120a1.htm"}, {"form_type": "8-K", "filings_date": "2021-02-11", "url": "https://www.sec.gov/Archives/edgar/data/0001576169/000119312521038775/d134860d8k.htm"}, {"form_type": "SC 13D/A", "filings_date": "2021-02-11", "url": "https://www.sec.gov/Archives/edgar/data/0001576169/000101143821000086/form_sc13da-benefitfocus.htm"}, {"form_type": "8-K", "filings_date": "2021-02-10", "url": "https://www.sec.gov/Archives/edgar/data/0001576169/000119312521036436/d47089d8k.htm"}, {"form_type": "SC 13G/A", "filings_date": "2021-02-10", "url": "https://www.sec.gov/Archives/edgar/data/0001576169/000110465921017569/tv0357-benefitfocusinc.htm"}, {"form_type": "SC 13G/A", "filings_date": "2021-02-05", "url": "https://www.sec.gov/Archives/edgar/data/0001576169/000110465921012739/tm215408d2_sc13ga.htm"}, {"form_type": "3", "filings_date": "2021-02-01", "url": "https://www.sec.gov/Archives/edgar/data/0001576169/000120919121006445/xslF345X02/doc3.xml"}, {"form_type": "8-K", "filings_date": "2021-02-01", "url": "https://www.sec.gov/Archives/edgar/data/0001576169/000119312521024547/d102328d8k.htm"}, {"form_type": "SC 13G/A", "filings_date": "2021-01-29", "url": "https://www.sec.gov/Archives/edgar/data/0001576169/000083423721002939/us08180d1063_012821.txt"}, {"form_type": "SC 13D/A", "filings_date": "2021-01-04", "url": "https://www.sec.gov/Archives/edgar/data/0001576169/000101143821000002/form_sc13da-benefitfocus.htm"}, {"form_type": "SC 13D", "filings_date": "2020-12-15", "url": "https://www.sec.gov/Archives/edgar/data/0001576169/000131586320000993/sc_13d_benefitfocus.htm"}, {"form_type": "SC 13G/A", "filings_date": "2020-12-08", "url": "https://www.sec.gov/Archives/edgar/data/0001576169/000083423720010543/us08180d1063_120820.txt"}, {"form_type": "8-K", "filings_date": "2020-11-10", "url": "https://www.sec.gov/Archives/edgar/data/0001576169/000156459020053024/bnft-8k_20201110.htm"}, {"form_type": "10-Q", "filings_date": "2020-11-09", "url": "https://www.sec.gov/Archives/edgar/data/0001576169/000156459020052460/bnft-10q_20200930.htm"}, {"form_type": "8-K", "filings_date": "2020-11-05", "url": "https://www.sec.gov/Archives/edgar/data/0001576169/000156459020051395/bnft-8k_20201105.htm"}, {"form_type": "3/A", "filings_date": "2020-10-13", "url": "https://www.sec.gov/Archives/edgar/data/0001576169/000094787120000793/xslF345X02/ownership.xml"}, {"form_type": "8-K", "filings_date": "2020-09-30", "url": "https://www.sec.gov/Archives/edgar/data/0001576169/000119312520259924/d18612d8k.htm"}, {"form_type": "3", "filings_date": "2020-09-21", "url": "https://www.sec.gov/Archives/edgar/data/0001576169/000120919120051260/xslF345X02/doc3.xml"}, {"form_type": "8-K", "filings_date": "2020-09-15", "url": "https://www.sec.gov/Archives/edgar/data/0001576169/000156459020043604/bnft-8k_20200910.htm"}, {"form_type": "4", "filings_date": "2020-09-03", "url": "https://www.sec.gov/Archives/edgar/data/0001576169/000120919120049478/xslF345X03/doc4.xml"}, {"form_type": "4", "filings_date": "2020-09-03", "url": "https://www.sec.gov/Archives/edgar/data/0001576169/000120919120049471/xslF345X03/doc4.xml"}, {"form_type": "3", "filings_date": "2020-09-03", "url": "https://www.sec.gov/Archives/edgar/data/0001576169/000120919120049467/xslF345X02/doc3.xml"}, {"form_type": "8-K", "filings_date": "2020-08-26", "url": "https://www.sec.gov/Archives/edgar/data/0001576169/000119312520231300/d67512d8k.htm"}, {"form_type": "8-K", "filings_date": "2020-08-12", "url": "https://www.sec.gov/Archives/edgar/data/0001576169/000156459020039703/bnft-8k_20200812.htm"}, {"form_type": "S-8", "filings_date": "2020-08-07", "url": "https://www.sec.gov/Archives/edgar/data/0001576169/000119312520213109/d83816ds8.htm"}, {"form_type": "10-Q", "filings_date": "2020-08-06", "url": "https://www.sec.gov/Archives/edgar/data/0001576169/000156459020037901/bnft-10q_20200630.htm"}, {"form_type": "8-K", "filings_date": "2020-08-05", "url": "https://www.sec.gov/Archives/edgar/data/0001576169/000156459020036801/bnft-8k_20200805.htm"}, {"form_type": "4", "filings_date": "2020-07-02", "url": "https://www.sec.gov/Archives/edgar/data/0001576169/000120919120040297/xslF345X03/doc4.xml"}, {"form_type": "4", "filings_date": "2020-07-02", "url": "https://www.sec.gov/Archives/edgar/data/0001576169/000120919120040288/xslF345X03/doc4.xml"}, {"form_type": "EFFECT", "filings_date": "2020-07-01", "url": "https://www.sec.gov/Archives/edgar/data/0001576169/999999999520001622/xslEFFECTX01/primary_doc.xml"}, {"form_type": "424B3", "filings_date": "2020-07-01", "url": "https://www.sec.gov/Archives/edgar/data/0001576169/000119312520185262/d949430d424b3.htm"}, {"form_type": "CORRESP", "filings_date": "2020-06-29", "url": "https://www.sec.gov/Archives/edgar/data/0001576169/000119312520182542/filename1.htm"}, {"form_type": "UPLOAD", "filings_date": "2020-06-29", "url": "https://www.sec.gov/Archives/edgar/data/0001576169/000000000020005795/filename1.pdf"}, {"form_type": "S-3", "filings_date": "2020-06-24", "url": "https://www.sec.gov/Archives/edgar/data/0001576169/000119312520177641/d949430ds3.htm"}, {"form_type": "D", "filings_date": "2020-06-19", "url": "https://www.sec.gov/Archives/edgar/data/0001576169/000157856320000024/xslFormDX01/primary_doc.xml"}, {"form_type": "8-K", "filings_date": "2020-06-12", "url": "https://www.sec.gov/Archives/edgar/data/0001576169/000119312520167695/d941174d8k.htm"}, {"form_type": "3", "filings_date": "2020-06-10", "url": "https://www.sec.gov/Archives/edgar/data/0001576169/000094787120000549/xslF345X02/ownership.xml"}, {"form_type": "SC 13D", "filings_date": "2020-06-10", "url": "https://www.sec.gov/Archives/edgar/data/0001576169/000094787120000548/ss175492_sc13d.htm"}, {"form_type": "4/A", "filings_date": "2020-06-09", "url": "https://www.sec.gov/Archives/edgar/data/0001576169/000120919120035430/xslF345X03/doc4a.xml"}, {"form_type": "4", "filings_date": "2020-06-08", "url": "https://www.sec.gov/Archives/edgar/data/0001576169/000120919120034973/xslF345X03/doc4.xml"}, {"form_type": "8-K", "filings_date": "2020-06-08", "url": "https://www.sec.gov/Archives/edgar/data/0001576169/000119312520162839/d938676d8k.htm"}, {"form_type": "DEFA14A", "filings_date": "2020-05-29", "url": "https://www.sec.gov/Archives/edgar/data/0001576169/000119312520155735/d894604ddefa14a.htm"}, {"form_type": "8-K", "filings_date": "2020-05-26", "url": "https://www.sec.gov/Archives/edgar/data/0001576169/000119312520151543/d930707d8k.htm"}, {"form_type": "4", "filings_date": "2020-05-19", "url": "https://www.sec.gov/Archives/edgar/data/0001576169/000120919120030578/xslF345X03/doc4.xml"}, {"form_type": "10-Q", "filings_date": "2020-05-08", "url": "https://www.sec.gov/Archives/edgar/data/0001576169/000156459020023089/bnft-10q_20200331.htm"}, {"form_type": "8-K", "filings_date": "2020-05-06", "url": "https://www.sec.gov/Archives/edgar/data/0001576169/000156459020021979/bnft-8k_20200506.htm"}, {"form_type": "4", "filings_date": "2020-05-05", "url": "https://www.sec.gov/Archives/edgar/data/0001576169/000120919120027331/xslF345X03/doc4.xml"}, {"form_type": "4", "filings_date": "2020-05-05", "url": "https://www.sec.gov/Archives/edgar/data/0001576169/000120919120027329/xslF345X03/doc4.xml"}, {"form_type": "4", "filings_date": "2020-05-05", "url": "https://www.sec.gov/Archives/edgar/data/0001576169/000120919120027327/xslF345X03/doc4.xml"}, {"form_type": "4", "filings_date": "2020-05-05", "url": "https://www.sec.gov/Archives/edgar/data/0001576169/000120919120027324/xslF345X03/doc4.xml"}, {"form_type": "4", "filings_date": "2020-05-05", "url": "https://www.sec.gov/Archives/edgar/data/0001576169/000120919120027323/xslF345X03/doc4.xml"}, {"form_type": "DEFA14A", "filings_date": "2020-04-29", "url": "https://www.sec.gov/Archives/edgar/data/0001576169/000119312520126157/d919602ddefa14a.htm"}, {"form_type": "DEF 14A", "filings_date": "2020-04-29", "url": "https://www.sec.gov/Archives/edgar/data/0001576169/000119312520126116/d919602ddef14a.htm"}, {"form_type": "8-K", "filings_date": "2020-04-28", "url": "https://www.sec.gov/Archives/edgar/data/0001576169/000156459020019015/bnft-8k_20200428.htm"}, {"form_type": "SC 13G/A", "filings_date": "2020-04-10", "url": "https://www.sec.gov/Archives/edgar/data/0001576169/000031506620001429/filing.txt"}, {"form_type": "SC 13G/A", "filings_date": "2020-04-09", "url": "https://www.sec.gov/Archives/edgar/data/0001576169/000156761920007713/doc1.htm"}, {"form_type": "4", "filings_date": "2020-04-03", "url": "https://www.sec.gov/Archives/edgar/data/0001576169/000120919120023260/xslF345X03/doc4.xml"}, {"form_type": "4", "filings_date": "2020-04-03", "url": "https://www.sec.gov/Archives/edgar/data/0001576169/000120919120023258/xslF345X03/doc4.xml"}, {"form_type": "4", "filings_date": "2020-04-03", "url": "https://www.sec.gov/Archives/edgar/data/0001576169/000120919120023255/xslF345X03/doc4.xml"}, {"form_type": "4", "filings_date": "2020-04-03", "url": "https://www.sec.gov/Archives/edgar/data/0001576169/000120919120023254/xslF345X03/doc4.xml"}, {"form_type": "8-K", "filings_date": "2020-03-19", "url": "https://www.sec.gov/Archives/edgar/data/0001576169/000156459020011834/bnft-8k_20200313.htm"}, {"form_type": "10-K", "filings_date": "2020-03-05", "url": "https://www.sec.gov/Archives/edgar/data/0001576169/000156459020008764/bnft-10k_20191231.htm"}, {"form_type": "8-K", "filings_date": "2020-03-03", "url": "https://www.sec.gov/Archives/edgar/data/0001576169/000156459020008444/bnft-8k_20200303.htm"}, {"form_type": "SC 13G", "filings_date": "2020-02-14", "url": "https://www.sec.gov/Archives/edgar/data/0001576169/000117266120000875/arrowmark-bnft123119.htm"}, {"form_type": "SC 13G/A", "filings_date": "2020-02-14", "url": "https://www.sec.gov/Archives/edgar/data/0001576169/000156761920003925/doc1.htm"}, {"form_type": "SC 13G/A", "filings_date": "2020-02-14", "url": "https://www.sec.gov/Archives/edgar/data/0001576169/000110465920021447/tm208000d2_sc13g.htm"}, {"form_type": "SC 13G/A", "filings_date": "2020-02-12", "url": "https://www.sec.gov/Archives/edgar/data/0001576169/000110465920018505/tv01755-benefitfocusinc.htm"}, {"form_type": "SC 13G/A", "filings_date": "2020-02-07", "url": "https://www.sec.gov/Archives/edgar/data/0001576169/000031506620000845/filing.txt"}, {"form_type": "SC 13G/A", "filings_date": "2020-02-04", "url": "https://www.sec.gov/Archives/edgar/data/0001576169/000083423720001680/us08180d1063_020320.txt"}, {"form_type": "3", "filings_date": "2020-01-13", "url": "https://www.sec.gov/Archives/edgar/data/0001576169/000120919120003194/xslF345X02/doc3.xml"}, {"form_type": "SC 13G/A", "filings_date": "2019-12-10", "url": "https://www.sec.gov/Archives/edgar/data/0001576169/000031506619001816/filing.txt"}, {"form_type": "SC 13G/A", "filings_date": "2019-11-08", "url": "https://www.sec.gov/Archives/edgar/data/0001576169/000083423719000280/us08180d1063_110819.txt"}, {"form_type": "10-Q", "filings_date": "2019-11-07", "url": "https://www.sec.gov/Archives/edgar/data/0001576169/000156459019041727/bnft-10q_20190930.htm"}, {"form_type": "8-K", "filings_date": "2019-11-06", "url": "https://www.sec.gov/Archives/edgar/data/0001576169/000156459019041062/bnft-8k_20191106.htm"}, {"form_type": "SC 13G", "filings_date": "2019-08-12", "url": "https://www.sec.gov/Archives/edgar/data/0001576169/000114420419039181/tv527377_sc13g.htm"}, {"form_type": "S-8", "filings_date": "2019-08-07", "url": "https://www.sec.gov/Archives/edgar/data/0001576169/000119312519215387/d758353ds8.htm"}, {"form_type": "10-Q", "filings_date": "2019-08-07", "url": "https://www.sec.gov/Archives/edgar/data/0001576169/000156459019029950/bnft-10q_20190630.htm"}, {"form_type": "8-K", "filings_date": "2019-08-06", "url": "https://www.sec.gov/Archives/edgar/data/0001576169/000156459019029400/bnft-8k_20190806.htm"}, {"form_type": "4", "filings_date": "2019-08-05", "url": "https://www.sec.gov/Archives/edgar/data/0001576169/000120919119044584/xslF345X03/doc4.xml"}, {"form_type": "8-K", "filings_date": "2019-07-10", "url": "https://www.sec.gov/Archives/edgar/data/0001576169/000156459019024763/bnft-8k_20190710.htm"}, {"form_type": "4", "filings_date": "2019-07-03", "url": "https://www.sec.gov/Archives/edgar/data/0001576169/000120919119041072/xslF345X03/doc4.xml"}, {"form_type": "4", "filings_date": "2019-07-03", "url": "https://www.sec.gov/Archives/edgar/data/0001576169/000120919119041059/xslF345X03/doc4.xml"}, {"form_type": "4", "filings_date": "2019-07-03", "url": "https://www.sec.gov/Archives/edgar/data/0001576169/000120919119041054/xslF345X03/doc4.xml"}, {"form_type": "4", "filings_date": "2019-07-03", "url": "https://www.sec.gov/Archives/edgar/data/0001576169/000120919119041049/xslF345X03/doc4.xml"}, {"form_type": "4", "filings_date": "2019-07-03", "url": "https://www.sec.gov/Archives/edgar/data/0001576169/000120919119041044/xslF345X03/doc4.xml"}, {"form_type": "3", "filings_date": "2019-06-11", "url": "https://www.sec.gov/Archives/edgar/data/0001576169/000120919119036217/xslF345X02/doc3.xml"}, {"form_type": "8-K", "filings_date": "2019-06-04", "url": "https://www.sec.gov/Archives/edgar/data/0001576169/000119312519165080/d756189d8k.htm"}, {"form_type": "4", "filings_date": "2019-05-14", "url": "https://www.sec.gov/Archives/edgar/data/0001576169/000120919119029692/xslF345X03/doc4.xml"}, {"form_type": "10-Q", "filings_date": "2019-05-02", "url": "https://www.sec.gov/Archives/edgar/data/0001576169/000156459019015243/bnft-10q_20190331.htm"}, {"form_type": "8-K", "filings_date": "2019-05-01", "url": "https://www.sec.gov/Archives/edgar/data/0001576169/000156459019014841/bnft-8k_20190501.htm"}, {"form_type": "CT ORDER", "filings_date": "2019-04-26", "url": "https://www.sec.gov/Archives/edgar/data/0001576169/999999999719003492/filename1.pdf"}, {"form_type": "4", "filings_date": "2019-04-25", "url": "https://www.sec.gov/Archives/edgar/data/0001576169/000120919119025999/xslF345X03/doc4.xml"}, {"form_type": "DEFA14A", "filings_date": "2019-04-19", "url": "https://www.sec.gov/Archives/edgar/data/0001576169/000119312519111885/d735204ddefa14a.htm"}, {"form_type": "DEF 14A", "filings_date": "2019-04-19", "url": "https://www.sec.gov/Archives/edgar/data/0001576169/000119312519111882/d735204ddef14a.htm"}, {"form_type": "4/A", "filings_date": "2019-04-04", "url": "https://www.sec.gov/Archives/edgar/data/0001576169/000076999319000285/xslF345X03/ownershipdoc04042019075858.xml"}, {"form_type": "4", "filings_date": "2019-04-04", "url": "https://www.sec.gov/Archives/edgar/data/0001576169/000076999319000283/xslF345X03/ownershipdoc04012019103433.xml"}, {"form_type": "4", "filings_date": "2019-04-03", "url": "https://www.sec.gov/Archives/edgar/data/0001576169/000120919119023555/xslF345X03/doc4.xml"}, {"form_type": "4", "filings_date": "2019-04-03", "url": "https://www.sec.gov/Archives/edgar/data/0001576169/000120919119023552/xslF345X03/doc4.xml"}, {"form_type": "4", "filings_date": "2019-04-03", "url": "https://www.sec.gov/Archives/edgar/data/0001576169/000120919119023551/xslF345X03/doc4.xml"}, {"form_type": "4", "filings_date": "2019-04-03", "url": "https://www.sec.gov/Archives/edgar/data/0001576169/000120919119023549/xslF345X03/doc4.xml"}, {"form_type": "8-K", "filings_date": "2019-04-03", "url": "https://www.sec.gov/Archives/edgar/data/0001576169/000119312519096721/d651323d8k.htm"}, {"form_type": "4", "filings_date": "2019-03-19", "url": "https://www.sec.gov/Archives/edgar/data/0001576169/000120919119020368/xslF345X03/doc4.xml"}, {"form_type": "CT ORDER", "filings_date": "2019-03-18", "url": "https://www.sec.gov/Archives/edgar/data/0001576169/999999999719001373/filename1.pdf"}, {"form_type": "SC 13D/A", "filings_date": "2019-03-08", "url": "https://www.sec.gov/Archives/edgar/data/0001576169/000114420419013076/tv515794_sc13da.htm"}, {"form_type": "4", "filings_date": "2019-03-07", "url": "https://www.sec.gov/Archives/edgar/data/0001576169/000076999319000247/xslF345X03/ownershipdoc03042019105059.xml"}, {"form_type": "4", "filings_date": "2019-03-07", "url": "https://www.sec.gov/Archives/edgar/data/0001576169/000076999319000246/xslF345X03/ownershipdoc03042019105059.xml"}, {"form_type": "8-K", "filings_date": "2019-03-01", "url": "https://www.sec.gov/Archives/edgar/data/0001576169/000119312519061186/d712500d8k.htm"}, {"form_type": "424B7", "filings_date": "2019-03-01", "url": "https://www.sec.gov/Archives/edgar/data/0001576169/000119312519061166/d708822d424b7.htm"}, {"form_type": "424B7", "filings_date": "2019-02-26", "url": "https://www.sec.gov/Archives/edgar/data/0001576169/000119312519052004/d708822d424b7.htm"}, {"form_type": "S-3ASR", "filings_date": "2019-02-26", "url": "https://www.sec.gov/Archives/edgar/data/0001576169/000119312519051926/d711585ds3asr.htm"}, {"form_type": "10-K", "filings_date": "2019-02-26", "url": "https://www.sec.gov/Archives/edgar/data/0001576169/000156459019004453/bnft-10k_20181231.htm"}, {"form_type": "8-K", "filings_date": "2019-02-26", "url": "https://www.sec.gov/Archives/edgar/data/0001576169/000156459019004448/bnft-8k_20190226.htm"}, {"form_type": "4", "filings_date": "2019-02-25", "url": "https://www.sec.gov/Archives/edgar/data/0001576169/000120919119013022/xslF345X03/doc4.xml"}, {"form_type": "4", "filings_date": "2019-02-21", "url": "https://www.sec.gov/Archives/edgar/data/0001576169/000120919119012103/xslF345X03/doc4.xml"}, {"form_type": "SC 13G/A", "filings_date": "2019-02-14", "url": "https://www.sec.gov/Archives/edgar/data/0001576169/000156761919003945/doc1.htm"}, {"form_type": "SC 13G/A", "filings_date": "2019-02-13", "url": "https://www.sec.gov/Archives/edgar/data/0001576169/000031506619000907/filing.txt"}, {"form_type": "SC 13G/A", "filings_date": "2019-02-11", "url": "https://www.sec.gov/Archives/edgar/data/0001576169/000119312519033875/d654462dsc13ga.htm"}, {"form_type": "SC 13G/A", "filings_date": "2019-02-11", "url": "https://www.sec.gov/Archives/edgar/data/0001576169/000093247119004860/benefitfocusinc.htm"}, {"form_type": "SC 13G", "filings_date": "2019-02-08", "url": "https://www.sec.gov/Archives/edgar/data/0001576169/000021545719006601/us08180d1063_020719.txt"}, {"form_type": "4", "filings_date": "2019-01-22", "url": "https://www.sec.gov/Archives/edgar/data/0001576169/000120919119004760/xslF345X03/doc4.xml"}, {"form_type": "4", "filings_date": "2019-01-17", "url": "https://www.sec.gov/Archives/edgar/data/0001576169/000120919119004203/xslF345X03/doc4.xml"}, {"form_type": "3", "filings_date": "2019-01-17", "url": "https://www.sec.gov/Archives/edgar/data/0001576169/000120919119004199/xslF345X02/doc3.xml"}, {"form_type": "8-K", "filings_date": "2019-01-15", "url": "https://www.sec.gov/Archives/edgar/data/0001576169/000119312519009830/d692192d8k.htm"}, {"form_type": "8-K", "filings_date": "2018-12-28", "url": "https://www.sec.gov/Archives/edgar/data/0001576169/000119312518360902/d675310d8k.htm"}, {"form_type": "8-K", "filings_date": "2018-12-21", "url": "https://www.sec.gov/Archives/edgar/data/0001576169/000119312518356503/d652703d8k.htm"}, {"form_type": "4", "filings_date": "2018-12-20", "url": "https://www.sec.gov/Archives/edgar/data/0001576169/000120919118063675/xslF345X03/doc4.xml"}, {"form_type": "8-K", "filings_date": "2018-12-18", "url": "https://www.sec.gov/Archives/edgar/data/0001576169/000119312518351483/d668693d8k.htm"}, {"form_type": "4", "filings_date": "2018-11-21", "url": "https://www.sec.gov/Archives/edgar/data/0001576169/000120919118059716/xslF345X03/doc4.xml"}, {"form_type": "4", "filings_date": "2018-11-06", "url": "https://www.sec.gov/Archives/edgar/data/0001576169/000120919118057437/xslF345X03/doc4.xml"}, {"form_type": "10-Q", "filings_date": "2018-11-02", "url": "https://www.sec.gov/Archives/edgar/data/0001576169/000156459018026452/bnft-10q_20180930.htm"}, {"form_type": "8-K", "filings_date": "2018-11-01", "url": "https://www.sec.gov/Archives/edgar/data/0001576169/000156459018026269/bnft-8k_20181101.htm"}, {"form_type": "4", "filings_date": "2018-09-20", "url": "https://www.sec.gov/Archives/edgar/data/0001576169/000120919118051776/xslF345X03/doc4.xml"}, {"form_type": "4", "filings_date": "2018-08-28", "url": "https://www.sec.gov/Archives/edgar/data/0001576169/000120919118048703/xslF345X03/doc4.xml"}, {"form_type": "4", "filings_date": "2018-08-23", "url": "https://www.sec.gov/Archives/edgar/data/0001576169/000120919118048202/xslF345X03/doc4.xml"}, {"form_type": "4", "filings_date": "2018-08-16", "url": "https://www.sec.gov/Archives/edgar/data/0001576169/000120919118047027/xslF345X03/doc4.xml"}, {"form_type": "10-Q", "filings_date": "2018-08-03", "url": "https://www.sec.gov/Archives/edgar/data/0001576169/000156459018019193/bnft-10q_20180630.htm"}, {"form_type": "8-K", "filings_date": "2018-08-02", "url": "https://www.sec.gov/Archives/edgar/data/0001576169/000156459018018941/bnft-8k_20180802.htm"}, {"form_type": "4", "filings_date": "2018-07-03", "url": "https://www.sec.gov/Archives/edgar/data/0001576169/000120919118040720/xslF345X03/doc4.xml"}, {"form_type": "4", "filings_date": "2018-07-03", "url": "https://www.sec.gov/Archives/edgar/data/0001576169/000120919118040712/xslF345X03/doc4.xml"}, {"form_type": "4", "filings_date": "2018-07-03", "url": "https://www.sec.gov/Archives/edgar/data/0001576169/000120919118040706/xslF345X03/doc4.xml"}, {"form_type": "4", "filings_date": "2018-07-03", "url": "https://www.sec.gov/Archives/edgar/data/0001576169/000120919118040701/xslF345X03/doc4.xml"}, {"form_type": "CT ORDER", "filings_date": "2018-06-11", "url": "https://www.sec.gov/Archives/edgar/data/0001576169/999999999718006337/filename1.pdf"}, {"form_type": "8-K", "filings_date": "2018-06-05", "url": "https://www.sec.gov/Archives/edgar/data/0001576169/000156459018015063/bnft-8k_20180601.htm"}, {"form_type": "4", "filings_date": "2018-05-29", "url": "https://www.sec.gov/Archives/edgar/data/0001576169/000076999318000373/xslF345X03/ownershipdoc05222018101330.xml"}, {"form_type": "4", "filings_date": "2018-05-29", "url": "https://www.sec.gov/Archives/edgar/data/0001576169/000076999318000371/xslF345X03/ownershipdoc05222018101330.xml"}, {"form_type": "SC 13D/A", "filings_date": "2018-05-29", "url": "https://www.sec.gov/Archives/edgar/data/0001576169/000114420418031375/tv495215_sc13da.htm"}, {"form_type": "8-K", "filings_date": "2018-05-23", "url": "https://www.sec.gov/Archives/edgar/data/0001576169/000119312518172041/d593380d8k.htm"}, {"form_type": "424B7", "filings_date": "2018-05-23", "url": "https://www.sec.gov/Archives/edgar/data/0001576169/000119312518172016/d589727d424b7.htm"}, {"form_type": "424B7", "filings_date": "2018-05-21", "url": "https://www.sec.gov/Archives/edgar/data/0001576169/000119312518169739/d589727d424b7.htm"}, {"form_type": "10-Q", "filings_date": "2018-05-08", "url": "https://www.sec.gov/Archives/edgar/data/0001576169/000156459018011913/bnft-10q_20180331.htm"}, {"form_type": "8-K", "filings_date": "2018-05-03", "url": "https://www.sec.gov/Archives/edgar/data/0001576169/000156459018010721/bnft-8k_20180503.htm"}, {"form_type": "DEFA14A", "filings_date": "2018-04-20", "url": "https://www.sec.gov/Archives/edgar/data/0001576169/000119312518123748/d570311ddefa14a.htm"}, {"form_type": "DEF 14A", "filings_date": "2018-04-20", "url": "https://www.sec.gov/Archives/edgar/data/0001576169/000119312518123744/d565434ddef14a.htm"}, {"form_type": "4", "filings_date": "2018-04-17", "url": "https://www.sec.gov/Archives/edgar/data/0001576169/000120919118025206/xslF345X03/doc4.xml"}, {"form_type": "4", "filings_date": "2018-04-02", "url": "https://www.sec.gov/Archives/edgar/data/0001576169/000120919118022580/xslF345X03/doc4.xml"}, {"form_type": "4", "filings_date": "2018-04-02", "url": "https://www.sec.gov/Archives/edgar/data/0001576169/000120919118022576/xslF345X03/doc4.xml"}, {"form_type": "4", "filings_date": "2018-04-02", "url": "https://www.sec.gov/Archives/edgar/data/0001576169/000120919118022574/xslF345X03/doc4.xml"}, {"form_type": "4", "filings_date": "2018-04-02", "url": "https://www.sec.gov/Archives/edgar/data/0001576169/000120919118022565/xslF345X03/doc4.xml"}, {"form_type": "4", "filings_date": "2018-04-02", "url": "https://www.sec.gov/Archives/edgar/data/0001576169/000120919118022563/xslF345X03/doc4.xml"}, {"form_type": "8-K", "filings_date": "2018-04-02", "url": "https://www.sec.gov/Archives/edgar/data/0001576169/000156459018007416/bnft-8k_20180329.htm"}, {"form_type": "10-K/A", "filings_date": "2018-03-16", "url": "https://www.sec.gov/Archives/edgar/data/0001576169/000156459018006085/bnft-10ka_20171231.htm"}, {"form_type": "10-K", "filings_date": "2018-03-15", "url": "https://www.sec.gov/Archives/edgar/data/0001576169/000156459018005797/bnft-10k_20171231.htm"}, {"form_type": "8-K", "filings_date": "2018-03-14", "url": "https://www.sec.gov/Archives/edgar/data/0001576169/000156459018005636/bnft-8k_20180314.htm"}, {"form_type": "SC 13G/A", "filings_date": "2018-02-14", "url": "https://www.sec.gov/Archives/edgar/data/0001576169/000114036118007491/doc1.htm"}, {"form_type": "SC 13G/A", "filings_date": "2018-02-13", "url": "https://www.sec.gov/Archives/edgar/data/0001576169/000031506618001121/filing.txt"}, {"form_type": "SC 13G/A", "filings_date": "2018-02-09", "url": "https://www.sec.gov/Archives/edgar/data/0001576169/000095010318001780/dp86361_sc13ga.htm"}, {"form_type": "SC 13G", "filings_date": "2018-02-08", "url": "https://www.sec.gov/Archives/edgar/data/0001576169/000093247118002695/benefitfocusinc.htm"}, {"form_type": "SC 13G", "filings_date": "2018-02-07", "url": "https://www.sec.gov/Archives/edgar/data/0001576169/000119312518034194/d530832dsc13g.htm"}, {"form_type": "4", "filings_date": "2018-01-03", "url": "https://www.sec.gov/Archives/edgar/data/0001576169/000120919118001159/xslF345X03/doc4.xml"}, {"form_type": "4", "filings_date": "2018-01-02", "url": "https://www.sec.gov/Archives/edgar/data/0001576169/000120919118000280/xslF345X03/doc4.xml"}, {"form_type": "8-K", "filings_date": "2017-11-20", "url": "https://www.sec.gov/Archives/edgar/data/0001576169/000156459017024070/bnft-8k_20171117.htm"}, {"form_type": "4", "filings_date": "2017-11-06", "url": "https://www.sec.gov/Archives/edgar/data/0001576169/000120919117059528/xslF345X03/doc4.xml"}, {"form_type": "10-Q", "filings_date": "2017-11-03", "url": "https://www.sec.gov/Archives/edgar/data/0001576169/000156459017021425/bnft-10q_20170930.htm"}, {"form_type": "8-K", "filings_date": "2017-11-02", "url": "https://www.sec.gov/Archives/edgar/data/0001576169/000156459017021271/bnft-8k_20170930.htm"}, {"form_type": "4", "filings_date": "2017-08-23", "url": "https://www.sec.gov/Archives/edgar/data/0001576169/000120919117049956/xslF345X03/doc4.xml"}, {"form_type": "4", "filings_date": "2017-08-16", "url": "https://www.sec.gov/Archives/edgar/data/0001576169/000120919117049235/xslF345X03/doc4.xml"}, {"form_type": "3", "filings_date": "2017-08-16", "url": "https://www.sec.gov/Archives/edgar/data/0001576169/000120919117049233/xslF345X02/doc3.xml"}, {"form_type": "10-Q", "filings_date": "2017-08-04", "url": "https://www.sec.gov/Archives/edgar/data/0001576169/000156459017015554/bnft-10q_20170630.htm"}, {"form_type": "8-K", "filings_date": "2017-08-03", "url": "https://www.sec.gov/Archives/edgar/data/0001576169/000156459017015396/bnft-8k_20170803.htm"}, {"form_type": "8-K", "filings_date": "2017-07-17", "url": "https://www.sec.gov/Archives/edgar/data/0001576169/000156459017013544/bnft-8k_20170630.htm"}, {"form_type": "4", "filings_date": "2017-07-05", "url": "https://www.sec.gov/Archives/edgar/data/0001576169/000120919117043517/xslF345X03/doc4.xml"}, {"form_type": "4", "filings_date": "2017-07-05", "url": "https://www.sec.gov/Archives/edgar/data/0001576169/000120919117043504/xslF345X03/doc4.xml"}, {"form_type": "4", "filings_date": "2017-07-05", "url": "https://www.sec.gov/Archives/edgar/data/0001576169/000120919117043488/xslF345X03/doc4.xml"}, {"form_type": "4", "filings_date": "2017-07-05", "url": "https://www.sec.gov/Archives/edgar/data/0001576169/000120919117043472/xslF345X03/doc4.xml"}, {"form_type": "S-8", "filings_date": "2017-06-09", "url": "https://www.sec.gov/Archives/edgar/data/0001576169/000119312517200013/d394698ds8.htm"}, {"form_type": "8-K", "filings_date": "2017-06-06", "url": "https://www.sec.gov/Archives/edgar/data/0001576169/000156459017012175/bnft-8k_20170602.htm"}, {"form_type": "4", "filings_date": "2017-05-17", "url": "https://www.sec.gov/Archives/edgar/data/0001576169/000120919117033095/xslF345X03/doc4.xml"}, {"form_type": "CT ORDER", "filings_date": "2017-05-15", "url": "https://www.sec.gov/Archives/edgar/data/0001576169/999999999717006125/filename1.pdf"}, {"form_type": "10-Q", "filings_date": "2017-04-28", "url": "https://www.sec.gov/Archives/edgar/data/0001576169/000156459017007674/bnft-10q_20170331.htm"}, {"form_type": "8-K", "filings_date": "2017-04-27", "url": "https://www.sec.gov/Archives/edgar/data/0001576169/000156459017007565/bnft-8k_20170427.htm"}, {"form_type": "CT ORDER", "filings_date": "2017-04-26", "url": "https://www.sec.gov/Archives/edgar/data/0001576169/999999999717005741/filename1.pdf"}, {"form_type": "DEFA14A", "filings_date": "2017-04-21", "url": "https://www.sec.gov/Archives/edgar/data/0001576169/000119312517132575/d351710ddefa14a.htm"}, {"form_type": "DEF 14A", "filings_date": "2017-04-21", "url": "https://www.sec.gov/Archives/edgar/data/0001576169/000119312517132561/d351710ddef14a.htm"}, {"form_type": "4", "filings_date": "2017-04-05", "url": "https://www.sec.gov/Archives/edgar/data/0001576169/000120919117025811/xslF345X03/doc4.xml"}, {"form_type": "4", "filings_date": "2017-04-04", "url": "https://www.sec.gov/Archives/edgar/data/0001576169/000120919117025062/xslF345X03/doc4.xml"}, {"form_type": "4", "filings_date": "2017-04-04", "url": "https://www.sec.gov/Archives/edgar/data/0001576169/000120919117025047/xslF345X03/doc4.xml"}, {"form_type": "4", "filings_date": "2017-04-04", "url": "https://www.sec.gov/Archives/edgar/data/0001576169/000120919117025040/xslF345X03/doc4.xml"}, {"form_type": "4", "filings_date": "2017-04-04", "url": "https://www.sec.gov/Archives/edgar/data/0001576169/000120919117025030/xslF345X03/doc4.xml"}, {"form_type": "8-K", "filings_date": "2017-03-06", "url": "https://www.sec.gov/Archives/edgar/data/0001576169/000119312517070552/d358796d8k.htm"}, {"form_type": "4", "filings_date": "2017-03-01", "url": "https://www.sec.gov/Archives/edgar/data/0001576169/000120919117016017/xslF345X03/doc4.xml"}, {"form_type": "4", "filings_date": "2017-03-01", "url": "https://www.sec.gov/Archives/edgar/data/0001576169/000120919117016016/xslF345X03/doc4.xml"}, {"form_type": "4", "filings_date": "2017-03-01", "url": "https://www.sec.gov/Archives/edgar/data/0001576169/000120919117016015/xslF345X03/doc4.xml"}, {"form_type": "10-K", "filings_date": "2017-02-24", "url": "https://www.sec.gov/Archives/edgar/data/0001576169/000156459017002411/bnft-10k_20161231.htm"}, {"form_type": "8-K", "filings_date": "2017-02-23", "url": "https://www.sec.gov/Archives/edgar/data/0001576169/000156459017002236/bnft-8k_20161231.htm"}, {"form_type": "SC 13G/A", "filings_date": "2017-02-14", "url": "https://www.sec.gov/Archives/edgar/data/0001576169/000114036117006446/doc1.htm"}, {"form_type": "5", "filings_date": "2017-02-13", "url": "https://www.sec.gov/Archives/edgar/data/0001576169/000120919117010051/xslF345X03/doc5.xml"}, {"form_type": "SC 13G/A", "filings_date": "2017-02-10", "url": "https://www.sec.gov/Archives/edgar/data/0001576169/000031506617000978/filing.txt"}, {"form_type": "SC 13G", "filings_date": "2017-02-09", "url": "https://www.sec.gov/Archives/edgar/data/0001576169/000031506617000941/filing.txt"}, {"form_type": "4", "filings_date": "2017-02-06", "url": "https://www.sec.gov/Archives/edgar/data/0001576169/000120919117008077/xslF345X03/doc4.xml"}, {"form_type": "4", "filings_date": "2017-01-30", "url": "https://www.sec.gov/Archives/edgar/data/0001576169/000120919117006104/xslF345X03/doc4.xml"}]}