{"company": {"cik": "0001031308", "name": "BENTLEY SYSTEMS INC", "sic": "Services-Prepackaged Software", "state_incorp": "DE", "ticker": "BSY", "mailing_addr": " ,  ,  ,  ", "category": "Large accelerated filer", "fiscal_year_end": "31, December"}, "filings": [{"form_type": "4", "filings_date": "2022-03-17", "url": "https://www.sec.gov/Archives/edgar/data/0001031308/000110465922035141/xslF345X03/tm229604-10_4seq1.xml"}, {"form_type": "4", "filings_date": "2022-03-17", "url": "https://www.sec.gov/Archives/edgar/data/0001031308/000110465922035140/xslF345X03/tm229604-9_4seq1.xml"}, {"form_type": "4", "filings_date": "2022-03-17", "url": "https://www.sec.gov/Archives/edgar/data/0001031308/000110465922035138/xslF345X03/tm229604-8_4seq1.xml"}, {"form_type": "4", "filings_date": "2022-03-17", "url": "https://www.sec.gov/Archives/edgar/data/0001031308/000110465922035137/xslF345X03/tm229604-7_4seq1.xml"}, {"form_type": "4", "filings_date": "2022-03-17", "url": "https://www.sec.gov/Archives/edgar/data/0001031308/000110465922035136/xslF345X03/tm229604-6_4seq1.xml"}, {"form_type": "4", "filings_date": "2022-03-17", "url": "https://www.sec.gov/Archives/edgar/data/0001031308/000110465922035135/xslF345X03/tm229604-5_4seq1.xml"}, {"form_type": "4", "filings_date": "2022-03-17", "url": "https://www.sec.gov/Archives/edgar/data/0001031308/000110465922035131/xslF345X03/tm229604-4_4seq1.xml"}, {"form_type": "4", "filings_date": "2022-03-17", "url": "https://www.sec.gov/Archives/edgar/data/0001031308/000110465922035128/xslF345X03/tm229604-3_4seq1.xml"}, {"form_type": "4", "filings_date": "2022-03-17", "url": "https://www.sec.gov/Archives/edgar/data/0001031308/000110465922035126/xslF345X03/tm229604-2_4seq1.xml"}, {"form_type": "4", "filings_date": "2022-03-17", "url": "https://www.sec.gov/Archives/edgar/data/0001031308/000110465922035124/xslF345X03/tm229604-1_4seq1.xml"}, {"form_type": "4", "filings_date": "2022-03-02", "url": "https://www.sec.gov/Archives/edgar/data/0001031308/000110465922029366/xslF345X03/tm228181-2_4seq1.xml"}, {"form_type": "4", "filings_date": "2022-03-02", "url": "https://www.sec.gov/Archives/edgar/data/0001031308/000110465922029361/xslF345X03/tm228181-1_4seq1.xml"}, {"form_type": "10-K", "filings_date": "2022-03-01", "url": "https://www.sec.gov/Archives/edgar/data/0001031308/000162828022004474/bsy-20211231.htm"}, {"form_type": "8-K", "filings_date": "2022-03-01", "url": "https://www.sec.gov/Archives/edgar/data/0001031308/000162828022004357/bsy-20220301.htm"}, {"form_type": "4", "filings_date": "2022-02-28", "url": "https://www.sec.gov/Archives/edgar/data/0001031308/000110465922028147/xslF345X03/tm2132755-4_4seq1.xml"}, {"form_type": "8-K", "filings_date": "2022-02-25", "url": "https://www.sec.gov/Archives/edgar/data/0001031308/000162828022003989/bsy-20220224.htm"}, {"form_type": "4", "filings_date": "2022-02-23", "url": "https://www.sec.gov/Archives/edgar/data/0001031308/000110465922026136/xslF345X03/tm227386-2_4seq1.xml"}, {"form_type": "4", "filings_date": "2022-02-22", "url": "https://www.sec.gov/Archives/edgar/data/0001031308/000110465922025754/xslF345X03/tm227386-1_4seq1.xml"}, {"form_type": "SC 13G/A", "filings_date": "2022-02-14", "url": "https://www.sec.gov/Archives/edgar/data/0001031308/000089710122000115/a220187_sc13ga.htm"}, {"form_type": "SC 13G/A", "filings_date": "2022-02-10", "url": "https://www.sec.gov/Archives/edgar/data/0001031308/000119312522034460/d279820dsc13ga.htm"}, {"form_type": "SC 13G", "filings_date": "2022-02-09", "url": "https://www.sec.gov/Archives/edgar/data/0001031308/000110465922016622/tv0400-bentleysystemsincclas.htm"}, {"form_type": "4/A", "filings_date": "2022-01-21", "url": "https://www.sec.gov/Archives/edgar/data/0001031308/000110465922006566/xslF345X03/tm221723-5_4seq1.xml"}, {"form_type": "4", "filings_date": "2022-01-21", "url": "https://www.sec.gov/Archives/edgar/data/0001031308/000110465922006513/xslF345X03/tm221723-9_4seq1.xml"}, {"form_type": "4", "filings_date": "2022-01-21", "url": "https://www.sec.gov/Archives/edgar/data/0001031308/000110465922006512/xslF345X03/tm221723-8_4seq1.xml"}, {"form_type": "4", "filings_date": "2022-01-21", "url": "https://www.sec.gov/Archives/edgar/data/0001031308/000110465922006510/xslF345X03/tm221723-7_4seq1.xml"}, {"form_type": "4", "filings_date": "2022-01-21", "url": "https://www.sec.gov/Archives/edgar/data/0001031308/000110465922006508/xslF345X03/tm221723-6_4seq1.xml"}, {"form_type": "4", "filings_date": "2022-01-21", "url": "https://www.sec.gov/Archives/edgar/data/0001031308/000110465922006506/xslF345X03/tm221723-4_4seq1.xml"}, {"form_type": "4", "filings_date": "2022-01-05", "url": "https://www.sec.gov/Archives/edgar/data/0001031308/000110465922001534/xslF345X03/tm221723-3_4seq1.xml"}, {"form_type": "4", "filings_date": "2022-01-05", "url": "https://www.sec.gov/Archives/edgar/data/0001031308/000110465922001531/xslF345X03/tm221723-2_4seq1.xml"}, {"form_type": "4", "filings_date": "2022-01-05", "url": "https://www.sec.gov/Archives/edgar/data/0001031308/000110465922001528/xslF345X03/tm221723-1_4seq1.xml"}, {"form_type": "8-K", "filings_date": "2021-12-29", "url": "https://www.sec.gov/Archives/edgar/data/0001031308/000110465921154297/tm2136399d1_8k.htm"}, {"form_type": "4", "filings_date": "2021-12-20", "url": "https://www.sec.gov/Archives/edgar/data/0001031308/000110465921151757/xslF345X03/tm2135906d5_4seq1.xml"}, {"form_type": "4", "filings_date": "2021-12-20", "url": "https://www.sec.gov/Archives/edgar/data/0001031308/000110465921151755/xslF345X03/tm2135906-4_4seq1.xml"}, {"form_type": "4", "filings_date": "2021-12-20", "url": "https://www.sec.gov/Archives/edgar/data/0001031308/000110465921151754/xslF345X03/tm2135906-3_4seq1.xml"}, {"form_type": "4", "filings_date": "2021-12-20", "url": "https://www.sec.gov/Archives/edgar/data/0001031308/000110465921151753/xslF345X03/tm2135906-10_4seq1.xml"}, {"form_type": "4", "filings_date": "2021-12-20", "url": "https://www.sec.gov/Archives/edgar/data/0001031308/000110465921151751/xslF345X03/tm2135906-2_4seq1.xml"}, {"form_type": "4", "filings_date": "2021-12-20", "url": "https://www.sec.gov/Archives/edgar/data/0001031308/000110465921151750/xslF345X03/tm2135906-9_4seq1.xml"}, {"form_type": "4", "filings_date": "2021-12-20", "url": "https://www.sec.gov/Archives/edgar/data/0001031308/000110465921151749/xslF345X03/tm2135906-8_4seq1.xml"}, {"form_type": "4", "filings_date": "2021-12-20", "url": "https://www.sec.gov/Archives/edgar/data/0001031308/000110465921151748/xslF345X03/tm2135906-7_4seq1.xml"}, {"form_type": "4", "filings_date": "2021-12-20", "url": "https://www.sec.gov/Archives/edgar/data/0001031308/000110465921151747/xslF345X03/tm2135906-6_4seq1.xml"}, {"form_type": "4", "filings_date": "2021-12-20", "url": "https://www.sec.gov/Archives/edgar/data/0001031308/000110465921151744/xslF345X03/tm2135906-1_4seq1.xml"}, {"form_type": "3", "filings_date": "2021-12-10", "url": "https://www.sec.gov/Archives/edgar/data/0001031308/000110465921148668/xslF345X02/tm2135015-2_3seq1.xml"}, {"form_type": "3", "filings_date": "2021-12-10", "url": "https://www.sec.gov/Archives/edgar/data/0001031308/000110465921148666/xslF345X02/tm2135015-1_3seq1.xml"}, {"form_type": "4", "filings_date": "2021-12-03", "url": "https://www.sec.gov/Archives/edgar/data/0001031308/000110465921146256/xslF345X03/tm2134545-1_4seq1.xml"}, {"form_type": "4", "filings_date": "2021-12-03", "url": "https://www.sec.gov/Archives/edgar/data/0001031308/000110465921146152/xslF345X03/tm2134545-2_4seq1.xml"}, {"form_type": "8-K", "filings_date": "2021-11-22", "url": "https://www.sec.gov/Archives/edgar/data/0001031308/000162828021023969/bsy-20211119.htm"}, {"form_type": "8-K", "filings_date": "2021-11-17", "url": "https://www.sec.gov/Archives/edgar/data/0001031308/000110465921140283/tm2133221d1_8k.htm"}, {"form_type": "4", "filings_date": "2021-11-10", "url": "https://www.sec.gov/Archives/edgar/data/0001031308/000110465921136992/xslF345X03/tm2132237-2_4seq1.xml"}, {"form_type": "10-Q", "filings_date": "2021-11-09", "url": "https://www.sec.gov/Archives/edgar/data/0001031308/000162828021022518/bsy-20210930.htm"}, {"form_type": "8-K", "filings_date": "2021-11-09", "url": "https://www.sec.gov/Archives/edgar/data/0001031308/000162828021022394/bsy-20211109.htm"}, {"form_type": "8-K", "filings_date": "2021-11-09", "url": "https://www.sec.gov/Archives/edgar/data/0001031308/000162828021022390/bsy-20211104.htm"}, {"form_type": "4", "filings_date": "2021-11-08", "url": "https://www.sec.gov/Archives/edgar/data/0001031308/000110465921135693/xslF345X03/tm2132237-1_4seq1.xml"}, {"form_type": "4", "filings_date": "2021-10-21", "url": "https://www.sec.gov/Archives/edgar/data/0001031308/000110465921128574/xslF345X03/tm2130747-2_4seq1.xml"}, {"form_type": "4", "filings_date": "2021-10-21", "url": "https://www.sec.gov/Archives/edgar/data/0001031308/000110465921128572/xslF345X03/tm2130747-1_4seq1.xml"}, {"form_type": "S-3ASR", "filings_date": "2021-10-01", "url": "https://www.sec.gov/Archives/edgar/data/0001031308/000110465921122064/tm2128992-1_s3asr.htm"}, {"form_type": "4", "filings_date": "2021-09-15", "url": "https://www.sec.gov/Archives/edgar/data/0001031308/000110465921115921/xslF345X03/tm2127458-9_4seq1.xml"}, {"form_type": "4", "filings_date": "2021-09-13", "url": "https://www.sec.gov/Archives/edgar/data/0001031308/000110465921115159/xslF345X03/tm2127458-4_4seq1.xml"}, {"form_type": "4", "filings_date": "2021-09-13", "url": "https://www.sec.gov/Archives/edgar/data/0001031308/000110465921115138/xslF345X03/tm2127458-8_4seq1.xml"}, {"form_type": "4", "filings_date": "2021-09-13", "url": "https://www.sec.gov/Archives/edgar/data/0001031308/000110465921115134/xslF345X03/tm2127458d7_4.xml"}, {"form_type": "4", "filings_date": "2021-09-13", "url": "https://www.sec.gov/Archives/edgar/data/0001031308/000110465921115128/xslF345X03/tm2127458-6_4seq1.xml"}, {"form_type": "4", "filings_date": "2021-09-13", "url": "https://www.sec.gov/Archives/edgar/data/0001031308/000110465921115122/xslF345X03/tm2127458-5_4seq1.xml"}, {"form_type": "4", "filings_date": "2021-09-13", "url": "https://www.sec.gov/Archives/edgar/data/0001031308/000110465921115119/xslF345X03/tm2127458-3_4seq1.xml"}, {"form_type": "4", "filings_date": "2021-09-13", "url": "https://www.sec.gov/Archives/edgar/data/0001031308/000110465921115117/xslF345X03/tm2127458-2_4seq1.xml"}, {"form_type": "4", "filings_date": "2021-09-13", "url": "https://www.sec.gov/Archives/edgar/data/0001031308/000110465921115114/xslF345X03/tm2127458-1_4seq1.xml"}, {"form_type": "4", "filings_date": "2021-08-31", "url": "https://www.sec.gov/Archives/edgar/data/0001031308/000110465921111589/xslF345X03/tm2125402-3_4seq1.xml"}, {"form_type": "4", "filings_date": "2021-08-31", "url": "https://www.sec.gov/Archives/edgar/data/0001031308/000110465921111585/xslF345X03/tm2125402d2_4seq1.xml"}, {"form_type": "8-K", "filings_date": "2021-08-23", "url": "https://www.sec.gov/Archives/edgar/data/0001031308/000162828021017487/bsy-20210820.htm"}, {"form_type": "4", "filings_date": "2021-08-18", "url": "https://www.sec.gov/Archives/edgar/data/0001031308/000110465921107347/xslF345X03/tm2125402-1_4seq1.xml"}, {"form_type": "10-Q", "filings_date": "2021-08-10", "url": "https://www.sec.gov/Archives/edgar/data/0001031308/000162828021016397/bsy-20210630.htm"}, {"form_type": "8-K", "filings_date": "2021-08-10", "url": "https://www.sec.gov/Archives/edgar/data/0001031308/000162828021016330/bsy-20210810.htm"}, {"form_type": "4", "filings_date": "2021-08-05", "url": "https://www.sec.gov/Archives/edgar/data/0001031308/000110465921100757/xslF345X03/tm2123836-5_4seq1.xml"}, {"form_type": "4", "filings_date": "2021-08-04", "url": "https://www.sec.gov/Archives/edgar/data/0001031308/000110465921100077/xslF345X03/tm2123836-4_4seq1.xml"}, {"form_type": "4", "filings_date": "2021-08-04", "url": "https://www.sec.gov/Archives/edgar/data/0001031308/000110465921100075/xslF345X03/tm2123836-3_4seq1.xml"}, {"form_type": "4", "filings_date": "2021-08-03", "url": "https://www.sec.gov/Archives/edgar/data/0001031308/000110465921099451/xslF345X03/tm2123836-2_4seq1.xml"}, {"form_type": "4", "filings_date": "2021-08-02", "url": "https://www.sec.gov/Archives/edgar/data/0001031308/000110465921098865/xslF345X03/tm2123836-1_4seq1.xml"}, {"form_type": "4", "filings_date": "2021-07-30", "url": "https://www.sec.gov/Archives/edgar/data/0001031308/000110465921098247/xslF345X03/tm2121736-11_4seq1.xml"}, {"form_type": "4", "filings_date": "2021-07-29", "url": "https://www.sec.gov/Archives/edgar/data/0001031308/000110465921097577/xslF345X03/tm2121736-10_4seq1.xml"}, {"form_type": "4", "filings_date": "2021-07-23", "url": "https://www.sec.gov/Archives/edgar/data/0001031308/000110465921095397/xslF345X03/tm2121736d9_4seq1.xml"}, {"form_type": "4", "filings_date": "2021-07-22", "url": "https://www.sec.gov/Archives/edgar/data/0001031308/000110465921094911/xslF345X03/tm2121736-8_4seq1.xml"}, {"form_type": "4", "filings_date": "2021-07-21", "url": "https://www.sec.gov/Archives/edgar/data/0001031308/000110465921094414/xslF345X03/tm2121736-6_4seq1.xml"}, {"form_type": "4", "filings_date": "2021-07-21", "url": "https://www.sec.gov/Archives/edgar/data/0001031308/000110465921094412/xslF345X03/tm2121736-7_4seq1.xml"}, {"form_type": "4", "filings_date": "2021-07-20", "url": "https://www.sec.gov/Archives/edgar/data/0001031308/000110465921093957/xslF345X03/tm2121736-5_4seq1.xml"}, {"form_type": "4", "filings_date": "2021-07-16", "url": "https://www.sec.gov/Archives/edgar/data/0001031308/000110465921093060/xslF345X03/tm2121736-4_4seq1.xml"}, {"form_type": "4", "filings_date": "2021-07-14", "url": "https://www.sec.gov/Archives/edgar/data/0001031308/000110465921092174/xslF345X03/tm2121736d3_4seq1.xml"}, {"form_type": "4", "filings_date": "2021-07-13", "url": "https://www.sec.gov/Archives/edgar/data/0001031308/000110465921091678/xslF345X03/tm2121736-2_4seq1.xml"}, {"form_type": "4", "filings_date": "2021-07-08", "url": "https://www.sec.gov/Archives/edgar/data/0001031308/000110465921090201/xslF345X03/tm2121736-1_4seq1.xml"}, {"form_type": "4", "filings_date": "2021-07-07", "url": "https://www.sec.gov/Archives/edgar/data/0001031308/000089924321027790/xslF345X03/doc4.xml"}, {"form_type": "4", "filings_date": "2021-07-06", "url": "https://www.sec.gov/Archives/edgar/data/0001031308/000110465921089390/xslF345X03/tm2121491-1_4seq1.xml"}, {"form_type": "8-K", "filings_date": "2021-06-29", "url": "https://www.sec.gov/Archives/edgar/data/0001031308/000110465921086363/tm2120726d1_8k.htm"}, {"form_type": "8-K", "filings_date": "2021-06-22", "url": "https://www.sec.gov/Archives/edgar/data/0001031308/000110465921084201/tm2120333d1_8k.htm"}, {"form_type": "4", "filings_date": "2021-06-17", "url": "https://www.sec.gov/Archives/edgar/data/0001031308/000110465921082666/xslF345X03/tm2119958-8_4seq1.xml"}, {"form_type": "4", "filings_date": "2021-06-17", "url": "https://www.sec.gov/Archives/edgar/data/0001031308/000110465921082664/xslF345X03/tm2119958-7_4seq1.xml"}, {"form_type": "4", "filings_date": "2021-06-17", "url": "https://www.sec.gov/Archives/edgar/data/0001031308/000110465921082662/xslF345X03/tm2119958-6_4seq1.xml"}, {"form_type": "4", "filings_date": "2021-06-17", "url": "https://www.sec.gov/Archives/edgar/data/0001031308/000110465921082659/xslF345X03/tm2119958-5_4seq1.xml"}, {"form_type": "4", "filings_date": "2021-06-17", "url": "https://www.sec.gov/Archives/edgar/data/0001031308/000110465921082658/xslF345X03/tm2119958-4_4seq1.xml"}, {"form_type": "4", "filings_date": "2021-06-17", "url": "https://www.sec.gov/Archives/edgar/data/0001031308/000110465921082655/xslF345X03/tm2119958-3_4seq1.xml"}, {"form_type": "4", "filings_date": "2021-06-17", "url": "https://www.sec.gov/Archives/edgar/data/0001031308/000110465921082654/xslF345X03/tm2119958-2_4seq1.xml"}, {"form_type": "4", "filings_date": "2021-06-17", "url": "https://www.sec.gov/Archives/edgar/data/0001031308/000110465921082653/xslF345X03/tm2119958-1_4seq1.xml"}, {"form_type": "4", "filings_date": "2021-06-16", "url": "https://www.sec.gov/Archives/edgar/data/0001031308/000117911021006744/xslF345X03/edgar.xml"}, {"form_type": "8-K", "filings_date": "2021-06-02", "url": "https://www.sec.gov/Archives/edgar/data/0001031308/000162828021011496/bsy-20210527.htm"}, {"form_type": "4", "filings_date": "2021-06-01", "url": "https://www.sec.gov/Archives/edgar/data/0001031308/000110465921075121/xslF345X03/tm2117983-3_4seq1.xml"}, {"form_type": "4", "filings_date": "2021-06-01", "url": "https://www.sec.gov/Archives/edgar/data/0001031308/000110465921075119/xslF345X03/tm2117983d2_4seq1.xml"}, {"form_type": "4", "filings_date": "2021-06-01", "url": "https://www.sec.gov/Archives/edgar/data/0001031308/000110465921075117/xslF345X03/tm2117983-1_4seq1.xml"}, {"form_type": "4", "filings_date": "2021-05-24", "url": "https://www.sec.gov/Archives/edgar/data/0001031308/000110465921071167/xslF345X03/tm2116832-3_4seq1.xml"}, {"form_type": "4", "filings_date": "2021-05-19", "url": "https://www.sec.gov/Archives/edgar/data/0001031308/000110465921069350/xslF345X03/tm2116832-2_4seq1.xml"}, {"form_type": "4", "filings_date": "2021-05-18", "url": "https://www.sec.gov/Archives/edgar/data/0001031308/000110465921068915/xslF345X03/tm2116832-1_4seq1.xml"}, {"form_type": "4", "filings_date": "2021-05-17", "url": "https://www.sec.gov/Archives/edgar/data/0001031308/000110465921068320/xslF345X03/tm2116716-2_4seq1.xml"}, {"form_type": "4", "filings_date": "2021-05-17", "url": "https://www.sec.gov/Archives/edgar/data/0001031308/000110465921068318/xslF345X03/tm2116716-1_4seq1.xml"}, {"form_type": "10-Q", "filings_date": "2021-05-11", "url": "https://www.sec.gov/Archives/edgar/data/0001031308/000162828021009814/bsy-20210331.htm"}, {"form_type": "8-K", "filings_date": "2021-05-11", "url": "https://www.sec.gov/Archives/edgar/data/0001031308/000162828021009759/bsy-20210511.htm"}, {"form_type": "4", "filings_date": "2021-05-03", "url": "https://www.sec.gov/Archives/edgar/data/0001031308/000110465921060217/xslF345X03/tm2114922d1_4.xml"}, {"form_type": "4", "filings_date": "2021-04-28", "url": "https://www.sec.gov/Archives/edgar/data/0001031308/000117911021004645/xslF345X03/edgar.xml"}, {"form_type": "4", "filings_date": "2021-04-26", "url": "https://www.sec.gov/Archives/edgar/data/0001031308/000117911021004617/xslF345X03/edgar.xml"}, {"form_type": "4", "filings_date": "2021-04-22", "url": "https://www.sec.gov/Archives/edgar/data/0001031308/000117911021004561/xslF345X03/edgar.xml"}, {"form_type": "4", "filings_date": "2021-04-21", "url": "https://www.sec.gov/Archives/edgar/data/0001031308/000117911021004553/xslF345X03/edgar.xml"}, {"form_type": "4", "filings_date": "2021-04-21", "url": "https://www.sec.gov/Archives/edgar/data/0001031308/000110465921053207/xslF345X03/tm2113666-4_4seq1.xml"}, {"form_type": "4", "filings_date": "2021-04-21", "url": "https://www.sec.gov/Archives/edgar/data/0001031308/000110465921053206/xslF345X03/tm2113666-3_4seq1.xml"}, {"form_type": "4", "filings_date": "2021-04-21", "url": "https://www.sec.gov/Archives/edgar/data/0001031308/000110465921053205/xslF345X03/tm2113666-2_4seq1.xml"}, {"form_type": "4", "filings_date": "2021-04-21", "url": "https://www.sec.gov/Archives/edgar/data/0001031308/000110465921053204/xslF345X03/tm2113666-1_4seq1.xml"}, {"form_type": "4", "filings_date": "2021-04-19", "url": "https://www.sec.gov/Archives/edgar/data/0001031308/000117911021004475/xslF345X03/edgar.xml"}, {"form_type": "DEFA14A", "filings_date": "2021-04-16", "url": "https://www.sec.gov/Archives/edgar/data/0001031308/000110465921051294/tm2112462d2_defa14a.htm"}, {"form_type": "DEF 14A", "filings_date": "2021-04-16", "url": "https://www.sec.gov/Archives/edgar/data/0001031308/000110465921051292/tm2112462-1_def14a.htm"}, {"form_type": "4", "filings_date": "2021-04-13", "url": "https://www.sec.gov/Archives/edgar/data/0001031308/000117911021004398/xslF345X03/edgar.xml"}, {"form_type": "4", "filings_date": "2021-04-09", "url": "https://www.sec.gov/Archives/edgar/data/0001031308/000117911021004342/xslF345X03/edgar.xml"}, {"form_type": "4", "filings_date": "2021-04-07", "url": "https://www.sec.gov/Archives/edgar/data/0001031308/000117911021004305/xslF345X03/edgar.xml"}, {"form_type": "4", "filings_date": "2021-04-05", "url": "https://www.sec.gov/Archives/edgar/data/0001031308/000089924321014850/xslF345X03/doc4.xml"}, {"form_type": "4", "filings_date": "2021-04-05", "url": "https://www.sec.gov/Archives/edgar/data/0001031308/000110465921046574/xslF345X03/tm2112132-2_4seq1.xml"}, {"form_type": "4", "filings_date": "2021-04-05", "url": "https://www.sec.gov/Archives/edgar/data/0001031308/000110465921046571/xslF345X03/tm2112132-1_4seq1.xml"}, {"form_type": "4", "filings_date": "2021-04-01", "url": "https://www.sec.gov/Archives/edgar/data/0001031308/000095012321004076/xslF345X03/doc4.xml"}, {"form_type": "4", "filings_date": "2021-03-29", "url": "https://www.sec.gov/Archives/edgar/data/0001031308/000117911021003842/xslF345X03/edgar.xml"}, {"form_type": "4", "filings_date": "2021-03-26", "url": "https://www.sec.gov/Archives/edgar/data/0001031308/000110465921042469/xslF345X03/tm2111006-7_4seq1.xml"}, {"form_type": "4", "filings_date": "2021-03-26", "url": "https://www.sec.gov/Archives/edgar/data/0001031308/000110465921042468/xslF345X03/tm2111006-6_4seq1.xml"}, {"form_type": "4", "filings_date": "2021-03-26", "url": "https://www.sec.gov/Archives/edgar/data/0001031308/000110465921042467/xslF345X03/tm2111006-5_4seq1.xml"}, {"form_type": "4", "filings_date": "2021-03-26", "url": "https://www.sec.gov/Archives/edgar/data/0001031308/000110465921042465/xslF345X03/tm2111006-4_4seq1.xml"}, {"form_type": "4", "filings_date": "2021-03-26", "url": "https://www.sec.gov/Archives/edgar/data/0001031308/000110465921042459/xslF345X03/tm2111006-3_4seq1.xml"}, {"form_type": "4", "filings_date": "2021-03-26", "url": "https://www.sec.gov/Archives/edgar/data/0001031308/000110465921042457/xslF345X03/tm2111006d2_4seq1.xml"}, {"form_type": "4", "filings_date": "2021-03-26", "url": "https://www.sec.gov/Archives/edgar/data/0001031308/000110465921042451/xslF345X03/tm2111006-1_4seq1.xml"}, {"form_type": "4", "filings_date": "2021-03-24", "url": "https://www.sec.gov/Archives/edgar/data/0001031308/000117911021003790/xslF345X03/edgar.xml"}, {"form_type": "8-K", "filings_date": "2021-03-17", "url": "https://www.sec.gov/Archives/edgar/data/0001031308/000110465921037428/tm219917d1_8k.htm"}, {"form_type": "4", "filings_date": "2021-03-10", "url": "https://www.sec.gov/Archives/edgar/data/0001031308/000110465921034487/xslF345X03/tm219324-1_4seq1.xml"}, {"form_type": "4", "filings_date": "2021-03-09", "url": "https://www.sec.gov/Archives/edgar/data/0001031308/000110465921033888/xslF345X03/tm219159-1_4seq1.xml"}, {"form_type": "10-K", "filings_date": "2021-03-02", "url": "https://www.sec.gov/Archives/edgar/data/0001031308/000162828021003727/bsy-20201231.htm"}, {"form_type": "8-K", "filings_date": "2021-03-02", "url": "https://www.sec.gov/Archives/edgar/data/0001031308/000162828021003695/bsy-20210302.htm"}, {"form_type": "4", "filings_date": "2021-03-01", "url": "https://www.sec.gov/Archives/edgar/data/0001031308/000110465921030004/xslF345X03/tm218290-1_4seq1.xml"}, {"form_type": "8-K", "filings_date": "2021-02-26", "url": "https://www.sec.gov/Archives/edgar/data/0001031308/000110465921029251/tm218133d1_8k.htm"}, {"form_type": "SC 13G", "filings_date": "2021-02-12", "url": "https://www.sec.gov/Archives/edgar/data/0001031308/000119312521041406/d50026dsc13g.htm"}, {"form_type": "SC 13G", "filings_date": "2021-02-12", "url": "https://www.sec.gov/Archives/edgar/data/0001031308/000089710121000076/a210175_sc13g.htm"}, {"form_type": "5", "filings_date": "2021-02-01", "url": "https://www.sec.gov/Archives/edgar/data/0001031308/000117911021000997/xslF345X03/edgar.xml"}, {"form_type": "8-K", "filings_date": "2021-01-26", "url": "https://www.sec.gov/Archives/edgar/data/0001031308/000110465921007707/tm214173d1_8k.htm"}, {"form_type": "4", "filings_date": "2021-01-25", "url": "https://www.sec.gov/Archives/edgar/data/0001031308/000110465921007183/xslF345X03/tm214110-4_4seq1.xml"}, {"form_type": "4", "filings_date": "2021-01-25", "url": "https://www.sec.gov/Archives/edgar/data/0001031308/000110465921007182/xslF345X03/tm214110-3_4seq1.xml"}, {"form_type": "4", "filings_date": "2021-01-25", "url": "https://www.sec.gov/Archives/edgar/data/0001031308/000110465921007180/xslF345X03/tm214110-2_4seq1.xml"}, {"form_type": "4", "filings_date": "2021-01-25", "url": "https://www.sec.gov/Archives/edgar/data/0001031308/000110465921007178/xslF345X03/tm214110-1_4seq1.xml"}, {"form_type": "8-K", "filings_date": "2021-01-20", "url": "https://www.sec.gov/Archives/edgar/data/0001031308/000110465921005889/tm213666d1_8k.htm"}, {"form_type": "4", "filings_date": "2021-01-07", "url": "https://www.sec.gov/Archives/edgar/data/0001031308/000110465921002134/xslF345X03/tm211989-3_4seq1.xml"}, {"form_type": "4", "filings_date": "2021-01-07", "url": "https://www.sec.gov/Archives/edgar/data/0001031308/000110465921002133/xslF345X03/tm211989-2_4seq1.xml"}, {"form_type": "4", "filings_date": "2021-01-07", "url": "https://www.sec.gov/Archives/edgar/data/0001031308/000110465921002003/xslF345X03/tm211989-1_4seq1.xml"}, {"form_type": "4", "filings_date": "2020-12-28", "url": "https://www.sec.gov/Archives/edgar/data/0001031308/000110465920139834/xslF345X03/tm2039300-7_4seq1.xml"}, {"form_type": "4", "filings_date": "2020-12-28", "url": "https://www.sec.gov/Archives/edgar/data/0001031308/000110465920139788/xslF345X03/tm2039300-6_4seq1.xml"}, {"form_type": "4", "filings_date": "2020-12-28", "url": "https://www.sec.gov/Archives/edgar/data/0001031308/000110465920139785/xslF345X03/tm2039300d5_4seq1.xml"}, {"form_type": "4", "filings_date": "2020-12-28", "url": "https://www.sec.gov/Archives/edgar/data/0001031308/000110465920139782/xslF345X03/tm2039300-4_4seq1.xml"}, {"form_type": "4", "filings_date": "2020-12-28", "url": "https://www.sec.gov/Archives/edgar/data/0001031308/000110465920139781/xslF345X03/tm2039300-3_4seq1.xml"}, {"form_type": "4", "filings_date": "2020-12-28", "url": "https://www.sec.gov/Archives/edgar/data/0001031308/000110465920139779/xslF345X03/tm2039300-2_4seq1.xml"}, {"form_type": "4", "filings_date": "2020-12-28", "url": "https://www.sec.gov/Archives/edgar/data/0001031308/000110465920139778/xslF345X03/tm2039300-1_4seq1.xml"}, {"form_type": "8-K", "filings_date": "2020-11-23", "url": "https://www.sec.gov/Archives/edgar/data/0001031308/000162828020016715/bsy-20201123.htm"}, {"form_type": "4", "filings_date": "2020-11-19", "url": "https://www.sec.gov/Archives/edgar/data/0001031308/000110465920127530/xslF345X03/a4.xml"}, {"form_type": "4", "filings_date": "2020-11-19", "url": "https://www.sec.gov/Archives/edgar/data/0001031308/000110465920127529/xslF345X03/a4.xml"}, {"form_type": "8-K", "filings_date": "2020-11-17", "url": "https://www.sec.gov/Archives/edgar/data/0001031308/000110465920126391/tm2034063-14_8k.htm"}, {"form_type": "424B4", "filings_date": "2020-11-16", "url": "https://www.sec.gov/Archives/edgar/data/0001031308/000110465920125319/tm2034063-12_424b4.htm"}, {"form_type": "3", "filings_date": "2020-11-13", "url": "https://www.sec.gov/Archives/edgar/data/0001031308/000089924320030999/xslF345X02/doc3.xml"}, {"form_type": "4", "filings_date": "2020-11-13", "url": "https://www.sec.gov/Archives/edgar/data/0001031308/000089924320030998/xslF345X03/doc4.xml"}, {"form_type": "EFFECT", "filings_date": "2020-11-12", "url": "https://www.sec.gov/Archives/edgar/data/0001031308/999999999520003168/xslEFFECTX01/primary_doc.xml"}, {"form_type": "CORRESP", "filings_date": "2020-11-10", "url": "https://www.sec.gov/Archives/edgar/data/0001031308/000110465920123659/filename1.htm"}, {"form_type": "CORRESP", "filings_date": "2020-11-10", "url": "https://www.sec.gov/Archives/edgar/data/0001031308/000110465920123655/filename1.htm"}, {"form_type": "CORRESP", "filings_date": "2020-11-10", "url": "https://www.sec.gov/Archives/edgar/data/0001031308/000110465920123652/filename1.htm"}, {"form_type": "S-1", "filings_date": "2020-11-10", "url": "https://www.sec.gov/Archives/edgar/data/0001031308/000110465920123588/tm2034063-4_s1.htm"}, {"form_type": "10-Q", "filings_date": "2020-11-10", "url": "https://www.sec.gov/Archives/edgar/data/0001031308/000162828020016146/bsy-20200930.htm"}, {"form_type": "8-K", "filings_date": "2020-11-10", "url": "https://www.sec.gov/Archives/edgar/data/0001031308/000110465920123313/tm2035503-1_8k.htm"}, {"form_type": "4", "filings_date": "2020-11-04", "url": "https://www.sec.gov/Archives/edgar/data/0001031308/000110465920121446/xslF345X03/a4.xml"}, {"form_type": "4", "filings_date": "2020-11-04", "url": "https://www.sec.gov/Archives/edgar/data/0001031308/000110465920121445/xslF345X03/a4.xml"}, {"form_type": "UPLOAD", "filings_date": "2020-10-26", "url": "https://www.sec.gov/Archives/edgar/data/0001031308/000000000020010108/filename1.pdf"}, {"form_type": "DRS", "filings_date": "2020-10-23", "url": "https://www.sec.gov/Archives/edgar/data/0001031308/000110465920117649/filename1.htm"}, {"form_type": "4", "filings_date": "2020-10-20", "url": "https://www.sec.gov/Archives/edgar/data/0001031308/000110465920116476/xslF345X03/a4.xml"}, {"form_type": "4", "filings_date": "2020-10-09", "url": "https://www.sec.gov/Archives/edgar/data/0001031308/000110465920113940/xslF345X03/a4.xml"}, {"form_type": "4", "filings_date": "2020-10-06", "url": "https://www.sec.gov/Archives/edgar/data/0001031308/000110465920112666/xslF345X03/a4.xml"}, {"form_type": "4", "filings_date": "2020-10-06", "url": "https://www.sec.gov/Archives/edgar/data/0001031308/000110465920112665/xslF345X03/a4.xml"}, {"form_type": "4", "filings_date": "2020-09-29", "url": "https://www.sec.gov/Archives/edgar/data/0001031308/000110465920110059/xslF345X03/a4.xml"}, {"form_type": "4", "filings_date": "2020-09-29", "url": "https://www.sec.gov/Archives/edgar/data/0001031308/000110465920110057/xslF345X03/a4.xml"}, {"form_type": "3", "filings_date": "2020-09-28", "url": "https://www.sec.gov/Archives/edgar/data/0001031308/000089924320026440/xslF345X02/doc3.xml"}, {"form_type": "8-K", "filings_date": "2020-09-25", "url": "https://www.sec.gov/Archives/edgar/data/0001031308/000110465920108913/tm2031809-1_8k.htm"}, {"form_type": "4", "filings_date": "2020-09-25", "url": "https://www.sec.gov/Archives/edgar/data/0001031308/000089924320026317/xslF345X03/doc4.xml"}, {"form_type": "424B4", "filings_date": "2020-09-24", "url": "https://www.sec.gov/Archives/edgar/data/0001031308/000110465920108119/tm1922834-15_424b4.htm"}, {"form_type": "S-8", "filings_date": "2020-09-24", "url": "https://www.sec.gov/Archives/edgar/data/0001031308/000110465920108101/tm1922834-17_s8.htm"}, {"form_type": "3", "filings_date": "2020-09-23", "url": "https://www.sec.gov/Archives/edgar/data/0001031308/000110465920107970/xslF345X02/a3.xml"}, {"form_type": "3", "filings_date": "2020-09-23", "url": "https://www.sec.gov/Archives/edgar/data/0001031308/000110465920107969/xslF345X02/a3.xml"}, {"form_type": "3", "filings_date": "2020-09-23", "url": "https://www.sec.gov/Archives/edgar/data/0001031308/000110465920107968/xslF345X02/a3.xml"}, {"form_type": "3", "filings_date": "2020-09-23", "url": "https://www.sec.gov/Archives/edgar/data/0001031308/000110465920107967/xslF345X02/a3.xml"}, {"form_type": "3", "filings_date": "2020-09-23", "url": "https://www.sec.gov/Archives/edgar/data/0001031308/000110465920107966/xslF345X02/a3.xml"}, {"form_type": "3", "filings_date": "2020-09-23", "url": "https://www.sec.gov/Archives/edgar/data/0001031308/000110465920107965/xslF345X02/a3.xml"}, {"form_type": "3", "filings_date": "2020-09-23", "url": "https://www.sec.gov/Archives/edgar/data/0001031308/000110465920107964/xslF345X02/a3.xml"}, {"form_type": "3", "filings_date": "2020-09-23", "url": "https://www.sec.gov/Archives/edgar/data/0001031308/000110465920107963/xslF345X02/a3.xml"}, {"form_type": "3", "filings_date": "2020-09-23", "url": "https://www.sec.gov/Archives/edgar/data/0001031308/000110465920107962/xslF345X02/a3.xml"}, {"form_type": "3", "filings_date": "2020-09-23", "url": "https://www.sec.gov/Archives/edgar/data/0001031308/000110465920107961/xslF345X02/a3.xml"}, {"form_type": "3", "filings_date": "2020-09-23", "url": "https://www.sec.gov/Archives/edgar/data/0001031308/000089924320026063/xslF345X02/doc3.xml"}, {"form_type": "CERT", "filings_date": "2020-09-23", "url": "https://www.sec.gov/Archives/edgar/data/0001031308/000135445720000513/8A_Cert_BSY.pdf"}, {"form_type": "8-A12B", "filings_date": "2020-09-23", "url": "https://www.sec.gov/Archives/edgar/data/0001031308/000110465920107497/tm1922834d16_8a12b.htm"}, {"form_type": "EFFECT", "filings_date": "2020-09-22", "url": "https://www.sec.gov/Archives/edgar/data/0001031308/999999999520002523/xslEFFECTX01/primary_doc.xml"}, {"form_type": "S-1/A", "filings_date": "2020-09-22", "url": "https://www.sec.gov/Archives/edgar/data/0001031308/000110465920107161/tm1922834-13_s1a.htm"}, {"form_type": "CORRESP", "filings_date": "2020-09-18", "url": "https://www.sec.gov/Archives/edgar/data/0001031308/000110465920106495/filename1.htm"}, {"form_type": "CORRESP", "filings_date": "2020-09-18", "url": "https://www.sec.gov/Archives/edgar/data/0001031308/000110465920106493/filename1.htm"}, {"form_type": "CORRESP", "filings_date": "2020-09-18", "url": "https://www.sec.gov/Archives/edgar/data/0001031308/000110465920106492/filename1.htm"}, {"form_type": "S-1/A", "filings_date": "2020-09-18", "url": "https://www.sec.gov/Archives/edgar/data/0001031308/000110465920106251/tm1922834-7_s1a.htm"}, {"form_type": "S-1/A", "filings_date": "2020-09-15", "url": "https://www.sec.gov/Archives/edgar/data/0001031308/000110465920105086/tm1922834-5_s1a.htm"}, {"form_type": "CORRESP", "filings_date": "2020-09-08", "url": "https://www.sec.gov/Archives/edgar/data/0001031308/000155837020011065/filename1.htm"}, {"form_type": "S-1/A", "filings_date": "2020-09-08", "url": "https://www.sec.gov/Archives/edgar/data/0001031308/000155837020011058/bsy-20200908xs1a.htm"}, {"form_type": "UPLOAD", "filings_date": "2020-08-28", "url": "https://www.sec.gov/Archives/edgar/data/0001031308/000000000020008129/filename1.pdf"}, {"form_type": "CORRESP", "filings_date": "2020-08-27", "url": "https://www.sec.gov/Archives/edgar/data/0001031308/000155837020010861/filename1.htm"}, {"form_type": "CORRESP", "filings_date": "2020-08-21", "url": "https://www.sec.gov/Archives/edgar/data/0001031308/000155837020010813/filename1.htm"}, {"form_type": "S-1", "filings_date": "2020-08-21", "url": "https://www.sec.gov/Archives/edgar/data/0001031308/000155837020010811/bsy-20200821xs1.htm"}, {"form_type": "UPLOAD", "filings_date": "2020-08-14", "url": "https://www.sec.gov/Archives/edgar/data/0001031308/000000000020007542/filename1.pdf"}, {"form_type": "DRSLTR", "filings_date": "2020-08-07", "url": "https://www.sec.gov/Archives/edgar/data/0001031308/000155837020009937/filename1.htm"}, {"form_type": "DRS/A", "filings_date": "2020-08-07", "url": "https://www.sec.gov/Archives/edgar/data/0001031308/000155837020009933/filename1.htm"}, {"form_type": "UPLOAD", "filings_date": "2020-03-23", "url": "https://www.sec.gov/Archives/edgar/data/0001031308/000000000020002509/filename1.pdf"}, {"form_type": "DRS/A", "filings_date": "2020-03-09", "url": "https://www.sec.gov/Archives/edgar/data/0001031308/000091205720000099/filename1.htm"}, {"form_type": "DRSLTR", "filings_date": "2020-03-06", "url": "https://www.sec.gov/Archives/edgar/data/0001031308/000141057820000053/filename1.htm"}, {"form_type": "UPLOAD", "filings_date": "2020-02-13", "url": "https://www.sec.gov/Archives/edgar/data/0001031308/000000000020001371/filename1.pdf"}, {"form_type": "DRS", "filings_date": "2020-01-10", "url": "https://www.sec.gov/Archives/edgar/data/0001031308/000091205720000012/filename1.htm"}]}