{"company": {"cik": "0001786352", "name": "Bill.com Holdings, Inc.", "sic": "Services-Prepackaged Software", "state_incorp": "DE", "ticker": "BILL", "mailing_addr": "6220 AMERICA CENTER DR., SAN JOSE, CA, 95002", "category": "Large accelerated filer", "fiscal_year_end": "30, June"}, "filings": [{"form_type": "4", "filings_date": "2022-03-18", "url": "https://www.sec.gov/Archives/edgar/data/0001786352/000120919122020075/xslF345X03/doc4.xml"}, {"form_type": "4", "filings_date": "2022-03-17", "url": "https://www.sec.gov/Archives/edgar/data/0001786352/000120919122019681/xslF345X03/doc4.xml"}, {"form_type": "4", "filings_date": "2022-03-17", "url": "https://www.sec.gov/Archives/edgar/data/0001786352/000120919122019657/xslF345X03/doc4.xml"}, {"form_type": "4", "filings_date": "2022-03-14", "url": "https://www.sec.gov/Archives/edgar/data/0001786352/000120919122018597/xslF345X03/doc4.xml"}, {"form_type": "4", "filings_date": "2022-03-11", "url": "https://www.sec.gov/Archives/edgar/data/0001786352/000120919122018345/xslF345X03/doc4.xml"}, {"form_type": "4", "filings_date": "2022-03-11", "url": "https://www.sec.gov/Archives/edgar/data/0001786352/000120919122018343/xslF345X03/doc4.xml"}, {"form_type": "4", "filings_date": "2022-03-11", "url": "https://www.sec.gov/Archives/edgar/data/0001786352/000120919122018341/xslF345X03/doc4.xml"}, {"form_type": "4", "filings_date": "2022-03-11", "url": "https://www.sec.gov/Archives/edgar/data/0001786352/000120919122018339/xslF345X03/doc4.xml"}, {"form_type": "4", "filings_date": "2022-03-11", "url": "https://www.sec.gov/Archives/edgar/data/0001786352/000120919122018336/xslF345X03/doc4.xml"}, {"form_type": "4", "filings_date": "2022-03-11", "url": "https://www.sec.gov/Archives/edgar/data/0001786352/000120919122018333/xslF345X03/doc4.xml"}, {"form_type": "4", "filings_date": "2022-03-11", "url": "https://www.sec.gov/Archives/edgar/data/0001786352/000120919122018331/xslF345X03/doc4.xml"}, {"form_type": "4", "filings_date": "2022-03-11", "url": "https://www.sec.gov/Archives/edgar/data/0001786352/000120919122018328/xslF345X03/doc4.xml"}, {"form_type": "4", "filings_date": "2022-03-09", "url": "https://www.sec.gov/Archives/edgar/data/0001786352/000120919122017711/xslF345X03/doc4.xml"}, {"form_type": "4", "filings_date": "2022-03-09", "url": "https://www.sec.gov/Archives/edgar/data/0001786352/000120919122017707/xslF345X03/doc4.xml"}, {"form_type": "4", "filings_date": "2022-03-03", "url": "https://www.sec.gov/Archives/edgar/data/0001786352/000120919122016073/xslF345X03/doc4.xml"}, {"form_type": "4", "filings_date": "2022-03-03", "url": "https://www.sec.gov/Archives/edgar/data/0001786352/000120919122016069/xslF345X03/doc4.xml"}, {"form_type": "4", "filings_date": "2022-03-03", "url": "https://www.sec.gov/Archives/edgar/data/0001786352/000120919122016062/xslF345X03/doc4.xml"}, {"form_type": "4", "filings_date": "2022-03-03", "url": "https://www.sec.gov/Archives/edgar/data/0001786352/000120919122016058/xslF345X03/doc4.xml"}, {"form_type": "4", "filings_date": "2022-03-02", "url": "https://www.sec.gov/Archives/edgar/data/0001786352/000120919122015034/xslF345X03/doc4.xml"}, {"form_type": "4", "filings_date": "2022-03-02", "url": "https://www.sec.gov/Archives/edgar/data/0001786352/000120919122015028/xslF345X03/doc4.xml"}, {"form_type": "4", "filings_date": "2022-03-02", "url": "https://www.sec.gov/Archives/edgar/data/0001786352/000120919122015018/xslF345X03/doc4.xml"}, {"form_type": "4", "filings_date": "2022-03-02", "url": "https://www.sec.gov/Archives/edgar/data/0001786352/000120919122015005/xslF345X03/doc4.xml"}, {"form_type": "4", "filings_date": "2022-02-25", "url": "https://www.sec.gov/Archives/edgar/data/0001786352/000120919122013386/xslF345X03/doc4.xml"}, {"form_type": "4", "filings_date": "2022-02-24", "url": "https://www.sec.gov/Archives/edgar/data/0001786352/000120919122012758/xslF345X03/doc4.xml"}, {"form_type": "8-K", "filings_date": "2022-02-24", "url": "https://www.sec.gov/Archives/edgar/data/0001786352/000119312522052082/d66667d8k.htm"}, {"form_type": "4", "filings_date": "2022-02-18", "url": "https://www.sec.gov/Archives/edgar/data/0001786352/000120919122011266/xslF345X03/doc4.xml"}, {"form_type": "4", "filings_date": "2022-02-17", "url": "https://www.sec.gov/Archives/edgar/data/0001786352/000120919122010937/xslF345X03/doc4.xml"}, {"form_type": "SC 13G/A", "filings_date": "2022-02-14", "url": "https://www.sec.gov/Archives/edgar/data/0001786352/000119312522039121/d290008dsc13ga.htm"}, {"form_type": "SC 13G/A", "filings_date": "2022-02-11", "url": "https://www.sec.gov/Archives/edgar/data/0001786352/000156761922003570/doc1.htm"}, {"form_type": "SC 13G", "filings_date": "2022-02-11", "url": "https://www.sec.gov/Archives/edgar/data/0001786352/000156223022000073/SEC13G_Filing.htm"}, {"form_type": "4", "filings_date": "2022-02-10", "url": "https://www.sec.gov/Archives/edgar/data/0001786352/000120919122008589/xslF345X03/doc4.xml"}, {"form_type": "4", "filings_date": "2022-02-10", "url": "https://www.sec.gov/Archives/edgar/data/0001786352/000120919122008582/xslF345X03/doc4.xml"}, {"form_type": "SC 13G/A", "filings_date": "2022-02-10", "url": "https://www.sec.gov/Archives/edgar/data/0001786352/000008025522000972/bill13gajan22.txt"}, {"form_type": "SC 13G/A", "filings_date": "2022-02-10", "url": "https://www.sec.gov/Archives/edgar/data/0001786352/000008025522000961/bill13gadec21.txt"}, {"form_type": "4", "filings_date": "2022-02-09", "url": "https://www.sec.gov/Archives/edgar/data/0001786352/000120919122008249/xslF345X03/doc4.xml"}, {"form_type": "4", "filings_date": "2022-02-09", "url": "https://www.sec.gov/Archives/edgar/data/0001786352/000120919122008240/xslF345X03/doc4.xml"}, {"form_type": "4", "filings_date": "2022-02-09", "url": "https://www.sec.gov/Archives/edgar/data/0001786352/000120919122008235/xslF345X03/doc4.xml"}, {"form_type": "SC 13G/A", "filings_date": "2022-02-09", "url": "https://www.sec.gov/Archives/edgar/data/0001786352/000110465922016638/tv0409-billcomholdingsinc.htm"}, {"form_type": "SC 13G", "filings_date": "2022-02-09", "url": "https://www.sec.gov/Archives/edgar/data/0001786352/000089542122000037/Bill.com.txt"}, {"form_type": "SC 13G", "filings_date": "2022-02-08", "url": "https://www.sec.gov/Archives/edgar/data/0001786352/000083423722008442/us0900431000_020822.txt"}, {"form_type": "10-Q", "filings_date": "2022-02-04", "url": "https://www.sec.gov/Archives/edgar/data/0001786352/000095017022000780/bill-20211231.htm"}, {"form_type": "8-K", "filings_date": "2022-02-03", "url": "https://www.sec.gov/Archives/edgar/data/0001786352/000095017022000738/bill-20220128.htm"}, {"form_type": "SC 13G/A", "filings_date": "2022-02-03", "url": "https://www.sec.gov/Archives/edgar/data/0001786352/000003877722000018/billc21a1.htm"}, {"form_type": "3", "filings_date": "2022-01-26", "url": "https://www.sec.gov/Archives/edgar/data/0001786352/000120919122005129/xslF345X02/doc3.xml"}, {"form_type": "8-K", "filings_date": "2022-01-24", "url": "https://www.sec.gov/Archives/edgar/data/0001786352/000119312522016036/d278513d8k.htm"}, {"form_type": "4", "filings_date": "2022-01-20", "url": "https://www.sec.gov/Archives/edgar/data/0001786352/000120919122004166/xslF345X03/doc4.xml"}, {"form_type": "4", "filings_date": "2022-01-19", "url": "https://www.sec.gov/Archives/edgar/data/0001786352/000120919122003794/xslF345X03/doc4.xml"}, {"form_type": "4", "filings_date": "2022-01-06", "url": "https://www.sec.gov/Archives/edgar/data/0001786352/000120919122002240/xslF345X03/doc4.xml"}, {"form_type": "4", "filings_date": "2021-12-17", "url": "https://www.sec.gov/Archives/edgar/data/0001786352/000120919121070417/xslF345X03/doc4.xml"}, {"form_type": "4", "filings_date": "2021-12-17", "url": "https://www.sec.gov/Archives/edgar/data/0001786352/000120919121070415/xslF345X03/doc4.xml"}, {"form_type": "4", "filings_date": "2021-12-17", "url": "https://www.sec.gov/Archives/edgar/data/0001786352/000120919121070413/xslF345X03/doc4.xml"}, {"form_type": "8-K", "filings_date": "2021-12-17", "url": "https://www.sec.gov/Archives/edgar/data/0001786352/000119312521361085/d239191d8k.htm"}, {"form_type": "4", "filings_date": "2021-12-10", "url": "https://www.sec.gov/Archives/edgar/data/0001786352/000120919121069124/xslF345X03/doc4.xml"}, {"form_type": "4", "filings_date": "2021-12-10", "url": "https://www.sec.gov/Archives/edgar/data/0001786352/000120919121069113/xslF345X03/doc4.xml"}, {"form_type": "4", "filings_date": "2021-12-10", "url": "https://www.sec.gov/Archives/edgar/data/0001786352/000120919121069112/xslF345X03/doc4.xml"}, {"form_type": "4", "filings_date": "2021-12-10", "url": "https://www.sec.gov/Archives/edgar/data/0001786352/000120919121069109/xslF345X03/doc4.xml"}, {"form_type": "4", "filings_date": "2021-12-10", "url": "https://www.sec.gov/Archives/edgar/data/0001786352/000120919121069108/xslF345X03/doc4.xml"}, {"form_type": "4", "filings_date": "2021-12-10", "url": "https://www.sec.gov/Archives/edgar/data/0001786352/000120919121069107/xslF345X03/doc4.xml"}, {"form_type": "4", "filings_date": "2021-12-10", "url": "https://www.sec.gov/Archives/edgar/data/0001786352/000120919121069106/xslF345X03/doc4.xml"}, {"form_type": "4", "filings_date": "2021-12-10", "url": "https://www.sec.gov/Archives/edgar/data/0001786352/000120919121069104/xslF345X03/doc4.xml"}, {"form_type": "4", "filings_date": "2021-12-10", "url": "https://www.sec.gov/Archives/edgar/data/0001786352/000120919121069103/xslF345X03/doc4.xml"}, {"form_type": "4", "filings_date": "2021-12-10", "url": "https://www.sec.gov/Archives/edgar/data/0001786352/000120919121069102/xslF345X03/doc4.xml"}, {"form_type": "8-K", "filings_date": "2021-12-10", "url": "https://www.sec.gov/Archives/edgar/data/0001786352/000119312521354120/d273061d8k.htm"}, {"form_type": "4", "filings_date": "2021-12-08", "url": "https://www.sec.gov/Archives/edgar/data/0001786352/000120919121068612/xslF345X03/doc4.xml"}, {"form_type": "4", "filings_date": "2021-12-08", "url": "https://www.sec.gov/Archives/edgar/data/0001786352/000120919121068610/xslF345X03/doc4.xml"}, {"form_type": "4", "filings_date": "2021-12-06", "url": "https://www.sec.gov/Archives/edgar/data/0001786352/000120919121068181/xslF345X03/doc4.xml"}, {"form_type": "4", "filings_date": "2021-12-02", "url": "https://www.sec.gov/Archives/edgar/data/0001786352/000120919121067712/xslF345X03/doc4.xml"}, {"form_type": "4", "filings_date": "2021-12-02", "url": "https://www.sec.gov/Archives/edgar/data/0001786352/000120919121067711/xslF345X03/doc4.xml"}, {"form_type": "4", "filings_date": "2021-12-02", "url": "https://www.sec.gov/Archives/edgar/data/0001786352/000120919121067709/xslF345X03/doc4.xml"}, {"form_type": "4", "filings_date": "2021-11-30", "url": "https://www.sec.gov/Archives/edgar/data/0001786352/000120919121067201/xslF345X03/doc4.xml"}, {"form_type": "4", "filings_date": "2021-11-30", "url": "https://www.sec.gov/Archives/edgar/data/0001786352/000120919121067200/xslF345X03/doc4.xml"}, {"form_type": "4", "filings_date": "2021-11-30", "url": "https://www.sec.gov/Archives/edgar/data/0001786352/000120919121067198/xslF345X03/doc4.xml"}, {"form_type": "4", "filings_date": "2021-11-30", "url": "https://www.sec.gov/Archives/edgar/data/0001786352/000120919121067197/xslF345X03/doc4.xml"}, {"form_type": "4", "filings_date": "2021-11-29", "url": "https://www.sec.gov/Archives/edgar/data/0001786352/000120919121067033/xslF345X03/doc4.xml"}, {"form_type": "4", "filings_date": "2021-11-24", "url": "https://www.sec.gov/Archives/edgar/data/0001786352/000120919121066886/xslF345X03/doc4.xml"}, {"form_type": "4", "filings_date": "2021-11-24", "url": "https://www.sec.gov/Archives/edgar/data/0001786352/000120919121066859/xslF345X03/doc4.xml"}, {"form_type": "4", "filings_date": "2021-11-19", "url": "https://www.sec.gov/Archives/edgar/data/0001786352/000120919121065868/xslF345X03/doc4.xml"}, {"form_type": "4", "filings_date": "2021-11-18", "url": "https://www.sec.gov/Archives/edgar/data/0001786352/000120919121065634/xslF345X03/doc4.xml"}, {"form_type": "3/A", "filings_date": "2021-11-17", "url": "https://www.sec.gov/Archives/edgar/data/0001786352/000120919121065310/xslF345X02/doc3a.xml"}, {"form_type": "4", "filings_date": "2021-11-17", "url": "https://www.sec.gov/Archives/edgar/data/0001786352/000120919121065308/xslF345X03/doc4.xml"}, {"form_type": "4", "filings_date": "2021-11-12", "url": "https://www.sec.gov/Archives/edgar/data/0001786352/000120919121064370/xslF345X03/doc4.xml"}, {"form_type": "4", "filings_date": "2021-11-12", "url": "https://www.sec.gov/Archives/edgar/data/0001786352/000120919121064366/xslF345X03/doc4.xml"}, {"form_type": "4", "filings_date": "2021-11-09", "url": "https://www.sec.gov/Archives/edgar/data/0001786352/000120919121063743/xslF345X03/doc4.xml"}, {"form_type": "4", "filings_date": "2021-11-09", "url": "https://www.sec.gov/Archives/edgar/data/0001786352/000120919121063736/xslF345X03/doc4.xml"}, {"form_type": "10-Q", "filings_date": "2021-11-08", "url": "https://www.sec.gov/Archives/edgar/data/0001786352/000095017021003282/bill-20210930.htm"}, {"form_type": "4", "filings_date": "2021-11-05", "url": "https://www.sec.gov/Archives/edgar/data/0001786352/000120919121063257/xslF345X03/doc4.xml"}, {"form_type": "8-K", "filings_date": "2021-11-04", "url": "https://www.sec.gov/Archives/edgar/data/0001786352/000095017021003068/bill-20211104.htm"}, {"form_type": "DEFA14A", "filings_date": "2021-10-26", "url": "https://www.sec.gov/Archives/edgar/data/0001786352/000119312521307988/d221878ddefa14a.htm"}, {"form_type": "DEF 14A", "filings_date": "2021-10-26", "url": "https://www.sec.gov/Archives/edgar/data/0001786352/000119312521307125/d234755ddef14a.htm"}, {"form_type": "4", "filings_date": "2021-10-19", "url": "https://www.sec.gov/Archives/edgar/data/0001786352/000120919121061034/xslF345X03/doc4.xml"}, {"form_type": "4", "filings_date": "2021-10-19", "url": "https://www.sec.gov/Archives/edgar/data/0001786352/000120919121061030/xslF345X03/doc4.xml"}, {"form_type": "4", "filings_date": "2021-10-07", "url": "https://www.sec.gov/Archives/edgar/data/0001786352/000120919121059987/xslF345X03/doc4.xml"}, {"form_type": "4", "filings_date": "2021-09-30", "url": "https://www.sec.gov/Archives/edgar/data/0001786352/000120919121058300/xslF345X03/doc4.xml"}, {"form_type": "3", "filings_date": "2021-09-30", "url": "https://www.sec.gov/Archives/edgar/data/0001786352/000120919121058297/xslF345X02/doc3.xml"}, {"form_type": "3", "filings_date": "2021-09-30", "url": "https://www.sec.gov/Archives/edgar/data/0001786352/000120919121058294/xslF345X02/doc3.xml"}, {"form_type": "8-K", "filings_date": "2021-09-29", "url": "https://www.sec.gov/Archives/edgar/data/0001786352/000119312521286822/d218037d8k.htm"}, {"form_type": "4", "filings_date": "2021-09-28", "url": "https://www.sec.gov/Archives/edgar/data/0001786352/000120919121057969/xslF345X03/doc4.xml"}, {"form_type": "8-K", "filings_date": "2021-09-24", "url": "https://www.sec.gov/Archives/edgar/data/0001786352/000119312521282231/d222038d8k.htm"}, {"form_type": "424B5", "filings_date": "2021-09-23", "url": "https://www.sec.gov/Archives/edgar/data/0001786352/000119312521279999/d233150d424b5.htm"}, {"form_type": "8-K", "filings_date": "2021-09-22", "url": "https://www.sec.gov/Archives/edgar/data/0001786352/000119312521278923/d230574d8k.htm"}, {"form_type": "8-K", "filings_date": "2021-09-21", "url": "https://www.sec.gov/Archives/edgar/data/0001786352/000119312521277838/d233585d8k.htm"}, {"form_type": "424B5", "filings_date": "2021-09-21", "url": "https://www.sec.gov/Archives/edgar/data/0001786352/000119312521277830/d233150d424b5.htm"}, {"form_type": "S-3ASR", "filings_date": "2021-09-21", "url": "https://www.sec.gov/Archives/edgar/data/0001786352/000119312521277806/d224858ds3asr.htm"}, {"form_type": "4", "filings_date": "2021-09-20", "url": "https://www.sec.gov/Archives/edgar/data/0001786352/000120919121056934/xslF345X03/doc4.xml"}, {"form_type": "4", "filings_date": "2021-09-17", "url": "https://www.sec.gov/Archives/edgar/data/0001786352/000120919121056699/xslF345X03/doc4.xml"}, {"form_type": "4", "filings_date": "2021-09-17", "url": "https://www.sec.gov/Archives/edgar/data/0001786352/000120919121056698/xslF345X03/doc4.xml"}, {"form_type": "4", "filings_date": "2021-09-10", "url": "https://www.sec.gov/Archives/edgar/data/0001786352/000120919121055554/xslF345X03/doc4.xml"}, {"form_type": "4", "filings_date": "2021-09-10", "url": "https://www.sec.gov/Archives/edgar/data/0001786352/000120919121055553/xslF345X03/doc4.xml"}, {"form_type": "4", "filings_date": "2021-09-10", "url": "https://www.sec.gov/Archives/edgar/data/0001786352/000120919121055529/xslF345X03/doc4.xml"}, {"form_type": "S-8", "filings_date": "2021-09-09", "url": "https://www.sec.gov/Archives/edgar/data/0001786352/000119312521268920/d218926ds8.htm"}, {"form_type": "S-3ASR", "filings_date": "2021-09-09", "url": "https://www.sec.gov/Archives/edgar/data/0001786352/000119312521268915/d204304ds3asr.htm"}, {"form_type": "8-K", "filings_date": "2021-09-09", "url": "https://www.sec.gov/Archives/edgar/data/0001786352/000119312521268864/d205671d8k.htm"}, {"form_type": "4", "filings_date": "2021-09-08", "url": "https://www.sec.gov/Archives/edgar/data/0001786352/000120919121055237/xslF345X03/doc4.xml"}, {"form_type": "4", "filings_date": "2021-09-08", "url": "https://www.sec.gov/Archives/edgar/data/0001786352/000120919121055236/xslF345X03/doc4.xml"}, {"form_type": "4", "filings_date": "2021-09-08", "url": "https://www.sec.gov/Archives/edgar/data/0001786352/000120919121055233/xslF345X03/doc4.xml"}, {"form_type": "4", "filings_date": "2021-09-03", "url": "https://www.sec.gov/Archives/edgar/data/0001786352/000120919121054897/xslF345X03/doc4.xml"}, {"form_type": "4", "filings_date": "2021-09-03", "url": "https://www.sec.gov/Archives/edgar/data/0001786352/000120919121054894/xslF345X03/doc4.xml"}, {"form_type": "4", "filings_date": "2021-09-01", "url": "https://www.sec.gov/Archives/edgar/data/0001786352/000120919121054320/xslF345X03/doc4.xml"}, {"form_type": "8-K", "filings_date": "2021-09-01", "url": "https://www.sec.gov/Archives/edgar/data/0001786352/000119312521263249/d187351d8k.htm"}, {"form_type": "4", "filings_date": "2021-08-31", "url": "https://www.sec.gov/Archives/edgar/data/0001786352/000120919121054177/xslF345X03/doc4.xml"}, {"form_type": "4", "filings_date": "2021-08-31", "url": "https://www.sec.gov/Archives/edgar/data/0001786352/000120919121054174/xslF345X03/doc4.xml"}, {"form_type": "4", "filings_date": "2021-08-31", "url": "https://www.sec.gov/Archives/edgar/data/0001786352/000120919121054165/xslF345X03/doc4.xml"}, {"form_type": "4", "filings_date": "2021-08-31", "url": "https://www.sec.gov/Archives/edgar/data/0001786352/000120919121054164/xslF345X03/doc4.xml"}, {"form_type": "S-8", "filings_date": "2021-08-30", "url": "https://www.sec.gov/Archives/edgar/data/0001786352/000119312521260836/d149805ds8.htm"}, {"form_type": "10-K", "filings_date": "2021-08-30", "url": "https://www.sec.gov/Archives/edgar/data/0001786352/000156459021046383/bill-10k_20210630.htm"}, {"form_type": "4", "filings_date": "2021-08-27", "url": "https://www.sec.gov/Archives/edgar/data/0001786352/000120919121053659/xslF345X03/doc4.xml"}, {"form_type": "8-K", "filings_date": "2021-08-26", "url": "https://www.sec.gov/Archives/edgar/data/0001786352/000156459021045931/bill-8k_20210826.htm"}, {"form_type": "4", "filings_date": "2021-08-25", "url": "https://www.sec.gov/Archives/edgar/data/0001786352/000120919121053355/xslF345X03/doc4.xml"}, {"form_type": "4", "filings_date": "2021-08-20", "url": "https://www.sec.gov/Archives/edgar/data/0001786352/000120919121052804/xslF345X03/doc4.xml"}, {"form_type": "4", "filings_date": "2021-08-18", "url": "https://www.sec.gov/Archives/edgar/data/0001786352/000120919121052247/xslF345X03/doc4.xml"}, {"form_type": "4", "filings_date": "2021-08-18", "url": "https://www.sec.gov/Archives/edgar/data/0001786352/000120919121052243/xslF345X03/doc4.xml"}, {"form_type": "4", "filings_date": "2021-08-18", "url": "https://www.sec.gov/Archives/edgar/data/0001786352/000120919121052240/xslF345X03/doc4.xml"}, {"form_type": "4", "filings_date": "2021-08-18", "url": "https://www.sec.gov/Archives/edgar/data/0001786352/000120919121052236/xslF345X03/doc4.xml"}, {"form_type": "4", "filings_date": "2021-08-18", "url": "https://www.sec.gov/Archives/edgar/data/0001786352/000120919121052234/xslF345X03/doc4.xml"}, {"form_type": "4", "filings_date": "2021-08-18", "url": "https://www.sec.gov/Archives/edgar/data/0001786352/000120919121052232/xslF345X03/doc4.xml"}, {"form_type": "8-K/A", "filings_date": "2021-08-16", "url": "https://www.sec.gov/Archives/edgar/data/0001786352/000119312521247995/d211742d8ka.htm"}, {"form_type": "4", "filings_date": "2021-08-12", "url": "https://www.sec.gov/Archives/edgar/data/0001786352/000120919121051274/xslF345X03/doc4.xml"}, {"form_type": "4", "filings_date": "2021-08-06", "url": "https://www.sec.gov/Archives/edgar/data/0001786352/000120919121050250/xslF345X03/doc4.xml"}, {"form_type": "4", "filings_date": "2021-08-06", "url": "https://www.sec.gov/Archives/edgar/data/0001786352/000120919121050249/xslF345X03/doc4.xml"}, {"form_type": "4", "filings_date": "2021-08-02", "url": "https://www.sec.gov/Archives/edgar/data/0001786352/000120919121049096/xslF345X03/doc4.xml"}, {"form_type": "4", "filings_date": "2021-07-23", "url": "https://www.sec.gov/Archives/edgar/data/0001786352/000120919121047979/xslF345X03/doc4.xml"}, {"form_type": "4", "filings_date": "2021-07-22", "url": "https://www.sec.gov/Archives/edgar/data/0001786352/000120919121047871/xslF345X03/doc4.xml"}, {"form_type": "4", "filings_date": "2021-07-22", "url": "https://www.sec.gov/Archives/edgar/data/0001786352/000120919121047869/xslF345X03/doc4.xml"}, {"form_type": "4", "filings_date": "2021-07-20", "url": "https://www.sec.gov/Archives/edgar/data/0001786352/000120919121047482/xslF345X03/doc4.xml"}, {"form_type": "4", "filings_date": "2021-07-19", "url": "https://www.sec.gov/Archives/edgar/data/0001786352/000120919121047260/xslF345X03/doc4.xml"}, {"form_type": "4", "filings_date": "2021-07-19", "url": "https://www.sec.gov/Archives/edgar/data/0001786352/000120919121047258/xslF345X03/doc4.xml"}, {"form_type": "4", "filings_date": "2021-07-19", "url": "https://www.sec.gov/Archives/edgar/data/0001786352/000120919121047257/xslF345X03/doc4.xml"}, {"form_type": "8-K", "filings_date": "2021-07-19", "url": "https://www.sec.gov/Archives/edgar/data/0001786352/000119312521218141/d183904d8k.htm"}, {"form_type": "4", "filings_date": "2021-07-09", "url": "https://www.sec.gov/Archives/edgar/data/0001786352/000120919121046231/xslF345X03/doc4.xml"}, {"form_type": "4", "filings_date": "2021-07-08", "url": "https://www.sec.gov/Archives/edgar/data/0001786352/000120919121046064/xslF345X03/doc4.xml"}, {"form_type": "4", "filings_date": "2021-07-08", "url": "https://www.sec.gov/Archives/edgar/data/0001786352/000120919121046059/xslF345X03/doc4.xml"}, {"form_type": "4", "filings_date": "2021-07-02", "url": "https://www.sec.gov/Archives/edgar/data/0001786352/000120919121045092/xslF345X03/doc4.xml"}, {"form_type": "4", "filings_date": "2021-06-28", "url": "https://www.sec.gov/Archives/edgar/data/0001786352/000120919121043504/xslF345X03/doc4.xml"}, {"form_type": "4", "filings_date": "2021-06-25", "url": "https://www.sec.gov/Archives/edgar/data/0001786352/000120919121043355/xslF345X03/doc4.xml"}, {"form_type": "4", "filings_date": "2021-06-22", "url": "https://www.sec.gov/Archives/edgar/data/0001786352/000120919121042464/xslF345X03/doc4.xml"}, {"form_type": "4", "filings_date": "2021-06-21", "url": "https://www.sec.gov/Archives/edgar/data/0001786352/000120919121042283/xslF345X03/doc4.xml"}, {"form_type": "4", "filings_date": "2021-06-17", "url": "https://www.sec.gov/Archives/edgar/data/0001786352/000120919121041710/xslF345X03/doc4.xml"}, {"form_type": "4", "filings_date": "2021-06-17", "url": "https://www.sec.gov/Archives/edgar/data/0001786352/000120919121041700/xslF345X03/doc4.xml"}, {"form_type": "4", "filings_date": "2021-06-17", "url": "https://www.sec.gov/Archives/edgar/data/0001786352/000120919121041694/xslF345X03/doc4.xml"}, {"form_type": "D", "filings_date": "2021-06-15", "url": "https://www.sec.gov/Archives/edgar/data/0001786352/000120919121040572/xslFormDX01/primary_doc.xml"}, {"form_type": "4", "filings_date": "2021-06-14", "url": "https://www.sec.gov/Archives/edgar/data/0001786352/000120919121040299/xslF345X03/doc4.xml"}, {"form_type": "4", "filings_date": "2021-06-08", "url": "https://www.sec.gov/Archives/edgar/data/0001786352/000120919121039067/xslF345X03/doc4.xml"}, {"form_type": "4", "filings_date": "2021-06-08", "url": "https://www.sec.gov/Archives/edgar/data/0001786352/000120919121039042/xslF345X03/doc4.xml"}, {"form_type": "4", "filings_date": "2021-06-04", "url": "https://www.sec.gov/Archives/edgar/data/0001786352/000120919121038302/xslF345X03/doc4.xml"}, {"form_type": "4", "filings_date": "2021-06-03", "url": "https://www.sec.gov/Archives/edgar/data/0001786352/000120919121038083/xslF345X03/doc4.xml"}, {"form_type": "4", "filings_date": "2021-06-03", "url": "https://www.sec.gov/Archives/edgar/data/0001786352/000120919121038028/xslF345X03/doc4.xml"}, {"form_type": "4", "filings_date": "2021-06-03", "url": "https://www.sec.gov/Archives/edgar/data/0001786352/000120919121038023/xslF345X03/doc4.xml"}, {"form_type": "4", "filings_date": "2021-06-03", "url": "https://www.sec.gov/Archives/edgar/data/0001786352/000120919121038019/xslF345X03/doc4.xml"}, {"form_type": "4", "filings_date": "2021-06-03", "url": "https://www.sec.gov/Archives/edgar/data/0001786352/000120919121037864/xslF345X03/doc4.xml"}, {"form_type": "3", "filings_date": "2021-06-03", "url": "https://www.sec.gov/Archives/edgar/data/0001786352/000120919121037862/xslF345X02/doc3.xml"}, {"form_type": "4", "filings_date": "2021-06-02", "url": "https://www.sec.gov/Archives/edgar/data/0001786352/000120919121037481/xslF345X03/doc4.xml"}, {"form_type": "4", "filings_date": "2021-06-02", "url": "https://www.sec.gov/Archives/edgar/data/0001786352/000120919121037479/xslF345X03/doc4.xml"}, {"form_type": "4", "filings_date": "2021-06-02", "url": "https://www.sec.gov/Archives/edgar/data/0001786352/000120919121037476/xslF345X03/doc4.xml"}, {"form_type": "S-3ASR", "filings_date": "2021-06-02", "url": "https://www.sec.gov/Archives/edgar/data/0001786352/000119312521179843/d134673ds3asr.htm"}, {"form_type": "4", "filings_date": "2021-06-01", "url": "https://www.sec.gov/Archives/edgar/data/0001786352/000120919121037005/xslF345X03/doc4.xml"}, {"form_type": "4", "filings_date": "2021-06-01", "url": "https://www.sec.gov/Archives/edgar/data/0001786352/000120919121036914/xslF345X03/doc4.xml"}, {"form_type": "8-K", "filings_date": "2021-06-01", "url": "https://www.sec.gov/Archives/edgar/data/0001786352/000119312521178541/d189628d8k.htm"}, {"form_type": "4", "filings_date": "2021-05-26", "url": "https://www.sec.gov/Archives/edgar/data/0001786352/000120919121036019/xslF345X03/doc4.xml"}, {"form_type": "4", "filings_date": "2021-05-25", "url": "https://www.sec.gov/Archives/edgar/data/0001786352/000120919121035771/xslF345X03/doc4.xml"}, {"form_type": "4", "filings_date": "2021-05-24", "url": "https://www.sec.gov/Archives/edgar/data/0001786352/000120919121035417/xslF345X03/doc4.xml"}, {"form_type": "4", "filings_date": "2021-05-18", "url": "https://www.sec.gov/Archives/edgar/data/0001786352/000120919121033695/xslF345X03/doc4.xml"}, {"form_type": "4", "filings_date": "2021-05-14", "url": "https://www.sec.gov/Archives/edgar/data/0001786352/000120919121032881/xslF345X03/doc4.xml"}, {"form_type": "4", "filings_date": "2021-05-12", "url": "https://www.sec.gov/Archives/edgar/data/0001786352/000120919121032233/xslF345X03/doc4.xml"}, {"form_type": "4", "filings_date": "2021-05-07", "url": "https://www.sec.gov/Archives/edgar/data/0001786352/000120919121030983/xslF345X03/doc4.xml"}, {"form_type": "10-Q", "filings_date": "2021-05-07", "url": "https://www.sec.gov/Archives/edgar/data/0001786352/000156459021025543/bill-10q_20210331.htm"}, {"form_type": "8-K", "filings_date": "2021-05-06", "url": "https://www.sec.gov/Archives/edgar/data/0001786352/000156459021024959/bill-8k_20210506.htm"}, {"form_type": "4", "filings_date": "2021-05-03", "url": "https://www.sec.gov/Archives/edgar/data/0001786352/000120919121029532/xslF345X03/doc4.xml"}, {"form_type": "4", "filings_date": "2021-04-28", "url": "https://www.sec.gov/Archives/edgar/data/0001786352/000120919121028839/xslF345X03/doc4.xml"}, {"form_type": "4", "filings_date": "2021-04-26", "url": "https://www.sec.gov/Archives/edgar/data/0001786352/000120919121028331/xslF345X03/doc4.xml"}, {"form_type": "4", "filings_date": "2021-04-19", "url": "https://www.sec.gov/Archives/edgar/data/0001786352/000120919121027336/xslF345X03/doc4.xml"}, {"form_type": "4", "filings_date": "2021-04-19", "url": "https://www.sec.gov/Archives/edgar/data/0001786352/000120919121027335/xslF345X03/doc4.xml"}, {"form_type": "4", "filings_date": "2021-04-19", "url": "https://www.sec.gov/Archives/edgar/data/0001786352/000120919121027334/xslF345X03/doc4.xml"}, {"form_type": "4", "filings_date": "2021-04-09", "url": "https://www.sec.gov/Archives/edgar/data/0001786352/000120919121026318/xslF345X03/doc4.xml"}, {"form_type": "4", "filings_date": "2021-04-06", "url": "https://www.sec.gov/Archives/edgar/data/0001786352/000120919121025765/xslF345X03/doc4.xml"}, {"form_type": "4", "filings_date": "2021-04-02", "url": "https://www.sec.gov/Archives/edgar/data/0001786352/000120919121024787/xslF345X03/doc4.xml"}, {"form_type": "4", "filings_date": "2021-03-29", "url": "https://www.sec.gov/Archives/edgar/data/0001786352/000120919121023479/xslF345X03/doc4.xml"}, {"form_type": "4", "filings_date": "2021-03-26", "url": "https://www.sec.gov/Archives/edgar/data/0001786352/000120919121023261/xslF345X03/doc4.xml"}, {"form_type": "4", "filings_date": "2021-03-22", "url": "https://www.sec.gov/Archives/edgar/data/0001786352/000120919121022414/xslF345X03/doc4.xml"}, {"form_type": "4", "filings_date": "2021-03-17", "url": "https://www.sec.gov/Archives/edgar/data/0001786352/000120919121021506/xslF345X03/doc4.xml"}, {"form_type": "4", "filings_date": "2021-03-17", "url": "https://www.sec.gov/Archives/edgar/data/0001786352/000120919121021504/xslF345X03/doc4.xml"}, {"form_type": "4", "filings_date": "2021-03-12", "url": "https://www.sec.gov/Archives/edgar/data/0001786352/000120919121020243/xslF345X03/doc4.xml"}, {"form_type": "4", "filings_date": "2021-03-05", "url": "https://www.sec.gov/Archives/edgar/data/0001786352/000120919121018372/xslF345X03/doc4.xml"}, {"form_type": "4", "filings_date": "2021-03-05", "url": "https://www.sec.gov/Archives/edgar/data/0001786352/000120919121018370/xslF345X03/doc4.xml"}, {"form_type": "UPLOAD", "filings_date": "2021-03-05", "url": "https://www.sec.gov/Archives/edgar/data/0001786352/000000000021002655/filename1.pdf"}, {"form_type": "4", "filings_date": "2021-03-04", "url": "https://www.sec.gov/Archives/edgar/data/0001786352/000120919121017987/xslF345X03/doc4.xml"}, {"form_type": "4", "filings_date": "2021-03-02", "url": "https://www.sec.gov/Archives/edgar/data/0001786352/000120919121016468/xslF345X03/doc4.xml"}, {"form_type": "4", "filings_date": "2021-03-02", "url": "https://www.sec.gov/Archives/edgar/data/0001786352/000120919121016466/xslF345X03/doc4.xml"}, {"form_type": "4", "filings_date": "2021-03-02", "url": "https://www.sec.gov/Archives/edgar/data/0001786352/000120919121016464/xslF345X03/doc4.xml"}, {"form_type": "4", "filings_date": "2021-03-02", "url": "https://www.sec.gov/Archives/edgar/data/0001786352/000120919121016462/xslF345X03/doc4.xml"}, {"form_type": "4", "filings_date": "2021-02-26", "url": "https://www.sec.gov/Archives/edgar/data/0001786352/000120919121014962/xslF345X03/doc4.xml"}, {"form_type": "4", "filings_date": "2021-02-26", "url": "https://www.sec.gov/Archives/edgar/data/0001786352/000120919121014905/xslF345X03/doc4.xml"}, {"form_type": "CORRESP", "filings_date": "2021-02-25", "url": "https://www.sec.gov/Archives/edgar/data/0001786352/000119312521056973/filename1.htm"}, {"form_type": "4", "filings_date": "2021-02-18", "url": "https://www.sec.gov/Archives/edgar/data/0001786352/000120919121012072/xslF345X03/doc4.xml"}, {"form_type": "4", "filings_date": "2021-02-18", "url": "https://www.sec.gov/Archives/edgar/data/0001786352/000120919121012028/xslF345X03/doc4.xml"}, {"form_type": "4", "filings_date": "2021-02-18", "url": "https://www.sec.gov/Archives/edgar/data/0001786352/000120919121012025/xslF345X03/doc4.xml"}, {"form_type": "4", "filings_date": "2021-02-18", "url": "https://www.sec.gov/Archives/edgar/data/0001786352/000120919121012022/xslF345X03/doc4.xml"}, {"form_type": "4", "filings_date": "2021-02-18", "url": "https://www.sec.gov/Archives/edgar/data/0001786352/000120919121012021/xslF345X03/doc4.xml"}, {"form_type": "4", "filings_date": "2021-02-18", "url": "https://www.sec.gov/Archives/edgar/data/0001786352/000120919121012019/xslF345X03/doc4.xml"}, {"form_type": "4", "filings_date": "2021-02-18", "url": "https://www.sec.gov/Archives/edgar/data/0001786352/000120919121012017/xslF345X03/doc4.xml"}, {"form_type": "4", "filings_date": "2021-02-18", "url": "https://www.sec.gov/Archives/edgar/data/0001786352/000120919121012015/xslF345X03/doc4.xml"}, {"form_type": "4", "filings_date": "2021-02-18", "url": "https://www.sec.gov/Archives/edgar/data/0001786352/000120919121012014/xslF345X03/doc4.xml"}, {"form_type": "4", "filings_date": "2021-02-18", "url": "https://www.sec.gov/Archives/edgar/data/0001786352/000120919121012012/xslF345X03/doc4.xml"}, {"form_type": "4", "filings_date": "2021-02-18", "url": "https://www.sec.gov/Archives/edgar/data/0001786352/000120919121012005/xslF345X03/doc4.xml"}, {"form_type": "SC 13G/A", "filings_date": "2021-02-16", "url": "https://www.sec.gov/Archives/edgar/data/0001786352/000008025521001337/bill13gadec20.txt"}, {"form_type": "SC 13G/A", "filings_date": "2021-02-16", "url": "https://www.sec.gov/Archives/edgar/data/0001786352/000110465921022561/tm216626d3_sc13ga.htm"}, {"form_type": "SC 13G/A", "filings_date": "2021-02-16", "url": "https://www.sec.gov/Archives/edgar/data/0001786352/000114036121004783/brhc10020351_sc13ga.htm"}, {"form_type": "SC 13G", "filings_date": "2021-02-16", "url": "https://www.sec.gov/Archives/edgar/data/0001786352/000156761921003656/doc1.htm"}, {"form_type": "SC 13G/A", "filings_date": "2021-02-12", "url": "https://www.sec.gov/Archives/edgar/data/0001786352/000119312521041882/d124848dsc13ga.htm"}, {"form_type": "3", "filings_date": "2021-02-11", "url": "https://www.sec.gov/Archives/edgar/data/0001786352/000120919121009886/xslF345X02/doc3.xml"}, {"form_type": "SC 13G/A", "filings_date": "2021-02-11", "url": "https://www.sec.gov/Archives/edgar/data/0001786352/000119312521038177/d130841dsc13ga.htm"}, {"form_type": "4", "filings_date": "2021-02-10", "url": "https://www.sec.gov/Archives/edgar/data/0001786352/000120919121009384/xslF345X03/doc4.xml"}, {"form_type": "4", "filings_date": "2021-02-10", "url": "https://www.sec.gov/Archives/edgar/data/0001786352/000120919121009333/xslF345X03/doc4.xml"}, {"form_type": "4", "filings_date": "2021-02-10", "url": "https://www.sec.gov/Archives/edgar/data/0001786352/000120919121009331/xslF345X03/doc4.xml"}, {"form_type": "4", "filings_date": "2021-02-10", "url": "https://www.sec.gov/Archives/edgar/data/0001786352/000120919121009330/xslF345X03/doc4.xml"}, {"form_type": "4", "filings_date": "2021-02-10", "url": "https://www.sec.gov/Archives/edgar/data/0001786352/000120919121009320/xslF345X03/doc4.xml"}, {"form_type": "4", "filings_date": "2021-02-10", "url": "https://www.sec.gov/Archives/edgar/data/0001786352/000120919121009317/xslF345X03/doc4.xml"}, {"form_type": "CORRESP", "filings_date": "2021-02-10", "url": "https://www.sec.gov/Archives/edgar/data/0001786352/000119312521036291/filename1.htm"}, {"form_type": "SC 13G/A", "filings_date": "2021-02-10", "url": "https://www.sec.gov/Archives/edgar/data/0001786352/000083423721007769/us0900431000_021021.txt"}, {"form_type": "SC 13G", "filings_date": "2021-02-10", "url": "https://www.sec.gov/Archives/edgar/data/0001786352/000110465921017578/tv0366-billcomholdingsinc.htm"}, {"form_type": "SC 13G/A", "filings_date": "2021-02-09", "url": "https://www.sec.gov/Archives/edgar/data/0001786352/000110465921016203/tm215579d1_sc13ga.htm"}, {"form_type": "4", "filings_date": "2021-02-05", "url": "https://www.sec.gov/Archives/edgar/data/0001786352/000120919121008309/xslF345X03/doc4.xml"}, {"form_type": "10-Q", "filings_date": "2021-02-05", "url": "https://www.sec.gov/Archives/edgar/data/0001786352/000156459021004505/bill-10q_20201231.htm"}, {"form_type": "SC 13G", "filings_date": "2021-02-05", "url": "https://www.sec.gov/Archives/edgar/data/0001786352/000083423721007346/us0900431000_020421.txt"}, {"form_type": "8-K", "filings_date": "2021-02-04", "url": "https://www.sec.gov/Archives/edgar/data/0001786352/000156459021004311/bill-8k_20210202.htm"}, {"form_type": "SC 13G", "filings_date": "2021-02-01", "url": "https://www.sec.gov/Archives/edgar/data/0001786352/000003877721000003/bill20in.htm"}, {"form_type": "UPLOAD", "filings_date": "2021-01-29", "url": "https://www.sec.gov/Archives/edgar/data/0001786352/000000000021001176/filename1.pdf"}, {"form_type": "4", "filings_date": "2021-01-22", "url": "https://www.sec.gov/Archives/edgar/data/0001786352/000120919121004970/xslF345X03/doc4.xml"}, {"form_type": "4", "filings_date": "2021-01-19", "url": "https://www.sec.gov/Archives/edgar/data/0001786352/000120919121004073/xslF345X03/doc4.xml"}, {"form_type": "4", "filings_date": "2021-01-06", "url": "https://www.sec.gov/Archives/edgar/data/0001786352/000120919121002346/xslF345X03/doc4.xml"}, {"form_type": "4", "filings_date": "2021-01-05", "url": "https://www.sec.gov/Archives/edgar/data/0001786352/000120919121001563/xslF345X03/doc4.xml"}, {"form_type": "4", "filings_date": "2021-01-05", "url": "https://www.sec.gov/Archives/edgar/data/0001786352/000120919121001553/xslF345X03/doc4.xml"}, {"form_type": "4", "filings_date": "2021-01-05", "url": "https://www.sec.gov/Archives/edgar/data/0001786352/000120919121001546/xslF345X03/doc4.xml"}, {"form_type": "4", "filings_date": "2021-01-05", "url": "https://www.sec.gov/Archives/edgar/data/0001786352/000120919121001532/xslF345X03/doc4.xml"}, {"form_type": "4", "filings_date": "2020-12-28", "url": "https://www.sec.gov/Archives/edgar/data/0001786352/000120919120065209/xslF345X03/doc4.xml"}, {"form_type": "4", "filings_date": "2020-12-16", "url": "https://www.sec.gov/Archives/edgar/data/0001786352/000120919120063826/xslF345X03/doc4.xml"}, {"form_type": "4", "filings_date": "2020-12-14", "url": "https://www.sec.gov/Archives/edgar/data/0001786352/000120919120063353/xslF345X03/doc4.xml"}, {"form_type": "4", "filings_date": "2020-12-10", "url": "https://www.sec.gov/Archives/edgar/data/0001786352/000120919120062802/xslF345X03/doc4.xml"}, {"form_type": "8-K", "filings_date": "2020-12-07", "url": "https://www.sec.gov/Archives/edgar/data/0001786352/000119312520311879/d20011d8k.htm"}, {"form_type": "4", "filings_date": "2020-12-04", "url": "https://www.sec.gov/Archives/edgar/data/0001786352/000120919120061854/xslF345X03/doc4.xml"}, {"form_type": "4", "filings_date": "2020-12-01", "url": "https://www.sec.gov/Archives/edgar/data/0001786352/000120919120060987/xslF345X03/doc4.xml"}, {"form_type": "4", "filings_date": "2020-12-01", "url": "https://www.sec.gov/Archives/edgar/data/0001786352/000120919120060986/xslF345X03/doc4.xml"}, {"form_type": "4", "filings_date": "2020-12-01", "url": "https://www.sec.gov/Archives/edgar/data/0001786352/000120919120060985/xslF345X03/doc4.xml"}, {"form_type": "4", "filings_date": "2020-12-01", "url": "https://www.sec.gov/Archives/edgar/data/0001786352/000120919120060984/xslF345X03/doc4.xml"}, {"form_type": "8-K", "filings_date": "2020-11-30", "url": "https://www.sec.gov/Archives/edgar/data/0001786352/000119312520305589/d26584d8k.htm"}, {"form_type": "4", "filings_date": "2020-11-25", "url": "https://www.sec.gov/Archives/edgar/data/0001786352/000120919120060564/xslF345X03/doc4.xml"}, {"form_type": "4", "filings_date": "2020-11-25", "url": "https://www.sec.gov/Archives/edgar/data/0001786352/000120919120060563/xslF345X03/doc4.xml"}, {"form_type": "8-K", "filings_date": "2020-11-25", "url": "https://www.sec.gov/Archives/edgar/data/0001786352/000119312520303108/d76674d8k.htm"}, {"form_type": "4", "filings_date": "2020-11-19", "url": "https://www.sec.gov/Archives/edgar/data/0001786352/000120919120059499/xslF345X03/doc4.xml"}, {"form_type": "4", "filings_date": "2020-11-12", "url": "https://www.sec.gov/Archives/edgar/data/0001786352/000120919120057995/xslF345X03/doc4.xml"}, {"form_type": "4", "filings_date": "2020-11-10", "url": "https://www.sec.gov/Archives/edgar/data/0001786352/000120919120057770/xslF345X03/doc4.xml"}, {"form_type": "4", "filings_date": "2020-11-10", "url": "https://www.sec.gov/Archives/edgar/data/0001786352/000120919120057766/xslF345X03/doc4.xml"}, {"form_type": "4", "filings_date": "2020-11-10", "url": "https://www.sec.gov/Archives/edgar/data/0001786352/000120919120057731/xslF345X03/doc4.xml"}, {"form_type": "S-8", "filings_date": "2020-11-06", "url": "https://www.sec.gov/Archives/edgar/data/0001786352/000119312520288023/d92037ds8.htm"}, {"form_type": "10-Q", "filings_date": "2020-11-06", "url": "https://www.sec.gov/Archives/edgar/data/0001786352/000156459020051955/bill-10q_20200930.htm"}, {"form_type": "4", "filings_date": "2020-11-05", "url": "https://www.sec.gov/Archives/edgar/data/0001786352/000120919120057166/xslF345X03/doc4.xml"}, {"form_type": "8-K", "filings_date": "2020-11-05", "url": "https://www.sec.gov/Archives/edgar/data/0001786352/000156459020051398/bill-8k_20201105.htm"}, {"form_type": "4", "filings_date": "2020-10-23", "url": "https://www.sec.gov/Archives/edgar/data/0001786352/000120919120055714/xslF345X03/doc4.xml"}, {"form_type": "DEFA14A", "filings_date": "2020-10-19", "url": "https://www.sec.gov/Archives/edgar/data/0001786352/000119312520272076/d73886ddefa14a.htm"}, {"form_type": "DEF 14A", "filings_date": "2020-10-19", "url": "https://www.sec.gov/Archives/edgar/data/0001786352/000119312520272069/d85146ddef14a.htm"}, {"form_type": "4", "filings_date": "2020-10-16", "url": "https://www.sec.gov/Archives/edgar/data/0001786352/000120919120055106/xslF345X03/doc4.xml"}, {"form_type": "4", "filings_date": "2020-10-15", "url": "https://www.sec.gov/Archives/edgar/data/0001786352/000120919120054924/xslF345X03/doc4.xml"}, {"form_type": "SC 13G", "filings_date": "2020-10-13", "url": "https://www.sec.gov/Archives/edgar/data/0001786352/000008025520001677/bill13gsep20.txt"}, {"form_type": "4", "filings_date": "2020-10-07", "url": "https://www.sec.gov/Archives/edgar/data/0001786352/000120919120054146/xslF345X03/doc4.xml"}, {"form_type": "4", "filings_date": "2020-10-05", "url": "https://www.sec.gov/Archives/edgar/data/0001786352/000120919120053803/xslF345X03/doc4.xml"}, {"form_type": "4", "filings_date": "2020-10-05", "url": "https://www.sec.gov/Archives/edgar/data/0001786352/000120919120053783/xslF345X03/doc4.xml"}, {"form_type": "4", "filings_date": "2020-10-05", "url": "https://www.sec.gov/Archives/edgar/data/0001786352/000120919120053772/xslF345X03/doc4.xml"}, {"form_type": "4", "filings_date": "2020-10-05", "url": "https://www.sec.gov/Archives/edgar/data/0001786352/000120919120053763/xslF345X03/doc4.xml"}, {"form_type": "4", "filings_date": "2020-10-05", "url": "https://www.sec.gov/Archives/edgar/data/0001786352/000120919120053756/xslF345X03/doc4.xml"}, {"form_type": "4", "filings_date": "2020-10-05", "url": "https://www.sec.gov/Archives/edgar/data/0001786352/000120919120053750/xslF345X03/doc4.xml"}, {"form_type": "4", "filings_date": "2020-10-02", "url": "https://www.sec.gov/Archives/edgar/data/0001786352/000120919120053252/xslF345X03/doc4.xml"}, {"form_type": "4", "filings_date": "2020-10-01", "url": "https://www.sec.gov/Archives/edgar/data/0001786352/000120919120052673/xslF345X03/doc4.xml"}, {"form_type": "3", "filings_date": "2020-10-01", "url": "https://www.sec.gov/Archives/edgar/data/0001786352/000120919120052672/xslF345X02/doc3.xml"}, {"form_type": "4", "filings_date": "2020-10-01", "url": "https://www.sec.gov/Archives/edgar/data/0001786352/000120919120052667/xslF345X03/doc4.xml"}, {"form_type": "3", "filings_date": "2020-10-01", "url": "https://www.sec.gov/Archives/edgar/data/0001786352/000120919120052663/xslF345X02/doc3.xml"}, {"form_type": "4", "filings_date": "2020-09-30", "url": "https://www.sec.gov/Archives/edgar/data/0001786352/000120919120052510/xslF345X03/doc4.xml"}, {"form_type": "4", "filings_date": "2020-09-30", "url": "https://www.sec.gov/Archives/edgar/data/0001786352/000120919120052507/xslF345X03/doc4.xml"}, {"form_type": "8-K", "filings_date": "2020-09-30", "url": "https://www.sec.gov/Archives/edgar/data/0001786352/000119312520258736/d11797d8k.htm"}, {"form_type": "4", "filings_date": "2020-09-17", "url": "https://www.sec.gov/Archives/edgar/data/0001786352/000120919120051025/xslF345X03/doc4.xml"}, {"form_type": "4", "filings_date": "2020-09-17", "url": "https://www.sec.gov/Archives/edgar/data/0001786352/000120919120051023/xslF345X03/doc4.xml"}, {"form_type": "3", "filings_date": "2020-09-15", "url": "https://www.sec.gov/Archives/edgar/data/0001786352/000120919120050587/xslF345X02/doc3.xml"}, {"form_type": "4", "filings_date": "2020-09-11", "url": "https://www.sec.gov/Archives/edgar/data/0001786352/000120919120050171/xslF345X03/doc4.xml"}, {"form_type": "4", "filings_date": "2020-09-10", "url": "https://www.sec.gov/Archives/edgar/data/0001786352/000120919120050059/xslF345X03/doc4.xml"}, {"form_type": "4", "filings_date": "2020-09-09", "url": "https://www.sec.gov/Archives/edgar/data/0001786352/000120919120049860/xslF345X03/doc4.xml"}, {"form_type": "4", "filings_date": "2020-09-04", "url": "https://www.sec.gov/Archives/edgar/data/0001786352/000120919120049648/xslF345X03/doc4.xml"}, {"form_type": "4", "filings_date": "2020-09-04", "url": "https://www.sec.gov/Archives/edgar/data/0001786352/000120919120049647/xslF345X03/doc4.xml"}, {"form_type": "4", "filings_date": "2020-09-03", "url": "https://www.sec.gov/Archives/edgar/data/0001786352/000120919120049581/xslF345X03/doc4.xml"}, {"form_type": "4", "filings_date": "2020-09-03", "url": "https://www.sec.gov/Archives/edgar/data/0001786352/000120919120049579/xslF345X03/doc4.xml"}, {"form_type": "4", "filings_date": "2020-09-03", "url": "https://www.sec.gov/Archives/edgar/data/0001786352/000120919120049529/xslF345X03/doc4.xml"}, {"form_type": "4", "filings_date": "2020-09-02", "url": "https://www.sec.gov/Archives/edgar/data/0001786352/000120919120049176/xslF345X03/doc4.xml"}, {"form_type": "4", "filings_date": "2020-09-02", "url": "https://www.sec.gov/Archives/edgar/data/0001786352/000120919120049172/xslF345X03/doc4.xml"}, {"form_type": "4", "filings_date": "2020-09-01", "url": "https://www.sec.gov/Archives/edgar/data/0001786352/000120919120048958/xslF345X03/doc4.xml"}, {"form_type": "4", "filings_date": "2020-09-01", "url": "https://www.sec.gov/Archives/edgar/data/0001786352/000120919120048954/xslF345X03/doc4.xml"}, {"form_type": "4", "filings_date": "2020-09-01", "url": "https://www.sec.gov/Archives/edgar/data/0001786352/000120919120048953/xslF345X03/doc4.xml"}, {"form_type": "4", "filings_date": "2020-09-01", "url": "https://www.sec.gov/Archives/edgar/data/0001786352/000120919120048947/xslF345X03/doc4.xml"}, {"form_type": "4", "filings_date": "2020-09-01", "url": "https://www.sec.gov/Archives/edgar/data/0001786352/000120919120048946/xslF345X03/doc4.xml"}, {"form_type": "4", "filings_date": "2020-09-01", "url": "https://www.sec.gov/Archives/edgar/data/0001786352/000120919120048945/xslF345X03/doc4.xml"}, {"form_type": "4", "filings_date": "2020-09-01", "url": "https://www.sec.gov/Archives/edgar/data/0001786352/000120919120048944/xslF345X03/doc4.xml"}, {"form_type": "10-K", "filings_date": "2020-08-31", "url": "https://www.sec.gov/Archives/edgar/data/0001786352/000156459020041865/bill-10k_20200630.htm"}, {"form_type": "4", "filings_date": "2020-08-27", "url": "https://www.sec.gov/Archives/edgar/data/0001786352/000120919120048540/xslF345X03/doc4.xml"}, {"form_type": "8-K", "filings_date": "2020-08-27", "url": "https://www.sec.gov/Archives/edgar/data/0001786352/000119312520233136/d38765d8k.htm"}, {"form_type": "4", "filings_date": "2020-08-19", "url": "https://www.sec.gov/Archives/edgar/data/0001786352/000120919120047653/xslF345X03/doc4.xml"}, {"form_type": "4", "filings_date": "2020-08-18", "url": "https://www.sec.gov/Archives/edgar/data/0001786352/000120919120047217/xslF345X03/doc4.xml"}, {"form_type": "4", "filings_date": "2020-08-06", "url": "https://www.sec.gov/Archives/edgar/data/0001786352/000120919120045514/xslF345X03/doc4.xml"}, {"form_type": "4", "filings_date": "2020-08-05", "url": "https://www.sec.gov/Archives/edgar/data/0001786352/000120919120045253/xslF345X03/doc4.xml"}, {"form_type": "4", "filings_date": "2020-07-23", "url": "https://www.sec.gov/Archives/edgar/data/0001786352/000120919120043503/xslF345X03/doc4.xml"}, {"form_type": "4", "filings_date": "2020-07-22", "url": "https://www.sec.gov/Archives/edgar/data/0001786352/000120919120043332/xslF345X03/doc4.xml"}, {"form_type": "4", "filings_date": "2020-07-17", "url": "https://www.sec.gov/Archives/edgar/data/0001786352/000120919120042936/xslF345X03/doc4.xml"}, {"form_type": "4", "filings_date": "2020-07-17", "url": "https://www.sec.gov/Archives/edgar/data/0001786352/000120919120042931/xslF345X03/doc4.xml"}, {"form_type": "4", "filings_date": "2020-07-09", "url": "https://www.sec.gov/Archives/edgar/data/0001786352/000120919120042009/xslF345X03/doc4.xml"}, {"form_type": "4", "filings_date": "2020-07-08", "url": "https://www.sec.gov/Archives/edgar/data/0001786352/000120919120041812/xslF345X03/doc4.xml"}, {"form_type": "4", "filings_date": "2020-07-02", "url": "https://www.sec.gov/Archives/edgar/data/0001786352/000120919120040658/xslF345X03/doc4.xml"}, {"form_type": "4", "filings_date": "2020-07-02", "url": "https://www.sec.gov/Archives/edgar/data/0001786352/000120919120040657/xslF345X03/doc4.xml"}, {"form_type": "4", "filings_date": "2020-07-02", "url": "https://www.sec.gov/Archives/edgar/data/0001786352/000120919120040655/xslF345X03/doc4.xml"}, {"form_type": "4", "filings_date": "2020-07-02", "url": "https://www.sec.gov/Archives/edgar/data/0001786352/000120919120040650/xslF345X03/doc4.xml"}, {"form_type": "4", "filings_date": "2020-07-02", "url": "https://www.sec.gov/Archives/edgar/data/0001786352/000120919120040633/xslF345X03/doc4.xml"}, {"form_type": "4", "filings_date": "2020-07-02", "url": "https://www.sec.gov/Archives/edgar/data/0001786352/000120919120040631/xslF345X03/doc4.xml"}, {"form_type": "4", "filings_date": "2020-07-02", "url": "https://www.sec.gov/Archives/edgar/data/0001786352/000120919120040628/xslF345X03/doc4.xml"}, {"form_type": "4", "filings_date": "2020-06-25", "url": "https://www.sec.gov/Archives/edgar/data/0001786352/000120919120038983/xslF345X03/doc4.xml"}, {"form_type": "4", "filings_date": "2020-06-25", "url": "https://www.sec.gov/Archives/edgar/data/0001786352/000120919120038981/xslF345X03/doc4.xml"}, {"form_type": "4", "filings_date": "2020-06-25", "url": "https://www.sec.gov/Archives/edgar/data/0001786352/000120919120038980/xslF345X03/doc4.xml"}, {"form_type": "4", "filings_date": "2020-06-24", "url": "https://www.sec.gov/Archives/edgar/data/0001786352/000120919120038784/xslF345X03/doc4.xml"}, {"form_type": "4", "filings_date": "2020-06-17", "url": "https://www.sec.gov/Archives/edgar/data/0001786352/000120919120037465/xslF345X03/doc4.xml"}, {"form_type": "8-K", "filings_date": "2020-06-17", "url": "https://www.sec.gov/Archives/edgar/data/0001786352/000119312520171450/d907037d8k.htm"}, {"form_type": "4", "filings_date": "2020-06-17", "url": "https://www.sec.gov/Archives/edgar/data/0001786352/000120919120037326/xslF345X03/doc4.xml"}, {"form_type": "4", "filings_date": "2020-06-17", "url": "https://www.sec.gov/Archives/edgar/data/0001786352/000120919120037315/xslF345X03/doc4.xml"}, {"form_type": "4", "filings_date": "2020-06-17", "url": "https://www.sec.gov/Archives/edgar/data/0001786352/000120919120037304/xslF345X03/doc4.xml"}, {"form_type": "4", "filings_date": "2020-06-17", "url": "https://www.sec.gov/Archives/edgar/data/0001786352/000120919120037297/xslF345X03/doc4.xml"}, {"form_type": "4", "filings_date": "2020-06-17", "url": "https://www.sec.gov/Archives/edgar/data/0001786352/000120919120037288/xslF345X03/doc4.xml"}, {"form_type": "4", "filings_date": "2020-06-17", "url": "https://www.sec.gov/Archives/edgar/data/0001786352/000120919120037285/xslF345X03/doc4.xml"}, {"form_type": "4", "filings_date": "2020-06-12", "url": "https://www.sec.gov/Archives/edgar/data/0001786352/000120919120036430/xslF345X03/doc4.xml"}, {"form_type": "4", "filings_date": "2020-06-12", "url": "https://www.sec.gov/Archives/edgar/data/0001786352/000120919120036429/xslF345X03/doc4.xml"}, {"form_type": "4", "filings_date": "2020-06-12", "url": "https://www.sec.gov/Archives/edgar/data/0001786352/000120919120036428/xslF345X03/doc4.xml"}, {"form_type": "424B4", "filings_date": "2020-06-11", "url": "https://www.sec.gov/Archives/edgar/data/0001786352/000119312520166630/d830420d424b4.htm"}, {"form_type": "EFFECT", "filings_date": "2020-06-10", "url": "https://www.sec.gov/Archives/edgar/data/0001786352/999999999520001393/xslEFFECTX01/primary_doc.xml"}, {"form_type": "S-1MEF", "filings_date": "2020-06-10", "url": "https://www.sec.gov/Archives/edgar/data/0001786352/000119312520165879/d940547ds1mef.htm"}, {"form_type": "8-K", "filings_date": "2020-06-10", "url": "https://www.sec.gov/Archives/edgar/data/0001786352/000119312520165786/d930502d8k.htm"}, {"form_type": "CORRESP", "filings_date": "2020-06-08", "url": "https://www.sec.gov/Archives/edgar/data/0001786352/000119312520163710/filename1.htm"}, {"form_type": "CORRESP", "filings_date": "2020-06-08", "url": "https://www.sec.gov/Archives/edgar/data/0001786352/000119312520163709/filename1.htm"}, {"form_type": "S-1", "filings_date": "2020-06-08", "url": "https://www.sec.gov/Archives/edgar/data/0001786352/000119312520163549/d830420ds1.htm"}, {"form_type": "UPLOAD", "filings_date": "2020-06-08", "url": "https://www.sec.gov/Archives/edgar/data/0001786352/000000000020005078/filename1.pdf"}, {"form_type": "4", "filings_date": "2020-06-05", "url": "https://www.sec.gov/Archives/edgar/data/0001786352/000120919120034717/xslF345X03/doc4.xml"}, {"form_type": "DRS", "filings_date": "2020-06-05", "url": "https://www.sec.gov/Archives/edgar/data/0001786352/000095012320005990/filename1.htm"}, {"form_type": "4", "filings_date": "2020-06-03", "url": "https://www.sec.gov/Archives/edgar/data/0001786352/000120919120034081/xslF345X03/doc4.xml"}, {"form_type": "4", "filings_date": "2020-06-02", "url": "https://www.sec.gov/Archives/edgar/data/0001786352/000120919120033640/xslF345X03/doc4.xml"}, {"form_type": "4", "filings_date": "2020-06-01", "url": "https://www.sec.gov/Archives/edgar/data/0001786352/000120919120033260/xslF345X03/doc4.xml"}, {"form_type": "4", "filings_date": "2020-06-01", "url": "https://www.sec.gov/Archives/edgar/data/0001786352/000120919120033258/xslF345X03/doc4.xml"}, {"form_type": "4", "filings_date": "2020-06-01", "url": "https://www.sec.gov/Archives/edgar/data/0001786352/000120919120033255/xslF345X03/doc4.xml"}, {"form_type": "4", "filings_date": "2020-06-01", "url": "https://www.sec.gov/Archives/edgar/data/0001786352/000120919120033254/xslF345X03/doc4.xml"}, {"form_type": "4", "filings_date": "2020-06-01", "url": "https://www.sec.gov/Archives/edgar/data/0001786352/000120919120033250/xslF345X03/doc4.xml"}, {"form_type": "4", "filings_date": "2020-05-29", "url": "https://www.sec.gov/Archives/edgar/data/0001786352/000120919120032983/xslF345X03/doc4.xml"}, {"form_type": "4", "filings_date": "2020-05-29", "url": "https://www.sec.gov/Archives/edgar/data/0001786352/000120919120032980/xslF345X03/doc4.xml"}, {"form_type": "4", "filings_date": "2020-05-28", "url": "https://www.sec.gov/Archives/edgar/data/0001786352/000120919120032771/xslF345X03/doc4.xml"}, {"form_type": "4", "filings_date": "2020-05-28", "url": "https://www.sec.gov/Archives/edgar/data/0001786352/000120919120032765/xslF345X03/doc4.xml"}, {"form_type": "4", "filings_date": "2020-05-28", "url": "https://www.sec.gov/Archives/edgar/data/0001786352/000120919120032761/xslF345X03/doc4.xml"}, {"form_type": "4", "filings_date": "2020-05-28", "url": "https://www.sec.gov/Archives/edgar/data/0001786352/000120919120032760/xslF345X03/doc4.xml"}, {"form_type": "3/A", "filings_date": "2020-05-28", "url": "https://www.sec.gov/Archives/edgar/data/0001786352/000120919120032756/xslF345X02/doc3a.xml"}, {"form_type": "3/A", "filings_date": "2020-05-28", "url": "https://www.sec.gov/Archives/edgar/data/0001786352/000120919120032755/xslF345X02/doc3a.xml"}, {"form_type": "4", "filings_date": "2020-05-28", "url": "https://www.sec.gov/Archives/edgar/data/0001786352/000120919120032753/xslF345X03/doc4.xml"}, {"form_type": "4", "filings_date": "2020-05-28", "url": "https://www.sec.gov/Archives/edgar/data/0001786352/000120919120032752/xslF345X03/doc4.xml"}, {"form_type": "4", "filings_date": "2020-05-28", "url": "https://www.sec.gov/Archives/edgar/data/0001786352/000120919120032751/xslF345X03/doc4.xml"}, {"form_type": "4", "filings_date": "2020-05-28", "url": "https://www.sec.gov/Archives/edgar/data/0001786352/000120919120032750/xslF345X03/doc4.xml"}, {"form_type": "4", "filings_date": "2020-05-28", "url": "https://www.sec.gov/Archives/edgar/data/0001786352/000120919120032749/xslF345X03/doc4.xml"}, {"form_type": "8-K", "filings_date": "2020-05-22", "url": "https://www.sec.gov/Archives/edgar/data/0001786352/000119312520149887/d860004d8k.htm"}, {"form_type": "10-Q", "filings_date": "2020-05-08", "url": "https://www.sec.gov/Archives/edgar/data/0001786352/000156459020023546/bill-10q_20200331.htm"}, {"form_type": "8-K", "filings_date": "2020-05-07", "url": "https://www.sec.gov/Archives/edgar/data/0001786352/000119312520136292/d918847d8k.htm"}, {"form_type": "SC 13G", "filings_date": "2020-04-22", "url": "https://www.sec.gov/Archives/edgar/data/0001786352/000119312520115067/d923895dsc13g.htm"}, {"form_type": "4", "filings_date": "2020-04-03", "url": "https://www.sec.gov/Archives/edgar/data/0001786352/000120919120023403/xslF345X03/doc4.xml"}, {"form_type": "4", "filings_date": "2020-04-03", "url": "https://www.sec.gov/Archives/edgar/data/0001786352/000120919120023380/xslF345X03/doc4.xml"}, {"form_type": "4", "filings_date": "2020-04-03", "url": "https://www.sec.gov/Archives/edgar/data/0001786352/000120919120023363/xslF345X03/doc4.xml"}, {"form_type": "4", "filings_date": "2020-04-03", "url": "https://www.sec.gov/Archives/edgar/data/0001786352/000120919120023337/xslF345X03/doc4.xml"}, {"form_type": "4", "filings_date": "2020-04-03", "url": "https://www.sec.gov/Archives/edgar/data/0001786352/000120919120023305/xslF345X03/doc4.xml"}, {"form_type": "4", "filings_date": "2020-04-03", "url": "https://www.sec.gov/Archives/edgar/data/0001786352/000120919120023283/xslF345X03/doc4.xml"}, {"form_type": "4", "filings_date": "2020-02-21", "url": "https://www.sec.gov/Archives/edgar/data/0001786352/000120919120011647/xslF345X03/doc4.xml"}, {"form_type": "4", "filings_date": "2020-02-21", "url": "https://www.sec.gov/Archives/edgar/data/0001786352/000120919120011645/xslF345X03/doc4.xml"}, {"form_type": "4", "filings_date": "2020-02-21", "url": "https://www.sec.gov/Archives/edgar/data/0001786352/000120919120011641/xslF345X03/doc4.xml"}, {"form_type": "4", "filings_date": "2020-02-21", "url": "https://www.sec.gov/Archives/edgar/data/0001786352/000120919120011623/xslF345X03/doc4.xml"}, {"form_type": "4", "filings_date": "2020-02-21", "url": "https://www.sec.gov/Archives/edgar/data/0001786352/000120919120011618/xslF345X03/doc4.xml"}, {"form_type": "4", "filings_date": "2020-02-21", "url": "https://www.sec.gov/Archives/edgar/data/0001786352/000120919120011610/xslF345X03/doc4.xml"}, {"form_type": "SC 13G", "filings_date": "2020-02-13", "url": "https://www.sec.gov/Archives/edgar/data/0001786352/000119312520035606/d888800dsc13g.htm"}, {"form_type": "SC 13G", "filings_date": "2020-02-13", "url": "https://www.sec.gov/Archives/edgar/data/0001786352/000119312520035575/d665672dsc13g.htm"}, {"form_type": "10-Q", "filings_date": "2020-02-11", "url": "https://www.sec.gov/Archives/edgar/data/0001786352/000156459020004233/bill-10q_20191231.htm"}, {"form_type": "SC 13G", "filings_date": "2020-02-06", "url": "https://www.sec.gov/Archives/edgar/data/0001786352/000110465920012025/tm206987-1_sc13g.htm"}, {"form_type": "8-K", "filings_date": "2020-02-06", "url": "https://www.sec.gov/Archives/edgar/data/0001786352/000119312520026781/d851649d8k.htm"}, {"form_type": "SC 13G", "filings_date": "2020-02-05", "url": "https://www.sec.gov/Archives/edgar/data/0001786352/000110465920011134/tm206736-1_sc13g.htm"}, {"form_type": "8-K", "filings_date": "2020-01-06", "url": "https://www.sec.gov/Archives/edgar/data/0001786352/000119312520002209/d862824d8k.htm"}, {"form_type": "4", "filings_date": "2019-12-18", "url": "https://www.sec.gov/Archives/edgar/data/0001786352/000156761919023366/xslF345X03/doc1.xml"}, {"form_type": "4", "filings_date": "2019-12-18", "url": "https://www.sec.gov/Archives/edgar/data/0001786352/000156761919023363/xslF345X03/doc1.xml"}, {"form_type": "4", "filings_date": "2019-12-18", "url": "https://www.sec.gov/Archives/edgar/data/0001786352/000156761919023362/xslF345X03/doc1.xml"}, {"form_type": "4", "filings_date": "2019-12-18", "url": "https://www.sec.gov/Archives/edgar/data/0001786352/000156761919023359/xslF345X03/doc1.xml"}, {"form_type": "4", "filings_date": "2019-12-18", "url": "https://www.sec.gov/Archives/edgar/data/0001786352/000156761919023333/xslF345X03/doc1.xml"}, {"form_type": "4", "filings_date": "2019-12-18", "url": "https://www.sec.gov/Archives/edgar/data/0001786352/000156761919023332/xslF345X03/doc1.xml"}, {"form_type": "4", "filings_date": "2019-12-18", "url": "https://www.sec.gov/Archives/edgar/data/0001786352/000156761919023331/xslF345X03/doc1.xml"}, {"form_type": "4", "filings_date": "2019-12-18", "url": "https://www.sec.gov/Archives/edgar/data/0001786352/000156761919023330/xslF345X03/doc1.xml"}, {"form_type": "4", "filings_date": "2019-12-18", "url": "https://www.sec.gov/Archives/edgar/data/0001786352/000156761919023329/xslF345X03/doc1.xml"}, {"form_type": "S-8", "filings_date": "2019-12-12", "url": "https://www.sec.gov/Archives/edgar/data/0001786352/000119312519312024/d843133ds8.htm"}, {"form_type": "424B4", "filings_date": "2019-12-12", "url": "https://www.sec.gov/Archives/edgar/data/0001786352/000119312519312012/d710902d424b4.htm"}, {"form_type": "EFFECT", "filings_date": "2019-12-11", "url": "https://www.sec.gov/Archives/edgar/data/0001786352/999999999519002782/xslEFFECTX01/primary_doc.xml"}, {"form_type": "S-1MEF", "filings_date": "2019-12-11", "url": "https://www.sec.gov/Archives/edgar/data/0001786352/000119312519311839/d761022ds1mef.htm"}, {"form_type": "3", "filings_date": "2019-12-11", "url": "https://www.sec.gov/Archives/edgar/data/0001786352/000156761919022920/xslF345X02/doc1.xml"}, {"form_type": "3", "filings_date": "2019-12-11", "url": "https://www.sec.gov/Archives/edgar/data/0001786352/000156761919022919/xslF345X02/doc1.xml"}, {"form_type": "3", "filings_date": "2019-12-11", "url": "https://www.sec.gov/Archives/edgar/data/0001786352/000156761919022918/xslF345X02/doc1.xml"}, {"form_type": "3", "filings_date": "2019-12-11", "url": "https://www.sec.gov/Archives/edgar/data/0001786352/000156761919022917/xslF345X02/doc1.xml"}, {"form_type": "3", "filings_date": "2019-12-11", "url": "https://www.sec.gov/Archives/edgar/data/0001786352/000156761919022916/xslF345X02/doc1.xml"}, {"form_type": "3", "filings_date": "2019-12-11", "url": "https://www.sec.gov/Archives/edgar/data/0001786352/000156761919022915/xslF345X02/doc1.xml"}, {"form_type": "3", "filings_date": "2019-12-11", "url": "https://www.sec.gov/Archives/edgar/data/0001786352/000156761919022914/xslF345X02/doc1.xml"}, {"form_type": "3", "filings_date": "2019-12-11", "url": "https://www.sec.gov/Archives/edgar/data/0001786352/000156761919022913/xslF345X02/doc1.xml"}, {"form_type": "3", "filings_date": "2019-12-11", "url": "https://www.sec.gov/Archives/edgar/data/0001786352/000156761919022912/xslF345X02/doc1.xml"}, {"form_type": "3", "filings_date": "2019-12-11", "url": "https://www.sec.gov/Archives/edgar/data/0001786352/000156761919022911/xslF345X02/doc1.xml"}, {"form_type": "3", "filings_date": "2019-12-11", "url": "https://www.sec.gov/Archives/edgar/data/0001786352/000156761919022910/xslF345X02/doc1.xml"}, {"form_type": "3", "filings_date": "2019-12-11", "url": "https://www.sec.gov/Archives/edgar/data/0001786352/000156761919022909/xslF345X02/doc1.xml"}, {"form_type": "3", "filings_date": "2019-12-11", "url": "https://www.sec.gov/Archives/edgar/data/0001786352/000156761919022908/xslF345X02/doc1.xml"}, {"form_type": "3", "filings_date": "2019-12-11", "url": "https://www.sec.gov/Archives/edgar/data/0001786352/000156761919022907/xslF345X02/doc1.xml"}, {"form_type": "3", "filings_date": "2019-12-11", "url": "https://www.sec.gov/Archives/edgar/data/0001786352/000156761919022906/xslF345X02/doc1.xml"}, {"form_type": "S-1/A", "filings_date": "2019-12-10", "url": "https://www.sec.gov/Archives/edgar/data/0001786352/000119312519309671/d710902ds1a.htm"}, {"form_type": "CORRESP", "filings_date": "2019-12-09", "url": "https://www.sec.gov/Archives/edgar/data/0001786352/000119312519309254/filename1.htm"}, {"form_type": "CORRESP", "filings_date": "2019-12-09", "url": "https://www.sec.gov/Archives/edgar/data/0001786352/000119312519309244/filename1.htm"}, {"form_type": "CERT", "filings_date": "2019-12-06", "url": "https://www.sec.gov/Archives/edgar/data/0001786352/000087666119001228/BILL8A120619.pdf"}, {"form_type": "8-A12B", "filings_date": "2019-12-03", "url": "https://www.sec.gov/Archives/edgar/data/0001786352/000119312519305407/d818124d8a12b.htm"}, {"form_type": "S-1/A", "filings_date": "2019-12-02", "url": "https://www.sec.gov/Archives/edgar/data/0001786352/000119312519303670/d710902ds1a.htm"}, {"form_type": "CORRESP", "filings_date": "2019-11-20", "url": "https://www.sec.gov/Archives/edgar/data/0001786352/000119312519296804/filename1.htm"}, {"form_type": "CORRESP", "filings_date": "2019-11-20", "url": "https://www.sec.gov/Archives/edgar/data/0001786352/000119312519296802/filename1.htm"}, {"form_type": "UPLOAD", "filings_date": "2019-11-20", "url": "https://www.sec.gov/Archives/edgar/data/0001786352/000000000019015669/filename1.pdf"}, {"form_type": "CORRESP", "filings_date": "2019-11-15", "url": "https://www.sec.gov/Archives/edgar/data/0001786352/000119312519293358/filename1.htm"}, {"form_type": "S-1", "filings_date": "2019-11-15", "url": "https://www.sec.gov/Archives/edgar/data/0001786352/000119312519293348/d710902ds1.htm"}, {"form_type": "UPLOAD", "filings_date": "2019-11-12", "url": "https://www.sec.gov/Archives/edgar/data/0001786352/000000000019015413/filename1.pdf"}, {"form_type": "DRSLTR", "filings_date": "2019-11-01", "url": "https://www.sec.gov/Archives/edgar/data/0001786352/000095012319009966/filename1.htm"}, {"form_type": "DRS/A", "filings_date": "2019-11-01", "url": "https://www.sec.gov/Archives/edgar/data/0001786352/000095012319009965/filename1.htm"}, {"form_type": "UPLOAD", "filings_date": "2019-10-25", "url": "https://www.sec.gov/Archives/edgar/data/0001786352/000000000019014878/filename1.pdf"}, {"form_type": "DRSLTR", "filings_date": "2019-10-11", "url": "https://www.sec.gov/Archives/edgar/data/0001786352/000095012319009471/filename1.htm"}, {"form_type": "DRS/A", "filings_date": "2019-10-11", "url": "https://www.sec.gov/Archives/edgar/data/0001786352/000095012319009469/filename1.htm"}, {"form_type": "UPLOAD", "filings_date": "2019-10-03", "url": "https://www.sec.gov/Archives/edgar/data/0001786352/000000000019014278/filename1.pdf"}, {"form_type": "DRS", "filings_date": "2019-09-06", "url": "https://www.sec.gov/Archives/edgar/data/0001786352/000095012319008799/filename1.htm"}]}