{"company": {"cik": "0000849547", "name": "BLACK BOX CORP", "sic": "Computer Communications Equipment", "state_incorp": "DE", "ticker": "", "mailing_addr": "1000 PARK DRIVE, LAWRENCE, PA, 15055", "category": "", "fiscal_year_end": "31, March"}, "filings": [{"form_type": "SC 13G", "filings_date": "2019-02-12", "url": "https://www.sec.gov/Archives/edgar/data/0000849547/000103738919000011/bbox-13g_20181231.txt"}, {"form_type": "SC 13G/A", "filings_date": "2019-02-12", "url": "https://www.sec.gov/Archives/edgar/data/0000849547/000103779219000006/bbox13gafeb122019.txt"}, {"form_type": "SC 13G/A", "filings_date": "2019-02-08", "url": "https://www.sec.gov/Archives/edgar/data/0000849547/000125889719001321/dfs492.htm"}, {"form_type": "15-12G", "filings_date": "2019-01-17", "url": "https://www.sec.gov/Archives/edgar/data/0000849547/000119312519011424/d690259d1512g.htm"}, {"form_type": "4", "filings_date": "2019-01-09", "url": "https://www.sec.gov/Archives/edgar/data/0000849547/000084954719000009/xslF345X03/wf-form4_154705974653130.xml"}, {"form_type": "4", "filings_date": "2019-01-09", "url": "https://www.sec.gov/Archives/edgar/data/0000849547/000084954719000008/xslF345X03/wf-form4_154705969315966.xml"}, {"form_type": "4", "filings_date": "2019-01-09", "url": "https://www.sec.gov/Archives/edgar/data/0000849547/000084954719000007/xslF345X03/wf-form4_154705963399755.xml"}, {"form_type": "4", "filings_date": "2019-01-09", "url": "https://www.sec.gov/Archives/edgar/data/0000849547/000084954719000006/xslF345X03/wf-form4_154705957434751.xml"}, {"form_type": "4", "filings_date": "2019-01-09", "url": "https://www.sec.gov/Archives/edgar/data/0000849547/000084954719000005/xslF345X03/wf-form4_154705951995842.xml"}, {"form_type": "4", "filings_date": "2019-01-09", "url": "https://www.sec.gov/Archives/edgar/data/0000849547/000084954719000004/xslF345X03/wf-form4_154705946564374.xml"}, {"form_type": "4", "filings_date": "2019-01-09", "url": "https://www.sec.gov/Archives/edgar/data/0000849547/000084954719000003/xslF345X03/wf-form4_154705939465542.xml"}, {"form_type": "4", "filings_date": "2019-01-09", "url": "https://www.sec.gov/Archives/edgar/data/0000849547/000084954719000002/xslF345X03/wf-form4_154705932707108.xml"}, {"form_type": "S-8 POS", "filings_date": "2019-01-07", "url": "https://www.sec.gov/Archives/edgar/data/0000849547/000119312519003857/d683549ds8pos.htm"}, {"form_type": "S-8 POS", "filings_date": "2019-01-07", "url": "https://www.sec.gov/Archives/edgar/data/0000849547/000119312519003851/d683549ds8pos.htm"}, {"form_type": "S-8 POS", "filings_date": "2019-01-07", "url": "https://www.sec.gov/Archives/edgar/data/0000849547/000119312519003847/d683549ds8pos.htm"}, {"form_type": "25-NSE", "filings_date": "2019-01-07", "url": "https://www.sec.gov/Archives/edgar/data/0000849547/000135445719000015/xslF25X02/primary_doc.xml"}, {"form_type": "S-8 POS", "filings_date": "2019-01-07", "url": "https://www.sec.gov/Archives/edgar/data/0000849547/000119312519003841/d683549ds8pos.htm"}, {"form_type": "S-8 POS", "filings_date": "2019-01-07", "url": "https://www.sec.gov/Archives/edgar/data/0000849547/000119312519003836/d683549ds8pos.htm"}, {"form_type": "S-8 POS", "filings_date": "2019-01-07", "url": "https://www.sec.gov/Archives/edgar/data/0000849547/000119312519003837/d683549ds8pos.htm"}, {"form_type": "S-8 POS", "filings_date": "2019-01-07", "url": "https://www.sec.gov/Archives/edgar/data/0000849547/000119312519003832/d683549ds8pos.htm"}, {"form_type": "S-8 POS", "filings_date": "2019-01-07", "url": "https://www.sec.gov/Archives/edgar/data/0000849547/000119312519003831/d683549ds8pos.htm"}, {"form_type": "S-8 POS", "filings_date": "2019-01-07", "url": "https://www.sec.gov/Archives/edgar/data/0000849547/000119312519003830/d683549ds8pos.htm"}, {"form_type": "S-8 POS", "filings_date": "2019-01-07", "url": "https://www.sec.gov/Archives/edgar/data/0000849547/000119312519003827/d683549ds8pos.htm"}, {"form_type": "S-8 POS", "filings_date": "2019-01-07", "url": "https://www.sec.gov/Archives/edgar/data/0000849547/000119312519003828/d683549ds8pos.htm"}, {"form_type": "S-8 POS", "filings_date": "2019-01-07", "url": "https://www.sec.gov/Archives/edgar/data/0000849547/000119312519003825/d683549ds8pos.htm"}, {"form_type": "S-8 POS", "filings_date": "2019-01-07", "url": "https://www.sec.gov/Archives/edgar/data/0000849547/000119312519003821/d683549ds8pos.htm"}, {"form_type": "S-8 POS", "filings_date": "2019-01-07", "url": "https://www.sec.gov/Archives/edgar/data/0000849547/000119312519003820/d683549ds8pos.htm"}, {"form_type": "S-8 POS", "filings_date": "2019-01-07", "url": "https://www.sec.gov/Archives/edgar/data/0000849547/000119312519003817/d683549ds8pos.htm"}, {"form_type": "S-8 POS", "filings_date": "2019-01-07", "url": "https://www.sec.gov/Archives/edgar/data/0000849547/000119312519003818/d683549ds8pos.htm"}, {"form_type": "S-8 POS", "filings_date": "2019-01-07", "url": "https://www.sec.gov/Archives/edgar/data/0000849547/000119312519003816/d683549ds8pos.htm"}, {"form_type": "S-8 POS", "filings_date": "2019-01-07", "url": "https://www.sec.gov/Archives/edgar/data/0000849547/000119312519003813/d683549ds8pos.htm"}, {"form_type": "S-8 POS", "filings_date": "2019-01-07", "url": "https://www.sec.gov/Archives/edgar/data/0000849547/000119312519003812/d683549ds8pos.htm"}, {"form_type": "S-8 POS", "filings_date": "2019-01-07", "url": "https://www.sec.gov/Archives/edgar/data/0000849547/000119312519003810/d683549ds8pos.htm"}, {"form_type": "S-8 POS", "filings_date": "2019-01-07", "url": "https://www.sec.gov/Archives/edgar/data/0000849547/000119312519003802/d683549ds8pos.htm"}, {"form_type": "8-K", "filings_date": "2019-01-07", "url": "https://www.sec.gov/Archives/edgar/data/0000849547/000119312519003796/d687503d8k.htm"}, {"form_type": "SC 14D9/A", "filings_date": "2019-01-07", "url": "https://www.sec.gov/Archives/edgar/data/0000849547/000119312519003395/d683813dsc14d9a.htm"}, {"form_type": "SC TO-T/A", "filings_date": "2019-01-07", "url": "https://www.sec.gov/Archives/edgar/data/0000849547/000119312519003387/d683390dsctota.htm"}, {"form_type": "SC 14D9/A", "filings_date": "2018-12-26", "url": "https://www.sec.gov/Archives/edgar/data/0000849547/000119312518357407/d677225dsc14d9a.htm"}, {"form_type": "SC 14D9/A", "filings_date": "2018-12-21", "url": "https://www.sec.gov/Archives/edgar/data/0000849547/000119312518356545/d680326dsc14d9a.htm"}, {"form_type": "8-K", "filings_date": "2018-12-21", "url": "https://www.sec.gov/Archives/edgar/data/0000849547/000119312518356326/d661626d8k.htm"}, {"form_type": "SC 14D9/A", "filings_date": "2018-12-20", "url": "https://www.sec.gov/Archives/edgar/data/0000849547/000119312518354543/d673168dsc14d9a.htm"}, {"form_type": "SC TO-T/A", "filings_date": "2018-12-20", "url": "https://www.sec.gov/Archives/edgar/data/0000849547/000119312518354462/d680174dsctota.htm"}, {"form_type": "8-K", "filings_date": "2018-12-20", "url": "https://www.sec.gov/Archives/edgar/data/0000849547/000119312518354005/d679271d8k.htm"}, {"form_type": "SC TO-T/A", "filings_date": "2018-12-04", "url": "https://www.sec.gov/Archives/edgar/data/0000849547/000119312518342232/d617260dsctota.htm"}, {"form_type": "SC 14D9/A", "filings_date": "2018-12-03", "url": "https://www.sec.gov/Archives/edgar/data/0000849547/000119312518341074/d666030dsc14d9a.htm"}, {"form_type": "SC 14D9/A", "filings_date": "2018-11-26", "url": "https://www.sec.gov/Archives/edgar/data/0000849547/000119312518333891/d661213dsc14d9a.htm"}, {"form_type": "SC 14D9", "filings_date": "2018-11-21", "url": "https://www.sec.gov/Archives/edgar/data/0000849547/000119312518332489/d652817dsc14d9.htm"}, {"form_type": "SC TO-T", "filings_date": "2018-11-21", "url": "https://www.sec.gov/Archives/edgar/data/0000849547/000119312518332477/d505816dsctot.htm"}, {"form_type": "4", "filings_date": "2018-11-19", "url": "https://www.sec.gov/Archives/edgar/data/0000849547/000084954718000074/xslF345X03/wf-form4_154267098879085.xml"}, {"form_type": "4", "filings_date": "2018-11-19", "url": "https://www.sec.gov/Archives/edgar/data/0000849547/000084954718000072/xslF345X03/wf-form4_154267079368544.xml"}, {"form_type": "10-Q", "filings_date": "2018-11-19", "url": "https://www.sec.gov/Archives/edgar/data/0000849547/000084954718000070/form10-q_masterx2q19.htm"}, {"form_type": "SC14D9C", "filings_date": "2018-11-19", "url": "https://www.sec.gov/Archives/edgar/data/0000849547/000119312518329773/d659642dsc14d9c.htm"}, {"form_type": "8-K", "filings_date": "2018-11-19", "url": "https://www.sec.gov/Archives/edgar/data/0000849547/000119312518329767/d659646d8k.htm"}, {"form_type": "8-K", "filings_date": "2018-11-16", "url": "https://www.sec.gov/Archives/edgar/data/0000849547/000084954718000067/form8-k_earningsxmasterx2q.htm"}, {"form_type": "NT 10-Q", "filings_date": "2018-11-14", "url": "https://www.sec.gov/Archives/edgar/data/0000849547/000084954718000063/form12b-25_18x11x14.htm"}, {"form_type": "SC TO-C", "filings_date": "2018-11-13", "url": "https://www.sec.gov/Archives/edgar/data/0000849547/000119312518324638/d657526dsctoc.htm"}, {"form_type": "SC14D9C", "filings_date": "2018-11-13", "url": "https://www.sec.gov/Archives/edgar/data/0000849547/000119312518324619/d652461dsc14d9c.htm"}, {"form_type": "8-K", "filings_date": "2018-11-13", "url": "https://www.sec.gov/Archives/edgar/data/0000849547/000119312518324606/d649802d8k.htm"}, {"form_type": "8-K", "filings_date": "2018-08-27", "url": "https://www.sec.gov/Archives/edgar/data/0000849547/000084954718000061/a8-k_augustaclosing.htm"}, {"form_type": "10-Q", "filings_date": "2018-08-21", "url": "https://www.sec.gov/Archives/edgar/data/0000849547/000084954718000057/form10-q_masterx1q19.htm"}, {"form_type": "8-K", "filings_date": "2018-08-20", "url": "https://www.sec.gov/Archives/edgar/data/0000849547/000084954718000052/a1504247821_3x8-kxaugustap.htm"}, {"form_type": "8-K", "filings_date": "2018-08-20", "url": "https://www.sec.gov/Archives/edgar/data/0000849547/000084954718000050/form8-k_earningsxmasterx1q.htm"}, {"form_type": "8-K", "filings_date": "2018-08-14", "url": "https://www.sec.gov/Archives/edgar/data/0000849547/000084954718000047/form8-kannualmeetingresult.htm"}, {"form_type": "NT 10-Q", "filings_date": "2018-08-14", "url": "https://www.sec.gov/Archives/edgar/data/0000849547/000084954718000045/form12b-25_18x08x14.htm"}, {"form_type": "SC 13G/A", "filings_date": "2018-08-10", "url": "https://www.sec.gov/Archives/edgar/data/0000849547/000031506618002172/filing.txt"}, {"form_type": "8-K", "filings_date": "2018-08-06", "url": "https://www.sec.gov/Archives/edgar/data/0000849547/000084954718000043/form8-k_18x08x06.htm"}, {"form_type": "DEF 14A", "filings_date": "2018-07-16", "url": "https://www.sec.gov/Archives/edgar/data/0000849547/000084954718000040/def_14axfy18.htm"}, {"form_type": "10-K", "filings_date": "2018-07-16", "url": "https://www.sec.gov/Archives/edgar/data/0000849547/000084954718000037/form10-k_masterx4q18.htm"}, {"form_type": "8-K", "filings_date": "2018-07-16", "url": "https://www.sec.gov/Archives/edgar/data/0000849547/000084954718000034/form8-k_earningsxmasterx4q.htm"}, {"form_type": "NT 10-K", "filings_date": "2018-07-02", "url": "https://www.sec.gov/Archives/edgar/data/0000849547/000084954718000032/form12b-25.htm"}, {"form_type": "8-K", "filings_date": "2018-07-02", "url": "https://www.sec.gov/Archives/edgar/data/0000849547/000084954718000030/form8-k_18x06x29.htm"}, {"form_type": "SD", "filings_date": "2018-05-31", "url": "https://www.sec.gov/Archives/edgar/data/0000849547/000084954718000027/formsd_cmrx2017.htm"}, {"form_type": "4", "filings_date": "2018-05-25", "url": "https://www.sec.gov/Archives/edgar/data/0000849547/000084954718000025/xslF345X03/wf-form4_152726076821766.xml"}, {"form_type": "4", "filings_date": "2018-05-25", "url": "https://www.sec.gov/Archives/edgar/data/0000849547/000084954718000023/xslF345X03/wf-form4_152726044306017.xml"}, {"form_type": "4", "filings_date": "2018-05-25", "url": "https://www.sec.gov/Archives/edgar/data/0000849547/000084954718000021/xslF345X03/wf-form4_152726025430632.xml"}, {"form_type": "4", "filings_date": "2018-05-25", "url": "https://www.sec.gov/Archives/edgar/data/0000849547/000084954718000019/xslF345X03/wf-form4_152726013411136.xml"}, {"form_type": "4", "filings_date": "2018-05-25", "url": "https://www.sec.gov/Archives/edgar/data/0000849547/000084954718000017/xslF345X03/wf-form4_152726004894533.xml"}, {"form_type": "4", "filings_date": "2018-05-25", "url": "https://www.sec.gov/Archives/edgar/data/0000849547/000084954718000015/xslF345X03/wf-form4_152725985945396.xml"}, {"form_type": "4", "filings_date": "2018-05-25", "url": "https://www.sec.gov/Archives/edgar/data/0000849547/000084954718000013/xslF345X03/wf-form4_152725963489353.xml"}, {"form_type": "4", "filings_date": "2018-05-25", "url": "https://www.sec.gov/Archives/edgar/data/0000849547/000084954718000011/xslF345X03/wf-form4_152725942938860.xml"}, {"form_type": "4", "filings_date": "2018-04-26", "url": "https://www.sec.gov/Archives/edgar/data/0000849547/000084954718000009/xslF345X03/wf-form4_152477253673653.xml"}, {"form_type": "8-K", "filings_date": "2018-03-28", "url": "https://www.sec.gov/Archives/edgar/data/0000849547/000084954718000007/form8-k_golonski.htm"}, {"form_type": "SC 13G/A", "filings_date": "2018-02-13", "url": "https://www.sec.gov/Archives/edgar/data/0000849547/000091957418001037/d7814196_13g-a.htm"}, {"form_type": "SC 13G/A", "filings_date": "2018-02-13", "url": "https://www.sec.gov/Archives/edgar/data/0000849547/000031506618001096/filing.txt"}, {"form_type": "SC 13G/A", "filings_date": "2018-02-12", "url": "https://www.sec.gov/Archives/edgar/data/0000849547/000093247118004586/blackboxcorp.htm"}, {"form_type": "SC 13G", "filings_date": "2018-02-09", "url": "https://www.sec.gov/Archives/edgar/data/0000849547/000103779218000016/bbox13gfeb092018.txt"}, {"form_type": "SC 13G/A", "filings_date": "2018-02-09", "url": "https://www.sec.gov/Archives/edgar/data/0000849547/000125889718001324/dfs468.htm"}, {"form_type": "10-Q", "filings_date": "2018-02-06", "url": "https://www.sec.gov/Archives/edgar/data/0000849547/000084954718000005/form10-q_masterx3q18.htm"}, {"form_type": "8-K", "filings_date": "2018-02-06", "url": "https://www.sec.gov/Archives/edgar/data/0000849547/000084954718000004/form8-k_earnings3q18.htm"}, {"form_type": "SC 13G/A", "filings_date": "2017-12-07", "url": "https://www.sec.gov/Archives/edgar/data/0000849547/000021545717008087/black.box.corp.txt"}, {"form_type": "8-K", "filings_date": "2017-11-22", "url": "https://www.sec.gov/Archives/edgar/data/0000849547/000084954717000090/form8-kceonovember2017.htm"}, {"form_type": "4", "filings_date": "2017-11-21", "url": "https://www.sec.gov/Archives/edgar/data/0000849547/000084954717000088/xslF345X03/wf-form4_151130147778681.xml"}, {"form_type": "10-Q", "filings_date": "2017-11-03", "url": "https://www.sec.gov/Archives/edgar/data/0000849547/000084954717000086/form10-q_masterx2q18.htm"}, {"form_type": "8-K", "filings_date": "2017-10-31", "url": "https://www.sec.gov/Archives/edgar/data/0000849547/000084954717000084/form8-k_earningsxmasterx2q.htm"}, {"form_type": "4", "filings_date": "2017-08-16", "url": "https://www.sec.gov/Archives/edgar/data/0000849547/000084954717000080/xslF345X03/wf-form4_150288884690041.xml"}, {"form_type": "8-K", "filings_date": "2017-08-14", "url": "https://www.sec.gov/Archives/edgar/data/0000849547/000084954717000078/blackboxform8-kannualmeeti.htm"}, {"form_type": "10-Q", "filings_date": "2017-08-10", "url": "https://www.sec.gov/Archives/edgar/data/0000849547/000084954717000075/form10-q_masterx1q18.htm"}, {"form_type": "8-K", "filings_date": "2017-08-10", "url": "https://www.sec.gov/Archives/edgar/data/0000849547/000084954717000073/form8-k_earningsxmasterx1q.htm"}, {"form_type": "SC 13G/A", "filings_date": "2017-07-07", "url": "https://www.sec.gov/Archives/edgar/data/0000849547/000001961717000458/BLACK_BOX_CORP.htm"}, {"form_type": "DEFA14A", "filings_date": "2017-06-29", "url": "https://www.sec.gov/Archives/edgar/data/0000849547/000084954717000066/defa_14ax2017.htm"}, {"form_type": "DEF 14A", "filings_date": "2017-06-29", "url": "https://www.sec.gov/Archives/edgar/data/0000849547/000084954717000065/def_14ax2017.htm"}, {"form_type": "SC 13G", "filings_date": "2017-06-09", "url": "https://www.sec.gov/Archives/edgar/data/0000849547/000091957417004809/d7505541_sc13g.htm"}, {"form_type": "8-K", "filings_date": "2017-05-31", "url": "https://www.sec.gov/Archives/edgar/data/0000849547/000084954717000061/form8-kx17_05x31xcomp.htm"}, {"form_type": "SD", "filings_date": "2017-05-31", "url": "https://www.sec.gov/Archives/edgar/data/0000849547/000084954717000059/formsd_cmrx2016.htm"}, {"form_type": "4", "filings_date": "2017-05-26", "url": "https://www.sec.gov/Archives/edgar/data/0000849547/000084954717000057/xslF345X03/wf-form4_149583022999859.xml"}, {"form_type": "4", "filings_date": "2017-05-26", "url": "https://www.sec.gov/Archives/edgar/data/0000849547/000084954717000055/xslF345X03/wf-form4_149583016010715.xml"}, {"form_type": "4", "filings_date": "2017-05-26", "url": "https://www.sec.gov/Archives/edgar/data/0000849547/000084954717000053/xslF345X03/wf-form4_149583005505794.xml"}, {"form_type": "4", "filings_date": "2017-05-26", "url": "https://www.sec.gov/Archives/edgar/data/0000849547/000084954717000051/xslF345X03/wf-form4_149582996973150.xml"}, {"form_type": "4", "filings_date": "2017-05-26", "url": "https://www.sec.gov/Archives/edgar/data/0000849547/000084954717000049/xslF345X03/wf-form4_149582985293009.xml"}, {"form_type": "4", "filings_date": "2017-05-26", "url": "https://www.sec.gov/Archives/edgar/data/0000849547/000084954717000047/xslF345X03/wf-form4_149582973623909.xml"}, {"form_type": "4", "filings_date": "2017-05-26", "url": "https://www.sec.gov/Archives/edgar/data/0000849547/000084954717000045/xslF345X03/wf-form4_149582961384328.xml"}, {"form_type": "4", "filings_date": "2017-05-26", "url": "https://www.sec.gov/Archives/edgar/data/0000849547/000084954717000043/xslF345X03/wf-form4_149582953957596.xml"}, {"form_type": "4", "filings_date": "2017-05-26", "url": "https://www.sec.gov/Archives/edgar/data/0000849547/000084954717000041/xslF345X03/wf-form4_149582942319034.xml"}, {"form_type": "4", "filings_date": "2017-05-26", "url": "https://www.sec.gov/Archives/edgar/data/0000849547/000084954717000039/xslF345X03/wf-form4_149582935320141.xml"}, {"form_type": "4", "filings_date": "2017-05-26", "url": "https://www.sec.gov/Archives/edgar/data/0000849547/000084954717000037/xslF345X03/wf-form4_149582925899952.xml"}, {"form_type": "4", "filings_date": "2017-05-16", "url": "https://www.sec.gov/Archives/edgar/data/0000849547/000084954717000035/xslF345X03/wf-form4_149497212644644.xml"}, {"form_type": "4", "filings_date": "2017-05-16", "url": "https://www.sec.gov/Archives/edgar/data/0000849547/000084954717000034/xslF345X03/wf-form4_149497209077528.xml"}, {"form_type": "10-K", "filings_date": "2017-05-11", "url": "https://www.sec.gov/Archives/edgar/data/0000849547/000084954717000031/form10-k_masterx4q17.htm"}, {"form_type": "8-K", "filings_date": "2017-05-09", "url": "https://www.sec.gov/Archives/edgar/data/0000849547/000084954717000028/form8-k_earningsxmasterx4q.htm"}, {"form_type": "4", "filings_date": "2017-04-26", "url": "https://www.sec.gov/Archives/edgar/data/0000849547/000084954717000026/xslF345X03/wf-form4_149322673875556.xml"}, {"form_type": "3", "filings_date": "2017-04-26", "url": "https://www.sec.gov/Archives/edgar/data/0000849547/000084954717000024/xslF345X02/wf-form3_149322659509507.xml"}, {"form_type": "8-K", "filings_date": "2017-04-24", "url": "https://www.sec.gov/Archives/edgar/data/0000849547/000084954717000022/form8-k.htm"}, {"form_type": "4", "filings_date": "2017-03-02", "url": "https://www.sec.gov/Archives/edgar/data/0000849547/000084954717000019/xslF345X03/wf-form4_148849236237167.xml"}, {"form_type": "SC 13G/A", "filings_date": "2017-02-14", "url": "https://www.sec.gov/Archives/edgar/data/0000849547/000031506617001488/filing.txt"}, {"form_type": "SC 13G", "filings_date": "2017-02-10", "url": "https://www.sec.gov/Archives/edgar/data/0000849547/000093247117001705/blackboxcorp.htm"}, {"form_type": "SC 13G/A", "filings_date": "2017-02-09", "url": "https://www.sec.gov/Archives/edgar/data/0000849547/000125889717001058/dfs260.htm"}, {"form_type": "10-Q", "filings_date": "2017-02-03", "url": "https://www.sec.gov/Archives/edgar/data/0000849547/000084954717000006/form10-q_masterx3q17.htm"}, {"form_type": "8-K", "filings_date": "2017-01-31", "url": "https://www.sec.gov/Archives/edgar/data/0000849547/000084954717000004/form8-k_earningsxmasterx3q.htm"}, {"form_type": "SC 13G", "filings_date": "2017-01-27", "url": "https://www.sec.gov/Archives/edgar/data/0000849547/000001961717000243/Black_Box_Corporation.HTM"}, {"form_type": "8-K", "filings_date": "2017-01-24", "url": "https://www.sec.gov/Archives/edgar/data/0000849547/000084954717000002/form8-k_massettiresignation.htm"}, {"form_type": "SC 13G/A", "filings_date": "2017-01-12", "url": "https://www.sec.gov/Archives/edgar/data/0000849547/000086931117000282/black.box.corp.txt"}]}