{"company": {"cik": "0001280058", "name": "BLACKBAUD INC", "sic": "Services-Prepackaged Software", "state_incorp": "DE", "ticker": "BLKB", "mailing_addr": "65 FAIRCHILD STREET, CHARLESTON, SC, 29492", "category": "Large accelerated filer", "fiscal_year_end": "31, December"}, "filings": [{"form_type": "4", "filings_date": "2022-03-18", "url": "https://www.sec.gov/Archives/edgar/data/0001280058/000120919122020106/xslF345X03/doc4.xml"}, {"form_type": "4", "filings_date": "2022-03-17", "url": "https://www.sec.gov/Archives/edgar/data/0001280058/000120919122019584/xslF345X03/doc4.xml"}, {"form_type": "4", "filings_date": "2022-03-03", "url": "https://www.sec.gov/Archives/edgar/data/0001280058/000120919122015700/xslF345X03/doc4.xml"}, {"form_type": "4", "filings_date": "2022-03-02", "url": "https://www.sec.gov/Archives/edgar/data/0001280058/000120919122015194/xslF345X03/doc4.xml"}, {"form_type": "4/A", "filings_date": "2022-03-02", "url": "https://www.sec.gov/Archives/edgar/data/0001280058/000120919122015192/xslF345X03/doc4a.xml"}, {"form_type": "4", "filings_date": "2022-03-02", "url": "https://www.sec.gov/Archives/edgar/data/0001280058/000120919122015189/xslF345X03/doc4.xml"}, {"form_type": "4/A", "filings_date": "2022-03-02", "url": "https://www.sec.gov/Archives/edgar/data/0001280058/000120919122015185/xslF345X03/doc4a.xml"}, {"form_type": "4", "filings_date": "2022-03-02", "url": "https://www.sec.gov/Archives/edgar/data/0001280058/000120919122015180/xslF345X03/doc4.xml"}, {"form_type": "4/A", "filings_date": "2022-03-02", "url": "https://www.sec.gov/Archives/edgar/data/0001280058/000120919122015178/xslF345X03/doc4a.xml"}, {"form_type": "4", "filings_date": "2022-03-02", "url": "https://www.sec.gov/Archives/edgar/data/0001280058/000120919122015176/xslF345X03/doc4.xml"}, {"form_type": "4/A", "filings_date": "2022-03-02", "url": "https://www.sec.gov/Archives/edgar/data/0001280058/000120919122015169/xslF345X03/doc4a.xml"}, {"form_type": "4", "filings_date": "2022-03-02", "url": "https://www.sec.gov/Archives/edgar/data/0001280058/000120919122015168/xslF345X03/doc4.xml"}, {"form_type": "4/A", "filings_date": "2022-03-02", "url": "https://www.sec.gov/Archives/edgar/data/0001280058/000120919122015167/xslF345X03/doc4a.xml"}, {"form_type": "4", "filings_date": "2022-03-02", "url": "https://www.sec.gov/Archives/edgar/data/0001280058/000120919122015165/xslF345X03/doc4.xml"}, {"form_type": "4/A", "filings_date": "2022-03-02", "url": "https://www.sec.gov/Archives/edgar/data/0001280058/000120919122015164/xslF345X03/doc4a.xml"}, {"form_type": "4", "filings_date": "2022-03-01", "url": "https://www.sec.gov/Archives/edgar/data/0001280058/000120919122014245/xslF345X03/doc4.xml"}, {"form_type": "10-K", "filings_date": "2022-03-01", "url": "https://www.sec.gov/Archives/edgar/data/0001280058/000128005822000010/blkb-20211231.htm"}, {"form_type": "4", "filings_date": "2022-02-25", "url": "https://www.sec.gov/Archives/edgar/data/0001280058/000120919122013429/xslF345X03/doc4.xml"}, {"form_type": "4", "filings_date": "2022-02-25", "url": "https://www.sec.gov/Archives/edgar/data/0001280058/000120919122013428/xslF345X03/doc4.xml"}, {"form_type": "4", "filings_date": "2022-02-25", "url": "https://www.sec.gov/Archives/edgar/data/0001280058/000120919122013427/xslF345X03/doc4.xml"}, {"form_type": "4", "filings_date": "2022-02-25", "url": "https://www.sec.gov/Archives/edgar/data/0001280058/000120919122013426/xslF345X03/doc4.xml"}, {"form_type": "4", "filings_date": "2022-02-25", "url": "https://www.sec.gov/Archives/edgar/data/0001280058/000120919122013425/xslF345X03/doc4.xml"}, {"form_type": "4", "filings_date": "2022-02-25", "url": "https://www.sec.gov/Archives/edgar/data/0001280058/000120919122013424/xslF345X03/doc4.xml"}, {"form_type": "8-K", "filings_date": "2022-02-22", "url": "https://www.sec.gov/Archives/edgar/data/0001280058/000128005822000007/blkb-20220222.htm"}, {"form_type": "4", "filings_date": "2022-02-15", "url": "https://www.sec.gov/Archives/edgar/data/0001280058/000120919122009943/xslF345X03/doc4.xml"}, {"form_type": "4", "filings_date": "2022-02-15", "url": "https://www.sec.gov/Archives/edgar/data/0001280058/000120919122009941/xslF345X03/doc4.xml"}, {"form_type": "4", "filings_date": "2022-02-15", "url": "https://www.sec.gov/Archives/edgar/data/0001280058/000120919122009939/xslF345X03/doc4.xml"}, {"form_type": "4", "filings_date": "2022-02-15", "url": "https://www.sec.gov/Archives/edgar/data/0001280058/000120919122009935/xslF345X03/doc4.xml"}, {"form_type": "4", "filings_date": "2022-02-15", "url": "https://www.sec.gov/Archives/edgar/data/0001280058/000120919122009931/xslF345X03/doc4.xml"}, {"form_type": "4", "filings_date": "2022-02-15", "url": "https://www.sec.gov/Archives/edgar/data/0001280058/000120919122009917/xslF345X03/doc4.xml"}, {"form_type": "4/A", "filings_date": "2022-02-15", "url": "https://www.sec.gov/Archives/edgar/data/0001280058/000120919122009877/xslF345X03/doc4a.xml"}, {"form_type": "4/A", "filings_date": "2022-02-15", "url": "https://www.sec.gov/Archives/edgar/data/0001280058/000120919122009873/xslF345X03/doc4a.xml"}, {"form_type": "4/A", "filings_date": "2022-02-15", "url": "https://www.sec.gov/Archives/edgar/data/0001280058/000120919122009866/xslF345X03/doc4a.xml"}, {"form_type": "4/A", "filings_date": "2022-02-15", "url": "https://www.sec.gov/Archives/edgar/data/0001280058/000120919122009861/xslF345X03/doc4a.xml"}, {"form_type": "4/A", "filings_date": "2022-02-15", "url": "https://www.sec.gov/Archives/edgar/data/0001280058/000120919122009854/xslF345X03/doc4a.xml"}, {"form_type": "4/A", "filings_date": "2022-02-15", "url": "https://www.sec.gov/Archives/edgar/data/0001280058/000120919122009847/xslF345X03/doc4a.xml"}, {"form_type": "SC 13G/A", "filings_date": "2022-02-14", "url": "https://www.sec.gov/Archives/edgar/data/0001280058/000139834422003238/fp0072368_sc13ga.htm"}, {"form_type": "SC 13G/A", "filings_date": "2022-02-14", "url": "https://www.sec.gov/Archives/edgar/data/0001280058/000090514822000270/efc22-140_sc13ga.htm"}, {"form_type": "SC 13G/A", "filings_date": "2022-02-10", "url": "https://www.sec.gov/Archives/edgar/data/0001280058/000127417322000021/blkb2102022.txt"}, {"form_type": "SC 13G/A", "filings_date": "2022-02-10", "url": "https://www.sec.gov/Archives/edgar/data/0001280058/000089542122000147/Blackbaud.txt"}, {"form_type": "SC 13G/A", "filings_date": "2022-02-09", "url": "https://www.sec.gov/Archives/edgar/data/0001280058/000110465922016651/tv0422-blackbaudinc.htm"}, {"form_type": "SC 13G/A", "filings_date": "2022-02-07", "url": "https://www.sec.gov/Archives/edgar/data/0001280058/000083423722007837/us09227q1004_020722.txt"}, {"form_type": "SC 13G", "filings_date": "2022-02-04", "url": "https://www.sec.gov/Archives/edgar/data/0001280058/000086917822000008/blackbaudinc13g.htm"}, {"form_type": "SC 13G/A", "filings_date": "2022-02-04", "url": "https://www.sec.gov/Archives/edgar/data/0001280058/000167885822000119/SEC13G_Filing.htm"}, {"form_type": "8-K", "filings_date": "2022-02-03", "url": "https://www.sec.gov/Archives/edgar/data/0001280058/000128005822000005/blkb-20220131.htm"}, {"form_type": "S-3ASR", "filings_date": "2022-01-14", "url": "https://www.sec.gov/Archives/edgar/data/0001280058/000114036122001752/ny20001953x1_s3asr.htm"}, {"form_type": "8-K", "filings_date": "2022-01-03", "url": "https://www.sec.gov/Archives/edgar/data/0001280058/000128005822000002/blkb-20211230.htm"}, {"form_type": "SC 13G/A", "filings_date": "2021-12-10", "url": "https://www.sec.gov/Archives/edgar/data/0001280058/000089542121000621/Blackbaud.txt"}, {"form_type": "4", "filings_date": "2021-11-16", "url": "https://www.sec.gov/Archives/edgar/data/0001280058/000120919121064841/xslF345X03/doc4.xml"}, {"form_type": "4", "filings_date": "2021-11-08", "url": "https://www.sec.gov/Archives/edgar/data/0001280058/000120919121063446/xslF345X03/doc4.xml"}, {"form_type": "4", "filings_date": "2021-11-08", "url": "https://www.sec.gov/Archives/edgar/data/0001280058/000120919121063444/xslF345X03/doc4.xml"}, {"form_type": "4", "filings_date": "2021-11-08", "url": "https://www.sec.gov/Archives/edgar/data/0001280058/000120919121063443/xslF345X03/doc4.xml"}, {"form_type": "4", "filings_date": "2021-11-08", "url": "https://www.sec.gov/Archives/edgar/data/0001280058/000120919121063442/xslF345X03/doc4.xml"}, {"form_type": "4", "filings_date": "2021-11-08", "url": "https://www.sec.gov/Archives/edgar/data/0001280058/000120919121063441/xslF345X03/doc4.xml"}, {"form_type": "4", "filings_date": "2021-11-08", "url": "https://www.sec.gov/Archives/edgar/data/0001280058/000120919121063436/xslF345X03/doc4.xml"}, {"form_type": "10-Q", "filings_date": "2021-11-04", "url": "https://www.sec.gov/Archives/edgar/data/0001280058/000128005821000049/blkb-20210930.htm"}, {"form_type": "8-K", "filings_date": "2021-11-03", "url": "https://www.sec.gov/Archives/edgar/data/0001280058/000128005821000046/blkb-20211103.htm"}, {"form_type": "8-K", "filings_date": "2021-10-14", "url": "https://www.sec.gov/Archives/edgar/data/0001280058/000128005821000043/blkb-20211012.htm"}, {"form_type": "4", "filings_date": "2021-10-05", "url": "https://www.sec.gov/Archives/edgar/data/0001280058/000120919121059355/xslF345X03/doc4.xml"}, {"form_type": "3", "filings_date": "2021-10-05", "url": "https://www.sec.gov/Archives/edgar/data/0001280058/000120919121059352/xslF345X02/doc3.xml"}, {"form_type": "4", "filings_date": "2021-09-28", "url": "https://www.sec.gov/Archives/edgar/data/0001280058/000120919121057960/xslF345X03/doc4.xml"}, {"form_type": "8-K", "filings_date": "2021-09-20", "url": "https://www.sec.gov/Archives/edgar/data/0001280058/000128005821000040/blkb-20210916.htm"}, {"form_type": "4", "filings_date": "2021-08-31", "url": "https://www.sec.gov/Archives/edgar/data/0001280058/000120919121054150/xslF345X03/doc4.xml"}, {"form_type": "4", "filings_date": "2021-08-26", "url": "https://www.sec.gov/Archives/edgar/data/0001280058/000120919121053497/xslF345X03/doc4.xml"}, {"form_type": "S-8 POS", "filings_date": "2021-08-20", "url": "https://www.sec.gov/Archives/edgar/data/0001280058/000128005821000037/a2021augusts-8pos.htm"}, {"form_type": "4", "filings_date": "2021-08-11", "url": "https://www.sec.gov/Archives/edgar/data/0001280058/000120919121050924/xslF345X03/doc4.xml"}, {"form_type": "10-Q", "filings_date": "2021-08-06", "url": "https://www.sec.gov/Archives/edgar/data/0001280058/000128005821000034/blkb-20210630.htm"}, {"form_type": "4", "filings_date": "2021-08-04", "url": "https://www.sec.gov/Archives/edgar/data/0001280058/000120919121049784/xslF345X03/doc4.xml"}, {"form_type": "4", "filings_date": "2021-08-04", "url": "https://www.sec.gov/Archives/edgar/data/0001280058/000120919121049782/xslF345X03/doc4.xml"}, {"form_type": "4", "filings_date": "2021-08-04", "url": "https://www.sec.gov/Archives/edgar/data/0001280058/000120919121049781/xslF345X03/doc4.xml"}, {"form_type": "4", "filings_date": "2021-08-04", "url": "https://www.sec.gov/Archives/edgar/data/0001280058/000120919121049780/xslF345X03/doc4.xml"}, {"form_type": "4", "filings_date": "2021-08-04", "url": "https://www.sec.gov/Archives/edgar/data/0001280058/000120919121049778/xslF345X03/doc4.xml"}, {"form_type": "4", "filings_date": "2021-08-04", "url": "https://www.sec.gov/Archives/edgar/data/0001280058/000120919121049776/xslF345X03/doc4.xml"}, {"form_type": "8-K", "filings_date": "2021-08-03", "url": "https://www.sec.gov/Archives/edgar/data/0001280058/000128005821000031/blkb-20210803.htm"}, {"form_type": "4", "filings_date": "2021-06-25", "url": "https://www.sec.gov/Archives/edgar/data/0001280058/000120919121043342/xslF345X03/doc4.xml"}, {"form_type": "4", "filings_date": "2021-06-21", "url": "https://www.sec.gov/Archives/edgar/data/0001280058/000120919121042050/xslF345X03/doc4.xml"}, {"form_type": "S-8", "filings_date": "2021-06-11", "url": "https://www.sec.gov/Archives/edgar/data/0001280058/000128005821000028/a2021junes-8.htm"}, {"form_type": "8-K", "filings_date": "2021-06-11", "url": "https://www.sec.gov/Archives/edgar/data/0001280058/000128005821000026/blkb-20210610.htm"}, {"form_type": "SC 13G", "filings_date": "2021-06-08", "url": "https://www.sec.gov/Archives/edgar/data/0001280058/000090514821000476/efc21-392_sc13g.htm"}, {"form_type": "4", "filings_date": "2021-06-04", "url": "https://www.sec.gov/Archives/edgar/data/0001280058/000120919121038295/xslF345X03/doc4.xml"}, {"form_type": "4", "filings_date": "2021-06-01", "url": "https://www.sec.gov/Archives/edgar/data/0001280058/000120919121036897/xslF345X03/doc4.xml"}, {"form_type": "4", "filings_date": "2021-05-10", "url": "https://www.sec.gov/Archives/edgar/data/0001280058/000120919121031361/xslF345X03/doc4.xml"}, {"form_type": "4", "filings_date": "2021-05-05", "url": "https://www.sec.gov/Archives/edgar/data/0001280058/000120919121030470/xslF345X03/doc4.xml"}, {"form_type": "4", "filings_date": "2021-05-05", "url": "https://www.sec.gov/Archives/edgar/data/0001280058/000120919121030469/xslF345X03/doc4.xml"}, {"form_type": "4", "filings_date": "2021-05-05", "url": "https://www.sec.gov/Archives/edgar/data/0001280058/000120919121030468/xslF345X03/doc4.xml"}, {"form_type": "4", "filings_date": "2021-05-05", "url": "https://www.sec.gov/Archives/edgar/data/0001280058/000120919121030467/xslF345X03/doc4.xml"}, {"form_type": "4", "filings_date": "2021-05-05", "url": "https://www.sec.gov/Archives/edgar/data/0001280058/000120919121030466/xslF345X03/doc4.xml"}, {"form_type": "4", "filings_date": "2021-05-05", "url": "https://www.sec.gov/Archives/edgar/data/0001280058/000120919121030465/xslF345X03/doc4.xml"}, {"form_type": "10-Q", "filings_date": "2021-05-04", "url": "https://www.sec.gov/Archives/edgar/data/0001280058/000128005821000021/blkb-20210331.htm"}, {"form_type": "4", "filings_date": "2021-04-30", "url": "https://www.sec.gov/Archives/edgar/data/0001280058/000120919121029348/xslF345X03/doc4.xml"}, {"form_type": "4", "filings_date": "2021-04-30", "url": "https://www.sec.gov/Archives/edgar/data/0001280058/000120919121029347/xslF345X03/doc4.xml"}, {"form_type": "8-K", "filings_date": "2021-04-28", "url": "https://www.sec.gov/Archives/edgar/data/0001280058/000128005821000017/blkb-20210428.htm"}, {"form_type": "DEFA14A", "filings_date": "2021-04-20", "url": "https://www.sec.gov/Archives/edgar/data/0001280058/000128005821000012/defa14a2021.htm"}, {"form_type": "DEF 14A", "filings_date": "2021-04-20", "url": "https://www.sec.gov/Archives/edgar/data/0001280058/000128005821000011/def14aapr2021.htm"}, {"form_type": "4", "filings_date": "2021-03-11", "url": "https://www.sec.gov/Archives/edgar/data/0001280058/000120919121019945/xslF345X03/doc4.xml"}, {"form_type": "4", "filings_date": "2021-03-05", "url": "https://www.sec.gov/Archives/edgar/data/0001280058/000120919121018259/xslF345X03/doc4.xml"}, {"form_type": "4", "filings_date": "2021-03-03", "url": "https://www.sec.gov/Archives/edgar/data/0001280058/000120919121016915/xslF345X03/doc4.xml"}, {"form_type": "4", "filings_date": "2021-03-01", "url": "https://www.sec.gov/Archives/edgar/data/0001280058/000120919121015377/xslF345X03/doc4.xml"}, {"form_type": "4", "filings_date": "2021-02-25", "url": "https://www.sec.gov/Archives/edgar/data/0001280058/000120919121014503/xslF345X03/doc4.xml"}, {"form_type": "4", "filings_date": "2021-02-25", "url": "https://www.sec.gov/Archives/edgar/data/0001280058/000120919121014500/xslF345X03/doc4.xml"}, {"form_type": "4", "filings_date": "2021-02-25", "url": "https://www.sec.gov/Archives/edgar/data/0001280058/000120919121014499/xslF345X03/doc4.xml"}, {"form_type": "4", "filings_date": "2021-02-23", "url": "https://www.sec.gov/Archives/edgar/data/0001280058/000120919121013252/xslF345X03/doc4.xml"}, {"form_type": "10-K", "filings_date": "2021-02-23", "url": "https://www.sec.gov/Archives/edgar/data/0001280058/000128005821000006/blkb-20201231.htm"}, {"form_type": "4", "filings_date": "2021-02-22", "url": "https://www.sec.gov/Archives/edgar/data/0001280058/000120919121012738/xslF345X03/doc4.xml"}, {"form_type": "3/A", "filings_date": "2021-02-18", "url": "https://www.sec.gov/Archives/edgar/data/0001280058/000120919121012003/xslF345X02/doc3a.xml"}, {"form_type": "4", "filings_date": "2021-02-18", "url": "https://www.sec.gov/Archives/edgar/data/0001280058/000120919121012001/xslF345X03/doc4.xml"}, {"form_type": "4", "filings_date": "2021-02-18", "url": "https://www.sec.gov/Archives/edgar/data/0001280058/000120919121011995/xslF345X03/doc4.xml"}, {"form_type": "4", "filings_date": "2021-02-18", "url": "https://www.sec.gov/Archives/edgar/data/0001280058/000120919121011988/xslF345X03/doc4.xml"}, {"form_type": "4", "filings_date": "2021-02-18", "url": "https://www.sec.gov/Archives/edgar/data/0001280058/000120919121011979/xslF345X03/doc4.xml"}, {"form_type": "4", "filings_date": "2021-02-18", "url": "https://www.sec.gov/Archives/edgar/data/0001280058/000120919121011973/xslF345X03/doc4.xml"}, {"form_type": "4", "filings_date": "2021-02-18", "url": "https://www.sec.gov/Archives/edgar/data/0001280058/000120919121011970/xslF345X03/doc4.xml"}, {"form_type": "4", "filings_date": "2021-02-12", "url": "https://www.sec.gov/Archives/edgar/data/0001280058/000120919121010248/xslF345X03/doc4.xml"}, {"form_type": "4", "filings_date": "2021-02-12", "url": "https://www.sec.gov/Archives/edgar/data/0001280058/000120919121010243/xslF345X03/doc4.xml"}, {"form_type": "4", "filings_date": "2021-02-12", "url": "https://www.sec.gov/Archives/edgar/data/0001280058/000120919121010238/xslF345X03/doc4.xml"}, {"form_type": "4", "filings_date": "2021-02-12", "url": "https://www.sec.gov/Archives/edgar/data/0001280058/000120919121010235/xslF345X03/doc4.xml"}, {"form_type": "4", "filings_date": "2021-02-12", "url": "https://www.sec.gov/Archives/edgar/data/0001280058/000120919121010233/xslF345X03/doc4.xml"}, {"form_type": "4", "filings_date": "2021-02-12", "url": "https://www.sec.gov/Archives/edgar/data/0001280058/000120919121010229/xslF345X03/doc4.xml"}, {"form_type": "SC 13G/A", "filings_date": "2021-02-12", "url": "https://www.sec.gov/Archives/edgar/data/0001280058/000139834421003209/fp0061792_sc13ga.htm"}, {"form_type": "SC 13G/A", "filings_date": "2021-02-12", "url": "https://www.sec.gov/Archives/edgar/data/0001280058/000131547821000027/BLKB_123120.txt"}, {"form_type": "SC 13G/A", "filings_date": "2021-02-12", "url": "https://www.sec.gov/Archives/edgar/data/0001280058/000094039421000332/blackbaud13ga14.txt"}, {"form_type": "SC 13G/A", "filings_date": "2021-02-11", "url": "https://www.sec.gov/Archives/edgar/data/0001280058/000127417321000038/blkb2102021.txt"}, {"form_type": "SC 13G/A", "filings_date": "2021-02-10", "url": "https://www.sec.gov/Archives/edgar/data/0001280058/000110465921017589/tv0377-blackbaudinc.htm"}, {"form_type": "SC 13G", "filings_date": "2021-02-08", "url": "https://www.sec.gov/Archives/edgar/data/0001280058/000114036121003741/brhc10019463_sc13g.htm"}, {"form_type": "8-K", "filings_date": "2021-02-08", "url": "https://www.sec.gov/Archives/edgar/data/0001280058/000128005821000003/blkb-20210208.htm"}, {"form_type": "SC 13G/A", "filings_date": "2021-02-03", "url": "https://www.sec.gov/Archives/edgar/data/0001280058/000090221921000077/SEC13G_Filing.htm"}, {"form_type": "SC 13G/A", "filings_date": "2021-01-27", "url": "https://www.sec.gov/Archives/edgar/data/0001280058/000083423721002140/us09227q1004_012621.txt"}, {"form_type": "3", "filings_date": "2021-01-11", "url": "https://www.sec.gov/Archives/edgar/data/0001280058/000120919121003043/xslF345X02/doc3.xml"}, {"form_type": "8-K", "filings_date": "2020-12-01", "url": "https://www.sec.gov/Archives/edgar/data/0001280058/000128005820000058/blkb-20201201.htm"}, {"form_type": "8-K", "filings_date": "2020-11-13", "url": "https://www.sec.gov/Archives/edgar/data/0001280058/000128005820000056/blkb-20201113.htm"}, {"form_type": "8-K", "filings_date": "2020-11-04", "url": "https://www.sec.gov/Archives/edgar/data/0001280058/000128005820000054/blkb-20201104.htm"}, {"form_type": "10-Q", "filings_date": "2020-11-03", "url": "https://www.sec.gov/Archives/edgar/data/0001280058/000128005820000052/blkb-20200930.htm"}, {"form_type": "8-K", "filings_date": "2020-10-29", "url": "https://www.sec.gov/Archives/edgar/data/0001280058/000128005820000049/blkb-20201029.htm"}, {"form_type": "8-K", "filings_date": "2020-10-28", "url": "https://www.sec.gov/Archives/edgar/data/0001280058/000128005820000047/blkb-20201028.htm"}, {"form_type": "8-K", "filings_date": "2020-09-29", "url": "https://www.sec.gov/Archives/edgar/data/0001280058/000128005820000044/blkb-20200929.htm"}, {"form_type": "8-K", "filings_date": "2020-08-19", "url": "https://www.sec.gov/Archives/edgar/data/0001280058/000128005820000042/blkb-20200813.htm"}, {"form_type": "4", "filings_date": "2020-08-05", "url": "https://www.sec.gov/Archives/edgar/data/0001280058/000120919120045235/xslF345X03/doc4.xml"}, {"form_type": "4", "filings_date": "2020-08-05", "url": "https://www.sec.gov/Archives/edgar/data/0001280058/000120919120045233/xslF345X03/doc4.xml"}, {"form_type": "4", "filings_date": "2020-08-05", "url": "https://www.sec.gov/Archives/edgar/data/0001280058/000120919120045231/xslF345X03/doc4.xml"}, {"form_type": "4", "filings_date": "2020-08-05", "url": "https://www.sec.gov/Archives/edgar/data/0001280058/000120919120045230/xslF345X03/doc4.xml"}, {"form_type": "4", "filings_date": "2020-08-05", "url": "https://www.sec.gov/Archives/edgar/data/0001280058/000120919120045229/xslF345X03/doc4.xml"}, {"form_type": "4", "filings_date": "2020-08-05", "url": "https://www.sec.gov/Archives/edgar/data/0001280058/000120919120045228/xslF345X03/doc4.xml"}, {"form_type": "10-Q", "filings_date": "2020-08-04", "url": "https://www.sec.gov/Archives/edgar/data/0001280058/000128005820000038/a2020q210-q.htm"}, {"form_type": "8-K", "filings_date": "2020-07-29", "url": "https://www.sec.gov/Archives/edgar/data/0001280058/000128005820000035/a2020q2form8-k.htm"}, {"form_type": "8-K", "filings_date": "2020-06-18", "url": "https://www.sec.gov/Archives/edgar/data/0001280058/000128005820000032/form8-kbbhqjun2020.htm"}, {"form_type": "8-K", "filings_date": "2020-06-11", "url": "https://www.sec.gov/Archives/edgar/data/0001280058/000128005820000029/form8-kvotingresultsju.htm"}, {"form_type": "DEFA14A", "filings_date": "2020-06-01", "url": "https://www.sec.gov/Archives/edgar/data/0001280058/000128005820000026/jun2020defa14astockholderl.htm"}, {"form_type": "10-Q", "filings_date": "2020-05-07", "url": "https://www.sec.gov/Archives/edgar/data/0001280058/000128005820000024/a2020q110-q.htm"}, {"form_type": "8-K", "filings_date": "2020-05-05", "url": "https://www.sec.gov/Archives/edgar/data/0001280058/000128005820000021/a2020q1form8-k.htm"}, {"form_type": "DEFA14A", "filings_date": "2020-04-21", "url": "https://www.sec.gov/Archives/edgar/data/0001280058/000128005820000017/defa14a2020.htm"}, {"form_type": "DEF 14A", "filings_date": "2020-04-21", "url": "https://www.sec.gov/Archives/edgar/data/0001280058/000128005820000016/def14aapr2020.htm"}, {"form_type": "8-K", "filings_date": "2020-04-06", "url": "https://www.sec.gov/Archives/edgar/data/0001280058/000128005820000013/form8-kcovidx19mar2020.htm"}, {"form_type": "4/A", "filings_date": "2020-03-03", "url": "https://www.sec.gov/Archives/edgar/data/0001280058/000120919120015214/xslF345X03/doc4a.xml"}, {"form_type": "4", "filings_date": "2020-02-27", "url": "https://www.sec.gov/Archives/edgar/data/0001280058/000120919120013460/xslF345X03/doc4.xml"}, {"form_type": "4", "filings_date": "2020-02-20", "url": "https://www.sec.gov/Archives/edgar/data/0001280058/000120919120011209/xslF345X03/doc4.xml"}, {"form_type": "4", "filings_date": "2020-02-20", "url": "https://www.sec.gov/Archives/edgar/data/0001280058/000120919120011207/xslF345X03/doc4.xml"}, {"form_type": "4", "filings_date": "2020-02-20", "url": "https://www.sec.gov/Archives/edgar/data/0001280058/000120919120011205/xslF345X03/doc4.xml"}, {"form_type": "4", "filings_date": "2020-02-20", "url": "https://www.sec.gov/Archives/edgar/data/0001280058/000120919120011204/xslF345X03/doc4.xml"}, {"form_type": "10-K", "filings_date": "2020-02-20", "url": "https://www.sec.gov/Archives/edgar/data/0001280058/000128005820000011/a201910-k.htm"}, {"form_type": "8-K", "filings_date": "2020-02-20", "url": "https://www.sec.gov/Archives/edgar/data/0001280058/000128005820000009/form8-kkightresignatio.htm"}, {"form_type": "4", "filings_date": "2020-02-18", "url": "https://www.sec.gov/Archives/edgar/data/0001280058/000120919120009875/xslF345X03/doc4.xml"}, {"form_type": "4", "filings_date": "2020-02-14", "url": "https://www.sec.gov/Archives/edgar/data/0001280058/000120919120009623/xslF345X03/doc4.xml"}, {"form_type": "4", "filings_date": "2020-02-14", "url": "https://www.sec.gov/Archives/edgar/data/0001280058/000120919120009620/xslF345X03/doc4.xml"}, {"form_type": "4/A", "filings_date": "2020-02-14", "url": "https://www.sec.gov/Archives/edgar/data/0001280058/000120919120009616/xslF345X03/doc4a.xml"}, {"form_type": "4", "filings_date": "2020-02-14", "url": "https://www.sec.gov/Archives/edgar/data/0001280058/000120919120009615/xslF345X03/doc4.xml"}, {"form_type": "4", "filings_date": "2020-02-14", "url": "https://www.sec.gov/Archives/edgar/data/0001280058/000120919120009613/xslF345X03/doc4.xml"}, {"form_type": "4", "filings_date": "2020-02-14", "url": "https://www.sec.gov/Archives/edgar/data/0001280058/000120919120009607/xslF345X03/doc4.xml"}, {"form_type": "4", "filings_date": "2020-02-14", "url": "https://www.sec.gov/Archives/edgar/data/0001280058/000120919120009605/xslF345X03/doc4.xml"}, {"form_type": "4", "filings_date": "2020-02-14", "url": "https://www.sec.gov/Archives/edgar/data/0001280058/000120919120009604/xslF345X03/doc4.xml"}, {"form_type": "4/A", "filings_date": "2020-02-14", "url": "https://www.sec.gov/Archives/edgar/data/0001280058/000120919120009601/xslF345X03/doc4a.xml"}, {"form_type": "SC 13G/A", "filings_date": "2020-02-14", "url": "https://www.sec.gov/Archives/edgar/data/0001280058/000139834420003362/fp0050114_sc13ga.htm"}, {"form_type": "SC 13G/A", "filings_date": "2020-02-13", "url": "https://www.sec.gov/Archives/edgar/data/0001280058/000131547820000016/BLKB_123119.txt"}, {"form_type": "SC 13G/A", "filings_date": "2020-02-13", "url": "https://www.sec.gov/Archives/edgar/data/0001280058/000127417320000009/blkb2102020.txt"}, {"form_type": "SC 13G/A", "filings_date": "2020-02-12", "url": "https://www.sec.gov/Archives/edgar/data/0001280058/000035079720000017/blackbaud13ga13.txt"}, {"form_type": "SC 13G/A", "filings_date": "2020-02-12", "url": "https://www.sec.gov/Archives/edgar/data/0001280058/000110465920017676/tv01024-blackbaudinc.htm"}, {"form_type": "8-K", "filings_date": "2020-02-10", "url": "https://www.sec.gov/Archives/edgar/data/0001280058/000128005820000004/a2019q4form8-k.htm"}, {"form_type": "SC 13G/A", "filings_date": "2020-02-04", "url": "https://www.sec.gov/Archives/edgar/data/0001280058/000083423720001596/us09227q1004_020320.txt"}, {"form_type": "SC 13G/A", "filings_date": "2020-01-28", "url": "https://www.sec.gov/Archives/edgar/data/0001280058/000090221920000335/SEC13G_Filing.htm"}, {"form_type": "4", "filings_date": "2020-01-02", "url": "https://www.sec.gov/Archives/edgar/data/0001280058/000120919120000392/xslF345X03/doc4.xml"}, {"form_type": "8-K", "filings_date": "2019-12-13", "url": "https://www.sec.gov/Archives/edgar/data/0001280058/000128005819000048/form8-kgianoniagreemen.htm"}, {"form_type": "S-8 POS", "filings_date": "2019-12-12", "url": "https://www.sec.gov/Archives/edgar/data/0001280058/000114036119022401/forms8pos.htm"}, {"form_type": "S-8 POS", "filings_date": "2019-12-12", "url": "https://www.sec.gov/Archives/edgar/data/0001280058/000114036119022400/forms8pos.htm"}, {"form_type": "S-8 POS", "filings_date": "2019-12-12", "url": "https://www.sec.gov/Archives/edgar/data/0001280058/000114036119022399/forms8pos.htm"}, {"form_type": "S-8 POS", "filings_date": "2019-12-12", "url": "https://www.sec.gov/Archives/edgar/data/0001280058/000114036119022397/forms8pos.htm"}, {"form_type": "4", "filings_date": "2019-11-15", "url": "https://www.sec.gov/Archives/edgar/data/0001280058/000120919119056732/xslF345X03/doc4.xml"}, {"form_type": "4", "filings_date": "2019-11-14", "url": "https://www.sec.gov/Archives/edgar/data/0001280058/000120919119056607/xslF345X03/doc4.xml"}, {"form_type": "4", "filings_date": "2019-11-14", "url": "https://www.sec.gov/Archives/edgar/data/0001280058/000120919119056599/xslF345X03/doc4.xml"}, {"form_type": "4", "filings_date": "2019-11-14", "url": "https://www.sec.gov/Archives/edgar/data/0001280058/000120919119056591/xslF345X03/doc4.xml"}, {"form_type": "4", "filings_date": "2019-11-12", "url": "https://www.sec.gov/Archives/edgar/data/0001280058/000120919119056074/xslF345X03/doc4.xml"}, {"form_type": "4", "filings_date": "2019-11-07", "url": "https://www.sec.gov/Archives/edgar/data/0001280058/000120919119055728/xslF345X03/doc4.xml"}, {"form_type": "4", "filings_date": "2019-11-07", "url": "https://www.sec.gov/Archives/edgar/data/0001280058/000120919119055697/xslF345X03/doc4.xml"}, {"form_type": "4", "filings_date": "2019-11-05", "url": "https://www.sec.gov/Archives/edgar/data/0001280058/000120919119055171/xslF345X03/doc4.xml"}, {"form_type": "10-Q", "filings_date": "2019-11-01", "url": "https://www.sec.gov/Archives/edgar/data/0001280058/000128005819000042/a2019q310-q.htm"}, {"form_type": "8-K", "filings_date": "2019-10-28", "url": "https://www.sec.gov/Archives/edgar/data/0001280058/000128005819000039/a2019q3form8-k.htm"}, {"form_type": "4", "filings_date": "2019-09-03", "url": "https://www.sec.gov/Archives/edgar/data/0001280058/000120919119048001/xslF345X03/doc4.xml"}, {"form_type": "4", "filings_date": "2019-08-20", "url": "https://www.sec.gov/Archives/edgar/data/0001280058/000120919119046877/xslF345X03/doc4.xml"}, {"form_type": "4", "filings_date": "2019-08-12", "url": "https://www.sec.gov/Archives/edgar/data/0001280058/000120919119045577/xslF345X03/doc4.xml"}, {"form_type": "4", "filings_date": "2019-08-12", "url": "https://www.sec.gov/Archives/edgar/data/0001280058/000120919119045576/xslF345X03/doc4.xml"}, {"form_type": "4", "filings_date": "2019-08-12", "url": "https://www.sec.gov/Archives/edgar/data/0001280058/000120919119045575/xslF345X03/doc4.xml"}, {"form_type": "4", "filings_date": "2019-08-12", "url": "https://www.sec.gov/Archives/edgar/data/0001280058/000120919119045574/xslF345X03/doc4.xml"}, {"form_type": "4", "filings_date": "2019-08-12", "url": "https://www.sec.gov/Archives/edgar/data/0001280058/000120919119045573/xslF345X03/doc4.xml"}, {"form_type": "4", "filings_date": "2019-08-12", "url": "https://www.sec.gov/Archives/edgar/data/0001280058/000120919119045572/xslF345X03/doc4.xml"}, {"form_type": "4", "filings_date": "2019-08-12", "url": "https://www.sec.gov/Archives/edgar/data/0001280058/000120919119045571/xslF345X03/doc4.xml"}, {"form_type": "4", "filings_date": "2019-08-09", "url": "https://www.sec.gov/Archives/edgar/data/0001280058/000120919119045337/xslF345X03/doc4.xml"}, {"form_type": "4", "filings_date": "2019-08-06", "url": "https://www.sec.gov/Archives/edgar/data/0001280058/000120919119044862/xslF345X03/doc4.xml"}, {"form_type": "10-Q", "filings_date": "2019-08-02", "url": "https://www.sec.gov/Archives/edgar/data/0001280058/000128005819000034/a2019q210-q.htm"}, {"form_type": "8-K", "filings_date": "2019-07-30", "url": "https://www.sec.gov/Archives/edgar/data/0001280058/000128005819000032/a2019q2form8-k.htm"}, {"form_type": "8-K", "filings_date": "2019-06-14", "url": "https://www.sec.gov/Archives/edgar/data/0001280058/000128005819000027/form8-kbylawsupdatejun2019.htm"}, {"form_type": "S-8", "filings_date": "2019-06-14", "url": "https://www.sec.gov/Archives/edgar/data/0001280058/000114036119011030/forms8.htm"}, {"form_type": "8-K", "filings_date": "2019-06-14", "url": "https://www.sec.gov/Archives/edgar/data/0001280058/000128005819000024/form8-kvotingresultsjunex1.htm"}, {"form_type": "4", "filings_date": "2019-06-11", "url": "https://www.sec.gov/Archives/edgar/data/0001280058/000120919119036241/xslF345X03/doc4.xml"}, {"form_type": "SC 13G/A", "filings_date": "2019-06-10", "url": "https://www.sec.gov/Archives/edgar/data/0001280058/000090221919000427/SEC13G_Filing.htm"}, {"form_type": "4", "filings_date": "2019-05-31", "url": "https://www.sec.gov/Archives/edgar/data/0001280058/000120919119033701/xslF345X03/doc4.xml"}, {"form_type": "4", "filings_date": "2019-05-16", "url": "https://www.sec.gov/Archives/edgar/data/0001280058/000120919119030415/xslF345X03/doc4.xml"}, {"form_type": "10-Q", "filings_date": "2019-05-03", "url": "https://www.sec.gov/Archives/edgar/data/0001280058/000128005819000020/a2019q110-q.htm"}, {"form_type": "8-K", "filings_date": "2019-04-30", "url": "https://www.sec.gov/Archives/edgar/data/0001280058/000128005819000016/a2019q1form8-k.htm"}, {"form_type": "DEFA14A", "filings_date": "2019-04-24", "url": "https://www.sec.gov/Archives/edgar/data/0001280058/000128005819000013/defa14a2019.htm"}, {"form_type": "DEF 14A", "filings_date": "2019-04-24", "url": "https://www.sec.gov/Archives/edgar/data/0001280058/000128005819000012/def14aapr2019.htm"}, {"form_type": "4", "filings_date": "2019-02-28", "url": "https://www.sec.gov/Archives/edgar/data/0001280058/000120919119014648/xslF345X03/doc4.xml"}, {"form_type": "4", "filings_date": "2019-02-26", "url": "https://www.sec.gov/Archives/edgar/data/0001280058/000120919119013596/xslF345X03/doc4.xml"}, {"form_type": "4", "filings_date": "2019-02-21", "url": "https://www.sec.gov/Archives/edgar/data/0001280058/000120919119012096/xslF345X03/doc4.xml"}, {"form_type": "10-K", "filings_date": "2019-02-20", "url": "https://www.sec.gov/Archives/edgar/data/0001280058/000128005819000007/a201810-k.htm"}, {"form_type": "4", "filings_date": "2019-02-19", "url": "https://www.sec.gov/Archives/edgar/data/0001280058/000120919119011210/xslF345X03/doc4.xml"}, {"form_type": "4", "filings_date": "2019-02-19", "url": "https://www.sec.gov/Archives/edgar/data/0001280058/000120919119011207/xslF345X03/doc4.xml"}, {"form_type": "4", "filings_date": "2019-02-19", "url": "https://www.sec.gov/Archives/edgar/data/0001280058/000120919119011205/xslF345X03/doc4.xml"}, {"form_type": "4", "filings_date": "2019-02-19", "url": "https://www.sec.gov/Archives/edgar/data/0001280058/000120919119011203/xslF345X03/doc4.xml"}, {"form_type": "4", "filings_date": "2019-02-19", "url": "https://www.sec.gov/Archives/edgar/data/0001280058/000120919119011201/xslF345X03/doc4.xml"}, {"form_type": "4", "filings_date": "2019-02-14", "url": "https://www.sec.gov/Archives/edgar/data/0001280058/000120919119010337/xslF345X03/doc4.xml"}, {"form_type": "4", "filings_date": "2019-02-14", "url": "https://www.sec.gov/Archives/edgar/data/0001280058/000120919119010336/xslF345X03/doc4.xml"}, {"form_type": "4", "filings_date": "2019-02-14", "url": "https://www.sec.gov/Archives/edgar/data/0001280058/000120919119010334/xslF345X03/doc4.xml"}, {"form_type": "4", "filings_date": "2019-02-14", "url": "https://www.sec.gov/Archives/edgar/data/0001280058/000120919119010333/xslF345X03/doc4.xml"}, {"form_type": "4", "filings_date": "2019-02-14", "url": "https://www.sec.gov/Archives/edgar/data/0001280058/000120919119010331/xslF345X03/doc4.xml"}, {"form_type": "4", "filings_date": "2019-02-14", "url": "https://www.sec.gov/Archives/edgar/data/0001280058/000120919119010329/xslF345X03/doc4.xml"}, {"form_type": "4", "filings_date": "2019-02-14", "url": "https://www.sec.gov/Archives/edgar/data/0001280058/000120919119010327/xslF345X03/doc4.xml"}, {"form_type": "4", "filings_date": "2019-02-14", "url": "https://www.sec.gov/Archives/edgar/data/0001280058/000120919119010325/xslF345X03/doc4.xml"}, {"form_type": "SC 13G/A", "filings_date": "2019-02-14", "url": "https://www.sec.gov/Archives/edgar/data/0001280058/000094039419000249/blackbaud13ga12.htm"}, {"form_type": "SC 13G/A", "filings_date": "2019-02-14", "url": "https://www.sec.gov/Archives/edgar/data/0001280058/000139834419002787/fp0039169_sc13ga.htm"}, {"form_type": "SC 13G", "filings_date": "2019-02-13", "url": "https://www.sec.gov/Archives/edgar/data/0001280058/000131547819000029/BLKB_123118.txt"}, {"form_type": "SC 13G/A", "filings_date": "2019-02-12", "url": "https://www.sec.gov/Archives/edgar/data/0001280058/000090221919000140/SEC13G_Filing.htm"}, {"form_type": "SC 13G/A", "filings_date": "2019-02-12", "url": "https://www.sec.gov/Archives/edgar/data/0001280058/000127417319000037/blkb2102019.txt"}, {"form_type": "SC 13G/A", "filings_date": "2019-02-11", "url": "https://www.sec.gov/Archives/edgar/data/0001280058/000093247119004956/blackbaudinc.htm"}, {"form_type": "8-K", "filings_date": "2019-02-06", "url": "https://www.sec.gov/Archives/edgar/data/0001280058/000128005819000004/a2018q4form8-k.htm"}, {"form_type": "SC 13G/A", "filings_date": "2019-01-24", "url": "https://www.sec.gov/Archives/edgar/data/0001280058/000021545719001046/us09227q1004_012419.txt"}, {"form_type": "8-K", "filings_date": "2019-01-02", "url": "https://www.sec.gov/Archives/edgar/data/0001280058/000128005819000002/yourcauseacquisitionclosin.htm"}, {"form_type": "4", "filings_date": "2018-11-21", "url": "https://www.sec.gov/Archives/edgar/data/0001280058/000120919118059713/xslF345X03/doc4.xml"}, {"form_type": "4", "filings_date": "2018-11-21", "url": "https://www.sec.gov/Archives/edgar/data/0001280058/000120919118059712/xslF345X03/doc4.xml"}, {"form_type": "4", "filings_date": "2018-11-07", "url": "https://www.sec.gov/Archives/edgar/data/0001280058/000120919118057573/xslF345X03/doc4.xml"}, {"form_type": "10-Q", "filings_date": "2018-11-02", "url": "https://www.sec.gov/Archives/edgar/data/0001280058/000128005818000041/a2018q310-q.htm"}, {"form_type": "8-K", "filings_date": "2018-10-29", "url": "https://www.sec.gov/Archives/edgar/data/0001280058/000128005818000037/a2018q3form8-k.htm"}, {"form_type": "8-K", "filings_date": "2018-10-09", "url": "https://www.sec.gov/Archives/edgar/data/0001280058/000128005818000034/form8-koct2018.htm"}, {"form_type": "4", "filings_date": "2018-08-14", "url": "https://www.sec.gov/Archives/edgar/data/0001280058/000120919118046607/xslF345X03/doc4.xml"}, {"form_type": "4", "filings_date": "2018-08-14", "url": "https://www.sec.gov/Archives/edgar/data/0001280058/000120919118046606/xslF345X03/doc4.xml"}, {"form_type": "4", "filings_date": "2018-08-07", "url": "https://www.sec.gov/Archives/edgar/data/0001280058/000120919118045732/xslF345X03/doc4.xml"}, {"form_type": "4", "filings_date": "2018-08-07", "url": "https://www.sec.gov/Archives/edgar/data/0001280058/000120919118045729/xslF345X03/doc4.xml"}, {"form_type": "4", "filings_date": "2018-08-07", "url": "https://www.sec.gov/Archives/edgar/data/0001280058/000120919118045727/xslF345X03/doc4.xml"}, {"form_type": "4", "filings_date": "2018-08-07", "url": "https://www.sec.gov/Archives/edgar/data/0001280058/000120919118045724/xslF345X03/doc4.xml"}, {"form_type": "4", "filings_date": "2018-08-07", "url": "https://www.sec.gov/Archives/edgar/data/0001280058/000120919118045723/xslF345X03/doc4.xml"}, {"form_type": "4", "filings_date": "2018-08-07", "url": "https://www.sec.gov/Archives/edgar/data/0001280058/000120919118045722/xslF345X03/doc4.xml"}, {"form_type": "4", "filings_date": "2018-08-07", "url": "https://www.sec.gov/Archives/edgar/data/0001280058/000120919118045721/xslF345X03/doc4.xml"}, {"form_type": "10-Q", "filings_date": "2018-08-03", "url": "https://www.sec.gov/Archives/edgar/data/0001280058/000128005818000032/a2018q210-q.htm"}, {"form_type": "8-K", "filings_date": "2018-07-30", "url": "https://www.sec.gov/Archives/edgar/data/0001280058/000128005818000029/a2018q2form8-k.htm"}, {"form_type": "4", "filings_date": "2018-06-14", "url": "https://www.sec.gov/Archives/edgar/data/0001280058/000120919118037861/xslF345X03/doc4.xml"}, {"form_type": "4", "filings_date": "2018-06-14", "url": "https://www.sec.gov/Archives/edgar/data/0001280058/000120919118037860/xslF345X03/doc4.xml"}, {"form_type": "8-K", "filings_date": "2018-06-13", "url": "https://www.sec.gov/Archives/edgar/data/0001280058/000128005818000024/form8-kjunex13x2018.htm"}, {"form_type": "4", "filings_date": "2018-05-14", "url": "https://www.sec.gov/Archives/edgar/data/0001280058/000120919118029874/xslF345X03/doc4.xml"}, {"form_type": "4", "filings_date": "2018-05-09", "url": "https://www.sec.gov/Archives/edgar/data/0001280058/000120919118028865/xslF345X03/doc4.xml"}, {"form_type": "4", "filings_date": "2018-05-08", "url": "https://www.sec.gov/Archives/edgar/data/0001280058/000120919118028641/xslF345X03/doc4.xml"}, {"form_type": "10-Q", "filings_date": "2018-05-04", "url": "https://www.sec.gov/Archives/edgar/data/0001280058/000128005818000021/a2018q110-q.htm"}, {"form_type": "3", "filings_date": "2018-05-01", "url": "https://www.sec.gov/Archives/edgar/data/0001280058/000120919118027119/xslF345X02/doc3.xml"}, {"form_type": "8-K", "filings_date": "2018-05-01", "url": "https://www.sec.gov/Archives/edgar/data/0001280058/000128005818000016/reeheracquisition8-kmay2018.htm"}, {"form_type": "8-K", "filings_date": "2018-04-30", "url": "https://www.sec.gov/Archives/edgar/data/0001280058/000128005818000014/a2018q1form8-k.htm"}, {"form_type": "DEFA14A", "filings_date": "2018-04-24", "url": "https://www.sec.gov/Archives/edgar/data/0001280058/000128005818000011/defa14a2018.htm"}, {"form_type": "DEF 14A", "filings_date": "2018-04-24", "url": "https://www.sec.gov/Archives/edgar/data/0001280058/000128005818000010/def14aapr2018.htm"}, {"form_type": "4", "filings_date": "2018-04-04", "url": "https://www.sec.gov/Archives/edgar/data/0001280058/000120919118023826/xslF345X03/doc4.xml"}, {"form_type": "4", "filings_date": "2018-04-04", "url": "https://www.sec.gov/Archives/edgar/data/0001280058/000120919118023822/xslF345X03/doc4.xml"}, {"form_type": "4", "filings_date": "2018-03-02", "url": "https://www.sec.gov/Archives/edgar/data/0001280058/000120919118015554/xslF345X03/doc4.xml"}, {"form_type": "4", "filings_date": "2018-02-28", "url": "https://www.sec.gov/Archives/edgar/data/0001280058/000120919118014587/xslF345X03/doc4.xml"}, {"form_type": "4", "filings_date": "2018-02-28", "url": "https://www.sec.gov/Archives/edgar/data/0001280058/000120919118014454/xslF345X03/doc4.xml"}, {"form_type": "4", "filings_date": "2018-02-27", "url": "https://www.sec.gov/Archives/edgar/data/0001280058/000120919118013847/xslF345X03/doc4.xml"}, {"form_type": "4", "filings_date": "2018-02-26", "url": "https://www.sec.gov/Archives/edgar/data/0001280058/000120919118013308/xslF345X03/doc4.xml"}, {"form_type": "4", "filings_date": "2018-02-23", "url": "https://www.sec.gov/Archives/edgar/data/0001280058/000120919118012968/xslF345X03/doc4.xml"}, {"form_type": "4", "filings_date": "2018-02-20", "url": "https://www.sec.gov/Archives/edgar/data/0001280058/000120919118011536/xslF345X03/doc4.xml"}, {"form_type": "4", "filings_date": "2018-02-20", "url": "https://www.sec.gov/Archives/edgar/data/0001280058/000120919118011532/xslF345X03/doc4.xml"}, {"form_type": "4", "filings_date": "2018-02-20", "url": "https://www.sec.gov/Archives/edgar/data/0001280058/000120919118011526/xslF345X03/doc4.xml"}, {"form_type": "4", "filings_date": "2018-02-20", "url": "https://www.sec.gov/Archives/edgar/data/0001280058/000120919118011523/xslF345X03/doc4.xml"}, {"form_type": "4", "filings_date": "2018-02-20", "url": "https://www.sec.gov/Archives/edgar/data/0001280058/000120919118011520/xslF345X03/doc4.xml"}, {"form_type": "10-K", "filings_date": "2018-02-20", "url": "https://www.sec.gov/Archives/edgar/data/0001280058/000128005818000007/a201710-k.htm"}, {"form_type": "4", "filings_date": "2018-02-16", "url": "https://www.sec.gov/Archives/edgar/data/0001280058/000120919118011053/xslF345X03/doc4.xml"}, {"form_type": "4", "filings_date": "2018-02-16", "url": "https://www.sec.gov/Archives/edgar/data/0001280058/000120919118011051/xslF345X03/doc4.xml"}, {"form_type": "4", "filings_date": "2018-02-16", "url": "https://www.sec.gov/Archives/edgar/data/0001280058/000120919118011048/xslF345X03/doc4.xml"}, {"form_type": "4", "filings_date": "2018-02-16", "url": "https://www.sec.gov/Archives/edgar/data/0001280058/000120919118011026/xslF345X03/doc4.xml"}, {"form_type": "4", "filings_date": "2018-02-16", "url": "https://www.sec.gov/Archives/edgar/data/0001280058/000120919118011011/xslF345X03/doc4.xml"}, {"form_type": "4", "filings_date": "2018-02-14", "url": "https://www.sec.gov/Archives/edgar/data/0001280058/000120919118010144/xslF345X03/doc4.xml"}, {"form_type": "4", "filings_date": "2018-02-14", "url": "https://www.sec.gov/Archives/edgar/data/0001280058/000120919118010143/xslF345X03/doc4.xml"}, {"form_type": "4", "filings_date": "2018-02-14", "url": "https://www.sec.gov/Archives/edgar/data/0001280058/000120919118010132/xslF345X03/doc4.xml"}, {"form_type": "4", "filings_date": "2018-02-14", "url": "https://www.sec.gov/Archives/edgar/data/0001280058/000120919118010128/xslF345X03/doc4.xml"}, {"form_type": "4", "filings_date": "2018-02-14", "url": "https://www.sec.gov/Archives/edgar/data/0001280058/000120919118010126/xslF345X03/doc4.xml"}, {"form_type": "4", "filings_date": "2018-02-14", "url": "https://www.sec.gov/Archives/edgar/data/0001280058/000120919118010124/xslF345X03/doc4.xml"}, {"form_type": "SC 13G/A", "filings_date": "2018-02-14", "url": "https://www.sec.gov/Archives/edgar/data/0001280058/000094039418000258/blackbaud13ga11.txt"}, {"form_type": "SC 13G/A", "filings_date": "2018-02-14", "url": "https://www.sec.gov/Archives/edgar/data/0001280058/000139834418002202/fp0030613_sc13ga.htm"}, {"form_type": "4", "filings_date": "2018-02-13", "url": "https://www.sec.gov/Archives/edgar/data/0001280058/000120919118009667/xslF345X03/doc4.xml"}, {"form_type": "SC 13G", "filings_date": "2018-02-13", "url": "https://www.sec.gov/Archives/edgar/data/0001280058/000127417318000056/blkb2102018.txt"}, {"form_type": "SC 13G/A", "filings_date": "2018-02-13", "url": "https://www.sec.gov/Archives/edgar/data/0001280058/000081229518000028/blkb2102018.txt"}, {"form_type": "SC 13G/A", "filings_date": "2018-02-08", "url": "https://www.sec.gov/Archives/edgar/data/0001280058/000093247118002783/blackbaudinc.htm"}, {"form_type": "SC 13G/A", "filings_date": "2018-02-08", "url": "https://www.sec.gov/Archives/edgar/data/0001280058/000090221918000075/SEC13G_Filing.htm"}, {"form_type": "8-K", "filings_date": "2018-02-06", "url": "https://www.sec.gov/Archives/edgar/data/0001280058/000128005818000002/a2017q4form8-k.htm"}, {"form_type": "SC 13G/A", "filings_date": "2018-01-19", "url": "https://www.sec.gov/Archives/edgar/data/0001280058/000021545718001351/us09227q1004_011718.txt"}, {"form_type": "4", "filings_date": "2018-01-04", "url": "https://www.sec.gov/Archives/edgar/data/0001280058/000120919118002109/xslF345X03/doc4.xml"}, {"form_type": "4", "filings_date": "2018-01-04", "url": "https://www.sec.gov/Archives/edgar/data/0001280058/000120919118002100/xslF345X03/doc4.xml"}, {"form_type": "4", "filings_date": "2018-01-04", "url": "https://www.sec.gov/Archives/edgar/data/0001280058/000120919118002092/xslF345X03/doc4.xml"}, {"form_type": "3", "filings_date": "2017-12-21", "url": "https://www.sec.gov/Archives/edgar/data/0001280058/000120919117066827/xslF345X02/doc3.xml"}, {"form_type": "8-K", "filings_date": "2017-12-13", "url": "https://www.sec.gov/Archives/edgar/data/0001280058/000128005817000040/golden_ertel8-kdec2017.htm"}, {"form_type": "4", "filings_date": "2017-12-05", "url": "https://www.sec.gov/Archives/edgar/data/0001280058/000120919117063964/xslF345X03/doc4.xml"}, {"form_type": "4", "filings_date": "2017-12-05", "url": "https://www.sec.gov/Archives/edgar/data/0001280058/000120919117063953/xslF345X03/doc4.xml"}, {"form_type": "4", "filings_date": "2017-11-22", "url": "https://www.sec.gov/Archives/edgar/data/0001280058/000120919117062386/xslF345X03/doc4.xml"}, {"form_type": "4", "filings_date": "2017-11-16", "url": "https://www.sec.gov/Archives/edgar/data/0001280058/000120919117061279/xslF345X03/doc4.xml"}, {"form_type": "4", "filings_date": "2017-11-09", "url": "https://www.sec.gov/Archives/edgar/data/0001280058/000120919117060065/xslF345X03/doc4.xml"}, {"form_type": "4", "filings_date": "2017-11-09", "url": "https://www.sec.gov/Archives/edgar/data/0001280058/000120919117060064/xslF345X03/doc4.xml"}, {"form_type": "4", "filings_date": "2017-11-09", "url": "https://www.sec.gov/Archives/edgar/data/0001280058/000120919117060063/xslF345X03/doc4.xml"}, {"form_type": "4", "filings_date": "2017-11-03", "url": "https://www.sec.gov/Archives/edgar/data/0001280058/000120919117059169/xslF345X03/doc4.xml"}, {"form_type": "4", "filings_date": "2017-11-02", "url": "https://www.sec.gov/Archives/edgar/data/0001280058/000120919117058880/xslF345X03/doc4.xml"}, {"form_type": "10-Q", "filings_date": "2017-11-02", "url": "https://www.sec.gov/Archives/edgar/data/0001280058/000128005817000035/a2017q310-q.htm"}, {"form_type": "8-K", "filings_date": "2017-10-25", "url": "https://www.sec.gov/Archives/edgar/data/0001280058/000128005817000031/a2017q3form8-k.htm"}, {"form_type": "4", "filings_date": "2017-10-04", "url": "https://www.sec.gov/Archives/edgar/data/0001280058/000120919117055910/xslF345X03/doc4.xml"}, {"form_type": "4", "filings_date": "2017-10-04", "url": "https://www.sec.gov/Archives/edgar/data/0001280058/000120919117055908/xslF345X03/doc4.xml"}, {"form_type": "4", "filings_date": "2017-10-04", "url": "https://www.sec.gov/Archives/edgar/data/0001280058/000120919117055907/xslF345X03/doc4.xml"}, {"form_type": "8-K", "filings_date": "2017-10-03", "url": "https://www.sec.gov/Archives/edgar/data/0001280058/000128005817000028/justgivingacquisitionclosi.htm"}, {"form_type": "4", "filings_date": "2017-09-05", "url": "https://www.sec.gov/Archives/edgar/data/0001280058/000120919117051418/xslF345X03/doc4.xml"}, {"form_type": "4", "filings_date": "2017-08-24", "url": "https://www.sec.gov/Archives/edgar/data/0001280058/000120919117050093/xslF345X03/doc4.xml"}, {"form_type": "4", "filings_date": "2017-08-23", "url": "https://www.sec.gov/Archives/edgar/data/0001280058/000120919117049937/xslF345X03/doc4.xml"}, {"form_type": "4", "filings_date": "2017-08-15", "url": "https://www.sec.gov/Archives/edgar/data/0001280058/000120919117048977/xslF345X03/doc4.xml"}, {"form_type": "4", "filings_date": "2017-08-09", "url": "https://www.sec.gov/Archives/edgar/data/0001280058/000120919117048337/xslF345X03/doc4.xml"}, {"form_type": "4", "filings_date": "2017-08-09", "url": "https://www.sec.gov/Archives/edgar/data/0001280058/000120919117048334/xslF345X03/doc4.xml"}, {"form_type": "4", "filings_date": "2017-08-07", "url": "https://www.sec.gov/Archives/edgar/data/0001280058/000120919117047939/xslF345X03/doc4.xml"}, {"form_type": "4", "filings_date": "2017-08-07", "url": "https://www.sec.gov/Archives/edgar/data/0001280058/000120919117047936/xslF345X03/doc4.xml"}, {"form_type": "4", "filings_date": "2017-08-07", "url": "https://www.sec.gov/Archives/edgar/data/0001280058/000120919117047934/xslF345X03/doc4.xml"}, {"form_type": "4", "filings_date": "2017-08-07", "url": "https://www.sec.gov/Archives/edgar/data/0001280058/000120919117047931/xslF345X03/doc4.xml"}, {"form_type": "4", "filings_date": "2017-08-07", "url": "https://www.sec.gov/Archives/edgar/data/0001280058/000120919117047929/xslF345X03/doc4.xml"}, {"form_type": "4", "filings_date": "2017-08-07", "url": "https://www.sec.gov/Archives/edgar/data/0001280058/000120919117047927/xslF345X03/doc4.xml"}, {"form_type": "4", "filings_date": "2017-08-07", "url": "https://www.sec.gov/Archives/edgar/data/0001280058/000120919117047926/xslF345X03/doc4.xml"}, {"form_type": "10-Q", "filings_date": "2017-08-04", "url": "https://www.sec.gov/Archives/edgar/data/0001280058/000128005817000026/a2017q210-q.htm"}, {"form_type": "8-K", "filings_date": "2017-07-31", "url": "https://www.sec.gov/Archives/edgar/data/0001280058/000128005817000023/a2017q2form8-k.htm"}, {"form_type": "4", "filings_date": "2017-07-05", "url": "https://www.sec.gov/Archives/edgar/data/0001280058/000120919117043654/xslF345X03/doc4.xml"}, {"form_type": "4", "filings_date": "2017-07-05", "url": "https://www.sec.gov/Archives/edgar/data/0001280058/000120919117043390/xslF345X03/doc4.xml"}, {"form_type": "4", "filings_date": "2017-07-05", "url": "https://www.sec.gov/Archives/edgar/data/0001280058/000120919117043385/xslF345X03/doc4.xml"}, {"form_type": "8-K", "filings_date": "2017-06-26", "url": "https://www.sec.gov/Archives/edgar/data/0001280058/000119312517212471/d418000d8k.htm"}, {"form_type": "8-K", "filings_date": "2017-06-16", "url": "https://www.sec.gov/Archives/edgar/data/0001280058/000162612917000412/blkb-8k_061317.htm"}, {"form_type": "8-K", "filings_date": "2017-06-05", "url": "https://www.sec.gov/Archives/edgar/data/0001280058/000162612917000402/blkb-8k_060217.htm"}, {"form_type": "4", "filings_date": "2017-05-31", "url": "https://www.sec.gov/Archives/edgar/data/0001280058/000120919117036528/xslF345X03/doc4.xml"}, {"form_type": "4", "filings_date": "2017-05-30", "url": "https://www.sec.gov/Archives/edgar/data/0001280058/000120919117036128/xslF345X03/doc4.xml"}, {"form_type": "4", "filings_date": "2017-05-25", "url": "https://www.sec.gov/Archives/edgar/data/0001280058/000120919117035389/xslF345X03/doc4.xml"}, {"form_type": "4", "filings_date": "2017-05-24", "url": "https://www.sec.gov/Archives/edgar/data/0001280058/000120919117035075/xslF345X03/doc4.xml"}, {"form_type": "4", "filings_date": "2017-05-11", "url": "https://www.sec.gov/Archives/edgar/data/0001280058/000120919117031586/xslF345X03/doc4.xml"}, {"form_type": "4", "filings_date": "2017-05-08", "url": "https://www.sec.gov/Archives/edgar/data/0001280058/000120919117030625/xslF345X03/doc4.xml"}, {"form_type": "4", "filings_date": "2017-05-08", "url": "https://www.sec.gov/Archives/edgar/data/0001280058/000120919117030623/xslF345X03/doc4.xml"}, {"form_type": "10-Q", "filings_date": "2017-05-05", "url": "https://www.sec.gov/Archives/edgar/data/0001280058/000128005817000019/a2017q110-q.htm"}, {"form_type": "4", "filings_date": "2017-05-02", "url": "https://www.sec.gov/Archives/edgar/data/0001280058/000120919117029279/xslF345X03/doc4.xml"}, {"form_type": "8-K", "filings_date": "2017-05-01", "url": "https://www.sec.gov/Archives/edgar/data/0001280058/000128005817000017/a2017q1form8-k.htm"}, {"form_type": "DEFA14A", "filings_date": "2017-04-25", "url": "https://www.sec.gov/Archives/edgar/data/0001280058/000128005817000013/defa14a2017.htm"}, {"form_type": "DEF 14A", "filings_date": "2017-04-25", "url": "https://www.sec.gov/Archives/edgar/data/0001280058/000128005817000012/def14aapr2017.htm"}, {"form_type": "4", "filings_date": "2017-04-07", "url": "https://www.sec.gov/Archives/edgar/data/0001280058/000120919117026337/xslF345X03/doc4.xml"}, {"form_type": "4", "filings_date": "2017-04-05", "url": "https://www.sec.gov/Archives/edgar/data/0001280058/000120919117025765/xslF345X03/doc4.xml"}, {"form_type": "4", "filings_date": "2017-04-05", "url": "https://www.sec.gov/Archives/edgar/data/0001280058/000120919117025760/xslF345X03/doc4.xml"}, {"form_type": "4", "filings_date": "2017-04-05", "url": "https://www.sec.gov/Archives/edgar/data/0001280058/000120919117025758/xslF345X03/doc4.xml"}, {"form_type": "4", "filings_date": "2017-04-04", "url": "https://www.sec.gov/Archives/edgar/data/0001280058/000120919117024744/xslF345X03/doc4.xml"}, {"form_type": "8-K", "filings_date": "2017-04-03", "url": "https://www.sec.gov/Archives/edgar/data/0001280058/000128005817000009/form8-kaprx03x2017.htm"}, {"form_type": "4", "filings_date": "2017-03-21", "url": "https://www.sec.gov/Archives/edgar/data/0001280058/000120919117022100/xslF345X03/doc4.xml"}, {"form_type": "4", "filings_date": "2017-03-16", "url": "https://www.sec.gov/Archives/edgar/data/0001280058/000120919117021115/xslF345X03/doc4.xml"}, {"form_type": "4", "filings_date": "2017-03-02", "url": "https://www.sec.gov/Archives/edgar/data/0001280058/000120919117016734/xslF345X03/doc4.xml"}, {"form_type": "4", "filings_date": "2017-03-02", "url": "https://www.sec.gov/Archives/edgar/data/0001280058/000120919117016731/xslF345X03/doc4.xml"}, {"form_type": "4", "filings_date": "2017-03-02", "url": "https://www.sec.gov/Archives/edgar/data/0001280058/000120919117016729/xslF345X03/doc4.xml"}, {"form_type": "4", "filings_date": "2017-02-28", "url": "https://www.sec.gov/Archives/edgar/data/0001280058/000120919117015255/xslF345X03/doc4.xml"}, {"form_type": "SC 13G", "filings_date": "2017-02-24", "url": "https://www.sec.gov/Archives/edgar/data/0001280058/000114420417010751/v460325sc13g.htm"}, {"form_type": "10-K", "filings_date": "2017-02-22", "url": "https://www.sec.gov/Archives/edgar/data/0001280058/000128005817000006/a201610-k.htm"}, {"form_type": "4", "filings_date": "2017-02-21", "url": "https://www.sec.gov/Archives/edgar/data/0001280058/000120919117012772/xslF345X03/doc4.xml"}, {"form_type": "4", "filings_date": "2017-02-21", "url": "https://www.sec.gov/Archives/edgar/data/0001280058/000120919117012771/xslF345X03/doc4.xml"}, {"form_type": "4", "filings_date": "2017-02-21", "url": "https://www.sec.gov/Archives/edgar/data/0001280058/000120919117012768/xslF345X03/doc4.xml"}, {"form_type": "4", "filings_date": "2017-02-16", "url": "https://www.sec.gov/Archives/edgar/data/0001280058/000120919117011612/xslF345X03/doc4.xml"}, {"form_type": "4", "filings_date": "2017-02-16", "url": "https://www.sec.gov/Archives/edgar/data/0001280058/000120919117011611/xslF345X03/doc4.xml"}, {"form_type": "4", "filings_date": "2017-02-16", "url": "https://www.sec.gov/Archives/edgar/data/0001280058/000120919117011609/xslF345X03/doc4.xml"}, {"form_type": "4", "filings_date": "2017-02-16", "url": "https://www.sec.gov/Archives/edgar/data/0001280058/000120919117011608/xslF345X03/doc4.xml"}, {"form_type": "4", "filings_date": "2017-02-16", "url": "https://www.sec.gov/Archives/edgar/data/0001280058/000120919117011604/xslF345X03/doc4.xml"}, {"form_type": "4", "filings_date": "2017-02-16", "url": "https://www.sec.gov/Archives/edgar/data/0001280058/000120919117011602/xslF345X03/doc4.xml"}, {"form_type": "4", "filings_date": "2017-02-16", "url": "https://www.sec.gov/Archives/edgar/data/0001280058/000120919117011598/xslF345X03/doc4.xml"}, {"form_type": "4", "filings_date": "2017-02-16", "url": "https://www.sec.gov/Archives/edgar/data/0001280058/000120919117011595/xslF345X03/doc4.xml"}, {"form_type": "4", "filings_date": "2017-02-15", "url": "https://www.sec.gov/Archives/edgar/data/0001280058/000120919117011171/xslF345X03/doc4.xml"}, {"form_type": "4", "filings_date": "2017-02-15", "url": "https://www.sec.gov/Archives/edgar/data/0001280058/000120919117011169/xslF345X03/doc4.xml"}, {"form_type": "4", "filings_date": "2017-02-15", "url": "https://www.sec.gov/Archives/edgar/data/0001280058/000120919117011168/xslF345X03/doc4.xml"}, {"form_type": "4", "filings_date": "2017-02-15", "url": "https://www.sec.gov/Archives/edgar/data/0001280058/000120919117011164/xslF345X03/doc4.xml"}, {"form_type": "4", "filings_date": "2017-02-15", "url": "https://www.sec.gov/Archives/edgar/data/0001280058/000120919117011162/xslF345X03/doc4.xml"}, {"form_type": "4", "filings_date": "2017-02-15", "url": "https://www.sec.gov/Archives/edgar/data/0001280058/000120919117011161/xslF345X03/doc4.xml"}, {"form_type": "4", "filings_date": "2017-02-15", "url": "https://www.sec.gov/Archives/edgar/data/0001280058/000120919117011159/xslF345X03/doc4.xml"}, {"form_type": "4", "filings_date": "2017-02-15", "url": "https://www.sec.gov/Archives/edgar/data/0001280058/000120919117011158/xslF345X03/doc4.xml"}, {"form_type": "SC 13G/A", "filings_date": "2017-02-15", "url": "https://www.sec.gov/Archives/edgar/data/0001280058/000035079717000025/blackbaud13ga10.txt"}, {"form_type": "4", "filings_date": "2017-02-13", "url": "https://www.sec.gov/Archives/edgar/data/0001280058/000120919117010136/xslF345X03/doc4.xml"}, {"form_type": "4", "filings_date": "2017-02-13", "url": "https://www.sec.gov/Archives/edgar/data/0001280058/000120919117010131/xslF345X03/doc4.xml"}, {"form_type": "SC 13G/A", "filings_date": "2017-02-13", "url": "https://www.sec.gov/Archives/edgar/data/0001280058/000081229517000049/blkb2102017.txt"}, {"form_type": "SC 13G/A", "filings_date": "2017-02-10", "url": "https://www.sec.gov/Archives/edgar/data/0001280058/000093247117001726/blackbaudinc.htm"}, {"form_type": "SC 13G/A", "filings_date": "2017-02-09", "url": "https://www.sec.gov/Archives/edgar/data/0001280058/000139834417001720/fp0023840_sc13ga.htm"}, {"form_type": "SC 13G", "filings_date": "2017-02-09", "url": "https://www.sec.gov/Archives/edgar/data/0001280058/000090221917000058/SEC13G_Filing.htm"}, {"form_type": "8-K", "filings_date": "2017-02-08", "url": "https://www.sec.gov/Archives/edgar/data/0001280058/000128005817000003/a2016q4form8-k.htm"}, {"form_type": "SC 13G/A", "filings_date": "2017-01-12", "url": "https://www.sec.gov/Archives/edgar/data/0001280058/000086931117000284/blackbaud.inc.txt"}, {"form_type": "4", "filings_date": "2017-01-05", "url": "https://www.sec.gov/Archives/edgar/data/0001280058/000120919117002466/xslF345X03/doc4.xml"}, {"form_type": "4", "filings_date": "2017-01-05", "url": "https://www.sec.gov/Archives/edgar/data/0001280058/000120919117002464/xslF345X03/doc4.xml"}, {"form_type": "4", "filings_date": "2017-01-05", "url": "https://www.sec.gov/Archives/edgar/data/0001280058/000120919117002462/xslF345X03/doc4.xml"}, {"form_type": "4", "filings_date": "2017-01-05", "url": "https://www.sec.gov/Archives/edgar/data/0001280058/000120919117002461/xslF345X03/doc4.xml"}, {"form_type": "4", "filings_date": "2017-01-05", "url": "https://www.sec.gov/Archives/edgar/data/0001280058/000120919117002460/xslF345X03/doc4.xml"}]}