{"company": {"cik": "0001073349", "name": "BOTTOMLINE TECHNOLOGIES INC", "sic": "Services-Prepackaged Software", "state_incorp": "DE", "ticker": "EPAY", "mailing_addr": "325 CORPORATE DRIVE, PORTSMOUTH, NH, 03801", "category": "Large accelerated filer", "fiscal_year_end": "30, June"}, "filings": [{"form_type": "8-K", "filings_date": "2022-03-09", "url": "https://www.sec.gov/Archives/edgar/data/0001073349/000119312522070052/d670021d8k.htm"}, {"form_type": "DEFA14A", "filings_date": "2022-03-01", "url": "https://www.sec.gov/Archives/edgar/data/0001073349/000119312522060050/d103693ddefa14a.htm"}, {"form_type": "DEFA14A", "filings_date": "2022-02-25", "url": "https://www.sec.gov/Archives/edgar/data/0001073349/000119312522053439/d278417ddefa14a.htm"}, {"form_type": "4", "filings_date": "2022-02-23", "url": "https://www.sec.gov/Archives/edgar/data/0001073349/000090266422001916/xslF345X03/ownership.xml"}, {"form_type": "4", "filings_date": "2022-02-11", "url": "https://www.sec.gov/Archives/edgar/data/0001073349/000107334922000007/xslF345X03/primary_doc.xml"}, {"form_type": "4", "filings_date": "2022-02-11", "url": "https://www.sec.gov/Archives/edgar/data/0001073349/000107334922000006/xslF345X03/primary_doc.xml"}, {"form_type": "4", "filings_date": "2022-02-11", "url": "https://www.sec.gov/Archives/edgar/data/0001073349/000107334922000005/xslF345X03/primary_doc.xml"}, {"form_type": "4", "filings_date": "2022-02-11", "url": "https://www.sec.gov/Archives/edgar/data/0001073349/000107334922000004/xslF345X03/primary_doc.xml"}, {"form_type": "SC 13G/A", "filings_date": "2022-02-11", "url": "https://www.sec.gov/Archives/edgar/data/0001073349/000142284922000096/SEC13G_Filing.htm"}, {"form_type": "SC 13G/A", "filings_date": "2022-02-10", "url": "https://www.sec.gov/Archives/edgar/data/0001073349/000142284922000015/SEC13G_Filing.htm"}, {"form_type": "SC 13G/A", "filings_date": "2022-02-09", "url": "https://www.sec.gov/Archives/edgar/data/0001073349/000110465922016675/tv0446-bottomlinetechnologie.htm"}, {"form_type": "10-Q", "filings_date": "2022-02-09", "url": "https://www.sec.gov/Archives/edgar/data/0001073349/000107334922000003/epay-20211231.htm"}, {"form_type": "DEFM14A", "filings_date": "2022-02-02", "url": "https://www.sec.gov/Archives/edgar/data/0001073349/000119312522025900/d246554ddefm14a.htm"}, {"form_type": "SC 13G/A", "filings_date": "2022-01-27", "url": "https://www.sec.gov/Archives/edgar/data/0001073349/000083423722002291/us1013881065_012722.txt"}, {"form_type": "SC 13G/A", "filings_date": "2022-01-26", "url": "https://www.sec.gov/Archives/edgar/data/0001073349/000083423722000843/us1013881065_012522.txt"}, {"form_type": "PREM14A", "filings_date": "2022-01-18", "url": "https://www.sec.gov/Archives/edgar/data/0001073349/000119312522010644/d246554dprem14a.htm"}, {"form_type": "4", "filings_date": "2021-12-23", "url": "https://www.sec.gov/Archives/edgar/data/0001073349/000107334921000150/xslF345X03/primary_doc.xml"}, {"form_type": "DEFA14A", "filings_date": "2021-12-21", "url": "https://www.sec.gov/Archives/edgar/data/0001073349/000119312521363746/d278492ddefa14a.htm"}, {"form_type": "DEFA14A", "filings_date": "2021-12-17", "url": "https://www.sec.gov/Archives/edgar/data/0001073349/000119312521361281/d211937ddefa14a.htm"}, {"form_type": "DEFA14A", "filings_date": "2021-12-17", "url": "https://www.sec.gov/Archives/edgar/data/0001073349/000119312521360169/d271838ddefa14a.htm"}, {"form_type": "8-K", "filings_date": "2021-12-17", "url": "https://www.sec.gov/Archives/edgar/data/0001073349/000119312521360087/d271838d8k.htm"}, {"form_type": "4", "filings_date": "2021-11-22", "url": "https://www.sec.gov/Archives/edgar/data/0001073349/000107334921000149/xslF345X03/primary_doc.xml"}, {"form_type": "4", "filings_date": "2021-11-22", "url": "https://www.sec.gov/Archives/edgar/data/0001073349/000107334921000148/xslF345X03/primary_doc.xml"}, {"form_type": "4", "filings_date": "2021-11-22", "url": "https://www.sec.gov/Archives/edgar/data/0001073349/000107334921000147/xslF345X03/primary_doc.xml"}, {"form_type": "4", "filings_date": "2021-11-22", "url": "https://www.sec.gov/Archives/edgar/data/0001073349/000107334921000146/xslF345X03/primary_doc.xml"}, {"form_type": "4", "filings_date": "2021-11-22", "url": "https://www.sec.gov/Archives/edgar/data/0001073349/000107334921000145/xslF345X03/primary_doc.xml"}, {"form_type": "4", "filings_date": "2021-11-22", "url": "https://www.sec.gov/Archives/edgar/data/0001073349/000107334921000144/xslF345X03/primary_doc.xml"}, {"form_type": "4", "filings_date": "2021-11-22", "url": "https://www.sec.gov/Archives/edgar/data/0001073349/000107334921000143/xslF345X03/primary_doc.xml"}, {"form_type": "4", "filings_date": "2021-11-22", "url": "https://www.sec.gov/Archives/edgar/data/0001073349/000107334921000142/xslF345X03/primary_doc.xml"}, {"form_type": "4", "filings_date": "2021-11-22", "url": "https://www.sec.gov/Archives/edgar/data/0001073349/000107334921000141/xslF345X03/primary_doc.xml"}, {"form_type": "8-K", "filings_date": "2021-11-19", "url": "https://www.sec.gov/Archives/edgar/data/0001073349/000107334921000140/epay-20211118.htm"}, {"form_type": "4", "filings_date": "2021-11-18", "url": "https://www.sec.gov/Archives/edgar/data/0001073349/000090266421005045/xslF345X03/ownership.xml"}, {"form_type": "4", "filings_date": "2021-11-17", "url": "https://www.sec.gov/Archives/edgar/data/0001073349/000107334921000138/xslF345X03/primary_doc.xml"}, {"form_type": "4", "filings_date": "2021-11-12", "url": "https://www.sec.gov/Archives/edgar/data/0001073349/000107334921000137/xslF345X03/primary_doc.xml"}, {"form_type": "4", "filings_date": "2021-11-12", "url": "https://www.sec.gov/Archives/edgar/data/0001073349/000107334921000136/xslF345X03/primary_doc.xml"}, {"form_type": "4", "filings_date": "2021-11-12", "url": "https://www.sec.gov/Archives/edgar/data/0001073349/000107334921000135/xslF345X03/primary_doc.xml"}, {"form_type": "4", "filings_date": "2021-11-10", "url": "https://www.sec.gov/Archives/edgar/data/0001073349/000107334921000134/xslF345X03/primary_doc.xml"}, {"form_type": "3", "filings_date": "2021-11-10", "url": "https://www.sec.gov/Archives/edgar/data/0001073349/000107334921000133/xslF345X02/primary_doc.xml"}, {"form_type": "4", "filings_date": "2021-11-09", "url": "https://www.sec.gov/Archives/edgar/data/0001073349/000090266421004817/xslF345X03/ownership.xml"}, {"form_type": "10-Q", "filings_date": "2021-11-09", "url": "https://www.sec.gov/Archives/edgar/data/0001073349/000107334921000132/epay-20210930.htm"}, {"form_type": "4", "filings_date": "2021-11-09", "url": "https://www.sec.gov/Archives/edgar/data/0001073349/000090266421004814/xslF345X03/ownership.xml"}, {"form_type": "8-K", "filings_date": "2021-11-09", "url": "https://www.sec.gov/Archives/edgar/data/0001073349/000107334921000130/epay-20211109.htm"}, {"form_type": "3", "filings_date": "2021-11-08", "url": "https://www.sec.gov/Archives/edgar/data/0001073349/000090266421004785/xslF345X02/ownership.xml"}, {"form_type": "3", "filings_date": "2021-11-08", "url": "https://www.sec.gov/Archives/edgar/data/0001073349/000090266421004784/xslF345X02/ownership.xml"}, {"form_type": "4", "filings_date": "2021-10-22", "url": "https://www.sec.gov/Archives/edgar/data/0001073349/000107334921000120/xslF345X03/primary_doc.xml"}, {"form_type": "DEF 14A", "filings_date": "2021-10-21", "url": "https://www.sec.gov/Archives/edgar/data/0001073349/000119312521304051/d235314ddef14a.htm"}, {"form_type": "8-K", "filings_date": "2021-10-20", "url": "https://www.sec.gov/Archives/edgar/data/0001073349/000119312521303084/d232434d8k.htm"}, {"form_type": "4", "filings_date": "2021-10-06", "url": "https://www.sec.gov/Archives/edgar/data/0001073349/000107334921000119/xslF345X03/primary_doc.xml"}, {"form_type": "8-K", "filings_date": "2021-09-17", "url": "https://www.sec.gov/Archives/edgar/data/0001073349/000107334921000118/epay-20210915.htm"}, {"form_type": "4", "filings_date": "2021-09-08", "url": "https://www.sec.gov/Archives/edgar/data/0001073349/000107334921000116/xslF345X03/primary_doc.xml"}, {"form_type": "4", "filings_date": "2021-09-07", "url": "https://www.sec.gov/Archives/edgar/data/0001073349/000107334921000115/xslF345X03/primary_doc.xml"}, {"form_type": "10-K", "filings_date": "2021-08-30", "url": "https://www.sec.gov/Archives/edgar/data/0001073349/000107334921000114/epay-20210630.htm"}, {"form_type": "4", "filings_date": "2021-08-25", "url": "https://www.sec.gov/Archives/edgar/data/0001073349/000107334921000111/xslF345X03/primary_doc.xml"}, {"form_type": "4", "filings_date": "2021-08-25", "url": "https://www.sec.gov/Archives/edgar/data/0001073349/000107334921000110/xslF345X03/primary_doc.xml"}, {"form_type": "4", "filings_date": "2021-08-25", "url": "https://www.sec.gov/Archives/edgar/data/0001073349/000107334921000109/xslF345X03/primary_doc.xml"}, {"form_type": "4", "filings_date": "2021-08-17", "url": "https://www.sec.gov/Archives/edgar/data/0001073349/000107334921000108/xslF345X03/primary_doc.xml"}, {"form_type": "4", "filings_date": "2021-08-17", "url": "https://www.sec.gov/Archives/edgar/data/0001073349/000107334921000107/xslF345X03/primary_doc.xml"}, {"form_type": "4", "filings_date": "2021-08-17", "url": "https://www.sec.gov/Archives/edgar/data/0001073349/000107334921000106/xslF345X03/primary_doc.xml"}, {"form_type": "4", "filings_date": "2021-08-17", "url": "https://www.sec.gov/Archives/edgar/data/0001073349/000107334921000105/xslF345X03/primary_doc.xml"}, {"form_type": "4", "filings_date": "2021-08-17", "url": "https://www.sec.gov/Archives/edgar/data/0001073349/000107334921000104/xslF345X03/primary_doc.xml"}, {"form_type": "4/A", "filings_date": "2021-08-17", "url": "https://www.sec.gov/Archives/edgar/data/0001073349/000107334921000103/xslF345X03/primary_doc.xml"}, {"form_type": "4/A", "filings_date": "2021-08-17", "url": "https://www.sec.gov/Archives/edgar/data/0001073349/000107334921000102/xslF345X03/primary_doc.xml"}, {"form_type": "8-K", "filings_date": "2021-08-17", "url": "https://www.sec.gov/Archives/edgar/data/0001073349/000107334921000101/epay-20210816.htm"}, {"form_type": "4", "filings_date": "2021-08-11", "url": "https://www.sec.gov/Archives/edgar/data/0001073349/000107334921000097/xslF345X03/primary_doc.xml"}, {"form_type": "4", "filings_date": "2021-08-11", "url": "https://www.sec.gov/Archives/edgar/data/0001073349/000107334921000096/xslF345X03/primary_doc.xml"}, {"form_type": "4", "filings_date": "2021-08-11", "url": "https://www.sec.gov/Archives/edgar/data/0001073349/000107334921000095/xslF345X03/primary_doc.xml"}, {"form_type": "4", "filings_date": "2021-08-11", "url": "https://www.sec.gov/Archives/edgar/data/0001073349/000107334921000094/xslF345X03/primary_doc.xml"}, {"form_type": "8-K", "filings_date": "2021-08-10", "url": "https://www.sec.gov/Archives/edgar/data/0001073349/000107334921000093/epay-20210810.htm"}, {"form_type": "4", "filings_date": "2021-08-04", "url": "https://www.sec.gov/Archives/edgar/data/0001073349/000107334921000090/xslF345X03/primary_doc.xml"}, {"form_type": "4", "filings_date": "2021-08-04", "url": "https://www.sec.gov/Archives/edgar/data/0001073349/000107334921000089/xslF345X03/primary_doc.xml"}, {"form_type": "4", "filings_date": "2021-08-04", "url": "https://www.sec.gov/Archives/edgar/data/0001073349/000107334921000088/xslF345X03/primary_doc.xml"}, {"form_type": "4", "filings_date": "2021-08-04", "url": "https://www.sec.gov/Archives/edgar/data/0001073349/000107334921000087/xslF345X03/primary_doc.xml"}, {"form_type": "8-K", "filings_date": "2021-07-23", "url": "https://www.sec.gov/Archives/edgar/data/0001073349/000107334921000086/epay-20210722.htm"}, {"form_type": "4", "filings_date": "2021-07-22", "url": "https://www.sec.gov/Archives/edgar/data/0001073349/000107334921000083/xslF345X03/primary_doc.xml"}, {"form_type": "4", "filings_date": "2021-07-22", "url": "https://www.sec.gov/Archives/edgar/data/0001073349/000107334921000082/xslF345X03/primary_doc.xml"}, {"form_type": "4", "filings_date": "2021-07-22", "url": "https://www.sec.gov/Archives/edgar/data/0001073349/000107334921000081/xslF345X03/primary_doc.xml"}, {"form_type": "4", "filings_date": "2021-07-22", "url": "https://www.sec.gov/Archives/edgar/data/0001073349/000107334921000080/xslF345X03/primary_doc.xml"}, {"form_type": "4", "filings_date": "2021-07-15", "url": "https://www.sec.gov/Archives/edgar/data/0001073349/000107334921000079/xslF345X03/primary_doc.xml"}, {"form_type": "4", "filings_date": "2021-07-15", "url": "https://www.sec.gov/Archives/edgar/data/0001073349/000107334921000078/xslF345X03/primary_doc.xml"}, {"form_type": "4", "filings_date": "2021-07-15", "url": "https://www.sec.gov/Archives/edgar/data/0001073349/000107334921000077/xslF345X03/primary_doc.xml"}, {"form_type": "4", "filings_date": "2021-07-15", "url": "https://www.sec.gov/Archives/edgar/data/0001073349/000107334921000076/xslF345X03/primary_doc.xml"}, {"form_type": "4", "filings_date": "2021-07-06", "url": "https://www.sec.gov/Archives/edgar/data/0001073349/000107334921000075/xslF345X03/primary_doc.xml"}, {"form_type": "4", "filings_date": "2021-07-06", "url": "https://www.sec.gov/Archives/edgar/data/0001073349/000107334921000074/xslF345X03/primary_doc.xml"}, {"form_type": "4", "filings_date": "2021-07-06", "url": "https://www.sec.gov/Archives/edgar/data/0001073349/000107334921000073/xslF345X03/primary_doc.xml"}, {"form_type": "4", "filings_date": "2021-07-06", "url": "https://www.sec.gov/Archives/edgar/data/0001073349/000107334921000072/xslF345X03/primary_doc.xml"}, {"form_type": "4", "filings_date": "2021-06-04", "url": "https://www.sec.gov/Archives/edgar/data/0001073349/000107334921000071/xslF345X03/primary_doc.xml"}, {"form_type": "4", "filings_date": "2021-05-25", "url": "https://www.sec.gov/Archives/edgar/data/0001073349/000107334921000070/xslF345X03/primary_doc.xml"}, {"form_type": "4", "filings_date": "2021-05-25", "url": "https://www.sec.gov/Archives/edgar/data/0001073349/000107334921000069/xslF345X03/primary_doc.xml"}, {"form_type": "4", "filings_date": "2021-05-25", "url": "https://www.sec.gov/Archives/edgar/data/0001073349/000107334921000068/xslF345X03/primary_doc.xml"}, {"form_type": "4", "filings_date": "2021-05-20", "url": "https://www.sec.gov/Archives/edgar/data/0001073349/000107334921000067/xslF345X03/primary_doc.xml"}, {"form_type": "S-8", "filings_date": "2021-05-10", "url": "https://www.sec.gov/Archives/edgar/data/0001073349/000119312521155740/d88900ds8.htm"}, {"form_type": "10-Q", "filings_date": "2021-05-10", "url": "https://www.sec.gov/Archives/edgar/data/0001073349/000107334921000066/epay-20210331.htm"}, {"form_type": "4", "filings_date": "2021-05-05", "url": "https://www.sec.gov/Archives/edgar/data/0001073349/000107334921000063/xslF345X03/primary_doc.xml"}, {"form_type": "4", "filings_date": "2021-05-05", "url": "https://www.sec.gov/Archives/edgar/data/0001073349/000107334921000062/xslF345X03/primary_doc.xml"}, {"form_type": "4", "filings_date": "2021-05-05", "url": "https://www.sec.gov/Archives/edgar/data/0001073349/000107334921000061/xslF345X03/primary_doc.xml"}, {"form_type": "4", "filings_date": "2021-05-05", "url": "https://www.sec.gov/Archives/edgar/data/0001073349/000107334921000060/xslF345X03/primary_doc.xml"}, {"form_type": "8-K", "filings_date": "2021-05-04", "url": "https://www.sec.gov/Archives/edgar/data/0001073349/000107334921000059/epay-20210504.htm"}, {"form_type": "4", "filings_date": "2021-04-15", "url": "https://www.sec.gov/Archives/edgar/data/0001073349/000107334921000055/xslF345X03/primary_doc.xml"}, {"form_type": "4", "filings_date": "2021-04-15", "url": "https://www.sec.gov/Archives/edgar/data/0001073349/000107334921000054/xslF345X03/primary_doc.xml"}, {"form_type": "4", "filings_date": "2021-04-15", "url": "https://www.sec.gov/Archives/edgar/data/0001073349/000107334921000053/xslF345X03/primary_doc.xml"}, {"form_type": "4", "filings_date": "2021-04-15", "url": "https://www.sec.gov/Archives/edgar/data/0001073349/000107334921000052/xslF345X03/primary_doc.xml"}, {"form_type": "4", "filings_date": "2021-04-07", "url": "https://www.sec.gov/Archives/edgar/data/0001073349/000107334921000051/xslF345X03/primary_doc.xml"}, {"form_type": "4", "filings_date": "2021-04-07", "url": "https://www.sec.gov/Archives/edgar/data/0001073349/000107334921000050/xslF345X03/primary_doc.xml"}, {"form_type": "4", "filings_date": "2021-04-07", "url": "https://www.sec.gov/Archives/edgar/data/0001073349/000107334921000049/xslF345X03/primary_doc.xml"}, {"form_type": "4", "filings_date": "2021-04-07", "url": "https://www.sec.gov/Archives/edgar/data/0001073349/000107334921000048/xslF345X03/primary_doc.xml"}, {"form_type": "8-K", "filings_date": "2021-03-12", "url": "https://www.sec.gov/Archives/edgar/data/0001073349/000107334921000047/epay-20210310.htm"}, {"form_type": "SC 13G/A", "filings_date": "2021-03-10", "url": "https://www.sec.gov/Archives/edgar/data/0001073349/000110465921034394/tv0007-bottomlinetechnologie.htm"}, {"form_type": "4", "filings_date": "2021-03-09", "url": "https://www.sec.gov/Archives/edgar/data/0001073349/000107334921000044/xslF345X03/primary_doc.xml"}, {"form_type": "4", "filings_date": "2021-03-04", "url": "https://www.sec.gov/Archives/edgar/data/0001073349/000107334921000043/xslF345X03/primary_doc.xml"}, {"form_type": "4", "filings_date": "2021-03-03", "url": "https://www.sec.gov/Archives/edgar/data/0001073349/000107334921000042/xslF345X03/primary_doc.xml"}, {"form_type": "3", "filings_date": "2021-03-03", "url": "https://www.sec.gov/Archives/edgar/data/0001073349/000107334921000041/xslF345X02/primary_doc.xml"}, {"form_type": "8-K", "filings_date": "2021-03-01", "url": "https://www.sec.gov/Archives/edgar/data/0001073349/000107334921000040/epay-20210301.htm"}, {"form_type": "4", "filings_date": "2021-02-26", "url": "https://www.sec.gov/Archives/edgar/data/0001073349/000107334921000036/xslF345X03/primary_doc.xml"}, {"form_type": "4", "filings_date": "2021-02-24", "url": "https://www.sec.gov/Archives/edgar/data/0001073349/000107334921000034/xslF345X03/primary_doc.xml"}, {"form_type": "4", "filings_date": "2021-02-24", "url": "https://www.sec.gov/Archives/edgar/data/0001073349/000107334921000033/xslF345X03/primary_doc.xml"}, {"form_type": "4", "filings_date": "2021-02-24", "url": "https://www.sec.gov/Archives/edgar/data/0001073349/000107334921000032/xslF345X03/primary_doc.xml"}, {"form_type": "4", "filings_date": "2021-02-17", "url": "https://www.sec.gov/Archives/edgar/data/0001073349/000107334921000031/xslF345X03/primary_doc.xml"}, {"form_type": "SC 13G/A", "filings_date": "2021-02-16", "url": "https://www.sec.gov/Archives/edgar/data/0001073349/000142284921000083/SEC13G_Filing.htm"}, {"form_type": "SC 13G/A", "filings_date": "2021-02-10", "url": "https://www.sec.gov/Archives/edgar/data/0001073349/000110465921017614/tv0402-bottomlinetechnologie.htm"}, {"form_type": "10-Q", "filings_date": "2021-02-09", "url": "https://www.sec.gov/Archives/edgar/data/0001073349/000107334921000028/epay-20201231.htm"}, {"form_type": "4", "filings_date": "2021-02-04", "url": "https://www.sec.gov/Archives/edgar/data/0001073349/000107334921000023/xslF345X03/primary_doc.xml"}, {"form_type": "4", "filings_date": "2021-02-04", "url": "https://www.sec.gov/Archives/edgar/data/0001073349/000107334921000022/xslF345X03/primary_doc.xml"}, {"form_type": "4", "filings_date": "2021-02-04", "url": "https://www.sec.gov/Archives/edgar/data/0001073349/000107334921000021/xslF345X03/primary_doc.xml"}, {"form_type": "4", "filings_date": "2021-02-04", "url": "https://www.sec.gov/Archives/edgar/data/0001073349/000107334921000020/xslF345X03/primary_doc.xml"}, {"form_type": "4", "filings_date": "2021-02-04", "url": "https://www.sec.gov/Archives/edgar/data/0001073349/000107334921000019/xslF345X03/primary_doc.xml"}, {"form_type": "8-K", "filings_date": "2021-02-03", "url": "https://www.sec.gov/Archives/edgar/data/0001073349/000107334921000018/epay-20210129.htm"}, {"form_type": "8-K", "filings_date": "2021-02-02", "url": "https://www.sec.gov/Archives/edgar/data/0001073349/000107334921000016/epay-20210202.htm"}, {"form_type": "SC 13G/A", "filings_date": "2021-01-26", "url": "https://www.sec.gov/Archives/edgar/data/0001073349/000083423721001339/us1013881065_012621.txt"}, {"form_type": "4", "filings_date": "2021-01-13", "url": "https://www.sec.gov/Archives/edgar/data/0001073349/000107334921000010/xslF345X03/primary_doc.xml"}, {"form_type": "4", "filings_date": "2021-01-13", "url": "https://www.sec.gov/Archives/edgar/data/0001073349/000107334921000009/xslF345X03/primary_doc.xml"}, {"form_type": "4", "filings_date": "2021-01-13", "url": "https://www.sec.gov/Archives/edgar/data/0001073349/000107334921000008/xslF345X03/primary_doc.xml"}, {"form_type": "4", "filings_date": "2021-01-13", "url": "https://www.sec.gov/Archives/edgar/data/0001073349/000107334921000007/xslF345X03/primary_doc.xml"}, {"form_type": "4", "filings_date": "2021-01-13", "url": "https://www.sec.gov/Archives/edgar/data/0001073349/000107334921000006/xslF345X03/primary_doc.xml"}, {"form_type": "4", "filings_date": "2021-01-07", "url": "https://www.sec.gov/Archives/edgar/data/0001073349/000107334921000005/xslF345X03/primary_doc.xml"}, {"form_type": "4", "filings_date": "2021-01-07", "url": "https://www.sec.gov/Archives/edgar/data/0001073349/000107334921000004/xslF345X03/primary_doc.xml"}, {"form_type": "4", "filings_date": "2021-01-07", "url": "https://www.sec.gov/Archives/edgar/data/0001073349/000107334921000003/xslF345X03/primary_doc.xml"}, {"form_type": "4", "filings_date": "2021-01-07", "url": "https://www.sec.gov/Archives/edgar/data/0001073349/000107334921000002/xslF345X03/primary_doc.xml"}, {"form_type": "4", "filings_date": "2021-01-07", "url": "https://www.sec.gov/Archives/edgar/data/0001073349/000107334921000001/xslF345X03/primary_doc.xml"}, {"form_type": "4", "filings_date": "2020-12-16", "url": "https://www.sec.gov/Archives/edgar/data/0001073349/000107334920000143/xslF345X03/primary_doc.xml"}, {"form_type": "4", "filings_date": "2020-12-08", "url": "https://www.sec.gov/Archives/edgar/data/0001073349/000107334920000142/xslF345X03/primary_doc.xml"}, {"form_type": "4", "filings_date": "2020-12-08", "url": "https://www.sec.gov/Archives/edgar/data/0001073349/000107334920000141/xslF345X03/primary_doc.xml"}, {"form_type": "4", "filings_date": "2020-12-07", "url": "https://www.sec.gov/Archives/edgar/data/0001073349/000107334920000140/xslF345X03/primary_doc.xml"}, {"form_type": "4", "filings_date": "2020-12-03", "url": "https://www.sec.gov/Archives/edgar/data/0001073349/000107334920000139/xslF345X03/primary_doc.xml"}, {"form_type": "4", "filings_date": "2020-12-03", "url": "https://www.sec.gov/Archives/edgar/data/0001073349/000107334920000138/xslF345X03/primary_doc.xml"}, {"form_type": "8-K", "filings_date": "2020-11-25", "url": "https://www.sec.gov/Archives/edgar/data/0001073349/000107334920000137/epay-20201119.htm"}, {"form_type": "4", "filings_date": "2020-11-24", "url": "https://www.sec.gov/Archives/edgar/data/0001073349/000107334920000135/xslF345X03/primary_doc.xml"}, {"form_type": "4/A", "filings_date": "2020-11-24", "url": "https://www.sec.gov/Archives/edgar/data/0001073349/000107334920000134/xslF345X03/primary_doc.xml"}, {"form_type": "4/A", "filings_date": "2020-11-24", "url": "https://www.sec.gov/Archives/edgar/data/0001073349/000107334920000133/xslF345X03/primary_doc.xml"}, {"form_type": "4", "filings_date": "2020-11-24", "url": "https://www.sec.gov/Archives/edgar/data/0001073349/000107334920000131/xslF345X03/primary_doc.xml"}, {"form_type": "4", "filings_date": "2020-11-24", "url": "https://www.sec.gov/Archives/edgar/data/0001073349/000107334920000130/xslF345X03/primary_doc.xml"}, {"form_type": "4", "filings_date": "2020-11-24", "url": "https://www.sec.gov/Archives/edgar/data/0001073349/000107334920000129/xslF345X03/primary_doc.xml"}, {"form_type": "4", "filings_date": "2020-11-24", "url": "https://www.sec.gov/Archives/edgar/data/0001073349/000107334920000128/xslF345X03/primary_doc.xml"}, {"form_type": "4", "filings_date": "2020-11-24", "url": "https://www.sec.gov/Archives/edgar/data/0001073349/000107334920000127/xslF345X03/primary_doc.xml"}, {"form_type": "4", "filings_date": "2020-11-24", "url": "https://www.sec.gov/Archives/edgar/data/0001073349/000107334920000126/xslF345X03/primary_doc.xml"}, {"form_type": "4", "filings_date": "2020-11-24", "url": "https://www.sec.gov/Archives/edgar/data/0001073349/000107334920000124/xslF345X03/primary_doc.xml"}, {"form_type": "4", "filings_date": "2020-11-24", "url": "https://www.sec.gov/Archives/edgar/data/0001073349/000107334920000123/xslF345X03/primary_doc.xml"}, {"form_type": "4", "filings_date": "2020-11-24", "url": "https://www.sec.gov/Archives/edgar/data/0001073349/000107334920000122/xslF345X03/primary_doc.xml"}, {"form_type": "4", "filings_date": "2020-11-18", "url": "https://www.sec.gov/Archives/edgar/data/0001073349/000107334920000121/xslF345X03/primary_doc.xml"}, {"form_type": "10-Q", "filings_date": "2020-11-09", "url": "https://www.sec.gov/Archives/edgar/data/0001073349/000107334920000118/epay-20200930.htm"}, {"form_type": "8-K", "filings_date": "2020-11-05", "url": "https://www.sec.gov/Archives/edgar/data/0001073349/000107334920000115/epay-20201105.htm"}, {"form_type": "4", "filings_date": "2020-11-03", "url": "https://www.sec.gov/Archives/edgar/data/0001073349/000107334920000111/xslF345X03/primary_doc.xml"}, {"form_type": "4", "filings_date": "2020-11-03", "url": "https://www.sec.gov/Archives/edgar/data/0001073349/000107334920000110/xslF345X03/primary_doc.xml"}, {"form_type": "4", "filings_date": "2020-11-03", "url": "https://www.sec.gov/Archives/edgar/data/0001073349/000107334920000109/xslF345X03/primary_doc.xml"}, {"form_type": "4", "filings_date": "2020-11-03", "url": "https://www.sec.gov/Archives/edgar/data/0001073349/000107334920000108/xslF345X03/primary_doc.xml"}, {"form_type": "4", "filings_date": "2020-11-03", "url": "https://www.sec.gov/Archives/edgar/data/0001073349/000107334920000107/xslF345X03/primary_doc.xml"}, {"form_type": "DEF 14A", "filings_date": "2020-10-19", "url": "https://www.sec.gov/Archives/edgar/data/0001073349/000119312520271676/d47023ddef14a.htm"}, {"form_type": "4", "filings_date": "2020-10-15", "url": "https://www.sec.gov/Archives/edgar/data/0001073349/000107334920000106/xslF345X03/primary_doc.xml"}, {"form_type": "4", "filings_date": "2020-10-15", "url": "https://www.sec.gov/Archives/edgar/data/0001073349/000107334920000105/xslF345X03/primary_doc.xml"}, {"form_type": "4", "filings_date": "2020-10-15", "url": "https://www.sec.gov/Archives/edgar/data/0001073349/000107334920000104/xslF345X03/primary_doc.xml"}, {"form_type": "4", "filings_date": "2020-10-15", "url": "https://www.sec.gov/Archives/edgar/data/0001073349/000107334920000103/xslF345X03/primary_doc.xml"}, {"form_type": "4", "filings_date": "2020-10-15", "url": "https://www.sec.gov/Archives/edgar/data/0001073349/000107334920000102/xslF345X03/primary_doc.xml"}, {"form_type": "4", "filings_date": "2020-10-06", "url": "https://www.sec.gov/Archives/edgar/data/0001073349/000107334920000101/xslF345X03/primary_doc.xml"}, {"form_type": "4", "filings_date": "2020-10-06", "url": "https://www.sec.gov/Archives/edgar/data/0001073349/000107334920000100/xslF345X03/primary_doc.xml"}, {"form_type": "4", "filings_date": "2020-10-06", "url": "https://www.sec.gov/Archives/edgar/data/0001073349/000107334920000099/xslF345X03/primary_doc.xml"}, {"form_type": "4", "filings_date": "2020-10-06", "url": "https://www.sec.gov/Archives/edgar/data/0001073349/000107334920000098/xslF345X03/primary_doc.xml"}, {"form_type": "4", "filings_date": "2020-10-06", "url": "https://www.sec.gov/Archives/edgar/data/0001073349/000107334920000097/xslF345X03/primary_doc.xml"}, {"form_type": "SC 13G/A", "filings_date": "2020-09-10", "url": "https://www.sec.gov/Archives/edgar/data/0001073349/000142284920000139/SEC13G_Filing.htm"}, {"form_type": "4", "filings_date": "2020-09-04", "url": "https://www.sec.gov/Archives/edgar/data/0001073349/000107334920000096/xslF345X03/primary_doc.xml"}, {"form_type": "10-K", "filings_date": "2020-08-28", "url": "https://www.sec.gov/Archives/edgar/data/0001073349/000107334920000095/epay-20200630.htm"}, {"form_type": "4", "filings_date": "2020-08-27", "url": "https://www.sec.gov/Archives/edgar/data/0001073349/000107334920000091/xslF345X03/primary_doc.xml"}, {"form_type": "4", "filings_date": "2020-08-27", "url": "https://www.sec.gov/Archives/edgar/data/0001073349/000107334920000090/xslF345X03/primary_doc.xml"}, {"form_type": "4", "filings_date": "2020-08-25", "url": "https://www.sec.gov/Archives/edgar/data/0001073349/000107334920000089/xslF345X03/primary_doc.xml"}, {"form_type": "4", "filings_date": "2020-08-25", "url": "https://www.sec.gov/Archives/edgar/data/0001073349/000107334920000088/xslF345X03/primary_doc.xml"}, {"form_type": "4", "filings_date": "2020-08-25", "url": "https://www.sec.gov/Archives/edgar/data/0001073349/000107334920000087/xslF345X03/primary_doc.xml"}, {"form_type": "4", "filings_date": "2020-08-25", "url": "https://www.sec.gov/Archives/edgar/data/0001073349/000107334920000086/xslF345X03/primary_doc.xml"}, {"form_type": "4", "filings_date": "2020-08-18", "url": "https://www.sec.gov/Archives/edgar/data/0001073349/000107334920000085/xslF345X03/primary_doc.xml"}, {"form_type": "4", "filings_date": "2020-08-07", "url": "https://www.sec.gov/Archives/edgar/data/0001073349/000107334920000084/xslF345X03/primary_doc.xml"}, {"form_type": "4", "filings_date": "2020-08-07", "url": "https://www.sec.gov/Archives/edgar/data/0001073349/000107334920000083/xslF345X03/primary_doc.xml"}, {"form_type": "4", "filings_date": "2020-08-07", "url": "https://www.sec.gov/Archives/edgar/data/0001073349/000107334920000082/xslF345X03/primary_doc.xml"}, {"form_type": "4", "filings_date": "2020-08-07", "url": "https://www.sec.gov/Archives/edgar/data/0001073349/000107334920000081/xslF345X03/primary_doc.xml"}, {"form_type": "4", "filings_date": "2020-08-07", "url": "https://www.sec.gov/Archives/edgar/data/0001073349/000107334920000080/xslF345X03/primary_doc.xml"}, {"form_type": "8-K", "filings_date": "2020-08-06", "url": "https://www.sec.gov/Archives/edgar/data/0001073349/000107334920000079/epay-20200806.htm"}, {"form_type": "4", "filings_date": "2020-08-04", "url": "https://www.sec.gov/Archives/edgar/data/0001073349/000107334920000073/xslF345X03/primary_doc.xml"}, {"form_type": "4", "filings_date": "2020-08-04", "url": "https://www.sec.gov/Archives/edgar/data/0001073349/000107334920000072/xslF345X03/primary_doc.xml"}, {"form_type": "4", "filings_date": "2020-08-04", "url": "https://www.sec.gov/Archives/edgar/data/0001073349/000107334920000071/xslF345X03/primary_doc.xml"}, {"form_type": "4", "filings_date": "2020-08-04", "url": "https://www.sec.gov/Archives/edgar/data/0001073349/000107334920000070/xslF345X03/primary_doc.xml"}, {"form_type": "4", "filings_date": "2020-08-04", "url": "https://www.sec.gov/Archives/edgar/data/0001073349/000107334920000069/xslF345X03/primary_doc.xml"}, {"form_type": "4", "filings_date": "2020-07-14", "url": "https://www.sec.gov/Archives/edgar/data/0001073349/000107334920000067/xslF345X03/primary_doc.xml"}, {"form_type": "4", "filings_date": "2020-07-14", "url": "https://www.sec.gov/Archives/edgar/data/0001073349/000107334920000066/xslF345X03/primary_doc.xml"}, {"form_type": "4", "filings_date": "2020-07-14", "url": "https://www.sec.gov/Archives/edgar/data/0001073349/000107334920000065/xslF345X03/primary_doc.xml"}, {"form_type": "4", "filings_date": "2020-07-14", "url": "https://www.sec.gov/Archives/edgar/data/0001073349/000107334920000064/xslF345X03/primary_doc.xml"}, {"form_type": "4", "filings_date": "2020-07-14", "url": "https://www.sec.gov/Archives/edgar/data/0001073349/000107334920000063/xslF345X03/primary_doc.xml"}, {"form_type": "4", "filings_date": "2020-07-07", "url": "https://www.sec.gov/Archives/edgar/data/0001073349/000107334920000061/xslF345X03/primary_doc.xml"}, {"form_type": "4", "filings_date": "2020-07-07", "url": "https://www.sec.gov/Archives/edgar/data/0001073349/000107334920000060/xslF345X03/primary_doc.xml"}, {"form_type": "4", "filings_date": "2020-07-06", "url": "https://www.sec.gov/Archives/edgar/data/0001073349/000107334920000049/xslF345X03/primary_doc.xml"}, {"form_type": "4", "filings_date": "2020-07-06", "url": "https://www.sec.gov/Archives/edgar/data/0001073349/000107334920000048/xslF345X03/primary_doc.xml"}, {"form_type": "4", "filings_date": "2020-07-06", "url": "https://www.sec.gov/Archives/edgar/data/0001073349/000107334920000047/xslF345X03/primary_doc.xml"}, {"form_type": "4", "filings_date": "2020-06-04", "url": "https://www.sec.gov/Archives/edgar/data/0001073349/000107334920000046/xslF345X03/primary_doc.xml"}, {"form_type": "4", "filings_date": "2020-06-03", "url": "https://www.sec.gov/Archives/edgar/data/0001073349/000107334920000045/xslF345X03/primary_doc.xml"}, {"form_type": "4", "filings_date": "2020-05-29", "url": "https://www.sec.gov/Archives/edgar/data/0001073349/000107334920000044/xslF345X03/primary_doc.xml"}, {"form_type": "S-3ASR", "filings_date": "2020-05-26", "url": "https://www.sec.gov/Archives/edgar/data/0001073349/000119312520151597/d937671ds3asr.htm"}, {"form_type": "4", "filings_date": "2020-05-22", "url": "https://www.sec.gov/Archives/edgar/data/0001073349/000107334920000043/xslF345X03/primary_doc.xml"}, {"form_type": "4", "filings_date": "2020-05-22", "url": "https://www.sec.gov/Archives/edgar/data/0001073349/000107334920000042/xslF345X03/primary_doc.xml"}, {"form_type": "4", "filings_date": "2020-05-22", "url": "https://www.sec.gov/Archives/edgar/data/0001073349/000107334920000041/xslF345X03/primary_doc.xml"}, {"form_type": "8-K", "filings_date": "2020-05-18", "url": "https://www.sec.gov/Archives/edgar/data/0001073349/000107334920000040/epay-20200518.htm"}, {"form_type": "4", "filings_date": "2020-05-18", "url": "https://www.sec.gov/Archives/edgar/data/0001073349/000107334920000037/xslF345X03/primary_doc.xml"}, {"form_type": "10-Q", "filings_date": "2020-05-11", "url": "https://www.sec.gov/Archives/edgar/data/0001073349/000107334920000036/fy20q310qdoc.htm"}, {"form_type": "8-K", "filings_date": "2020-05-06", "url": "https://www.sec.gov/Archives/edgar/data/0001073349/000107334920000032/fy20q38kercover.htm"}, {"form_type": "4", "filings_date": "2020-04-16", "url": "https://www.sec.gov/Archives/edgar/data/0001073349/000107334920000030/xslF345X03/primary_doc.xml"}, {"form_type": "4", "filings_date": "2020-04-16", "url": "https://www.sec.gov/Archives/edgar/data/0001073349/000107334920000029/xslF345X03/primary_doc.xml"}, {"form_type": "4", "filings_date": "2020-04-16", "url": "https://www.sec.gov/Archives/edgar/data/0001073349/000107334920000028/xslF345X03/primary_doc.xml"}, {"form_type": "4", "filings_date": "2020-04-16", "url": "https://www.sec.gov/Archives/edgar/data/0001073349/000107334920000027/xslF345X03/primary_doc.xml"}, {"form_type": "4", "filings_date": "2020-04-16", "url": "https://www.sec.gov/Archives/edgar/data/0001073349/000107334920000026/xslF345X03/primary_doc.xml"}, {"form_type": "4/A", "filings_date": "2020-04-07", "url": "https://www.sec.gov/Archives/edgar/data/0001073349/000107334920000025/xslF345X03/primary_doc.xml"}, {"form_type": "4", "filings_date": "2020-04-07", "url": "https://www.sec.gov/Archives/edgar/data/0001073349/000107334920000024/xslF345X03/primary_doc.xml"}, {"form_type": "4", "filings_date": "2020-04-03", "url": "https://www.sec.gov/Archives/edgar/data/0001073349/000107334920000023/xslF345X03/primary_doc.xml"}, {"form_type": "4", "filings_date": "2020-04-03", "url": "https://www.sec.gov/Archives/edgar/data/0001073349/000107334920000022/xslF345X03/primary_doc.xml"}, {"form_type": "4", "filings_date": "2020-04-03", "url": "https://www.sec.gov/Archives/edgar/data/0001073349/000107334920000021/xslF345X03/primary_doc.xml"}, {"form_type": "4", "filings_date": "2020-04-03", "url": "https://www.sec.gov/Archives/edgar/data/0001073349/000107334920000020/xslF345X03/primary_doc.xml"}, {"form_type": "4", "filings_date": "2020-04-03", "url": "https://www.sec.gov/Archives/edgar/data/0001073349/000107334920000019/xslF345X03/primary_doc.xml"}, {"form_type": "4", "filings_date": "2020-03-20", "url": "https://www.sec.gov/Archives/edgar/data/0001073349/000107334920000018/xslF345X03/primary_doc.xml"}, {"form_type": "4", "filings_date": "2020-02-24", "url": "https://www.sec.gov/Archives/edgar/data/0001073349/000107334920000017/xslF345X03/primary_doc.xml"}, {"form_type": "4", "filings_date": "2020-02-24", "url": "https://www.sec.gov/Archives/edgar/data/0001073349/000107334920000016/xslF345X03/primary_doc.xml"}, {"form_type": "SC 13G/A", "filings_date": "2020-02-14", "url": "https://www.sec.gov/Archives/edgar/data/0001073349/000142284920000054/edgepay.txt"}, {"form_type": "SC 13G/A", "filings_date": "2020-02-12", "url": "https://www.sec.gov/Archives/edgar/data/0001073349/000110465920017396/tv0889-bottomlinetechnologie.htm"}, {"form_type": "10-Q", "filings_date": "2020-02-07", "url": "https://www.sec.gov/Archives/edgar/data/0001073349/000107334920000015/fy20q210qdoc.htm"}, {"form_type": "SC 13G/A", "filings_date": "2020-02-04", "url": "https://www.sec.gov/Archives/edgar/data/0001073349/000083423720001526/us1013881065_020320.txt"}, {"form_type": "8-K", "filings_date": "2020-01-30", "url": "https://www.sec.gov/Archives/edgar/data/0001073349/000107334920000012/fy20q28kercover.htm"}, {"form_type": "4", "filings_date": "2020-01-15", "url": "https://www.sec.gov/Archives/edgar/data/0001073349/000107334920000010/xslF345X03/primary_doc.xml"}, {"form_type": "4", "filings_date": "2020-01-15", "url": "https://www.sec.gov/Archives/edgar/data/0001073349/000107334920000009/xslF345X03/primary_doc.xml"}, {"form_type": "4", "filings_date": "2020-01-15", "url": "https://www.sec.gov/Archives/edgar/data/0001073349/000107334920000008/xslF345X03/primary_doc.xml"}, {"form_type": "4", "filings_date": "2020-01-15", "url": "https://www.sec.gov/Archives/edgar/data/0001073349/000107334920000007/xslF345X03/primary_doc.xml"}, {"form_type": "4", "filings_date": "2020-01-15", "url": "https://www.sec.gov/Archives/edgar/data/0001073349/000107334920000006/xslF345X03/primary_doc.xml"}, {"form_type": "4", "filings_date": "2020-01-07", "url": "https://www.sec.gov/Archives/edgar/data/0001073349/000107334920000005/xslF345X03/primary_doc.xml"}, {"form_type": "4", "filings_date": "2020-01-07", "url": "https://www.sec.gov/Archives/edgar/data/0001073349/000107334920000004/xslF345X03/primary_doc.xml"}, {"form_type": "4", "filings_date": "2020-01-07", "url": "https://www.sec.gov/Archives/edgar/data/0001073349/000107334920000003/xslF345X03/primary_doc.xml"}, {"form_type": "4", "filings_date": "2020-01-07", "url": "https://www.sec.gov/Archives/edgar/data/0001073349/000107334920000002/xslF345X03/primary_doc.xml"}, {"form_type": "4", "filings_date": "2020-01-07", "url": "https://www.sec.gov/Archives/edgar/data/0001073349/000107334920000001/xslF345X03/primary_doc.xml"}, {"form_type": "4", "filings_date": "2019-12-06", "url": "https://www.sec.gov/Archives/edgar/data/0001073349/000107334919000107/xslF345X03/primary_doc.xml"}, {"form_type": "4", "filings_date": "2019-12-06", "url": "https://www.sec.gov/Archives/edgar/data/0001073349/000107334919000106/xslF345X03/primary_doc.xml"}, {"form_type": "4", "filings_date": "2019-12-06", "url": "https://www.sec.gov/Archives/edgar/data/0001073349/000107334919000105/xslF345X03/primary_doc.xml"}, {"form_type": "4", "filings_date": "2019-12-06", "url": "https://www.sec.gov/Archives/edgar/data/0001073349/000107334919000104/xslF345X03/primary_doc.xml"}, {"form_type": "4", "filings_date": "2019-12-06", "url": "https://www.sec.gov/Archives/edgar/data/0001073349/000107334919000103/xslF345X03/primary_doc.xml"}, {"form_type": "4", "filings_date": "2019-12-06", "url": "https://www.sec.gov/Archives/edgar/data/0001073349/000107334919000102/xslF345X03/primary_doc.xml"}, {"form_type": "4", "filings_date": "2019-12-05", "url": "https://www.sec.gov/Archives/edgar/data/0001073349/000107334919000101/xslF345X03/primary_doc.xml"}, {"form_type": "4", "filings_date": "2019-12-05", "url": "https://www.sec.gov/Archives/edgar/data/0001073349/000107334919000100/xslF345X03/primary_doc.xml"}, {"form_type": "4", "filings_date": "2019-12-05", "url": "https://www.sec.gov/Archives/edgar/data/0001073349/000107334919000099/xslF345X03/primary_doc.xml"}, {"form_type": "4", "filings_date": "2019-12-05", "url": "https://www.sec.gov/Archives/edgar/data/0001073349/000107334919000098/xslF345X03/primary_doc.xml"}, {"form_type": "S-8", "filings_date": "2019-12-04", "url": "https://www.sec.gov/Archives/edgar/data/0001073349/000119312519305816/d834237ds8.htm"}, {"form_type": "4", "filings_date": "2019-12-02", "url": "https://www.sec.gov/Archives/edgar/data/0001073349/000107334919000097/xslF345X03/primary_doc.xml"}, {"form_type": "4", "filings_date": "2019-11-29", "url": "https://www.sec.gov/Archives/edgar/data/0001073349/000107334919000096/xslF345X03/primary_doc.xml"}, {"form_type": "4", "filings_date": "2019-11-25", "url": "https://www.sec.gov/Archives/edgar/data/0001073349/000107334919000095/xslF345X03/primary_doc.xml"}, {"form_type": "4", "filings_date": "2019-11-25", "url": "https://www.sec.gov/Archives/edgar/data/0001073349/000107334919000094/xslF345X03/primary_doc.xml"}, {"form_type": "4", "filings_date": "2019-11-25", "url": "https://www.sec.gov/Archives/edgar/data/0001073349/000107334919000093/xslF345X03/primary_doc.xml"}, {"form_type": "8-K", "filings_date": "2019-11-25", "url": "https://www.sec.gov/Archives/edgar/data/0001073349/000107334919000092/fy20q28k801otherevents.htm"}, {"form_type": "8-K", "filings_date": "2019-11-25", "url": "https://www.sec.gov/Archives/edgar/data/0001073349/000107334919000090/fy20q28kannualmeetingr.htm"}, {"form_type": "10-Q", "filings_date": "2019-11-08", "url": "https://www.sec.gov/Archives/edgar/data/0001073349/000107334919000087/fy20q110qdoc.htm"}, {"form_type": "8-K", "filings_date": "2019-11-08", "url": "https://www.sec.gov/Archives/edgar/data/0001073349/000107334919000085/fy20q18kerdoc.htm"}, {"form_type": "4", "filings_date": "2019-10-21", "url": "https://www.sec.gov/Archives/edgar/data/0001073349/000107334919000080/xslF345X03/primary_doc.xml"}, {"form_type": "DEF 14A", "filings_date": "2019-10-18", "url": "https://www.sec.gov/Archives/edgar/data/0001073349/000107334919000078/fy19proxydoc.htm"}, {"form_type": "4", "filings_date": "2019-10-15", "url": "https://www.sec.gov/Archives/edgar/data/0001073349/000107334919000074/xslF345X03/primary_doc.xml"}, {"form_type": "4", "filings_date": "2019-10-15", "url": "https://www.sec.gov/Archives/edgar/data/0001073349/000107334919000073/xslF345X03/primary_doc.xml"}, {"form_type": "4", "filings_date": "2019-10-15", "url": "https://www.sec.gov/Archives/edgar/data/0001073349/000107334919000072/xslF345X03/primary_doc.xml"}, {"form_type": "4", "filings_date": "2019-10-15", "url": "https://www.sec.gov/Archives/edgar/data/0001073349/000107334919000071/xslF345X03/primary_doc.xml"}, {"form_type": "4", "filings_date": "2019-10-15", "url": "https://www.sec.gov/Archives/edgar/data/0001073349/000107334919000070/xslF345X03/primary_doc.xml"}, {"form_type": "4", "filings_date": "2019-10-04", "url": "https://www.sec.gov/Archives/edgar/data/0001073349/000107334919000069/xslF345X03/primary_doc.xml"}, {"form_type": "4", "filings_date": "2019-10-04", "url": "https://www.sec.gov/Archives/edgar/data/0001073349/000107334919000068/xslF345X03/primary_doc.xml"}, {"form_type": "4", "filings_date": "2019-10-04", "url": "https://www.sec.gov/Archives/edgar/data/0001073349/000107334919000067/xslF345X03/primary_doc.xml"}, {"form_type": "4", "filings_date": "2019-10-04", "url": "https://www.sec.gov/Archives/edgar/data/0001073349/000107334919000066/xslF345X03/primary_doc.xml"}, {"form_type": "4", "filings_date": "2019-10-04", "url": "https://www.sec.gov/Archives/edgar/data/0001073349/000107334919000065/xslF345X03/primary_doc.xml"}, {"form_type": "8-K", "filings_date": "2019-10-03", "url": "https://www.sec.gov/Archives/edgar/data/0001073349/000107334919000064/fy20q28k502.htm"}, {"form_type": "4", "filings_date": "2019-10-02", "url": "https://www.sec.gov/Archives/edgar/data/0001073349/000107334919000061/xslF345X03/primary_doc.xml"}, {"form_type": "4", "filings_date": "2019-10-02", "url": "https://www.sec.gov/Archives/edgar/data/0001073349/000107334919000060/xslF345X03/primary_doc.xml"}, {"form_type": "4", "filings_date": "2019-09-12", "url": "https://www.sec.gov/Archives/edgar/data/0001073349/000107334919000059/xslF345X03/primary_doc.xml"}, {"form_type": "4", "filings_date": "2019-09-12", "url": "https://www.sec.gov/Archives/edgar/data/0001073349/000107334919000058/xslF345X03/primary_doc.xml"}, {"form_type": "4", "filings_date": "2019-09-11", "url": "https://www.sec.gov/Archives/edgar/data/0001073349/000107334919000057/xslF345X03/primary_doc.xml"}, {"form_type": "4", "filings_date": "2019-09-05", "url": "https://www.sec.gov/Archives/edgar/data/0001073349/000107334919000056/xslF345X03/primary_doc.xml"}, {"form_type": "4", "filings_date": "2019-09-04", "url": "https://www.sec.gov/Archives/edgar/data/0001073349/000107334919000055/xslF345X03/primary_doc.xml"}, {"form_type": "10-K", "filings_date": "2019-08-29", "url": "https://www.sec.gov/Archives/edgar/data/0001073349/000107334919000054/fy19q410kdoc.htm"}, {"form_type": "4", "filings_date": "2019-08-26", "url": "https://www.sec.gov/Archives/edgar/data/0001073349/000107334919000051/xslF345X03/primary_doc.xml"}, {"form_type": "4", "filings_date": "2019-08-23", "url": "https://www.sec.gov/Archives/edgar/data/0001073349/000107334919000050/xslF345X03/primary_doc.xml"}, {"form_type": "4", "filings_date": "2019-08-21", "url": "https://www.sec.gov/Archives/edgar/data/0001073349/000107334919000049/xslF345X03/primary_doc.xml"}, {"form_type": "8-K/A", "filings_date": "2019-08-14", "url": "https://www.sec.gov/Archives/edgar/data/0001073349/000119312519220542/d758945d8ka.htm"}, {"form_type": "8-K", "filings_date": "2019-08-08", "url": "https://www.sec.gov/Archives/edgar/data/0001073349/000119312519216797/d791077d8k.htm"}, {"form_type": "4/A", "filings_date": "2019-07-29", "url": "https://www.sec.gov/Archives/edgar/data/0001073349/000107334919000048/xslF345X03/primary_doc.xml"}, {"form_type": "4", "filings_date": "2019-07-26", "url": "https://www.sec.gov/Archives/edgar/data/0001073349/000107334919000047/xslF345X03/primary_doc.xml"}, {"form_type": "4", "filings_date": "2019-07-26", "url": "https://www.sec.gov/Archives/edgar/data/0001073349/000107334919000046/xslF345X03/primary_doc.xml"}, {"form_type": "4", "filings_date": "2019-07-26", "url": "https://www.sec.gov/Archives/edgar/data/0001073349/000107334919000045/xslF345X03/primary_doc.xml"}, {"form_type": "4", "filings_date": "2019-07-26", "url": "https://www.sec.gov/Archives/edgar/data/0001073349/000107334919000044/xslF345X03/primary_doc.xml"}, {"form_type": "4", "filings_date": "2019-07-26", "url": "https://www.sec.gov/Archives/edgar/data/0001073349/000107334919000043/xslF345X03/primary_doc.xml"}, {"form_type": "4", "filings_date": "2019-07-17", "url": "https://www.sec.gov/Archives/edgar/data/0001073349/000107334919000042/xslF345X03/primary_doc.xml"}, {"form_type": "4", "filings_date": "2019-07-12", "url": "https://www.sec.gov/Archives/edgar/data/0001073349/000107334919000041/xslF345X03/primary_doc.xml"}, {"form_type": "4", "filings_date": "2019-07-12", "url": "https://www.sec.gov/Archives/edgar/data/0001073349/000107334919000040/xslF345X03/primary_doc.xml"}, {"form_type": "4", "filings_date": "2019-07-12", "url": "https://www.sec.gov/Archives/edgar/data/0001073349/000107334919000039/xslF345X03/primary_doc.xml"}, {"form_type": "4", "filings_date": "2019-07-12", "url": "https://www.sec.gov/Archives/edgar/data/0001073349/000107334919000038/xslF345X03/primary_doc.xml"}, {"form_type": "4", "filings_date": "2019-07-12", "url": "https://www.sec.gov/Archives/edgar/data/0001073349/000107334919000037/xslF345X03/primary_doc.xml"}, {"form_type": "4", "filings_date": "2019-07-03", "url": "https://www.sec.gov/Archives/edgar/data/0001073349/000107334919000036/xslF345X03/primary_doc.xml"}, {"form_type": "4", "filings_date": "2019-07-03", "url": "https://www.sec.gov/Archives/edgar/data/0001073349/000107334919000035/xslF345X03/primary_doc.xml"}, {"form_type": "4", "filings_date": "2019-07-03", "url": "https://www.sec.gov/Archives/edgar/data/0001073349/000107334919000034/xslF345X03/primary_doc.xml"}, {"form_type": "4", "filings_date": "2019-07-03", "url": "https://www.sec.gov/Archives/edgar/data/0001073349/000107334919000033/xslF345X03/primary_doc.xml"}, {"form_type": "4", "filings_date": "2019-07-03", "url": "https://www.sec.gov/Archives/edgar/data/0001073349/000107334919000032/xslF345X03/primary_doc.xml"}, {"form_type": "4", "filings_date": "2019-06-12", "url": "https://www.sec.gov/Archives/edgar/data/0001073349/000107334919000031/xslF345X03/primary_doc.xml"}, {"form_type": "4", "filings_date": "2019-06-11", "url": "https://www.sec.gov/Archives/edgar/data/0001073349/000107334919000030/xslF345X03/primary_doc.xml"}, {"form_type": "4", "filings_date": "2019-06-06", "url": "https://www.sec.gov/Archives/edgar/data/0001073349/000107334919000029/xslF345X03/primary_doc.xml"}, {"form_type": "4", "filings_date": "2019-06-06", "url": "https://www.sec.gov/Archives/edgar/data/0001073349/000107334919000028/xslF345X03/primary_doc.xml"}, {"form_type": "8-K", "filings_date": "2019-06-06", "url": "https://www.sec.gov/Archives/edgar/data/0001073349/000119312519167231/d741380d8k.htm"}, {"form_type": "4", "filings_date": "2019-06-04", "url": "https://www.sec.gov/Archives/edgar/data/0001073349/000107334919000027/xslF345X03/primary_doc.xml"}, {"form_type": "4", "filings_date": "2019-05-22", "url": "https://www.sec.gov/Archives/edgar/data/0001073349/000107334919000026/xslF345X03/primary_doc.xml"}, {"form_type": "4", "filings_date": "2019-05-22", "url": "https://www.sec.gov/Archives/edgar/data/0001073349/000107334919000025/xslF345X03/primary_doc.xml"}, {"form_type": "4", "filings_date": "2019-05-20", "url": "https://www.sec.gov/Archives/edgar/data/0001073349/000107334919000024/xslF345X03/primary_doc.xml"}, {"form_type": "10-Q", "filings_date": "2019-05-10", "url": "https://www.sec.gov/Archives/edgar/data/0001073349/000119312519143715/d689210d10q.htm"}, {"form_type": "8-K", "filings_date": "2019-05-09", "url": "https://www.sec.gov/Archives/edgar/data/0001073349/000119312519142432/d739451d8k.htm"}, {"form_type": "8-K", "filings_date": "2019-05-02", "url": "https://www.sec.gov/Archives/edgar/data/0001073349/000119312519134971/d733681d8k.htm"}, {"form_type": "4", "filings_date": "2019-04-15", "url": "https://www.sec.gov/Archives/edgar/data/0001073349/000107334919000023/xslF345X03/primary_doc.xml"}, {"form_type": "4", "filings_date": "2019-04-15", "url": "https://www.sec.gov/Archives/edgar/data/0001073349/000107334919000022/xslF345X03/primary_doc.xml"}, {"form_type": "4", "filings_date": "2019-04-03", "url": "https://www.sec.gov/Archives/edgar/data/0001073349/000107334919000021/xslF345X03/primary_doc.xml"}, {"form_type": "4", "filings_date": "2019-04-03", "url": "https://www.sec.gov/Archives/edgar/data/0001073349/000107334919000020/xslF345X03/primary_doc.xml"}, {"form_type": "4", "filings_date": "2019-04-03", "url": "https://www.sec.gov/Archives/edgar/data/0001073349/000107334919000019/xslF345X03/primary_doc.xml"}, {"form_type": "4", "filings_date": "2019-04-02", "url": "https://www.sec.gov/Archives/edgar/data/0001073349/000107334919000018/xslF345X03/primary_doc.xml"}, {"form_type": "4", "filings_date": "2019-04-02", "url": "https://www.sec.gov/Archives/edgar/data/0001073349/000107334919000017/xslF345X03/primary_doc.xml"}, {"form_type": "4", "filings_date": "2019-03-18", "url": "https://www.sec.gov/Archives/edgar/data/0001073349/000107334919000016/xslF345X03/primary_doc.xml"}, {"form_type": "4", "filings_date": "2019-03-08", "url": "https://www.sec.gov/Archives/edgar/data/0001073349/000107334919000015/xslF345X03/primary_doc.xml"}, {"form_type": "8-K", "filings_date": "2019-03-08", "url": "https://www.sec.gov/Archives/edgar/data/0001073349/000119312519068408/d716203d8k.htm"}, {"form_type": "4", "filings_date": "2019-03-04", "url": "https://www.sec.gov/Archives/edgar/data/0001073349/000107334919000014/xslF345X03/primary_doc.xml"}, {"form_type": "4", "filings_date": "2019-02-20", "url": "https://www.sec.gov/Archives/edgar/data/0001073349/000107334919000013/xslF345X03/primary_doc.xml"}, {"form_type": "4", "filings_date": "2019-02-15", "url": "https://www.sec.gov/Archives/edgar/data/0001073349/000107334919000012/xslF345X03/primary_doc.xml"}, {"form_type": "SC 13G", "filings_date": "2019-02-14", "url": "https://www.sec.gov/Archives/edgar/data/0001073349/000142284919000048/edgepay.txt"}, {"form_type": "10-Q", "filings_date": "2019-02-08", "url": "https://www.sec.gov/Archives/edgar/data/0001073349/000119312519032024/d675465d10q.htm"}, {"form_type": "S-8", "filings_date": "2019-02-08", "url": "https://www.sec.gov/Archives/edgar/data/0001073349/000119312519032016/d695129ds8.htm"}, {"form_type": "8-K", "filings_date": "2019-01-31", "url": "https://www.sec.gov/Archives/edgar/data/0001073349/000119312519023942/d663078d8k.htm"}, {"form_type": "SC 13G/A", "filings_date": "2019-01-24", "url": "https://www.sec.gov/Archives/edgar/data/0001073349/000021545719000952/us1013881065_012419.txt"}, {"form_type": "4", "filings_date": "2019-01-17", "url": "https://www.sec.gov/Archives/edgar/data/0001073349/000107334919000011/xslF345X03/primary_doc.xml"}, {"form_type": "4", "filings_date": "2019-01-14", "url": "https://www.sec.gov/Archives/edgar/data/0001073349/000107334919000010/xslF345X03/primary_doc.xml"}, {"form_type": "4", "filings_date": "2019-01-14", "url": "https://www.sec.gov/Archives/edgar/data/0001073349/000107334919000009/xslF345X03/primary_doc.xml"}, {"form_type": "SC 13G/A", "filings_date": "2019-01-10", "url": "https://www.sec.gov/Archives/edgar/data/0001073349/000093247119001295/bottomlinetechnologiesdeinc.htm"}, {"form_type": "4", "filings_date": "2019-01-04", "url": "https://www.sec.gov/Archives/edgar/data/0001073349/000107334919000008/xslF345X03/primary_doc.xml"}, {"form_type": "4", "filings_date": "2019-01-04", "url": "https://www.sec.gov/Archives/edgar/data/0001073349/000107334919000007/xslF345X03/primary_doc.xml"}, {"form_type": "4", "filings_date": "2019-01-04", "url": "https://www.sec.gov/Archives/edgar/data/0001073349/000107334919000006/xslF345X03/primary_doc.xml"}, {"form_type": "4", "filings_date": "2019-01-04", "url": "https://www.sec.gov/Archives/edgar/data/0001073349/000107334919000005/xslF345X03/primary_doc.xml"}, {"form_type": "4", "filings_date": "2019-01-04", "url": "https://www.sec.gov/Archives/edgar/data/0001073349/000107334919000002/xslF345X03/primary_doc.xml"}, {"form_type": "4", "filings_date": "2018-12-17", "url": "https://www.sec.gov/Archives/edgar/data/0001073349/000107334918000091/xslF345X03/primary_doc.xml"}, {"form_type": "4", "filings_date": "2018-12-11", "url": "https://www.sec.gov/Archives/edgar/data/0001073349/000107334918000090/xslF345X03/primary_doc.xml"}, {"form_type": "4", "filings_date": "2018-12-10", "url": "https://www.sec.gov/Archives/edgar/data/0001073349/000107334918000089/xslF345X03/primary_doc.xml"}, {"form_type": "4", "filings_date": "2018-12-06", "url": "https://www.sec.gov/Archives/edgar/data/0001073349/000107334918000088/xslF345X03/primary_doc.xml"}, {"form_type": "4", "filings_date": "2018-12-04", "url": "https://www.sec.gov/Archives/edgar/data/0001073349/000107334918000087/xslF345X03/primary_doc.xml"}, {"form_type": "4", "filings_date": "2018-11-19", "url": "https://www.sec.gov/Archives/edgar/data/0001073349/000107334918000086/xslF345X03/primary_doc.xml"}, {"form_type": "4", "filings_date": "2018-11-19", "url": "https://www.sec.gov/Archives/edgar/data/0001073349/000107334918000085/xslF345X03/primary_doc.xml"}, {"form_type": "4", "filings_date": "2018-11-19", "url": "https://www.sec.gov/Archives/edgar/data/0001073349/000107334918000084/xslF345X03/primary_doc.xml"}, {"form_type": "4", "filings_date": "2018-11-19", "url": "https://www.sec.gov/Archives/edgar/data/0001073349/000107334918000083/xslF345X03/primary_doc.xml"}, {"form_type": "4", "filings_date": "2018-11-19", "url": "https://www.sec.gov/Archives/edgar/data/0001073349/000107334918000082/xslF345X03/primary_doc.xml"}, {"form_type": "4", "filings_date": "2018-11-19", "url": "https://www.sec.gov/Archives/edgar/data/0001073349/000107334918000081/xslF345X03/primary_doc.xml"}, {"form_type": "4", "filings_date": "2018-11-19", "url": "https://www.sec.gov/Archives/edgar/data/0001073349/000107334918000080/xslF345X03/primary_doc.xml"}, {"form_type": "8-K", "filings_date": "2018-11-19", "url": "https://www.sec.gov/Archives/edgar/data/0001073349/000119312518329812/d655771d8k.htm"}, {"form_type": "10-Q", "filings_date": "2018-11-09", "url": "https://www.sec.gov/Archives/edgar/data/0001073349/000119312518323803/d615332d10q.htm"}, {"form_type": "8-K", "filings_date": "2018-11-08", "url": "https://www.sec.gov/Archives/edgar/data/0001073349/000119312518322512/d647742d8k.htm"}, {"form_type": "4", "filings_date": "2018-11-07", "url": "https://www.sec.gov/Archives/edgar/data/0001073349/000107334918000079/xslF345X03/primary_doc.xml"}, {"form_type": "DEF 14A", "filings_date": "2018-10-15", "url": "https://www.sec.gov/Archives/edgar/data/0001073349/000119312518298898/d584480ddef14a.htm"}, {"form_type": "4", "filings_date": "2018-10-12", "url": "https://www.sec.gov/Archives/edgar/data/0001073349/000107334918000078/xslF345X03/primary_doc.xml"}, {"form_type": "4", "filings_date": "2018-10-12", "url": "https://www.sec.gov/Archives/edgar/data/0001073349/000107334918000077/xslF345X03/primary_doc.xml"}, {"form_type": "4", "filings_date": "2018-10-03", "url": "https://www.sec.gov/Archives/edgar/data/0001073349/000107334918000076/xslF345X03/primary_doc.xml"}, {"form_type": "4", "filings_date": "2018-10-03", "url": "https://www.sec.gov/Archives/edgar/data/0001073349/000107334918000075/xslF345X03/primary_doc.xml"}, {"form_type": "4", "filings_date": "2018-10-03", "url": "https://www.sec.gov/Archives/edgar/data/0001073349/000107334918000074/xslF345X03/primary_doc.xml"}, {"form_type": "4", "filings_date": "2018-10-02", "url": "https://www.sec.gov/Archives/edgar/data/0001073349/000107334918000073/xslF345X03/primary_doc.xml"}, {"form_type": "4", "filings_date": "2018-10-02", "url": "https://www.sec.gov/Archives/edgar/data/0001073349/000107334918000072/xslF345X03/primary_doc.xml"}, {"form_type": "4", "filings_date": "2018-09-12", "url": "https://www.sec.gov/Archives/edgar/data/0001073349/000107334918000071/xslF345X03/primary_doc.xml"}, {"form_type": "4", "filings_date": "2018-09-12", "url": "https://www.sec.gov/Archives/edgar/data/0001073349/000107334918000070/xslF345X03/primary_doc.xml"}, {"form_type": "4", "filings_date": "2018-09-12", "url": "https://www.sec.gov/Archives/edgar/data/0001073349/000107334918000069/xslF345X03/primary_doc.xml"}, {"form_type": "4", "filings_date": "2018-09-11", "url": "https://www.sec.gov/Archives/edgar/data/0001073349/000107334918000068/xslF345X03/primary_doc.xml"}, {"form_type": "4", "filings_date": "2018-09-07", "url": "https://www.sec.gov/Archives/edgar/data/0001073349/000107334918000067/xslF345X03/primary_doc.xml"}, {"form_type": "4", "filings_date": "2018-09-06", "url": "https://www.sec.gov/Archives/edgar/data/0001073349/000107334918000066/xslF345X03/primary_doc.xml"}, {"form_type": "4", "filings_date": "2018-09-04", "url": "https://www.sec.gov/Archives/edgar/data/0001073349/000107334918000065/xslF345X03/primary_doc.xml"}, {"form_type": "4", "filings_date": "2018-08-29", "url": "https://www.sec.gov/Archives/edgar/data/0001073349/000107334918000064/xslF345X03/primary_doc.xml"}, {"form_type": "4", "filings_date": "2018-08-29", "url": "https://www.sec.gov/Archives/edgar/data/0001073349/000107334918000063/xslF345X03/primary_doc.xml"}, {"form_type": "4", "filings_date": "2018-08-29", "url": "https://www.sec.gov/Archives/edgar/data/0001073349/000107334918000062/xslF345X03/primary_doc.xml"}, {"form_type": "10-K", "filings_date": "2018-08-29", "url": "https://www.sec.gov/Archives/edgar/data/0001073349/000119312518261251/d770967d10k.htm"}, {"form_type": "4", "filings_date": "2018-08-27", "url": "https://www.sec.gov/Archives/edgar/data/0001073349/000107334918000061/xslF345X03/primary_doc.xml"}, {"form_type": "4", "filings_date": "2018-08-23", "url": "https://www.sec.gov/Archives/edgar/data/0001073349/000107334918000060/xslF345X03/primary_doc.xml"}, {"form_type": "4", "filings_date": "2018-08-23", "url": "https://www.sec.gov/Archives/edgar/data/0001073349/000107334918000059/xslF345X03/primary_doc.xml"}, {"form_type": "4", "filings_date": "2018-08-16", "url": "https://www.sec.gov/Archives/edgar/data/0001073349/000107334918000058/xslF345X03/primary_doc.xml"}, {"form_type": "8-K", "filings_date": "2018-08-09", "url": "https://www.sec.gov/Archives/edgar/data/0001073349/000119312518244301/d605668d8k.htm"}, {"form_type": "4", "filings_date": "2018-08-08", "url": "https://www.sec.gov/Archives/edgar/data/0001073349/000107334918000057/xslF345X03/primary_doc.xml"}, {"form_type": "4", "filings_date": "2018-08-01", "url": "https://www.sec.gov/Archives/edgar/data/0001073349/000107334918000056/xslF345X03/primary_doc.xml"}, {"form_type": "4", "filings_date": "2018-08-01", "url": "https://www.sec.gov/Archives/edgar/data/0001073349/000107334918000055/xslF345X03/primary_doc.xml"}, {"form_type": "4", "filings_date": "2018-08-01", "url": "https://www.sec.gov/Archives/edgar/data/0001073349/000107334918000054/xslF345X03/primary_doc.xml"}, {"form_type": "4", "filings_date": "2018-08-01", "url": "https://www.sec.gov/Archives/edgar/data/0001073349/000107334918000053/xslF345X03/primary_doc.xml"}, {"form_type": "4", "filings_date": "2018-08-01", "url": "https://www.sec.gov/Archives/edgar/data/0001073349/000107334918000052/xslF345X03/primary_doc.xml"}, {"form_type": "4", "filings_date": "2018-07-12", "url": "https://www.sec.gov/Archives/edgar/data/0001073349/000107334918000051/xslF345X03/primary_doc.xml"}, {"form_type": "4", "filings_date": "2018-07-12", "url": "https://www.sec.gov/Archives/edgar/data/0001073349/000107334918000050/xslF345X03/primary_doc.xml"}, {"form_type": "4", "filings_date": "2018-07-03", "url": "https://www.sec.gov/Archives/edgar/data/0001073349/000107334918000049/xslF345X03/primary_doc.xml"}, {"form_type": "4", "filings_date": "2018-07-03", "url": "https://www.sec.gov/Archives/edgar/data/0001073349/000107334918000048/xslF345X03/primary_doc.xml"}, {"form_type": "4", "filings_date": "2018-07-03", "url": "https://www.sec.gov/Archives/edgar/data/0001073349/000107334918000047/xslF345X03/primary_doc.xml"}, {"form_type": "4", "filings_date": "2018-07-03", "url": "https://www.sec.gov/Archives/edgar/data/0001073349/000107334918000046/xslF345X03/primary_doc.xml"}, {"form_type": "4", "filings_date": "2018-07-03", "url": "https://www.sec.gov/Archives/edgar/data/0001073349/000107334918000045/xslF345X03/primary_doc.xml"}, {"form_type": "4", "filings_date": "2018-06-15", "url": "https://www.sec.gov/Archives/edgar/data/0001073349/000107334918000044/xslF345X03/primary_doc.xml"}, {"form_type": "4", "filings_date": "2018-06-13", "url": "https://www.sec.gov/Archives/edgar/data/0001073349/000107334918000043/xslF345X03/primary_doc.xml"}, {"form_type": "4", "filings_date": "2018-06-13", "url": "https://www.sec.gov/Archives/edgar/data/0001073349/000107334918000042/xslF345X03/primary_doc.xml"}, {"form_type": "4", "filings_date": "2018-06-11", "url": "https://www.sec.gov/Archives/edgar/data/0001073349/000107334918000041/xslF345X03/primary_doc.xml"}, {"form_type": "4", "filings_date": "2018-06-07", "url": "https://www.sec.gov/Archives/edgar/data/0001073349/000107334918000040/xslF345X03/primary_doc.xml"}, {"form_type": "4", "filings_date": "2018-06-07", "url": "https://www.sec.gov/Archives/edgar/data/0001073349/000107334918000039/xslF345X03/primary_doc.xml"}, {"form_type": "4", "filings_date": "2018-06-05", "url": "https://www.sec.gov/Archives/edgar/data/0001073349/000107334918000038/xslF345X03/primary_doc.xml"}, {"form_type": "4", "filings_date": "2018-05-25", "url": "https://www.sec.gov/Archives/edgar/data/0001073349/000107334918000037/xslF345X03/primary_doc.xml"}, {"form_type": "4", "filings_date": "2018-05-25", "url": "https://www.sec.gov/Archives/edgar/data/0001073349/000107334918000036/xslF345X03/primary_doc.xml"}, {"form_type": "4", "filings_date": "2018-05-21", "url": "https://www.sec.gov/Archives/edgar/data/0001073349/000107334918000035/xslF345X03/primary_doc.xml"}, {"form_type": "4", "filings_date": "2018-05-21", "url": "https://www.sec.gov/Archives/edgar/data/0001073349/000107334918000034/xslF345X03/primary_doc.xml"}, {"form_type": "4", "filings_date": "2018-05-15", "url": "https://www.sec.gov/Archives/edgar/data/0001073349/000107334918000033/xslF345X03/primary_doc.xml"}, {"form_type": "4", "filings_date": "2018-05-10", "url": "https://www.sec.gov/Archives/edgar/data/0001073349/000107334918000032/xslF345X03/primary_doc.xml"}, {"form_type": "10-Q", "filings_date": "2018-05-08", "url": "https://www.sec.gov/Archives/edgar/data/0001073349/000119312518155329/d554328d10q.htm"}, {"form_type": "8-K", "filings_date": "2018-05-03", "url": "https://www.sec.gov/Archives/edgar/data/0001073349/000119312518150780/d573620d8k.htm"}, {"form_type": "4", "filings_date": "2018-04-12", "url": "https://www.sec.gov/Archives/edgar/data/0001073349/000107334918000031/xslF345X03/primary_doc.xml"}, {"form_type": "4", "filings_date": "2018-04-12", "url": "https://www.sec.gov/Archives/edgar/data/0001073349/000107334918000030/xslF345X03/primary_doc.xml"}, {"form_type": "4", "filings_date": "2018-04-04", "url": "https://www.sec.gov/Archives/edgar/data/0001073349/000107334918000029/xslF345X03/primary_doc.xml"}, {"form_type": "4", "filings_date": "2018-04-04", "url": "https://www.sec.gov/Archives/edgar/data/0001073349/000107334918000028/xslF345X03/primary_doc.xml"}, {"form_type": "4", "filings_date": "2018-04-04", "url": "https://www.sec.gov/Archives/edgar/data/0001073349/000107334918000027/xslF345X03/primary_doc.xml"}, {"form_type": "4", "filings_date": "2018-04-04", "url": "https://www.sec.gov/Archives/edgar/data/0001073349/000107334918000026/xslF345X03/primary_doc.xml"}, {"form_type": "4", "filings_date": "2018-04-04", "url": "https://www.sec.gov/Archives/edgar/data/0001073349/000107334918000025/xslF345X03/primary_doc.xml"}, {"form_type": "4", "filings_date": "2018-04-02", "url": "https://www.sec.gov/Archives/edgar/data/0001073349/000107334918000024/xslF345X03/primary_doc.xml"}, {"form_type": "4", "filings_date": "2018-04-02", "url": "https://www.sec.gov/Archives/edgar/data/0001073349/000107334918000023/xslF345X03/primary_doc.xml"}, {"form_type": "4", "filings_date": "2018-03-14", "url": "https://www.sec.gov/Archives/edgar/data/0001073349/000107334918000022/xslF345X03/primary_doc.xml"}, {"form_type": "4", "filings_date": "2018-03-14", "url": "https://www.sec.gov/Archives/edgar/data/0001073349/000107334918000021/xslF345X03/primary_doc.xml"}, {"form_type": "4", "filings_date": "2018-03-07", "url": "https://www.sec.gov/Archives/edgar/data/0001073349/000107334918000020/xslF345X03/primary_doc.xml"}, {"form_type": "4", "filings_date": "2018-03-07", "url": "https://www.sec.gov/Archives/edgar/data/0001073349/000107334918000019/xslF345X03/primary_doc.xml"}, {"form_type": "4", "filings_date": "2018-03-06", "url": "https://www.sec.gov/Archives/edgar/data/0001073349/000107334918000018/xslF345X03/primary_doc.xml"}, {"form_type": "4", "filings_date": "2018-03-05", "url": "https://www.sec.gov/Archives/edgar/data/0001073349/000107334918000017/xslF345X03/primary_doc.xml"}, {"form_type": "4", "filings_date": "2018-02-21", "url": "https://www.sec.gov/Archives/edgar/data/0001073349/000107334918000016/xslF345X03/primary_doc.xml"}, {"form_type": "4", "filings_date": "2018-02-16", "url": "https://www.sec.gov/Archives/edgar/data/0001073349/000107334918000015/xslF345X03/primary_doc.xml"}, {"form_type": "SC 13G/A", "filings_date": "2018-02-14", "url": "https://www.sec.gov/Archives/edgar/data/0001073349/000008025518002385/epay13gadec17.txt"}, {"form_type": "4", "filings_date": "2018-02-12", "url": "https://www.sec.gov/Archives/edgar/data/0001073349/000107334918000014/xslF345X03/primary_doc.xml"}, {"form_type": "4", "filings_date": "2018-02-12", "url": "https://www.sec.gov/Archives/edgar/data/0001073349/000107334918000013/xslF345X03/primary_doc.xml"}, {"form_type": "4", "filings_date": "2018-02-12", "url": "https://www.sec.gov/Archives/edgar/data/0001073349/000107334918000012/xslF345X03/primary_doc.xml"}, {"form_type": "4", "filings_date": "2018-02-12", "url": "https://www.sec.gov/Archives/edgar/data/0001073349/000107334918000011/xslF345X03/primary_doc.xml"}, {"form_type": "4", "filings_date": "2018-02-12", "url": "https://www.sec.gov/Archives/edgar/data/0001073349/000107334918000010/xslF345X03/primary_doc.xml"}, {"form_type": "4", "filings_date": "2018-02-12", "url": "https://www.sec.gov/Archives/edgar/data/0001073349/000107334918000009/xslF345X03/primary_doc.xml"}, {"form_type": "4", "filings_date": "2018-02-12", "url": "https://www.sec.gov/Archives/edgar/data/0001073349/000107334918000008/xslF345X03/primary_doc.xml"}, {"form_type": "SC 13G/A", "filings_date": "2018-02-08", "url": "https://www.sec.gov/Archives/edgar/data/0001073349/000093247118002813/bottomlinetechnologiesdeinc.htm"}, {"form_type": "10-Q", "filings_date": "2018-02-08", "url": "https://www.sec.gov/Archives/edgar/data/0001073349/000119312518035698/d510055d10q.htm"}, {"form_type": "S-8", "filings_date": "2018-02-08", "url": "https://www.sec.gov/Archives/edgar/data/0001073349/000119312518035678/d538950ds8.htm"}, {"form_type": "SC 13G/A", "filings_date": "2018-02-06", "url": "https://www.sec.gov/Archives/edgar/data/0001073349/000003877718000052/bott17a11.htm"}, {"form_type": "8-K", "filings_date": "2018-02-01", "url": "https://www.sec.gov/Archives/edgar/data/0001073349/000119312518029268/d560973d8k.htm"}, {"form_type": "SC 13G/A", "filings_date": "2018-01-23", "url": "https://www.sec.gov/Archives/edgar/data/0001073349/000021545718002171/us1013881065_011818.txt"}, {"form_type": "4", "filings_date": "2018-01-12", "url": "https://www.sec.gov/Archives/edgar/data/0001073349/000107334918000007/xslF345X03/primary_doc.xml"}, {"form_type": "4", "filings_date": "2018-01-12", "url": "https://www.sec.gov/Archives/edgar/data/0001073349/000107334918000006/xslF345X03/primary_doc.xml"}, {"form_type": "4", "filings_date": "2018-01-04", "url": "https://www.sec.gov/Archives/edgar/data/0001073349/000107334918000005/xslF345X03/primary_doc.xml"}, {"form_type": "4", "filings_date": "2018-01-04", "url": "https://www.sec.gov/Archives/edgar/data/0001073349/000107334918000004/xslF345X03/primary_doc.xml"}, {"form_type": "4", "filings_date": "2018-01-04", "url": "https://www.sec.gov/Archives/edgar/data/0001073349/000107334918000003/xslF345X03/primary_doc.xml"}, {"form_type": "4", "filings_date": "2018-01-04", "url": "https://www.sec.gov/Archives/edgar/data/0001073349/000107334918000002/xslF345X03/primary_doc.xml"}, {"form_type": "4", "filings_date": "2018-01-04", "url": "https://www.sec.gov/Archives/edgar/data/0001073349/000107334918000001/xslF345X03/primary_doc.xml"}, {"form_type": "4", "filings_date": "2017-12-15", "url": "https://www.sec.gov/Archives/edgar/data/0001073349/000107334917000082/xslF345X03/primary_doc.xml"}, {"form_type": "4", "filings_date": "2017-12-12", "url": "https://www.sec.gov/Archives/edgar/data/0001073349/000107334917000081/xslF345X03/primary_doc.xml"}, {"form_type": "4", "filings_date": "2017-12-12", "url": "https://www.sec.gov/Archives/edgar/data/0001073349/000107334917000080/xslF345X03/primary_doc.xml"}, {"form_type": "4", "filings_date": "2017-12-11", "url": "https://www.sec.gov/Archives/edgar/data/0001073349/000107334917000079/xslF345X03/primary_doc.xml"}, {"form_type": "4", "filings_date": "2017-12-11", "url": "https://www.sec.gov/Archives/edgar/data/0001073349/000107334917000078/xslF345X03/primary_doc.xml"}, {"form_type": "4", "filings_date": "2017-12-05", "url": "https://www.sec.gov/Archives/edgar/data/0001073349/000107334917000077/xslF345X03/primary_doc.xml"}, {"form_type": "4", "filings_date": "2017-11-30", "url": "https://www.sec.gov/Archives/edgar/data/0001073349/000107334917000076/xslF345X03/primary_doc.xml"}, {"form_type": "4", "filings_date": "2017-11-24", "url": "https://www.sec.gov/Archives/edgar/data/0001073349/000107334917000075/xslF345X03/primary_doc.xml"}, {"form_type": "4", "filings_date": "2017-11-24", "url": "https://www.sec.gov/Archives/edgar/data/0001073349/000107334917000074/xslF345X03/primary_doc.xml"}, {"form_type": "4", "filings_date": "2017-11-20", "url": "https://www.sec.gov/Archives/edgar/data/0001073349/000107334917000073/xslF345X03/primary_doc.xml"}, {"form_type": "4", "filings_date": "2017-11-20", "url": "https://www.sec.gov/Archives/edgar/data/0001073349/000107334917000072/xslF345X03/primary_doc.xml"}, {"form_type": "4", "filings_date": "2017-11-20", "url": "https://www.sec.gov/Archives/edgar/data/0001073349/000107334917000071/xslF345X03/primary_doc.xml"}, {"form_type": "4", "filings_date": "2017-11-20", "url": "https://www.sec.gov/Archives/edgar/data/0001073349/000107334917000070/xslF345X03/primary_doc.xml"}, {"form_type": "4", "filings_date": "2017-11-20", "url": "https://www.sec.gov/Archives/edgar/data/0001073349/000107334917000069/xslF345X03/primary_doc.xml"}, {"form_type": "4", "filings_date": "2017-11-20", "url": "https://www.sec.gov/Archives/edgar/data/0001073349/000107334917000068/xslF345X03/primary_doc.xml"}, {"form_type": "4", "filings_date": "2017-11-20", "url": "https://www.sec.gov/Archives/edgar/data/0001073349/000107334917000067/xslF345X03/primary_doc.xml"}, {"form_type": "8-K", "filings_date": "2017-11-20", "url": "https://www.sec.gov/Archives/edgar/data/0001073349/000119312517347818/d495968d8k.htm"}, {"form_type": "4", "filings_date": "2017-11-09", "url": "https://www.sec.gov/Archives/edgar/data/0001073349/000107334917000066/xslF345X03/primary_doc.xml"}, {"form_type": "10-Q", "filings_date": "2017-11-07", "url": "https://www.sec.gov/Archives/edgar/data/0001073349/000119312517335262/d449883d10q.htm"}, {"form_type": "8-K", "filings_date": "2017-11-02", "url": "https://www.sec.gov/Archives/edgar/data/0001073349/000119312517330940/d489229d8k.htm"}, {"form_type": "4", "filings_date": "2017-10-18", "url": "https://www.sec.gov/Archives/edgar/data/0001073349/000107334917000065/xslF345X03/primary_doc.xml"}, {"form_type": "4", "filings_date": "2017-10-12", "url": "https://www.sec.gov/Archives/edgar/data/0001073349/000107334917000064/xslF345X03/primary_doc.xml"}, {"form_type": "4", "filings_date": "2017-10-12", "url": "https://www.sec.gov/Archives/edgar/data/0001073349/000107334917000063/xslF345X03/primary_doc.xml"}, {"form_type": "DEF 14A", "filings_date": "2017-10-10", "url": "https://www.sec.gov/Archives/edgar/data/0001073349/000119312517306563/d468372ddef14a.htm"}, {"form_type": "4", "filings_date": "2017-10-04", "url": "https://www.sec.gov/Archives/edgar/data/0001073349/000107334917000062/xslF345X03/primary_doc.xml"}, {"form_type": "4", "filings_date": "2017-10-04", "url": "https://www.sec.gov/Archives/edgar/data/0001073349/000107334917000061/xslF345X03/primary_doc.xml"}, {"form_type": "4", "filings_date": "2017-10-04", "url": "https://www.sec.gov/Archives/edgar/data/0001073349/000107334917000060/xslF345X03/primary_doc.xml"}, {"form_type": "4", "filings_date": "2017-10-03", "url": "https://www.sec.gov/Archives/edgar/data/0001073349/000107334917000059/xslF345X03/primary_doc.xml"}, {"form_type": "4", "filings_date": "2017-10-03", "url": "https://www.sec.gov/Archives/edgar/data/0001073349/000107334917000058/xslF345X03/primary_doc.xml"}, {"form_type": "4", "filings_date": "2017-09-19", "url": "https://www.sec.gov/Archives/edgar/data/0001073349/000107334917000057/xslF345X03/primary_doc.xml"}, {"form_type": "4", "filings_date": "2017-09-13", "url": "https://www.sec.gov/Archives/edgar/data/0001073349/000107334917000056/xslF345X03/primary_doc.xml"}, {"form_type": "4", "filings_date": "2017-09-13", "url": "https://www.sec.gov/Archives/edgar/data/0001073349/000107334917000055/xslF345X03/primary_doc.xml"}, {"form_type": "4", "filings_date": "2017-09-05", "url": "https://www.sec.gov/Archives/edgar/data/0001073349/000107334917000054/xslF345X03/primary_doc.xml"}, {"form_type": "4", "filings_date": "2017-09-05", "url": "https://www.sec.gov/Archives/edgar/data/0001073349/000107334917000053/xslF345X03/primary_doc.xml"}, {"form_type": "4", "filings_date": "2017-09-05", "url": "https://www.sec.gov/Archives/edgar/data/0001073349/000107334917000052/xslF345X03/primary_doc.xml"}, {"form_type": "10-K", "filings_date": "2017-08-28", "url": "https://www.sec.gov/Archives/edgar/data/0001073349/000119312517269991/d377508d10k.htm"}, {"form_type": "4", "filings_date": "2017-08-23", "url": "https://www.sec.gov/Archives/edgar/data/0001073349/000107334917000051/xslF345X03/primary_doc.xml"}, {"form_type": "4", "filings_date": "2017-08-18", "url": "https://www.sec.gov/Archives/edgar/data/0001073349/000107334917000050/xslF345X03/primary_doc.xml"}, {"form_type": "8-K", "filings_date": "2017-08-10", "url": "https://www.sec.gov/Archives/edgar/data/0001073349/000119312517254429/d375006d8k.htm"}, {"form_type": "4", "filings_date": "2017-07-25", "url": "https://www.sec.gov/Archives/edgar/data/0001073349/000107334917000049/xslF345X03/primary_doc.xml"}, {"form_type": "4", "filings_date": "2017-07-25", "url": "https://www.sec.gov/Archives/edgar/data/0001073349/000107334917000048/xslF345X03/primary_doc.xml"}, {"form_type": "4", "filings_date": "2017-07-25", "url": "https://www.sec.gov/Archives/edgar/data/0001073349/000107334917000047/xslF345X03/primary_doc.xml"}, {"form_type": "4", "filings_date": "2017-07-25", "url": "https://www.sec.gov/Archives/edgar/data/0001073349/000107334917000046/xslF345X03/primary_doc.xml"}, {"form_type": "4", "filings_date": "2017-07-25", "url": "https://www.sec.gov/Archives/edgar/data/0001073349/000107334917000045/xslF345X03/primary_doc.xml"}, {"form_type": "4", "filings_date": "2017-07-19", "url": "https://www.sec.gov/Archives/edgar/data/0001073349/000107334917000044/xslF345X03/primary_doc.xml"}, {"form_type": "4", "filings_date": "2017-07-12", "url": "https://www.sec.gov/Archives/edgar/data/0001073349/000107334917000043/xslF345X03/primary_doc.xml"}, {"form_type": "4", "filings_date": "2017-07-12", "url": "https://www.sec.gov/Archives/edgar/data/0001073349/000107334917000042/xslF345X03/primary_doc.xml"}, {"form_type": "4", "filings_date": "2017-07-05", "url": "https://www.sec.gov/Archives/edgar/data/0001073349/000107334917000041/xslF345X03/primary_doc.xml"}, {"form_type": "4", "filings_date": "2017-07-05", "url": "https://www.sec.gov/Archives/edgar/data/0001073349/000107334917000040/xslF345X03/primary_doc.xml"}, {"form_type": "4", "filings_date": "2017-07-05", "url": "https://www.sec.gov/Archives/edgar/data/0001073349/000107334917000039/xslF345X03/primary_doc.xml"}, {"form_type": "4", "filings_date": "2017-07-05", "url": "https://www.sec.gov/Archives/edgar/data/0001073349/000107334917000038/xslF345X03/primary_doc.xml"}, {"form_type": "4", "filings_date": "2017-07-05", "url": "https://www.sec.gov/Archives/edgar/data/0001073349/000107334917000037/xslF345X03/primary_doc.xml"}, {"form_type": "4", "filings_date": "2017-07-05", "url": "https://www.sec.gov/Archives/edgar/data/0001073349/000107334917000036/xslF345X03/primary_doc.xml"}, {"form_type": "4", "filings_date": "2017-06-19", "url": "https://www.sec.gov/Archives/edgar/data/0001073349/000107334917000035/xslF345X03/primary_doc.xml"}, {"form_type": "4", "filings_date": "2017-06-14", "url": "https://www.sec.gov/Archives/edgar/data/0001073349/000107334917000034/xslF345X03/primary_doc.xml"}, {"form_type": "4", "filings_date": "2017-06-14", "url": "https://www.sec.gov/Archives/edgar/data/0001073349/000107334917000033/xslF345X03/primary_doc.xml"}, {"form_type": "4", "filings_date": "2017-06-12", "url": "https://www.sec.gov/Archives/edgar/data/0001073349/000107334917000032/xslF345X03/primary_doc.xml"}, {"form_type": "4", "filings_date": "2017-06-01", "url": "https://www.sec.gov/Archives/edgar/data/0001073349/000107334917000031/xslF345X03/primary_doc.xml"}, {"form_type": "4", "filings_date": "2017-06-01", "url": "https://www.sec.gov/Archives/edgar/data/0001073349/000107334917000030/xslF345X03/primary_doc.xml"}, {"form_type": "4", "filings_date": "2017-06-01", "url": "https://www.sec.gov/Archives/edgar/data/0001073349/000107334917000029/xslF345X03/primary_doc.xml"}, {"form_type": "4", "filings_date": "2017-05-24", "url": "https://www.sec.gov/Archives/edgar/data/0001073349/000107334917000028/xslF345X03/primary_doc.xml"}, {"form_type": "4", "filings_date": "2017-05-17", "url": "https://www.sec.gov/Archives/edgar/data/0001073349/000107334917000027/xslF345X03/primary_doc.xml"}, {"form_type": "4", "filings_date": "2017-05-17", "url": "https://www.sec.gov/Archives/edgar/data/0001073349/000107334917000026/xslF345X03/primary_doc.xml"}, {"form_type": "10-Q", "filings_date": "2017-05-09", "url": "https://www.sec.gov/Archives/edgar/data/0001073349/000119312517163435/d339232d10q.htm"}, {"form_type": "8-K", "filings_date": "2017-04-27", "url": "https://www.sec.gov/Archives/edgar/data/0001073349/000119312517142918/d383704d8k.htm"}, {"form_type": "4", "filings_date": "2017-04-25", "url": "https://www.sec.gov/Archives/edgar/data/0001073349/000107334917000025/xslF345X03/primary_doc.xml"}, {"form_type": "3", "filings_date": "2017-04-25", "url": "https://www.sec.gov/Archives/edgar/data/0001073349/000107334917000024/xslF345X02/primary_doc.xml"}, {"form_type": "UPLOAD", "filings_date": "2017-04-24", "url": "https://www.sec.gov/Archives/edgar/data/0001073349/000000000017013983/filename1.pdf"}, {"form_type": "8-K", "filings_date": "2017-04-21", "url": "https://www.sec.gov/Archives/edgar/data/0001073349/000119312517131474/d264190d8k.htm"}, {"form_type": "4", "filings_date": "2017-04-19", "url": "https://www.sec.gov/Archives/edgar/data/0001073349/000107334917000023/xslF345X03/primary_doc.xml"}, {"form_type": "4", "filings_date": "2017-04-12", "url": "https://www.sec.gov/Archives/edgar/data/0001073349/000107334917000022/xslF345X03/primary_doc.xml"}, {"form_type": "4", "filings_date": "2017-04-12", "url": "https://www.sec.gov/Archives/edgar/data/0001073349/000107334917000021/xslF345X03/primary_doc.xml"}, {"form_type": "CORRESP", "filings_date": "2017-04-06", "url": "https://www.sec.gov/Archives/edgar/data/0001073349/000119312517113311/filename1.htm"}, {"form_type": "4", "filings_date": "2017-04-06", "url": "https://www.sec.gov/Archives/edgar/data/0001073349/000107334917000020/xslF345X03/primary_doc.xml"}, {"form_type": "4", "filings_date": "2017-04-04", "url": "https://www.sec.gov/Archives/edgar/data/0001073349/000107334917000019/xslF345X03/primary_doc.xml"}, {"form_type": "4", "filings_date": "2017-04-04", "url": "https://www.sec.gov/Archives/edgar/data/0001073349/000107334917000018/xslF345X03/primary_doc.xml"}, {"form_type": "4", "filings_date": "2017-04-04", "url": "https://www.sec.gov/Archives/edgar/data/0001073349/000107334917000017/xslF345X03/primary_doc.xml"}, {"form_type": "4", "filings_date": "2017-03-29", "url": "https://www.sec.gov/Archives/edgar/data/0001073349/000107334917000016/xslF345X03/primary_doc.xml"}, {"form_type": "UPLOAD", "filings_date": "2017-03-23", "url": "https://www.sec.gov/Archives/edgar/data/0001073349/000000000017009663/filename1.pdf"}, {"form_type": "4", "filings_date": "2017-03-17", "url": "https://www.sec.gov/Archives/edgar/data/0001073349/000107334917000015/xslF345X03/primary_doc.xml"}, {"form_type": "4", "filings_date": "2017-03-13", "url": "https://www.sec.gov/Archives/edgar/data/0001073349/000107334917000014/xslF345X03/primary_doc.xml"}, {"form_type": "4", "filings_date": "2017-03-13", "url": "https://www.sec.gov/Archives/edgar/data/0001073349/000107334917000013/xslF345X03/primary_doc.xml"}, {"form_type": "4", "filings_date": "2017-03-03", "url": "https://www.sec.gov/Archives/edgar/data/0001073349/000107334917000012/xslF345X03/primary_doc.xml"}, {"form_type": "4", "filings_date": "2017-02-28", "url": "https://www.sec.gov/Archives/edgar/data/0001073349/000107334917000011/xslF345X03/primary_doc.xml"}, {"form_type": "4", "filings_date": "2017-02-28", "url": "https://www.sec.gov/Archives/edgar/data/0001073349/000107334917000010/xslF345X03/primary_doc.xml"}, {"form_type": "4", "filings_date": "2017-02-23", "url": "https://www.sec.gov/Archives/edgar/data/0001073349/000107334917000009/xslF345X03/primary_doc.xml"}, {"form_type": "4", "filings_date": "2017-02-16", "url": "https://www.sec.gov/Archives/edgar/data/0001073349/000107334917000008/xslF345X03/primary_doc.xml"}, {"form_type": "SC 13G/A", "filings_date": "2017-02-10", "url": "https://www.sec.gov/Archives/edgar/data/0001073349/000093247117001786/bottomlinetechnologiesdeinc.htm"}, {"form_type": "SC 13G/A", "filings_date": "2017-02-09", "url": "https://www.sec.gov/Archives/edgar/data/0001073349/000003877717000130/bott16a10.htm"}, {"form_type": "4", "filings_date": "2017-02-09", "url": "https://www.sec.gov/Archives/edgar/data/0001073349/000107334917000007/xslF345X03/primary_doc.xml"}, {"form_type": "10-Q", "filings_date": "2017-02-08", "url": "https://www.sec.gov/Archives/edgar/data/0001073349/000119312517034003/d289607d10q.htm"}, {"form_type": "S-8", "filings_date": "2017-02-08", "url": "https://www.sec.gov/Archives/edgar/data/0001073349/000119312517034001/d334431ds8.htm"}, {"form_type": "SC 13G/A", "filings_date": "2017-02-07", "url": "https://www.sec.gov/Archives/edgar/data/0001073349/000008025517000888/epay13gadec16.txt"}, {"form_type": "8-K", "filings_date": "2017-02-01", "url": "https://www.sec.gov/Archives/edgar/data/0001073349/000119312517027430/d341772d8k.htm"}, {"form_type": "4", "filings_date": "2017-01-12", "url": "https://www.sec.gov/Archives/edgar/data/0001073349/000107334917000006/xslF345X03/primary_doc.xml"}, {"form_type": "4", "filings_date": "2017-01-12", "url": "https://www.sec.gov/Archives/edgar/data/0001073349/000107334917000005/xslF345X03/primary_doc.xml"}, {"form_type": "SC 13G/A", "filings_date": "2017-01-12", "url": "https://www.sec.gov/Archives/edgar/data/0001073349/000086931117000292/bottomline.technologies.txt"}, {"form_type": "4", "filings_date": "2017-01-05", "url": "https://www.sec.gov/Archives/edgar/data/0001073349/000107334917000004/xslF345X03/primary_doc.xml"}, {"form_type": "4", "filings_date": "2017-01-05", "url": "https://www.sec.gov/Archives/edgar/data/0001073349/000107334917000003/xslF345X03/primary_doc.xml"}, {"form_type": "4", "filings_date": "2017-01-05", "url": "https://www.sec.gov/Archives/edgar/data/0001073349/000107334917000002/xslF345X03/primary_doc.xml"}, {"form_type": "4", "filings_date": "2017-01-05", "url": "https://www.sec.gov/Archives/edgar/data/0001073349/000107334917000001/xslF345X03/primary_doc.xml"}]}