{"company": {"cik": "0001449574", "name": "Bravatek Solutions, Inc.", "sic": "Services-Prepackaged Software", "state_incorp": "CO", "ticker": "", "mailing_addr": "2028 E BEN WHITE BLVD, AUSTIN, TX, 78741", "category": "", "fiscal_year_end": "31, December"}, "filings": [{"form_type": "15-12G", "filings_date": "2021-09-07", "url": "https://www.sec.gov/Archives/edgar/data/0001449574/000147793221006148/bvtk_1512g.htm"}, {"form_type": "8-K", "filings_date": "2020-03-30", "url": "https://www.sec.gov/Archives/edgar/data/0001449574/000147793220001599/bvtk_8k.htm"}, {"form_type": "10-Q", "filings_date": "2019-11-15", "url": "https://www.sec.gov/Archives/edgar/data/0001449574/000147793219006609/bvtk_10q.htm"}, {"form_type": "NT 10-Q", "filings_date": "2019-11-14", "url": "https://www.sec.gov/Archives/edgar/data/0001449574/000147793219006556/bvtk_nt10q.htm"}, {"form_type": "8-K", "filings_date": "2019-11-05", "url": "https://www.sec.gov/Archives/edgar/data/0001449574/000147793219006161/bvtk_8k.htm"}, {"form_type": "SC 13G", "filings_date": "2019-09-26", "url": "https://www.sec.gov/Archives/edgar/data/0001449574/000149315219014599/sc13g.htm"}, {"form_type": "SC 13G", "filings_date": "2019-09-25", "url": "https://www.sec.gov/Archives/edgar/data/0001449574/000107878219000736/f13g092419_sc13g.htm"}, {"form_type": "10-Q/A", "filings_date": "2019-08-20", "url": "https://www.sec.gov/Archives/edgar/data/0001449574/000147793219005051/bvtk_10qa.htm"}, {"form_type": "10-Q", "filings_date": "2019-07-24", "url": "https://www.sec.gov/Archives/edgar/data/0001449574/000147793219004273/bvtk_10q.htm"}, {"form_type": "10-Q", "filings_date": "2019-06-25", "url": "https://www.sec.gov/Archives/edgar/data/0001449574/000147793219003696/bvtk_10q.htm"}, {"form_type": "10-K", "filings_date": "2019-06-11", "url": "https://www.sec.gov/Archives/edgar/data/0001449574/000147793219003478/bvtk_10k.htm"}, {"form_type": "NT 10-Q", "filings_date": "2019-05-15", "url": "https://www.sec.gov/Archives/edgar/data/0001449574/000147793219002774/bvtk_nt10q.htm"}, {"form_type": "NT 10-K", "filings_date": "2019-03-28", "url": "https://www.sec.gov/Archives/edgar/data/0001449574/000147793219001237/bvtk_nt10k.htm"}, {"form_type": "8-K", "filings_date": "2019-03-18", "url": "https://www.sec.gov/Archives/edgar/data/0001449574/000147793219001013/bvtk_8k.htm"}, {"form_type": "8-K", "filings_date": "2019-03-07", "url": "https://www.sec.gov/Archives/edgar/data/0001449574/000147793219000863/bvtk_8k.htm"}, {"form_type": "8-K", "filings_date": "2019-02-19", "url": "https://www.sec.gov/Archives/edgar/data/0001449574/000147793219000550/bvtk_8k.htm"}, {"form_type": "8-K", "filings_date": "2019-01-31", "url": "https://www.sec.gov/Archives/edgar/data/0001449574/000147793219000307/bvtk_8k.htm"}, {"form_type": "10-Q", "filings_date": "2018-12-04", "url": "https://www.sec.gov/Archives/edgar/data/0001449574/000147793218005868/bvtk_10q.htm"}, {"form_type": "DEF 14C", "filings_date": "2018-11-23", "url": "https://www.sec.gov/Archives/edgar/data/0001449574/000147793218005728/bvtk_def14c.htm"}, {"form_type": "NT 10-Q", "filings_date": "2018-11-15", "url": "https://www.sec.gov/Archives/edgar/data/0001449574/000147793218005585/bvtk_nt10q.htm"}, {"form_type": "8-K", "filings_date": "2018-11-14", "url": "https://www.sec.gov/Archives/edgar/data/0001449574/000147793218005508/bvtk_8k.htm"}, {"form_type": "PRE 14C", "filings_date": "2018-11-13", "url": "https://www.sec.gov/Archives/edgar/data/0001449574/000147793218005451/bvtk_pre14c.htm"}, {"form_type": "S-1", "filings_date": "2018-10-26", "url": "https://www.sec.gov/Archives/edgar/data/0001449574/000147793218005040/bvtk_s1.htm"}, {"form_type": "8-K", "filings_date": "2018-09-04", "url": "https://www.sec.gov/Archives/edgar/data/0001449574/000147793218004361/bvtk_8k.htm"}, {"form_type": "10-Q", "filings_date": "2018-08-14", "url": "https://www.sec.gov/Archives/edgar/data/0001449574/000147793218004058/bvtk_10q.htm"}, {"form_type": "8-K", "filings_date": "2018-07-30", "url": "https://www.sec.gov/Archives/edgar/data/0001449574/000147793218003703/bvtk_8k.htm"}, {"form_type": "DEF 14C", "filings_date": "2018-06-20", "url": "https://www.sec.gov/Archives/edgar/data/0001449574/000147793218003133/bvtk_def14c.htm"}, {"form_type": "PRE 14C", "filings_date": "2018-06-05", "url": "https://www.sec.gov/Archives/edgar/data/0001449574/000147793218002900/bvtk_pre14c.htm"}, {"form_type": "8-K", "filings_date": "2018-06-05", "url": "https://www.sec.gov/Archives/edgar/data/0001449574/000147793218002898/bvtk_8k.htm"}, {"form_type": "10-Q", "filings_date": "2018-05-18", "url": "https://www.sec.gov/Archives/edgar/data/0001449574/000147793218002594/bvtk_10q.htm"}, {"form_type": "NT 10-Q", "filings_date": "2018-05-16", "url": "https://www.sec.gov/Archives/edgar/data/0001449574/000147793218002525/bvtk_nt10q.htm"}, {"form_type": "8-K", "filings_date": "2018-05-14", "url": "https://www.sec.gov/Archives/edgar/data/0001449574/000147793218002382/bvtk_8k.htm"}, {"form_type": "10-KT", "filings_date": "2018-05-03", "url": "https://www.sec.gov/Archives/edgar/data/0001449574/000147793218002167/bvtk_10kt.htm"}, {"form_type": "8-K", "filings_date": "2018-04-05", "url": "https://www.sec.gov/Archives/edgar/data/0001449574/000147793218001690/bvtk_8k.htm"}, {"form_type": "8-K/A", "filings_date": "2018-03-30", "url": "https://www.sec.gov/Archives/edgar/data/0001449574/000147793218001498/bvtk_8ka.htm"}, {"form_type": "8-K", "filings_date": "2018-03-15", "url": "https://www.sec.gov/Archives/edgar/data/0001449574/000147793218001316/bvtk_8k.htm"}, {"form_type": "8-K", "filings_date": "2018-02-16", "url": "https://www.sec.gov/Archives/edgar/data/0001449574/000147793218000903/bvtk_8k.htm"}, {"form_type": "8-K", "filings_date": "2018-02-05", "url": "https://www.sec.gov/Archives/edgar/data/0001449574/000147793218000649/bvtk_8k.htm"}, {"form_type": "8-K", "filings_date": "2018-01-25", "url": "https://www.sec.gov/Archives/edgar/data/0001449574/000147793218000472/bvtk_8k.htm"}, {"form_type": "8-K", "filings_date": "2018-01-24", "url": "https://www.sec.gov/Archives/edgar/data/0001449574/000147793218000444/bvtk_8k.htm"}, {"form_type": "8-K", "filings_date": "2018-01-11", "url": "https://www.sec.gov/Archives/edgar/data/0001449574/000147793218000148/bvtk_8k.htm"}, {"form_type": "8-K", "filings_date": "2018-01-09", "url": "https://www.sec.gov/Archives/edgar/data/0001449574/000147793218000114/bvtk_8k.htm"}, {"form_type": "8-K", "filings_date": "2018-01-05", "url": "https://www.sec.gov/Archives/edgar/data/0001449574/000147793218000070/bvtk_8k.htm"}, {"form_type": "8-K", "filings_date": "2017-12-29", "url": "https://www.sec.gov/Archives/edgar/data/0001449574/000147793217006335/bvtk_8k.htm"}, {"form_type": "8-K", "filings_date": "2017-12-28", "url": "https://www.sec.gov/Archives/edgar/data/0001449574/000147793217006287/bvtk_8k.htm"}, {"form_type": "8-K", "filings_date": "2017-12-14", "url": "https://www.sec.gov/Archives/edgar/data/0001449574/000147793217006051/bvtk_8k.htm"}, {"form_type": "8-K", "filings_date": "2017-12-13", "url": "https://www.sec.gov/Archives/edgar/data/0001449574/000147793217006043/bvtk_8k.htm"}, {"form_type": "8-K", "filings_date": "2017-12-01", "url": "https://www.sec.gov/Archives/edgar/data/0001449574/000147793217005934/bvtk_8k.htm"}, {"form_type": "8-K", "filings_date": "2017-11-02", "url": "https://www.sec.gov/Archives/edgar/data/0001449574/000147793217005337/bvtk_8k.htm"}, {"form_type": "10-Q", "filings_date": "2017-10-30", "url": "https://www.sec.gov/Archives/edgar/data/0001449574/000147793217005293/bvtk_10q.htm"}, {"form_type": "8-K", "filings_date": "2017-10-27", "url": "https://www.sec.gov/Archives/edgar/data/0001449574/000147793217005248/bvtk_8k.htm"}, {"form_type": "8-K", "filings_date": "2017-10-25", "url": "https://www.sec.gov/Archives/edgar/data/0001449574/000147793217005219/bvtk_8k.htm"}, {"form_type": "8-K", "filings_date": "2017-10-20", "url": "https://www.sec.gov/Archives/edgar/data/0001449574/000147793217005151/bvtk_8k.htm"}, {"form_type": "8-K", "filings_date": "2017-10-11", "url": "https://www.sec.gov/Archives/edgar/data/0001449574/000147793217004981/bvtk_8k.htm"}, {"form_type": "8-K", "filings_date": "2017-10-10", "url": "https://www.sec.gov/Archives/edgar/data/0001449574/000147793217004960/bvtk_8k.htm"}, {"form_type": "10-Q", "filings_date": "2017-10-06", "url": "https://www.sec.gov/Archives/edgar/data/0001449574/000147793217004936/bvtk_10q.htm"}, {"form_type": "8-K", "filings_date": "2017-09-28", "url": "https://www.sec.gov/Archives/edgar/data/0001449574/000147793217004761/bvtk_8k.htm"}, {"form_type": "10-K", "filings_date": "2017-09-27", "url": "https://www.sec.gov/Archives/edgar/data/0001449574/000147793217004744/bvtk_10k.htm"}, {"form_type": "8-K", "filings_date": "2017-09-21", "url": "https://www.sec.gov/Archives/edgar/data/0001449574/000147793217004631/bvtk_8k.htm"}, {"form_type": "8-K", "filings_date": "2017-09-06", "url": "https://www.sec.gov/Archives/edgar/data/0001449574/000147793217004343/bvtk_8k.htm"}, {"form_type": "10-Q", "filings_date": "2017-08-29", "url": "https://www.sec.gov/Archives/edgar/data/0001449574/000147793217004240/bvtk_10q.htm"}, {"form_type": "8-K", "filings_date": "2017-08-25", "url": "https://www.sec.gov/Archives/edgar/data/0001449574/000147793217004213/bvtk_8k.htm"}, {"form_type": "10-Q", "filings_date": "2017-08-23", "url": "https://www.sec.gov/Archives/edgar/data/0001449574/000147793217004166/bvtk_10q.htm"}, {"form_type": "8-K", "filings_date": "2017-08-11", "url": "https://www.sec.gov/Archives/edgar/data/0001449574/000147793217003823/bvtk_8k.htm"}, {"form_type": "10-Q", "filings_date": "2017-08-10", "url": "https://www.sec.gov/Archives/edgar/data/0001449574/000147793217003805/bvtk_10q.htm"}, {"form_type": "8-K", "filings_date": "2017-08-03", "url": "https://www.sec.gov/Archives/edgar/data/0001449574/000147793217003621/bvtk_8k.htm"}, {"form_type": "10-K", "filings_date": "2017-07-21", "url": "https://www.sec.gov/Archives/edgar/data/0001449574/000147793217003466/bvtk_10k.htm"}, {"form_type": "8-K", "filings_date": "2017-06-07", "url": "https://www.sec.gov/Archives/edgar/data/0001449574/000147793217002696/bvtk_8k.htm"}, {"form_type": "8-K", "filings_date": "2017-06-02", "url": "https://www.sec.gov/Archives/edgar/data/0001449574/000147793217002673/bvtk_8k.htm"}, {"form_type": "8-K", "filings_date": "2017-05-17", "url": "https://www.sec.gov/Archives/edgar/data/0001449574/000147793217002367/bvtk_8k.htm"}, {"form_type": "8-K", "filings_date": "2017-05-10", "url": "https://www.sec.gov/Archives/edgar/data/0001449574/000147793217002140/bvtk_8k.htm"}, {"form_type": "8-K", "filings_date": "2017-04-18", "url": "https://www.sec.gov/Archives/edgar/data/0001449574/000147793217001806/bvtk_8k.htm"}, {"form_type": "SC 13G/A", "filings_date": "2017-01-11", "url": "https://www.sec.gov/Archives/edgar/data/0001449574/000107878217000051/f13ga011117_sc13gz.htm"}]}