{"company": {"cik": "0001378590", "name": "Bridgeline Digital, Inc.", "sic": "Services-Prepackaged Software", "state_incorp": "DE", "ticker": "BLIN", "mailing_addr": "100 TRADE CENTER, SUITE G-700, WOBURN, MA, 01801", "category": "Non-accelerated filer<br>Smaller reporting company", "fiscal_year_end": "30, September"}, "filings": [{"form_type": "EFFECT", "filings_date": "2022-03-04", "url": "https://www.sec.gov/Archives/edgar/data/0001378590/999999999522000558/xslEFFECTX01/primary_doc.xml"}, {"form_type": "S-3/A", "filings_date": "2022-03-02", "url": "https://www.sec.gov/Archives/edgar/data/0001378590/000143774922005032/blin20220301_s3a.htm"}, {"form_type": "S-3", "filings_date": "2022-02-16", "url": "https://www.sec.gov/Archives/edgar/data/0001378590/000143774922003478/blin20220207_s3.htm"}, {"form_type": "DEF 14A", "filings_date": "2022-02-14", "url": "https://www.sec.gov/Archives/edgar/data/0001378590/000143774922003307/blin20220204_def14a.htm"}, {"form_type": "8-K", "filings_date": "2022-02-11", "url": "https://www.sec.gov/Archives/edgar/data/0001378590/000143774922003159/blin20220211_8k.htm"}, {"form_type": "SC 13G/A", "filings_date": "2022-02-11", "url": "https://www.sec.gov/Archives/edgar/data/0001378590/000149315222003967/sc13ga.htm"}, {"form_type": "10-Q", "filings_date": "2022-02-10", "url": "https://www.sec.gov/Archives/edgar/data/0001378590/000143774922003039/blin20211231_10q.htm"}, {"form_type": "SC 13G/A", "filings_date": "2022-02-03", "url": "https://www.sec.gov/Archives/edgar/data/0001378590/000139382522000061/blin_13ga.htm"}, {"form_type": "4", "filings_date": "2021-12-23", "url": "https://www.sec.gov/Archives/edgar/data/0001378590/000143774921029221/xslF345X03/rdgdoc.xml"}, {"form_type": "8-K", "filings_date": "2021-12-22", "url": "https://www.sec.gov/Archives/edgar/data/0001378590/000143774921029118/blin20211222_8k.htm"}, {"form_type": "10-K", "filings_date": "2021-12-20", "url": "https://www.sec.gov/Archives/edgar/data/0001378590/000143774921028984/blin20210827_10k.htm"}, {"form_type": "3", "filings_date": "2021-12-09", "url": "https://www.sec.gov/Archives/edgar/data/0001378590/000143774921028245/xslF345X02/rdgdoc.xml"}, {"form_type": "8-K", "filings_date": "2021-12-03", "url": "https://www.sec.gov/Archives/edgar/data/0001378590/000143774921027869/blin20211202_8k.htm"}, {"form_type": "8-K", "filings_date": "2021-09-16", "url": "https://www.sec.gov/Archives/edgar/data/0001378590/000143774921022264/blin20210916_8k.htm"}, {"form_type": "8-K", "filings_date": "2021-09-13", "url": "https://www.sec.gov/Archives/edgar/data/0001378590/000143774921021965/blin20210910_8k.htm"}, {"form_type": "DEFA14A", "filings_date": "2021-09-10", "url": "https://www.sec.gov/Archives/edgar/data/0001378590/000143774921021855/blin20210909_defa14a.htm"}, {"form_type": "8-K", "filings_date": "2021-09-10", "url": "https://www.sec.gov/Archives/edgar/data/0001378590/000143774921021854/blin20210909_8k.htm"}, {"form_type": "DEFA14A", "filings_date": "2021-09-02", "url": "https://www.sec.gov/Archives/edgar/data/0001378590/000143774921021402/blin20210902_defa14a.htm"}, {"form_type": "424B3", "filings_date": "2021-08-19", "url": "https://www.sec.gov/Archives/edgar/data/0001378590/000143774921020537/blin20210819_424b3.htm"}, {"form_type": "DEFA14A", "filings_date": "2021-08-19", "url": "https://www.sec.gov/Archives/edgar/data/0001378590/000143774921020535/blin20210819_defa14a.htm"}, {"form_type": "8-K", "filings_date": "2021-08-19", "url": "https://www.sec.gov/Archives/edgar/data/0001378590/000143774921020477/blin20210818_8k.htm"}, {"form_type": "8-K/A", "filings_date": "2021-08-18", "url": "https://www.sec.gov/Archives/edgar/data/0001378590/000143774921020410/blin20210818_8ka.htm"}, {"form_type": "8-K", "filings_date": "2021-08-18", "url": "https://www.sec.gov/Archives/edgar/data/0001378590/000143774921020329/blin20210816_8k.htm"}, {"form_type": "EFFECT", "filings_date": "2021-08-17", "url": "https://www.sec.gov/Archives/edgar/data/0001378590/999999999521003225/xslEFFECTX01/primary_doc.xml"}, {"form_type": "10-Q", "filings_date": "2021-08-16", "url": "https://www.sec.gov/Archives/edgar/data/0001378590/000143774921020195/blin20210630_10q.htm"}, {"form_type": "CORRESP", "filings_date": "2021-08-12", "url": "https://www.sec.gov/Archives/edgar/data/0001378590/000143774921019763/filename1.htm"}, {"form_type": "S-3/A", "filings_date": "2021-08-12", "url": "https://www.sec.gov/Archives/edgar/data/0001378590/000143774921019762/blin20210811_s3a.htm"}, {"form_type": "8-K/A", "filings_date": "2021-08-12", "url": "https://www.sec.gov/Archives/edgar/data/0001378590/000143774921019751/blin20210811_8ka.htm"}, {"form_type": "4", "filings_date": "2021-08-03", "url": "https://www.sec.gov/Archives/edgar/data/0001378590/000143774921018252/xslF345X03/rdgdoc.xml"}, {"form_type": "4", "filings_date": "2021-08-03", "url": "https://www.sec.gov/Archives/edgar/data/0001378590/000143774921018251/xslF345X03/rdgdoc.xml"}, {"form_type": "4", "filings_date": "2021-08-03", "url": "https://www.sec.gov/Archives/edgar/data/0001378590/000143774921018250/xslF345X03/rdgdoc.xml"}, {"form_type": "4", "filings_date": "2021-08-03", "url": "https://www.sec.gov/Archives/edgar/data/0001378590/000143774921018249/xslF345X03/rdgdoc.xml"}, {"form_type": "D", "filings_date": "2021-08-02", "url": "https://www.sec.gov/Archives/edgar/data/0001378590/000143774921018120/xslFormDX01/primary_doc.xml"}, {"form_type": "4", "filings_date": "2021-07-26", "url": "https://www.sec.gov/Archives/edgar/data/0001378590/000143774921017555/xslF345X03/rdgdoc.xml"}, {"form_type": "4", "filings_date": "2021-07-26", "url": "https://www.sec.gov/Archives/edgar/data/0001378590/000143774921017554/xslF345X03/rdgdoc.xml"}, {"form_type": "DEFA14A", "filings_date": "2021-07-09", "url": "https://www.sec.gov/Archives/edgar/data/0001378590/000143774921016715/blin20210709_defa14a.htm"}, {"form_type": "DEF 14A", "filings_date": "2021-07-09", "url": "https://www.sec.gov/Archives/edgar/data/0001378590/000143774921016714/blin20210706_def14a.htm"}, {"form_type": "4", "filings_date": "2021-07-09", "url": "https://www.sec.gov/Archives/edgar/data/0001378590/000143774921016705/xslF345X03/rdgdoc.xml"}, {"form_type": "PRE 14A", "filings_date": "2021-06-29", "url": "https://www.sec.gov/Archives/edgar/data/0001378590/000143774921015944/blin20210624_pre14a.htm"}, {"form_type": "8-K", "filings_date": "2021-06-04", "url": "https://www.sec.gov/Archives/edgar/data/0001378590/000143774921014154/blin20210603_8k.htm"}, {"form_type": "UPLOAD", "filings_date": "2021-06-01", "url": "https://www.sec.gov/Archives/edgar/data/0001378590/000000000021006789/filename1.pdf"}, {"form_type": "S-3", "filings_date": "2021-05-28", "url": "https://www.sec.gov/Archives/edgar/data/0001378590/000143774921013742/blin20210527_s3.htm"}, {"form_type": "SC 13G", "filings_date": "2021-05-21", "url": "https://www.sec.gov/Archives/edgar/data/0001378590/000138713121005957/blin-sc13g_051421.htm"}, {"form_type": "8-K", "filings_date": "2021-05-18", "url": "https://www.sec.gov/Archives/edgar/data/0001378590/000143774921012638/blin20210518_8k.htm"}, {"form_type": "8-K/A", "filings_date": "2021-05-17", "url": "https://www.sec.gov/Archives/edgar/data/0001378590/000143774921012558/blin20210515_8ka.htm"}, {"form_type": "10-Q", "filings_date": "2021-05-17", "url": "https://www.sec.gov/Archives/edgar/data/0001378590/000143774921012548/blin20210331_10q.htm"}, {"form_type": "8-K", "filings_date": "2021-05-14", "url": "https://www.sec.gov/Archives/edgar/data/0001378590/000143774921012365/blin20210514_8k.htm"}, {"form_type": "424B5", "filings_date": "2021-05-14", "url": "https://www.sec.gov/Archives/edgar/data/0001378590/000143774921012255/blin20210513_424b5.htm"}, {"form_type": "8-K", "filings_date": "2021-05-12", "url": "https://www.sec.gov/Archives/edgar/data/0001378590/000143774921011747/blin20210510_8k.htm"}, {"form_type": "8-K", "filings_date": "2021-03-02", "url": "https://www.sec.gov/Archives/edgar/data/0001378590/000143774921004715/blin20210226_8k.htm"}, {"form_type": "8-K", "filings_date": "2021-02-12", "url": "https://www.sec.gov/Archives/edgar/data/0001378590/000143774921002800/blin20210211_8k.htm"}, {"form_type": "10-Q", "filings_date": "2021-02-11", "url": "https://www.sec.gov/Archives/edgar/data/0001378590/000143774921002639/blin20201231_10q.htm"}, {"form_type": "8-K", "filings_date": "2021-02-09", "url": "https://www.sec.gov/Archives/edgar/data/0001378590/000143774921002254/blin20210208_8k.htm"}, {"form_type": "SC 13G/A", "filings_date": "2021-02-08", "url": "https://www.sec.gov/Archives/edgar/data/0001378590/000139382521000012/blin_13ga.htm"}, {"form_type": "424B5", "filings_date": "2021-02-08", "url": "https://www.sec.gov/Archives/edgar/data/0001378590/000143774921002135/blin20210204_424b5.htm"}, {"form_type": "8-K", "filings_date": "2021-02-03", "url": "https://www.sec.gov/Archives/edgar/data/0001378590/000143774921001812/blin20210201_8k.htm"}, {"form_type": "8-K", "filings_date": "2020-12-23", "url": "https://www.sec.gov/Archives/edgar/data/0001378590/000143774920025836/blin20201222_8k.htm"}, {"form_type": "10-K", "filings_date": "2020-12-23", "url": "https://www.sec.gov/Archives/edgar/data/0001378590/000143774920025835/blin20200930_10k.htm"}, {"form_type": "8-K", "filings_date": "2020-09-11", "url": "https://www.sec.gov/Archives/edgar/data/0001378590/000143774920019597/blin20200910_8k.htm"}, {"form_type": "8-K", "filings_date": "2020-09-01", "url": "https://www.sec.gov/Archives/edgar/data/0001378590/000143774920019080/blin20200831_8k.htm"}, {"form_type": "8-K", "filings_date": "2020-08-17", "url": "https://www.sec.gov/Archives/edgar/data/0001378590/000143774920018184/blin20200816_8k.htm"}, {"form_type": "424B5", "filings_date": "2020-08-17", "url": "https://www.sec.gov/Archives/edgar/data/0001378590/000143774920018173/blin20200814_424b5.htm"}, {"form_type": "POS EX", "filings_date": "2020-08-17", "url": "https://www.sec.gov/Archives/edgar/data/0001378590/000143774920018145/blin20200817_posex.htm"}, {"form_type": "10-Q", "filings_date": "2020-08-13", "url": "https://www.sec.gov/Archives/edgar/data/0001378590/000143774920017838/blin20200630_10q.htm"}, {"form_type": "DEF 14A", "filings_date": "2020-07-30", "url": "https://www.sec.gov/Archives/edgar/data/0001378590/000143774920016025/blin20200727_def14a.htm"}, {"form_type": "EFFECT", "filings_date": "2020-06-25", "url": "https://www.sec.gov/Archives/edgar/data/0001378590/999999999520001551/xslEFFECTX01/primary_doc.xml"}, {"form_type": "CORRESP", "filings_date": "2020-06-23", "url": "https://www.sec.gov/Archives/edgar/data/0001378590/000143774920013683/filename1.htm"}, {"form_type": "S-3/A", "filings_date": "2020-06-19", "url": "https://www.sec.gov/Archives/edgar/data/0001378590/000143774920013496/blin20200618_s3a.htm"}, {"form_type": "UPLOAD", "filings_date": "2020-06-18", "url": "https://www.sec.gov/Archives/edgar/data/0001378590/000000000020005469/filename1.pdf"}, {"form_type": "S-3", "filings_date": "2020-06-12", "url": "https://www.sec.gov/Archives/edgar/data/0001378590/000143774920012949/blin20200610_s3.htm"}, {"form_type": "4", "filings_date": "2020-05-22", "url": "https://www.sec.gov/Archives/edgar/data/0001378590/000143774920011687/xslF345X03/rdgdoc.xml"}, {"form_type": "8-K", "filings_date": "2020-05-20", "url": "https://www.sec.gov/Archives/edgar/data/0001378590/000143774920011401/blin20200519_8k.htm"}, {"form_type": "SC 13D/A", "filings_date": "2020-05-18", "url": "https://www.sec.gov/Archives/edgar/data/0001378590/000178397620000007/schedule.txt"}, {"form_type": "10-Q", "filings_date": "2020-05-14", "url": "https://www.sec.gov/Archives/edgar/data/0001378590/000143774920010783/blin20200331_10q.htm"}, {"form_type": "SC 13D/A", "filings_date": "2020-05-04", "url": "https://www.sec.gov/Archives/edgar/data/0001378590/000178397620000006/schedule.txt"}, {"form_type": "8-K", "filings_date": "2020-04-21", "url": "https://www.sec.gov/Archives/edgar/data/0001378590/000143774920008105/blin20200421_8k.htm"}, {"form_type": "SC 13D/A", "filings_date": "2020-04-03", "url": "https://www.sec.gov/Archives/edgar/data/0001378590/000178397620000005/schedule.txt"}, {"form_type": "SC 13D/A", "filings_date": "2020-03-20", "url": "https://www.sec.gov/Archives/edgar/data/0001378590/000178397620000004/schedule.txt"}, {"form_type": "SC 13D/A", "filings_date": "2020-03-06", "url": "https://www.sec.gov/Archives/edgar/data/0001378590/000178397620000003/schedule.txt"}, {"form_type": "8-K", "filings_date": "2020-02-14", "url": "https://www.sec.gov/Archives/edgar/data/0001378590/000143774920002788/blin20200214_8k.htm"}, {"form_type": "10-Q", "filings_date": "2020-02-13", "url": "https://www.sec.gov/Archives/edgar/data/0001378590/000143774920002612/blin20191231_10q.htm"}, {"form_type": "SC 13D/A", "filings_date": "2020-02-03", "url": "https://www.sec.gov/Archives/edgar/data/0001378590/000178397620000002/schedule.txt"}, {"form_type": "SC 13G/A", "filings_date": "2020-01-31", "url": "https://www.sec.gov/Archives/edgar/data/0001378590/000139382520000024/blin_13ga.htm"}, {"form_type": "SC 13D/A", "filings_date": "2020-01-10", "url": "https://www.sec.gov/Archives/edgar/data/0001378590/000178397620000001/schedule.txt"}, {"form_type": "8-K", "filings_date": "2019-12-31", "url": "https://www.sec.gov/Archives/edgar/data/0001378590/000143774919025040/blin20191231_8k.htm"}, {"form_type": "10-K", "filings_date": "2019-12-27", "url": "https://www.sec.gov/Archives/edgar/data/0001378590/000143774919024964/blin20190930_10k.htm"}, {"form_type": "8-K", "filings_date": "2019-12-27", "url": "https://www.sec.gov/Archives/edgar/data/0001378590/000143774919024950/blin20191226_8k.htm"}, {"form_type": "SC 13D/A", "filings_date": "2019-12-27", "url": "https://www.sec.gov/Archives/edgar/data/0001378590/000178397619000007/schedule.txt"}, {"form_type": "SC 13D/A", "filings_date": "2019-12-19", "url": "https://www.sec.gov/Archives/edgar/data/0001378590/000178397619000006/schedule.txt"}, {"form_type": "SC 13D/A", "filings_date": "2019-12-03", "url": "https://www.sec.gov/Archives/edgar/data/0001378590/000178397619000005/schedule.txt"}, {"form_type": "4", "filings_date": "2019-11-25", "url": "https://www.sec.gov/Archives/edgar/data/0001378590/000143774919023533/xslF345X03/rdgdoc.xml"}, {"form_type": "4", "filings_date": "2019-11-22", "url": "https://www.sec.gov/Archives/edgar/data/0001378590/000143774919023478/xslF345X03/rdgdoc.xml"}, {"form_type": "4", "filings_date": "2019-11-22", "url": "https://www.sec.gov/Archives/edgar/data/0001378590/000143774919023477/xslF345X03/rdgdoc.xml"}, {"form_type": "4", "filings_date": "2019-11-22", "url": "https://www.sec.gov/Archives/edgar/data/0001378590/000143774919023475/xslF345X03/rdgdoc.xml"}, {"form_type": "4", "filings_date": "2019-11-22", "url": "https://www.sec.gov/Archives/edgar/data/0001378590/000143774919023473/xslF345X03/rdgdoc.xml"}, {"form_type": "4", "filings_date": "2019-11-22", "url": "https://www.sec.gov/Archives/edgar/data/0001378590/000143774919023472/xslF345X03/rdgdoc.xml"}, {"form_type": "S-8", "filings_date": "2019-11-19", "url": "https://www.sec.gov/Archives/edgar/data/0001378590/000165495419013146/blins8.htm"}, {"form_type": "SC 13D/A", "filings_date": "2019-11-18", "url": "https://www.sec.gov/Archives/edgar/data/0001378590/000178397619000004/schedule.txt"}, {"form_type": "SC 13D/A", "filings_date": "2019-10-07", "url": "https://www.sec.gov/Archives/edgar/data/0001378590/000178397619000003/schedule.txt"}, {"form_type": "8-K", "filings_date": "2019-09-24", "url": "https://www.sec.gov/Archives/edgar/data/0001378590/000143774919018980/blin20190923_8k.htm"}, {"form_type": "DEFA14A", "filings_date": "2019-09-19", "url": "https://www.sec.gov/Archives/edgar/data/0001378590/000143774919018740/blin20190919b_defa14a.htm"}, {"form_type": "8-K", "filings_date": "2019-09-18", "url": "https://www.sec.gov/Archives/edgar/data/0001378590/000143774919018637/blin20190918_8k.htm"}, {"form_type": "DEF 14A", "filings_date": "2019-08-23", "url": "https://www.sec.gov/Archives/edgar/data/0001378590/000143774919017322/blin20190821_def14a.htm"}, {"form_type": "8-K", "filings_date": "2019-08-21", "url": "https://www.sec.gov/Archives/edgar/data/0001378590/000143774919017208/blin20190820_8k.htm"}, {"form_type": "SC 13D", "filings_date": "2019-08-19", "url": "https://www.sec.gov/Archives/edgar/data/0001378590/000178397619000002/schedule.txt"}, {"form_type": "8-K", "filings_date": "2019-08-15", "url": "https://www.sec.gov/Archives/edgar/data/0001378590/000143774919016867/blin20190814_8k.htm"}, {"form_type": "10-Q", "filings_date": "2019-08-14", "url": "https://www.sec.gov/Archives/edgar/data/0001378590/000143774919016847/blin20190630_10q.htm"}, {"form_type": "SC 13D", "filings_date": "2019-08-05", "url": "https://www.sec.gov/Archives/edgar/data/0001378590/000178397619000001/schedule.txt"}, {"form_type": "8-K", "filings_date": "2019-07-30", "url": "https://www.sec.gov/Archives/edgar/data/0001378590/000143774919014873/blin20190729_8k.htm"}, {"form_type": "3", "filings_date": "2019-07-17", "url": "https://www.sec.gov/Archives/edgar/data/0001378590/000143774919014115/xslF345X02/rdgdoc.xml"}, {"form_type": "8-K", "filings_date": "2019-07-03", "url": "https://www.sec.gov/Archives/edgar/data/0001378590/000143774919013520/blin20190702_8k.htm"}, {"form_type": "8-K/A", "filings_date": "2019-05-29", "url": "https://www.sec.gov/Archives/edgar/data/0001378590/000143774919010995/blin20190527_8ka.htm"}, {"form_type": "8-K", "filings_date": "2019-05-23", "url": "https://www.sec.gov/Archives/edgar/data/0001378590/000143774919010775/blin20190523_8k.htm"}, {"form_type": "8-K", "filings_date": "2019-05-15", "url": "https://www.sec.gov/Archives/edgar/data/0001378590/000143774919010116/blin20190515_8k.htm"}, {"form_type": "10-Q", "filings_date": "2019-05-15", "url": "https://www.sec.gov/Archives/edgar/data/0001378590/000143774919010084/blin20190331_10q.htm"}, {"form_type": "8-K", "filings_date": "2019-05-01", "url": "https://www.sec.gov/Archives/edgar/data/0001378590/000143774919008372/blin20190501_8k.htm"}, {"form_type": "8-K", "filings_date": "2019-05-01", "url": "https://www.sec.gov/Archives/edgar/data/0001378590/000143774919008349/blin20190430_8k.htm"}, {"form_type": "424B3", "filings_date": "2019-04-30", "url": "https://www.sec.gov/Archives/edgar/data/0001378590/000165495419005015/blins424b3apr2019.htm"}, {"form_type": "EFFECT", "filings_date": "2019-04-29", "url": "https://www.sec.gov/Archives/edgar/data/0001378590/999999999519000904/xslEFFECTX01/primary_doc.xml"}, {"form_type": "8-K", "filings_date": "2019-04-26", "url": "https://www.sec.gov/Archives/edgar/data/0001378590/000143774919008072/blin20190426_8k.htm"}, {"form_type": "CORRESP", "filings_date": "2019-04-25", "url": "https://www.sec.gov/Archives/edgar/data/0001378590/000165495419004789/filename1.htm"}, {"form_type": "S-3/A", "filings_date": "2019-04-25", "url": "https://www.sec.gov/Archives/edgar/data/0001378590/000165495419004788/blins3a_apr2019.htm"}, {"form_type": "UPLOAD", "filings_date": "2019-04-17", "url": "https://www.sec.gov/Archives/edgar/data/0001378590/000000000019007233/filename1.pdf"}, {"form_type": "S-3", "filings_date": "2019-04-11", "url": "https://www.sec.gov/Archives/edgar/data/0001378590/000165495419004299/blins3_apr112018.htm"}, {"form_type": "DEF 14A", "filings_date": "2019-03-18", "url": "https://www.sec.gov/Archives/edgar/data/0001378590/000143774919005093/blin20190315_def14a.htm"}, {"form_type": "D", "filings_date": "2019-03-14", "url": "https://www.sec.gov/Archives/edgar/data/0001378590/000141588919000319/xslFormDX01/primary_doc.xml"}, {"form_type": "8-K", "filings_date": "2019-03-14", "url": "https://www.sec.gov/Archives/edgar/data/0001378590/000143774919004899/blin20190314_8k.htm"}, {"form_type": "PRER14A", "filings_date": "2019-03-13", "url": "https://www.sec.gov/Archives/edgar/data/0001378590/000143774919004780/blin20190228_prer14a.htm"}, {"form_type": "8-K", "filings_date": "2019-03-13", "url": "https://www.sec.gov/Archives/edgar/data/0001378590/000165495419002664/blin8k_mar112019.htm"}, {"form_type": "3", "filings_date": "2019-03-07", "url": "https://www.sec.gov/Archives/edgar/data/0001378590/000141588919000274/xslF345X02/form3-03072019_110348.xml"}, {"form_type": "SC 13G", "filings_date": "2019-03-07", "url": "https://www.sec.gov/Archives/edgar/data/0001378590/000141588919000272/formsc13g-03072019_110306.htm"}, {"form_type": "8-K", "filings_date": "2019-02-19", "url": "https://www.sec.gov/Archives/edgar/data/0001378590/000143774919002793/blin20190215_8k.htm"}, {"form_type": "8-K", "filings_date": "2019-02-14", "url": "https://www.sec.gov/Archives/edgar/data/0001378590/000143774919002664/blin20190214_8k.htm"}, {"form_type": "10-Q", "filings_date": "2019-02-14", "url": "https://www.sec.gov/Archives/edgar/data/0001378590/000143774919002662/blin20181231_10q.htm"}, {"form_type": "8-K", "filings_date": "2019-02-14", "url": "https://www.sec.gov/Archives/edgar/data/0001378590/000143774919002541/blin20190213_8k.htm"}, {"form_type": "PRE 14A", "filings_date": "2019-02-05", "url": "https://www.sec.gov/Archives/edgar/data/0001378590/000143774919001893/blin20190204_pre14a.htm"}, {"form_type": "SC 13G", "filings_date": "2019-02-01", "url": "https://www.sec.gov/Archives/edgar/data/0001378590/000139382519000047/blin_13g.htm"}, {"form_type": "8-K", "filings_date": "2018-12-28", "url": "https://www.sec.gov/Archives/edgar/data/0001378590/000143774918022747/blin20181228_8k.htm"}, {"form_type": "10-K", "filings_date": "2018-12-28", "url": "https://www.sec.gov/Archives/edgar/data/0001378590/000143774918022735/blin20180930_10k.htm"}, {"form_type": "8-K", "filings_date": "2018-12-14", "url": "https://www.sec.gov/Archives/edgar/data/0001378590/000143774918022041/blin20181214_8k.htm"}, {"form_type": "8-K", "filings_date": "2018-11-21", "url": "https://www.sec.gov/Archives/edgar/data/0001378590/000143774918021214/blin20181120_8k.htm"}, {"form_type": "8-K", "filings_date": "2018-10-24", "url": "https://www.sec.gov/Archives/edgar/data/0001378590/000143774918018677/blin20181023_8k.htm"}, {"form_type": "8-K", "filings_date": "2018-10-19", "url": "https://www.sec.gov/Archives/edgar/data/0001378590/000165495418011400/blin8k_oct162018.htm"}, {"form_type": "424B4", "filings_date": "2018-10-18", "url": "https://www.sec.gov/Archives/edgar/data/0001378590/000165495418011343/blin424201810.htm"}, {"form_type": "EFFECT", "filings_date": "2018-10-16", "url": "https://www.sec.gov/Archives/edgar/data/0001378590/999999999518002635/xslEFFECTX01/primary_doc.xml"}, {"form_type": "CORRESP", "filings_date": "2018-10-15", "url": "https://www.sec.gov/Archives/edgar/data/0001378590/000141588918001496/filename1.htm"}, {"form_type": "CORRESP", "filings_date": "2018-10-15", "url": "https://www.sec.gov/Archives/edgar/data/0001378590/000141588918001495/filename1.htm"}, {"form_type": "S-1/A", "filings_date": "2018-10-12", "url": "https://www.sec.gov/Archives/edgar/data/0001378590/000165495418011091/blins1a2_20181012.htm"}, {"form_type": "CORRESP", "filings_date": "2018-10-11", "url": "https://www.sec.gov/Archives/edgar/data/0001378590/000141588918001488/filename1.htm"}, {"form_type": "CORRESP", "filings_date": "2018-10-09", "url": "https://www.sec.gov/Archives/edgar/data/0001378590/000165495418010928/filename1.htm"}, {"form_type": "CORRESP", "filings_date": "2018-10-09", "url": "https://www.sec.gov/Archives/edgar/data/0001378590/000165495418010927/filename1.htm"}, {"form_type": "3", "filings_date": "2018-10-09", "url": "https://www.sec.gov/Archives/edgar/data/0001378590/000143774918018090/xslF345X02/rdgdoc.xml"}, {"form_type": "FWP", "filings_date": "2018-10-09", "url": "https://www.sec.gov/Archives/edgar/data/0001378590/000165495418010878/blin_fwp.htm"}, {"form_type": "S-1/A", "filings_date": "2018-10-09", "url": "https://www.sec.gov/Archives/edgar/data/0001378590/000165495418010876/blins1a_oct2018.htm"}, {"form_type": "8-K", "filings_date": "2018-09-28", "url": "https://www.sec.gov/Archives/edgar/data/0001378590/000143774918017600/blin20180928_8k.htm"}, {"form_type": "UPLOAD", "filings_date": "2018-09-27", "url": "https://www.sec.gov/Archives/edgar/data/0001378590/000000000018030590/filename1.pdf"}, {"form_type": "8-K", "filings_date": "2018-09-25", "url": "https://www.sec.gov/Archives/edgar/data/0001378590/000143774918017381/blin20180921_8k.htm"}, {"form_type": "S-1", "filings_date": "2018-09-19", "url": "https://www.sec.gov/Archives/edgar/data/0001378590/000165495418010299/blins1_sep2018.htm"}, {"form_type": "D", "filings_date": "2018-09-19", "url": "https://www.sec.gov/Archives/edgar/data/0001378590/000141588918001406/xslFormDX01/primary_doc.xml"}, {"form_type": "8-K", "filings_date": "2018-09-11", "url": "https://www.sec.gov/Archives/edgar/data/0001378590/000143774918016858/blin20180911_8k.htm"}, {"form_type": "8-K", "filings_date": "2018-08-15", "url": "https://www.sec.gov/Archives/edgar/data/0001378590/000143774918015632/blin20180814_8k.htm"}, {"form_type": "10-Q", "filings_date": "2018-08-14", "url": "https://www.sec.gov/Archives/edgar/data/0001378590/000143774918015603/blin20180630_10q.htm"}, {"form_type": "8-K", "filings_date": "2018-05-15", "url": "https://www.sec.gov/Archives/edgar/data/0001378590/000143774918010039/blin20180515_8k.htm"}, {"form_type": "10-Q", "filings_date": "2018-05-15", "url": "https://www.sec.gov/Archives/edgar/data/0001378590/000143774918009985/blin20180331_10q.htm"}, {"form_type": "8-K", "filings_date": "2018-03-28", "url": "https://www.sec.gov/Archives/edgar/data/0001378590/000143774918005698/blin20180327_8k.htm"}, {"form_type": "4/A", "filings_date": "2018-02-15", "url": "https://www.sec.gov/Archives/edgar/data/0001378590/000143774918002695/xslF345X03/rdgdoc.xml"}, {"form_type": "4/A", "filings_date": "2018-02-15", "url": "https://www.sec.gov/Archives/edgar/data/0001378590/000143774918002694/xslF345X03/rdgdoc.xml"}, {"form_type": "4", "filings_date": "2018-02-15", "url": "https://www.sec.gov/Archives/edgar/data/0001378590/000143774918002691/xslF345X03/rdgdoc.xml"}, {"form_type": "4/A", "filings_date": "2018-02-15", "url": "https://www.sec.gov/Archives/edgar/data/0001378590/000143774918002687/xslF345X03/rdgdoc.xml"}, {"form_type": "4", "filings_date": "2018-02-15", "url": "https://www.sec.gov/Archives/edgar/data/0001378590/000143774918002680/xslF345X03/rdgdoc.xml"}, {"form_type": "4", "filings_date": "2018-02-15", "url": "https://www.sec.gov/Archives/edgar/data/0001378590/000143774918002679/xslF345X03/rdgdoc.xml"}, {"form_type": "4", "filings_date": "2018-02-15", "url": "https://www.sec.gov/Archives/edgar/data/0001378590/000143774918002678/xslF345X03/rdgdoc.xml"}, {"form_type": "8-K", "filings_date": "2018-02-14", "url": "https://www.sec.gov/Archives/edgar/data/0001378590/000143774918002596/blin20180214_8k.htm"}, {"form_type": "10-Q", "filings_date": "2018-02-14", "url": "https://www.sec.gov/Archives/edgar/data/0001378590/000143774918002589/blin20171231_10q.htm"}, {"form_type": "DEF 14A", "filings_date": "2018-02-06", "url": "https://www.sec.gov/Archives/edgar/data/0001378590/000143774918001726/blin20180202_def14a.htm"}, {"form_type": "10-K/A", "filings_date": "2018-01-26", "url": "https://www.sec.gov/Archives/edgar/data/0001378590/000143774918001174/blin20180124_10ka.htm"}, {"form_type": "PRE 14A", "filings_date": "2018-01-24", "url": "https://www.sec.gov/Archives/edgar/data/0001378590/000143774918001085/blin20180123_pre14a.htm"}, {"form_type": "8-K", "filings_date": "2018-01-17", "url": "https://www.sec.gov/Archives/edgar/data/0001378590/000143774918000728/blin20180117_8k.htm"}, {"form_type": "10-K", "filings_date": "2017-12-21", "url": "https://www.sec.gov/Archives/edgar/data/0001378590/000143774917021027/blin20170930_10k.htm"}, {"form_type": "8-K", "filings_date": "2017-12-21", "url": "https://www.sec.gov/Archives/edgar/data/0001378590/000143774917021003/blin20171215_8k.htm"}, {"form_type": "8-K", "filings_date": "2017-12-20", "url": "https://www.sec.gov/Archives/edgar/data/0001378590/000143774917020942/blin20171220_8k.htm"}, {"form_type": "8-K", "filings_date": "2017-11-28", "url": "https://www.sec.gov/Archives/edgar/data/0001378590/000143774917019857/blin20171128_8k.htm"}, {"form_type": "8-K", "filings_date": "2017-10-13", "url": "https://www.sec.gov/Archives/edgar/data/0001378590/000143774917017135/blin20171013_8k.htm"}, {"form_type": "4/A", "filings_date": "2017-08-22", "url": "https://www.sec.gov/Archives/edgar/data/0001378590/000143774917015181/xslF345X03/rdgdoc.xml"}, {"form_type": "4", "filings_date": "2017-08-21", "url": "https://www.sec.gov/Archives/edgar/data/0001378590/000143774917015124/xslF345X03/rdgdoc.xml"}, {"form_type": "8-K", "filings_date": "2017-08-14", "url": "https://www.sec.gov/Archives/edgar/data/0001378590/000143774917014750/blin20170814_8k.htm"}, {"form_type": "10-Q", "filings_date": "2017-08-14", "url": "https://www.sec.gov/Archives/edgar/data/0001378590/000143774917014740/blin20170630_10q.htm"}, {"form_type": "8-K", "filings_date": "2017-07-24", "url": "https://www.sec.gov/Archives/edgar/data/0001378590/000143774917012980/blin20170724_8k.htm"}, {"form_type": "EFFECT", "filings_date": "2017-07-05", "url": "https://www.sec.gov/Archives/edgar/data/0001378590/999999999517001738/xslEFFECTX01/primary_doc.xml"}, {"form_type": "CORRESP", "filings_date": "2017-06-30", "url": "https://www.sec.gov/Archives/edgar/data/0001378590/000165495417006067/filename1.htm"}, {"form_type": "S-3/A", "filings_date": "2017-06-30", "url": "https://www.sec.gov/Archives/edgar/data/0001378590/000165495417006065/blins3a_june2017.htm"}, {"form_type": "8-K", "filings_date": "2017-06-30", "url": "https://www.sec.gov/Archives/edgar/data/0001378590/000143774917012105/blin20170629_8k.htm"}, {"form_type": "4", "filings_date": "2017-06-12", "url": "https://www.sec.gov/Archives/edgar/data/0001378590/000143774917011148/xslF345X03/rdgdoc.xml"}, {"form_type": "4", "filings_date": "2017-06-09", "url": "https://www.sec.gov/Archives/edgar/data/0001378590/000143774917011078/xslF345X03/rdgdoc.xml"}, {"form_type": "UPLOAD", "filings_date": "2017-05-25", "url": "https://www.sec.gov/Archives/edgar/data/0001378590/000000000017018388/filename1.pdf"}, {"form_type": "S-3", "filings_date": "2017-05-19", "url": "https://www.sec.gov/Archives/edgar/data/0001378590/000165495417004947/blins3_may2017.htm"}, {"form_type": "DEF 14A", "filings_date": "2017-05-16", "url": "https://www.sec.gov/Archives/edgar/data/0001378590/000143774917009361/blin20170515_def14a.htm"}, {"form_type": "8-K", "filings_date": "2017-05-15", "url": "https://www.sec.gov/Archives/edgar/data/0001378590/000143774917009284/blin20170515_8k.htm"}, {"form_type": "10-Q", "filings_date": "2017-05-15", "url": "https://www.sec.gov/Archives/edgar/data/0001378590/000143774917009258/blin20170331b_10q.htm"}, {"form_type": "PRE 14A", "filings_date": "2017-05-05", "url": "https://www.sec.gov/Archives/edgar/data/0001378590/000143774917008169/blin20170505_pre14a.htm"}, {"form_type": "4", "filings_date": "2017-04-03", "url": "https://www.sec.gov/Archives/edgar/data/0001378590/000143774917005933/xslF345X03/rdgdoc.xml"}, {"form_type": "4", "filings_date": "2017-03-03", "url": "https://www.sec.gov/Archives/edgar/data/0001378590/000143774917003737/xslF345X03/rdgdoc.xml"}, {"form_type": "4", "filings_date": "2017-03-01", "url": "https://www.sec.gov/Archives/edgar/data/0001378590/000143774917003483/xslF345X03/rdgdoc.xml"}, {"form_type": "10-Q", "filings_date": "2017-02-14", "url": "https://www.sec.gov/Archives/edgar/data/0001378590/000143774917002434/blin20161231_10q.htm"}, {"form_type": "8-K", "filings_date": "2017-02-13", "url": "https://www.sec.gov/Archives/edgar/data/0001378590/000143774917002245/blin20170213_8k.htm"}, {"form_type": "4", "filings_date": "2017-02-08", "url": "https://www.sec.gov/Archives/edgar/data/0001378590/000143774917001948/xslF345X03/rdgdoc.xml"}, {"form_type": "4", "filings_date": "2017-02-08", "url": "https://www.sec.gov/Archives/edgar/data/0001378590/000143774917001947/xslF345X03/rdgdoc.xml"}, {"form_type": "4", "filings_date": "2017-02-08", "url": "https://www.sec.gov/Archives/edgar/data/0001378590/000143774917001945/xslF345X03/rdgdoc.xml"}, {"form_type": "4", "filings_date": "2017-02-08", "url": "https://www.sec.gov/Archives/edgar/data/0001378590/000143774917001943/xslF345X03/rdgdoc.xml"}, {"form_type": "4", "filings_date": "2017-02-08", "url": "https://www.sec.gov/Archives/edgar/data/0001378590/000143774917001942/xslF345X03/rdgdoc.xml"}, {"form_type": "4", "filings_date": "2017-02-01", "url": "https://www.sec.gov/Archives/edgar/data/0001378590/000143774917001456/xslF345X03/rdgdoc.xml"}, {"form_type": "424B3", "filings_date": "2017-01-30", "url": "https://www.sec.gov/Archives/edgar/data/0001378590/000165495417000571/blin424b3_jan2017.htm"}, {"form_type": "EFFECT", "filings_date": "2017-01-27", "url": "https://www.sec.gov/Archives/edgar/data/0001378590/999999999517000225/xslEFFECTX01/primary_doc.xml"}, {"form_type": "CORRESP", "filings_date": "2017-01-24", "url": "https://www.sec.gov/Archives/edgar/data/0001378590/000141588917000130/filename1.htm"}, {"form_type": "10-K/A", "filings_date": "2017-01-24", "url": "https://www.sec.gov/Archives/edgar/data/0001378590/000143774917001030/blin20170123_10ka.htm"}, {"form_type": "CORRESP", "filings_date": "2017-01-17", "url": "https://www.sec.gov/Archives/edgar/data/0001378590/000165495417000312/filename1.htm"}, {"form_type": "CORRESP", "filings_date": "2017-01-12", "url": "https://www.sec.gov/Archives/edgar/data/0001378590/000165495417000205/filename1.htm"}]}