{"company": {"cik": "0001567771", "name": "BRIDGEWAY NATIONAL CORP.", "sic": "Industrial Organic Chemicals", "state_incorp": "DE", "ticker": "BDGY", "mailing_addr": "1015 15TH STREET NW, WASHINGTON, DC, DC, 20005", "category": "Non-accelerated filer<br>Smaller reporting company", "fiscal_year_end": "31, December"}, "filings": [{"form_type": "NT 10-Q", "filings_date": "2021-08-16", "url": "https://www.sec.gov/Archives/edgar/data/0001567771/000149315221019880/formnt10-q.htm"}, {"form_type": "8-K", "filings_date": "2021-08-03", "url": "https://www.sec.gov/Archives/edgar/data/0001567771/000149315221018443/form8-k.htm"}, {"form_type": "PRE 14C", "filings_date": "2021-08-03", "url": "https://www.sec.gov/Archives/edgar/data/0001567771/000149315221018394/formpre14c.htm"}, {"form_type": "10-Q", "filings_date": "2021-06-14", "url": "https://www.sec.gov/Archives/edgar/data/0001567771/000149315221014247/form10-q.htm"}, {"form_type": "10-K", "filings_date": "2021-06-01", "url": "https://www.sec.gov/Archives/edgar/data/0001567771/000149315221013331/form10-k.htm"}, {"form_type": "NT 10-K", "filings_date": "2021-03-31", "url": "https://www.sec.gov/Archives/edgar/data/0001567771/000149315221007545/nt10-k.htm"}, {"form_type": "10-Q", "filings_date": "2020-11-16", "url": "https://www.sec.gov/Archives/edgar/data/0001567771/000149315220021467/form10-q.htm"}, {"form_type": "PRER14C", "filings_date": "2020-11-09", "url": "https://www.sec.gov/Archives/edgar/data/0001567771/000149315220020800/prer14c.htm"}, {"form_type": "PRE 14C", "filings_date": "2020-10-19", "url": "https://www.sec.gov/Archives/edgar/data/0001567771/000149315220019626/pre14c.htm"}, {"form_type": "8-K", "filings_date": "2020-10-19", "url": "https://www.sec.gov/Archives/edgar/data/0001567771/000149315220019617/form8-k.htm"}, {"form_type": "8-K", "filings_date": "2020-10-02", "url": "https://www.sec.gov/Archives/edgar/data/0001567771/000149315220018813/form8-k.htm"}, {"form_type": "8-K", "filings_date": "2020-10-02", "url": "https://www.sec.gov/Archives/edgar/data/0001567771/000149315220018812/form8-k.htm"}, {"form_type": "8-K", "filings_date": "2020-09-28", "url": "https://www.sec.gov/Archives/edgar/data/0001567771/000149315220018481/form8-k.htm"}, {"form_type": "8-K", "filings_date": "2020-09-28", "url": "https://www.sec.gov/Archives/edgar/data/0001567771/000149315220018478/form8-k.htm"}, {"form_type": "10-Q", "filings_date": "2020-09-28", "url": "https://www.sec.gov/Archives/edgar/data/0001567771/000149315220018384/form10-q.htm"}, {"form_type": "10-Q", "filings_date": "2020-09-25", "url": "https://www.sec.gov/Archives/edgar/data/0001567771/000149315220018305/form10-q.htm"}, {"form_type": "10-K", "filings_date": "2020-09-21", "url": "https://www.sec.gov/Archives/edgar/data/0001567771/000149315220018067/form10-k.htm"}, {"form_type": "NT 10-K", "filings_date": "2020-05-14", "url": "https://www.sec.gov/Archives/edgar/data/0001567771/000149315220008840/nt10-k.htm"}, {"form_type": "8-K", "filings_date": "2020-05-14", "url": "https://www.sec.gov/Archives/edgar/data/0001567771/000149315220008835/form8-k.htm"}, {"form_type": "S-1", "filings_date": "2020-04-16", "url": "https://www.sec.gov/Archives/edgar/data/0001567771/000149315220006525/forms-1.htm"}, {"form_type": "8-K", "filings_date": "2020-03-30", "url": "https://www.sec.gov/Archives/edgar/data/0001567771/000149315220004994/form8-k.htm"}, {"form_type": "8-K", "filings_date": "2020-03-13", "url": "https://www.sec.gov/Archives/edgar/data/0001567771/000149315220003889/form8-k.htm"}, {"form_type": "8-K", "filings_date": "2020-01-24", "url": "https://www.sec.gov/Archives/edgar/data/0001567771/000149315220001034/form8-k.htm"}, {"form_type": "8-K", "filings_date": "2019-12-17", "url": "https://www.sec.gov/Archives/edgar/data/0001567771/000149315219019351/form8k.htm"}, {"form_type": "10-Q", "filings_date": "2019-12-17", "url": "https://www.sec.gov/Archives/edgar/data/0001567771/000149315219019347/form10-q.htm"}, {"form_type": "10-Q", "filings_date": "2019-12-17", "url": "https://www.sec.gov/Archives/edgar/data/0001567771/000149315219019342/form10-q.htm"}, {"form_type": "8-K", "filings_date": "2019-09-11", "url": "https://www.sec.gov/Archives/edgar/data/0001567771/000149315219013979/form8-k.htm"}, {"form_type": "8-K", "filings_date": "2019-08-27", "url": "https://www.sec.gov/Archives/edgar/data/0001567771/000149315219013417/form8-k.htm"}, {"form_type": "10-Q", "filings_date": "2019-08-26", "url": "https://www.sec.gov/Archives/edgar/data/0001567771/000149315219013335/form10-q.htm"}, {"form_type": "8-K", "filings_date": "2019-05-29", "url": "https://www.sec.gov/Archives/edgar/data/0001567771/000149315219008351/form8-k.htm"}, {"form_type": "NT 10-Q", "filings_date": "2019-05-15", "url": "https://www.sec.gov/Archives/edgar/data/0001567771/000151116419000059/formnt10_q.htm"}, {"form_type": "8-K", "filings_date": "2019-05-10", "url": "https://www.sec.gov/Archives/edgar/data/0001567771/000151116419000057/form8_k.htm"}, {"form_type": "10-K", "filings_date": "2019-04-15", "url": "https://www.sec.gov/Archives/edgar/data/0001567771/000149315219005328/form10-k.htm"}, {"form_type": "8-K", "filings_date": "2019-04-11", "url": "https://www.sec.gov/Archives/edgar/data/0001567771/000149315219005168/form8-k.htm"}, {"form_type": "NT 10-K", "filings_date": "2019-03-29", "url": "https://www.sec.gov/Archives/edgar/data/0001567771/000151116419000042/nt10_k.htm"}, {"form_type": "NT 10-Q", "filings_date": "2019-03-29", "url": "https://www.sec.gov/Archives/edgar/data/0001567771/000151116419000041/nt10_k.htm"}, {"form_type": "DEF 14C", "filings_date": "2019-03-21", "url": "https://www.sec.gov/Archives/edgar/data/0001567771/000151116419000038/lifelogger14c.htm"}, {"form_type": "8-K", "filings_date": "2019-03-19", "url": "https://www.sec.gov/Archives/edgar/data/0001567771/000151116419000037/form8_k.htm"}, {"form_type": "8-K", "filings_date": "2019-01-15", "url": "https://www.sec.gov/Archives/edgar/data/0001567771/000149315219000649/form8-k.htm"}, {"form_type": "PRE 14C", "filings_date": "2019-01-09", "url": "https://www.sec.gov/Archives/edgar/data/0001567771/000149315219000392/pre14c.htm"}, {"form_type": "10-Q", "filings_date": "2018-12-27", "url": "https://www.sec.gov/Archives/edgar/data/0001567771/000149315218018003/form10-q.htm"}, {"form_type": "10-Q", "filings_date": "2018-12-20", "url": "https://www.sec.gov/Archives/edgar/data/0001567771/000149315218017740/form10-q.htm"}, {"form_type": "10-Q", "filings_date": "2018-12-18", "url": "https://www.sec.gov/Archives/edgar/data/0001567771/000149315218017649/form10-q.htm"}, {"form_type": "10-K", "filings_date": "2018-12-17", "url": "https://www.sec.gov/Archives/edgar/data/0001567771/000149315218017591/form10-k.htm"}, {"form_type": "8-K", "filings_date": "2018-01-16", "url": "https://www.sec.gov/Archives/edgar/data/0001567771/000149315218000530/form8-k.htm"}, {"form_type": "10-Q", "filings_date": "2017-12-20", "url": "https://www.sec.gov/Archives/edgar/data/0001567771/000149315217014870/form10-q.htm"}, {"form_type": "NT 10-Q", "filings_date": "2017-11-14", "url": "https://www.sec.gov/Archives/edgar/data/0001567771/000149315217013153/formnt10-q.htm"}, {"form_type": "10-Q", "filings_date": "2017-08-14", "url": "https://www.sec.gov/Archives/edgar/data/0001567771/000149315217009156/form10-q.htm"}, {"form_type": "SC 13G", "filings_date": "2017-08-02", "url": "https://www.sec.gov/Archives/edgar/data/0001567771/000107878217001041/13g080117_sc13g.htm"}, {"form_type": "10-Q", "filings_date": "2017-05-15", "url": "https://www.sec.gov/Archives/edgar/data/0001567771/000149315217005301/form10q.htm"}, {"form_type": "10-K", "filings_date": "2017-04-17", "url": "https://www.sec.gov/Archives/edgar/data/0001567771/000149315217003992/form10-k.htm"}, {"form_type": "4", "filings_date": "2017-04-12", "url": "https://www.sec.gov/Archives/edgar/data/0001567771/000149315217003771/xslF345X03/form4.xml"}, {"form_type": "3", "filings_date": "2017-04-12", "url": "https://www.sec.gov/Archives/edgar/data/0001567771/000149315217003770/xslF345X02/form3.xml"}, {"form_type": "NT 10-K", "filings_date": "2017-03-31", "url": "https://www.sec.gov/Archives/edgar/data/0001567771/000149315217003140/formnt10-k.htm"}, {"form_type": "8-K", "filings_date": "2017-03-24", "url": "https://www.sec.gov/Archives/edgar/data/0001567771/000149315217002813/form8-k.htm"}, {"form_type": "DEF 14C", "filings_date": "2017-03-16", "url": "https://www.sec.gov/Archives/edgar/data/0001567771/000149315217002517/def14c.htm"}, {"form_type": "PRE 14C", "filings_date": "2017-02-27", "url": "https://www.sec.gov/Archives/edgar/data/0001567771/000149315217001969/pre14c.htm"}, {"form_type": "8-K", "filings_date": "2017-02-23", "url": "https://www.sec.gov/Archives/edgar/data/0001567771/000149315217001847/form8-k.htm"}, {"form_type": "8-K", "filings_date": "2017-02-09", "url": "https://www.sec.gov/Archives/edgar/data/0001567771/000149315217001260/form8-k.htm"}]}