{"company": {"cik": "0000827876", "name": "CLEANSPARK, INC.", "sic": "Services-Computer Integrated Systems Design", "state_incorp": "NV", "ticker": "CLSK", "mailing_addr": "2370 CORPORATE CIRCLE, HENDERSON, NV, 89074", "category": "Large accelerated filer", "fiscal_year_end": "30, September"}, "filings": [{"form_type": "8-K", "filings_date": "2022-03-18", "url": "https://www.sec.gov/Archives/edgar/data/0000827876/000095017022004122/clsk-20220315.htm"}, {"form_type": "4", "filings_date": "2022-02-22", "url": "https://www.sec.gov/Archives/edgar/data/0000827876/000166357722000111/xslF345X03/ownership.xml"}, {"form_type": "4", "filings_date": "2022-02-18", "url": "https://www.sec.gov/Archives/edgar/data/0000827876/000166357722000104/xslF345X03/ownership.xml"}, {"form_type": "4", "filings_date": "2022-02-18", "url": "https://www.sec.gov/Archives/edgar/data/0000827876/000166357722000102/xslF345X03/ownership.xml"}, {"form_type": "4", "filings_date": "2022-02-16", "url": "https://www.sec.gov/Archives/edgar/data/0000827876/000166357722000099/xslF345X03/ownership.xml"}, {"form_type": "4", "filings_date": "2022-02-14", "url": "https://www.sec.gov/Archives/edgar/data/0000827876/000166357722000095/xslF345X03/ownership.xml"}, {"form_type": "10-Q", "filings_date": "2022-02-09", "url": "https://www.sec.gov/Archives/edgar/data/0000827876/000095017022000992/clsk-20211231.htm"}, {"form_type": "8-K", "filings_date": "2022-02-09", "url": "https://www.sec.gov/Archives/edgar/data/0000827876/000095017022000977/clsk-20220209.htm"}, {"form_type": "SC 13G", "filings_date": "2022-02-04", "url": "https://www.sec.gov/Archives/edgar/data/0000827876/000083423722007276/us18452b2097_020422.txt"}, {"form_type": "DEFA14A", "filings_date": "2022-01-27", "url": "https://www.sec.gov/Archives/edgar/data/0000827876/000114036122002917/ny20002014x2_defa14a.htm"}, {"form_type": "DEF 14A", "filings_date": "2022-01-27", "url": "https://www.sec.gov/Archives/edgar/data/0000827876/000114036122002915/ny20002014x1_def14a.htm"}, {"form_type": "4", "filings_date": "2022-01-13", "url": "https://www.sec.gov/Archives/edgar/data/0000827876/000166357722000034/xslF345X03/ownership.xml"}, {"form_type": "8-K", "filings_date": "2022-01-13", "url": "https://www.sec.gov/Archives/edgar/data/0000827876/000166357722000030/clsk8k.htm"}, {"form_type": "8-K/A", "filings_date": "2022-01-13", "url": "https://www.sec.gov/Archives/edgar/data/0000827876/000166357722000029/clsk8ka.htm"}, {"form_type": "4/A", "filings_date": "2021-12-20", "url": "https://www.sec.gov/Archives/edgar/data/0000827876/000166357721000696/xslF345X03/ownership.xml"}, {"form_type": "4", "filings_date": "2021-12-17", "url": "https://www.sec.gov/Archives/edgar/data/0000827876/000166357721000687/xslF345X03/ownership.xml"}, {"form_type": "3", "filings_date": "2021-12-17", "url": "https://www.sec.gov/Archives/edgar/data/0000827876/000166357721000685/xslF345X02/ownership.xml"}, {"form_type": "8-K", "filings_date": "2021-12-15", "url": "https://www.sec.gov/Archives/edgar/data/0000827876/000166357721000672/clsk8k.htm"}, {"form_type": "8-K", "filings_date": "2021-12-15", "url": "https://www.sec.gov/Archives/edgar/data/0000827876/000166357721000670/clsk8k.htm"}, {"form_type": "10-K", "filings_date": "2021-12-14", "url": "https://www.sec.gov/Archives/edgar/data/0000827876/000166357721000668/clsk10k.htm"}, {"form_type": "NT 10-K", "filings_date": "2021-11-29", "url": "https://www.sec.gov/Archives/edgar/data/0000827876/000166357721000650/clsk_nt10k.htm"}, {"form_type": "4", "filings_date": "2021-11-19", "url": "https://www.sec.gov/Archives/edgar/data/0000827876/000188608621000013/xslF345X03/ownership.xml"}, {"form_type": "4", "filings_date": "2021-11-19", "url": "https://www.sec.gov/Archives/edgar/data/0000827876/000188608621000011/xslF345X03/ownership.xml"}, {"form_type": "8-K", "filings_date": "2021-11-19", "url": "https://www.sec.gov/Archives/edgar/data/0000827876/000188608621000008/clsk8k.htm"}, {"form_type": "4", "filings_date": "2021-11-10", "url": "https://www.sec.gov/Archives/edgar/data/0000827876/000166357721000602/xslF345X03/ownership.xml"}, {"form_type": "4", "filings_date": "2021-11-10", "url": "https://www.sec.gov/Archives/edgar/data/0000827876/000166357721000600/xslF345X03/ownership.xml"}, {"form_type": "4", "filings_date": "2021-11-10", "url": "https://www.sec.gov/Archives/edgar/data/0000827876/000166357721000598/xslF345X03/ownership.xml"}, {"form_type": "4", "filings_date": "2021-11-10", "url": "https://www.sec.gov/Archives/edgar/data/0000827876/000166357721000597/xslF345X03/ownership.xml"}, {"form_type": "4", "filings_date": "2021-10-29", "url": "https://www.sec.gov/Archives/edgar/data/0000827876/000166357721000565/xslF345X03/ownership.xml"}, {"form_type": "8-K", "filings_date": "2021-10-29", "url": "https://www.sec.gov/Archives/edgar/data/0000827876/000166357721000563/clsk8k.htm"}, {"form_type": "4", "filings_date": "2021-10-20", "url": "https://www.sec.gov/Archives/edgar/data/0000827876/000166357721000533/xslF345X03/ownership.xml"}, {"form_type": "8-K", "filings_date": "2021-10-20", "url": "https://www.sec.gov/Archives/edgar/data/0000827876/000188608621000004/clsk8k.htm"}, {"form_type": "8-K", "filings_date": "2021-10-12", "url": "https://www.sec.gov/Archives/edgar/data/0000827876/000188608621000002/clsk8k.htm"}, {"form_type": "8-K", "filings_date": "2021-10-06", "url": "https://www.sec.gov/Archives/edgar/data/0000827876/000166357721000519/clsk8k.htm"}, {"form_type": "4", "filings_date": "2021-10-01", "url": "https://www.sec.gov/Archives/edgar/data/0000827876/000166357721000514/xslF345X03/ownership.xml"}, {"form_type": "S-8", "filings_date": "2021-09-30", "url": "https://www.sec.gov/Archives/edgar/data/0000827876/000166357721000512/clsk_s8.htm"}, {"form_type": "8-K", "filings_date": "2021-09-17", "url": "https://www.sec.gov/Archives/edgar/data/0000827876/000166357721000508/clsk8k.htm"}, {"form_type": "8-K", "filings_date": "2021-08-17", "url": "https://www.sec.gov/Archives/edgar/data/0000827876/000166357721000436/clsk8k.htm"}, {"form_type": "10-Q", "filings_date": "2021-08-16", "url": "https://www.sec.gov/Archives/edgar/data/0000827876/000166357721000429/clsk10q.htm"}, {"form_type": "8-K", "filings_date": "2021-08-10", "url": "https://www.sec.gov/Archives/edgar/data/0000827876/000166357721000387/clsk8k.htm"}, {"form_type": "8-K", "filings_date": "2021-08-03", "url": "https://www.sec.gov/Archives/edgar/data/0000827876/000166357721000374/clsk8k.htm"}, {"form_type": "DEF 14A", "filings_date": "2021-08-02", "url": "https://www.sec.gov/Archives/edgar/data/0000827876/000166357721000372/clsk_def14a.htm"}, {"form_type": "4", "filings_date": "2021-07-30", "url": "https://www.sec.gov/Archives/edgar/data/0000827876/000166357721000370/xslF345X03/ownership.xml"}, {"form_type": "4", "filings_date": "2021-07-30", "url": "https://www.sec.gov/Archives/edgar/data/0000827876/000166357721000352/xslF345X03/ownership.xml"}, {"form_type": "PRE 14A", "filings_date": "2021-07-22", "url": "https://www.sec.gov/Archives/edgar/data/0000827876/000166357721000349/clsk_pre14a.htm"}, {"form_type": "8-K", "filings_date": "2021-07-14", "url": "https://www.sec.gov/Archives/edgar/data/0000827876/000166357721000329/clsk8k.htm"}, {"form_type": "4", "filings_date": "2021-07-09", "url": "https://www.sec.gov/Archives/edgar/data/0000827876/000166357721000320/xslF345X03/ownership.xml"}, {"form_type": "4", "filings_date": "2021-07-07", "url": "https://www.sec.gov/Archives/edgar/data/0000827876/000166357721000318/xslF345X03/ownership.xml"}, {"form_type": "4", "filings_date": "2021-07-07", "url": "https://www.sec.gov/Archives/edgar/data/0000827876/000166357721000316/xslF345X03/ownership.xml"}, {"form_type": "4", "filings_date": "2021-07-07", "url": "https://www.sec.gov/Archives/edgar/data/0000827876/000166357721000314/xslF345X03/ownership.xml"}, {"form_type": "8-K", "filings_date": "2021-06-15", "url": "https://www.sec.gov/Archives/edgar/data/0000827876/000166357721000301/clsk8k.htm"}, {"form_type": "8-K", "filings_date": "2021-06-15", "url": "https://www.sec.gov/Archives/edgar/data/0000827876/000166357721000299/clsk8k.htm"}, {"form_type": "4", "filings_date": "2021-06-14", "url": "https://www.sec.gov/Archives/edgar/data/0000827876/000166357721000289/xslF345X03/ownership.xml"}, {"form_type": "8-K", "filings_date": "2021-06-03", "url": "https://www.sec.gov/Archives/edgar/data/0000827876/000110465921076033/tm2118247d2_8k.htm"}, {"form_type": "424B5", "filings_date": "2021-06-03", "url": "https://www.sec.gov/Archives/edgar/data/0000827876/000110465921076023/tm2118247-1_424b5.htm"}, {"form_type": "8-K", "filings_date": "2021-05-26", "url": "https://www.sec.gov/Archives/edgar/data/0000827876/000166357721000267/clsk8k.htm"}, {"form_type": "8-K", "filings_date": "2021-05-13", "url": "https://www.sec.gov/Archives/edgar/data/0000827876/000166357721000243/clsk8k.htm"}, {"form_type": "4", "filings_date": "2021-05-10", "url": "https://www.sec.gov/Archives/edgar/data/0000827876/000166357721000237/xslF345X03/ownership.xml"}, {"form_type": "4", "filings_date": "2021-05-10", "url": "https://www.sec.gov/Archives/edgar/data/0000827876/000166357721000235/xslF345X03/ownership.xml"}, {"form_type": "8-K", "filings_date": "2021-05-07", "url": "https://www.sec.gov/Archives/edgar/data/0000827876/000166357721000233/clsk8k.htm"}, {"form_type": "10-Q", "filings_date": "2021-05-06", "url": "https://www.sec.gov/Archives/edgar/data/0000827876/000166357721000230/clsk10q.htm"}, {"form_type": "8-K", "filings_date": "2021-05-05", "url": "https://www.sec.gov/Archives/edgar/data/0000827876/000166357721000219/clsk8k.htm"}, {"form_type": "4", "filings_date": "2021-05-03", "url": "https://www.sec.gov/Archives/edgar/data/0000827876/000166357721000215/xslF345X03/ownership.xml"}, {"form_type": "4", "filings_date": "2021-04-27", "url": "https://www.sec.gov/Archives/edgar/data/0000827876/000166357721000206/xslF345X03/ownership.xml"}, {"form_type": "4", "filings_date": "2021-04-27", "url": "https://www.sec.gov/Archives/edgar/data/0000827876/000166357721000204/xslF345X03/ownership.xml"}, {"form_type": "4", "filings_date": "2021-04-27", "url": "https://www.sec.gov/Archives/edgar/data/0000827876/000166357721000202/xslF345X03/ownership.xml"}, {"form_type": "4", "filings_date": "2021-04-20", "url": "https://www.sec.gov/Archives/edgar/data/0000827876/000166357721000198/xslF345X03/ownership.xml"}, {"form_type": "4", "filings_date": "2021-04-20", "url": "https://www.sec.gov/Archives/edgar/data/0000827876/000166357721000196/xslF345X03/ownership.xml"}, {"form_type": "4", "filings_date": "2021-04-20", "url": "https://www.sec.gov/Archives/edgar/data/0000827876/000166357721000194/xslF345X03/ownership.xml"}, {"form_type": "8-K", "filings_date": "2021-04-16", "url": "https://www.sec.gov/Archives/edgar/data/0000827876/000166357721000188/clsk8k.htm"}, {"form_type": "8-K", "filings_date": "2021-04-15", "url": "https://www.sec.gov/Archives/edgar/data/0000827876/000166357721000183/clsk8k.htm"}, {"form_type": "8-K", "filings_date": "2021-04-08", "url": "https://www.sec.gov/Archives/edgar/data/0000827876/000166357721000172/clsk8k.htm"}, {"form_type": "8-K", "filings_date": "2021-04-01", "url": "https://www.sec.gov/Archives/edgar/data/0000827876/000166357721000161/clsk8k.htm"}, {"form_type": "4", "filings_date": "2021-04-01", "url": "https://www.sec.gov/Archives/edgar/data/0000827876/000166357721000159/xslF345X03/ownership.xml"}, {"form_type": "8-K", "filings_date": "2021-03-25", "url": "https://www.sec.gov/Archives/edgar/data/0000827876/000166357721000145/clsk8k.htm"}, {"form_type": "8-K", "filings_date": "2021-03-18", "url": "https://www.sec.gov/Archives/edgar/data/0000827876/000110465921038067/tm219449d5_8k.htm"}, {"form_type": "424B5", "filings_date": "2021-03-18", "url": "https://www.sec.gov/Archives/edgar/data/0000827876/000110465921038066/tm219449-4_424b5.htm"}, {"form_type": "424B5", "filings_date": "2021-03-15", "url": "https://www.sec.gov/Archives/edgar/data/0000827876/000110465921036383/tm219449-3_424b5.htm"}, {"form_type": "S-3ASR", "filings_date": "2021-03-15", "url": "https://www.sec.gov/Archives/edgar/data/0000827876/000110465921036264/tm219449-1_s3asr.htm"}, {"form_type": "8-K", "filings_date": "2021-03-08", "url": "https://www.sec.gov/Archives/edgar/data/0000827876/000166357721000120/clsk8k.htm"}, {"form_type": "4", "filings_date": "2021-03-02", "url": "https://www.sec.gov/Archives/edgar/data/0000827876/000166357721000108/xslF345X03/ownership.xml"}, {"form_type": "8-K", "filings_date": "2021-03-01", "url": "https://www.sec.gov/Archives/edgar/data/0000827876/000166357721000104/clsk8k.htm"}, {"form_type": "8-K/A", "filings_date": "2021-02-24", "url": "https://www.sec.gov/Archives/edgar/data/0000827876/000166357721000091/clsk8ka.htm"}, {"form_type": "8-K", "filings_date": "2021-02-24", "url": "https://www.sec.gov/Archives/edgar/data/0000827876/000166357721000084/clsk8k.htm"}, {"form_type": "4", "filings_date": "2021-02-17", "url": "https://www.sec.gov/Archives/edgar/data/0000827876/000166357721000076/xslF345X03/ownership.xml"}, {"form_type": "4", "filings_date": "2021-02-17", "url": "https://www.sec.gov/Archives/edgar/data/0000827876/000166357721000075/xslF345X03/ownership.xml"}, {"form_type": "4", "filings_date": "2021-02-17", "url": "https://www.sec.gov/Archives/edgar/data/0000827876/000166357721000074/xslF345X03/ownership.xml"}, {"form_type": "4", "filings_date": "2021-02-17", "url": "https://www.sec.gov/Archives/edgar/data/0000827876/000166357721000073/xslF345X03/ownership.xml"}, {"form_type": "8-K", "filings_date": "2021-02-12", "url": "https://www.sec.gov/Archives/edgar/data/0000827876/000166357721000068/clsk8k.htm"}, {"form_type": "10-Q", "filings_date": "2021-02-12", "url": "https://www.sec.gov/Archives/edgar/data/0000827876/000166357721000066/clsk10q.htm"}, {"form_type": "4", "filings_date": "2021-02-02", "url": "https://www.sec.gov/Archives/edgar/data/0000827876/000166357721000042/xslF345X03/ownership.xml"}, {"form_type": "8-K", "filings_date": "2021-01-21", "url": "https://www.sec.gov/Archives/edgar/data/0000827876/000166357721000030/clsk8k.htm"}, {"form_type": "SC 13G/A", "filings_date": "2021-01-07", "url": "https://www.sec.gov/Archives/edgar/data/0000827876/000153561021000056/clsk0121.txt"}, {"form_type": "4", "filings_date": "2021-01-05", "url": "https://www.sec.gov/Archives/edgar/data/0000827876/000166357721000012/xslF345X03/ownership.xml"}, {"form_type": "4", "filings_date": "2021-01-05", "url": "https://www.sec.gov/Archives/edgar/data/0000827876/000166357721000010/xslF345X03/ownership.xml"}, {"form_type": "4/A", "filings_date": "2021-01-05", "url": "https://www.sec.gov/Archives/edgar/data/0000827876/000166357721000008/xslF345X03/ownership.xml"}, {"form_type": "4/A", "filings_date": "2021-01-05", "url": "https://www.sec.gov/Archives/edgar/data/0000827876/000166357721000006/xslF345X03/ownership.xml"}, {"form_type": "4/A", "filings_date": "2021-01-05", "url": "https://www.sec.gov/Archives/edgar/data/0000827876/000166357721000004/xslF345X03/ownership.xml"}, {"form_type": "4/A", "filings_date": "2021-01-05", "url": "https://www.sec.gov/Archives/edgar/data/0000827876/000166357721000002/xslF345X03/ownership.xml"}, {"form_type": "8-K", "filings_date": "2020-12-31", "url": "https://www.sec.gov/Archives/edgar/data/0000827876/000166357720000516/clsk8k.htm"}, {"form_type": "4", "filings_date": "2020-12-28", "url": "https://www.sec.gov/Archives/edgar/data/0000827876/000166357720000512/xslF345X03/ownership.xml"}, {"form_type": "4", "filings_date": "2020-12-28", "url": "https://www.sec.gov/Archives/edgar/data/0000827876/000166357720000510/xslF345X03/ownership.xml"}, {"form_type": "8-K", "filings_date": "2020-12-17", "url": "https://www.sec.gov/Archives/edgar/data/0000827876/000166357720000501/clsk8k.htm"}, {"form_type": "10-K", "filings_date": "2020-12-17", "url": "https://www.sec.gov/Archives/edgar/data/0000827876/000166357720000499/clsk10k.htm"}, {"form_type": "8-K", "filings_date": "2020-12-10", "url": "https://www.sec.gov/Archives/edgar/data/0000827876/000166357720000458/clsk8k.htm"}, {"form_type": "5", "filings_date": "2020-11-13", "url": "https://www.sec.gov/Archives/edgar/data/0000827876/000166357720000420/xslF345X03/ownership.xml"}, {"form_type": "5", "filings_date": "2020-11-13", "url": "https://www.sec.gov/Archives/edgar/data/0000827876/000166357720000418/xslF345X03/ownership.xml"}, {"form_type": "S-8", "filings_date": "2020-11-09", "url": "https://www.sec.gov/Archives/edgar/data/0000827876/000166357720000411/clsk_s8.htm"}, {"form_type": "4", "filings_date": "2020-10-28", "url": "https://www.sec.gov/Archives/edgar/data/0000827876/000166357720000399/xslF345X03/ownership.xml"}, {"form_type": "4", "filings_date": "2020-10-28", "url": "https://www.sec.gov/Archives/edgar/data/0000827876/000166357720000397/xslF345X03/ownership.xml"}, {"form_type": "4", "filings_date": "2020-10-28", "url": "https://www.sec.gov/Archives/edgar/data/0000827876/000166357720000395/xslF345X03/ownership.xml"}, {"form_type": "4", "filings_date": "2020-10-28", "url": "https://www.sec.gov/Archives/edgar/data/0000827876/000166357720000393/xslF345X03/ownership.xml"}, {"form_type": "4", "filings_date": "2020-10-28", "url": "https://www.sec.gov/Archives/edgar/data/0000827876/000166357720000391/xslF345X03/ownership.xml"}, {"form_type": "8-K", "filings_date": "2020-10-28", "url": "https://www.sec.gov/Archives/edgar/data/0000827876/000166357720000389/clsk8k.htm"}, {"form_type": "8-K", "filings_date": "2020-10-09", "url": "https://www.sec.gov/Archives/edgar/data/0000827876/000166357720000374/clsk8k.htm"}, {"form_type": "424B5", "filings_date": "2020-10-09", "url": "https://www.sec.gov/Archives/edgar/data/0000827876/000166357720000371/pro_supp.htm"}, {"form_type": "8-K", "filings_date": "2020-10-08", "url": "https://www.sec.gov/Archives/edgar/data/0000827876/000166357720000366/clsk8k.htm"}, {"form_type": "SC 13G", "filings_date": "2020-10-07", "url": "https://www.sec.gov/Archives/edgar/data/0000827876/000153561020000116/clsk1020.txt"}, {"form_type": "424B5", "filings_date": "2020-10-06", "url": "https://www.sec.gov/Archives/edgar/data/0000827876/000166357720000361/clsk_424b5.htm"}, {"form_type": "EFFECT", "filings_date": "2020-10-02", "url": "https://www.sec.gov/Archives/edgar/data/0000827876/999999999520002733/xslEFFECTX01/primary_doc.xml"}, {"form_type": "4", "filings_date": "2020-09-30", "url": "https://www.sec.gov/Archives/edgar/data/0000827876/000166357720000358/xslF345X03/ownership.xml"}, {"form_type": "4", "filings_date": "2020-09-30", "url": "https://www.sec.gov/Archives/edgar/data/0000827876/000166357720000357/xslF345X03/ownership.xml"}, {"form_type": "UPLOAD", "filings_date": "2020-09-30", "url": "https://www.sec.gov/Archives/edgar/data/0000827876/000000000020009180/filename1.pdf"}, {"form_type": "CORRESP", "filings_date": "2020-09-30", "url": "https://www.sec.gov/Archives/edgar/data/0000827876/000166357720000345/filename1.htm"}, {"form_type": "S-3", "filings_date": "2020-09-23", "url": "https://www.sec.gov/Archives/edgar/data/0000827876/000166357720000333/clsk_s3.htm"}, {"form_type": "8-K", "filings_date": "2020-09-01", "url": "https://www.sec.gov/Archives/edgar/data/0000827876/000166357720000306/clsk8_k.htm"}, {"form_type": "8-K", "filings_date": "2020-08-11", "url": "https://www.sec.gov/Archives/edgar/data/0000827876/000166357720000263/clsk8k.htm"}, {"form_type": "8-K", "filings_date": "2020-08-07", "url": "https://www.sec.gov/Archives/edgar/data/0000827876/000166357720000258/clsk8k.htm"}, {"form_type": "8-K", "filings_date": "2020-08-04", "url": "https://www.sec.gov/Archives/edgar/data/0000827876/000166357720000254/clsk8k.htm"}, {"form_type": "10-Q", "filings_date": "2020-08-04", "url": "https://www.sec.gov/Archives/edgar/data/0000827876/000166357720000252/clsk10q.htm"}, {"form_type": "DEF 14C", "filings_date": "2020-07-28", "url": "https://www.sec.gov/Archives/edgar/data/0000827876/000166357720000241/clsk_def14c.htm"}, {"form_type": "424B5", "filings_date": "2020-07-22", "url": "https://www.sec.gov/Archives/edgar/data/0000827876/000166357720000229/clsk_424b5.htm"}, {"form_type": "SC 13G", "filings_date": "2020-07-21", "url": "https://www.sec.gov/Archives/edgar/data/0000827876/000121390020018159/ea124408-sc13gdiscover_clean.htm"}, {"form_type": "8-K", "filings_date": "2020-07-21", "url": "https://www.sec.gov/Archives/edgar/data/0000827876/000166357720000223/clsk8k.htm"}, {"form_type": "PRE 14C", "filings_date": "2020-07-17", "url": "https://www.sec.gov/Archives/edgar/data/0000827876/000166357720000221/clsk_14c.htm"}, {"form_type": "4", "filings_date": "2020-06-25", "url": "https://www.sec.gov/Archives/edgar/data/0000827876/000166357720000184/xslF345X03/ownership.xml"}, {"form_type": "4", "filings_date": "2020-06-25", "url": "https://www.sec.gov/Archives/edgar/data/0000827876/000166357720000182/xslF345X03/ownership.xml"}, {"form_type": "4", "filings_date": "2020-06-25", "url": "https://www.sec.gov/Archives/edgar/data/0000827876/000166357720000180/xslF345X03/ownership.xml"}, {"form_type": "4", "filings_date": "2020-06-25", "url": "https://www.sec.gov/Archives/edgar/data/0000827876/000166357720000178/xslF345X03/ownership.xml"}, {"form_type": "8-K", "filings_date": "2020-05-20", "url": "https://www.sec.gov/Archives/edgar/data/0000827876/000166357720000156/clsk8k.htm"}, {"form_type": "8-K", "filings_date": "2020-05-12", "url": "https://www.sec.gov/Archives/edgar/data/0000827876/000166357720000138/clsk8k.htm"}, {"form_type": "10-Q", "filings_date": "2020-05-11", "url": "https://www.sec.gov/Archives/edgar/data/0000827876/000166357720000136/clsk10q.htm"}, {"form_type": "8-K", "filings_date": "2020-05-06", "url": "https://www.sec.gov/Archives/edgar/data/0000827876/000166357720000113/clsk8k.htm"}, {"form_type": "8-K", "filings_date": "2020-05-05", "url": "https://www.sec.gov/Archives/edgar/data/0000827876/000166357720000108/clsk8k.htm"}, {"form_type": "8-K", "filings_date": "2020-04-09", "url": "https://www.sec.gov/Archives/edgar/data/0000827876/000166357720000086/clsk8k.htm"}, {"form_type": "8-K", "filings_date": "2020-03-16", "url": "https://www.sec.gov/Archives/edgar/data/0000827876/000166357720000064/clsk8k.htm"}, {"form_type": "8-K", "filings_date": "2020-03-10", "url": "https://www.sec.gov/Archives/edgar/data/0000827876/000166357720000062/clsk8k.htm"}, {"form_type": "8-K/A", "filings_date": "2020-03-06", "url": "https://www.sec.gov/Archives/edgar/data/0000827876/000166357720000059/clsk8k.htm"}, {"form_type": "8-K", "filings_date": "2020-02-26", "url": "https://www.sec.gov/Archives/edgar/data/0000827876/000166357720000051/clsk8k.htm"}, {"form_type": "SEC STAFF LETTER", "filings_date": "2020-02-26", "url": "https://www.sec.gov/Archives/edgar/data/0000827876/999999999720001020/filename1.pdf"}, {"form_type": "SEC STAFF LETTER", "filings_date": "2020-02-11", "url": "https://www.sec.gov/Archives/edgar/data/0000827876/999999999720000633/filename1.pdf"}, {"form_type": "8-K", "filings_date": "2020-02-11", "url": "https://www.sec.gov/Archives/edgar/data/0000827876/000166357720000036/clsk8k.htm"}, {"form_type": "10-Q", "filings_date": "2020-02-10", "url": "https://www.sec.gov/Archives/edgar/data/0000827876/000166357720000033/clsk10q.htm"}, {"form_type": "4", "filings_date": "2020-02-06", "url": "https://www.sec.gov/Archives/edgar/data/0000827876/000166357720000030/xslF345X03/ownership.xml"}, {"form_type": "3", "filings_date": "2020-02-06", "url": "https://www.sec.gov/Archives/edgar/data/0000827876/000166357720000028/xslF345X02/ownership.xml"}, {"form_type": "8-K", "filings_date": "2020-02-06", "url": "https://www.sec.gov/Archives/edgar/data/0000827876/000166357720000026/clsk8-k.htm"}, {"form_type": "8-K", "filings_date": "2020-01-29", "url": "https://www.sec.gov/Archives/edgar/data/0000827876/000166357720000021/clsk8-k.htm"}, {"form_type": "CERT", "filings_date": "2020-01-23", "url": "https://www.sec.gov/Archives/edgar/data/0000827876/000135445720000031/8A_Cert_CLSK.pdf"}, {"form_type": "8-A12B", "filings_date": "2020-01-22", "url": "https://www.sec.gov/Archives/edgar/data/0000827876/000166357720000017/clsk8a_12b.htm"}, {"form_type": "4", "filings_date": "2019-12-26", "url": "https://www.sec.gov/Archives/edgar/data/0000827876/000166357719000447/xslF345X03/ownership.xml"}, {"form_type": "3", "filings_date": "2019-12-26", "url": "https://www.sec.gov/Archives/edgar/data/0000827876/000166357719000446/xslF345X02/ownership.xml"}, {"form_type": "4", "filings_date": "2019-12-26", "url": "https://www.sec.gov/Archives/edgar/data/0000827876/000166357719000444/xslF345X03/ownership.xml"}, {"form_type": "4", "filings_date": "2019-12-26", "url": "https://www.sec.gov/Archives/edgar/data/0000827876/000166357719000442/xslF345X03/ownership.xml"}, {"form_type": "4", "filings_date": "2019-12-26", "url": "https://www.sec.gov/Archives/edgar/data/0000827876/000166357719000440/xslF345X03/ownership.xml"}, {"form_type": "4", "filings_date": "2019-12-26", "url": "https://www.sec.gov/Archives/edgar/data/0000827876/000166357719000438/xslF345X03/ownership.xml"}, {"form_type": "8-K", "filings_date": "2019-12-18", "url": "https://www.sec.gov/Archives/edgar/data/0000827876/000166357719000425/clsk8-k.htm"}, {"form_type": "10-K", "filings_date": "2019-12-16", "url": "https://www.sec.gov/Archives/edgar/data/0000827876/000166357719000420/clsk.htm"}, {"form_type": "8-K", "filings_date": "2019-12-10", "url": "https://www.sec.gov/Archives/edgar/data/0000827876/000166357719000416/clsk8-k.htm"}, {"form_type": "8-K", "filings_date": "2019-11-12", "url": "https://www.sec.gov/Archives/edgar/data/0000827876/000166357719000394/clsk8-k.htm"}, {"form_type": "3", "filings_date": "2019-10-18", "url": "https://www.sec.gov/Archives/edgar/data/0000827876/000166357719000379/xslF345X02/ownership.xml"}, {"form_type": "3", "filings_date": "2019-10-15", "url": "https://www.sec.gov/Archives/edgar/data/0000827876/000166357719000374/xslF345X02/ownership.xml"}, {"form_type": "3", "filings_date": "2019-10-15", "url": "https://www.sec.gov/Archives/edgar/data/0000827876/000166357719000372/xslF345X02/ownership.xml"}, {"form_type": "8-K", "filings_date": "2019-10-09", "url": "https://www.sec.gov/Archives/edgar/data/0000827876/000166357719000370/clsk8-k.htm"}, {"form_type": "10-Q", "filings_date": "2019-08-14", "url": "https://www.sec.gov/Archives/edgar/data/0000827876/000166357719000336/cleanspark10q.htm"}, {"form_type": "8-K", "filings_date": "2019-08-14", "url": "https://www.sec.gov/Archives/edgar/data/0000827876/000166357719000327/mainbody.htm"}, {"form_type": "3", "filings_date": "2019-08-08", "url": "https://www.sec.gov/Archives/edgar/data/0000827876/000166357719000324/xslF345X02/ownership.xml"}, {"form_type": "8-K", "filings_date": "2019-08-08", "url": "https://www.sec.gov/Archives/edgar/data/0000827876/000166357719000321/mainbody.htm"}, {"form_type": "DEF 14C", "filings_date": "2019-07-12", "url": "https://www.sec.gov/Archives/edgar/data/0000827876/000166357719000305/mainbody.htm"}, {"form_type": "PRE 14C", "filings_date": "2019-06-26", "url": "https://www.sec.gov/Archives/edgar/data/0000827876/000166357719000291/mainbody.htm"}, {"form_type": "8-K", "filings_date": "2019-06-26", "url": "https://www.sec.gov/Archives/edgar/data/0000827876/000166357719000289/mainbody.htm"}, {"form_type": "8-K", "filings_date": "2019-06-03", "url": "https://www.sec.gov/Archives/edgar/data/0000827876/000166357719000249/mainbody.htm"}, {"form_type": "8-K", "filings_date": "2019-05-20", "url": "https://www.sec.gov/Archives/edgar/data/0000827876/000166357719000235/mainbody.htm"}, {"form_type": "10-Q", "filings_date": "2019-05-15", "url": "https://www.sec.gov/Archives/edgar/data/0000827876/000166357719000210/mainbody.htm"}, {"form_type": "8-K", "filings_date": "2019-05-09", "url": "https://www.sec.gov/Archives/edgar/data/0000827876/000166357719000198/mainbody.htm"}, {"form_type": "8-K", "filings_date": "2019-05-03", "url": "https://www.sec.gov/Archives/edgar/data/0000827876/000166357719000182/mainbody.htm"}, {"form_type": "8-K", "filings_date": "2019-05-02", "url": "https://www.sec.gov/Archives/edgar/data/0000827876/000166357719000177/mainbody.htm"}, {"form_type": "8-K", "filings_date": "2019-04-18", "url": "https://www.sec.gov/Archives/edgar/data/0000827876/000166357719000170/mainbody.htm"}, {"form_type": "424B5", "filings_date": "2019-04-17", "url": "https://www.sec.gov/Archives/edgar/data/0000827876/000166357719000168/mainbody.htm"}, {"form_type": "8-K", "filings_date": "2019-03-29", "url": "https://www.sec.gov/Archives/edgar/data/0000827876/000166357719000129/mainbody.htm"}, {"form_type": "8-K", "filings_date": "2019-03-08", "url": "https://www.sec.gov/Archives/edgar/data/0000827876/000166357719000098/mainbody.htm"}, {"form_type": "4", "filings_date": "2019-03-06", "url": "https://www.sec.gov/Archives/edgar/data/0000827876/000166357719000096/xslF345X03/ownership.xml"}, {"form_type": "8-K", "filings_date": "2019-02-14", "url": "https://www.sec.gov/Archives/edgar/data/0000827876/000166357719000073/mainbody.htm"}, {"form_type": "10-Q", "filings_date": "2019-02-14", "url": "https://www.sec.gov/Archives/edgar/data/0000827876/000166357719000068/mainbody.htm"}, {"form_type": "8-K", "filings_date": "2019-02-08", "url": "https://www.sec.gov/Archives/edgar/data/0000827876/000166357719000060/mainbody.htm"}, {"form_type": "8-K", "filings_date": "2019-01-28", "url": "https://www.sec.gov/Archives/edgar/data/0000827876/000166357719000047/mainbody.htm"}, {"form_type": "8-K", "filings_date": "2019-01-24", "url": "https://www.sec.gov/Archives/edgar/data/0000827876/000166357719000043/mainbody.htm"}, {"form_type": "10-K", "filings_date": "2019-01-15", "url": "https://www.sec.gov/Archives/edgar/data/0000827876/000166357719000036/mainbody2.htm"}, {"form_type": "4", "filings_date": "2019-01-11", "url": "https://www.sec.gov/Archives/edgar/data/0000827876/000166357719000026/xslF345X03/ownership.xml"}, {"form_type": "4", "filings_date": "2019-01-11", "url": "https://www.sec.gov/Archives/edgar/data/0000827876/000166357719000024/xslF345X03/ownership.xml"}, {"form_type": "8-K", "filings_date": "2019-01-04", "url": "https://www.sec.gov/Archives/edgar/data/0000827876/000166357719000013/mainbody.htm"}, {"form_type": "8-K", "filings_date": "2019-01-03", "url": "https://www.sec.gov/Archives/edgar/data/0000827876/000166357719000008/mainbody.htm"}, {"form_type": "424B2", "filings_date": "2018-12-31", "url": "https://www.sec.gov/Archives/edgar/data/0000827876/000166357719000011/mainbody.htm"}, {"form_type": "8-K", "filings_date": "2018-12-31", "url": "https://www.sec.gov/Archives/edgar/data/0000827876/000166357718000614/mainbody.htm"}, {"form_type": "NT 10-K", "filings_date": "2018-12-31", "url": "https://www.sec.gov/Archives/edgar/data/0000827876/000166357718000605/mainbody.htm"}, {"form_type": "8-K", "filings_date": "2018-12-28", "url": "https://www.sec.gov/Archives/edgar/data/0000827876/000166357718000598/mainbody.htm"}, {"form_type": "424B5", "filings_date": "2018-12-14", "url": "https://www.sec.gov/Archives/edgar/data/0000827876/000166357718000553/mainbody.htm"}, {"form_type": "8-K", "filings_date": "2018-12-10", "url": "https://www.sec.gov/Archives/edgar/data/0000827876/000166357718000547/mainbody.htm"}, {"form_type": "EFFECT", "filings_date": "2018-11-20", "url": "https://www.sec.gov/Archives/edgar/data/0000827876/999999999518002942/xslEFFECTX01/primary_doc.xml"}, {"form_type": "CORRESP", "filings_date": "2018-11-16", "url": "https://www.sec.gov/Archives/edgar/data/0000827876/000166357718000519/filename1.htm"}, {"form_type": "S-3/A", "filings_date": "2018-11-15", "url": "https://www.sec.gov/Archives/edgar/data/0000827876/000166357718000515/mainbody.htm"}, {"form_type": "S-3", "filings_date": "2018-10-30", "url": "https://www.sec.gov/Archives/edgar/data/0000827876/000166357718000478/mainbody.htm"}, {"form_type": "8-K", "filings_date": "2018-10-05", "url": "https://www.sec.gov/Archives/edgar/data/0000827876/000166357718000445/mainbody.htm"}, {"form_type": "8-K/A", "filings_date": "2018-09-25", "url": "https://www.sec.gov/Archives/edgar/data/0000827876/000166357718000437/mainbody.htm"}, {"form_type": "8-K", "filings_date": "2018-09-11", "url": "https://www.sec.gov/Archives/edgar/data/0000827876/000166357718000416/mainbody.htm"}, {"form_type": "10-Q", "filings_date": "2018-08-20", "url": "https://www.sec.gov/Archives/edgar/data/0000827876/000166357718000382/mainbody.htm"}, {"form_type": "NT 10-Q", "filings_date": "2018-08-15", "url": "https://www.sec.gov/Archives/edgar/data/0000827876/000166357718000364/mainbody.htm"}, {"form_type": "8-K", "filings_date": "2018-07-18", "url": "https://www.sec.gov/Archives/edgar/data/0000827876/000166357718000323/mainbody.htm"}, {"form_type": "8-K", "filings_date": "2018-07-17", "url": "https://www.sec.gov/Archives/edgar/data/0000827876/000166357718000318/mainbody.htm"}, {"form_type": "8-K", "filings_date": "2018-07-03", "url": "https://www.sec.gov/Archives/edgar/data/0000827876/000166357718000300/mainbody.htm"}, {"form_type": "10-Q", "filings_date": "2018-05-17", "url": "https://www.sec.gov/Archives/edgar/data/0000827876/000166357718000241/mainbody.htm"}, {"form_type": "NT 10-Q", "filings_date": "2018-05-15", "url": "https://www.sec.gov/Archives/edgar/data/0000827876/000166357718000232/mainbody.htm"}, {"form_type": "4", "filings_date": "2018-05-11", "url": "https://www.sec.gov/Archives/edgar/data/0000827876/000166357718000219/xslF345X03/form4huber.xml"}, {"form_type": "8-K", "filings_date": "2018-05-08", "url": "https://www.sec.gov/Archives/edgar/data/0000827876/000166357718000212/mainbody.htm"}, {"form_type": "4", "filings_date": "2018-04-17", "url": "https://www.sec.gov/Archives/edgar/data/0000827876/000166357718000187/xslF345X03/form4huber.xml"}, {"form_type": "UPLOAD", "filings_date": "2018-04-11", "url": "https://www.sec.gov/Archives/edgar/data/0000827876/000000000018010939/filename1.pdf"}, {"form_type": "10-K/A", "filings_date": "2018-04-05", "url": "https://www.sec.gov/Archives/edgar/data/0000827876/000166357718000185/mainbody3.htm"}, {"form_type": "8-K", "filings_date": "2018-04-02", "url": "https://www.sec.gov/Archives/edgar/data/0000827876/000166357718000162/mainbody.htm"}, {"form_type": "UPLOAD", "filings_date": "2018-03-23", "url": "https://www.sec.gov/Archives/edgar/data/0000827876/000000000018008972/filename1.pdf"}, {"form_type": "CORRESP", "filings_date": "2018-03-09", "url": "https://www.sec.gov/Archives/edgar/data/0000827876/000166357718000123/filename1.htm"}, {"form_type": "UPLOAD", "filings_date": "2018-02-27", "url": "https://www.sec.gov/Archives/edgar/data/0000827876/000000000018006292/filename1.pdf"}, {"form_type": "4", "filings_date": "2018-02-22", "url": "https://www.sec.gov/Archives/edgar/data/0000827876/000166357718000100/xslF345X03/form4schultz.xml"}, {"form_type": "10-Q", "filings_date": "2018-02-14", "url": "https://www.sec.gov/Archives/edgar/data/0000827876/000166357718000081/mainbody.htm"}, {"form_type": "4", "filings_date": "2018-01-17", "url": "https://www.sec.gov/Archives/edgar/data/0000827876/000166357718000025/xslF345X03/form4.xml"}, {"form_type": "10-K", "filings_date": "2018-01-16", "url": "https://www.sec.gov/Archives/edgar/data/0000827876/000166357718000019/mainbody.htm"}, {"form_type": "NT 10-K", "filings_date": "2017-12-29", "url": "https://www.sec.gov/Archives/edgar/data/0000827876/000166357717000428/mainbody.htm"}, {"form_type": "3", "filings_date": "2017-12-04", "url": "https://www.sec.gov/Archives/edgar/data/0000827876/000166357717000396/xslF345X02/mainbody.xml"}, {"form_type": "8-K", "filings_date": "2017-09-19", "url": "https://www.sec.gov/Archives/edgar/data/0000827876/000166357717000301/mainbody.htm"}, {"form_type": "D", "filings_date": "2017-08-21", "url": "https://www.sec.gov/Archives/edgar/data/0000827876/000166357717000267/xslFormDX01/primary_doc.xml"}, {"form_type": "10-Q", "filings_date": "2017-08-14", "url": "https://www.sec.gov/Archives/edgar/data/0000827876/000166357717000260/mainbody.htm"}, {"form_type": "8-K", "filings_date": "2017-07-14", "url": "https://www.sec.gov/Archives/edgar/data/0000827876/000166357717000219/mainbody.htm"}, {"form_type": "S-8", "filings_date": "2017-06-19", "url": "https://www.sec.gov/Archives/edgar/data/0000827876/000166357717000194/mainbody.htm"}, {"form_type": "10-Q", "filings_date": "2017-05-11", "url": "https://www.sec.gov/Archives/edgar/data/0000827876/000166357717000151/mainbody.htm"}, {"form_type": "8-K", "filings_date": "2017-02-28", "url": "https://www.sec.gov/Archives/edgar/data/0000827876/000166357717000037/mainbody.htm"}, {"form_type": "10-Q", "filings_date": "2017-02-14", "url": "https://www.sec.gov/Archives/edgar/data/0000827876/000166357717000029/mainbody.htm"}, {"form_type": "8-K", "filings_date": "2017-01-24", "url": "https://www.sec.gov/Archives/edgar/data/0000827876/000166357717000014/mainbody.htm"}]}