{"company": {"cik": "0001393548", "name": "ClickStream Corp", "sic": "Services-Computer Processing & Data Preparation", "state_incorp": "NV", "ticker": "CLIS", "mailing_addr": "8549 WILSHIRE BLVD., BEVERLY HILLS, CA, 90211-3104", "category": "Non-accelerated filer<br>Smaller reporting company", "fiscal_year_end": "30, September"}, "filings": [{"form_type": "10-Q", "filings_date": "2022-02-22", "url": "https://www.sec.gov/Archives/edgar/data/0001393548/000157570522000158/clis_10q.htm"}, {"form_type": "3", "filings_date": "2022-02-11", "url": "https://www.sec.gov/Archives/edgar/data/0001393548/000157570522000129/xslF345X02/ownership.xml"}, {"form_type": "NT 10-Q", "filings_date": "2022-02-11", "url": "https://www.sec.gov/Archives/edgar/data/0001393548/000157570522000128/clis_nt10q.htm"}, {"form_type": "10-K", "filings_date": "2022-02-11", "url": "https://www.sec.gov/Archives/edgar/data/0001393548/000157570522000124/clis_10k.htm"}, {"form_type": "3", "filings_date": "2022-02-09", "url": "https://www.sec.gov/Archives/edgar/data/0001393548/000157570522000105/xslF345X02/ownership.xml"}, {"form_type": "3", "filings_date": "2022-02-04", "url": "https://www.sec.gov/Archives/edgar/data/0001393548/000157570522000097/xslF345X02/ownership.xml"}, {"form_type": "3", "filings_date": "2022-02-04", "url": "https://www.sec.gov/Archives/edgar/data/0001393548/000157570522000095/xslF345X02/ownership.xml"}, {"form_type": "NT 10-K", "filings_date": "2021-12-29", "url": "https://www.sec.gov/Archives/edgar/data/0001393548/000157570521000889/clis_nt10k.htm"}, {"form_type": "8-K", "filings_date": "2021-12-06", "url": "https://www.sec.gov/Archives/edgar/data/0001393548/000157570521000825/clis_8k.htm"}, {"form_type": "8-K", "filings_date": "2021-11-19", "url": "https://www.sec.gov/Archives/edgar/data/0001393548/000157570521000806/clis_8k.htm"}, {"form_type": "8-K", "filings_date": "2021-11-12", "url": "https://www.sec.gov/Archives/edgar/data/0001393548/000157570521000760/clis_8k.htm"}, {"form_type": "8-K", "filings_date": "2021-09-13", "url": "https://www.sec.gov/Archives/edgar/data/0001393548/000157570521000637/clis_8k.htm"}, {"form_type": "253G2", "filings_date": "2021-09-09", "url": "https://www.sec.gov/Archives/edgar/data/0001393548/000157570521000622/clis_253g2.htm"}, {"form_type": "8-A12G", "filings_date": "2021-09-08", "url": "https://www.sec.gov/Archives/edgar/data/0001393548/000157570521000619/clis_8a.htm"}, {"form_type": "QUALIF", "filings_date": "2021-09-07", "url": "https://www.sec.gov/Archives/edgar/data/0001393548/999999999421000277/xslQUALIFX01/primary_doc.xml"}, {"form_type": "CORRESP", "filings_date": "2021-09-02", "url": "https://www.sec.gov/Archives/edgar/data/0001393548/000157570521000608/filename1.htm"}, {"form_type": "CORRESP", "filings_date": "2021-09-02", "url": "https://www.sec.gov/Archives/edgar/data/0001393548/000157570521000601/filename1.htm"}, {"form_type": "CORRESP", "filings_date": "2021-08-26", "url": "https://www.sec.gov/Archives/edgar/data/0001393548/000157570521000581/filename1.htm"}, {"form_type": "1-A/A", "filings_date": "2021-08-26", "url": "https://www.sec.gov/Archives/edgar/data/0001393548/000157570521000579/xsl1-A_X01/primary_doc.xml"}, {"form_type": "UPLOAD", "filings_date": "2021-08-19", "url": "https://www.sec.gov/Archives/edgar/data/0001393548/000000000021010182/filename1.pdf"}, {"form_type": "CORRESP", "filings_date": "2021-08-09", "url": "https://www.sec.gov/Archives/edgar/data/0001393548/000157570521000503/filename1.htm"}, {"form_type": "1-A/A", "filings_date": "2021-08-09", "url": "https://www.sec.gov/Archives/edgar/data/0001393548/000157570521000500/xsl1-A_X01/primary_doc.xml"}, {"form_type": "UPLOAD", "filings_date": "2021-07-30", "url": "https://www.sec.gov/Archives/edgar/data/0001393548/000000000021009372/filename1.pdf"}, {"form_type": "CORRESP", "filings_date": "2021-07-22", "url": "https://www.sec.gov/Archives/edgar/data/0001393548/000157570521000463/filename1.htm"}, {"form_type": "1-A/A", "filings_date": "2021-07-22", "url": "https://www.sec.gov/Archives/edgar/data/0001393548/000157570521000461/xsl1-A_X01/primary_doc.xml"}, {"form_type": "UPLOAD", "filings_date": "2021-07-12", "url": "https://www.sec.gov/Archives/edgar/data/0001393548/000000000021008563/filename1.pdf"}, {"form_type": "1-A/A", "filings_date": "2021-07-02", "url": "https://www.sec.gov/Archives/edgar/data/0001393548/000157570521000422/xsl1-A_X01/primary_doc.xml"}, {"form_type": "CORRESP", "filings_date": "2021-07-01", "url": "https://www.sec.gov/Archives/edgar/data/0001393548/000157570521000424/filename1.htm"}, {"form_type": "UPLOAD", "filings_date": "2021-06-24", "url": "https://www.sec.gov/Archives/edgar/data/0001393548/000000000021007756/filename1.pdf"}, {"form_type": "1-A/A", "filings_date": "2021-06-15", "url": "https://www.sec.gov/Archives/edgar/data/0001393548/000157570521000395/xsl1-A_X01/primary_doc.xml"}, {"form_type": "CORRESP", "filings_date": "2021-06-14", "url": "https://www.sec.gov/Archives/edgar/data/0001393548/000157570521000397/filename1.htm"}, {"form_type": "UPLOAD", "filings_date": "2021-05-25", "url": "https://www.sec.gov/Archives/edgar/data/0001393548/000000000021006541/filename1.pdf"}, {"form_type": "1-A/A", "filings_date": "2021-05-12", "url": "https://www.sec.gov/Archives/edgar/data/0001393548/000157570521000270/xsl1-A_X01/primary_doc.xml"}, {"form_type": "CORRESP", "filings_date": "2021-05-11", "url": "https://www.sec.gov/Archives/edgar/data/0001393548/000157570521000272/filename1.htm"}, {"form_type": "UPLOAD", "filings_date": "2021-04-26", "url": "https://www.sec.gov/Archives/edgar/data/0001393548/000000000021005234/filename1.pdf"}, {"form_type": "CORRESP", "filings_date": "2021-04-16", "url": "https://www.sec.gov/Archives/edgar/data/0001393548/000157570521000200/filename1.htm"}, {"form_type": "UPLOAD", "filings_date": "2021-04-14", "url": "https://www.sec.gov/Archives/edgar/data/0001393548/000000000021004502/filename1.pdf"}, {"form_type": "CORRESP", "filings_date": "2021-04-02", "url": "https://www.sec.gov/Archives/edgar/data/0001393548/000157570521000171/filename1.htm"}, {"form_type": "1-A/A", "filings_date": "2021-04-02", "url": "https://www.sec.gov/Archives/edgar/data/0001393548/000157570521000168/xsl1-A_X01/primary_doc.xml"}, {"form_type": "UPLOAD", "filings_date": "2021-03-26", "url": "https://www.sec.gov/Archives/edgar/data/0001393548/000000000021003702/filename1.pdf"}, {"form_type": "1-A", "filings_date": "2021-03-04", "url": "https://www.sec.gov/Archives/edgar/data/0001393548/000157570521000095/xsl1-A_X01/primary_doc.xml"}, {"form_type": "1-Z", "filings_date": "2020-09-21", "url": "https://www.sec.gov/Archives/edgar/data/0001393548/000157570520000197/xsl1-Z_X01/primary_doc.xml"}, {"form_type": "C-W", "filings_date": "2020-08-24", "url": "https://www.sec.gov/Archives/edgar/data/0001393548/000166919120000421/primary_doc.xml"}, {"form_type": "C", "filings_date": "2020-08-21", "url": "https://www.sec.gov/Archives/edgar/data/0001393548/000166919120000419/xslC_X01/primary_doc.xml"}, {"form_type": "253G2", "filings_date": "2020-06-08", "url": "https://www.sec.gov/Archives/edgar/data/0001393548/000157570520000104/clis_253g2.htm"}, {"form_type": "QUALIF", "filings_date": "2020-06-04", "url": "https://www.sec.gov/Archives/edgar/data/0001393548/999999999420000098/xslQUALIFX01/primary_doc.xml"}, {"form_type": "CORRESP", "filings_date": "2020-06-02", "url": "https://www.sec.gov/Archives/edgar/data/0001393548/000157570520000098/filename1.htm"}, {"form_type": "CORRESP", "filings_date": "2020-05-22", "url": "https://www.sec.gov/Archives/edgar/data/0001393548/000157570520000094/filename1.htm"}, {"form_type": "1-A/A", "filings_date": "2020-05-22", "url": "https://www.sec.gov/Archives/edgar/data/0001393548/000157570520000092/xsl1-A_X01/primary_doc.xml"}, {"form_type": "UPLOAD", "filings_date": "2020-05-12", "url": "https://www.sec.gov/Archives/edgar/data/0001393548/000000000020004182/filename1.pdf"}, {"form_type": "1-A/A", "filings_date": "2020-05-01", "url": "https://www.sec.gov/Archives/edgar/data/0001393548/000157570520000063/xsl1-A_X01/primary_doc.xml"}, {"form_type": "CORRESP", "filings_date": "2020-04-30", "url": "https://www.sec.gov/Archives/edgar/data/0001393548/000157570520000065/filename1.htm"}, {"form_type": "UPLOAD", "filings_date": "2020-04-23", "url": "https://www.sec.gov/Archives/edgar/data/0001393548/000000000020003501/filename1.pdf"}, {"form_type": "1-A", "filings_date": "2020-03-30", "url": "https://www.sec.gov/Archives/edgar/data/0001393548/000157570520000032/xsl1-A_X01/primary_doc.xml"}, {"form_type": "15-12G", "filings_date": "2020-01-14", "url": "https://www.sec.gov/Archives/edgar/data/0001393548/000157570520000004/clis_1512g.htm"}, {"form_type": "NT 10-K", "filings_date": "2018-01-02", "url": "https://www.sec.gov/Archives/edgar/data/0001393548/000121465918000017/d12181nt10k.htm"}, {"form_type": "10-Q", "filings_date": "2017-08-31", "url": "https://www.sec.gov/Archives/edgar/data/0001393548/000121465917005399/j82117010q.htm"}, {"form_type": "10-Q", "filings_date": "2017-08-31", "url": "https://www.sec.gov/Archives/edgar/data/0001393548/000121465917005397/m82117010q.htm"}, {"form_type": "10-Q", "filings_date": "2017-08-31", "url": "https://www.sec.gov/Archives/edgar/data/0001393548/000121465917005395/p82817010q.htm"}, {"form_type": "10-K", "filings_date": "2017-08-31", "url": "https://www.sec.gov/Archives/edgar/data/0001393548/000121465917005393/d82817110k.htm"}]}