{"company": {"cik": "0001169561", "name": "COMMVAULT SYSTEMS INC", "sic": "Services-Prepackaged Software", "state_incorp": "DE", "ticker": "CVLT", "mailing_addr": "1 COMMVAULT WAY, TINTON FALLS, NJ, 07724", "category": "Large accelerated filer", "fiscal_year_end": "31, March"}, "filings": [{"form_type": "4", "filings_date": "2022-03-04", "url": "https://www.sec.gov/Archives/edgar/data/0001169561/000120919122016409/xslF345X03/doc4.xml"}, {"form_type": "4", "filings_date": "2022-03-04", "url": "https://www.sec.gov/Archives/edgar/data/0001169561/000120919122016398/xslF345X03/doc4.xml"}, {"form_type": "4", "filings_date": "2022-02-18", "url": "https://www.sec.gov/Archives/edgar/data/0001169561/000120919122011300/xslF345X03/doc4.xml"}, {"form_type": "4", "filings_date": "2022-02-18", "url": "https://www.sec.gov/Archives/edgar/data/0001169561/000120919122011268/xslF345X03/doc4.xml"}, {"form_type": "4", "filings_date": "2022-02-18", "url": "https://www.sec.gov/Archives/edgar/data/0001169561/000120919122011264/xslF345X03/doc4.xml"}, {"form_type": "4", "filings_date": "2022-02-18", "url": "https://www.sec.gov/Archives/edgar/data/0001169561/000120919122011261/xslF345X03/doc4.xml"}, {"form_type": "4", "filings_date": "2022-02-18", "url": "https://www.sec.gov/Archives/edgar/data/0001169561/000120919122011256/xslF345X03/doc4.xml"}, {"form_type": "4", "filings_date": "2022-02-16", "url": "https://www.sec.gov/Archives/edgar/data/0001169561/000120919122010221/xslF345X03/doc4.xml"}, {"form_type": "4", "filings_date": "2022-02-16", "url": "https://www.sec.gov/Archives/edgar/data/0001169561/000120919122010217/xslF345X03/doc4.xml"}, {"form_type": "4", "filings_date": "2022-02-16", "url": "https://www.sec.gov/Archives/edgar/data/0001169561/000120919122010216/xslF345X03/doc4.xml"}, {"form_type": "4", "filings_date": "2022-02-16", "url": "https://www.sec.gov/Archives/edgar/data/0001169561/000120919122010215/xslF345X03/doc4.xml"}, {"form_type": "SC 13G/A", "filings_date": "2022-02-14", "url": "https://www.sec.gov/Archives/edgar/data/0001169561/000153215522000027/CommVault.htm"}, {"form_type": "SC 13G/A", "filings_date": "2022-02-10", "url": "https://www.sec.gov/Archives/edgar/data/0001169561/000103738922000032/cvlt-13g_20211231.txt"}, {"form_type": "4", "filings_date": "2022-02-09", "url": "https://www.sec.gov/Archives/edgar/data/0001169561/000120919122008007/xslF345X03/doc4.xml"}, {"form_type": "SC 13G/A", "filings_date": "2022-02-09", "url": "https://www.sec.gov/Archives/edgar/data/0001169561/000110465922016881/tv0642-commvaultsystemsinc.htm"}, {"form_type": "SC 13G/A", "filings_date": "2022-02-04", "url": "https://www.sec.gov/Archives/edgar/data/0001169561/000091985922000009/commvault.txt"}, {"form_type": "4", "filings_date": "2022-01-31", "url": "https://www.sec.gov/Archives/edgar/data/0001169561/000120919122005608/xslF345X03/doc4.xml"}, {"form_type": "SC 13G/A", "filings_date": "2022-01-28", "url": "https://www.sec.gov/Archives/edgar/data/0001169561/000083423722003303/us2041661024_012822.txt"}, {"form_type": "10-Q", "filings_date": "2022-01-26", "url": "https://www.sec.gov/Archives/edgar/data/0001169561/000116956122000007/cvlt-20211231.htm"}, {"form_type": "8-K", "filings_date": "2022-01-25", "url": "https://www.sec.gov/Archives/edgar/data/0001169561/000116956122000003/cvlt-20220125.htm"}, {"form_type": "4", "filings_date": "2021-11-26", "url": "https://www.sec.gov/Archives/edgar/data/0001169561/000120919121066941/xslF345X03/doc4.xml"}, {"form_type": "4", "filings_date": "2021-11-26", "url": "https://www.sec.gov/Archives/edgar/data/0001169561/000120919121066940/xslF345X03/doc4.xml"}, {"form_type": "4", "filings_date": "2021-11-26", "url": "https://www.sec.gov/Archives/edgar/data/0001169561/000120919121066939/xslF345X03/doc4.xml"}, {"form_type": "4", "filings_date": "2021-11-26", "url": "https://www.sec.gov/Archives/edgar/data/0001169561/000120919121066938/xslF345X03/doc4.xml"}, {"form_type": "4", "filings_date": "2021-11-26", "url": "https://www.sec.gov/Archives/edgar/data/0001169561/000120919121066937/xslF345X03/doc4.xml"}, {"form_type": "4", "filings_date": "2021-11-18", "url": "https://www.sec.gov/Archives/edgar/data/0001169561/000120919121065503/xslF345X03/doc4.xml"}, {"form_type": "4", "filings_date": "2021-11-18", "url": "https://www.sec.gov/Archives/edgar/data/0001169561/000120919121065499/xslF345X03/doc4.xml"}, {"form_type": "4", "filings_date": "2021-11-18", "url": "https://www.sec.gov/Archives/edgar/data/0001169561/000120919121065496/xslF345X03/doc4.xml"}, {"form_type": "4", "filings_date": "2021-11-18", "url": "https://www.sec.gov/Archives/edgar/data/0001169561/000120919121065493/xslF345X03/doc4.xml"}, {"form_type": "4", "filings_date": "2021-11-18", "url": "https://www.sec.gov/Archives/edgar/data/0001169561/000120919121065492/xslF345X03/doc4.xml"}, {"form_type": "SC 13G/A", "filings_date": "2021-11-10", "url": "https://www.sec.gov/Archives/edgar/data/0001169561/000110465921136681/tv0003-commvaultsystemsinc.htm"}, {"form_type": "4", "filings_date": "2021-11-09", "url": "https://www.sec.gov/Archives/edgar/data/0001169561/000120919121063598/xslF345X03/doc4.xml"}, {"form_type": "S-8", "filings_date": "2021-10-27", "url": "https://www.sec.gov/Archives/edgar/data/0001169561/000116956121000043/a20211027s-8registrationst.htm"}, {"form_type": "10-Q", "filings_date": "2021-10-27", "url": "https://www.sec.gov/Archives/edgar/data/0001169561/000116956121000041/cvlt-20210930.htm"}, {"form_type": "8-K", "filings_date": "2021-10-26", "url": "https://www.sec.gov/Archives/edgar/data/0001169561/000116956121000037/cvlt-20211026.htm"}, {"form_type": "4", "filings_date": "2021-10-20", "url": "https://www.sec.gov/Archives/edgar/data/0001169561/000120919121061140/xslF345X03/doc4.xml"}, {"form_type": "4", "filings_date": "2021-09-15", "url": "https://www.sec.gov/Archives/edgar/data/0001169561/000120919121056220/xslF345X03/doc4.xml"}, {"form_type": "4", "filings_date": "2021-09-07", "url": "https://www.sec.gov/Archives/edgar/data/0001169561/000120919121054975/xslF345X03/doc4.xml"}, {"form_type": "4", "filings_date": "2021-08-26", "url": "https://www.sec.gov/Archives/edgar/data/0001169561/000120919121053455/xslF345X03/doc4.xml"}, {"form_type": "4", "filings_date": "2021-08-26", "url": "https://www.sec.gov/Archives/edgar/data/0001169561/000120919121053456/xslF345X03/doc4.xml"}, {"form_type": "4", "filings_date": "2021-08-26", "url": "https://www.sec.gov/Archives/edgar/data/0001169561/000120919121053457/xslF345X03/doc4.xml"}, {"form_type": "4", "filings_date": "2021-08-26", "url": "https://www.sec.gov/Archives/edgar/data/0001169561/000120919121053454/xslF345X03/doc4.xml"}, {"form_type": "4", "filings_date": "2021-08-26", "url": "https://www.sec.gov/Archives/edgar/data/0001169561/000120919121053453/xslF345X03/doc4.xml"}, {"form_type": "4", "filings_date": "2021-08-24", "url": "https://www.sec.gov/Archives/edgar/data/0001169561/000120919121053111/xslF345X03/doc4.xml"}, {"form_type": "4", "filings_date": "2021-08-24", "url": "https://www.sec.gov/Archives/edgar/data/0001169561/000120919121053110/xslF345X03/doc4.xml"}, {"form_type": "4", "filings_date": "2021-08-24", "url": "https://www.sec.gov/Archives/edgar/data/0001169561/000120919121053108/xslF345X03/doc4.xml"}, {"form_type": "4", "filings_date": "2021-08-24", "url": "https://www.sec.gov/Archives/edgar/data/0001169561/000120919121053107/xslF345X03/doc4.xml"}, {"form_type": "4", "filings_date": "2021-08-24", "url": "https://www.sec.gov/Archives/edgar/data/0001169561/000120919121053106/xslF345X03/doc4.xml"}, {"form_type": "4", "filings_date": "2021-08-24", "url": "https://www.sec.gov/Archives/edgar/data/0001169561/000120919121053105/xslF345X03/doc4.xml"}, {"form_type": "4", "filings_date": "2021-08-24", "url": "https://www.sec.gov/Archives/edgar/data/0001169561/000120919121053104/xslF345X03/doc4.xml"}, {"form_type": "4", "filings_date": "2021-08-24", "url": "https://www.sec.gov/Archives/edgar/data/0001169561/000120919121053103/xslF345X03/doc4.xml"}, {"form_type": "4", "filings_date": "2021-08-24", "url": "https://www.sec.gov/Archives/edgar/data/0001169561/000120919121053101/xslF345X03/doc4.xml"}, {"form_type": "8-K", "filings_date": "2021-08-20", "url": "https://www.sec.gov/Archives/edgar/data/0001169561/000116956121000034/cvlt-20210819.htm"}, {"form_type": "4", "filings_date": "2021-08-19", "url": "https://www.sec.gov/Archives/edgar/data/0001169561/000120919121052593/xslF345X03/doc4.xml"}, {"form_type": "4", "filings_date": "2021-08-19", "url": "https://www.sec.gov/Archives/edgar/data/0001169561/000120919121052592/xslF345X03/doc4.xml"}, {"form_type": "4", "filings_date": "2021-08-19", "url": "https://www.sec.gov/Archives/edgar/data/0001169561/000120919121052590/xslF345X03/doc4.xml"}, {"form_type": "4", "filings_date": "2021-08-19", "url": "https://www.sec.gov/Archives/edgar/data/0001169561/000120919121052587/xslF345X03/doc4.xml"}, {"form_type": "4", "filings_date": "2021-08-19", "url": "https://www.sec.gov/Archives/edgar/data/0001169561/000120919121052585/xslF345X03/doc4.xml"}, {"form_type": "4", "filings_date": "2021-08-17", "url": "https://www.sec.gov/Archives/edgar/data/0001169561/000120919121052109/xslF345X03/doc4.xml"}, {"form_type": "4", "filings_date": "2021-08-17", "url": "https://www.sec.gov/Archives/edgar/data/0001169561/000120919121051866/xslF345X03/doc4.xml"}, {"form_type": "4", "filings_date": "2021-08-17", "url": "https://www.sec.gov/Archives/edgar/data/0001169561/000120919121051862/xslF345X03/doc4.xml"}, {"form_type": "4", "filings_date": "2021-08-17", "url": "https://www.sec.gov/Archives/edgar/data/0001169561/000120919121051859/xslF345X03/doc4.xml"}, {"form_type": "4", "filings_date": "2021-08-13", "url": "https://www.sec.gov/Archives/edgar/data/0001169561/000120919121051318/xslF345X03/doc4.xml"}, {"form_type": "4", "filings_date": "2021-08-09", "url": "https://www.sec.gov/Archives/edgar/data/0001169561/000120919121050424/xslF345X03/doc4.xml"}, {"form_type": "4", "filings_date": "2021-08-09", "url": "https://www.sec.gov/Archives/edgar/data/0001169561/000120919121050423/xslF345X03/doc4.xml"}, {"form_type": "10-Q", "filings_date": "2021-07-28", "url": "https://www.sec.gov/Archives/edgar/data/0001169561/000116956121000032/cvlt-20210630.htm"}, {"form_type": "8-K", "filings_date": "2021-07-27", "url": "https://www.sec.gov/Archives/edgar/data/0001169561/000116956121000029/cvlt-20210727.htm"}, {"form_type": "4", "filings_date": "2021-07-20", "url": "https://www.sec.gov/Archives/edgar/data/0001169561/000120919121047425/xslF345X03/doc4.xml"}, {"form_type": "4", "filings_date": "2021-07-16", "url": "https://www.sec.gov/Archives/edgar/data/0001169561/000120919121046965/xslF345X03/doc4.xml"}, {"form_type": "DEFA14A", "filings_date": "2021-07-13", "url": "https://www.sec.gov/Archives/edgar/data/0001169561/000116956121000026/fy2021defa14aadditionalmat.htm"}, {"form_type": "DEFA14A", "filings_date": "2021-07-12", "url": "https://www.sec.gov/Archives/edgar/data/0001169561/000116956121000024/fy2021defa14aadditionalmat.htm"}, {"form_type": "4", "filings_date": "2021-06-29", "url": "https://www.sec.gov/Archives/edgar/data/0001169561/000120919121043646/xslF345X03/doc4.xml"}, {"form_type": "DEF 14A", "filings_date": "2021-06-25", "url": "https://www.sec.gov/Archives/edgar/data/0001169561/000116956121000021/a2021proxydef14a.htm"}, {"form_type": "4", "filings_date": "2021-06-11", "url": "https://www.sec.gov/Archives/edgar/data/0001169561/000120919121039883/xslF345X03/doc4.xml"}, {"form_type": "4", "filings_date": "2021-06-08", "url": "https://www.sec.gov/Archives/edgar/data/0001169561/000120919121038981/xslF345X03/doc4.xml"}, {"form_type": "4", "filings_date": "2021-05-26", "url": "https://www.sec.gov/Archives/edgar/data/0001169561/000120919121035927/xslF345X03/doc4.xml"}, {"form_type": "4", "filings_date": "2021-05-26", "url": "https://www.sec.gov/Archives/edgar/data/0001169561/000120919121035926/xslF345X03/doc4.xml"}, {"form_type": "4", "filings_date": "2021-05-26", "url": "https://www.sec.gov/Archives/edgar/data/0001169561/000120919121035925/xslF345X03/doc4.xml"}, {"form_type": "4", "filings_date": "2021-05-26", "url": "https://www.sec.gov/Archives/edgar/data/0001169561/000120919121035924/xslF345X03/doc4.xml"}, {"form_type": "4", "filings_date": "2021-05-26", "url": "https://www.sec.gov/Archives/edgar/data/0001169561/000120919121035923/xslF345X03/doc4.xml"}, {"form_type": "4", "filings_date": "2021-05-25", "url": "https://www.sec.gov/Archives/edgar/data/0001169561/000120919121035841/xslF345X03/doc4.xml"}, {"form_type": "4", "filings_date": "2021-05-19", "url": "https://www.sec.gov/Archives/edgar/data/0001169561/000120919121034056/xslF345X03/doc4.xml"}, {"form_type": "4", "filings_date": "2021-05-19", "url": "https://www.sec.gov/Archives/edgar/data/0001169561/000120919121034055/xslF345X03/doc4.xml"}, {"form_type": "4", "filings_date": "2021-05-19", "url": "https://www.sec.gov/Archives/edgar/data/0001169561/000120919121034049/xslF345X03/doc4.xml"}, {"form_type": "4", "filings_date": "2021-05-19", "url": "https://www.sec.gov/Archives/edgar/data/0001169561/000120919121034047/xslF345X03/doc4.xml"}, {"form_type": "4", "filings_date": "2021-05-19", "url": "https://www.sec.gov/Archives/edgar/data/0001169561/000120919121034046/xslF345X03/doc4.xml"}, {"form_type": "10-K", "filings_date": "2021-05-13", "url": "https://www.sec.gov/Archives/edgar/data/0001169561/000116956121000018/cvlt-20210331.htm"}, {"form_type": "4", "filings_date": "2021-05-07", "url": "https://www.sec.gov/Archives/edgar/data/0001169561/000120919121030908/xslF345X03/doc4.xml"}, {"form_type": "8-K", "filings_date": "2021-05-04", "url": "https://www.sec.gov/Archives/edgar/data/0001169561/000116956121000015/cvlt-20210504.htm"}, {"form_type": "4", "filings_date": "2021-04-20", "url": "https://www.sec.gov/Archives/edgar/data/0001169561/000120919121027606/xslF345X03/doc4.xml"}, {"form_type": "3", "filings_date": "2021-04-09", "url": "https://www.sec.gov/Archives/edgar/data/0001169561/000120919121026301/xslF345X02/doc3.xml"}, {"form_type": "8-K", "filings_date": "2021-04-09", "url": "https://www.sec.gov/Archives/edgar/data/0001169561/000116956121000012/cvlt-20210406.htm"}, {"form_type": "4", "filings_date": "2021-03-09", "url": "https://www.sec.gov/Archives/edgar/data/0001169561/000120919121019034/xslF345X03/doc4.xml"}, {"form_type": "4", "filings_date": "2021-02-19", "url": "https://www.sec.gov/Archives/edgar/data/0001169561/000120919121012332/xslF345X03/doc4.xml"}, {"form_type": "4", "filings_date": "2021-02-19", "url": "https://www.sec.gov/Archives/edgar/data/0001169561/000120919121012325/xslF345X03/doc4.xml"}, {"form_type": "4", "filings_date": "2021-02-19", "url": "https://www.sec.gov/Archives/edgar/data/0001169561/000120919121012324/xslF345X03/doc4.xml"}, {"form_type": "4", "filings_date": "2021-02-19", "url": "https://www.sec.gov/Archives/edgar/data/0001169561/000120919121012321/xslF345X03/doc4.xml"}, {"form_type": "4", "filings_date": "2021-02-16", "url": "https://www.sec.gov/Archives/edgar/data/0001169561/000120919121010823/xslF345X03/doc4.xml"}, {"form_type": "4", "filings_date": "2021-02-16", "url": "https://www.sec.gov/Archives/edgar/data/0001169561/000120919121010820/xslF345X03/doc4.xml"}, {"form_type": "4", "filings_date": "2021-02-16", "url": "https://www.sec.gov/Archives/edgar/data/0001169561/000120919121010818/xslF345X03/doc4.xml"}, {"form_type": "SC 13G/A", "filings_date": "2021-02-11", "url": "https://www.sec.gov/Archives/edgar/data/0001169561/000103738921000198/cvlt-13g_20201231.txt"}, {"form_type": "SC 13G/A", "filings_date": "2021-02-10", "url": "https://www.sec.gov/Archives/edgar/data/0001169561/000110465921017811/tv0597-commvaultsystemsinc.htm"}, {"form_type": "4", "filings_date": "2021-02-09", "url": "https://www.sec.gov/Archives/edgar/data/0001169561/000120919121008855/xslF345X03/doc4.xml"}, {"form_type": "SC 13G/A", "filings_date": "2021-02-08", "url": "https://www.sec.gov/Archives/edgar/data/0001169561/000153215521000054/SEC13G_Filing.htm"}, {"form_type": "4", "filings_date": "2021-02-05", "url": "https://www.sec.gov/Archives/edgar/data/0001169561/000120919121008193/xslF345X03/doc4.xml"}, {"form_type": "4", "filings_date": "2021-02-03", "url": "https://www.sec.gov/Archives/edgar/data/0001169561/000120919121007191/xslF345X03/doc4.xml"}, {"form_type": "4", "filings_date": "2021-02-03", "url": "https://www.sec.gov/Archives/edgar/data/0001169561/000120919121007188/xslF345X03/doc4.xml"}, {"form_type": "4", "filings_date": "2021-02-01", "url": "https://www.sec.gov/Archives/edgar/data/0001169561/000120919121006549/xslF345X03/doc4.xml"}, {"form_type": "10-Q", "filings_date": "2021-01-28", "url": "https://www.sec.gov/Archives/edgar/data/0001169561/000116956121000008/cvlt-20201231.htm"}, {"form_type": "8-K", "filings_date": "2021-01-27", "url": "https://www.sec.gov/Archives/edgar/data/0001169561/000116956121000003/cvlt-20210127.htm"}, {"form_type": "SC 13G/A", "filings_date": "2021-01-27", "url": "https://www.sec.gov/Archives/edgar/data/0001169561/000083423721002027/us2041661024_012621.txt"}, {"form_type": "4", "filings_date": "2021-01-21", "url": "https://www.sec.gov/Archives/edgar/data/0001169561/000120919121004673/xslF345X03/doc4.xml"}, {"form_type": "4", "filings_date": "2021-01-21", "url": "https://www.sec.gov/Archives/edgar/data/0001169561/000120919121004671/xslF345X03/doc4.xml"}, {"form_type": "4", "filings_date": "2021-01-14", "url": "https://www.sec.gov/Archives/edgar/data/0001169561/000120919121003582/xslF345X03/doc4.xml"}, {"form_type": "4", "filings_date": "2020-12-30", "url": "https://www.sec.gov/Archives/edgar/data/0001169561/000120919120065510/xslF345X03/doc4.xml"}, {"form_type": "4", "filings_date": "2020-11-19", "url": "https://www.sec.gov/Archives/edgar/data/0001169561/000120919120059468/xslF345X03/doc4.xml"}, {"form_type": "4", "filings_date": "2020-11-19", "url": "https://www.sec.gov/Archives/edgar/data/0001169561/000120919120059466/xslF345X03/doc4.xml"}, {"form_type": "4", "filings_date": "2020-11-19", "url": "https://www.sec.gov/Archives/edgar/data/0001169561/000120919120059465/xslF345X03/doc4.xml"}, {"form_type": "4", "filings_date": "2020-11-19", "url": "https://www.sec.gov/Archives/edgar/data/0001169561/000120919120059461/xslF345X03/doc4.xml"}, {"form_type": "SC 13D/A", "filings_date": "2020-11-16", "url": "https://www.sec.gov/Archives/edgar/data/0001169561/000092189520003013/sc13da306297167_11162020.htm"}, {"form_type": "8-A12B/A", "filings_date": "2020-11-16", "url": "https://www.sec.gov/Archives/edgar/data/0001169561/000116956120000061/a20201116form8-aaxrightspl.htm"}, {"form_type": "8-K", "filings_date": "2020-11-16", "url": "https://www.sec.gov/Archives/edgar/data/0001169561/000116956120000059/cvlt-20201116.htm"}, {"form_type": "4", "filings_date": "2020-11-09", "url": "https://www.sec.gov/Archives/edgar/data/0001169561/000120919120057434/xslF345X03/doc4.xml"}, {"form_type": "S-8", "filings_date": "2020-10-28", "url": "https://www.sec.gov/Archives/edgar/data/0001169561/000116956120000055/s-8registrationstatementfo.htm"}, {"form_type": "10-Q", "filings_date": "2020-10-28", "url": "https://www.sec.gov/Archives/edgar/data/0001169561/000116956120000052/cvlt-20200930.htm"}, {"form_type": "8-K", "filings_date": "2020-10-27", "url": "https://www.sec.gov/Archives/edgar/data/0001169561/000116956120000047/cvlt-20201027.htm"}, {"form_type": "4", "filings_date": "2020-10-21", "url": "https://www.sec.gov/Archives/edgar/data/0001169561/000120919120055455/xslF345X03/doc4.xml"}, {"form_type": "4", "filings_date": "2020-10-16", "url": "https://www.sec.gov/Archives/edgar/data/0001169561/000120919120055066/xslF345X03/doc4.xml"}, {"form_type": "4", "filings_date": "2020-10-13", "url": "https://www.sec.gov/Archives/edgar/data/0001169561/000120919120054717/xslF345X03/doc4.xml"}, {"form_type": "4", "filings_date": "2020-09-02", "url": "https://www.sec.gov/Archives/edgar/data/0001169561/000120919120049158/xslF345X03/doc4.xml"}, {"form_type": "4", "filings_date": "2020-09-02", "url": "https://www.sec.gov/Archives/edgar/data/0001169561/000120919120049157/xslF345X03/doc4.xml"}, {"form_type": "4", "filings_date": "2020-09-02", "url": "https://www.sec.gov/Archives/edgar/data/0001169561/000120919120049156/xslF345X03/doc4.xml"}, {"form_type": "4", "filings_date": "2020-09-02", "url": "https://www.sec.gov/Archives/edgar/data/0001169561/000120919120049154/xslF345X03/doc4.xml"}, {"form_type": "4", "filings_date": "2020-09-02", "url": "https://www.sec.gov/Archives/edgar/data/0001169561/000120919120049152/xslF345X03/doc4.xml"}, {"form_type": "4", "filings_date": "2020-09-02", "url": "https://www.sec.gov/Archives/edgar/data/0001169561/000120919120049151/xslF345X03/doc4.xml"}, {"form_type": "4", "filings_date": "2020-09-02", "url": "https://www.sec.gov/Archives/edgar/data/0001169561/000120919120049150/xslF345X03/doc4.xml"}, {"form_type": "4", "filings_date": "2020-09-02", "url": "https://www.sec.gov/Archives/edgar/data/0001169561/000120919120049148/xslF345X03/doc4.xml"}, {"form_type": "4", "filings_date": "2020-09-02", "url": "https://www.sec.gov/Archives/edgar/data/0001169561/000120919120049146/xslF345X03/doc4.xml"}, {"form_type": "4", "filings_date": "2020-09-02", "url": "https://www.sec.gov/Archives/edgar/data/0001169561/000120919120049143/xslF345X03/doc4.xml"}, {"form_type": "8-K", "filings_date": "2020-08-28", "url": "https://www.sec.gov/Archives/edgar/data/0001169561/000116956120000043/cvlt-20200828.htm"}, {"form_type": "4", "filings_date": "2020-08-20", "url": "https://www.sec.gov/Archives/edgar/data/0001169561/000120919120047710/xslF345X03/doc4.xml"}, {"form_type": "4", "filings_date": "2020-08-20", "url": "https://www.sec.gov/Archives/edgar/data/0001169561/000120919120047709/xslF345X03/doc4.xml"}, {"form_type": "4", "filings_date": "2020-08-20", "url": "https://www.sec.gov/Archives/edgar/data/0001169561/000120919120047708/xslF345X03/doc4.xml"}, {"form_type": "4", "filings_date": "2020-08-20", "url": "https://www.sec.gov/Archives/edgar/data/0001169561/000120919120047707/xslF345X03/doc4.xml"}, {"form_type": "4", "filings_date": "2020-08-18", "url": "https://www.sec.gov/Archives/edgar/data/0001169561/000120919120047321/xslF345X03/doc4.xml"}, {"form_type": "4", "filings_date": "2020-08-18", "url": "https://www.sec.gov/Archives/edgar/data/0001169561/000120919120047320/xslF345X03/doc4.xml"}, {"form_type": "4", "filings_date": "2020-08-18", "url": "https://www.sec.gov/Archives/edgar/data/0001169561/000120919120047318/xslF345X03/doc4.xml"}, {"form_type": "4", "filings_date": "2020-08-10", "url": "https://www.sec.gov/Archives/edgar/data/0001169561/000120919120045854/xslF345X03/doc4.xml"}, {"form_type": "4", "filings_date": "2020-08-10", "url": "https://www.sec.gov/Archives/edgar/data/0001169561/000120919120045843/xslF345X03/doc4.xml"}, {"form_type": "4", "filings_date": "2020-08-04", "url": "https://www.sec.gov/Archives/edgar/data/0001169561/000120919120044700/xslF345X03/doc4.xml"}, {"form_type": "4", "filings_date": "2020-08-04", "url": "https://www.sec.gov/Archives/edgar/data/0001169561/000120919120044686/xslF345X03/doc4.xml"}, {"form_type": "10-Q", "filings_date": "2020-07-29", "url": "https://www.sec.gov/Archives/edgar/data/0001169561/000116956120000037/cvlt-20200630.htm"}, {"form_type": "8-K", "filings_date": "2020-07-28", "url": "https://www.sec.gov/Archives/edgar/data/0001169561/000116956120000032/cvlt-20200728.htm"}, {"form_type": "4", "filings_date": "2020-07-20", "url": "https://www.sec.gov/Archives/edgar/data/0001169561/000120919120043043/xslF345X03/doc4.xml"}, {"form_type": "4", "filings_date": "2020-07-16", "url": "https://www.sec.gov/Archives/edgar/data/0001169561/000120919120042624/xslF345X03/doc4.xml"}, {"form_type": "3", "filings_date": "2020-07-10", "url": "https://www.sec.gov/Archives/edgar/data/0001169561/000120919120042202/xslF345X02/doc3.xml"}, {"form_type": "3", "filings_date": "2020-07-10", "url": "https://www.sec.gov/Archives/edgar/data/0001169561/000120919120042201/xslF345X02/doc3.xml"}, {"form_type": "3", "filings_date": "2020-07-10", "url": "https://www.sec.gov/Archives/edgar/data/0001169561/000120919120042200/xslF345X02/doc3.xml"}, {"form_type": "DEFA14A", "filings_date": "2020-07-08", "url": "https://www.sec.gov/Archives/edgar/data/0001169561/000116956120000027/fy2020defa14aadditionalmat.htm"}, {"form_type": "DEF 14A", "filings_date": "2020-07-07", "url": "https://www.sec.gov/Archives/edgar/data/0001169561/000116956120000024/a2020proxydef14a.htm"}, {"form_type": "PRE 14A", "filings_date": "2020-06-22", "url": "https://www.sec.gov/Archives/edgar/data/0001169561/000116956120000021/a2020proxypre14a.htm"}, {"form_type": "4", "filings_date": "2020-06-18", "url": "https://www.sec.gov/Archives/edgar/data/0001169561/000120919120037730/xslF345X03/doc4.xml"}, {"form_type": "4", "filings_date": "2020-06-09", "url": "https://www.sec.gov/Archives/edgar/data/0001169561/000120919120035238/xslF345X03/doc4.xml"}, {"form_type": "SC 13D/A", "filings_date": "2020-06-08", "url": "https://www.sec.gov/Archives/edgar/data/0001169561/000092189520001724/sc13da206297167_06082020.htm"}, {"form_type": "8-K", "filings_date": "2020-06-08", "url": "https://www.sec.gov/Archives/edgar/data/0001169561/000095014220001523/eh2000814_8k.htm"}, {"form_type": "4", "filings_date": "2020-05-27", "url": "https://www.sec.gov/Archives/edgar/data/0001169561/000120919120032279/xslF345X03/doc4.xml"}, {"form_type": "4", "filings_date": "2020-05-27", "url": "https://www.sec.gov/Archives/edgar/data/0001169561/000120919120032277/xslF345X03/doc4.xml"}, {"form_type": "4", "filings_date": "2020-05-27", "url": "https://www.sec.gov/Archives/edgar/data/0001169561/000120919120032276/xslF345X03/doc4.xml"}, {"form_type": "4", "filings_date": "2020-05-27", "url": "https://www.sec.gov/Archives/edgar/data/0001169561/000120919120032275/xslF345X03/doc4.xml"}, {"form_type": "4", "filings_date": "2020-05-27", "url": "https://www.sec.gov/Archives/edgar/data/0001169561/000120919120032274/xslF345X03/doc4.xml"}, {"form_type": "4", "filings_date": "2020-05-20", "url": "https://www.sec.gov/Archives/edgar/data/0001169561/000120919120030920/xslF345X03/doc4.xml"}, {"form_type": "4", "filings_date": "2020-05-20", "url": "https://www.sec.gov/Archives/edgar/data/0001169561/000120919120030917/xslF345X03/doc4.xml"}, {"form_type": "4", "filings_date": "2020-05-20", "url": "https://www.sec.gov/Archives/edgar/data/0001169561/000120919120030915/xslF345X03/doc4.xml"}, {"form_type": "4", "filings_date": "2020-05-20", "url": "https://www.sec.gov/Archives/edgar/data/0001169561/000120919120030912/xslF345X03/doc4.xml"}, {"form_type": "4", "filings_date": "2020-05-20", "url": "https://www.sec.gov/Archives/edgar/data/0001169561/000120919120030908/xslF345X03/doc4.xml"}, {"form_type": "4", "filings_date": "2020-05-15", "url": "https://www.sec.gov/Archives/edgar/data/0001169561/000120919120029758/xslF345X03/doc4.xml"}, {"form_type": "4", "filings_date": "2020-05-15", "url": "https://www.sec.gov/Archives/edgar/data/0001169561/000120919120029757/xslF345X03/doc4.xml"}, {"form_type": "4", "filings_date": "2020-05-15", "url": "https://www.sec.gov/Archives/edgar/data/0001169561/000120919120029756/xslF345X03/doc4.xml"}, {"form_type": "10-K", "filings_date": "2020-05-15", "url": "https://www.sec.gov/Archives/edgar/data/0001169561/000116956120000018/a2020033110k.htm"}, {"form_type": "8-K", "filings_date": "2020-05-12", "url": "https://www.sec.gov/Archives/edgar/data/0001169561/000116956120000014/q420-8k.htm"}, {"form_type": "4", "filings_date": "2020-05-07", "url": "https://www.sec.gov/Archives/edgar/data/0001169561/000120919120027736/xslF345X03/doc4.xml"}, {"form_type": "4", "filings_date": "2020-04-20", "url": "https://www.sec.gov/Archives/edgar/data/0001169561/000120919120025085/xslF345X03/doc4.xml"}, {"form_type": "4", "filings_date": "2020-04-16", "url": "https://www.sec.gov/Archives/edgar/data/0001169561/000120919120024661/xslF345X03/doc4.xml"}, {"form_type": "DEFA14A", "filings_date": "2020-04-10", "url": "https://www.sec.gov/Archives/edgar/data/0001169561/000095014220001079/eh2000620_defa14a.htm"}, {"form_type": "DEFA14A", "filings_date": "2020-04-10", "url": "https://www.sec.gov/Archives/edgar/data/0001169561/000095014220001077/eh2000612_defa14a.htm"}, {"form_type": "DFAN14A", "filings_date": "2020-04-09", "url": "https://www.sec.gov/Archives/edgar/data/0001169561/000092189520001073/dfan14a06297167_04092020.htm"}, {"form_type": "SC 13D/A", "filings_date": "2020-04-09", "url": "https://www.sec.gov/Archives/edgar/data/0001169561/000092189520001072/sc13da106297167_04082020.htm"}, {"form_type": "8-A12B", "filings_date": "2020-04-06", "url": "https://www.sec.gov/Archives/edgar/data/0001169561/000095014220001023/eh2000587_8a12b.htm"}, {"form_type": "8-K", "filings_date": "2020-04-06", "url": "https://www.sec.gov/Archives/edgar/data/0001169561/000095014220001022/eh2000586_8k.htm"}, {"form_type": "SC 13D", "filings_date": "2020-03-30", "url": "https://www.sec.gov/Archives/edgar/data/0001169561/000092189520000941/sc13d06297167_03302020.htm"}, {"form_type": "4", "filings_date": "2020-02-21", "url": "https://www.sec.gov/Archives/edgar/data/0001169561/000120919120011635/xslF345X03/doc4.xml"}, {"form_type": "4", "filings_date": "2020-02-21", "url": "https://www.sec.gov/Archives/edgar/data/0001169561/000120919120011633/xslF345X03/doc4.xml"}, {"form_type": "4", "filings_date": "2020-02-21", "url": "https://www.sec.gov/Archives/edgar/data/0001169561/000120919120011632/xslF345X03/doc4.xml"}, {"form_type": "4", "filings_date": "2020-02-19", "url": "https://www.sec.gov/Archives/edgar/data/0001169561/000120919120010526/xslF345X03/doc4.xml"}, {"form_type": "4", "filings_date": "2020-02-18", "url": "https://www.sec.gov/Archives/edgar/data/0001169561/000120919120010278/xslF345X03/doc4.xml"}, {"form_type": "4", "filings_date": "2020-02-18", "url": "https://www.sec.gov/Archives/edgar/data/0001169561/000120919120010274/xslF345X03/doc4.xml"}, {"form_type": "4", "filings_date": "2020-02-18", "url": "https://www.sec.gov/Archives/edgar/data/0001169561/000120919120010272/xslF345X03/doc4.xml"}, {"form_type": "4", "filings_date": "2020-02-18", "url": "https://www.sec.gov/Archives/edgar/data/0001169561/000120919120010270/xslF345X03/doc4.xml"}, {"form_type": "SC 13G", "filings_date": "2020-02-18", "url": "https://www.sec.gov/Archives/edgar/data/0001169561/000153215520000075/SEC13G_Filing.htm"}, {"form_type": "4", "filings_date": "2020-02-13", "url": "https://www.sec.gov/Archives/edgar/data/0001169561/000120919120009234/xslF345X03/doc4.xml"}, {"form_type": "SC 13G", "filings_date": "2020-02-12", "url": "https://www.sec.gov/Archives/edgar/data/0001169561/000103738920000080/cvlt-13g_20191231.txt"}, {"form_type": "SC 13G/A", "filings_date": "2020-02-12", "url": "https://www.sec.gov/Archives/edgar/data/0001169561/000110465920018106/tv01407-commvaultsystemsinc.htm"}, {"form_type": "4", "filings_date": "2020-02-07", "url": "https://www.sec.gov/Archives/edgar/data/0001169561/000120919120007529/xslF345X03/doc4.xml"}, {"form_type": "4", "filings_date": "2020-02-05", "url": "https://www.sec.gov/Archives/edgar/data/0001169561/000120919120006900/xslF345X03/doc4.xml"}, {"form_type": "4", "filings_date": "2020-02-05", "url": "https://www.sec.gov/Archives/edgar/data/0001169561/000120919120006895/xslF345X03/doc4.xml"}, {"form_type": "SC 13G/A", "filings_date": "2020-02-04", "url": "https://www.sec.gov/Archives/edgar/data/0001169561/000083423720001506/us2041661024_020320.txt"}, {"form_type": "10-Q", "filings_date": "2020-01-31", "url": "https://www.sec.gov/Archives/edgar/data/0001169561/000116956120000011/a2019123110q.htm"}, {"form_type": "4", "filings_date": "2020-01-29", "url": "https://www.sec.gov/Archives/edgar/data/0001169561/000120919120005352/xslF345X03/doc4.xml"}, {"form_type": "8-K", "filings_date": "2020-01-29", "url": "https://www.sec.gov/Archives/edgar/data/0001169561/000116956120000007/q320-8k.htm"}, {"form_type": "4", "filings_date": "2020-01-23", "url": "https://www.sec.gov/Archives/edgar/data/0001169561/000120919120004694/xslF345X03/doc4.xml"}, {"form_type": "4", "filings_date": "2020-01-21", "url": "https://www.sec.gov/Archives/edgar/data/0001169561/000120919120004244/xslF345X03/doc4.xml"}, {"form_type": "4", "filings_date": "2020-01-21", "url": "https://www.sec.gov/Archives/edgar/data/0001169561/000120919120004243/xslF345X03/doc4.xml"}, {"form_type": "4", "filings_date": "2020-01-16", "url": "https://www.sec.gov/Archives/edgar/data/0001169561/000120919120003740/xslF345X03/doc4.xml"}, {"form_type": "8-K/A", "filings_date": "2019-12-13", "url": "https://www.sec.gov/Archives/edgar/data/0001169561/000116956119000073/a8-kahedvigstatementof.htm"}, {"form_type": "4", "filings_date": "2019-11-20", "url": "https://www.sec.gov/Archives/edgar/data/0001169561/000120919119057463/xslF345X03/doc4.xml"}, {"form_type": "4", "filings_date": "2019-11-20", "url": "https://www.sec.gov/Archives/edgar/data/0001169561/000120919119057462/xslF345X03/doc4.xml"}, {"form_type": "4", "filings_date": "2019-11-20", "url": "https://www.sec.gov/Archives/edgar/data/0001169561/000120919119057461/xslF345X03/doc4.xml"}, {"form_type": "4", "filings_date": "2019-11-15", "url": "https://www.sec.gov/Archives/edgar/data/0001169561/000120919119056804/xslF345X03/doc4.xml"}, {"form_type": "4", "filings_date": "2019-11-15", "url": "https://www.sec.gov/Archives/edgar/data/0001169561/000120919119056803/xslF345X03/doc4.xml"}, {"form_type": "4", "filings_date": "2019-11-15", "url": "https://www.sec.gov/Archives/edgar/data/0001169561/000120919119056802/xslF345X03/doc4.xml"}, {"form_type": "8-K/A", "filings_date": "2019-11-15", "url": "https://www.sec.gov/Archives/edgar/data/0001169561/000116956119000069/a8-kalanbunteretiremen.htm"}, {"form_type": "4", "filings_date": "2019-11-07", "url": "https://www.sec.gov/Archives/edgar/data/0001169561/000120919119055648/xslF345X03/doc4.xml"}, {"form_type": "4", "filings_date": "2019-11-05", "url": "https://www.sec.gov/Archives/edgar/data/0001169561/000120919119055164/xslF345X03/doc4.xml"}, {"form_type": "S-8", "filings_date": "2019-10-30", "url": "https://www.sec.gov/Archives/edgar/data/0001169561/000116956119000064/s-8registrationstatementfo.htm"}, {"form_type": "10-Q", "filings_date": "2019-10-30", "url": "https://www.sec.gov/Archives/edgar/data/0001169561/000116956119000063/a2019093010q.htm"}, {"form_type": "8-K", "filings_date": "2019-10-29", "url": "https://www.sec.gov/Archives/edgar/data/0001169561/000116956119000055/q220-8k.htm"}, {"form_type": "4", "filings_date": "2019-10-17", "url": "https://www.sec.gov/Archives/edgar/data/0001169561/000120919119053429/xslF345X03/doc4.xml"}, {"form_type": "8-K", "filings_date": "2019-10-04", "url": "https://www.sec.gov/Archives/edgar/data/0001169561/000116956119000049/a8k-chennaiclosing.htm"}, {"form_type": "8-K", "filings_date": "2019-09-04", "url": "https://www.sec.gov/Archives/edgar/data/0001169561/000116956119000046/form8-kwhm9x3x19.htm"}, {"form_type": "4", "filings_date": "2019-08-27", "url": "https://www.sec.gov/Archives/edgar/data/0001169561/000120919119047552/xslF345X03/doc4.xml"}, {"form_type": "4", "filings_date": "2019-08-27", "url": "https://www.sec.gov/Archives/edgar/data/0001169561/000120919119047509/xslF345X03/doc4.xml"}, {"form_type": "4", "filings_date": "2019-08-27", "url": "https://www.sec.gov/Archives/edgar/data/0001169561/000120919119047507/xslF345X03/doc4.xml"}, {"form_type": "4", "filings_date": "2019-08-27", "url": "https://www.sec.gov/Archives/edgar/data/0001169561/000120919119047506/xslF345X03/doc4.xml"}, {"form_type": "4", "filings_date": "2019-08-27", "url": "https://www.sec.gov/Archives/edgar/data/0001169561/000120919119047504/xslF345X03/doc4.xml"}, {"form_type": "4", "filings_date": "2019-08-27", "url": "https://www.sec.gov/Archives/edgar/data/0001169561/000120919119047503/xslF345X03/doc4.xml"}, {"form_type": "4", "filings_date": "2019-08-27", "url": "https://www.sec.gov/Archives/edgar/data/0001169561/000120919119047502/xslF345X03/doc4.xml"}, {"form_type": "4", "filings_date": "2019-08-27", "url": "https://www.sec.gov/Archives/edgar/data/0001169561/000120919119047501/xslF345X03/doc4.xml"}, {"form_type": "4", "filings_date": "2019-08-27", "url": "https://www.sec.gov/Archives/edgar/data/0001169561/000120919119047499/xslF345X03/doc4.xml"}, {"form_type": "8-K", "filings_date": "2019-08-23", "url": "https://www.sec.gov/Archives/edgar/data/0001169561/000116956119000043/a8-kannualmeetingresults20.htm"}, {"form_type": "4/A", "filings_date": "2019-08-20", "url": "https://www.sec.gov/Archives/edgar/data/0001169561/000120919119046815/xslF345X03/doc4a.xml"}, {"form_type": "4", "filings_date": "2019-08-20", "url": "https://www.sec.gov/Archives/edgar/data/0001169561/000120919119046813/xslF345X03/doc4.xml"}, {"form_type": "4", "filings_date": "2019-08-20", "url": "https://www.sec.gov/Archives/edgar/data/0001169561/000120919119046812/xslF345X03/doc4.xml"}, {"form_type": "4", "filings_date": "2019-08-20", "url": "https://www.sec.gov/Archives/edgar/data/0001169561/000120919119046811/xslF345X03/doc4.xml"}, {"form_type": "4", "filings_date": "2019-08-16", "url": "https://www.sec.gov/Archives/edgar/data/0001169561/000120919119046289/xslF345X03/doc4.xml"}, {"form_type": "4", "filings_date": "2019-08-15", "url": "https://www.sec.gov/Archives/edgar/data/0001169561/000120919119046162/xslF345X03/doc4.xml"}, {"form_type": "4", "filings_date": "2019-08-15", "url": "https://www.sec.gov/Archives/edgar/data/0001169561/000120919119046160/xslF345X03/doc4.xml"}, {"form_type": "4", "filings_date": "2019-08-15", "url": "https://www.sec.gov/Archives/edgar/data/0001169561/000120919119046159/xslF345X03/doc4.xml"}, {"form_type": "DEFA14A", "filings_date": "2019-08-13", "url": "https://www.sec.gov/Archives/edgar/data/0001169561/000116956119000039/proxydefa14aadditionalmate.htm"}, {"form_type": "DEFA14A", "filings_date": "2019-08-09", "url": "https://www.sec.gov/Archives/edgar/data/0001169561/000116956119000037/proxydefa14aadditionalmate.htm"}, {"form_type": "10-Q", "filings_date": "2019-07-31", "url": "https://www.sec.gov/Archives/edgar/data/0001169561/000116956119000035/a2019063010q.htm"}, {"form_type": "8-K", "filings_date": "2019-07-30", "url": "https://www.sec.gov/Archives/edgar/data/0001169561/000116956119000031/q120-8k.htm"}, {"form_type": "4", "filings_date": "2019-07-18", "url": "https://www.sec.gov/Archives/edgar/data/0001169561/000120919119042618/xslF345X03/doc4.xml"}, {"form_type": "DEFA14A", "filings_date": "2019-07-05", "url": "https://www.sec.gov/Archives/edgar/data/0001169561/000116956119000028/defa14a6-30x20191.htm"}, {"form_type": "DEF 14A", "filings_date": "2019-07-03", "url": "https://www.sec.gov/Archives/edgar/data/0001169561/000116956119000026/a20190528def14a1.htm"}, {"form_type": "3", "filings_date": "2019-06-05", "url": "https://www.sec.gov/Archives/edgar/data/0001169561/000120919119034739/xslF345X02/doc3.xml"}, {"form_type": "4", "filings_date": "2019-05-17", "url": "https://www.sec.gov/Archives/edgar/data/0001169561/000120919119031042/xslF345X03/doc4.xml"}, {"form_type": "4", "filings_date": "2019-05-17", "url": "https://www.sec.gov/Archives/edgar/data/0001169561/000120919119031041/xslF345X03/doc4.xml"}, {"form_type": "4", "filings_date": "2019-05-17", "url": "https://www.sec.gov/Archives/edgar/data/0001169561/000120919119031040/xslF345X03/doc4.xml"}, {"form_type": "4", "filings_date": "2019-05-16", "url": "https://www.sec.gov/Archives/edgar/data/0001169561/000120919119030390/xslF345X03/doc4.xml"}, {"form_type": "4", "filings_date": "2019-05-16", "url": "https://www.sec.gov/Archives/edgar/data/0001169561/000120919119030388/xslF345X03/doc4.xml"}, {"form_type": "4", "filings_date": "2019-05-16", "url": "https://www.sec.gov/Archives/edgar/data/0001169561/000120919119030385/xslF345X03/doc4.xml"}, {"form_type": "4", "filings_date": "2019-05-16", "url": "https://www.sec.gov/Archives/edgar/data/0001169561/000120919119030384/xslF345X03/doc4.xml"}, {"form_type": "4", "filings_date": "2019-05-16", "url": "https://www.sec.gov/Archives/edgar/data/0001169561/000120919119030382/xslF345X03/doc4.xml"}, {"form_type": "8-K", "filings_date": "2019-05-07", "url": "https://www.sec.gov/Archives/edgar/data/0001169561/000116956119000024/a8-kforproxyaccessadoptionx.htm"}, {"form_type": "10-K", "filings_date": "2019-05-02", "url": "https://www.sec.gov/Archives/edgar/data/0001169561/000116956119000022/a2019033110k.htm"}, {"form_type": "8-K", "filings_date": "2019-04-30", "url": "https://www.sec.gov/Archives/edgar/data/0001169561/000116956119000019/a430198-kforhammerboardres.htm"}, {"form_type": "8-K", "filings_date": "2019-04-30", "url": "https://www.sec.gov/Archives/edgar/data/0001169561/000116956119000017/q419-8k.htm"}, {"form_type": "3", "filings_date": "2019-04-05", "url": "https://www.sec.gov/Archives/edgar/data/0001169561/000120919119023806/xslF345X02/doc3.xml"}, {"form_type": "8-K", "filings_date": "2019-04-02", "url": "https://www.sec.gov/Archives/edgar/data/0001169561/000116956119000015/a8-k4x2x19.htm"}, {"form_type": "8-K/A", "filings_date": "2019-03-08", "url": "https://www.sec.gov/Archives/edgar/data/0001169561/000116956119000013/a8-kabretirement3x5x19.htm"}, {"form_type": "SC 13D/A", "filings_date": "2019-02-22", "url": "https://www.sec.gov/Archives/edgar/data/0001169561/000090266419001280/p19-0740sc13da.htm"}, {"form_type": "4", "filings_date": "2019-02-15", "url": "https://www.sec.gov/Archives/edgar/data/0001169561/000120919119010619/xslF345X03/doc4.xml"}, {"form_type": "4", "filings_date": "2019-02-15", "url": "https://www.sec.gov/Archives/edgar/data/0001169561/000120919119010618/xslF345X03/doc4.xml"}, {"form_type": "4", "filings_date": "2019-02-15", "url": "https://www.sec.gov/Archives/edgar/data/0001169561/000120919119010615/xslF345X03/doc4.xml"}, {"form_type": "4", "filings_date": "2019-02-15", "url": "https://www.sec.gov/Archives/edgar/data/0001169561/000120919119010613/xslF345X03/doc4.xml"}, {"form_type": "4", "filings_date": "2019-02-15", "url": "https://www.sec.gov/Archives/edgar/data/0001169561/000120919119010612/xslF345X03/doc4.xml"}, {"form_type": "SC 13G/A", "filings_date": "2019-02-11", "url": "https://www.sec.gov/Archives/edgar/data/0001169561/000021545719007528/us2041661024_021119.txt"}, {"form_type": "SC 13G/A", "filings_date": "2019-02-11", "url": "https://www.sec.gov/Archives/edgar/data/0001169561/000093247119004583/commvaultsystemsinc.htm"}, {"form_type": "4", "filings_date": "2019-02-07", "url": "https://www.sec.gov/Archives/edgar/data/0001169561/000120919119008073/xslF345X03/doc4.xml"}, {"form_type": "4", "filings_date": "2019-02-07", "url": "https://www.sec.gov/Archives/edgar/data/0001169561/000120919119008070/xslF345X03/doc4.xml"}, {"form_type": "4", "filings_date": "2019-02-07", "url": "https://www.sec.gov/Archives/edgar/data/0001169561/000120919119008067/xslF345X03/doc4.xml"}, {"form_type": "4", "filings_date": "2019-02-07", "url": "https://www.sec.gov/Archives/edgar/data/0001169561/000120919119008064/xslF345X03/doc4.xml"}, {"form_type": "4", "filings_date": "2019-02-05", "url": "https://www.sec.gov/Archives/edgar/data/0001169561/000120919119007334/xslF345X03/doc4.xml"}, {"form_type": "3", "filings_date": "2019-02-05", "url": "https://www.sec.gov/Archives/edgar/data/0001169561/000120919119007328/xslF345X02/doc3.xml"}, {"form_type": "8-K", "filings_date": "2019-02-05", "url": "https://www.sec.gov/Archives/edgar/data/0001169561/000116956119000008/a8-kceoresignation_appoint.htm"}, {"form_type": "SC 13G/A", "filings_date": "2019-02-04", "url": "https://www.sec.gov/Archives/edgar/data/0001169561/000021545719003083/us2041661024_020419.txt"}, {"form_type": "10-Q", "filings_date": "2019-01-29", "url": "https://www.sec.gov/Archives/edgar/data/0001169561/000116956119000006/a2018123110q.htm"}, {"form_type": "8-K", "filings_date": "2019-01-29", "url": "https://www.sec.gov/Archives/edgar/data/0001169561/000116956119000004/q319-8k.htm"}, {"form_type": "SC 13D/A", "filings_date": "2019-01-18", "url": "https://www.sec.gov/Archives/edgar/data/0001169561/000090266419000332/p19-0208sc13da.htm"}, {"form_type": "4", "filings_date": "2018-12-06", "url": "https://www.sec.gov/Archives/edgar/data/0001169561/000120919118061223/xslF345X03/doc4.xml"}, {"form_type": "4", "filings_date": "2018-11-15", "url": "https://www.sec.gov/Archives/edgar/data/0001169561/000120919118058739/xslF345X03/doc4.xml"}, {"form_type": "4", "filings_date": "2018-11-15", "url": "https://www.sec.gov/Archives/edgar/data/0001169561/000120919118058738/xslF345X03/doc4.xml"}, {"form_type": "4", "filings_date": "2018-11-15", "url": "https://www.sec.gov/Archives/edgar/data/0001169561/000120919118058736/xslF345X03/doc4.xml"}, {"form_type": "4", "filings_date": "2018-11-15", "url": "https://www.sec.gov/Archives/edgar/data/0001169561/000120919118058735/xslF345X03/doc4.xml"}, {"form_type": "4", "filings_date": "2018-11-15", "url": "https://www.sec.gov/Archives/edgar/data/0001169561/000120919118058732/xslF345X03/doc4.xml"}, {"form_type": "S-8", "filings_date": "2018-10-31", "url": "https://www.sec.gov/Archives/edgar/data/0001169561/000116956118000056/commvaults-8registrationst.htm"}, {"form_type": "10-Q", "filings_date": "2018-10-31", "url": "https://www.sec.gov/Archives/edgar/data/0001169561/000116956118000054/a2018093010q.htm"}, {"form_type": "8-K", "filings_date": "2018-10-30", "url": "https://www.sec.gov/Archives/edgar/data/0001169561/000116956118000049/q219-8k.htm"}, {"form_type": "4", "filings_date": "2018-10-18", "url": "https://www.sec.gov/Archives/edgar/data/0001169561/000120919118055517/xslF345X03/doc4.xml"}, {"form_type": "4", "filings_date": "2018-10-18", "url": "https://www.sec.gov/Archives/edgar/data/0001169561/000120919118055514/xslF345X03/doc4.xml"}, {"form_type": "4", "filings_date": "2018-10-18", "url": "https://www.sec.gov/Archives/edgar/data/0001169561/000120919118055513/xslF345X03/doc4.xml"}, {"form_type": "4", "filings_date": "2018-10-18", "url": "https://www.sec.gov/Archives/edgar/data/0001169561/000120919118055512/xslF345X03/doc4.xml"}, {"form_type": "4", "filings_date": "2018-10-18", "url": "https://www.sec.gov/Archives/edgar/data/0001169561/000120919118055510/xslF345X03/doc4.xml"}, {"form_type": "8-K", "filings_date": "2018-10-12", "url": "https://www.sec.gov/Archives/edgar/data/0001169561/000116956118000045/annualmeeting2018-8xk10x11.htm"}, {"form_type": "4", "filings_date": "2018-09-18", "url": "https://www.sec.gov/Archives/edgar/data/0001169561/000120919118051470/xslF345X03/doc4.xml"}, {"form_type": "4", "filings_date": "2018-09-04", "url": "https://www.sec.gov/Archives/edgar/data/0001169561/000120919118049246/xslF345X03/doc4.xml"}, {"form_type": "4", "filings_date": "2018-08-27", "url": "https://www.sec.gov/Archives/edgar/data/0001169561/000120919118048471/xslF345X03/doc4.xml"}, {"form_type": "4", "filings_date": "2018-08-27", "url": "https://www.sec.gov/Archives/edgar/data/0001169561/000120919118048470/xslF345X03/doc4.xml"}, {"form_type": "4", "filings_date": "2018-08-27", "url": "https://www.sec.gov/Archives/edgar/data/0001169561/000120919118048469/xslF345X03/doc4.xml"}, {"form_type": "4", "filings_date": "2018-08-27", "url": "https://www.sec.gov/Archives/edgar/data/0001169561/000120919118048468/xslF345X03/doc4.xml"}, {"form_type": "4", "filings_date": "2018-08-27", "url": "https://www.sec.gov/Archives/edgar/data/0001169561/000120919118048467/xslF345X03/doc4.xml"}, {"form_type": "4", "filings_date": "2018-08-27", "url": "https://www.sec.gov/Archives/edgar/data/0001169561/000120919118048466/xslF345X03/doc4.xml"}, {"form_type": "4", "filings_date": "2018-08-27", "url": "https://www.sec.gov/Archives/edgar/data/0001169561/000120919118048465/xslF345X03/doc4.xml"}, {"form_type": "4", "filings_date": "2018-08-27", "url": "https://www.sec.gov/Archives/edgar/data/0001169561/000120919118048464/xslF345X03/doc4.xml"}, {"form_type": "4", "filings_date": "2018-08-27", "url": "https://www.sec.gov/Archives/edgar/data/0001169561/000120919118048463/xslF345X03/doc4.xml"}, {"form_type": "4", "filings_date": "2018-08-16", "url": "https://www.sec.gov/Archives/edgar/data/0001169561/000120919118047084/xslF345X03/doc4.xml"}, {"form_type": "4", "filings_date": "2018-08-16", "url": "https://www.sec.gov/Archives/edgar/data/0001169561/000120919118047083/xslF345X03/doc4.xml"}, {"form_type": "4", "filings_date": "2018-08-16", "url": "https://www.sec.gov/Archives/edgar/data/0001169561/000120919118047056/xslF345X03/doc4.xml"}, {"form_type": "4", "filings_date": "2018-08-16", "url": "https://www.sec.gov/Archives/edgar/data/0001169561/000120919118047052/xslF345X03/doc4.xml"}, {"form_type": "4", "filings_date": "2018-08-16", "url": "https://www.sec.gov/Archives/edgar/data/0001169561/000120919118047049/xslF345X03/doc4.xml"}, {"form_type": "4", "filings_date": "2018-08-03", "url": "https://www.sec.gov/Archives/edgar/data/0001169561/000120919118045261/xslF345X03/doc4.xml"}, {"form_type": "8-A12B/A", "filings_date": "2018-08-01", "url": "https://www.sec.gov/Archives/edgar/data/0001169561/000116956118000041/commvault-8xaaterminatingr.htm"}, {"form_type": "8-K", "filings_date": "2018-08-01", "url": "https://www.sec.gov/Archives/edgar/data/0001169561/000116956118000040/commvault-8xkterminatingri.htm"}, {"form_type": "DEFA14A", "filings_date": "2018-07-31", "url": "https://www.sec.gov/Archives/edgar/data/0001169561/000116956118000036/defa14a-resignationofjeazo.htm"}, {"form_type": "4", "filings_date": "2018-07-31", "url": "https://www.sec.gov/Archives/edgar/data/0001169561/000120919118044555/xslF345X03/doc4.xml"}, {"form_type": "3", "filings_date": "2018-07-31", "url": "https://www.sec.gov/Archives/edgar/data/0001169561/000120919118044554/xslF345X02/doc3.xml"}, {"form_type": "8-K", "filings_date": "2018-07-31", "url": "https://www.sec.gov/Archives/edgar/data/0001169561/000116956118000034/a8-kforeazorresignation_ap.htm"}, {"form_type": "3", "filings_date": "2018-07-27", "url": "https://www.sec.gov/Archives/edgar/data/0001169561/000120919118044196/xslF345X02/doc3.xml"}, {"form_type": "3", "filings_date": "2018-07-27", "url": "https://www.sec.gov/Archives/edgar/data/0001169561/000120919118044195/xslF345X02/doc3.xml"}, {"form_type": "4", "filings_date": "2018-07-27", "url": "https://www.sec.gov/Archives/edgar/data/0001169561/000120919118044194/xslF345X03/doc4.xml"}, {"form_type": "10-Q", "filings_date": "2018-07-25", "url": "https://www.sec.gov/Archives/edgar/data/0001169561/000116956118000031/a2018063010q.htm"}, {"form_type": "8-K", "filings_date": "2018-07-24", "url": "https://www.sec.gov/Archives/edgar/data/0001169561/000116956118000029/q119-8k.htm"}, {"form_type": "DEFA14A", "filings_date": "2018-07-20", "url": "https://www.sec.gov/Archives/edgar/data/0001169561/000116956118000027/a12191738_2defa14a-newdire.htm"}, {"form_type": "8-K", "filings_date": "2018-07-20", "url": "https://www.sec.gov/Archives/edgar/data/0001169561/000116956118000026/a8-kforgedayxkurimskyresig.htm"}, {"form_type": "4", "filings_date": "2018-07-19", "url": "https://www.sec.gov/Archives/edgar/data/0001169561/000120919118043382/xslF345X03/doc4.xml"}, {"form_type": "4", "filings_date": "2018-07-19", "url": "https://www.sec.gov/Archives/edgar/data/0001169561/000120919118043381/xslF345X03/doc4.xml"}, {"form_type": "4", "filings_date": "2018-07-19", "url": "https://www.sec.gov/Archives/edgar/data/0001169561/000120919118043380/xslF345X03/doc4.xml"}, {"form_type": "4", "filings_date": "2018-07-19", "url": "https://www.sec.gov/Archives/edgar/data/0001169561/000120919118043379/xslF345X03/doc4.xml"}, {"form_type": "4", "filings_date": "2018-07-19", "url": "https://www.sec.gov/Archives/edgar/data/0001169561/000120919118043378/xslF345X03/doc4.xml"}, {"form_type": "SC 13G/A", "filings_date": "2018-07-10", "url": "https://www.sec.gov/Archives/edgar/data/0001169561/000021545718005830/us2041661024_070518.txt"}, {"form_type": "DEFA14A", "filings_date": "2018-07-03", "url": "https://www.sec.gov/Archives/edgar/data/0001169561/000116956118000022/defa14a6-30x2018.htm"}, {"form_type": "DEF 14A", "filings_date": "2018-07-03", "url": "https://www.sec.gov/Archives/edgar/data/0001169561/000116956118000020/a20180207def14a.htm"}, {"form_type": "4", "filings_date": "2018-06-15", "url": "https://www.sec.gov/Archives/edgar/data/0001169561/000120919118038044/xslF345X03/doc4.xml"}, {"form_type": "4", "filings_date": "2018-06-15", "url": "https://www.sec.gov/Archives/edgar/data/0001169561/000120919118038043/xslF345X03/doc4.xml"}, {"form_type": "4", "filings_date": "2018-06-15", "url": "https://www.sec.gov/Archives/edgar/data/0001169561/000120919118038042/xslF345X03/doc4.xml"}, {"form_type": "4", "filings_date": "2018-06-12", "url": "https://www.sec.gov/Archives/edgar/data/0001169561/000120919118037228/xslF345X03/doc4.xml"}, {"form_type": "4", "filings_date": "2018-05-22", "url": "https://www.sec.gov/Archives/edgar/data/0001169561/000120919118032326/xslF345X03/doc4.xml"}, {"form_type": "4", "filings_date": "2018-05-22", "url": "https://www.sec.gov/Archives/edgar/data/0001169561/000120919118032325/xslF345X03/doc4.xml"}, {"form_type": "4", "filings_date": "2018-05-22", "url": "https://www.sec.gov/Archives/edgar/data/0001169561/000120919118032323/xslF345X03/doc4.xml"}, {"form_type": "4", "filings_date": "2018-05-22", "url": "https://www.sec.gov/Archives/edgar/data/0001169561/000120919118032321/xslF345X03/doc4.xml"}, {"form_type": "4", "filings_date": "2018-05-22", "url": "https://www.sec.gov/Archives/edgar/data/0001169561/000120919118032319/xslF345X03/doc4.xml"}, {"form_type": "4", "filings_date": "2018-05-16", "url": "https://www.sec.gov/Archives/edgar/data/0001169561/000120919118030681/xslF345X03/doc4.xml"}, {"form_type": "4", "filings_date": "2018-05-16", "url": "https://www.sec.gov/Archives/edgar/data/0001169561/000120919118030680/xslF345X03/doc4.xml"}, {"form_type": "4", "filings_date": "2018-05-16", "url": "https://www.sec.gov/Archives/edgar/data/0001169561/000120919118030679/xslF345X03/doc4.xml"}, {"form_type": "4", "filings_date": "2018-05-16", "url": "https://www.sec.gov/Archives/edgar/data/0001169561/000120919118030677/xslF345X03/doc4.xml"}, {"form_type": "4", "filings_date": "2018-05-16", "url": "https://www.sec.gov/Archives/edgar/data/0001169561/000120919118030676/xslF345X03/doc4.xml"}, {"form_type": "4", "filings_date": "2018-05-08", "url": "https://www.sec.gov/Archives/edgar/data/0001169561/000120919118028544/xslF345X03/doc4.xml"}, {"form_type": "10-K", "filings_date": "2018-05-03", "url": "https://www.sec.gov/Archives/edgar/data/0001169561/000116956118000018/a2018033110k.htm"}, {"form_type": "SC 13D/A", "filings_date": "2018-05-01", "url": "https://www.sec.gov/Archives/edgar/data/0001169561/000090266418002068/p18-1074sc13da.htm"}, {"form_type": "8-K", "filings_date": "2018-05-01", "url": "https://www.sec.gov/Archives/edgar/data/0001169561/000116956118000016/a12046155_6cmvlt-settlemen.htm"}, {"form_type": "8-K", "filings_date": "2018-05-01", "url": "https://www.sec.gov/Archives/edgar/data/0001169561/000116956118000015/q418-8k.htm"}, {"form_type": "4", "filings_date": "2018-04-19", "url": "https://www.sec.gov/Archives/edgar/data/0001169561/000120919118025577/xslF345X03/doc4.xml"}, {"form_type": "4", "filings_date": "2018-04-19", "url": "https://www.sec.gov/Archives/edgar/data/0001169561/000120919118025576/xslF345X03/doc4.xml"}, {"form_type": "4", "filings_date": "2018-04-19", "url": "https://www.sec.gov/Archives/edgar/data/0001169561/000120919118025574/xslF345X03/doc4.xml"}, {"form_type": "4", "filings_date": "2018-04-19", "url": "https://www.sec.gov/Archives/edgar/data/0001169561/000120919118025571/xslF345X03/doc4.xml"}, {"form_type": "4", "filings_date": "2018-04-19", "url": "https://www.sec.gov/Archives/edgar/data/0001169561/000120919118025569/xslF345X03/doc4.xml"}, {"form_type": "4", "filings_date": "2018-04-12", "url": "https://www.sec.gov/Archives/edgar/data/0001169561/000120919118024744/xslF345X03/doc4.xml"}, {"form_type": "4", "filings_date": "2018-04-04", "url": "https://www.sec.gov/Archives/edgar/data/0001169561/000120919118023777/xslF345X03/doc4.xml"}, {"form_type": "4", "filings_date": "2018-04-04", "url": "https://www.sec.gov/Archives/edgar/data/0001169561/000120919118023774/xslF345X03/doc4.xml"}, {"form_type": "DEFA14A", "filings_date": "2018-04-03", "url": "https://www.sec.gov/Archives/edgar/data/0001169561/000116956118000012/commvault-schedule14axempl.htm"}, {"form_type": "DFAN14A", "filings_date": "2018-04-02", "url": "https://www.sec.gov/Archives/edgar/data/0001169561/000092189518001140/dfan14a10168059_04022018.htm"}, {"form_type": "DEFA14A", "filings_date": "2018-04-02", "url": "https://www.sec.gov/Archives/edgar/data/0001169561/000116956118000010/commvault-schedule14axpres.htm"}, {"form_type": "SC 13D", "filings_date": "2018-04-02", "url": "https://www.sec.gov/Archives/edgar/data/0001169561/000090266418001821/p18-0932sc13d.htm"}, {"form_type": "4", "filings_date": "2018-03-05", "url": "https://www.sec.gov/Archives/edgar/data/0001169561/000120919118016695/xslF345X03/doc4.xml"}, {"form_type": "4", "filings_date": "2018-03-05", "url": "https://www.sec.gov/Archives/edgar/data/0001169561/000120919118016398/xslF345X03/doc4.xml"}, {"form_type": "4", "filings_date": "2018-03-05", "url": "https://www.sec.gov/Archives/edgar/data/0001169561/000120919118016394/xslF345X03/doc4.xml"}, {"form_type": "4", "filings_date": "2018-02-21", "url": "https://www.sec.gov/Archives/edgar/data/0001169561/000120919118011932/xslF345X03/doc4.xml"}, {"form_type": "4", "filings_date": "2018-02-15", "url": "https://www.sec.gov/Archives/edgar/data/0001169561/000120919118010458/xslF345X03/doc4.xml"}, {"form_type": "4", "filings_date": "2018-02-15", "url": "https://www.sec.gov/Archives/edgar/data/0001169561/000120919118010457/xslF345X03/doc4.xml"}, {"form_type": "4", "filings_date": "2018-02-15", "url": "https://www.sec.gov/Archives/edgar/data/0001169561/000120919118010456/xslF345X03/doc4.xml"}, {"form_type": "4", "filings_date": "2018-02-15", "url": "https://www.sec.gov/Archives/edgar/data/0001169561/000120919118010455/xslF345X03/doc4.xml"}, {"form_type": "4", "filings_date": "2018-02-15", "url": "https://www.sec.gov/Archives/edgar/data/0001169561/000120919118010452/xslF345X03/doc4.xml"}, {"form_type": "SC 13G/A", "filings_date": "2018-02-09", "url": "https://www.sec.gov/Archives/edgar/data/0001169561/000093247118003217/commvaultsystemsinc.htm"}, {"form_type": "8-K", "filings_date": "2018-02-05", "url": "https://www.sec.gov/Archives/edgar/data/0001169561/000116956118000008/a8-kfornewdirectorvivieyyl.htm"}, {"form_type": "4", "filings_date": "2018-02-05", "url": "https://www.sec.gov/Archives/edgar/data/0001169561/000120919118007438/xslF345X03/doc4.xml"}, {"form_type": "3", "filings_date": "2018-02-05", "url": "https://www.sec.gov/Archives/edgar/data/0001169561/000120919118007430/xslF345X02/doc3.xml"}, {"form_type": "4", "filings_date": "2018-02-01", "url": "https://www.sec.gov/Archives/edgar/data/0001169561/000120919118006459/xslF345X03/doc4.xml"}, {"form_type": "4", "filings_date": "2018-02-01", "url": "https://www.sec.gov/Archives/edgar/data/0001169561/000120919118006457/xslF345X03/doc4.xml"}, {"form_type": "4", "filings_date": "2018-01-31", "url": "https://www.sec.gov/Archives/edgar/data/0001169561/000120919118006245/xslF345X03/doc4.xml"}, {"form_type": "10-Q", "filings_date": "2018-01-25", "url": "https://www.sec.gov/Archives/edgar/data/0001169561/000116956118000006/a2017123110q.htm"}, {"form_type": "8-K", "filings_date": "2018-01-24", "url": "https://www.sec.gov/Archives/edgar/data/0001169561/000116956118000004/q318-8k.htm"}, {"form_type": "SC 13G/A", "filings_date": "2018-01-23", "url": "https://www.sec.gov/Archives/edgar/data/0001169561/000021545718002380/us2041661024_012318.txt"}, {"form_type": "4", "filings_date": "2018-01-19", "url": "https://www.sec.gov/Archives/edgar/data/0001169561/000120919118004588/xslF345X03/doc4.xml"}, {"form_type": "4", "filings_date": "2018-01-19", "url": "https://www.sec.gov/Archives/edgar/data/0001169561/000120919118004587/xslF345X03/doc4.xml"}, {"form_type": "4", "filings_date": "2018-01-19", "url": "https://www.sec.gov/Archives/edgar/data/0001169561/000120919118004585/xslF345X03/doc4.xml"}, {"form_type": "4", "filings_date": "2018-01-19", "url": "https://www.sec.gov/Archives/edgar/data/0001169561/000120919118004584/xslF345X03/doc4.xml"}, {"form_type": "4", "filings_date": "2018-01-19", "url": "https://www.sec.gov/Archives/edgar/data/0001169561/000120919118004582/xslF345X03/doc4.xml"}, {"form_type": "UPLOAD", "filings_date": "2017-12-11", "url": "https://www.sec.gov/Archives/edgar/data/0001169561/000000000017043139/filename1.pdf"}, {"form_type": "CORRESP", "filings_date": "2017-12-05", "url": "https://www.sec.gov/Archives/edgar/data/0001169561/000116956117000047/filename1.htm"}, {"form_type": "UPLOAD", "filings_date": "2017-11-21", "url": "https://www.sec.gov/Archives/edgar/data/0001169561/000000000017041052/filename1.pdf"}, {"form_type": "4", "filings_date": "2017-11-16", "url": "https://www.sec.gov/Archives/edgar/data/0001169561/000120919117061219/xslF345X03/doc4.xml"}, {"form_type": "4", "filings_date": "2017-11-16", "url": "https://www.sec.gov/Archives/edgar/data/0001169561/000120919117061218/xslF345X03/doc4.xml"}, {"form_type": "4", "filings_date": "2017-11-16", "url": "https://www.sec.gov/Archives/edgar/data/0001169561/000120919117061217/xslF345X03/doc4.xml"}, {"form_type": "4", "filings_date": "2017-11-16", "url": "https://www.sec.gov/Archives/edgar/data/0001169561/000120919117061216/xslF345X03/doc4.xml"}, {"form_type": "4", "filings_date": "2017-11-16", "url": "https://www.sec.gov/Archives/edgar/data/0001169561/000120919117061215/xslF345X03/doc4.xml"}, {"form_type": "CORRESP", "filings_date": "2017-10-27", "url": "https://www.sec.gov/Archives/edgar/data/0001169561/000116956117000045/filename1.htm"}, {"form_type": "S-8", "filings_date": "2017-10-27", "url": "https://www.sec.gov/Archives/edgar/data/0001169561/000116956117000042/s-8registrationstatementfo.htm"}, {"form_type": "CORRESP", "filings_date": "2017-10-27", "url": "https://www.sec.gov/Archives/edgar/data/0001169561/000116956117000040/filename1.htm"}, {"form_type": "10-Q", "filings_date": "2017-10-27", "url": "https://www.sec.gov/Archives/edgar/data/0001169561/000116956117000038/a2017093010q.htm"}, {"form_type": "8-K", "filings_date": "2017-10-24", "url": "https://www.sec.gov/Archives/edgar/data/0001169561/000116956117000033/q218-8k.htm"}, {"form_type": "4", "filings_date": "2017-10-19", "url": "https://www.sec.gov/Archives/edgar/data/0001169561/000120919117057531/xslF345X03/doc4.xml"}, {"form_type": "4", "filings_date": "2017-10-19", "url": "https://www.sec.gov/Archives/edgar/data/0001169561/000120919117057530/xslF345X03/doc4.xml"}, {"form_type": "4", "filings_date": "2017-10-19", "url": "https://www.sec.gov/Archives/edgar/data/0001169561/000120919117057529/xslF345X03/doc4.xml"}, {"form_type": "4", "filings_date": "2017-10-19", "url": "https://www.sec.gov/Archives/edgar/data/0001169561/000120919117057528/xslF345X03/doc4.xml"}, {"form_type": "4", "filings_date": "2017-10-19", "url": "https://www.sec.gov/Archives/edgar/data/0001169561/000120919117057527/xslF345X03/doc4.xml"}, {"form_type": "UPLOAD", "filings_date": "2017-10-19", "url": "https://www.sec.gov/Archives/edgar/data/0001169561/000000000017037093/filename1.pdf"}, {"form_type": "4", "filings_date": "2017-10-11", "url": "https://www.sec.gov/Archives/edgar/data/0001169561/000120919117056635/xslF345X03/doc4.xml"}, {"form_type": "4", "filings_date": "2017-10-04", "url": "https://www.sec.gov/Archives/edgar/data/0001169561/000120919117055865/xslF345X03/doc4.xml"}, {"form_type": "4", "filings_date": "2017-08-28", "url": "https://www.sec.gov/Archives/edgar/data/0001169561/000120919117050404/xslF345X03/doc4.xml"}, {"form_type": "4", "filings_date": "2017-08-28", "url": "https://www.sec.gov/Archives/edgar/data/0001169561/000120919117050403/xslF345X03/doc4.xml"}, {"form_type": "4", "filings_date": "2017-08-28", "url": "https://www.sec.gov/Archives/edgar/data/0001169561/000120919117050401/xslF345X03/doc4.xml"}, {"form_type": "4", "filings_date": "2017-08-28", "url": "https://www.sec.gov/Archives/edgar/data/0001169561/000120919117050400/xslF345X03/doc4.xml"}, {"form_type": "4", "filings_date": "2017-08-28", "url": "https://www.sec.gov/Archives/edgar/data/0001169561/000120919117050398/xslF345X03/doc4.xml"}, {"form_type": "4", "filings_date": "2017-08-28", "url": "https://www.sec.gov/Archives/edgar/data/0001169561/000120919117050394/xslF345X03/doc4.xml"}, {"form_type": "4", "filings_date": "2017-08-28", "url": "https://www.sec.gov/Archives/edgar/data/0001169561/000120919117050393/xslF345X03/doc4.xml"}, {"form_type": "4", "filings_date": "2017-08-28", "url": "https://www.sec.gov/Archives/edgar/data/0001169561/000120919117050392/xslF345X03/doc4.xml"}, {"form_type": "8-K", "filings_date": "2017-08-25", "url": "https://www.sec.gov/Archives/edgar/data/0001169561/000116956117000028/annualmeeting8-kwhm8x24x17.htm"}, {"form_type": "4", "filings_date": "2017-08-16", "url": "https://www.sec.gov/Archives/edgar/data/0001169561/000120919117049178/xslF345X03/doc4.xml"}, {"form_type": "4", "filings_date": "2017-08-16", "url": "https://www.sec.gov/Archives/edgar/data/0001169561/000120919117049174/xslF345X03/doc4.xml"}, {"form_type": "4", "filings_date": "2017-08-16", "url": "https://www.sec.gov/Archives/edgar/data/0001169561/000120919117049170/xslF345X03/doc4.xml"}, {"form_type": "4", "filings_date": "2017-08-16", "url": "https://www.sec.gov/Archives/edgar/data/0001169561/000120919117049168/xslF345X03/doc4.xml"}, {"form_type": "4", "filings_date": "2017-08-16", "url": "https://www.sec.gov/Archives/edgar/data/0001169561/000120919117049165/xslF345X03/doc4.xml"}, {"form_type": "4", "filings_date": "2017-08-07", "url": "https://www.sec.gov/Archives/edgar/data/0001169561/000120919117047932/xslF345X03/doc4.xml"}, {"form_type": "4", "filings_date": "2017-07-27", "url": "https://www.sec.gov/Archives/edgar/data/0001169561/000120919117046445/xslF345X03/doc4.xml"}, {"form_type": "10-Q", "filings_date": "2017-07-26", "url": "https://www.sec.gov/Archives/edgar/data/0001169561/000116956117000026/a2017063010q.htm"}, {"form_type": "8-K", "filings_date": "2017-07-25", "url": "https://www.sec.gov/Archives/edgar/data/0001169561/000116956117000024/q118-8k.htm"}, {"form_type": "4", "filings_date": "2017-07-19", "url": "https://www.sec.gov/Archives/edgar/data/0001169561/000120919117045699/xslF345X03/doc4.xml"}, {"form_type": "4", "filings_date": "2017-07-19", "url": "https://www.sec.gov/Archives/edgar/data/0001169561/000120919117045698/xslF345X03/doc4.xml"}, {"form_type": "4", "filings_date": "2017-07-19", "url": "https://www.sec.gov/Archives/edgar/data/0001169561/000120919117045694/xslF345X03/doc4.xml"}, {"form_type": "4", "filings_date": "2017-07-19", "url": "https://www.sec.gov/Archives/edgar/data/0001169561/000120919117045691/xslF345X03/doc4.xml"}, {"form_type": "4", "filings_date": "2017-07-19", "url": "https://www.sec.gov/Archives/edgar/data/0001169561/000120919117045690/xslF345X03/doc4.xml"}, {"form_type": "DEFA14A", "filings_date": "2017-07-05", "url": "https://www.sec.gov/Archives/edgar/data/0001169561/000116956117000020/defa14a6-30x2017.htm"}, {"form_type": "DEF 14A", "filings_date": "2017-07-05", "url": "https://www.sec.gov/Archives/edgar/data/0001169561/000116956117000019/a20170307def14a.htm"}, {"form_type": "4", "filings_date": "2017-06-27", "url": "https://www.sec.gov/Archives/edgar/data/0001169561/000120919117041955/xslF345X03/doc4.xml"}, {"form_type": "4", "filings_date": "2017-05-24", "url": "https://www.sec.gov/Archives/edgar/data/0001169561/000120919117034907/xslF345X03/doc4.xml"}, {"form_type": "4", "filings_date": "2017-05-24", "url": "https://www.sec.gov/Archives/edgar/data/0001169561/000120919117034904/xslF345X03/doc4.xml"}, {"form_type": "4", "filings_date": "2017-05-18", "url": "https://www.sec.gov/Archives/edgar/data/0001169561/000120919117033625/xslF345X03/doc4.xml"}, {"form_type": "4", "filings_date": "2017-05-18", "url": "https://www.sec.gov/Archives/edgar/data/0001169561/000120919117033623/xslF345X03/doc4.xml"}, {"form_type": "4", "filings_date": "2017-05-18", "url": "https://www.sec.gov/Archives/edgar/data/0001169561/000120919117033622/xslF345X03/doc4.xml"}, {"form_type": "4", "filings_date": "2017-05-18", "url": "https://www.sec.gov/Archives/edgar/data/0001169561/000120919117033621/xslF345X03/doc4.xml"}, {"form_type": "4", "filings_date": "2017-05-18", "url": "https://www.sec.gov/Archives/edgar/data/0001169561/000120919117033618/xslF345X03/doc4.xml"}, {"form_type": "4", "filings_date": "2017-05-11", "url": "https://www.sec.gov/Archives/edgar/data/0001169561/000120919117031580/xslF345X03/doc4.xml"}, {"form_type": "4", "filings_date": "2017-05-11", "url": "https://www.sec.gov/Archives/edgar/data/0001169561/000120919117031579/xslF345X03/doc4.xml"}, {"form_type": "4", "filings_date": "2017-05-10", "url": "https://www.sec.gov/Archives/edgar/data/0001169561/000120919117031293/xslF345X03/doc4.xml"}, {"form_type": "10-K", "filings_date": "2017-05-05", "url": "https://www.sec.gov/Archives/edgar/data/0001169561/000116956117000014/a2017033110k.htm"}, {"form_type": "4", "filings_date": "2017-05-05", "url": "https://www.sec.gov/Archives/edgar/data/0001169561/000120919117030296/xslF345X03/doc4.xml"}, {"form_type": "4", "filings_date": "2017-05-05", "url": "https://www.sec.gov/Archives/edgar/data/0001169561/000120919117030280/xslF345X03/doc4.xml"}, {"form_type": "8-K", "filings_date": "2017-05-03", "url": "https://www.sec.gov/Archives/edgar/data/0001169561/000116956117000011/q417-8k.htm"}, {"form_type": "4", "filings_date": "2017-04-20", "url": "https://www.sec.gov/Archives/edgar/data/0001169561/000120919117027689/xslF345X03/doc4.xml"}, {"form_type": "4", "filings_date": "2017-04-20", "url": "https://www.sec.gov/Archives/edgar/data/0001169561/000120919117027687/xslF345X03/doc4.xml"}, {"form_type": "4", "filings_date": "2017-04-20", "url": "https://www.sec.gov/Archives/edgar/data/0001169561/000120919117027685/xslF345X03/doc4.xml"}, {"form_type": "4", "filings_date": "2017-04-20", "url": "https://www.sec.gov/Archives/edgar/data/0001169561/000120919117027683/xslF345X03/doc4.xml"}, {"form_type": "4", "filings_date": "2017-04-20", "url": "https://www.sec.gov/Archives/edgar/data/0001169561/000120919117027681/xslF345X03/doc4.xml"}, {"form_type": "SC 13G/A", "filings_date": "2017-04-10", "url": "https://www.sec.gov/Archives/edgar/data/0001169561/000139077717000068/commvault.txt"}, {"form_type": "4", "filings_date": "2017-02-16", "url": "https://www.sec.gov/Archives/edgar/data/0001169561/000120919117011525/xslF345X03/doc4.xml"}, {"form_type": "4", "filings_date": "2017-02-16", "url": "https://www.sec.gov/Archives/edgar/data/0001169561/000120919117011524/xslF345X03/doc4.xml"}, {"form_type": "4", "filings_date": "2017-02-16", "url": "https://www.sec.gov/Archives/edgar/data/0001169561/000120919117011522/xslF345X03/doc4.xml"}, {"form_type": "UPLOAD", "filings_date": "2017-02-14", "url": "https://www.sec.gov/Archives/edgar/data/0001169561/000000000017005244/filename1.pdf"}, {"form_type": "4", "filings_date": "2017-02-13", "url": "https://www.sec.gov/Archives/edgar/data/0001169561/000120919117010000/xslF345X03/doc4.xml"}, {"form_type": "SC 13G/A", "filings_date": "2017-02-10", "url": "https://www.sec.gov/Archives/edgar/data/0001169561/000093247117001381/commvaultsystemsinc.htm"}, {"form_type": "4", "filings_date": "2017-02-09", "url": "https://www.sec.gov/Archives/edgar/data/0001169561/000120919117009168/xslF345X03/doc4.xml"}, {"form_type": "4", "filings_date": "2017-02-06", "url": "https://www.sec.gov/Archives/edgar/data/0001169561/000120919117008051/xslF345X03/doc4.xml"}, {"form_type": "4", "filings_date": "2017-02-06", "url": "https://www.sec.gov/Archives/edgar/data/0001169561/000120919117008050/xslF345X03/doc4.xml"}, {"form_type": "SC 13G", "filings_date": "2017-02-03", "url": "https://www.sec.gov/Archives/edgar/data/0001169561/000139077717000033/Commvault_13G_Filing.txt"}, {"form_type": "4", "filings_date": "2017-02-01", "url": "https://www.sec.gov/Archives/edgar/data/0001169561/000120919117006772/xslF345X03/doc4.xml"}, {"form_type": "10-Q", "filings_date": "2017-01-26", "url": "https://www.sec.gov/Archives/edgar/data/0001169561/000116956117000008/a2016123110q.htm"}, {"form_type": "8-K", "filings_date": "2017-01-25", "url": "https://www.sec.gov/Archives/edgar/data/0001169561/000116956117000006/q317-8k.htm"}, {"form_type": "CORRESP", "filings_date": "2017-01-23", "url": "https://www.sec.gov/Archives/edgar/data/0001169561/000116956117000004/filename1.htm"}, {"form_type": "SC 13G/A", "filings_date": "2017-01-23", "url": "https://www.sec.gov/Archives/edgar/data/0001169561/000035348017000298/commvault.systems.txt"}, {"form_type": "4", "filings_date": "2017-01-20", "url": "https://www.sec.gov/Archives/edgar/data/0001169561/000120919117004874/xslF345X03/doc4.xml"}, {"form_type": "4", "filings_date": "2017-01-20", "url": "https://www.sec.gov/Archives/edgar/data/0001169561/000120919117004871/xslF345X03/doc4.xml"}, {"form_type": "4", "filings_date": "2017-01-20", "url": "https://www.sec.gov/Archives/edgar/data/0001169561/000120919117004870/xslF345X03/doc4.xml"}, {"form_type": "4", "filings_date": "2017-01-20", "url": "https://www.sec.gov/Archives/edgar/data/0001169561/000120919117004868/xslF345X03/doc4.xml"}, {"form_type": "4", "filings_date": "2017-01-20", "url": "https://www.sec.gov/Archives/edgar/data/0001169561/000120919117004866/xslF345X03/doc4.xml"}, {"form_type": "UPLOAD", "filings_date": "2017-01-13", "url": "https://www.sec.gov/Archives/edgar/data/0001169561/000000000017001522/filename1.pdf"}]}