{"company": {"cik": "0001535527", "name": "CrowdStrike Holdings, Inc.", "sic": "Services-Prepackaged Software", "state_incorp": "DE", "ticker": "CRWD", "mailing_addr": "206 E. 9TH STREET, AUSTIN, TX, 78701", "category": "Large accelerated filer", "fiscal_year_end": "31, January"}, "filings": [{"form_type": "4", "filings_date": "2022-03-18", "url": "https://www.sec.gov/Archives/edgar/data/0001535527/000095010322004870/xslF345X03/dp169498_4-podbere.xml"}, {"form_type": "4", "filings_date": "2022-03-18", "url": "https://www.sec.gov/Archives/edgar/data/0001535527/000095010322004869/xslF345X03/dp169497_4-henry.xml"}, {"form_type": "4", "filings_date": "2022-03-18", "url": "https://www.sec.gov/Archives/edgar/data/0001535527/000095010322004868/xslF345X03/dp169495_4-kurtz.xml"}, {"form_type": "S-8", "filings_date": "2022-03-16", "url": "https://www.sec.gov/Archives/edgar/data/0001535527/000110465922034514/tm229082d1_s8.htm"}, {"form_type": "10-K", "filings_date": "2022-03-16", "url": "https://www.sec.gov/Archives/edgar/data/0001535527/000153552722000006/crwd-20220131.htm"}, {"form_type": "8-K", "filings_date": "2022-03-09", "url": "https://www.sec.gov/Archives/edgar/data/0001535527/000153552722000004/crwd-20220309.htm"}, {"form_type": "4", "filings_date": "2022-03-04", "url": "https://www.sec.gov/Archives/edgar/data/0001535527/000141588922002545/xslF345X03/form4-03042022_040301.xml"}, {"form_type": "4", "filings_date": "2022-03-03", "url": "https://www.sec.gov/Archives/edgar/data/0001535527/000141588922002288/xslF345X03/form4-03032022_040306.xml"}, {"form_type": "4", "filings_date": "2022-03-03", "url": "https://www.sec.gov/Archives/edgar/data/0001535527/000141588922002286/xslF345X03/form4-03032022_040301.xml"}, {"form_type": "SC 13G/A", "filings_date": "2022-02-14", "url": "https://www.sec.gov/Archives/edgar/data/0001535527/000110465922023259/tm226123d27_sc13ga.htm"}, {"form_type": "SC 13G/A", "filings_date": "2022-02-14", "url": "https://www.sec.gov/Archives/edgar/data/0001535527/000095010322002491/dp167044_sc13ga-kurtz.htm"}, {"form_type": "SC 13G/A", "filings_date": "2022-02-14", "url": "https://www.sec.gov/Archives/edgar/data/0001535527/000092963822000509/sch13ga.htm"}, {"form_type": "SC 13G/A", "filings_date": "2022-02-09", "url": "https://www.sec.gov/Archives/edgar/data/0001535527/000110465922016922/tv0683-crowdstrikeholdingsin.htm"}, {"form_type": "4", "filings_date": "2022-02-07", "url": "https://www.sec.gov/Archives/edgar/data/0001535527/000141588922001094/xslF345X03/form4-02072022_040202.xml"}, {"form_type": "SC 13G/A", "filings_date": "2022-02-01", "url": "https://www.sec.gov/Archives/edgar/data/0001535527/000083423722003876/us22788c1053_013122.txt"}, {"form_type": "4", "filings_date": "2022-01-14", "url": "https://www.sec.gov/Archives/edgar/data/0001535527/000095010322000612/xslF345X03/dp165204_4-podbere.xml"}, {"form_type": "8-K", "filings_date": "2022-01-14", "url": "https://www.sec.gov/Archives/edgar/data/0001535527/000110465922004504/tm222862d1_8k.htm"}, {"form_type": "4", "filings_date": "2022-01-14", "url": "https://www.sec.gov/Archives/edgar/data/0001535527/000095010322000605/xslF345X03/dp165201_4-kurtz.xml"}, {"form_type": "4", "filings_date": "2022-01-12", "url": "https://www.sec.gov/Archives/edgar/data/0001535527/000141588922000504/xslF345X03/form4-01122022_040102.xml"}, {"form_type": "4", "filings_date": "2022-01-10", "url": "https://www.sec.gov/Archives/edgar/data/0001535527/000141588922000467/xslF345X03/form4-01102022_040106.xml"}, {"form_type": "8-K", "filings_date": "2021-12-30", "url": "https://www.sec.gov/Archives/edgar/data/0001535527/000110465921154724/tm2136531d1_8k.htm"}, {"form_type": "4", "filings_date": "2021-12-28", "url": "https://www.sec.gov/Archives/edgar/data/0001535527/000141588921006254/xslF345X03/form4-12282021_041215.xml"}, {"form_type": "4", "filings_date": "2021-12-28", "url": "https://www.sec.gov/Archives/edgar/data/0001535527/000141588921006253/xslF345X03/form4-12282021_041207.xml"}, {"form_type": "4", "filings_date": "2021-12-28", "url": "https://www.sec.gov/Archives/edgar/data/0001535527/000141588921006252/xslF345X03/form4-12282021_041201.xml"}, {"form_type": "4", "filings_date": "2021-12-27", "url": "https://www.sec.gov/Archives/edgar/data/0001535527/000141588921006224/xslF345X03/form4-12272021_041201.xml"}, {"form_type": "4", "filings_date": "2021-12-22", "url": "https://www.sec.gov/Archives/edgar/data/0001535527/000095010321020125/xslF345X03/dp164015_4-kurtz.xml"}, {"form_type": "4", "filings_date": "2021-12-22", "url": "https://www.sec.gov/Archives/edgar/data/0001535527/000141588921006181/xslF345X03/form4-12222021_041212.xml"}, {"form_type": "4", "filings_date": "2021-12-22", "url": "https://www.sec.gov/Archives/edgar/data/0001535527/000141588921006180/xslF345X03/form4-12222021_041207.xml"}, {"form_type": "4", "filings_date": "2021-12-22", "url": "https://www.sec.gov/Archives/edgar/data/0001535527/000141588921006179/xslF345X03/form4-12222021_041202.xml"}, {"form_type": "4", "filings_date": "2021-12-14", "url": "https://www.sec.gov/Archives/edgar/data/0001535527/000141588921005864/xslF345X03/form4-12142021_011249.xml"}, {"form_type": "4", "filings_date": "2021-12-14", "url": "https://www.sec.gov/Archives/edgar/data/0001535527/000141588921005862/xslF345X03/form4-12142021_011206.xml"}, {"form_type": "4", "filings_date": "2021-12-08", "url": "https://www.sec.gov/Archives/edgar/data/0001535527/000141588921005777/xslF345X03/form4-12082021_011222.xml"}, {"form_type": "10-Q", "filings_date": "2021-12-02", "url": "https://www.sec.gov/Archives/edgar/data/0001535527/000153552721000028/crwd-20211031.htm"}, {"form_type": "8-K", "filings_date": "2021-12-01", "url": "https://www.sec.gov/Archives/edgar/data/0001535527/000153552721000026/crwd-20211201.htm"}, {"form_type": "4", "filings_date": "2021-12-01", "url": "https://www.sec.gov/Archives/edgar/data/0001535527/000141588921005609/xslF345X03/form4-12012021_011233.xml"}, {"form_type": "4", "filings_date": "2021-12-01", "url": "https://www.sec.gov/Archives/edgar/data/0001535527/000141588921005608/xslF345X03/form4-12012021_011254.xml"}, {"form_type": "4", "filings_date": "2021-11-30", "url": "https://www.sec.gov/Archives/edgar/data/0001535527/000141588921005584/xslF345X03/form4-11302021_011100.xml"}, {"form_type": "4", "filings_date": "2021-11-30", "url": "https://www.sec.gov/Archives/edgar/data/0001535527/000141588921005582/xslF345X03/form4-11302021_011104.xml"}, {"form_type": "4", "filings_date": "2021-11-26", "url": "https://www.sec.gov/Archives/edgar/data/0001535527/000141588921005530/xslF345X03/form4-11262021_111147.xml"}, {"form_type": "4", "filings_date": "2021-11-17", "url": "https://www.sec.gov/Archives/edgar/data/0001535527/000141588921005261/xslF345X03/form4-11172021_011125.xml"}, {"form_type": "4", "filings_date": "2021-11-12", "url": "https://www.sec.gov/Archives/edgar/data/0001535527/000141588921005160/xslF345X03/form4-11122021_011117.xml"}, {"form_type": "4", "filings_date": "2021-11-12", "url": "https://www.sec.gov/Archives/edgar/data/0001535527/000141588921005157/xslF345X03/form4-11122021_011144.xml"}, {"form_type": "4", "filings_date": "2021-11-02", "url": "https://www.sec.gov/Archives/edgar/data/0001535527/000095010321017206/xslF345X03/dp161080_4-watzinger.xml"}, {"form_type": "4", "filings_date": "2021-10-27", "url": "https://www.sec.gov/Archives/edgar/data/0001535527/000141588921004990/xslF345X03/form4-10272021_011035.xml"}, {"form_type": "4", "filings_date": "2021-10-27", "url": "https://www.sec.gov/Archives/edgar/data/0001535527/000141588921004988/xslF345X03/form4-10272021_011003.xml"}, {"form_type": "8-K", "filings_date": "2021-10-22", "url": "https://www.sec.gov/Archives/edgar/data/0001535527/000110465921129072/tm2130856d1_8k.htm"}, {"form_type": "4", "filings_date": "2021-10-19", "url": "https://www.sec.gov/Archives/edgar/data/0001535527/000095010321016123/xslF345X03/dp159918_4-watzinger.xml"}, {"form_type": "4", "filings_date": "2021-10-18", "url": "https://www.sec.gov/Archives/edgar/data/0001535527/000095010321016018/xslF345X03/dp159985_4-podbere.xml"}, {"form_type": "4", "filings_date": "2021-10-18", "url": "https://www.sec.gov/Archives/edgar/data/0001535527/000095010321015989/xslF345X03/dp159919_4-austin.xml"}, {"form_type": "4", "filings_date": "2021-10-15", "url": "https://www.sec.gov/Archives/edgar/data/0001535527/000095010321015947/xslF345X03/dp159845_4-kurtz.xml"}, {"form_type": "4", "filings_date": "2021-10-14", "url": "https://www.sec.gov/Archives/edgar/data/0001535527/000141588921004873/xslF345X03/form4-10142021_011039.xml"}, {"form_type": "4", "filings_date": "2021-10-13", "url": "https://www.sec.gov/Archives/edgar/data/0001535527/000095010321015875/xslF345X03/dp159813_4-kurtz.xml"}, {"form_type": "4", "filings_date": "2021-10-12", "url": "https://www.sec.gov/Archives/edgar/data/0001535527/000095010321015799/xslF345X03/dp159760_4-watzinger.xml"}, {"form_type": "4", "filings_date": "2021-10-08", "url": "https://www.sec.gov/Archives/edgar/data/0001535527/000095010321015692/xslF345X03/dp159571_4-kurtz.xml"}, {"form_type": "4", "filings_date": "2021-10-05", "url": "https://www.sec.gov/Archives/edgar/data/0001535527/000141588921004749/xslF345X03/form4-10052021_011010.xml"}, {"form_type": "4", "filings_date": "2021-10-05", "url": "https://www.sec.gov/Archives/edgar/data/0001535527/000141588921004748/xslF345X03/form4-10052021_011053.xml"}, {"form_type": "4", "filings_date": "2021-10-05", "url": "https://www.sec.gov/Archives/edgar/data/0001535527/000141588921004747/xslF345X03/form4-10052021_011037.xml"}, {"form_type": "4", "filings_date": "2021-09-30", "url": "https://www.sec.gov/Archives/edgar/data/0001535527/000141588921004628/xslF345X03/form4-09302021_010901.xml"}, {"form_type": "4", "filings_date": "2021-09-29", "url": "https://www.sec.gov/Archives/edgar/data/0001535527/000141588921004607/xslF345X03/form4-09292021_010910.xml"}, {"form_type": "4", "filings_date": "2021-09-28", "url": "https://www.sec.gov/Archives/edgar/data/0001535527/000141588921004589/xslF345X03/form4-09282021_010933.xml"}, {"form_type": "4", "filings_date": "2021-09-24", "url": "https://www.sec.gov/Archives/edgar/data/0001535527/000141588921004547/xslF345X03/form4-09242021_010947.xml"}, {"form_type": "4", "filings_date": "2021-09-22", "url": "https://www.sec.gov/Archives/edgar/data/0001535527/000141588921004529/xslF345X03/form4-09222021_030958.xml"}, {"form_type": "4", "filings_date": "2021-09-22", "url": "https://www.sec.gov/Archives/edgar/data/0001535527/000141588921004526/xslF345X03/form4-09222021_020920.xml"}, {"form_type": "4", "filings_date": "2021-09-22", "url": "https://www.sec.gov/Archives/edgar/data/0001535527/000095010321014413/xslF345X03/dp158321_4-kurtz.xml"}, {"form_type": "4", "filings_date": "2021-09-22", "url": "https://www.sec.gov/Archives/edgar/data/0001535527/000141588921004523/xslF345X03/form4-09222021_010901.xml"}, {"form_type": "4", "filings_date": "2021-09-22", "url": "https://www.sec.gov/Archives/edgar/data/0001535527/000141588921004522/xslF345X03/form4-09222021_010916.xml"}, {"form_type": "4", "filings_date": "2021-09-22", "url": "https://www.sec.gov/Archives/edgar/data/0001535527/000141588921004521/xslF345X03/form4-09222021_010903.xml"}, {"form_type": "4", "filings_date": "2021-09-22", "url": "https://www.sec.gov/Archives/edgar/data/0001535527/000141588921004520/xslF345X03/form4-09222021_010917.xml"}, {"form_type": "4", "filings_date": "2021-09-21", "url": "https://www.sec.gov/Archives/edgar/data/0001535527/000141588921004504/xslF345X03/form4-09212021_010953.xml"}, {"form_type": "8-K", "filings_date": "2021-09-17", "url": "https://www.sec.gov/Archives/edgar/data/0001535527/000110465921117007/tm2127949d1_8k.htm"}, {"form_type": "4", "filings_date": "2021-09-16", "url": "https://www.sec.gov/Archives/edgar/data/0001535527/000141588921004416/xslF345X03/form4-09162021_010906.xml"}, {"form_type": "4", "filings_date": "2021-09-10", "url": "https://www.sec.gov/Archives/edgar/data/0001535527/000141588921004337/xslF345X03/form4-09102021_010909.xml"}, {"form_type": "4", "filings_date": "2021-09-08", "url": "https://www.sec.gov/Archives/edgar/data/0001535527/000141588921004278/xslF345X03/form4-09082021_040901.xml"}, {"form_type": "4", "filings_date": "2021-09-07", "url": "https://www.sec.gov/Archives/edgar/data/0001535527/000141588921004262/xslF345X03/form4-09072021_040901.xml"}, {"form_type": "4", "filings_date": "2021-09-02", "url": "https://www.sec.gov/Archives/edgar/data/0001535527/000141588921004182/xslF345X03/form4-09022021_040901.xml"}, {"form_type": "4", "filings_date": "2021-09-01", "url": "https://www.sec.gov/Archives/edgar/data/0001535527/000095010321013443/xslF345X03/dp157372_4-kurtz.xml"}, {"form_type": "10-Q", "filings_date": "2021-09-01", "url": "https://www.sec.gov/Archives/edgar/data/0001535527/000153552721000022/crwd-20210731.htm"}, {"form_type": "4", "filings_date": "2021-09-01", "url": "https://www.sec.gov/Archives/edgar/data/0001535527/000141588921004167/xslF345X03/form4-09012021_040905.xml"}, {"form_type": "4", "filings_date": "2021-09-01", "url": "https://www.sec.gov/Archives/edgar/data/0001535527/000141588921004166/xslF345X03/form4-09012021_040901.xml"}, {"form_type": "8-K", "filings_date": "2021-08-31", "url": "https://www.sec.gov/Archives/edgar/data/0001535527/000153552721000017/crwd-20210831.htm"}, {"form_type": "4", "filings_date": "2021-08-27", "url": "https://www.sec.gov/Archives/edgar/data/0001535527/000141588921004116/xslF345X03/form4-08272021_040806.xml"}, {"form_type": "4", "filings_date": "2021-08-27", "url": "https://www.sec.gov/Archives/edgar/data/0001535527/000141588921004115/xslF345X03/form4-08272021_040801.xml"}, {"form_type": "4", "filings_date": "2021-08-24", "url": "https://www.sec.gov/Archives/edgar/data/0001535527/000141588921004079/xslF345X03/form4-08242021_010833.xml"}, {"form_type": "4", "filings_date": "2021-08-19", "url": "https://www.sec.gov/Archives/edgar/data/0001535527/000141588921004010/xslF345X03/form4-08192021_010823.xml"}, {"form_type": "4", "filings_date": "2021-08-13", "url": "https://www.sec.gov/Archives/edgar/data/0001535527/000141588921003913/xslF345X03/form4-08132021_010803.xml"}, {"form_type": "4", "filings_date": "2021-08-10", "url": "https://www.sec.gov/Archives/edgar/data/0001535527/000141588921003833/xslF345X03/form4-08102021_010828.xml"}, {"form_type": "8-K", "filings_date": "2021-08-06", "url": "https://www.sec.gov/Archives/edgar/data/0001535527/000110465921101531/tm2124374d1_8k.htm"}, {"form_type": "4", "filings_date": "2021-08-05", "url": "https://www.sec.gov/Archives/edgar/data/0001535527/000095010321011984/xslF345X03/dp155879_4-henry.xml"}, {"form_type": "4", "filings_date": "2021-08-04", "url": "https://www.sec.gov/Archives/edgar/data/0001535527/000095010321011922/xslF345X03/dp155828_4-black.xml"}, {"form_type": "4", "filings_date": "2021-08-02", "url": "https://www.sec.gov/Archives/edgar/data/0001535527/000095010321011717/xslF345X03/dp155619_4-carpenter.xml"}, {"form_type": "4", "filings_date": "2021-07-28", "url": "https://www.sec.gov/Archives/edgar/data/0001535527/000095010321011343/xslF345X03/dp155232_4-henry.xml"}, {"form_type": "4", "filings_date": "2021-07-27", "url": "https://www.sec.gov/Archives/edgar/data/0001535527/000095010321011241/xslF345X03/dp155084_4-watzinger.xml"}, {"form_type": "4", "filings_date": "2021-07-26", "url": "https://www.sec.gov/Archives/edgar/data/0001535527/000095010321011155/xslF345X03/dp155045_4-henry.xml"}, {"form_type": "4", "filings_date": "2021-07-20", "url": "https://www.sec.gov/Archives/edgar/data/0001535527/000095010321010773/xslF345X03/dp154581_4-gandhi.xml"}, {"form_type": "4", "filings_date": "2021-07-19", "url": "https://www.sec.gov/Archives/edgar/data/0001535527/000095010321010644/xslF345X03/dp154486_4-sexton.xml"}, {"form_type": "4", "filings_date": "2021-07-16", "url": "https://www.sec.gov/Archives/edgar/data/0001535527/000095010321010591/xslF345X03/dp154442_4-podbere.xml"}, {"form_type": "4", "filings_date": "2021-07-13", "url": "https://www.sec.gov/Archives/edgar/data/0001535527/000095010321010399/xslF345X03/dp154265_4-watzinger.xml"}, {"form_type": "4", "filings_date": "2021-07-12", "url": "https://www.sec.gov/Archives/edgar/data/0001535527/000095010321010350/xslF345X03/dp154208_4-kurtz.xml"}, {"form_type": "4", "filings_date": "2021-07-07", "url": "https://www.sec.gov/Archives/edgar/data/0001535527/000095010321010185/xslF345X03/dp154032_4-black.xml"}, {"form_type": "4", "filings_date": "2021-07-02", "url": "https://www.sec.gov/Archives/edgar/data/0001535527/000095010321010068/xslF345X03/dp153866_4-oleary.xml"}, {"form_type": "4", "filings_date": "2021-07-02", "url": "https://www.sec.gov/Archives/edgar/data/0001535527/000095010321010067/xslF345X03/dp153871_4-sullivan.xml"}, {"form_type": "4", "filings_date": "2021-07-02", "url": "https://www.sec.gov/Archives/edgar/data/0001535527/000095010321010066/xslF345X03/dp153865_4-gandhi.xml"}, {"form_type": "4", "filings_date": "2021-07-02", "url": "https://www.sec.gov/Archives/edgar/data/0001535527/000095010321010065/xslF345X03/dp153870_4-watzinger.xml"}, {"form_type": "4", "filings_date": "2021-07-02", "url": "https://www.sec.gov/Archives/edgar/data/0001535527/000095010321010064/xslF345X03/dp153872_4-sexton.xml"}, {"form_type": "4", "filings_date": "2021-07-02", "url": "https://www.sec.gov/Archives/edgar/data/0001535527/000095010321010063/xslF345X03/dp153874_4-austin.xml"}, {"form_type": "4", "filings_date": "2021-07-02", "url": "https://www.sec.gov/Archives/edgar/data/0001535527/000095010321010062/xslF345X03/dp153873_4-schumacher.xml"}, {"form_type": "4", "filings_date": "2021-07-02", "url": "https://www.sec.gov/Archives/edgar/data/0001535527/000095010321010061/xslF345X03/dp153868_4-davis.xml"}, {"form_type": "8-K", "filings_date": "2021-07-02", "url": "https://www.sec.gov/Archives/edgar/data/0001535527/000110465921089005/tm2121414d1_8k.htm"}, {"form_type": "4", "filings_date": "2021-07-01", "url": "https://www.sec.gov/Archives/edgar/data/0001535527/000095010321009879/xslF345X03/dp153763_4-kurtz.xml"}, {"form_type": "4", "filings_date": "2021-06-29", "url": "https://www.sec.gov/Archives/edgar/data/0001535527/000095010321009586/xslF345X03/dp153310_4-watzinger.xml"}, {"form_type": "4", "filings_date": "2021-06-22", "url": "https://www.sec.gov/Archives/edgar/data/0001535527/000095010321009208/xslF345X03/dp153061_4-black.xml"}, {"form_type": "4", "filings_date": "2021-06-22", "url": "https://www.sec.gov/Archives/edgar/data/0001535527/000095010321009207/xslF345X03/dp153059_4-henry.xml"}, {"form_type": "4", "filings_date": "2021-06-22", "url": "https://www.sec.gov/Archives/edgar/data/0001535527/000095010321009206/xslF345X03/dp153034_4-podbere.xml"}, {"form_type": "4", "filings_date": "2021-06-22", "url": "https://www.sec.gov/Archives/edgar/data/0001535527/000095010321009205/xslF345X03/dp153022_4-carpenter.xml"}, {"form_type": "4", "filings_date": "2021-06-22", "url": "https://www.sec.gov/Archives/edgar/data/0001535527/000095010321009204/xslF345X03/dp153039_4-maheshwari.xml"}, {"form_type": "4", "filings_date": "2021-06-22", "url": "https://www.sec.gov/Archives/edgar/data/0001535527/000095010321009203/xslF345X03/dp153009_4-austin.xml"}, {"form_type": "4", "filings_date": "2021-06-17", "url": "https://www.sec.gov/Archives/edgar/data/0001535527/000095010321008997/xslF345X03/dp152860_4-henry.xml"}, {"form_type": "4", "filings_date": "2021-06-15", "url": "https://www.sec.gov/Archives/edgar/data/0001535527/000095010321008842/xslF345X03/dp152687_4-watzinger.xml"}, {"form_type": "4", "filings_date": "2021-06-15", "url": "https://www.sec.gov/Archives/edgar/data/0001535527/000095010321008841/xslF345X03/dp152688_4-black.xml"}, {"form_type": "4", "filings_date": "2021-06-10", "url": "https://www.sec.gov/Archives/edgar/data/0001535527/000095010321008648/xslF345X03/dp152509_4-henry.xml"}, {"form_type": "4", "filings_date": "2021-06-04", "url": "https://www.sec.gov/Archives/edgar/data/0001535527/000095010321008437/xslF345X03/dp152305_4-black.xml"}, {"form_type": "10-Q", "filings_date": "2021-06-04", "url": "https://www.sec.gov/Archives/edgar/data/0001535527/000153552721000013/crwd-20210430.htm"}, {"form_type": "4", "filings_date": "2021-06-03", "url": "https://www.sec.gov/Archives/edgar/data/0001535527/000095010321008379/xslF345X03/dp152255_4-henry.xml"}, {"form_type": "8-K", "filings_date": "2021-06-03", "url": "https://www.sec.gov/Archives/edgar/data/0001535527/000153552721000011/crwd-20210603.htm"}, {"form_type": "4", "filings_date": "2021-06-02", "url": "https://www.sec.gov/Archives/edgar/data/0001535527/000095010321008326/xslF345X03/dp152158_4-watzinger.xml"}, {"form_type": "4", "filings_date": "2021-05-27", "url": "https://www.sec.gov/Archives/edgar/data/0001535527/000095010321007998/xslF345X03/dp151866_4-henry.xml"}, {"form_type": "4", "filings_date": "2021-05-21", "url": "https://www.sec.gov/Archives/edgar/data/0001535527/000095010321007617/xslF345X03/dp151472_4-carpenter.xml"}, {"form_type": "4", "filings_date": "2021-05-19", "url": "https://www.sec.gov/Archives/edgar/data/0001535527/000095010321007495/xslF345X03/dp151353_4-black.xml"}, {"form_type": "4", "filings_date": "2021-05-18", "url": "https://www.sec.gov/Archives/edgar/data/0001535527/000095010321007422/xslF345X03/dp151275_4-watzinger.xml"}, {"form_type": "DEFA14A", "filings_date": "2021-05-14", "url": "https://www.sec.gov/Archives/edgar/data/0001535527/000110465921066467/tm214527d4_defa14a.htm"}, {"form_type": "DEF 14A", "filings_date": "2021-05-14", "url": "https://www.sec.gov/Archives/edgar/data/0001535527/000110465921066463/tm214527-1_def14a.htm"}, {"form_type": "4", "filings_date": "2021-05-13", "url": "https://www.sec.gov/Archives/edgar/data/0001535527/000095010321007196/xslF345X03/dp151024_4-henry.xml"}, {"form_type": "4", "filings_date": "2021-05-04", "url": "https://www.sec.gov/Archives/edgar/data/0001535527/000095010321006699/xslF345X03/dp150527_4-watzinger.xml"}, {"form_type": "4", "filings_date": "2021-04-29", "url": "https://www.sec.gov/Archives/edgar/data/0001535527/000095010321006396/xslF345X03/dp150235_4-henry.xml"}, {"form_type": "4", "filings_date": "2021-04-26", "url": "https://www.sec.gov/Archives/edgar/data/0001535527/000095010321006040/xslF345X03/dp149882_4-carpenter.xml"}, {"form_type": "4", "filings_date": "2021-04-20", "url": "https://www.sec.gov/Archives/edgar/data/0001535527/000095010321005809/xslF345X03/dp149604_4-watzinger.xml"}, {"form_type": "4", "filings_date": "2021-04-19", "url": "https://www.sec.gov/Archives/edgar/data/0001535527/000095010321005714/xslF345X03/dp149536_4-gandhi.xml"}, {"form_type": "4", "filings_date": "2021-04-16", "url": "https://www.sec.gov/Archives/edgar/data/0001535527/000095010321005665/xslF345X03/dp149516_4-kurtz.xml"}, {"form_type": "4", "filings_date": "2021-04-16", "url": "https://www.sec.gov/Archives/edgar/data/0001535527/000095010321005662/xslF345X03/dp149495_4-podbere.xml"}, {"form_type": "4", "filings_date": "2021-04-15", "url": "https://www.sec.gov/Archives/edgar/data/0001535527/000095010321005627/xslF345X03/dp149455_4-davis.xml"}, {"form_type": "4", "filings_date": "2021-04-15", "url": "https://www.sec.gov/Archives/edgar/data/0001535527/000095010321005626/xslF345X03/dp149450_4-henry.xml"}, {"form_type": "4", "filings_date": "2021-04-15", "url": "https://www.sec.gov/Archives/edgar/data/0001535527/000095010321005625/xslF345X03/dp149453_4-gandhi.xml"}, {"form_type": "4", "filings_date": "2021-04-09", "url": "https://www.sec.gov/Archives/edgar/data/0001535527/000095010321005419/xslF345X03/dp149242_4-kurtz.xml"}, {"form_type": "4", "filings_date": "2021-04-09", "url": "https://www.sec.gov/Archives/edgar/data/0001535527/000095010321005418/xslF345X03/dp149243_4-carpenter.xml"}, {"form_type": "4", "filings_date": "2021-04-09", "url": "https://www.sec.gov/Archives/edgar/data/0001535527/000095010321005417/xslF345X03/dp149246_4-podbere.xml"}, {"form_type": "4", "filings_date": "2021-04-09", "url": "https://www.sec.gov/Archives/edgar/data/0001535527/000095010321005416/xslF345X03/dp149245_4-henry.xml"}, {"form_type": "4", "filings_date": "2021-04-09", "url": "https://www.sec.gov/Archives/edgar/data/0001535527/000095010321005415/xslF345X03/dp149249_4-black.xml"}, {"form_type": "8-K", "filings_date": "2021-04-09", "url": "https://www.sec.gov/Archives/edgar/data/0001535527/000110465921048810/tm2112658d1_8k.htm"}, {"form_type": "4", "filings_date": "2021-04-05", "url": "https://www.sec.gov/Archives/edgar/data/0001535527/000095010321005211/xslF345X03/dp149055_4-watzinger.xml"}, {"form_type": "4", "filings_date": "2021-04-01", "url": "https://www.sec.gov/Archives/edgar/data/0001535527/000095010321005068/xslF345X03/dp148915_4-henry.xml"}, {"form_type": "4", "filings_date": "2021-03-23", "url": "https://www.sec.gov/Archives/edgar/data/0001535527/000095010321004482/xslF345X03/dp148273_4-maheshwari.xml"}, {"form_type": "4", "filings_date": "2021-03-23", "url": "https://www.sec.gov/Archives/edgar/data/0001535527/000095010321004481/xslF345X03/dp148146_4-watzinger.xml"}, {"form_type": "4", "filings_date": "2021-03-23", "url": "https://www.sec.gov/Archives/edgar/data/0001535527/000095010321004480/xslF345X03/dp148290_4-podbere.xml"}, {"form_type": "4", "filings_date": "2021-03-23", "url": "https://www.sec.gov/Archives/edgar/data/0001535527/000095010321004479/xslF345X03/dp148247_4-carpenter.xml"}, {"form_type": "4", "filings_date": "2021-03-23", "url": "https://www.sec.gov/Archives/edgar/data/0001535527/000095010321004478/xslF345X03/dp148269_4-henry.xml"}, {"form_type": "4", "filings_date": "2021-03-23", "url": "https://www.sec.gov/Archives/edgar/data/0001535527/000095010321004477/xslF345X03/dp148246_4-black.xml"}, {"form_type": "4", "filings_date": "2021-03-23", "url": "https://www.sec.gov/Archives/edgar/data/0001535527/000095010321004476/xslF345X03/dp148229_4-kurtz.xml"}, {"form_type": "4", "filings_date": "2021-03-23", "url": "https://www.sec.gov/Archives/edgar/data/0001535527/000095010321004475/xslF345X03/dp148082_4-austin.xml"}, {"form_type": "S-8", "filings_date": "2021-03-18", "url": "https://www.sec.gov/Archives/edgar/data/0001535527/000110465921038425/tm219715d1_s8.htm"}, {"form_type": "10-K", "filings_date": "2021-03-18", "url": "https://www.sec.gov/Archives/edgar/data/0001535527/000153552721000007/crwd-20210131.htm"}, {"form_type": "4", "filings_date": "2021-03-17", "url": "https://www.sec.gov/Archives/edgar/data/0001535527/000095010321004166/xslF345X03/dp147972_4-henry.xml"}, {"form_type": "4", "filings_date": "2021-03-17", "url": "https://www.sec.gov/Archives/edgar/data/0001535527/000095010321004164/xslF345X03/dp147971_4-carpenter.xml"}, {"form_type": "4", "filings_date": "2021-03-17", "url": "https://www.sec.gov/Archives/edgar/data/0001535527/000095010321004163/xslF345X03/dp147973_4-watzinger.xml"}, {"form_type": "8-K", "filings_date": "2021-03-16", "url": "https://www.sec.gov/Archives/edgar/data/0001535527/000153552721000005/crwd-20210316.htm"}, {"form_type": "8-K", "filings_date": "2021-03-12", "url": "https://www.sec.gov/Archives/edgar/data/0001535527/000110465921035670/tm219494d1_8k.htm"}, {"form_type": "4", "filings_date": "2021-03-11", "url": "https://www.sec.gov/Archives/edgar/data/0001535527/000095010321003878/xslF345X03/dp147652_4-podbere.xml"}, {"form_type": "4", "filings_date": "2021-03-11", "url": "https://www.sec.gov/Archives/edgar/data/0001535527/000095010321003877/xslF345X03/dp147651_4-henry.xml"}, {"form_type": "4", "filings_date": "2021-03-11", "url": "https://www.sec.gov/Archives/edgar/data/0001535527/000095010321003876/xslF345X03/dp147650_4-carpenter.xml"}, {"form_type": "4", "filings_date": "2021-03-11", "url": "https://www.sec.gov/Archives/edgar/data/0001535527/000095010321003875/xslF345X03/dp147649_4-black.xml"}, {"form_type": "4", "filings_date": "2021-03-11", "url": "https://www.sec.gov/Archives/edgar/data/0001535527/000095010321003874/xslF345X03/dp147648_4-kurtz.xml"}, {"form_type": "4", "filings_date": "2021-03-09", "url": "https://www.sec.gov/Archives/edgar/data/0001535527/000095010321003723/xslF345X03/dp147545_4-watzinger.xml"}, {"form_type": "4", "filings_date": "2021-03-04", "url": "https://www.sec.gov/Archives/edgar/data/0001535527/000095010321003565/xslF345X03/dp147366_4-henry.xml"}, {"form_type": "4", "filings_date": "2021-03-03", "url": "https://www.sec.gov/Archives/edgar/data/0001535527/000095010321003499/xslF345X03/dp147306_4-black.xml"}, {"form_type": "4", "filings_date": "2021-02-24", "url": "https://www.sec.gov/Archives/edgar/data/0001535527/000095010321002928/xslF345X03/dp146742_4-carpenter.xml"}, {"form_type": "4", "filings_date": "2021-02-23", "url": "https://www.sec.gov/Archives/edgar/data/0001535527/000095010321002834/xslF345X03/dp146631_4-watzinger.xml"}, {"form_type": "4", "filings_date": "2021-02-18", "url": "https://www.sec.gov/Archives/edgar/data/0001535527/000095010321002517/xslF345X03/dp146329_4-henry.xml"}, {"form_type": "4", "filings_date": "2021-02-18", "url": "https://www.sec.gov/Archives/edgar/data/0001535527/000095010321002516/xslF345X03/dp146330_4-watzinger.xml"}, {"form_type": "8-K", "filings_date": "2021-02-18", "url": "https://www.sec.gov/Archives/edgar/data/0001535527/000110465921025063/tm217160d1_8k.htm"}, {"form_type": "SC 13G/A", "filings_date": "2021-02-16", "url": "https://www.sec.gov/Archives/edgar/data/0001535527/000110465921023864/a21-6631_2sc13ga.htm"}, {"form_type": "SC 13G/A", "filings_date": "2021-02-16", "url": "https://www.sec.gov/Archives/edgar/data/0001535527/000089914021000299/b021221a.htm"}, {"form_type": "SC 13G/A", "filings_date": "2021-02-16", "url": "https://www.sec.gov/Archives/edgar/data/0001535527/000110465921023134/a21-6844_1sc13ga.htm"}, {"form_type": "SC 13G/A", "filings_date": "2021-02-16", "url": "https://www.sec.gov/Archives/edgar/data/0001535527/000110465921023112/tm216617d1_sc13ga.htm"}, {"form_type": "SC 13G/A", "filings_date": "2021-02-12", "url": "https://www.sec.gov/Archives/edgar/data/0001535527/000110465921022047/a21-6514_1sc13ga.htm"}, {"form_type": "SC 13G/A", "filings_date": "2021-02-12", "url": "https://www.sec.gov/Archives/edgar/data/0001535527/000095014221000534/eh210130197_13ga1-crowd.htm"}, {"form_type": "SC 13G/A", "filings_date": "2021-02-12", "url": "https://www.sec.gov/Archives/edgar/data/0001535527/000119312521041188/d111935dsc13ga.htm"}, {"form_type": "4", "filings_date": "2021-02-11", "url": "https://www.sec.gov/Archives/edgar/data/0001535527/000095010321002182/xslF345X03/dp146010_4-carpenter.xml"}, {"form_type": "SC 13G", "filings_date": "2021-02-10", "url": "https://www.sec.gov/Archives/edgar/data/0001535527/000110465921017859/tv0645-crowdstrikeholdingsin.htm"}, {"form_type": "4", "filings_date": "2021-02-09", "url": "https://www.sec.gov/Archives/edgar/data/0001535527/000095010321002048/xslF345X03/dp144890_4-watzinger.xml"}, {"form_type": "4", "filings_date": "2021-02-09", "url": "https://www.sec.gov/Archives/edgar/data/0001535527/000095010321002047/xslF345X03/dp145891_4-carpenter.xml"}, {"form_type": "4", "filings_date": "2021-02-04", "url": "https://www.sec.gov/Archives/edgar/data/0001535527/000095010321001826/xslF345X03/dp145675_4-henry.xml"}, {"form_type": "4", "filings_date": "2021-02-03", "url": "https://www.sec.gov/Archives/edgar/data/0001535527/000095010321001738/xslF345X03/dp145605_4-black.xml"}, {"form_type": "SC 13G", "filings_date": "2021-02-02", "url": "https://www.sec.gov/Archives/edgar/data/0001535527/000083423721006831/us22788c1053_020221.txt"}, {"form_type": "4", "filings_date": "2021-01-27", "url": "https://www.sec.gov/Archives/edgar/data/0001535527/000095010321001074/xslF345X03/dp144991_4-carpenter.xml"}, {"form_type": "4", "filings_date": "2021-01-26", "url": "https://www.sec.gov/Archives/edgar/data/0001535527/000095010321001025/xslF345X03/dp144830_4-watzinger.xml"}, {"form_type": "4", "filings_date": "2021-01-25", "url": "https://www.sec.gov/Archives/edgar/data/0001535527/000095010321000922/xslF345X03/dp144739_4-carpenter.xml"}, {"form_type": "4", "filings_date": "2021-01-21", "url": "https://www.sec.gov/Archives/edgar/data/0001535527/000095010321000740/xslF345X03/dp144593_4-henry.xml"}, {"form_type": "8-K", "filings_date": "2021-01-20", "url": "https://www.sec.gov/Archives/edgar/data/0001535527/000110465921005883/tm213272-1_8k.htm"}, {"form_type": "424B5", "filings_date": "2021-01-13", "url": "https://www.sec.gov/Archives/edgar/data/0001535527/000110465921003919/tm2039203-5_424b5.htm"}, {"form_type": "4", "filings_date": "2021-01-12", "url": "https://www.sec.gov/Archives/edgar/data/0001535527/000095010321000406/xslF345X03/dp144207_4-gandhi.xml"}, {"form_type": "FWP", "filings_date": "2021-01-12", "url": "https://www.sec.gov/Archives/edgar/data/0001535527/000110465921003526/a20-39203_6fwp.htm"}, {"form_type": "4", "filings_date": "2021-01-12", "url": "https://www.sec.gov/Archives/edgar/data/0001535527/000095010321000397/xslF345X03/dp144196_4-watzinger.xml"}, {"form_type": "424B5", "filings_date": "2021-01-11", "url": "https://www.sec.gov/Archives/edgar/data/0001535527/000110465921002740/tm2039203-3_424b5.htm"}, {"form_type": "S-3ASR", "filings_date": "2021-01-11", "url": "https://www.sec.gov/Archives/edgar/data/0001535527/000110465921002705/tm2039203-1_s3asr.htm"}, {"form_type": "4", "filings_date": "2021-01-07", "url": "https://www.sec.gov/Archives/edgar/data/0001535527/000095010321000204/xslF345X03/dp144014_4-henry.xml"}, {"form_type": "4", "filings_date": "2021-01-06", "url": "https://www.sec.gov/Archives/edgar/data/0001535527/000095010321000167/xslF345X03/dp143947_4-black.xml"}, {"form_type": "4", "filings_date": "2021-01-06", "url": "https://www.sec.gov/Archives/edgar/data/0001535527/000095010321000159/xslF345X03/dp143948_4-podbere.xml"}, {"form_type": "4", "filings_date": "2021-01-06", "url": "https://www.sec.gov/Archives/edgar/data/0001535527/000095010321000157/xslF345X03/dp143946_4-watzinger.xml"}, {"form_type": "8-K", "filings_date": "2021-01-05", "url": "https://www.sec.gov/Archives/edgar/data/0001535527/000110465921000959/tm2039203d4_8k.htm"}, {"form_type": "4", "filings_date": "2020-12-30", "url": "https://www.sec.gov/Archives/edgar/data/0001535527/000095010320024967/xslF345X03/dp143656_4-watzinger.xml"}, {"form_type": "4", "filings_date": "2020-12-22", "url": "https://www.sec.gov/Archives/edgar/data/0001535527/000095010320024619/xslF345X03/dp143257_4-black.xml"}, {"form_type": "4", "filings_date": "2020-12-22", "url": "https://www.sec.gov/Archives/edgar/data/0001535527/000095010320024618/xslF345X03/dp143256_4-maheshwari.xml"}, {"form_type": "4", "filings_date": "2020-12-22", "url": "https://www.sec.gov/Archives/edgar/data/0001535527/000095010320024617/xslF345X03/dp143264_4-podbere.xml"}, {"form_type": "4", "filings_date": "2020-12-22", "url": "https://www.sec.gov/Archives/edgar/data/0001535527/000095010320024616/xslF345X03/dp143263_4-carpenter.xml"}, {"form_type": "4", "filings_date": "2020-12-22", "url": "https://www.sec.gov/Archives/edgar/data/0001535527/000095010320024615/xslF345X03/dp143250_4-austin.xml"}, {"form_type": "4", "filings_date": "2020-12-22", "url": "https://www.sec.gov/Archives/edgar/data/0001535527/000095010320024614/xslF345X03/dp143248_4-henry.xml"}, {"form_type": "4", "filings_date": "2020-12-22", "url": "https://www.sec.gov/Archives/edgar/data/0001535527/000095010320024613/xslF345X03/dp143255_4-kurtz.xml"}, {"form_type": "4", "filings_date": "2020-12-17", "url": "https://www.sec.gov/Archives/edgar/data/0001535527/000095010320024384/xslF345X03/dp143078_4-watzinger.xml"}, {"form_type": "4", "filings_date": "2020-12-17", "url": "https://www.sec.gov/Archives/edgar/data/0001535527/000095010320024367/xslF345X03/dp143036_4-carpenter.xml"}, {"form_type": "4", "filings_date": "2020-12-16", "url": "https://www.sec.gov/Archives/edgar/data/0001535527/000095010320024295/xslF345X03/dp142969_4-kurtz.xml"}, {"form_type": "4", "filings_date": "2020-12-15", "url": "https://www.sec.gov/Archives/edgar/data/0001535527/000095010320024219/xslF345X03/dp142925_4-podbere.xml"}, {"form_type": "4", "filings_date": "2020-12-14", "url": "https://www.sec.gov/Archives/edgar/data/0001535527/000095010320024179/xslF345X03/dp142849_4-austin.xml"}, {"form_type": "4", "filings_date": "2020-12-11", "url": "https://www.sec.gov/Archives/edgar/data/0001535527/000095010320024136/xslF345X03/dp142806_4-oleary.xml"}, {"form_type": "4", "filings_date": "2020-12-10", "url": "https://www.sec.gov/Archives/edgar/data/0001535527/000095010320024100/xslF345X03/dp142778_4-kurtz.xml"}, {"form_type": "4", "filings_date": "2020-12-09", "url": "https://www.sec.gov/Archives/edgar/data/0001535527/000095010320024040/xslF345X03/dp142724_4-watzinger.xml"}, {"form_type": "4", "filings_date": "2020-12-08", "url": "https://www.sec.gov/Archives/edgar/data/0001535527/000095010320023973/xslF345X03/dp142657_4-sexton.xml"}, {"form_type": "4", "filings_date": "2020-12-08", "url": "https://www.sec.gov/Archives/edgar/data/0001535527/000095010320023971/xslF345X03/dp142656_4-austin.xml"}, {"form_type": "4", "filings_date": "2020-12-08", "url": "https://www.sec.gov/Archives/edgar/data/0001535527/000095010320023970/xslF345X03/dp142655_4-oleary.xml"}, {"form_type": "4", "filings_date": "2020-12-07", "url": "https://www.sec.gov/Archives/edgar/data/0001535527/000095010320023906/xslF345X03/dp142575_4-kurtz.xml"}, {"form_type": "4", "filings_date": "2020-12-03", "url": "https://www.sec.gov/Archives/edgar/data/0001535527/000095010320023774/xslF345X03/dp142465_4-black.xml"}, {"form_type": "4", "filings_date": "2020-12-03", "url": "https://www.sec.gov/Archives/edgar/data/0001535527/000095010320023773/xslF345X03/dp142464_4-oleary.xml"}, {"form_type": "8-K", "filings_date": "2020-12-03", "url": "https://www.sec.gov/Archives/edgar/data/0001535527/000110465920132008/tm2037694d1_8k.htm"}, {"form_type": "10-Q", "filings_date": "2020-12-03", "url": "https://www.sec.gov/Archives/edgar/data/0001535527/000153552720000025/crwd-20201031.htm"}, {"form_type": "4", "filings_date": "2020-12-02", "url": "https://www.sec.gov/Archives/edgar/data/0001535527/000095010320023665/xslF345X03/dp142355_4-kurtz.xml"}, {"form_type": "4", "filings_date": "2020-12-02", "url": "https://www.sec.gov/Archives/edgar/data/0001535527/000095010320023663/xslF345X03/dp142344_4-schumacher.xml"}, {"form_type": "3", "filings_date": "2020-12-02", "url": "https://www.sec.gov/Archives/edgar/data/0001535527/000095010320023650/xslF345X02/dp142343_3-schumacher.xml"}, {"form_type": "8-K", "filings_date": "2020-12-02", "url": "https://www.sec.gov/Archives/edgar/data/0001535527/000153552720000023/crwd-20201202.htm"}, {"form_type": "4", "filings_date": "2020-11-30", "url": "https://www.sec.gov/Archives/edgar/data/0001535527/000095010320023399/xslF345X03/dp142077_4-black.xml"}, {"form_type": "4", "filings_date": "2020-11-27", "url": "https://www.sec.gov/Archives/edgar/data/0001535527/000095010320023177/xslF345X03/dp141837_4-podbere.xml"}, {"form_type": "4", "filings_date": "2020-11-25", "url": "https://www.sec.gov/Archives/edgar/data/0001535527/000095010320023038/xslF345X03/dp141738_4-watzinger.xml"}, {"form_type": "4", "filings_date": "2020-11-23", "url": "https://www.sec.gov/Archives/edgar/data/0001535527/000095010320022778/xslF345X03/dp141405_4-carpenter.xml"}, {"form_type": "4", "filings_date": "2020-11-23", "url": "https://www.sec.gov/Archives/edgar/data/0001535527/000095010320022777/xslF345X03/dp141459_4-kurtz.xml"}, {"form_type": "4", "filings_date": "2020-11-18", "url": "https://www.sec.gov/Archives/edgar/data/0001535527/000095010320022488/xslF345X03/dp141140_4-carpenter.xml"}, {"form_type": "4", "filings_date": "2020-11-12", "url": "https://www.sec.gov/Archives/edgar/data/0001535527/000095010320022073/xslF345X03/dp140784_4-sexton.xml"}, {"form_type": "4", "filings_date": "2020-11-12", "url": "https://www.sec.gov/Archives/edgar/data/0001535527/000095010320022068/xslF345X03/dp140783_4-kurtz2.xml"}, {"form_type": "4", "filings_date": "2020-11-12", "url": "https://www.sec.gov/Archives/edgar/data/0001535527/000095010320022065/xslF345X03/dp140782_4-kurtz.xml"}, {"form_type": "4", "filings_date": "2020-11-06", "url": "https://www.sec.gov/Archives/edgar/data/0001535527/000095010320021744/xslF345X03/dp140386_4-gandhi.xml"}, {"form_type": "4", "filings_date": "2020-11-04", "url": "https://www.sec.gov/Archives/edgar/data/0001535527/000095010320021528/xslF345X03/dp140223_4-oleary.xml"}, {"form_type": "4", "filings_date": "2020-10-28", "url": "https://www.sec.gov/Archives/edgar/data/0001535527/000095010320020808/xslF345X03/dp139454_4-watzinger.xml"}, {"form_type": "4", "filings_date": "2020-10-14", "url": "https://www.sec.gov/Archives/edgar/data/0001535527/000095010320020035/xslF345X03/dp138680_4-watzinger.xml"}, {"form_type": "4", "filings_date": "2020-10-14", "url": "https://www.sec.gov/Archives/edgar/data/0001535527/000095010320020034/xslF345X03/dp138681_4-austin.xml"}, {"form_type": "4", "filings_date": "2020-10-14", "url": "https://www.sec.gov/Archives/edgar/data/0001535527/000095010320020033/xslF345X03/dp138679_4-sexton.xml"}, {"form_type": "4", "filings_date": "2020-10-14", "url": "https://www.sec.gov/Archives/edgar/data/0001535527/000095010320020032/xslF345X03/dp138678_4-kurtz.xml"}, {"form_type": "4", "filings_date": "2020-10-09", "url": "https://www.sec.gov/Archives/edgar/data/0001535527/000095010320019906/xslF345X03/dp138565_4-carpenter.xml"}, {"form_type": "4", "filings_date": "2020-10-07", "url": "https://www.sec.gov/Archives/edgar/data/0001535527/000095010320019816/xslF345X03/dp138481_4-austin.xml"}, {"form_type": "4", "filings_date": "2020-10-05", "url": "https://www.sec.gov/Archives/edgar/data/0001535527/000095010320019647/xslF345X03/dp138342_4-oleary.xml"}, {"form_type": "4", "filings_date": "2020-10-05", "url": "https://www.sec.gov/Archives/edgar/data/0001535527/000095010320019646/xslF345X03/dp138341_4-black.xml"}, {"form_type": "4", "filings_date": "2020-10-05", "url": "https://www.sec.gov/Archives/edgar/data/0001535527/000095010320019645/xslF345X03/dp138340_4-austin.xml"}, {"form_type": "4", "filings_date": "2020-09-30", "url": "https://www.sec.gov/Archives/edgar/data/0001535527/000095010320019245/xslF345X03/dp137806_4-austin.xml"}, {"form_type": "4", "filings_date": "2020-09-30", "url": "https://www.sec.gov/Archives/edgar/data/0001535527/000095010320019232/xslF345X03/dp137807_4-watzinger.xml"}, {"form_type": "4", "filings_date": "2020-09-28", "url": "https://www.sec.gov/Archives/edgar/data/0001535527/000095010320018844/xslF345X03/dp137345_4-podbere.xml"}, {"form_type": "4", "filings_date": "2020-09-24", "url": "https://www.sec.gov/Archives/edgar/data/0001535527/000095010320018656/xslF345X03/dp137262_4-kurtz.xml"}, {"form_type": "8-K", "filings_date": "2020-09-24", "url": "https://www.sec.gov/Archives/edgar/data/0001535527/000110465920107900/tm2031651-1_8k.htm"}, {"form_type": "4", "filings_date": "2020-09-22", "url": "https://www.sec.gov/Archives/edgar/data/0001535527/000095010320018535/xslF345X03/dp137084_4-kurtz.xml"}, {"form_type": "4", "filings_date": "2020-09-22", "url": "https://www.sec.gov/Archives/edgar/data/0001535527/000095010320018533/xslF345X03/dp137187_4-black.xml"}, {"form_type": "4", "filings_date": "2020-09-22", "url": "https://www.sec.gov/Archives/edgar/data/0001535527/000095010320018532/xslF345X03/dp137083_4-podbere.xml"}, {"form_type": "4", "filings_date": "2020-09-22", "url": "https://www.sec.gov/Archives/edgar/data/0001535527/000095010320018531/xslF345X03/dp137086_4-maheshwari.xml"}, {"form_type": "4", "filings_date": "2020-09-22", "url": "https://www.sec.gov/Archives/edgar/data/0001535527/000095010320018527/xslF345X03/dp137072_4-henry.xml"}, {"form_type": "4", "filings_date": "2020-09-22", "url": "https://www.sec.gov/Archives/edgar/data/0001535527/000095010320018524/xslF345X03/dp137071_4-carpenter.xml"}, {"form_type": "4", "filings_date": "2020-09-22", "url": "https://www.sec.gov/Archives/edgar/data/0001535527/000095010320018523/xslF345X03/dp137085_4-austin.xml"}, {"form_type": "4", "filings_date": "2020-09-14", "url": "https://www.sec.gov/Archives/edgar/data/0001535527/000095010320017878/xslF345X03/dp136440_4-carpenter.xml"}, {"form_type": "4", "filings_date": "2020-09-14", "url": "https://www.sec.gov/Archives/edgar/data/0001535527/000095010320017876/xslF345X03/dp136481_4-kurtz.xml"}, {"form_type": "4", "filings_date": "2020-09-11", "url": "https://www.sec.gov/Archives/edgar/data/0001535527/000095010320017800/xslF345X03/dp136346_4-sexton.xml"}, {"form_type": "4", "filings_date": "2020-09-11", "url": "https://www.sec.gov/Archives/edgar/data/0001535527/000095010320017799/xslF345X03/dp136344_4-kurtz.xml"}, {"form_type": "SC 13G/A", "filings_date": "2020-09-10", "url": "https://www.sec.gov/Archives/edgar/data/0001535527/000008025520001627/crwd13gaaug20.txt"}, {"form_type": "4", "filings_date": "2020-09-08", "url": "https://www.sec.gov/Archives/edgar/data/0001535527/000095010320017566/xslF345X03/dp136168_4-austin.xml"}, {"form_type": "4", "filings_date": "2020-09-03", "url": "https://www.sec.gov/Archives/edgar/data/0001535527/000095010320017436/xslF345X03/dp136034_4-burt.xml"}, {"form_type": "4", "filings_date": "2020-09-03", "url": "https://www.sec.gov/Archives/edgar/data/0001535527/000095010320017435/xslF345X03/dp135996_4-oleary.xml"}, {"form_type": "4", "filings_date": "2020-09-03", "url": "https://www.sec.gov/Archives/edgar/data/0001535527/000095010320017434/xslF345X03/dp135936_4-black.xml"}, {"form_type": "10-Q", "filings_date": "2020-09-03", "url": "https://www.sec.gov/Archives/edgar/data/0001535527/000153552720000019/crwd-20200731.htm"}, {"form_type": "8-K", "filings_date": "2020-09-02", "url": "https://www.sec.gov/Archives/edgar/data/0001535527/000153552720000017/crwd-20200902.htm"}, {"form_type": "4", "filings_date": "2020-09-01", "url": "https://www.sec.gov/Archives/edgar/data/0001535527/000095010320017193/xslF345X03/dp134826_4-kurtz.xml"}, {"form_type": "4", "filings_date": "2020-08-26", "url": "https://www.sec.gov/Archives/edgar/data/0001535527/000095010320016454/xslF345X03/dp134941_4-watzinger.xml"}, {"form_type": "4", "filings_date": "2020-08-24", "url": "https://www.sec.gov/Archives/edgar/data/0001535527/000095010320016285/xslF345X03/dp134826_4-kurtz.xml"}, {"form_type": "4", "filings_date": "2020-08-12", "url": "https://www.sec.gov/Archives/edgar/data/0001535527/000095010320015713/xslF345X03/dp134297_4-sexton.xml"}, {"form_type": "4", "filings_date": "2020-08-12", "url": "https://www.sec.gov/Archives/edgar/data/0001535527/000095010320015712/xslF345X03/dp134241_4-kurtz.xml"}, {"form_type": "4", "filings_date": "2020-08-10", "url": "https://www.sec.gov/Archives/edgar/data/0001535527/000095010320015541/xslF345X03/dp134062_4-carpenter.xml"}, {"form_type": "4", "filings_date": "2020-08-05", "url": "https://www.sec.gov/Archives/edgar/data/0001535527/000095010320015350/xslF345X03/dp133966_4-podbere.xml"}, {"form_type": "4", "filings_date": "2020-08-05", "url": "https://www.sec.gov/Archives/edgar/data/0001535527/000095010320015349/xslF345X03/dp133965_4-oleary.xml"}, {"form_type": "4", "filings_date": "2020-08-05", "url": "https://www.sec.gov/Archives/edgar/data/0001535527/000095010320015348/xslF345X03/dp133964_4-black.xml"}, {"form_type": "4", "filings_date": "2020-07-29", "url": "https://www.sec.gov/Archives/edgar/data/0001535527/000095010320014440/xslF345X03/dp132992_4-watzinger.xml"}, {"form_type": "4", "filings_date": "2020-07-13", "url": "https://www.sec.gov/Archives/edgar/data/0001535527/000095010320013581/xslF345X03/dp132195_4-carpenter.xml"}, {"form_type": "4", "filings_date": "2020-07-13", "url": "https://www.sec.gov/Archives/edgar/data/0001535527/000095010320013580/xslF345X03/dp132217_4-kurtz.xml"}, {"form_type": "4", "filings_date": "2020-07-10", "url": "https://www.sec.gov/Archives/edgar/data/0001535527/000095010320013495/xslF345X03/dp132126_4-watzinger.xml"}, {"form_type": "4", "filings_date": "2020-07-10", "url": "https://www.sec.gov/Archives/edgar/data/0001535527/000095010320013486/xslF345X03/dp132113_4-sexton.xml"}, {"form_type": "4", "filings_date": "2020-07-08", "url": "https://www.sec.gov/Archives/edgar/data/0001535527/000095010320013393/xslF345X03/dp132006_4-gandhi.xml"}, {"form_type": "4", "filings_date": "2020-07-08", "url": "https://www.sec.gov/Archives/edgar/data/0001535527/000095010320013392/xslF345X03/dp132009_4-oleary.xml"}, {"form_type": "4", "filings_date": "2020-07-08", "url": "https://www.sec.gov/Archives/edgar/data/0001535527/000095010320013391/xslF345X03/dp132008_4-sexton.xml"}, {"form_type": "4", "filings_date": "2020-07-08", "url": "https://www.sec.gov/Archives/edgar/data/0001535527/000095010320013390/xslF345X03/dp132010_4-godfrey.xml"}, {"form_type": "4", "filings_date": "2020-07-08", "url": "https://www.sec.gov/Archives/edgar/data/0001535527/000095010320013389/xslF345X03/dp132007_4-watzinger.xml"}, {"form_type": "4", "filings_date": "2020-07-08", "url": "https://www.sec.gov/Archives/edgar/data/0001535527/000095010320013388/xslF345X03/dp132004_4-austin.xml"}, {"form_type": "4", "filings_date": "2020-07-08", "url": "https://www.sec.gov/Archives/edgar/data/0001535527/000110465920082163/xslF345X03/a4.xml"}, {"form_type": "8-K", "filings_date": "2020-07-08", "url": "https://www.sec.gov/Archives/edgar/data/0001535527/000110465920082109/tm2024340d1_8k.htm"}, {"form_type": "4", "filings_date": "2020-07-07", "url": "https://www.sec.gov/Archives/edgar/data/0001535527/000095010320013355/xslF345X03/dp131974_4-gandhi.xml"}, {"form_type": "4", "filings_date": "2020-07-07", "url": "https://www.sec.gov/Archives/edgar/data/0001535527/000095010320013354/xslF345X03/dp131982_4-carpenter.xml"}, {"form_type": "4", "filings_date": "2020-07-06", "url": "https://www.sec.gov/Archives/edgar/data/0001535527/000095010320013301/xslF345X03/dp131942_4-black.xml"}, {"form_type": "4", "filings_date": "2020-07-06", "url": "https://www.sec.gov/Archives/edgar/data/0001535527/000095010320013300/xslF345X03/dp131941_4-podbere.xml"}, {"form_type": "4", "filings_date": "2020-07-06", "url": "https://www.sec.gov/Archives/edgar/data/0001535527/000095010320013299/xslF345X03/dp131943_4-oleary.xml"}, {"form_type": "4", "filings_date": "2020-06-30", "url": "https://www.sec.gov/Archives/edgar/data/0001535527/000095010320012950/xslF345X03/dp131474_4-sexton.xml"}, {"form_type": "4", "filings_date": "2020-06-29", "url": "https://www.sec.gov/Archives/edgar/data/0001535527/000110465920078002/xslF345X03/a4.xml"}, {"form_type": "4", "filings_date": "2020-06-26", "url": "https://www.sec.gov/Archives/edgar/data/0001535527/000095010320012535/xslF345X03/dp131166_4-kurtz.xml"}, {"form_type": "4", "filings_date": "2020-06-25", "url": "https://www.sec.gov/Archives/edgar/data/0001535527/000110465920076854/xslF345X03/a4.xml"}, {"form_type": "4", "filings_date": "2020-06-25", "url": "https://www.sec.gov/Archives/edgar/data/0001535527/000110465920076853/xslF345X03/a4.xml"}, {"form_type": "4", "filings_date": "2020-06-24", "url": "https://www.sec.gov/Archives/edgar/data/0001535527/000095010320012322/xslF345X03/dp130944_4-watzinger.xml"}, {"form_type": "4", "filings_date": "2020-06-23", "url": "https://www.sec.gov/Archives/edgar/data/0001535527/000095010320012260/xslF345X03/dp130848_4-kurtz.xml"}, {"form_type": "4", "filings_date": "2020-06-23", "url": "https://www.sec.gov/Archives/edgar/data/0001535527/000095010320012259/xslF345X03/dp130880_4-podbere.xml"}, {"form_type": "4", "filings_date": "2020-06-23", "url": "https://www.sec.gov/Archives/edgar/data/0001535527/000095010320012258/xslF345X03/dp130871_4-henry.xml"}, {"form_type": "4", "filings_date": "2020-06-23", "url": "https://www.sec.gov/Archives/edgar/data/0001535527/000095010320012257/xslF345X03/dp130865_4-carpenter.xml"}, {"form_type": "4", "filings_date": "2020-06-23", "url": "https://www.sec.gov/Archives/edgar/data/0001535527/000095010320012256/xslF345X03/dp130869_4-austin.xml"}, {"form_type": "4", "filings_date": "2020-06-23", "url": "https://www.sec.gov/Archives/edgar/data/0001535527/000095010320012255/xslF345X03/dp130870_4-black.xml"}, {"form_type": "4", "filings_date": "2020-06-22", "url": "https://www.sec.gov/Archives/edgar/data/0001535527/000110465920075771/xslF345X03/a4.xml"}, {"form_type": "8-K", "filings_date": "2020-06-18", "url": "https://www.sec.gov/Archives/edgar/data/0001535527/000110465920074711/tm2022965d1_8k.htm"}, {"form_type": "4", "filings_date": "2020-06-17", "url": "https://www.sec.gov/Archives/edgar/data/0001535527/000095010320011902/xslF345X03/dp130493_4-gandhi.xml"}, {"form_type": "4", "filings_date": "2020-06-17", "url": "https://www.sec.gov/Archives/edgar/data/0001535527/000095010320011901/xslF345X03/dp130492_4-accel.xml"}, {"form_type": "4", "filings_date": "2020-06-12", "url": "https://www.sec.gov/Archives/edgar/data/0001535527/000095010320011600/xslF345X03/dp130204_4-carpenter.xml"}, {"form_type": "4", "filings_date": "2020-06-12", "url": "https://www.sec.gov/Archives/edgar/data/0001535527/000095010320011599/xslF345X03/dp130203_4-black.xml"}, {"form_type": "4", "filings_date": "2020-06-11", "url": "https://www.sec.gov/Archives/edgar/data/0001535527/000095010320011510/xslF345X03/dp130123_4-kurtz.xml"}, {"form_type": "4", "filings_date": "2020-06-11", "url": "https://www.sec.gov/Archives/edgar/data/0001535527/000095010320011505/xslF345X03/dp130121_4-sexton.xml"}, {"form_type": "4", "filings_date": "2020-06-10", "url": "https://www.sec.gov/Archives/edgar/data/0001535527/000095010320011420/xslF345X03/dp130040_4-sullivan.xml"}, {"form_type": "4", "filings_date": "2020-06-09", "url": "https://www.sec.gov/Archives/edgar/data/0001535527/000095010320011379/xslF345X03/dp129984_4-oleary.xml"}, {"form_type": "4", "filings_date": "2020-06-08", "url": "https://www.sec.gov/Archives/edgar/data/0001535527/000095010320011287/xslF345X03/dp129911_4-watzinger.xml"}, {"form_type": "4", "filings_date": "2020-06-05", "url": "https://www.sec.gov/Archives/edgar/data/0001535527/000095010320011224/xslF345X03/dp129842_4-gandhi.xml"}, {"form_type": "4", "filings_date": "2020-06-05", "url": "https://www.sec.gov/Archives/edgar/data/0001535527/000095010320011223/xslF345X03/dp129841_4-accel.xml"}, {"form_type": "4", "filings_date": "2020-06-05", "url": "https://www.sec.gov/Archives/edgar/data/0001535527/000110465920070076/xslF345X03/a4.xml"}, {"form_type": "4", "filings_date": "2020-06-05", "url": "https://www.sec.gov/Archives/edgar/data/0001535527/000110465920070075/xslF345X03/a4.xml"}, {"form_type": "4", "filings_date": "2020-06-05", "url": "https://www.sec.gov/Archives/edgar/data/0001535527/000110465920070074/xslF345X03/a4.xml"}, {"form_type": "4", "filings_date": "2020-06-04", "url": "https://www.sec.gov/Archives/edgar/data/0001535527/000095010320011153/xslF345X03/dp129770_4-austin.xml"}, {"form_type": "4", "filings_date": "2020-06-03", "url": "https://www.sec.gov/Archives/edgar/data/0001535527/000095010320011086/xslF345X03/dp129687_4-oleary.xml"}, {"form_type": "4", "filings_date": "2020-06-03", "url": "https://www.sec.gov/Archives/edgar/data/0001535527/000095010320011085/xslF345X03/dp129688_4-carpenter.xml"}, {"form_type": "4", "filings_date": "2020-06-03", "url": "https://www.sec.gov/Archives/edgar/data/0001535527/000095010320011084/xslF345X03/dp129689_4-podbere.xml"}, {"form_type": "10-Q", "filings_date": "2020-06-03", "url": "https://www.sec.gov/Archives/edgar/data/0001535527/000153552720000012/crwd-20200430.htm"}, {"form_type": "4", "filings_date": "2020-06-02", "url": "https://www.sec.gov/Archives/edgar/data/0001535527/000095010320011016/xslF345X03/dp129618_4-watzinger.xml"}, {"form_type": "8-K", "filings_date": "2020-06-02", "url": "https://www.sec.gov/Archives/edgar/data/0001535527/000153552720000010/crwd-20200602.htm"}, {"form_type": "4", "filings_date": "2020-05-28", "url": "https://www.sec.gov/Archives/edgar/data/0001535527/000095010320010367/xslF345X03/dp129020_4-watzinger.xml"}, {"form_type": "SC 13G", "filings_date": "2020-05-26", "url": "https://www.sec.gov/Archives/edgar/data/0001535527/000095010320010069/dp128688_sc13g-kurtz.htm"}, {"form_type": "4", "filings_date": "2020-05-22", "url": "https://www.sec.gov/Archives/edgar/data/0001535527/000095010320010068/xslF345X03/dp128652_4-carpenter.xml"}, {"form_type": "DEFA14A", "filings_date": "2020-05-22", "url": "https://www.sec.gov/Archives/edgar/data/0001535527/000110465920065069/a19-26566_4defa14a.htm"}, {"form_type": "DEF 14A", "filings_date": "2020-05-22", "url": "https://www.sec.gov/Archives/edgar/data/0001535527/000104746920003177/a2241598zdef14a.htm"}, {"form_type": "4", "filings_date": "2020-05-20", "url": "https://www.sec.gov/Archives/edgar/data/0001535527/000095010320009961/xslF345X03/dp128578_4-black.xml"}, {"form_type": "4", "filings_date": "2020-05-19", "url": "https://www.sec.gov/Archives/edgar/data/0001535527/000095010320009862/xslF345X03/dp128507_4-carpenter.xml"}, {"form_type": "4", "filings_date": "2020-05-14", "url": "https://www.sec.gov/Archives/edgar/data/0001535527/000095010320009568/xslF345X03/dp128197_4-carpenter.xml"}, {"form_type": "4", "filings_date": "2020-05-13", "url": "https://www.sec.gov/Archives/edgar/data/0001535527/000095010320009498/xslF345X03/dp128113_4-kurtz.xml"}, {"form_type": "4", "filings_date": "2020-05-12", "url": "https://www.sec.gov/Archives/edgar/data/0001535527/000095010320009435/xslF345X03/dp128057_4-sexton.xml"}, {"form_type": "SC 13G", "filings_date": "2020-05-11", "url": "https://www.sec.gov/Archives/edgar/data/0001535527/000008025520001472/crwd13gapr20.txt"}, {"form_type": "4", "filings_date": "2020-05-08", "url": "https://www.sec.gov/Archives/edgar/data/0001535527/000095010320009284/xslF345X03/dp127391_4-carpenter.xml"}, {"form_type": "4", "filings_date": "2020-05-05", "url": "https://www.sec.gov/Archives/edgar/data/0001535527/000095010320009114/xslF345X03/dp127744_4-podbere.xml"}, {"form_type": "4", "filings_date": "2020-05-05", "url": "https://www.sec.gov/Archives/edgar/data/0001535527/000095010320009105/xslF345X03/dp127743_4-oleary.xml"}, {"form_type": "4", "filings_date": "2020-04-29", "url": "https://www.sec.gov/Archives/edgar/data/0001535527/000095010320008504/xslF345X03/dp127166_4-watzinger.xml"}, {"form_type": "4", "filings_date": "2020-04-28", "url": "https://www.sec.gov/Archives/edgar/data/0001535527/000095010320008309/xslF345X03/dp126940_4-carpenter.xml"}, {"form_type": "4", "filings_date": "2020-04-22", "url": "https://www.sec.gov/Archives/edgar/data/0001535527/000095010320007970/xslF345X03/dp126610_4-carpenter.xml"}, {"form_type": "4", "filings_date": "2020-04-22", "url": "https://www.sec.gov/Archives/edgar/data/0001535527/000095010320007969/xslF345X03/dp126604_4-kurtz.xml"}, {"form_type": "4", "filings_date": "2020-04-17", "url": "https://www.sec.gov/Archives/edgar/data/0001535527/000095010320007682/xslF345X03/dp123613_4-kurtz.xml"}, {"form_type": "4", "filings_date": "2020-04-16", "url": "https://www.sec.gov/Archives/edgar/data/0001535527/000095010320007643/xslF345X03/dp126264_4-black.xml"}, {"form_type": "4", "filings_date": "2020-04-16", "url": "https://www.sec.gov/Archives/edgar/data/0001535527/000095010320007642/xslF345X03/dp126265_4-podbere.xml"}, {"form_type": "4", "filings_date": "2020-04-13", "url": "https://www.sec.gov/Archives/edgar/data/0001535527/000095010320007449/xslF345X03/dp126086_4-black.xml"}, {"form_type": "4", "filings_date": "2020-04-13", "url": "https://www.sec.gov/Archives/edgar/data/0001535527/000095010320007448/xslF345X03/dp126088_4-podbere.xml"}, {"form_type": "4", "filings_date": "2020-04-13", "url": "https://www.sec.gov/Archives/edgar/data/0001535527/000095010320007447/xslF345X03/dp126085_4-carpenter.xml"}, {"form_type": "4", "filings_date": "2020-04-13", "url": "https://www.sec.gov/Archives/edgar/data/0001535527/000095010320007446/xslF345X03/dp126082_4-henry.xml"}, {"form_type": "3", "filings_date": "2020-04-13", "url": "https://www.sec.gov/Archives/edgar/data/0001535527/000095010320007445/xslF345X02/dp126084_3-carpenter.xml"}, {"form_type": "3", "filings_date": "2020-04-13", "url": "https://www.sec.gov/Archives/edgar/data/0001535527/000095010320007444/xslF345X02/dp126083_3-henry.xml"}, {"form_type": "3", "filings_date": "2020-04-13", "url": "https://www.sec.gov/Archives/edgar/data/0001535527/000095010320007443/xslF345X02/dp126087_3-maheshwari.xml"}, {"form_type": "4", "filings_date": "2020-04-13", "url": "https://www.sec.gov/Archives/edgar/data/0001535527/000095010320007434/xslF345X03/dp126065_4-gandhi.xml"}, {"form_type": "4", "filings_date": "2020-04-13", "url": "https://www.sec.gov/Archives/edgar/data/0001535527/000095010320007433/xslF345X03/dp126064_4-accel.xml"}, {"form_type": "4", "filings_date": "2020-04-10", "url": "https://www.sec.gov/Archives/edgar/data/0001535527/000095010320007334/xslF345X03/dp125999_4-kurtz.xml"}, {"form_type": "8-K", "filings_date": "2020-04-10", "url": "https://www.sec.gov/Archives/edgar/data/0001535527/000110465920045597/tm2015654d1_8k.htm"}, {"form_type": "4", "filings_date": "2020-04-08", "url": "https://www.sec.gov/Archives/edgar/data/0001535527/000095010320007240/xslF345X03/dp125879_4-black.xml"}, {"form_type": "4", "filings_date": "2020-04-08", "url": "https://www.sec.gov/Archives/edgar/data/0001535527/000110465920044697/xslF345X03/a4.xml"}, {"form_type": "4", "filings_date": "2020-04-07", "url": "https://www.sec.gov/Archives/edgar/data/0001535527/000095010320007160/xslF345X03/dp125800_4-austin.xml"}, {"form_type": "4", "filings_date": "2020-04-03", "url": "https://www.sec.gov/Archives/edgar/data/0001535527/000095010320007055/xslF345X03/dp125696_4-oleary.xml"}, {"form_type": "4", "filings_date": "2020-04-02", "url": "https://www.sec.gov/Archives/edgar/data/0001535527/000095010320006904/xslF345X03/dp124555_4-black.xml"}, {"form_type": "4", "filings_date": "2020-03-31", "url": "https://www.sec.gov/Archives/edgar/data/0001535527/000095010320006544/xslF345X03/dp125159_4-gandhi.xml"}, {"form_type": "4", "filings_date": "2020-03-31", "url": "https://www.sec.gov/Archives/edgar/data/0001535527/000095010320006542/xslF345X03/dp125158_4-accel.xml"}, {"form_type": "4", "filings_date": "2020-03-31", "url": "https://www.sec.gov/Archives/edgar/data/0001535527/000095010320006540/xslF345X03/dp125037_4-kurtz.xml"}, {"form_type": "4", "filings_date": "2020-03-26", "url": "https://www.sec.gov/Archives/edgar/data/0001535527/000095010320006101/xslF345X03/dp124735_4-oleary.xml"}, {"form_type": "4", "filings_date": "2020-03-26", "url": "https://www.sec.gov/Archives/edgar/data/0001535527/000095010320006100/xslF345X03/dp124734_4-kurtz.xml"}, {"form_type": "4", "filings_date": "2020-03-25", "url": "https://www.sec.gov/Archives/edgar/data/0001535527/000095010320006013/xslF345X03/dp124558_4-watzinger.xml"}, {"form_type": "4", "filings_date": "2020-03-24", "url": "https://www.sec.gov/Archives/edgar/data/0001535527/000095010320005937/xslF345X03/dp124557_4-podbere.xml"}, {"form_type": "4", "filings_date": "2020-03-24", "url": "https://www.sec.gov/Archives/edgar/data/0001535527/000095010320005936/xslF345X03/dp124554_4-austin.xml"}, {"form_type": "4", "filings_date": "2020-03-24", "url": "https://www.sec.gov/Archives/edgar/data/0001535527/000095010320005935/xslF345X03/dp124556_4-kurtz.xml"}, {"form_type": "4", "filings_date": "2020-03-24", "url": "https://www.sec.gov/Archives/edgar/data/0001535527/000095010320005934/xslF345X03/dp124555_4-black.xml"}, {"form_type": "4", "filings_date": "2020-03-24", "url": "https://www.sec.gov/Archives/edgar/data/0001535527/000095010320005908/xslF345X03/dp124548_4-gandhi.xml"}, {"form_type": "4", "filings_date": "2020-03-24", "url": "https://www.sec.gov/Archives/edgar/data/0001535527/000095010320005907/xslF345X03/dp124549_4-accel.xml"}, {"form_type": "S-8", "filings_date": "2020-03-23", "url": "https://www.sec.gov/Archives/edgar/data/0001535527/000110465920037309/tm2013161-1_s8.htm"}, {"form_type": "10-K", "filings_date": "2020-03-23", "url": "https://www.sec.gov/Archives/edgar/data/0001535527/000153552720000006/crwd-20200131.htm"}, {"form_type": "8-K", "filings_date": "2020-03-19", "url": "https://www.sec.gov/Archives/edgar/data/0001535527/000153552720000004/crwd-20200319.htm"}, {"form_type": "4", "filings_date": "2020-03-11", "url": "https://www.sec.gov/Archives/edgar/data/0001535527/000095010320005114/xslF345X03/dp123719_4-kurtz.xml"}, {"form_type": "4", "filings_date": "2020-03-11", "url": "https://www.sec.gov/Archives/edgar/data/0001535527/000095010320005113/xslF345X03/dp123718_4-sexton.xml"}, {"form_type": "4", "filings_date": "2020-03-04", "url": "https://www.sec.gov/Archives/edgar/data/0001535527/000095010320004603/xslF345X03/dp123073_4-oleary.xml"}, {"form_type": "4", "filings_date": "2020-02-26", "url": "https://www.sec.gov/Archives/edgar/data/0001535527/000095010320003403/xslF345X03/dp121981_4-watzinger.xml"}, {"form_type": "4", "filings_date": "2020-02-24", "url": "https://www.sec.gov/Archives/edgar/data/0001535527/000089924320005650/xslF345X03/doc4.xml"}, {"form_type": "4", "filings_date": "2020-02-19", "url": "https://www.sec.gov/Archives/edgar/data/0001535527/000089924320005207/xslF345X03/doc4.xml"}, {"form_type": "SC 13G/A", "filings_date": "2020-02-14", "url": "https://www.sec.gov/Archives/edgar/data/0001535527/000110465920021695/tm206927d5_sc13ga.htm"}, {"form_type": "4", "filings_date": "2020-02-13", "url": "https://www.sec.gov/Archives/edgar/data/0001535527/000089924320004527/xslF345X03/doc4.xml"}, {"form_type": "4", "filings_date": "2020-02-13", "url": "https://www.sec.gov/Archives/edgar/data/0001535527/000095010320002752/xslF345X03/dp121328_4-podbere.xml"}, {"form_type": "SC 13G", "filings_date": "2020-02-13", "url": "https://www.sec.gov/Archives/edgar/data/0001535527/000095014220000451/eh2000273_13g-crowdstrike.htm"}, {"form_type": "SC 13G/A", "filings_date": "2020-02-13", "url": "https://www.sec.gov/Archives/edgar/data/0001535527/000119312520035137/d889636dsc13ga.htm"}, {"form_type": "4", "filings_date": "2020-02-12", "url": "https://www.sec.gov/Archives/edgar/data/0001535527/000095010320002700/xslF345X03/dp121346_4-kurtz.xml"}, {"form_type": "4", "filings_date": "2020-02-12", "url": "https://www.sec.gov/Archives/edgar/data/0001535527/000095010320002699/xslF345X03/dp121329_4-sexton.xml"}, {"form_type": "4", "filings_date": "2020-02-12", "url": "https://www.sec.gov/Archives/edgar/data/0001535527/000095010320002698/xslF345X03/dp121340_4-blacksale.xml"}, {"form_type": "SC 13G", "filings_date": "2020-02-12", "url": "https://www.sec.gov/Archives/edgar/data/0001535527/000110465920019276/tm207707d1_sc13g.htm"}, {"form_type": "4/A", "filings_date": "2020-02-11", "url": "https://www.sec.gov/Archives/edgar/data/0001535527/000095010320002659/xslF345X03/dp121295_4-podbere.xml"}, {"form_type": "4/A", "filings_date": "2020-02-11", "url": "https://www.sec.gov/Archives/edgar/data/0001535527/000095010320002658/xslF345X03/dp121296_4a-blackoption.xml"}, {"form_type": "4/A", "filings_date": "2020-02-11", "url": "https://www.sec.gov/Archives/edgar/data/0001535527/000095010320002657/xslF345X03/dp121297_4a-blackrsu.xml"}, {"form_type": "SC 13G", "filings_date": "2020-02-10", "url": "https://www.sec.gov/Archives/edgar/data/0001535527/000119312520029678/d867594dsc13g.htm"}, {"form_type": "SC 13G/A", "filings_date": "2020-02-10", "url": "https://www.sec.gov/Archives/edgar/data/0001535527/000110465920012847/a20-7061_2sc13ga.htm"}, {"form_type": "4", "filings_date": "2020-02-07", "url": "https://www.sec.gov/Archives/edgar/data/0001535527/000095010320002522/xslF345X03/dp121085_4-kurtz.xml"}, {"form_type": "SC 13G", "filings_date": "2020-02-07", "url": "https://www.sec.gov/Archives/edgar/data/0001535527/000119312520028243/d849048dsc13g.htm"}, {"form_type": "SC 13G/A", "filings_date": "2020-02-07", "url": "https://www.sec.gov/Archives/edgar/data/0001535527/000089542120000040/Crowdstrike.txt"}, {"form_type": "4", "filings_date": "2020-02-06", "url": "https://www.sec.gov/Archives/edgar/data/0001535527/000089924320003534/xslF345X03/doc4.xml"}, {"form_type": "4", "filings_date": "2020-02-05", "url": "https://www.sec.gov/Archives/edgar/data/0001535527/000095010320002302/xslF345X03/dp120844_4-oleary.xml"}, {"form_type": "4", "filings_date": "2020-01-29", "url": "https://www.sec.gov/Archives/edgar/data/0001535527/000095010320001316/xslF345X03/dp119844_4-watzinger.xml"}, {"form_type": "4", "filings_date": "2020-01-24", "url": "https://www.sec.gov/Archives/edgar/data/0001535527/000089924320001989/xslF345X03/doc4.xml"}, {"form_type": "4", "filings_date": "2020-01-21", "url": "https://www.sec.gov/Archives/edgar/data/0001535527/000095010320000842/xslF345X03/dp119467_4-kurtz.xml"}, {"form_type": "4", "filings_date": "2020-01-17", "url": "https://www.sec.gov/Archives/edgar/data/0001535527/000089924320001405/xslF345X03/doc4.xml"}, {"form_type": "4", "filings_date": "2020-01-16", "url": "https://www.sec.gov/Archives/edgar/data/0001535527/000095010320000735/xslF345X03/dp119361_4-black.xml"}, {"form_type": "SC 13G", "filings_date": "2020-01-15", "url": "https://www.sec.gov/Archives/edgar/data/0001535527/000089542120000020/CRWD_Initial.txt"}, {"form_type": "4", "filings_date": "2020-01-14", "url": "https://www.sec.gov/Archives/edgar/data/0001535527/000095010320000638/xslF345X03/dp119252_4-gandhi.xml"}, {"form_type": "4", "filings_date": "2020-01-14", "url": "https://www.sec.gov/Archives/edgar/data/0001535527/000095010320000635/xslF345X03/dp119251_4-alflp.xml"}, {"form_type": "SC 13G/A", "filings_date": "2020-01-14", "url": "https://www.sec.gov/Archives/edgar/data/0001535527/000089542120000018/Crowdstrike.txt"}, {"form_type": "4", "filings_date": "2020-01-14", "url": "https://www.sec.gov/Archives/edgar/data/0001535527/000110465920003624/xslF345X03/a4.xml"}, {"form_type": "4", "filings_date": "2020-01-14", "url": "https://www.sec.gov/Archives/edgar/data/0001535527/000110465920003623/xslF345X03/a4.xml"}, {"form_type": "4", "filings_date": "2020-01-14", "url": "https://www.sec.gov/Archives/edgar/data/0001535527/000110465920003622/xslF345X03/a4.xml"}, {"form_type": "4", "filings_date": "2020-01-13", "url": "https://www.sec.gov/Archives/edgar/data/0001535527/000095010320000562/xslF345X03/dp119192_4-oleary.xml"}, {"form_type": "4", "filings_date": "2020-01-13", "url": "https://www.sec.gov/Archives/edgar/data/0001535527/000095010320000561/xslF345X03/dp119194_4-kurtz.xml"}, {"form_type": "4", "filings_date": "2020-01-13", "url": "https://www.sec.gov/Archives/edgar/data/0001535527/000095010320000560/xslF345X03/dp119193_4-sexton.xml"}, {"form_type": "4", "filings_date": "2020-01-09", "url": "https://www.sec.gov/Archives/edgar/data/0001535527/000095010320000475/xslF345X03/dp11914_4-austin.xml"}, {"form_type": "4", "filings_date": "2020-01-09", "url": "https://www.sec.gov/Archives/edgar/data/0001535527/000095010320000474/xslF345X03/dp119113_4-oleary.xml"}, {"form_type": "4", "filings_date": "2020-01-08", "url": "https://www.sec.gov/Archives/edgar/data/0001535527/000110465920002370/xslF345X03/a4.xml"}, {"form_type": "4", "filings_date": "2020-01-08", "url": "https://www.sec.gov/Archives/edgar/data/0001535527/000110465920002367/xslF345X03/a4.xml"}, {"form_type": "4", "filings_date": "2020-01-08", "url": "https://www.sec.gov/Archives/edgar/data/0001535527/000095010320000427/xslF345X03/dp119003_4-kurtz.xml"}, {"form_type": "SC 13G", "filings_date": "2020-01-08", "url": "https://www.sec.gov/Archives/edgar/data/0001535527/000089914020000021/p010820a.htm"}, {"form_type": "4", "filings_date": "2020-01-08", "url": "https://www.sec.gov/Archives/edgar/data/0001535527/000089924320000840/xslF345X03/doc4.xml"}, {"form_type": "4", "filings_date": "2020-01-07", "url": "https://www.sec.gov/Archives/edgar/data/0001535527/000095010320000381/xslF345X03/dp119001_4-gandhi.xml"}, {"form_type": "4", "filings_date": "2020-01-07", "url": "https://www.sec.gov/Archives/edgar/data/0001535527/000095010320000380/xslF345X03/dp119002_4-acc.xml"}, {"form_type": "4", "filings_date": "2020-01-06", "url": "https://www.sec.gov/Archives/edgar/data/0001535527/000095010320000326/xslF345X03/dp118919_4-oleary.xml"}, {"form_type": "4", "filings_date": "2020-01-03", "url": "https://www.sec.gov/Archives/edgar/data/0001535527/000110465920001168/xslF345X03/a4.xml"}, {"form_type": "4", "filings_date": "2020-01-03", "url": "https://www.sec.gov/Archives/edgar/data/0001535527/000089924320000406/xslF345X03/doc4.xml"}, {"form_type": "SC 13G", "filings_date": "2020-01-03", "url": "https://www.sec.gov/Archives/edgar/data/0001535527/000110465920000854/tm1924443d3_sc13g.htm"}, {"form_type": "4", "filings_date": "2019-12-31", "url": "https://www.sec.gov/Archives/edgar/data/0001535527/000095010319018139/xslF345X03/dp118595_4-oleary.xml"}, {"form_type": "4", "filings_date": "2019-12-30", "url": "https://www.sec.gov/Archives/edgar/data/0001535527/000089924319030183/xslF345X03/doc4.xml"}, {"form_type": "4", "filings_date": "2019-12-27", "url": "https://www.sec.gov/Archives/edgar/data/0001535527/000095010319017820/xslF345X03/dp118251_4-podbere.xml"}, {"form_type": "4", "filings_date": "2019-12-26", "url": "https://www.sec.gov/Archives/edgar/data/0001535527/000095010319017756/xslF345X03/dp118171_4-kurtz.xml"}, {"form_type": "4", "filings_date": "2019-12-26", "url": "https://www.sec.gov/Archives/edgar/data/0001535527/000095010319017755/xslF345X03/dp118172_4-black.xml"}, {"form_type": "4", "filings_date": "2019-12-26", "url": "https://www.sec.gov/Archives/edgar/data/0001535527/000095010319017754/xslF345X03/dp118175_4-austin.xml"}, {"form_type": "4", "filings_date": "2019-12-26", "url": "https://www.sec.gov/Archives/edgar/data/0001535527/000095010319017753/xslF345X03/dp118174_4-podbere.xml"}, {"form_type": "4", "filings_date": "2019-12-20", "url": "https://www.sec.gov/Archives/edgar/data/0001535527/000089924319029818/xslF345X03/doc4.xml"}, {"form_type": "4", "filings_date": "2019-12-18", "url": "https://www.sec.gov/Archives/edgar/data/0001535527/000095010319017348/xslF345X03/dp117770_4-watzinger.xml"}, {"form_type": "4", "filings_date": "2019-12-17", "url": "https://www.sec.gov/Archives/edgar/data/0001535527/000110465919073488/xslF345X03/a4.xml"}, {"form_type": "4", "filings_date": "2019-12-17", "url": "https://www.sec.gov/Archives/edgar/data/0001535527/000110465919073242/xslF345X03/a4.xml"}, {"form_type": "4", "filings_date": "2019-12-17", "url": "https://www.sec.gov/Archives/edgar/data/0001535527/000110465919073241/xslF345X03/a4.xml"}, {"form_type": "4", "filings_date": "2019-12-11", "url": "https://www.sec.gov/Archives/edgar/data/0001535527/000095010319017143/xslF345X03/dp117573_4-gandhi.xml"}, {"form_type": "4", "filings_date": "2019-12-11", "url": "https://www.sec.gov/Archives/edgar/data/0001535527/000089924319028989/xslF345X03/doc4.xml"}, {"form_type": "4", "filings_date": "2019-12-11", "url": "https://www.sec.gov/Archives/edgar/data/0001535527/000110465919071951/xslF345X03/a4.xml"}, {"form_type": "4", "filings_date": "2019-12-11", "url": "https://www.sec.gov/Archives/edgar/data/0001535527/000110465919071950/xslF345X03/a4.xml"}, {"form_type": "4", "filings_date": "2019-12-11", "url": "https://www.sec.gov/Archives/edgar/data/0001535527/000095010319017140/xslF345X03/dp117563_4-acc.xml"}, {"form_type": "4", "filings_date": "2019-12-11", "url": "https://www.sec.gov/Archives/edgar/data/0001535527/000095010319017139/xslF345X03/dp117555_4-kurtz.xml"}, {"form_type": "4", "filings_date": "2019-12-11", "url": "https://www.sec.gov/Archives/edgar/data/0001535527/000095010319017138/xslF345X03/dp117552_4-watzinger.xml"}, {"form_type": "4", "filings_date": "2019-12-11", "url": "https://www.sec.gov/Archives/edgar/data/0001535527/000095010319017137/xslF345X03/dp117553_4-oleary.xml"}, {"form_type": "4", "filings_date": "2019-12-11", "url": "https://www.sec.gov/Archives/edgar/data/0001535527/000095010319017136/xslF345X03/dp117554_4-sexton.xml"}, {"form_type": "4", "filings_date": "2019-12-11", "url": "https://www.sec.gov/Archives/edgar/data/0001535527/000095010319017135/xslF345X03/dp117550_4-podbere.xml"}, {"form_type": "10-Q", "filings_date": "2019-12-06", "url": "https://www.sec.gov/Archives/edgar/data/0001535527/000153552719000011/crwd-20191031.htm"}, {"form_type": "8-K", "filings_date": "2019-12-05", "url": "https://www.sec.gov/Archives/edgar/data/0001535527/000153552719000007/crwd-20191205.htm"}, {"form_type": "SC 13G", "filings_date": "2019-11-04", "url": "https://www.sec.gov/Archives/edgar/data/0001535527/000089542119000626/Crowdstrikeholdingsinc.txt"}, {"form_type": "SC 13G", "filings_date": "2019-10-10", "url": "https://www.sec.gov/Archives/edgar/data/0001535527/000093583619000546/crowdstrike13g.htm"}, {"form_type": "10-Q", "filings_date": "2019-09-06", "url": "https://www.sec.gov/Archives/edgar/data/0001535527/000155837019008521/crwd-20190731x10q.htm"}, {"form_type": "8-K", "filings_date": "2019-09-05", "url": "https://www.sec.gov/Archives/edgar/data/0001535527/000155837019008509/f8-k.htm"}, {"form_type": "10-Q", "filings_date": "2019-07-19", "url": "https://www.sec.gov/Archives/edgar/data/0001535527/000155837019006161/crwd-20190430x10q.htm"}, {"form_type": "8-K", "filings_date": "2019-07-18", "url": "https://www.sec.gov/Archives/edgar/data/0001535527/000155837019006148/f8-k.htm"}, {"form_type": "4", "filings_date": "2019-06-18", "url": "https://www.sec.gov/Archives/edgar/data/0001535527/000110465919036208/xslF345X03/a4.xml"}, {"form_type": "4", "filings_date": "2019-06-18", "url": "https://www.sec.gov/Archives/edgar/data/0001535527/000110465919036207/xslF345X03/a4.xml"}, {"form_type": "4", "filings_date": "2019-06-18", "url": "https://www.sec.gov/Archives/edgar/data/0001535527/000095010319008193/xslF345X03/dp108549_4-accel2.xml"}, {"form_type": "4", "filings_date": "2019-06-18", "url": "https://www.sec.gov/Archives/edgar/data/0001535527/000095010319008192/xslF345X03/dp108548_4-accel1.xml"}, {"form_type": "SC 13G", "filings_date": "2019-06-18", "url": "https://www.sec.gov/Archives/edgar/data/0001535527/000110465919036188/a19-11702_1sc13g.htm"}, {"form_type": "4", "filings_date": "2019-06-18", "url": "https://www.sec.gov/Archives/edgar/data/0001535527/000095010319008191/xslF345X03/dp108547_4-gandhi.xml"}, {"form_type": "4", "filings_date": "2019-06-18", "url": "https://www.sec.gov/Archives/edgar/data/0001535527/000095010319008189/xslF345X03/dp108546_4-watzinger.xml"}, {"form_type": "4", "filings_date": "2019-06-18", "url": "https://www.sec.gov/Archives/edgar/data/0001535527/000095010319008185/xslF345X03/dp108545_4-oleary.xml"}, {"form_type": "4", "filings_date": "2019-06-18", "url": "https://www.sec.gov/Archives/edgar/data/0001535527/000095010319008183/xslF345X03/dp108544_4-kurtz.xml"}, {"form_type": "4", "filings_date": "2019-06-18", "url": "https://www.sec.gov/Archives/edgar/data/0001535527/000089924319017277/xslF345X03/doc4.xml"}, {"form_type": "8-K", "filings_date": "2019-06-14", "url": "https://www.sec.gov/Archives/edgar/data/0001535527/000110465919035685/a19-11597_18k.htm"}, {"form_type": "424B4", "filings_date": "2019-06-13", "url": "https://www.sec.gov/Archives/edgar/data/0001535527/000104746919003607/a2239024z424b4.htm"}, {"form_type": "S-8", "filings_date": "2019-06-12", "url": "https://www.sec.gov/Archives/edgar/data/0001535527/000110465919035095/a19-11338_1s8.htm"}, {"form_type": "CERT", "filings_date": "2019-06-12", "url": "https://www.sec.gov/Archives/edgar/data/0001535527/000135445719000307/8A_Cert_CRWD.pdf"}, {"form_type": "EFFECT", "filings_date": "2019-06-11", "url": "https://www.sec.gov/Archives/edgar/data/0001535527/999999999519001327/xslEFFECTX01/primary_doc.xml"}, {"form_type": "3", "filings_date": "2019-06-11", "url": "https://www.sec.gov/Archives/edgar/data/0001535527/000089924319016435/xslF345X02/doc3.xml"}, {"form_type": "3", "filings_date": "2019-06-11", "url": "https://www.sec.gov/Archives/edgar/data/0001535527/000095010319008022/xslF345X02/dp108389_3-2.xml"}, {"form_type": "3", "filings_date": "2019-06-11", "url": "https://www.sec.gov/Archives/edgar/data/0001535527/000095010319008021/xslF345X02/dp108388_3-1.xml"}, {"form_type": "3", "filings_date": "2019-06-11", "url": "https://www.sec.gov/Archives/edgar/data/0001535527/000110465919034811/xslF345X02/a3.xml"}, {"form_type": "3", "filings_date": "2019-06-11", "url": "https://www.sec.gov/Archives/edgar/data/0001535527/000110465919034810/xslF345X02/a3.xml"}, {"form_type": "3", "filings_date": "2019-06-11", "url": "https://www.sec.gov/Archives/edgar/data/0001535527/000095010319008017/xslF345X02/dp108387_3-gandhi.xml"}, {"form_type": "3", "filings_date": "2019-06-11", "url": "https://www.sec.gov/Archives/edgar/data/0001535527/000095010319008016/xslF345X02/dp108352_3-gerhard.xml"}, {"form_type": "3", "filings_date": "2019-06-11", "url": "https://www.sec.gov/Archives/edgar/data/0001535527/000095010319008015/xslF345X02/dp108351_3-godfrey.xml"}, {"form_type": "3", "filings_date": "2019-06-11", "url": "https://www.sec.gov/Archives/edgar/data/0001535527/000095010319008014/xslF345X02/dp108349_3-denis.xml"}, {"form_type": "3", "filings_date": "2019-06-11", "url": "https://www.sec.gov/Archives/edgar/data/0001535527/000095010319008013/xslF345X02/dp108350_3-joseph.xml"}, {"form_type": "3", "filings_date": "2019-06-11", "url": "https://www.sec.gov/Archives/edgar/data/0001535527/000095010319008012/xslF345X02/dp108348_3-cary.xml"}, {"form_type": "3", "filings_date": "2019-06-11", "url": "https://www.sec.gov/Archives/edgar/data/0001535527/000095010319008011/xslF345X02/dp108347_3-roxanne.xml"}, {"form_type": "3", "filings_date": "2019-06-11", "url": "https://www.sec.gov/Archives/edgar/data/0001535527/000095010319008010/xslF345X02/dp108346_3-burt.xml"}, {"form_type": "3", "filings_date": "2019-06-11", "url": "https://www.sec.gov/Archives/edgar/data/0001535527/000095010319008008/xslF345X02/dp108345_3-black.xml"}, {"form_type": "3", "filings_date": "2019-06-11", "url": "https://www.sec.gov/Archives/edgar/data/0001535527/000095010319008007/xslF345X02/dp108344_3-kurtz.xml"}, {"form_type": "CORRESP", "filings_date": "2019-06-07", "url": "https://www.sec.gov/Archives/edgar/data/0001535527/000110465919034516/filename1.htm"}, {"form_type": "CORRESP", "filings_date": "2019-06-07", "url": "https://www.sec.gov/Archives/edgar/data/0001535527/000110465919034515/filename1.htm"}, {"form_type": "8-A12B", "filings_date": "2019-06-07", "url": "https://www.sec.gov/Archives/edgar/data/0001535527/000110465919034512/a18-40307_58a12b.htm"}, {"form_type": "S-1/A", "filings_date": "2019-06-06", "url": "https://www.sec.gov/Archives/edgar/data/0001535527/000104746919003508/a2238988zs-1a.htm"}, {"form_type": "S-1/A", "filings_date": "2019-05-29", "url": "https://www.sec.gov/Archives/edgar/data/0001535527/000104746919003341/a2238881zs-1a.htm"}, {"form_type": "S-1", "filings_date": "2019-05-14", "url": "https://www.sec.gov/Archives/edgar/data/0001535527/000104746919003095/a2238800zs-1.htm"}, {"form_type": "DRSLTR", "filings_date": "2019-05-08", "url": "https://www.sec.gov/Archives/edgar/data/0001535527/000141057819000244/filename1.htm"}, {"form_type": "DRS/A", "filings_date": "2019-05-08", "url": "https://www.sec.gov/Archives/edgar/data/0001535527/000091205719000202/filename1.htm"}, {"form_type": "UPLOAD", "filings_date": "2019-05-06", "url": "https://www.sec.gov/Archives/edgar/data/0001535527/000000000019008059/filename1.pdf"}, {"form_type": "DRSLTR", "filings_date": "2019-04-17", "url": "https://www.sec.gov/Archives/edgar/data/0001535527/000141057819000204/filename1.htm"}, {"form_type": "DRS/A", "filings_date": "2019-04-17", "url": "https://www.sec.gov/Archives/edgar/data/0001535527/000091205719000168/filename1.htm"}, {"form_type": "UPLOAD", "filings_date": "2019-03-25", "url": "https://www.sec.gov/Archives/edgar/data/0001535527/000000000019005625/filename1.pdf"}, {"form_type": "DRS", "filings_date": "2019-02-25", "url": "https://www.sec.gov/Archives/edgar/data/0001535527/000091205719000061/filename1.htm"}]}