{"company": {"cik": "0001084577", "name": "CYREN Ltd.", "sic": "Services-Prepackaged Software", "state_incorp": "L3", "ticker": "CYRN", "mailing_addr": "10 HA-MENOFIM STREET, HERZLIYA, L3, 4672561", "category": "Non-accelerated filer<br>Smaller reporting company", "fiscal_year_end": "31, December"}, "filings": [{"form_type": "8-K", "filings_date": "2022-02-25", "url": "https://www.sec.gov/Archives/edgar/data/0001084577/000121390022009336/ea156177-8k_cyrenltd.htm"}, {"form_type": "S-3", "filings_date": "2022-02-23", "url": "https://www.sec.gov/Archives/edgar/data/0001084577/000121390022008965/ea156055-s3_cyrenltd.htm"}, {"form_type": "D", "filings_date": "2022-02-16", "url": "https://www.sec.gov/Archives/edgar/data/0001084577/000123191922000008/xslFormDX01/primary_doc.xml"}, {"form_type": "8-K", "filings_date": "2022-02-14", "url": "https://www.sec.gov/Archives/edgar/data/0001084577/000121390022007617/ea155532-8k_cyrenltd.htm"}, {"form_type": "SC 13G/A", "filings_date": "2022-02-14", "url": "https://www.sec.gov/Archives/edgar/data/0001084577/000110465922022539/tm226115d15_sc13ga.htm"}, {"form_type": "8-K", "filings_date": "2022-02-10", "url": "https://www.sec.gov/Archives/edgar/data/0001084577/000121390022006237/ea155287-8k_cyrenltd.htm"}, {"form_type": "8-K", "filings_date": "2022-02-09", "url": "https://www.sec.gov/Archives/edgar/data/0001084577/000121390022006047/ea155111-8k_cyrenltd.htm"}, {"form_type": "SC 13G/A", "filings_date": "2022-02-07", "url": "https://www.sec.gov/Archives/edgar/data/0001084577/000121390022005582/ea155013-13ga8yelin_cyrenltd.htm"}, {"form_type": "DEF 14A", "filings_date": "2022-01-05", "url": "https://www.sec.gov/Archives/edgar/data/0001084577/000121390022000647/def14a0122_cyrenltd.htm"}, {"form_type": "3", "filings_date": "2021-12-20", "url": "https://www.sec.gov/Archives/edgar/data/0001084577/000121390021066457/xslF345X02/ownership.xml"}, {"form_type": "PRE 14A", "filings_date": "2021-12-15", "url": "https://www.sec.gov/Archives/edgar/data/0001084577/000121390021065343/ea152361-pre14a_cyrenltd.htm"}, {"form_type": "8-K", "filings_date": "2021-12-09", "url": "https://www.sec.gov/Archives/edgar/data/0001084577/000121390021064314/ea151653-8k_cyrenltd.htm"}, {"form_type": "8-K", "filings_date": "2021-11-16", "url": "https://www.sec.gov/Archives/edgar/data/0001084577/000121390021059628/ea150709-8k_cyrenltd.htm"}, {"form_type": "10-Q", "filings_date": "2021-11-15", "url": "https://www.sec.gov/Archives/edgar/data/0001084577/000121390021059378/f10q0921_cyrenltd.htm"}, {"form_type": "424B3", "filings_date": "2021-10-08", "url": "https://www.sec.gov/Archives/edgar/data/0001084577/000121390021051969/ea148393-424b3_cyren.htm"}, {"form_type": "EFFECT", "filings_date": "2021-10-07", "url": "https://www.sec.gov/Archives/edgar/data/0001084577/999999999521003827/xslEFFECTX01/primary_doc.xml"}, {"form_type": "8-K", "filings_date": "2021-10-06", "url": "https://www.sec.gov/Archives/edgar/data/0001084577/000121390021051596/ea148494-8k_cyren.htm"}, {"form_type": "CORRESP", "filings_date": "2021-10-05", "url": "https://www.sec.gov/Archives/edgar/data/0001084577/000121390021051392/filename1.htm"}, {"form_type": "UPLOAD", "filings_date": "2021-10-05", "url": "https://www.sec.gov/Archives/edgar/data/0001084577/000000000021012062/filename1.pdf"}, {"form_type": "S-3", "filings_date": "2021-10-01", "url": "https://www.sec.gov/Archives/edgar/data/0001084577/000121390021051116/ea148170-s3_cyrenltd.htm"}, {"form_type": "D", "filings_date": "2021-09-30", "url": "https://www.sec.gov/Archives/edgar/data/0001084577/000121390021050860/xslFormDX01/primary_doc.xml"}, {"form_type": "4", "filings_date": "2021-09-24", "url": "https://www.sec.gov/Archives/edgar/data/0001084577/000121390021049858/xslF345X03/ownership.xml"}, {"form_type": "3", "filings_date": "2021-09-24", "url": "https://www.sec.gov/Archives/edgar/data/0001084577/000121390021049854/xslF345X02/ownership.xml"}, {"form_type": "8-K", "filings_date": "2021-09-20", "url": "https://www.sec.gov/Archives/edgar/data/0001084577/000121390021048778/ea147547-8k_cyrenltd.htm"}, {"form_type": "8-K", "filings_date": "2021-08-25", "url": "https://www.sec.gov/Archives/edgar/data/0001084577/000121390021044803/ea146440-8k_cyrenltd.htm"}, {"form_type": "10-Q", "filings_date": "2021-08-16", "url": "https://www.sec.gov/Archives/edgar/data/0001084577/000121390021043003/f10q0621_cyrenltd.htm"}, {"form_type": "8-K", "filings_date": "2021-08-16", "url": "https://www.sec.gov/Archives/edgar/data/0001084577/000121390021042993/ea145946-8k_cyrenltd.htm"}, {"form_type": "4", "filings_date": "2021-08-04", "url": "https://www.sec.gov/Archives/edgar/data/0001084577/000121390021040354/xslF345X03/ownership.xml"}, {"form_type": "4/A", "filings_date": "2021-07-23", "url": "https://www.sec.gov/Archives/edgar/data/0001084577/000121390021038471/xslF345X03/ownership.xml"}, {"form_type": "4/A", "filings_date": "2021-07-23", "url": "https://www.sec.gov/Archives/edgar/data/0001084577/000121390021038469/xslF345X03/ownership.xml"}, {"form_type": "4/A", "filings_date": "2021-07-23", "url": "https://www.sec.gov/Archives/edgar/data/0001084577/000121390021038467/xslF345X03/ownership.xml"}, {"form_type": "4", "filings_date": "2021-07-23", "url": "https://www.sec.gov/Archives/edgar/data/0001084577/000121390021038436/xslF345X03/ownership.xml"}, {"form_type": "4", "filings_date": "2021-07-23", "url": "https://www.sec.gov/Archives/edgar/data/0001084577/000121390021038432/xslF345X03/ownership.xml"}, {"form_type": "4", "filings_date": "2021-07-23", "url": "https://www.sec.gov/Archives/edgar/data/0001084577/000121390021038431/xslF345X03/ownership.xml"}, {"form_type": "4", "filings_date": "2021-07-23", "url": "https://www.sec.gov/Archives/edgar/data/0001084577/000121390021038430/xslF345X03/ownership.xml"}, {"form_type": "4", "filings_date": "2021-07-23", "url": "https://www.sec.gov/Archives/edgar/data/0001084577/000121390021038429/xslF345X03/ownership.xml"}, {"form_type": "4", "filings_date": "2021-07-23", "url": "https://www.sec.gov/Archives/edgar/data/0001084577/000121390021038428/xslF345X03/ownership.xml"}, {"form_type": "4", "filings_date": "2021-07-23", "url": "https://www.sec.gov/Archives/edgar/data/0001084577/000121390021038427/xslF345X03/ownership.xml"}, {"form_type": "4", "filings_date": "2021-07-23", "url": "https://www.sec.gov/Archives/edgar/data/0001084577/000121390021038418/xslF345X03/ownership.xml"}, {"form_type": "4", "filings_date": "2021-07-23", "url": "https://www.sec.gov/Archives/edgar/data/0001084577/000121390021038413/xslF345X03/ownership.xml"}, {"form_type": "3", "filings_date": "2021-07-22", "url": "https://www.sec.gov/Archives/edgar/data/0001084577/000121390021038172/xslF345X02/ownership.xml"}, {"form_type": "8-K", "filings_date": "2021-07-13", "url": "https://www.sec.gov/Archives/edgar/data/0001084577/000121390021036629/ea144104-8k_cyren.htm"}, {"form_type": "4", "filings_date": "2021-06-21", "url": "https://www.sec.gov/Archives/edgar/data/0001084577/000121390021033352/xslF345X03/ownership.xml"}, {"form_type": "DEF 14A", "filings_date": "2021-06-03", "url": "https://www.sec.gov/Archives/edgar/data/0001084577/000121390021030708/def14a0621_cyrenltd.htm"}, {"form_type": "4", "filings_date": "2021-05-24", "url": "https://www.sec.gov/Archives/edgar/data/0001084577/000121390021028781/xslF345X03/ownership.xml"}, {"form_type": "PRE 14A", "filings_date": "2021-05-18", "url": "https://www.sec.gov/Archives/edgar/data/0001084577/000121390021027639/ea140894-pre14a_cyrenltd.htm"}, {"form_type": "8-K", "filings_date": "2021-05-17", "url": "https://www.sec.gov/Archives/edgar/data/0001084577/000121390021027016/ea141111-8k_cyren.htm"}, {"form_type": "10-Q", "filings_date": "2021-05-17", "url": "https://www.sec.gov/Archives/edgar/data/0001084577/000121390021027010/f10q0321_cyrenltd.htm"}, {"form_type": "4/A", "filings_date": "2021-04-30", "url": "https://www.sec.gov/Archives/edgar/data/0001084577/000121390021023891/xslF345X03/ownership.xml"}, {"form_type": "4/A", "filings_date": "2021-04-30", "url": "https://www.sec.gov/Archives/edgar/data/0001084577/000121390021023889/xslF345X03/ownership.xml"}, {"form_type": "4/A", "filings_date": "2021-04-30", "url": "https://www.sec.gov/Archives/edgar/data/0001084577/000121390021023887/xslF345X03/ownership.xml"}, {"form_type": "4/A", "filings_date": "2021-04-30", "url": "https://www.sec.gov/Archives/edgar/data/0001084577/000121390021023885/xslF345X03/ownership.xml"}, {"form_type": "4/A", "filings_date": "2021-04-30", "url": "https://www.sec.gov/Archives/edgar/data/0001084577/000121390021023883/xslF345X03/ownership.xml"}, {"form_type": "4", "filings_date": "2021-04-23", "url": "https://www.sec.gov/Archives/edgar/data/0001084577/000121390021022721/xslF345X03/ownership.xml"}, {"form_type": "4", "filings_date": "2021-04-23", "url": "https://www.sec.gov/Archives/edgar/data/0001084577/000121390021022720/xslF345X03/ownership.xml"}, {"form_type": "4", "filings_date": "2021-04-23", "url": "https://www.sec.gov/Archives/edgar/data/0001084577/000121390021022719/xslF345X03/ownership.xml"}, {"form_type": "4", "filings_date": "2021-04-23", "url": "https://www.sec.gov/Archives/edgar/data/0001084577/000121390021022718/xslF345X03/ownership.xml"}, {"form_type": "4", "filings_date": "2021-04-23", "url": "https://www.sec.gov/Archives/edgar/data/0001084577/000121390021022717/xslF345X03/ownership.xml"}, {"form_type": "8-K", "filings_date": "2021-04-13", "url": "https://www.sec.gov/Archives/edgar/data/0001084577/000121390021021390/ea139460_8k-cyren.htm"}, {"form_type": "10-K", "filings_date": "2021-03-30", "url": "https://www.sec.gov/Archives/edgar/data/0001084577/000121390021018692/f10k2020_cyrenltd.htm"}, {"form_type": "8-K", "filings_date": "2021-02-22", "url": "https://www.sec.gov/Archives/edgar/data/0001084577/000121390021010843/ea136191-8k_cyrenltd.htm"}, {"form_type": "4", "filings_date": "2021-02-22", "url": "https://www.sec.gov/Archives/edgar/data/0001084577/000121390021010822/xslF345X03/ownership.xml"}, {"form_type": "SC 13G", "filings_date": "2021-02-19", "url": "https://www.sec.gov/Archives/edgar/data/0001084577/000110465921025606/tm217209d3_sc13g.htm"}, {"form_type": "8-K", "filings_date": "2021-02-16", "url": "https://www.sec.gov/Archives/edgar/data/0001084577/000121390021009341/ea135591-8k_cyrenltd.htm"}, {"form_type": "424B5", "filings_date": "2021-02-16", "url": "https://www.sec.gov/Archives/edgar/data/0001084577/000121390021009329/ea135592-424b5_cyren.htm"}, {"form_type": "3", "filings_date": "2021-02-11", "url": "https://www.sec.gov/Archives/edgar/data/0001084577/000121390021008311/xslF345X02/ownership.xml"}, {"form_type": "8-K", "filings_date": "2021-02-11", "url": "https://www.sec.gov/Archives/edgar/data/0001084577/000121390021008281/ea135221-8k_cyren.htm"}, {"form_type": "SC 13G/A", "filings_date": "2021-02-02", "url": "https://www.sec.gov/Archives/edgar/data/0001084577/000121390021005930/ea134284-13ga7yelin_cyrenltd.htm"}, {"form_type": "8-K", "filings_date": "2021-01-27", "url": "https://www.sec.gov/Archives/edgar/data/0001084577/000121390021004665/ea134055-8k_cyrenltd.htm"}, {"form_type": "4", "filings_date": "2021-01-26", "url": "https://www.sec.gov/Archives/edgar/data/0001084577/000121390021004409/xslF345X03/ownership.xml"}, {"form_type": "8-K", "filings_date": "2021-01-12", "url": "https://www.sec.gov/Archives/edgar/data/0001084577/000121390021001734/ea133209-8k_cyrenltd.htm"}, {"form_type": "4", "filings_date": "2021-01-06", "url": "https://www.sec.gov/Archives/edgar/data/0001084577/000121390021000696/xslF345X03/ownership.xml"}, {"form_type": "4", "filings_date": "2021-01-06", "url": "https://www.sec.gov/Archives/edgar/data/0001084577/000121390021000693/xslF345X03/ownership.xml"}, {"form_type": "4", "filings_date": "2021-01-06", "url": "https://www.sec.gov/Archives/edgar/data/0001084577/000121390021000688/xslF345X03/ownership.xml"}, {"form_type": "4", "filings_date": "2021-01-06", "url": "https://www.sec.gov/Archives/edgar/data/0001084577/000121390021000686/xslF345X03/ownership.xml"}, {"form_type": "4", "filings_date": "2021-01-06", "url": "https://www.sec.gov/Archives/edgar/data/0001084577/000121390021000684/xslF345X03/ownership.xml"}, {"form_type": "4", "filings_date": "2021-01-06", "url": "https://www.sec.gov/Archives/edgar/data/0001084577/000121390021000682/xslF345X03/ownership.xml"}, {"form_type": "4", "filings_date": "2021-01-06", "url": "https://www.sec.gov/Archives/edgar/data/0001084577/000121390021000679/xslF345X03/ownership.xml"}, {"form_type": "4", "filings_date": "2021-01-06", "url": "https://www.sec.gov/Archives/edgar/data/0001084577/000121390021000677/xslF345X03/ownership.xml"}, {"form_type": "4", "filings_date": "2021-01-06", "url": "https://www.sec.gov/Archives/edgar/data/0001084577/000121390021000675/xslF345X03/ownership.xml"}, {"form_type": "8-K", "filings_date": "2020-11-16", "url": "https://www.sec.gov/Archives/edgar/data/0001084577/000121390020037432/ea130010-8k_cyrenltd.htm"}, {"form_type": "10-Q", "filings_date": "2020-11-16", "url": "https://www.sec.gov/Archives/edgar/data/0001084577/000121390020037418/f10q0920_cyrenltd.htm"}, {"form_type": "10-Q", "filings_date": "2020-08-12", "url": "https://www.sec.gov/Archives/edgar/data/0001084577/000121390020021653/f10q0620_cyrenltd.htm"}, {"form_type": "8-K", "filings_date": "2020-08-12", "url": "https://www.sec.gov/Archives/edgar/data/0001084577/000121390020021517/ea125413-8k_cyrenltd.htm"}, {"form_type": "4", "filings_date": "2020-08-03", "url": "https://www.sec.gov/Archives/edgar/data/0001084577/000121390020019915/xslF345X03/ownership.xml"}, {"form_type": "4", "filings_date": "2020-08-03", "url": "https://www.sec.gov/Archives/edgar/data/0001084577/000121390020019908/xslF345X03/ownership.xml"}, {"form_type": "8-K", "filings_date": "2020-08-03", "url": "https://www.sec.gov/Archives/edgar/data/0001084577/000121390020019897/ea124868-8k_cyrenltd.htm"}, {"form_type": "DEF 14A", "filings_date": "2020-06-25", "url": "https://www.sec.gov/Archives/edgar/data/0001084577/000121390020015818/def14a0620_cyrenltd.htm"}, {"form_type": "PRE 14A", "filings_date": "2020-06-12", "url": "https://www.sec.gov/Archives/edgar/data/0001084577/000121390020014828/ea122888-pre14a_cyrenltd.htm"}, {"form_type": "8-K", "filings_date": "2020-06-01", "url": "https://www.sec.gov/Archives/edgar/data/0001084577/000121390020013834/ea122555-8k_cyren.htm"}, {"form_type": "EFFECT", "filings_date": "2020-05-26", "url": "https://www.sec.gov/Archives/edgar/data/0001084577/999999999520001249/xslEFFECTX01/primary_doc.xml"}, {"form_type": "424B3", "filings_date": "2020-05-26", "url": "https://www.sec.gov/Archives/edgar/data/0001084577/000121390020013452/ea122351-424b3_cyren.htm"}, {"form_type": "CORRESP", "filings_date": "2020-05-21", "url": "https://www.sec.gov/Archives/edgar/data/0001084577/000121390020013203/filename1.htm"}, {"form_type": "UPLOAD", "filings_date": "2020-05-18", "url": "https://www.sec.gov/Archives/edgar/data/0001084577/000000000020004417/filename1.pdf"}, {"form_type": "S-8", "filings_date": "2020-05-14", "url": "https://www.sec.gov/Archives/edgar/data/0001084577/000121390020012311/ea0121748-s8_cyrenltd.htm"}, {"form_type": "S-3", "filings_date": "2020-05-14", "url": "https://www.sec.gov/Archives/edgar/data/0001084577/000121390020012302/ea121760-s3_cyren.htm"}, {"form_type": "10-Q", "filings_date": "2020-05-13", "url": "https://www.sec.gov/Archives/edgar/data/0001084577/000121390020012026/f10q0320_cyrenltd.htm"}, {"form_type": "8-K", "filings_date": "2020-05-13", "url": "https://www.sec.gov/Archives/edgar/data/0001084577/000121390020011908/ea121744-8k_cyrenltd.htm"}, {"form_type": "8-K", "filings_date": "2020-04-30", "url": "https://www.sec.gov/Archives/edgar/data/0001084577/000121390020010660/ea121181-8k_cyrenltd.htm"}, {"form_type": "D", "filings_date": "2020-04-03", "url": "https://www.sec.gov/Archives/edgar/data/0001084577/000156761920007479/xslFormDX01/primary_doc.xml"}, {"form_type": "10-K", "filings_date": "2020-03-30", "url": "https://www.sec.gov/Archives/edgar/data/0001084577/000121390020008016/f10k2019_cyrenltd.htm"}, {"form_type": "8-K", "filings_date": "2020-03-25", "url": "https://www.sec.gov/Archives/edgar/data/0001084577/000121390020007304/ea119969-8k_cyren.htm"}, {"form_type": "4", "filings_date": "2020-03-23", "url": "https://www.sec.gov/Archives/edgar/data/0001084577/000121390020007164/xslF345X03/ownership.xml"}, {"form_type": "8-K", "filings_date": "2020-03-19", "url": "https://www.sec.gov/Archives/edgar/data/0001084577/000121390020006888/ea119750-8k_cyren.htm"}, {"form_type": "8-K", "filings_date": "2020-03-17", "url": "https://www.sec.gov/Archives/edgar/data/0001084577/000121390020006618/ea119582-8k_cyrenltd.htm"}, {"form_type": "4", "filings_date": "2020-02-28", "url": "https://www.sec.gov/Archives/edgar/data/0001084577/000121390020005048/xslF345X03/ownership.xml"}, {"form_type": "4", "filings_date": "2020-02-28", "url": "https://www.sec.gov/Archives/edgar/data/0001084577/000121390020005047/xslF345X03/ownership.xml"}, {"form_type": "4", "filings_date": "2020-02-28", "url": "https://www.sec.gov/Archives/edgar/data/0001084577/000121390020005046/xslF345X03/ownership.xml"}, {"form_type": "4", "filings_date": "2020-02-28", "url": "https://www.sec.gov/Archives/edgar/data/0001084577/000121390020005045/xslF345X03/ownership.xml"}, {"form_type": "4", "filings_date": "2020-02-28", "url": "https://www.sec.gov/Archives/edgar/data/0001084577/000121390020005044/xslF345X03/ownership.xml"}, {"form_type": "SC 13G/A", "filings_date": "2020-02-10", "url": "https://www.sec.gov/Archives/edgar/data/0001084577/000121390020003042/sc13g0220a6yelin_cyrenltd.htm"}, {"form_type": "SC 13D/A", "filings_date": "2020-02-10", "url": "https://www.sec.gov/Archives/edgar/data/0001084577/000119312520028579/d887043dsc13da.htm"}, {"form_type": "4", "filings_date": "2020-01-30", "url": "https://www.sec.gov/Archives/edgar/data/0001084577/000121390020002169/xslF345X03/ownership.xml"}, {"form_type": "4", "filings_date": "2020-01-30", "url": "https://www.sec.gov/Archives/edgar/data/0001084577/000121390020002168/xslF345X03/ownership.xml"}, {"form_type": "4", "filings_date": "2020-01-30", "url": "https://www.sec.gov/Archives/edgar/data/0001084577/000121390020002165/xslF345X03/ownership.xml"}, {"form_type": "4", "filings_date": "2020-01-08", "url": "https://www.sec.gov/Archives/edgar/data/0001084577/000121390020000557/xslF345X03/ownership.xml"}, {"form_type": "4", "filings_date": "2020-01-08", "url": "https://www.sec.gov/Archives/edgar/data/0001084577/000121390020000555/xslF345X03/ownership.xml"}, {"form_type": "4", "filings_date": "2020-01-08", "url": "https://www.sec.gov/Archives/edgar/data/0001084577/000121390020000553/xslF345X03/ownership.xml"}, {"form_type": "4", "filings_date": "2020-01-08", "url": "https://www.sec.gov/Archives/edgar/data/0001084577/000121390020000551/xslF345X03/ownership.xml"}, {"form_type": "4", "filings_date": "2020-01-08", "url": "https://www.sec.gov/Archives/edgar/data/0001084577/000121390020000549/xslF345X03/ownership.xml"}, {"form_type": "4", "filings_date": "2020-01-08", "url": "https://www.sec.gov/Archives/edgar/data/0001084577/000121390020000547/xslF345X03/ownership.xml"}, {"form_type": "4", "filings_date": "2020-01-08", "url": "https://www.sec.gov/Archives/edgar/data/0001084577/000121390020000544/xslF345X03/ownership.xml"}, {"form_type": "4", "filings_date": "2020-01-08", "url": "https://www.sec.gov/Archives/edgar/data/0001084577/000121390020000542/xslF345X03/ownership.xml"}, {"form_type": "4", "filings_date": "2020-01-08", "url": "https://www.sec.gov/Archives/edgar/data/0001084577/000121390020000539/xslF345X03/ownership.xml"}, {"form_type": "10-Q", "filings_date": "2019-11-13", "url": "https://www.sec.gov/Archives/edgar/data/0001084577/000121390019023170/f10q0919_cyrenltd.htm"}, {"form_type": "8-K", "filings_date": "2019-11-13", "url": "https://www.sec.gov/Archives/edgar/data/0001084577/000121390019023061/f8k111319_cyrenltd.htm"}, {"form_type": "4", "filings_date": "2019-11-12", "url": "https://www.sec.gov/Archives/edgar/data/0001084577/000121390019022738/xslF345X03/ownership.xml"}, {"form_type": "3", "filings_date": "2019-11-12", "url": "https://www.sec.gov/Archives/edgar/data/0001084577/000121390019022697/xslF345X02/ownership.xml"}, {"form_type": "SC 13D/A", "filings_date": "2019-11-12", "url": "https://www.sec.gov/Archives/edgar/data/0001084577/000119312519288633/d833735dsc13da.htm"}, {"form_type": "4", "filings_date": "2019-11-08", "url": "https://www.sec.gov/Archives/edgar/data/0001084577/000089924319027064/xslF345X03/doc4.xml"}, {"form_type": "4", "filings_date": "2019-11-08", "url": "https://www.sec.gov/Archives/edgar/data/0001084577/000089924319027063/xslF345X03/doc4.xml"}, {"form_type": "4", "filings_date": "2019-11-08", "url": "https://www.sec.gov/Archives/edgar/data/0001084577/000089924319027060/xslF345X03/doc4.xml"}, {"form_type": "4", "filings_date": "2019-11-08", "url": "https://www.sec.gov/Archives/edgar/data/0001084577/000089924319027059/xslF345X03/doc4.xml"}, {"form_type": "4", "filings_date": "2019-11-08", "url": "https://www.sec.gov/Archives/edgar/data/0001084577/000089924319027058/xslF345X03/doc4.xml"}, {"form_type": "8-K", "filings_date": "2019-11-07", "url": "https://www.sec.gov/Archives/edgar/data/0001084577/000121390019022260/f8k110719_cyrenltd.htm"}, {"form_type": "8-K", "filings_date": "2019-10-04", "url": "https://www.sec.gov/Archives/edgar/data/0001084577/000121390019019690/f8k100419_cyrenltd.htm"}, {"form_type": "424B5", "filings_date": "2019-10-04", "url": "https://www.sec.gov/Archives/edgar/data/0001084577/000121390019019677/f424b5100419_cyrenltd.htm"}, {"form_type": "SC 13D/A", "filings_date": "2019-09-12", "url": "https://www.sec.gov/Archives/edgar/data/0001084577/000119312519244004/d801979dsc13da.htm"}, {"form_type": "8-K", "filings_date": "2019-09-11", "url": "https://www.sec.gov/Archives/edgar/data/0001084577/000121390019017779/f8k091119_cyrenltd.htm"}, {"form_type": "8-K/A", "filings_date": "2019-08-26", "url": "https://www.sec.gov/Archives/edgar/data/0001084577/000121390019016645/f8k073019a1_cyrenltd.htm"}, {"form_type": "UPLOAD", "filings_date": "2019-08-21", "url": "https://www.sec.gov/Archives/edgar/data/0001084577/000000000019012697/filename1.pdf"}, {"form_type": "EFFECT", "filings_date": "2019-08-20", "url": "https://www.sec.gov/Archives/edgar/data/0001084577/999999999519001935/xslEFFECTX01/primary_doc.xml"}, {"form_type": "CORRESP", "filings_date": "2019-08-19", "url": "https://www.sec.gov/Archives/edgar/data/0001084577/000121390019016341/filename1.htm"}, {"form_type": "S-3", "filings_date": "2019-08-16", "url": "https://www.sec.gov/Archives/edgar/data/0001084577/000121390019016103/fs32019_cyrenltd.htm"}, {"form_type": "4", "filings_date": "2019-08-14", "url": "https://www.sec.gov/Archives/edgar/data/0001084577/000121390019015859/xslF345X03/ownership.xml"}, {"form_type": "4", "filings_date": "2019-08-14", "url": "https://www.sec.gov/Archives/edgar/data/0001084577/000121390019015858/xslF345X03/ownership.xml"}, {"form_type": "10-Q", "filings_date": "2019-08-14", "url": "https://www.sec.gov/Archives/edgar/data/0001084577/000121390019015823/f10q0619_cyrenltd.htm"}, {"form_type": "8-K", "filings_date": "2019-08-14", "url": "https://www.sec.gov/Archives/edgar/data/0001084577/000121390019015623/f8k081419_cyrenltd.htm"}, {"form_type": "8-K", "filings_date": "2019-08-02", "url": "https://www.sec.gov/Archives/edgar/data/0001084577/000121390019014491/f8k080219_cyren.htm"}, {"form_type": "4", "filings_date": "2019-08-01", "url": "https://www.sec.gov/Archives/edgar/data/0001084577/000121390019014379/xslF345X03/ownership.xml"}, {"form_type": "4", "filings_date": "2019-08-01", "url": "https://www.sec.gov/Archives/edgar/data/0001084577/000121390019014376/xslF345X03/ownership.xml"}, {"form_type": "3", "filings_date": "2019-07-23", "url": "https://www.sec.gov/Archives/edgar/data/0001084577/000121390019013405/xslF345X02/ownership.xml"}, {"form_type": "DEF 14A", "filings_date": "2019-06-25", "url": "https://www.sec.gov/Archives/edgar/data/0001084577/000121390019011459/def14a0619_cyrenltd.htm"}, {"form_type": "PRE 14A", "filings_date": "2019-06-13", "url": "https://www.sec.gov/Archives/edgar/data/0001084577/000121390019010674/pre14a0619_cyrenltd.htm"}, {"form_type": "3", "filings_date": "2019-05-29", "url": "https://www.sec.gov/Archives/edgar/data/0001084577/000121390019009740/xslF345X02/ownership.xml"}, {"form_type": "8-K", "filings_date": "2019-05-23", "url": "https://www.sec.gov/Archives/edgar/data/0001084577/000121390019009448/f8k052019_cyrenltd.htm"}, {"form_type": "10-Q", "filings_date": "2019-05-15", "url": "https://www.sec.gov/Archives/edgar/data/0001084577/000121390019008867/f10q0319_cyrenltd.htm"}, {"form_type": "8-K", "filings_date": "2019-05-15", "url": "https://www.sec.gov/Archives/edgar/data/0001084577/000121390019008652/f8k051519_cyrenltd.htm"}, {"form_type": "4", "filings_date": "2019-05-08", "url": "https://www.sec.gov/Archives/edgar/data/0001084577/000121390019008091/xslF345X03/ownership.xml"}, {"form_type": "3", "filings_date": "2019-05-08", "url": "https://www.sec.gov/Archives/edgar/data/0001084577/000121390019008076/xslF345X02/ownership.xml"}, {"form_type": "8-K", "filings_date": "2019-04-26", "url": "https://www.sec.gov/Archives/edgar/data/0001084577/000121390019007223/f8k042319_cyrenltd.htm"}, {"form_type": "SC 13G/A", "filings_date": "2019-04-18", "url": "https://www.sec.gov/Archives/edgar/data/0001084577/000121390019006659/sc13g0419a5yelin_cyrenltd.htm"}, {"form_type": "10-K", "filings_date": "2019-03-28", "url": "https://www.sec.gov/Archives/edgar/data/0001084577/000121390019005130/f10k2018_cyrenltd.htm"}, {"form_type": "8-K", "filings_date": "2019-02-20", "url": "https://www.sec.gov/Archives/edgar/data/0001084577/000121390019002890/f8k02019_cyrenltd.htm"}, {"form_type": "4", "filings_date": "2019-02-19", "url": "https://www.sec.gov/Archives/edgar/data/0001084577/000121390019002877/xslF345X03/ownership.xml"}, {"form_type": "4", "filings_date": "2019-02-19", "url": "https://www.sec.gov/Archives/edgar/data/0001084577/000121390019002876/xslF345X03/ownership.xml"}, {"form_type": "4", "filings_date": "2019-02-19", "url": "https://www.sec.gov/Archives/edgar/data/0001084577/000121390019002875/xslF345X03/ownership.xml"}, {"form_type": "4", "filings_date": "2019-02-19", "url": "https://www.sec.gov/Archives/edgar/data/0001084577/000121390019002874/xslF345X03/ownership.xml"}, {"form_type": "4", "filings_date": "2019-02-19", "url": "https://www.sec.gov/Archives/edgar/data/0001084577/000121390019002873/xslF345X03/ownership.xml"}, {"form_type": "4", "filings_date": "2019-02-19", "url": "https://www.sec.gov/Archives/edgar/data/0001084577/000121390019002872/xslF345X03/ownership.xml"}, {"form_type": "4", "filings_date": "2019-02-19", "url": "https://www.sec.gov/Archives/edgar/data/0001084577/000121390019002871/xslF345X03/ownership.xml"}, {"form_type": "4", "filings_date": "2019-02-19", "url": "https://www.sec.gov/Archives/edgar/data/0001084577/000121390019002870/xslF345X03/ownership.xml"}, {"form_type": "4", "filings_date": "2019-02-19", "url": "https://www.sec.gov/Archives/edgar/data/0001084577/000121390019002869/xslF345X03/ownership.xml"}, {"form_type": "8-K", "filings_date": "2019-02-13", "url": "https://www.sec.gov/Archives/edgar/data/0001084577/000121390019002281/f8k021319_cyrenltd.htm"}, {"form_type": "4", "filings_date": "2019-01-29", "url": "https://www.sec.gov/Archives/edgar/data/0001084577/000121390019001377/xslF345X03/ownership.xml"}, {"form_type": "4", "filings_date": "2019-01-29", "url": "https://www.sec.gov/Archives/edgar/data/0001084577/000121390019001375/xslF345X03/ownership.xml"}, {"form_type": "4", "filings_date": "2019-01-29", "url": "https://www.sec.gov/Archives/edgar/data/0001084577/000121390019001373/xslF345X03/ownership.xml"}, {"form_type": "4", "filings_date": "2019-01-29", "url": "https://www.sec.gov/Archives/edgar/data/0001084577/000121390019001372/xslF345X03/ownership.xml"}, {"form_type": "4", "filings_date": "2019-01-29", "url": "https://www.sec.gov/Archives/edgar/data/0001084577/000121390019001371/xslF345X03/ownership.xml"}, {"form_type": "4", "filings_date": "2019-01-29", "url": "https://www.sec.gov/Archives/edgar/data/0001084577/000121390019001370/xslF345X03/ownership.xml"}, {"form_type": "4", "filings_date": "2019-01-24", "url": "https://www.sec.gov/Archives/edgar/data/0001084577/000121390019001193/xslF345X03/ownership.xml"}, {"form_type": "4", "filings_date": "2019-01-24", "url": "https://www.sec.gov/Archives/edgar/data/0001084577/000121390019001191/xslF345X03/ownership.xml"}, {"form_type": "4", "filings_date": "2019-01-24", "url": "https://www.sec.gov/Archives/edgar/data/0001084577/000121390019001189/xslF345X03/ownership.xml"}, {"form_type": "4", "filings_date": "2019-01-24", "url": "https://www.sec.gov/Archives/edgar/data/0001084577/000121390019001187/xslF345X03/ownership.xml"}, {"form_type": "4", "filings_date": "2019-01-24", "url": "https://www.sec.gov/Archives/edgar/data/0001084577/000121390019001185/xslF345X03/ownership.xml"}, {"form_type": "4", "filings_date": "2019-01-24", "url": "https://www.sec.gov/Archives/edgar/data/0001084577/000121390019001183/xslF345X03/ownership.xml"}, {"form_type": "4", "filings_date": "2019-01-24", "url": "https://www.sec.gov/Archives/edgar/data/0001084577/000121390019001181/xslF345X03/ownership.xml"}, {"form_type": "4", "filings_date": "2019-01-24", "url": "https://www.sec.gov/Archives/edgar/data/0001084577/000121390019001179/xslF345X03/ownership.xml"}, {"form_type": "4", "filings_date": "2019-01-24", "url": "https://www.sec.gov/Archives/edgar/data/0001084577/000121390019001177/xslF345X03/ownership.xml"}, {"form_type": "SC 13G/A", "filings_date": "2019-01-14", "url": "https://www.sec.gov/Archives/edgar/data/0001084577/000121390019000639/sc13g0119a4yelin_cyrenltd.htm"}, {"form_type": "8-K", "filings_date": "2019-01-10", "url": "https://www.sec.gov/Archives/edgar/data/0001084577/000121390019000506/f8k011019_cyrenltd.htm"}, {"form_type": "3/A", "filings_date": "2019-01-09", "url": "https://www.sec.gov/Archives/edgar/data/0001084577/000121390019000485/xslF345X02/ownership.xml"}, {"form_type": "3/A", "filings_date": "2019-01-09", "url": "https://www.sec.gov/Archives/edgar/data/0001084577/000121390019000483/xslF345X02/ownership.xml"}, {"form_type": "3/A", "filings_date": "2019-01-09", "url": "https://www.sec.gov/Archives/edgar/data/0001084577/000121390019000481/xslF345X02/ownership.xml"}, {"form_type": "3", "filings_date": "2019-01-07", "url": "https://www.sec.gov/Archives/edgar/data/0001084577/000121390019000318/xslF345X02/ownership.xml"}, {"form_type": "3", "filings_date": "2019-01-02", "url": "https://www.sec.gov/Archives/edgar/data/0001084577/000089924319000204/xslF345X02/doc3.xml"}, {"form_type": "3", "filings_date": "2019-01-02", "url": "https://www.sec.gov/Archives/edgar/data/0001084577/000089924319000203/xslF345X02/doc3.xml"}, {"form_type": "3", "filings_date": "2019-01-02", "url": "https://www.sec.gov/Archives/edgar/data/0001084577/000121390019000101/xslF345X02/ownership.xml"}, {"form_type": "3", "filings_date": "2019-01-02", "url": "https://www.sec.gov/Archives/edgar/data/0001084577/000121390019000100/xslF345X02/ownership.xml"}, {"form_type": "3", "filings_date": "2019-01-02", "url": "https://www.sec.gov/Archives/edgar/data/0001084577/000121390019000099/xslF345X02/ownership.xml"}, {"form_type": "3", "filings_date": "2019-01-02", "url": "https://www.sec.gov/Archives/edgar/data/0001084577/000121390019000098/xslF345X02/ownership.xml"}, {"form_type": "3", "filings_date": "2019-01-02", "url": "https://www.sec.gov/Archives/edgar/data/0001084577/000121390019000097/xslF345X02/ownership.xml"}, {"form_type": "3", "filings_date": "2019-01-02", "url": "https://www.sec.gov/Archives/edgar/data/0001084577/000121390019000096/xslF345X02/ownership.xml"}, {"form_type": "3", "filings_date": "2019-01-02", "url": "https://www.sec.gov/Archives/edgar/data/0001084577/000121390019000095/xslF345X02/ownership.xml"}, {"form_type": "3", "filings_date": "2019-01-02", "url": "https://www.sec.gov/Archives/edgar/data/0001084577/000121390019000094/xslF345X02/ownership.xml"}, {"form_type": "3", "filings_date": "2019-01-02", "url": "https://www.sec.gov/Archives/edgar/data/0001084577/000121390019000093/xslF345X02/ownership.xml"}, {"form_type": "3", "filings_date": "2019-01-02", "url": "https://www.sec.gov/Archives/edgar/data/0001084577/000121390019000092/xslF345X02/ownership.xml"}, {"form_type": "3", "filings_date": "2019-01-02", "url": "https://www.sec.gov/Archives/edgar/data/0001084577/000121390019000091/xslF345X02/ownership.xml"}, {"form_type": "3", "filings_date": "2019-01-02", "url": "https://www.sec.gov/Archives/edgar/data/0001084577/000121390019000090/xslF345X02/ownership.xml"}, {"form_type": "3", "filings_date": "2019-01-02", "url": "https://www.sec.gov/Archives/edgar/data/0001084577/000121390019000089/xslF345X02/ownership.xml"}, {"form_type": "3", "filings_date": "2019-01-02", "url": "https://www.sec.gov/Archives/edgar/data/0001084577/000121390019000088/xslF345X02/ownership.xml"}, {"form_type": "3", "filings_date": "2019-01-02", "url": "https://www.sec.gov/Archives/edgar/data/0001084577/000121390019000087/xslF345X02/ownership.xml"}, {"form_type": "3", "filings_date": "2019-01-02", "url": "https://www.sec.gov/Archives/edgar/data/0001084577/000121390019000086/xslF345X02/ownership.xml"}, {"form_type": "3", "filings_date": "2019-01-02", "url": "https://www.sec.gov/Archives/edgar/data/0001084577/000121390019000085/xslF345X02/ownership.xml"}, {"form_type": "3", "filings_date": "2019-01-02", "url": "https://www.sec.gov/Archives/edgar/data/0001084577/000121390019000084/xslF345X02/ownership.xml"}, {"form_type": "3", "filings_date": "2019-01-02", "url": "https://www.sec.gov/Archives/edgar/data/0001084577/000121390019000083/xslF345X02/ownership.xml"}, {"form_type": "3", "filings_date": "2019-01-02", "url": "https://www.sec.gov/Archives/edgar/data/0001084577/000121390019000082/xslF345X02/ownership.xml"}, {"form_type": "6-K", "filings_date": "2018-11-15", "url": "https://www.sec.gov/Archives/edgar/data/0001084577/000121390018015869/f6k111518_cyrenltd.htm"}, {"form_type": "6-K", "filings_date": "2018-11-14", "url": "https://www.sec.gov/Archives/edgar/data/0001084577/000121390018015584/f6k111418_cyrenltd.htm"}, {"form_type": "6-K", "filings_date": "2018-10-29", "url": "https://www.sec.gov/Archives/edgar/data/0001084577/000121390018014543/f6k102918_cyrenltd.htm"}, {"form_type": "EFFECT", "filings_date": "2018-10-04", "url": "https://www.sec.gov/Archives/edgar/data/0001084577/999999999518002546/xslEFFECTX01/primary_doc.xml"}, {"form_type": "CORRESP", "filings_date": "2018-10-01", "url": "https://www.sec.gov/Archives/edgar/data/0001084577/000121390018013344/filename1.htm"}, {"form_type": "UPLOAD", "filings_date": "2018-10-01", "url": "https://www.sec.gov/Archives/edgar/data/0001084577/000000000018030832/filename1.pdf"}, {"form_type": "6-K", "filings_date": "2018-09-26", "url": "https://www.sec.gov/Archives/edgar/data/0001084577/000121390018013027/f6k092618_cyrenltd.htm"}, {"form_type": "F-3", "filings_date": "2018-09-21", "url": "https://www.sec.gov/Archives/edgar/data/0001084577/000121390018012860/ff32018_cyrenltd.htm"}, {"form_type": "6-K", "filings_date": "2018-09-21", "url": "https://www.sec.gov/Archives/edgar/data/0001084577/000121390018012849/f6k092118_cyrenltd.htm"}, {"form_type": "6-K", "filings_date": "2018-09-06", "url": "https://www.sec.gov/Archives/edgar/data/0001084577/000121390018012160/f6k090618_cyrenltd.htm"}, {"form_type": "6-K", "filings_date": "2018-08-29", "url": "https://www.sec.gov/Archives/edgar/data/0001084577/000121390018011841/f6k082918_cyrenltd.htm"}, {"form_type": "6-K", "filings_date": "2018-08-08", "url": "https://www.sec.gov/Archives/edgar/data/0001084577/000121390018010394/f6k080818_cyrenltd.htm"}, {"form_type": "6-K", "filings_date": "2018-08-06", "url": "https://www.sec.gov/Archives/edgar/data/0001084577/000121390018010216/f6k080618_cyrenltd.htm"}, {"form_type": "6-K", "filings_date": "2018-07-23", "url": "https://www.sec.gov/Archives/edgar/data/0001084577/000121390018009501/f6k072318_cyrenltd.htm"}, {"form_type": "6-K", "filings_date": "2018-07-02", "url": "https://www.sec.gov/Archives/edgar/data/0001084577/000121390018008628/f6k070218_cyrenltd.htm"}, {"form_type": "6-K", "filings_date": "2018-06-25", "url": "https://www.sec.gov/Archives/edgar/data/0001084577/000121390018008116/f6k062518_cyrenltd.htm"}, {"form_type": "6-K", "filings_date": "2018-05-30", "url": "https://www.sec.gov/Archives/edgar/data/0001084577/000121390018006985/f6k053018_cyrenltd.htm"}, {"form_type": "6-K", "filings_date": "2018-05-22", "url": "https://www.sec.gov/Archives/edgar/data/0001084577/000121390018006688/f6k052218_cyrenltd.htm"}, {"form_type": "6-K", "filings_date": "2018-05-14", "url": "https://www.sec.gov/Archives/edgar/data/0001084577/000121390018006011/f6k051418_cyrenltd.htm"}, {"form_type": "6-K", "filings_date": "2018-05-03", "url": "https://www.sec.gov/Archives/edgar/data/0001084577/000121390018005451/f6k050318_cyrenltd.htm"}, {"form_type": "6-K", "filings_date": "2018-04-30", "url": "https://www.sec.gov/Archives/edgar/data/0001084577/000121390018005100/f6k043018_cyrenltd.htm"}, {"form_type": "20-F", "filings_date": "2018-04-27", "url": "https://www.sec.gov/Archives/edgar/data/0001084577/000121390018005079/f20f2017_cyrenltd.htm"}, {"form_type": "6-K", "filings_date": "2018-04-18", "url": "https://www.sec.gov/Archives/edgar/data/0001084577/000121390018004623/f6k041818_cyrenltd.htm"}, {"form_type": "6-K", "filings_date": "2018-04-12", "url": "https://www.sec.gov/Archives/edgar/data/0001084577/000121390018004306/f6k041218_cyrenltd.htm"}, {"form_type": "6-K", "filings_date": "2018-04-09", "url": "https://www.sec.gov/Archives/edgar/data/0001084577/000121390018004146/f6k040918_cyrenltd.htm"}, {"form_type": "6-K", "filings_date": "2018-03-07", "url": "https://www.sec.gov/Archives/edgar/data/0001084577/000121390018002634/f6k030718_cyrenltd.htm"}, {"form_type": "6-K", "filings_date": "2018-02-26", "url": "https://www.sec.gov/Archives/edgar/data/0001084577/000121390018002261/f6k022618_cyrenltd.htm"}, {"form_type": "S-8", "filings_date": "2018-02-15", "url": "https://www.sec.gov/Archives/edgar/data/0001084577/000121390018001974/fs82018_cyrenltd.htm"}, {"form_type": "6-K", "filings_date": "2018-02-14", "url": "https://www.sec.gov/Archives/edgar/data/0001084577/000121390018001794/f6k021418_cyrenltd.htm"}, {"form_type": "SC 13G/A", "filings_date": "2018-02-05", "url": "https://www.sec.gov/Archives/edgar/data/0001084577/000117266118000260/cyrn123117a2.htm"}, {"form_type": "6-K", "filings_date": "2018-02-01", "url": "https://www.sec.gov/Archives/edgar/data/0001084577/000121390018001124/f6k020118_cyrenltd.htm"}, {"form_type": "SC 13G/A", "filings_date": "2018-01-31", "url": "https://www.sec.gov/Archives/edgar/data/0001084577/000117891318000322/zk1821098.htm"}, {"form_type": "6-K", "filings_date": "2018-01-10", "url": "https://www.sec.gov/Archives/edgar/data/0001084577/000121390018000328/f6k011018_cyrenltd.htm"}, {"form_type": "6-K", "filings_date": "2018-01-03", "url": "https://www.sec.gov/Archives/edgar/data/0001084577/000121390018000054/f6k010218_cyrenltd.htm"}, {"form_type": "SC 13D/A", "filings_date": "2017-12-29", "url": "https://www.sec.gov/Archives/edgar/data/0001084577/000119312517383617/d517295dsc13da.htm"}, {"form_type": "6-K", "filings_date": "2017-12-28", "url": "https://www.sec.gov/Archives/edgar/data/0001084577/000121390017013702/f6k122817_cyrenltd.htm"}, {"form_type": "SC 14D9/A", "filings_date": "2017-12-26", "url": "https://www.sec.gov/Archives/edgar/data/0001084577/000121390017013661/sc14d91217a1_cyrenltd.htm"}, {"form_type": "SC TO-T/A", "filings_date": "2017-12-26", "url": "https://www.sec.gov/Archives/edgar/data/0001084577/000119312517378771/d466255dsctota.htm"}, {"form_type": "SC TO-T/A", "filings_date": "2017-12-20", "url": "https://www.sec.gov/Archives/edgar/data/0001084577/000119312517373814/d513083dsctota.htm"}, {"form_type": "CORRESP", "filings_date": "2017-12-14", "url": "https://www.sec.gov/Archives/edgar/data/0001084577/000119312517369629/filename1.htm"}, {"form_type": "SC TO-T/A", "filings_date": "2017-12-14", "url": "https://www.sec.gov/Archives/edgar/data/0001084577/000119312517369621/d487384dsctota.htm"}, {"form_type": "SC TO-T/A", "filings_date": "2017-12-06", "url": "https://www.sec.gov/Archives/edgar/data/0001084577/000119312517361841/d436243dsctota.htm"}, {"form_type": "CORRESP", "filings_date": "2017-12-05", "url": "https://www.sec.gov/Archives/edgar/data/0001084577/000119312517361844/filename1.htm"}, {"form_type": "SC TO-T/A", "filings_date": "2017-11-28", "url": "https://www.sec.gov/Archives/edgar/data/0001084577/000119312517354102/d491415dsctota.htm"}, {"form_type": "UPLOAD", "filings_date": "2017-11-28", "url": "https://www.sec.gov/Archives/edgar/data/0001084577/000000000017041736/filename1.pdf"}, {"form_type": "SC 13D/A", "filings_date": "2017-11-22", "url": "https://www.sec.gov/Archives/edgar/data/0001084577/000119312517350484/d498476dsc13da.htm"}, {"form_type": "SC 14D9", "filings_date": "2017-11-20", "url": "https://www.sec.gov/Archives/edgar/data/0001084577/000119312517348214/d414331dsc14d9.htm"}, {"form_type": "SC TO-T", "filings_date": "2017-11-20", "url": "https://www.sec.gov/Archives/edgar/data/0001084577/000119312517348194/d448223dsctot.htm"}, {"form_type": "6-K", "filings_date": "2017-11-17", "url": "https://www.sec.gov/Archives/edgar/data/0001084577/000121390017012269/f6k111717_cyrenltd.htm"}, {"form_type": "SC 13D", "filings_date": "2017-11-16", "url": "https://www.sec.gov/Archives/edgar/data/0001084577/000119312517345714/d431547dsc13d.htm"}, {"form_type": "SC14D9C", "filings_date": "2017-11-13", "url": "https://www.sec.gov/Archives/edgar/data/0001084577/000121390017011809/sc14d9c111317_cyrenltd.htm"}, {"form_type": "6-K", "filings_date": "2017-11-13", "url": "https://www.sec.gov/Archives/edgar/data/0001084577/000121390017011722/f6k111317_cyrenltd.htm"}, {"form_type": "D", "filings_date": "2017-11-13", "url": "https://www.sec.gov/Archives/edgar/data/0001084577/000121390017011720/xslFormDX01/primary_doc.xml"}, {"form_type": "SC TO-C", "filings_date": "2017-11-07", "url": "https://www.sec.gov/Archives/edgar/data/0001084577/000119312517335936/d487663dsctoc.htm"}, {"form_type": "SC14D9C", "filings_date": "2017-11-07", "url": "https://www.sec.gov/Archives/edgar/data/0001084577/000121390017011496/sc14d9c110717_cyrenltd.htm"}, {"form_type": "6-K", "filings_date": "2017-11-07", "url": "https://www.sec.gov/Archives/edgar/data/0001084577/000121390017011465/f6k_cyren.htm"}, {"form_type": "6-K", "filings_date": "2017-11-03", "url": "https://www.sec.gov/Archives/edgar/data/0001084577/000121390017011308/f6k110117_cyrenltd.htm"}, {"form_type": "6-K", "filings_date": "2017-09-19", "url": "https://www.sec.gov/Archives/edgar/data/0001084577/000121390017009796/f6k091817_cyrenltd.htm"}, {"form_type": "6-K", "filings_date": "2017-08-16", "url": "https://www.sec.gov/Archives/edgar/data/0001084577/000121390017008817/f6k081517_cyrenltd.htm"}, {"form_type": "6-K", "filings_date": "2017-08-01", "url": "https://www.sec.gov/Archives/edgar/data/0001084577/000121390017008095/f6k080117_cyrenltd.htm"}, {"form_type": "6-K", "filings_date": "2017-06-01", "url": "https://www.sec.gov/Archives/edgar/data/0001084577/000121390017006034/f6k060117_cyrenltd.htm"}, {"form_type": "6-K", "filings_date": "2017-05-16", "url": "https://www.sec.gov/Archives/edgar/data/0001084577/000121390017005308/f6k051617_cyrenltd.htm"}, {"form_type": "6-K", "filings_date": "2017-05-15", "url": "https://www.sec.gov/Archives/edgar/data/0001084577/000121390017005114/f6k051517_cyrenltd.htm"}, {"form_type": "6-K", "filings_date": "2017-05-03", "url": "https://www.sec.gov/Archives/edgar/data/0001084577/000121390017004528/f6k050317_cyrenltd.htm"}, {"form_type": "20-F", "filings_date": "2017-04-27", "url": "https://www.sec.gov/Archives/edgar/data/0001084577/000121390017004302/f20f2016_cyrenltd.htm"}, {"form_type": "6-K", "filings_date": "2017-04-19", "url": "https://www.sec.gov/Archives/edgar/data/0001084577/000121390017003967/f6k041917_cyrenltd.htm"}, {"form_type": "6-K", "filings_date": "2017-03-16", "url": "https://www.sec.gov/Archives/edgar/data/0001084577/000121390017002454/f6k031617_cyrenltd.htm"}, {"form_type": "6-K", "filings_date": "2017-02-21", "url": "https://www.sec.gov/Archives/edgar/data/0001084577/000121390017001590/f6k022117_cyrenltd.htm"}, {"form_type": "SC 13G/A", "filings_date": "2017-02-13", "url": "https://www.sec.gov/Archives/edgar/data/0001084577/000117266117000411/cyrn123116a1.htm"}, {"form_type": "SC 13G/A", "filings_date": "2017-02-08", "url": "https://www.sec.gov/Archives/edgar/data/0001084577/000117891317000350/zk1719495.htm"}, {"form_type": "6-K", "filings_date": "2017-02-06", "url": "https://www.sec.gov/Archives/edgar/data/0001084577/000121390017000968/f6k020617_cyrenltd.htm"}, {"form_type": "6-K", "filings_date": "2017-02-02", "url": "https://www.sec.gov/Archives/edgar/data/0001084577/000121390017000861/f6k020217_cyrenltd.htm"}, {"form_type": "6-K", "filings_date": "2017-02-01", "url": "https://www.sec.gov/Archives/edgar/data/0001084577/000121390017000829/f6k020117_cyrenltd.htm"}, {"form_type": "6-K", "filings_date": "2017-01-12", "url": "https://www.sec.gov/Archives/edgar/data/0001084577/000121390017000263/f6k0117_cyrenltd.htm"}]}