{"company": {"cik": "0001561550", "name": "Datadog, Inc.", "sic": "Services-Prepackaged Software", "state_incorp": "DE", "ticker": "DDOG", "mailing_addr": "620 EIGHTH AVENUE, 45TH FLOOR, NEW YORK, NY, 10018", "category": "Large accelerated filer", "fiscal_year_end": "31, December"}, "filings": [{"form_type": "4", "filings_date": "2022-03-18", "url": "https://www.sec.gov/Archives/edgar/data/0001561550/000120919122020161/xslF345X03/doc4.xml"}, {"form_type": "4", "filings_date": "2022-03-18", "url": "https://www.sec.gov/Archives/edgar/data/0001561550/000089924322011596/xslF345X03/doc4.xml"}, {"form_type": "4", "filings_date": "2022-03-17", "url": "https://www.sec.gov/Archives/edgar/data/0001561550/000120919122019825/xslF345X03/doc4.xml"}, {"form_type": "4", "filings_date": "2022-03-15", "url": "https://www.sec.gov/Archives/edgar/data/0001561550/000120919122018930/xslF345X03/doc4.xml"}, {"form_type": "4", "filings_date": "2022-03-11", "url": "https://www.sec.gov/Archives/edgar/data/0001561550/000120919122018177/xslF345X03/doc4.xml"}, {"form_type": "4", "filings_date": "2022-03-10", "url": "https://www.sec.gov/Archives/edgar/data/0001561550/000089924322010549/xslF345X03/doc4.xml"}, {"form_type": "4", "filings_date": "2022-03-09", "url": "https://www.sec.gov/Archives/edgar/data/0001561550/000120919122017583/xslF345X03/doc4.xml"}, {"form_type": "4", "filings_date": "2022-03-07", "url": "https://www.sec.gov/Archives/edgar/data/0001561550/000089924322009711/xslF345X03/doc4.xml"}, {"form_type": "4", "filings_date": "2022-03-04", "url": "https://www.sec.gov/Archives/edgar/data/0001561550/000120919122016375/xslF345X03/doc4.xml"}, {"form_type": "4", "filings_date": "2022-03-04", "url": "https://www.sec.gov/Archives/edgar/data/0001561550/000120919122016373/xslF345X03/doc4.xml"}, {"form_type": "4", "filings_date": "2022-03-04", "url": "https://www.sec.gov/Archives/edgar/data/0001561550/000120919122016371/xslF345X03/doc4.xml"}, {"form_type": "4", "filings_date": "2022-03-03", "url": "https://www.sec.gov/Archives/edgar/data/0001561550/000120919122015855/xslF345X03/doc4.xml"}, {"form_type": "4", "filings_date": "2022-03-03", "url": "https://www.sec.gov/Archives/edgar/data/0001561550/000120919122015853/xslF345X03/doc4.xml"}, {"form_type": "4", "filings_date": "2022-03-03", "url": "https://www.sec.gov/Archives/edgar/data/0001561550/000120919122015852/xslF345X03/doc4.xml"}, {"form_type": "4", "filings_date": "2022-03-03", "url": "https://www.sec.gov/Archives/edgar/data/0001561550/000120919122015850/xslF345X03/doc4.xml"}, {"form_type": "4", "filings_date": "2022-03-01", "url": "https://www.sec.gov/Archives/edgar/data/0001561550/000120919122014321/xslF345X03/doc4.xml"}, {"form_type": "4", "filings_date": "2022-02-28", "url": "https://www.sec.gov/Archives/edgar/data/0001561550/000120919122013676/xslF345X03/doc4.xml"}, {"form_type": "4", "filings_date": "2022-02-28", "url": "https://www.sec.gov/Archives/edgar/data/0001561550/000120919122013671/xslF345X03/doc4.xml"}, {"form_type": "10-K", "filings_date": "2022-02-25", "url": "https://www.sec.gov/Archives/edgar/data/0001561550/000156155022000009/ddog-20211231.htm"}, {"form_type": "4", "filings_date": "2022-02-18", "url": "https://www.sec.gov/Archives/edgar/data/0001561550/000120919122011482/xslF345X03/doc4.xml"}, {"form_type": "4", "filings_date": "2022-02-17", "url": "https://www.sec.gov/Archives/edgar/data/0001561550/000120919122010913/xslF345X03/doc4.xml"}, {"form_type": "4", "filings_date": "2022-02-16", "url": "https://www.sec.gov/Archives/edgar/data/0001561550/000089924322006638/xslF345X03/doc4.xml"}, {"form_type": "4", "filings_date": "2022-02-15", "url": "https://www.sec.gov/Archives/edgar/data/0001561550/000120919122009934/xslF345X03/doc4.xml"}, {"form_type": "4", "filings_date": "2022-02-14", "url": "https://www.sec.gov/Archives/edgar/data/0001561550/000120919122009382/xslF345X03/doc4.xml"}, {"form_type": "SC 13G/A", "filings_date": "2022-02-14", "url": "https://www.sec.gov/Archives/edgar/data/0001561550/000119312522041227/d317731dsc13ga.htm"}, {"form_type": "SC 13G/A", "filings_date": "2022-02-14", "url": "https://www.sec.gov/Archives/edgar/data/0001561550/000008025522002201/ddog13gadec21.txt"}, {"form_type": "SC 13G/A", "filings_date": "2022-02-14", "url": "https://www.sec.gov/Archives/edgar/data/0001561550/000119312522039585/d251930dsc13ga.htm"}, {"form_type": "SC 13G", "filings_date": "2022-02-11", "url": "https://www.sec.gov/Archives/edgar/data/0001561550/000119312522037396/d276415dsc13g.htm"}, {"form_type": "SC 13G/A", "filings_date": "2022-02-11", "url": "https://www.sec.gov/Archives/edgar/data/0001561550/000119312522037377/d13168dsc13ga.htm"}, {"form_type": "SC 13G/A", "filings_date": "2022-02-11", "url": "https://www.sec.gov/Archives/edgar/data/0001561550/000110465922020516/tm226392d1_sc13ga.htm"}, {"form_type": "SC 13G", "filings_date": "2022-02-11", "url": "https://www.sec.gov/Archives/edgar/data/0001561550/000089542122000339/Datadog.txt"}, {"form_type": "8-K", "filings_date": "2022-02-10", "url": "https://www.sec.gov/Archives/edgar/data/0001561550/000156155022000004/ddog-20220210.htm"}, {"form_type": "4", "filings_date": "2022-02-09", "url": "https://www.sec.gov/Archives/edgar/data/0001561550/000120919122008263/xslF345X03/doc4.xml"}, {"form_type": "SC 13G/A", "filings_date": "2022-02-09", "url": "https://www.sec.gov/Archives/edgar/data/0001561550/000110465922016953/tv0713-datadogincclassa.htm"}, {"form_type": "4", "filings_date": "2022-02-08", "url": "https://www.sec.gov/Archives/edgar/data/0001561550/000120919122007790/xslF345X03/doc4.xml"}, {"form_type": "SC 13G", "filings_date": "2022-02-04", "url": "https://www.sec.gov/Archives/edgar/data/0001561550/000083423722007244/us23804l1035_020422.txt"}, {"form_type": "4", "filings_date": "2022-02-03", "url": "https://www.sec.gov/Archives/edgar/data/0001561550/000120919122007071/xslF345X03/doc4.xml"}, {"form_type": "4", "filings_date": "2022-02-02", "url": "https://www.sec.gov/Archives/edgar/data/0001561550/000120919122006537/xslF345X03/doc4.xml"}, {"form_type": "4", "filings_date": "2022-01-27", "url": "https://www.sec.gov/Archives/edgar/data/0001561550/000120919122005272/xslF345X03/doc4.xml"}, {"form_type": "4", "filings_date": "2022-01-27", "url": "https://www.sec.gov/Archives/edgar/data/0001561550/000120919122005271/xslF345X03/doc4.xml"}, {"form_type": "4", "filings_date": "2022-01-21", "url": "https://www.sec.gov/Archives/edgar/data/0001561550/000120919122004466/xslF345X03/doc4.xml"}, {"form_type": "4", "filings_date": "2022-01-20", "url": "https://www.sec.gov/Archives/edgar/data/0001561550/000120919122004071/xslF345X03/doc4.xml"}, {"form_type": "4", "filings_date": "2022-01-19", "url": "https://www.sec.gov/Archives/edgar/data/0001561550/000120919122003799/xslF345X03/doc4.xml"}, {"form_type": "3", "filings_date": "2022-01-18", "url": "https://www.sec.gov/Archives/edgar/data/0001561550/000120919122003540/xslF345X02/doc3.xml"}, {"form_type": "3", "filings_date": "2022-01-18", "url": "https://www.sec.gov/Archives/edgar/data/0001561550/000120919122003538/xslF345X02/doc3.xml"}, {"form_type": "4", "filings_date": "2022-01-14", "url": "https://www.sec.gov/Archives/edgar/data/0001561550/000120919122003365/xslF345X03/doc4.xml"}, {"form_type": "4", "filings_date": "2022-01-10", "url": "https://www.sec.gov/Archives/edgar/data/0001561550/000120919122002733/xslF345X03/doc4.xml"}, {"form_type": "4", "filings_date": "2022-01-07", "url": "https://www.sec.gov/Archives/edgar/data/0001561550/000120919122002560/xslF345X03/doc4.xml"}, {"form_type": "4", "filings_date": "2022-01-06", "url": "https://www.sec.gov/Archives/edgar/data/0001561550/000120919122002236/xslF345X03/doc4.xml"}, {"form_type": "4", "filings_date": "2021-12-29", "url": "https://www.sec.gov/Archives/edgar/data/0001561550/000120919121071532/xslF345X03/doc4.xml"}, {"form_type": "4", "filings_date": "2021-12-29", "url": "https://www.sec.gov/Archives/edgar/data/0001561550/000120919121071530/xslF345X03/doc4.xml"}, {"form_type": "4", "filings_date": "2021-12-23", "url": "https://www.sec.gov/Archives/edgar/data/0001561550/000120919121071143/xslF345X03/doc4.xml"}, {"form_type": "4", "filings_date": "2021-12-22", "url": "https://www.sec.gov/Archives/edgar/data/0001561550/000120919121070987/xslF345X03/doc4.xml"}, {"form_type": "4", "filings_date": "2021-12-21", "url": "https://www.sec.gov/Archives/edgar/data/0001561550/000120919121070846/xslF345X03/doc4.xml"}, {"form_type": "4", "filings_date": "2021-12-17", "url": "https://www.sec.gov/Archives/edgar/data/0001561550/000120919121070346/xslF345X03/doc4.xml"}, {"form_type": "4", "filings_date": "2021-12-16", "url": "https://www.sec.gov/Archives/edgar/data/0001561550/000120919121070033/xslF345X03/doc4.xml"}, {"form_type": "4", "filings_date": "2021-12-10", "url": "https://www.sec.gov/Archives/edgar/data/0001561550/000120919121069094/xslF345X03/doc4.xml"}, {"form_type": "4", "filings_date": "2021-12-08", "url": "https://www.sec.gov/Archives/edgar/data/0001561550/000120919121068584/xslF345X03/doc4.xml"}, {"form_type": "4", "filings_date": "2021-12-06", "url": "https://www.sec.gov/Archives/edgar/data/0001561550/000120919121068195/xslF345X03/doc4.xml"}, {"form_type": "4", "filings_date": "2021-12-06", "url": "https://www.sec.gov/Archives/edgar/data/0001561550/000120919121068139/xslF345X03/doc4.xml"}, {"form_type": "4", "filings_date": "2021-12-06", "url": "https://www.sec.gov/Archives/edgar/data/0001561550/000120919121068138/xslF345X03/doc4.xml"}, {"form_type": "4", "filings_date": "2021-12-06", "url": "https://www.sec.gov/Archives/edgar/data/0001561550/000120919121068136/xslF345X03/doc4.xml"}, {"form_type": "4", "filings_date": "2021-12-03", "url": "https://www.sec.gov/Archives/edgar/data/0001561550/000120919121067873/xslF345X03/doc4.xml"}, {"form_type": "4", "filings_date": "2021-12-03", "url": "https://www.sec.gov/Archives/edgar/data/0001561550/000120919121067871/xslF345X03/doc4.xml"}, {"form_type": "4", "filings_date": "2021-12-03", "url": "https://www.sec.gov/Archives/edgar/data/0001561550/000120919121067868/xslF345X03/doc4.xml"}, {"form_type": "4", "filings_date": "2021-11-30", "url": "https://www.sec.gov/Archives/edgar/data/0001561550/000120919121067147/xslF345X03/doc4.xml"}, {"form_type": "4", "filings_date": "2021-11-24", "url": "https://www.sec.gov/Archives/edgar/data/0001561550/000120919121066803/xslF345X03/doc4.xml"}, {"form_type": "4", "filings_date": "2021-11-24", "url": "https://www.sec.gov/Archives/edgar/data/0001561550/000120919121066802/xslF345X03/doc4.xml"}, {"form_type": "4", "filings_date": "2021-11-24", "url": "https://www.sec.gov/Archives/edgar/data/0001561550/000089924321046059/xslF345X03/doc4.xml"}, {"form_type": "4", "filings_date": "2021-11-19", "url": "https://www.sec.gov/Archives/edgar/data/0001561550/000120919121065881/xslF345X03/doc4.xml"}, {"form_type": "4", "filings_date": "2021-11-19", "url": "https://www.sec.gov/Archives/edgar/data/0001561550/000120919121065880/xslF345X03/doc4.xml"}, {"form_type": "4", "filings_date": "2021-11-18", "url": "https://www.sec.gov/Archives/edgar/data/0001561550/000120919121065566/xslF345X03/doc4.xml"}, {"form_type": "4", "filings_date": "2021-11-17", "url": "https://www.sec.gov/Archives/edgar/data/0001561550/000120919121065227/xslF345X03/doc4.xml"}, {"form_type": "4", "filings_date": "2021-11-15", "url": "https://www.sec.gov/Archives/edgar/data/0001561550/000120919121064469/xslF345X03/doc4.xml"}, {"form_type": "4", "filings_date": "2021-11-15", "url": "https://www.sec.gov/Archives/edgar/data/0001561550/000120919121064467/xslF345X03/doc4.xml"}, {"form_type": "4", "filings_date": "2021-11-12", "url": "https://www.sec.gov/Archives/edgar/data/0001561550/000120919121064286/xslF345X03/doc4.xml"}, {"form_type": "4", "filings_date": "2021-11-12", "url": "https://www.sec.gov/Archives/edgar/data/0001561550/000120919121064284/xslF345X03/doc4.xml"}, {"form_type": "4", "filings_date": "2021-11-09", "url": "https://www.sec.gov/Archives/edgar/data/0001561550/000120919121063709/xslF345X03/doc4.xml"}, {"form_type": "4", "filings_date": "2021-11-08", "url": "https://www.sec.gov/Archives/edgar/data/0001561550/000120919121063447/xslF345X03/doc4.xml"}, {"form_type": "4", "filings_date": "2021-11-05", "url": "https://www.sec.gov/Archives/edgar/data/0001561550/000120919121063268/xslF345X03/doc4.xml"}, {"form_type": "10-Q", "filings_date": "2021-11-05", "url": "https://www.sec.gov/Archives/edgar/data/0001561550/000156155021000026/ddog-20210930.htm"}, {"form_type": "8-K", "filings_date": "2021-11-04", "url": "https://www.sec.gov/Archives/edgar/data/0001561550/000156155021000024/ddog-20211104.htm"}, {"form_type": "4", "filings_date": "2021-10-29", "url": "https://www.sec.gov/Archives/edgar/data/0001561550/000120919121062090/xslF345X03/doc4.xml"}, {"form_type": "4/A", "filings_date": "2021-10-29", "url": "https://www.sec.gov/Archives/edgar/data/0001561550/000120919121062089/xslF345X03/doc4a.xml"}, {"form_type": "4", "filings_date": "2021-10-27", "url": "https://www.sec.gov/Archives/edgar/data/0001561550/000120919121061836/xslF345X03/doc4.xml"}, {"form_type": "4", "filings_date": "2021-10-27", "url": "https://www.sec.gov/Archives/edgar/data/0001561550/000120919121061835/xslF345X03/doc4.xml"}, {"form_type": "4", "filings_date": "2021-10-21", "url": "https://www.sec.gov/Archives/edgar/data/0001561550/000120919121061293/xslF345X03/doc4.xml"}, {"form_type": "4", "filings_date": "2021-10-20", "url": "https://www.sec.gov/Archives/edgar/data/0001561550/000120919121061187/xslF345X03/doc4.xml"}, {"form_type": "4", "filings_date": "2021-10-14", "url": "https://www.sec.gov/Archives/edgar/data/0001561550/000120919121060502/xslF345X03/doc4.xml"}, {"form_type": "4", "filings_date": "2021-10-14", "url": "https://www.sec.gov/Archives/edgar/data/0001561550/000120919121060501/xslF345X03/doc4.xml"}, {"form_type": "4", "filings_date": "2021-10-08", "url": "https://www.sec.gov/Archives/edgar/data/0001561550/000120919121060110/xslF345X03/doc4.xml"}, {"form_type": "4", "filings_date": "2021-10-06", "url": "https://www.sec.gov/Archives/edgar/data/0001561550/000120919121059861/xslF345X03/doc4.xml"}, {"form_type": "4", "filings_date": "2021-10-01", "url": "https://www.sec.gov/Archives/edgar/data/0001561550/000120919121058614/xslF345X03/doc4.xml"}, {"form_type": "4", "filings_date": "2021-09-29", "url": "https://www.sec.gov/Archives/edgar/data/0001561550/000120919121058131/xslF345X03/doc4.xml"}, {"form_type": "4", "filings_date": "2021-09-29", "url": "https://www.sec.gov/Archives/edgar/data/0001561550/000120919121058129/xslF345X03/doc4.xml"}, {"form_type": "4", "filings_date": "2021-09-23", "url": "https://www.sec.gov/Archives/edgar/data/0001561550/000120919121057521/xslF345X03/doc4.xml"}, {"form_type": "4", "filings_date": "2021-09-21", "url": "https://www.sec.gov/Archives/edgar/data/0001561550/000120919121057119/xslF345X03/doc4.xml"}, {"form_type": "4", "filings_date": "2021-09-17", "url": "https://www.sec.gov/Archives/edgar/data/0001561550/000120919121056688/xslF345X03/doc4.xml"}, {"form_type": "4", "filings_date": "2021-09-16", "url": "https://www.sec.gov/Archives/edgar/data/0001561550/000089924321036327/xslF345X03/doc4.xml"}, {"form_type": "4", "filings_date": "2021-09-16", "url": "https://www.sec.gov/Archives/edgar/data/0001561550/000120919121056426/xslF345X03/doc4.xml"}, {"form_type": "4", "filings_date": "2021-09-14", "url": "https://www.sec.gov/Archives/edgar/data/0001561550/000120919121055962/xslF345X03/doc4.xml"}, {"form_type": "4/A", "filings_date": "2021-09-14", "url": "https://www.sec.gov/Archives/edgar/data/0001561550/000120919121055960/xslF345X03/doc4a.xml"}, {"form_type": "4/A", "filings_date": "2021-09-14", "url": "https://www.sec.gov/Archives/edgar/data/0001561550/000120919121055956/xslF345X03/doc4a.xml"}, {"form_type": "4", "filings_date": "2021-09-10", "url": "https://www.sec.gov/Archives/edgar/data/0001561550/000120919121055564/xslF345X03/doc4.xml"}, {"form_type": "4", "filings_date": "2021-09-09", "url": "https://www.sec.gov/Archives/edgar/data/0001561550/000120919121055366/xslF345X03/doc4.xml"}, {"form_type": "4", "filings_date": "2021-09-07", "url": "https://www.sec.gov/Archives/edgar/data/0001561550/000120919121055081/xslF345X03/doc4.xml"}, {"form_type": "4", "filings_date": "2021-09-07", "url": "https://www.sec.gov/Archives/edgar/data/0001561550/000120919121055080/xslF345X03/doc4.xml"}, {"form_type": "4", "filings_date": "2021-09-07", "url": "https://www.sec.gov/Archives/edgar/data/0001561550/000120919121055071/xslF345X03/doc4.xml"}, {"form_type": "4", "filings_date": "2021-09-03", "url": "https://www.sec.gov/Archives/edgar/data/0001561550/000120919121054868/xslF345X03/doc4.xml"}, {"form_type": "4", "filings_date": "2021-09-03", "url": "https://www.sec.gov/Archives/edgar/data/0001561550/000120919121054866/xslF345X03/doc4.xml"}, {"form_type": "4", "filings_date": "2021-09-03", "url": "https://www.sec.gov/Archives/edgar/data/0001561550/000120919121054865/xslF345X03/doc4.xml"}, {"form_type": "4", "filings_date": "2021-09-02", "url": "https://www.sec.gov/Archives/edgar/data/0001561550/000120919121054506/xslF345X03/doc4.xml"}, {"form_type": "4", "filings_date": "2021-08-27", "url": "https://www.sec.gov/Archives/edgar/data/0001561550/000120919121053735/xslF345X03/doc4.xml"}, {"form_type": "4", "filings_date": "2021-08-27", "url": "https://www.sec.gov/Archives/edgar/data/0001561550/000120919121053729/xslF345X03/doc4.xml"}, {"form_type": "4", "filings_date": "2021-08-25", "url": "https://www.sec.gov/Archives/edgar/data/0001561550/000120919121053337/xslF345X03/doc4.xml"}, {"form_type": "4", "filings_date": "2021-08-24", "url": "https://www.sec.gov/Archives/edgar/data/0001561550/000089924321034031/xslF345X03/doc4.xml"}, {"form_type": "4", "filings_date": "2021-08-20", "url": "https://www.sec.gov/Archives/edgar/data/0001561550/000120919121052843/xslF345X03/doc4.xml"}, {"form_type": "4", "filings_date": "2021-08-18", "url": "https://www.sec.gov/Archives/edgar/data/0001561550/000120919121052327/xslF345X03/doc4.xml"}, {"form_type": "4", "filings_date": "2021-08-13", "url": "https://www.sec.gov/Archives/edgar/data/0001561550/000120919121051411/xslF345X03/doc4.xml"}, {"form_type": "4", "filings_date": "2021-08-12", "url": "https://www.sec.gov/Archives/edgar/data/0001561550/000120919121051225/xslF345X03/doc4.xml"}, {"form_type": "4", "filings_date": "2021-08-11", "url": "https://www.sec.gov/Archives/edgar/data/0001561550/000089924321032525/xslF345X03/doc4.xml"}, {"form_type": "4", "filings_date": "2021-08-10", "url": "https://www.sec.gov/Archives/edgar/data/0001561550/000089924321032443/xslF345X03/doc4.xml"}, {"form_type": "4", "filings_date": "2021-08-10", "url": "https://www.sec.gov/Archives/edgar/data/0001561550/000089924321032442/xslF345X03/doc4.xml"}, {"form_type": "4", "filings_date": "2021-08-09", "url": "https://www.sec.gov/Archives/edgar/data/0001561550/000120919121050415/xslF345X03/doc4.xml"}, {"form_type": "4", "filings_date": "2021-08-06", "url": "https://www.sec.gov/Archives/edgar/data/0001561550/000120919121050182/xslF345X03/doc4.xml"}, {"form_type": "4", "filings_date": "2021-08-06", "url": "https://www.sec.gov/Archives/edgar/data/0001561550/000120919121050181/xslF345X03/doc4.xml"}, {"form_type": "10-Q", "filings_date": "2021-08-06", "url": "https://www.sec.gov/Archives/edgar/data/0001561550/000156155021000018/ddog-20210630.htm"}, {"form_type": "8-K", "filings_date": "2021-08-05", "url": "https://www.sec.gov/Archives/edgar/data/0001561550/000156155021000015/ddog-20210805.htm"}, {"form_type": "4", "filings_date": "2021-07-30", "url": "https://www.sec.gov/Archives/edgar/data/0001561550/000120919121048913/xslF345X03/doc4.xml"}, {"form_type": "4", "filings_date": "2021-07-27", "url": "https://www.sec.gov/Archives/edgar/data/0001561550/000120919121048393/xslF345X03/doc4.xml"}, {"form_type": "4", "filings_date": "2021-07-26", "url": "https://www.sec.gov/Archives/edgar/data/0001561550/000120919121048223/xslF345X03/doc4.xml"}, {"form_type": "4", "filings_date": "2021-07-16", "url": "https://www.sec.gov/Archives/edgar/data/0001561550/000120919121047013/xslF345X03/doc4.xml"}, {"form_type": "4", "filings_date": "2021-07-09", "url": "https://www.sec.gov/Archives/edgar/data/0001561550/000120919121046253/xslF345X03/doc4.xml"}, {"form_type": "4", "filings_date": "2021-07-09", "url": "https://www.sec.gov/Archives/edgar/data/0001561550/000120919121046251/xslF345X03/doc4.xml"}, {"form_type": "4", "filings_date": "2021-07-06", "url": "https://www.sec.gov/Archives/edgar/data/0001561550/000120919121045684/xslF345X03/doc4.xml"}, {"form_type": "4", "filings_date": "2021-07-02", "url": "https://www.sec.gov/Archives/edgar/data/0001561550/000120919121045144/xslF345X03/doc4.xml"}, {"form_type": "4", "filings_date": "2021-06-29", "url": "https://www.sec.gov/Archives/edgar/data/0001561550/000120919121043760/xslF345X03/doc4.xml"}, {"form_type": "4", "filings_date": "2021-06-25", "url": "https://www.sec.gov/Archives/edgar/data/0001561550/000120919121043375/xslF345X03/doc4.xml"}, {"form_type": "4", "filings_date": "2021-06-24", "url": "https://www.sec.gov/Archives/edgar/data/0001561550/000120919121043084/xslF345X03/doc4.xml"}, {"form_type": "4", "filings_date": "2021-06-24", "url": "https://www.sec.gov/Archives/edgar/data/0001561550/000120919121043083/xslF345X03/doc4.xml"}, {"form_type": "4", "filings_date": "2021-06-22", "url": "https://www.sec.gov/Archives/edgar/data/0001561550/000120919121042448/xslF345X03/doc4.xml"}, {"form_type": "4", "filings_date": "2021-06-21", "url": "https://www.sec.gov/Archives/edgar/data/0001561550/000120919121042173/xslF345X03/doc4.xml"}, {"form_type": "4", "filings_date": "2021-06-16", "url": "https://www.sec.gov/Archives/edgar/data/0001561550/000120919121040927/xslF345X03/doc4.xml"}, {"form_type": "8-K", "filings_date": "2021-06-16", "url": "https://www.sec.gov/Archives/edgar/data/0001561550/000156155021000010/ddog-20210610.htm"}, {"form_type": "4", "filings_date": "2021-06-14", "url": "https://www.sec.gov/Archives/edgar/data/0001561550/000120919121040245/xslF345X03/doc4.xml"}, {"form_type": "4", "filings_date": "2021-06-14", "url": "https://www.sec.gov/Archives/edgar/data/0001561550/000120919121040242/xslF345X03/doc4.xml"}, {"form_type": "4", "filings_date": "2021-06-14", "url": "https://www.sec.gov/Archives/edgar/data/0001561550/000120919121040239/xslF345X03/doc4.xml"}, {"form_type": "4", "filings_date": "2021-06-11", "url": "https://www.sec.gov/Archives/edgar/data/0001561550/000120919121040043/xslF345X03/doc4.xml"}, {"form_type": "4/A", "filings_date": "2021-06-04", "url": "https://www.sec.gov/Archives/edgar/data/0001561550/000120919121038396/xslF345X03/doc4a.xml"}, {"form_type": "4", "filings_date": "2021-06-04", "url": "https://www.sec.gov/Archives/edgar/data/0001561550/000120919121038309/xslF345X03/doc4.xml"}, {"form_type": "4", "filings_date": "2021-06-04", "url": "https://www.sec.gov/Archives/edgar/data/0001561550/000120919121038307/xslF345X03/doc4.xml"}, {"form_type": "4", "filings_date": "2021-06-04", "url": "https://www.sec.gov/Archives/edgar/data/0001561550/000120919121038305/xslF345X03/doc4.xml"}, {"form_type": "4", "filings_date": "2021-06-04", "url": "https://www.sec.gov/Archives/edgar/data/0001561550/000120919121038303/xslF345X03/doc4.xml"}, {"form_type": "4", "filings_date": "2021-06-03", "url": "https://www.sec.gov/Archives/edgar/data/0001561550/000120919121037778/xslF345X03/doc4.xml"}, {"form_type": "4", "filings_date": "2021-06-03", "url": "https://www.sec.gov/Archives/edgar/data/0001561550/000120919121037777/xslF345X03/doc4.xml"}, {"form_type": "4", "filings_date": "2021-06-03", "url": "https://www.sec.gov/Archives/edgar/data/0001561550/000120919121037774/xslF345X03/doc4.xml"}, {"form_type": "4", "filings_date": "2021-05-27", "url": "https://www.sec.gov/Archives/edgar/data/0001561550/000120919121036306/xslF345X03/doc4.xml"}, {"form_type": "4", "filings_date": "2021-05-26", "url": "https://www.sec.gov/Archives/edgar/data/0001561550/000120919121036037/xslF345X03/doc4.xml"}, {"form_type": "4", "filings_date": "2021-05-21", "url": "https://www.sec.gov/Archives/edgar/data/0001561550/000120919121034928/xslF345X03/doc4.xml"}, {"form_type": "4", "filings_date": "2021-05-21", "url": "https://www.sec.gov/Archives/edgar/data/0001561550/000120919121034927/xslF345X03/doc4.xml"}, {"form_type": "4", "filings_date": "2021-05-21", "url": "https://www.sec.gov/Archives/edgar/data/0001561550/000120919121034924/xslF345X03/doc4.xml"}, {"form_type": "4", "filings_date": "2021-05-19", "url": "https://www.sec.gov/Archives/edgar/data/0001561550/000089924321019918/xslF345X03/doc4.xml"}, {"form_type": "4", "filings_date": "2021-05-19", "url": "https://www.sec.gov/Archives/edgar/data/0001561550/000089924321019914/xslF345X03/doc4.xml"}, {"form_type": "4", "filings_date": "2021-05-17", "url": "https://www.sec.gov/Archives/edgar/data/0001561550/000120919121033260/xslF345X03/doc4.xml"}, {"form_type": "4", "filings_date": "2021-05-17", "url": "https://www.sec.gov/Archives/edgar/data/0001561550/000120919121033259/xslF345X03/doc4.xml"}, {"form_type": "4", "filings_date": "2021-05-17", "url": "https://www.sec.gov/Archives/edgar/data/0001561550/000120919121033258/xslF345X03/doc4.xml"}, {"form_type": "3", "filings_date": "2021-05-11", "url": "https://www.sec.gov/Archives/edgar/data/0001561550/000120919121031770/xslF345X02/doc3.xml"}, {"form_type": "4", "filings_date": "2021-05-07", "url": "https://www.sec.gov/Archives/edgar/data/0001561550/000120919121030926/xslF345X03/doc4.xml"}, {"form_type": "10-Q", "filings_date": "2021-05-07", "url": "https://www.sec.gov/Archives/edgar/data/0001561550/000156155021000007/ddog-20210331.htm"}, {"form_type": "8-K", "filings_date": "2021-05-06", "url": "https://www.sec.gov/Archives/edgar/data/0001561550/000156155021000004/ddog-20210506.htm"}, {"form_type": "4", "filings_date": "2021-05-05", "url": "https://www.sec.gov/Archives/edgar/data/0001561550/000120919121030447/xslF345X03/doc4.xml"}, {"form_type": "4", "filings_date": "2021-05-05", "url": "https://www.sec.gov/Archives/edgar/data/0001561550/000120919121030445/xslF345X03/doc4.xml"}, {"form_type": "4", "filings_date": "2021-05-05", "url": "https://www.sec.gov/Archives/edgar/data/0001561550/000120919121030444/xslF345X03/doc4.xml"}, {"form_type": "4", "filings_date": "2021-04-30", "url": "https://www.sec.gov/Archives/edgar/data/0001561550/000120919121029354/xslF345X03/doc4.xml"}, {"form_type": "4", "filings_date": "2021-04-23", "url": "https://www.sec.gov/Archives/edgar/data/0001561550/000120919121028139/xslF345X03/doc4.xml"}, {"form_type": "DEFA14A", "filings_date": "2021-04-23", "url": "https://www.sec.gov/Archives/edgar/data/0001561550/000119312521128996/d161172ddefa14a.htm"}, {"form_type": "DEF 14A", "filings_date": "2021-04-23", "url": "https://www.sec.gov/Archives/edgar/data/0001561550/000119312521128987/d56917ddef14a.htm"}, {"form_type": "4/A", "filings_date": "2021-04-20", "url": "https://www.sec.gov/Archives/edgar/data/0001561550/000120919121027580/xslF345X03/doc4a.xml"}, {"form_type": "4", "filings_date": "2021-04-16", "url": "https://www.sec.gov/Archives/edgar/data/0001561550/000120919121026963/xslF345X03/doc4.xml"}, {"form_type": "4", "filings_date": "2021-04-15", "url": "https://www.sec.gov/Archives/edgar/data/0001561550/000120919121026851/xslF345X03/doc4.xml"}, {"form_type": "4", "filings_date": "2021-04-13", "url": "https://www.sec.gov/Archives/edgar/data/0001561550/000120919121026428/xslF345X03/doc4.xml"}, {"form_type": "4", "filings_date": "2021-04-12", "url": "https://www.sec.gov/Archives/edgar/data/0001561550/000120919121026376/xslF345X03/doc4.xml"}, {"form_type": "4", "filings_date": "2021-04-12", "url": "https://www.sec.gov/Archives/edgar/data/0001561550/000120919121026367/xslF345X03/doc4.xml"}, {"form_type": "4", "filings_date": "2021-04-12", "url": "https://www.sec.gov/Archives/edgar/data/0001561550/000120919121026366/xslF345X03/doc4.xml"}, {"form_type": "4", "filings_date": "2021-04-12", "url": "https://www.sec.gov/Archives/edgar/data/0001561550/000120919121026360/xslF345X03/doc4.xml"}, {"form_type": "4", "filings_date": "2021-04-12", "url": "https://www.sec.gov/Archives/edgar/data/0001561550/000120919121026358/xslF345X03/doc4.xml"}, {"form_type": "4", "filings_date": "2021-04-12", "url": "https://www.sec.gov/Archives/edgar/data/0001561550/000120919121026357/xslF345X03/doc4.xml"}, {"form_type": "4/A", "filings_date": "2021-04-09", "url": "https://www.sec.gov/Archives/edgar/data/0001561550/000120919121026259/xslF345X03/doc4a.xml"}, {"form_type": "4", "filings_date": "2021-04-09", "url": "https://www.sec.gov/Archives/edgar/data/0001561550/000120919121026258/xslF345X03/doc4.xml"}, {"form_type": "4", "filings_date": "2021-04-07", "url": "https://www.sec.gov/Archives/edgar/data/0001561550/000120919121025944/xslF345X03/doc4.xml"}, {"form_type": "4", "filings_date": "2021-04-07", "url": "https://www.sec.gov/Archives/edgar/data/0001561550/000120919121025943/xslF345X03/doc4.xml"}, {"form_type": "4", "filings_date": "2021-04-02", "url": "https://www.sec.gov/Archives/edgar/data/0001561550/000120919121024694/xslF345X03/doc4.xml"}, {"form_type": "4", "filings_date": "2021-03-26", "url": "https://www.sec.gov/Archives/edgar/data/0001561550/000120919121023205/xslF345X03/doc4.xml"}, {"form_type": "4", "filings_date": "2021-03-18", "url": "https://www.sec.gov/Archives/edgar/data/0001561550/000120919121021822/xslF345X03/doc4.xml"}, {"form_type": "4", "filings_date": "2021-03-17", "url": "https://www.sec.gov/Archives/edgar/data/0001561550/000120919121021308/xslF345X03/doc4.xml"}, {"form_type": "4", "filings_date": "2021-03-12", "url": "https://www.sec.gov/Archives/edgar/data/0001561550/000120919121020242/xslF345X03/doc4.xml"}, {"form_type": "S-8", "filings_date": "2021-03-12", "url": "https://www.sec.gov/Archives/edgar/data/0001561550/000119312521079772/d136248ds8.htm"}, {"form_type": "4", "filings_date": "2021-03-04", "url": "https://www.sec.gov/Archives/edgar/data/0001561550/000120919121017961/xslF345X03/doc4.xml"}, {"form_type": "4/A", "filings_date": "2021-03-04", "url": "https://www.sec.gov/Archives/edgar/data/0001561550/000120919121017958/xslF345X03/doc4a.xml"}, {"form_type": "4", "filings_date": "2021-03-03", "url": "https://www.sec.gov/Archives/edgar/data/0001561550/000120919121017031/xslF345X03/doc4.xml"}, {"form_type": "4", "filings_date": "2021-03-03", "url": "https://www.sec.gov/Archives/edgar/data/0001561550/000120919121017024/xslF345X03/doc4.xml"}, {"form_type": "4", "filings_date": "2021-03-02", "url": "https://www.sec.gov/Archives/edgar/data/0001561550/000120919121016421/xslF345X03/doc4.xml"}, {"form_type": "4", "filings_date": "2021-03-01", "url": "https://www.sec.gov/Archives/edgar/data/0001561550/000120919121015476/xslF345X03/doc4.xml"}, {"form_type": "4/A", "filings_date": "2021-03-01", "url": "https://www.sec.gov/Archives/edgar/data/0001561550/000120919121015474/xslF345X03/doc4a.xml"}, {"form_type": "10-K", "filings_date": "2021-03-01", "url": "https://www.sec.gov/Archives/edgar/data/0001561550/000156459021009770/ddog-10k_20201231.htm"}, {"form_type": "4", "filings_date": "2021-02-26", "url": "https://www.sec.gov/Archives/edgar/data/0001561550/000120919121014799/xslF345X03/doc4.xml"}, {"form_type": "4", "filings_date": "2021-02-19", "url": "https://www.sec.gov/Archives/edgar/data/0001561550/000120919121012479/xslF345X03/doc4.xml"}, {"form_type": "4", "filings_date": "2021-02-19", "url": "https://www.sec.gov/Archives/edgar/data/0001561550/000120919121012475/xslF345X03/doc4.xml"}, {"form_type": "4", "filings_date": "2021-02-19", "url": "https://www.sec.gov/Archives/edgar/data/0001561550/000089924321007385/xslF345X03/doc4.xml"}, {"form_type": "4", "filings_date": "2021-02-19", "url": "https://www.sec.gov/Archives/edgar/data/0001561550/000089924321007381/xslF345X03/doc4.xml"}, {"form_type": "4", "filings_date": "2021-02-18", "url": "https://www.sec.gov/Archives/edgar/data/0001561550/000120919121012040/xslF345X03/doc4.xml"}, {"form_type": "5", "filings_date": "2021-02-16", "url": "https://www.sec.gov/Archives/edgar/data/0001561550/000089924321006763/xslF345X03/doc5.xml"}, {"form_type": "SC 13G/A", "filings_date": "2021-02-16", "url": "https://www.sec.gov/Archives/edgar/data/0001561550/000119312521045200/d128875dsc13ga.htm"}, {"form_type": "SC 13G/A", "filings_date": "2021-02-16", "url": "https://www.sec.gov/Archives/edgar/data/0001561550/000119312521045160/d134606dsc13ga.htm"}, {"form_type": "SC 13G/A", "filings_date": "2021-02-16", "url": "https://www.sec.gov/Archives/edgar/data/0001561550/000119312521045006/d104630dsc13ga.htm"}, {"form_type": "SC 13G/A", "filings_date": "2021-02-16", "url": "https://www.sec.gov/Archives/edgar/data/0001561550/000119312521044991/d103827dsc13ga.htm"}, {"form_type": "SC 13G/A", "filings_date": "2021-02-16", "url": "https://www.sec.gov/Archives/edgar/data/0001561550/000119312521044979/d132242dsc13ga.htm"}, {"form_type": "SC 13G/A", "filings_date": "2021-02-16", "url": "https://www.sec.gov/Archives/edgar/data/0001561550/000110465921024045/tm215137d15_sc13ga.htm"}, {"form_type": "SC 13G/A", "filings_date": "2021-02-16", "url": "https://www.sec.gov/Archives/edgar/data/0001561550/000117266121000580/holocene-ddog123120a1.htm"}, {"form_type": "SC 13G/A", "filings_date": "2021-02-16", "url": "https://www.sec.gov/Archives/edgar/data/0001561550/000008025521001315/ddog13gadec20.txt"}, {"form_type": "SC 13G/A", "filings_date": "2021-02-16", "url": "https://www.sec.gov/Archives/edgar/data/0001561550/000110465921023448/a21-6575_1sc13ga.htm"}, {"form_type": "SC 13G/A", "filings_date": "2021-02-16", "url": "https://www.sec.gov/Archives/edgar/data/0001561550/000138732221000007/wrddog13g_a2.htm"}, {"form_type": "SC 13G/A", "filings_date": "2021-02-12", "url": "https://www.sec.gov/Archives/edgar/data/0001561550/000138732221000003/wrddog13g_a2.htm"}, {"form_type": "4", "filings_date": "2021-02-12", "url": "https://www.sec.gov/Archives/edgar/data/0001561550/000120919121010218/xslF345X03/doc4.xml"}, {"form_type": "SC 13G/A", "filings_date": "2021-02-12", "url": "https://www.sec.gov/Archives/edgar/data/0001561550/000119312521040266/d112315dsc13ga.htm"}, {"form_type": "4/A", "filings_date": "2021-02-11", "url": "https://www.sec.gov/Archives/edgar/data/0001561550/000120919121009825/xslF345X03/doc4a.xml"}, {"form_type": "8-K", "filings_date": "2021-02-11", "url": "https://www.sec.gov/Archives/edgar/data/0001561550/000156459021005553/ddog-8k_20210211.htm"}, {"form_type": "SC 13G/A", "filings_date": "2021-02-11", "url": "https://www.sec.gov/Archives/edgar/data/0001561550/000119312521038414/d104840dsc13ga.htm"}, {"form_type": "SC 13G/A", "filings_date": "2021-02-11", "url": "https://www.sec.gov/Archives/edgar/data/0001561550/000119312521038395/d117408dsc13ga.htm"}, {"form_type": "4", "filings_date": "2021-02-10", "url": "https://www.sec.gov/Archives/edgar/data/0001561550/000120919121009273/xslF345X03/doc4.xml"}, {"form_type": "SC 13G", "filings_date": "2021-02-10", "url": "https://www.sec.gov/Archives/edgar/data/0001561550/000110465921017890/tv0676-datadogincclassa.htm"}, {"form_type": "4", "filings_date": "2021-02-05", "url": "https://www.sec.gov/Archives/edgar/data/0001561550/000120919121008281/xslF345X03/doc4.xml"}, {"form_type": "4", "filings_date": "2021-02-03", "url": "https://www.sec.gov/Archives/edgar/data/0001561550/000120919121007381/xslF345X03/doc4.xml"}, {"form_type": "4", "filings_date": "2021-02-03", "url": "https://www.sec.gov/Archives/edgar/data/0001561550/000120919121007380/xslF345X03/doc4.xml"}, {"form_type": "4", "filings_date": "2021-02-03", "url": "https://www.sec.gov/Archives/edgar/data/0001561550/000120919121007379/xslF345X03/doc4.xml"}, {"form_type": "4", "filings_date": "2021-01-29", "url": "https://www.sec.gov/Archives/edgar/data/0001561550/000120919121006146/xslF345X03/doc4.xml"}, {"form_type": "4", "filings_date": "2021-01-27", "url": "https://www.sec.gov/Archives/edgar/data/0001561550/000120919121005757/xslF345X03/doc4.xml"}, {"form_type": "4", "filings_date": "2021-01-27", "url": "https://www.sec.gov/Archives/edgar/data/0001561550/000120919121005755/xslF345X03/doc4.xml"}, {"form_type": "SC 13G/A", "filings_date": "2021-01-26", "url": "https://www.sec.gov/Archives/edgar/data/0001561550/000119312521017026/d110177dsc13ga.htm"}, {"form_type": "4", "filings_date": "2021-01-21", "url": "https://www.sec.gov/Archives/edgar/data/0001561550/000120919121004696/xslF345X03/doc4.xml"}, {"form_type": "4", "filings_date": "2021-01-15", "url": "https://www.sec.gov/Archives/edgar/data/0001561550/000120919121003865/xslF345X03/doc4.xml"}, {"form_type": "4", "filings_date": "2021-01-15", "url": "https://www.sec.gov/Archives/edgar/data/0001561550/000120919121003864/xslF345X03/doc4.xml"}, {"form_type": "4/A", "filings_date": "2021-01-15", "url": "https://www.sec.gov/Archives/edgar/data/0001561550/000120919121003861/xslF345X03/doc4a.xml"}, {"form_type": "4", "filings_date": "2021-01-06", "url": "https://www.sec.gov/Archives/edgar/data/0001561550/000120919121002267/xslF345X03/doc4.xml"}, {"form_type": "4", "filings_date": "2021-01-06", "url": "https://www.sec.gov/Archives/edgar/data/0001561550/000120919121002262/xslF345X03/doc4.xml"}, {"form_type": "4", "filings_date": "2021-01-06", "url": "https://www.sec.gov/Archives/edgar/data/0001561550/000120919121002249/xslF345X03/doc4.xml"}, {"form_type": "4", "filings_date": "2021-01-04", "url": "https://www.sec.gov/Archives/edgar/data/0001561550/000120919121000435/xslF345X03/doc4.xml"}, {"form_type": "4", "filings_date": "2020-12-30", "url": "https://www.sec.gov/Archives/edgar/data/0001561550/000120919120065548/xslF345X03/doc4.xml"}, {"form_type": "4", "filings_date": "2020-12-30", "url": "https://www.sec.gov/Archives/edgar/data/0001561550/000120919120065546/xslF345X03/doc4.xml"}, {"form_type": "4", "filings_date": "2020-12-23", "url": "https://www.sec.gov/Archives/edgar/data/0001561550/000120919120065046/xslF345X03/doc4.xml"}, {"form_type": "4", "filings_date": "2020-12-23", "url": "https://www.sec.gov/Archives/edgar/data/0001561550/000120919120065045/xslF345X03/doc4.xml"}, {"form_type": "4", "filings_date": "2020-12-18", "url": "https://www.sec.gov/Archives/edgar/data/0001561550/000120919120064469/xslF345X03/doc4.xml"}, {"form_type": "4", "filings_date": "2020-12-17", "url": "https://www.sec.gov/Archives/edgar/data/0001561550/000120919120064114/xslF345X03/doc4.xml"}, {"form_type": "4", "filings_date": "2020-12-16", "url": "https://www.sec.gov/Archives/edgar/data/0001561550/000120919120063869/xslF345X03/doc4.xml"}, {"form_type": "4", "filings_date": "2020-12-15", "url": "https://www.sec.gov/Archives/edgar/data/0001561550/000089924320033900/xslF345X03/doc4.xml"}, {"form_type": "4", "filings_date": "2020-12-15", "url": "https://www.sec.gov/Archives/edgar/data/0001561550/000089924320033898/xslF345X03/doc4.xml"}, {"form_type": "4", "filings_date": "2020-12-08", "url": "https://www.sec.gov/Archives/edgar/data/0001561550/000089924320033091/xslF345X03/doc4.xml"}, {"form_type": "4", "filings_date": "2020-12-08", "url": "https://www.sec.gov/Archives/edgar/data/0001561550/000089924320033088/xslF345X03/doc4.xml"}, {"form_type": "4", "filings_date": "2020-12-08", "url": "https://www.sec.gov/Archives/edgar/data/0001561550/000120919120062316/xslF345X03/doc4.xml"}, {"form_type": "4", "filings_date": "2020-12-07", "url": "https://www.sec.gov/Archives/edgar/data/0001561550/000120919120061979/xslF345X03/doc4.xml"}, {"form_type": "4", "filings_date": "2020-12-04", "url": "https://www.sec.gov/Archives/edgar/data/0001561550/000120919120061848/xslF345X03/doc4.xml"}, {"form_type": "4", "filings_date": "2020-12-04", "url": "https://www.sec.gov/Archives/edgar/data/0001561550/000120919120061844/xslF345X03/doc4.xml"}, {"form_type": "4", "filings_date": "2020-12-03", "url": "https://www.sec.gov/Archives/edgar/data/0001561550/000120919120061529/xslF345X03/doc4.xml"}, {"form_type": "4", "filings_date": "2020-12-03", "url": "https://www.sec.gov/Archives/edgar/data/0001561550/000120919120061527/xslF345X03/doc4.xml"}, {"form_type": "4", "filings_date": "2020-11-30", "url": "https://www.sec.gov/Archives/edgar/data/0001561550/000120919120060768/xslF345X03/doc4.xml"}, {"form_type": "4", "filings_date": "2020-11-23", "url": "https://www.sec.gov/Archives/edgar/data/0001561550/000089924320031926/xslF345X03/doc4.xml"}, {"form_type": "4", "filings_date": "2020-11-23", "url": "https://www.sec.gov/Archives/edgar/data/0001561550/000089924320031925/xslF345X03/doc4.xml"}, {"form_type": "4", "filings_date": "2020-11-20", "url": "https://www.sec.gov/Archives/edgar/data/0001561550/000120919120059784/xslF345X03/doc4.xml"}, {"form_type": "4", "filings_date": "2020-11-20", "url": "https://www.sec.gov/Archives/edgar/data/0001561550/000120919120059731/xslF345X03/doc4.xml"}, {"form_type": "4", "filings_date": "2020-11-20", "url": "https://www.sec.gov/Archives/edgar/data/0001561550/000120919120059730/xslF345X03/doc4.xml"}, {"form_type": "4", "filings_date": "2020-11-17", "url": "https://www.sec.gov/Archives/edgar/data/0001561550/000120919120058774/xslF345X03/doc4.xml"}, {"form_type": "4", "filings_date": "2020-11-17", "url": "https://www.sec.gov/Archives/edgar/data/0001561550/000089924320031263/xslF345X03/doc4.xml"}, {"form_type": "4", "filings_date": "2020-11-17", "url": "https://www.sec.gov/Archives/edgar/data/0001561550/000089924320031262/xslF345X03/doc4.xml"}, {"form_type": "4", "filings_date": "2020-11-13", "url": "https://www.sec.gov/Archives/edgar/data/0001561550/000120919120058335/xslF345X03/doc4.xml"}, {"form_type": "10-Q", "filings_date": "2020-11-12", "url": "https://www.sec.gov/Archives/edgar/data/0001561550/000156459020053609/ddog-10q_20200930.htm"}, {"form_type": "8-K", "filings_date": "2020-11-10", "url": "https://www.sec.gov/Archives/edgar/data/0001561550/000156459020052986/ddog-8k_20201110.htm"}, {"form_type": "4", "filings_date": "2020-11-09", "url": "https://www.sec.gov/Archives/edgar/data/0001561550/000120919120057505/xslF345X03/doc4.xml"}, {"form_type": "4", "filings_date": "2020-11-06", "url": "https://www.sec.gov/Archives/edgar/data/0001561550/000120919120057314/xslF345X03/doc4.xml"}, {"form_type": "4", "filings_date": "2020-11-06", "url": "https://www.sec.gov/Archives/edgar/data/0001561550/000120919120057312/xslF345X03/doc4.xml"}, {"form_type": "4", "filings_date": "2020-11-04", "url": "https://www.sec.gov/Archives/edgar/data/0001561550/000120919120056937/xslF345X03/doc4.xml"}, {"form_type": "4", "filings_date": "2020-11-04", "url": "https://www.sec.gov/Archives/edgar/data/0001561550/000120919120056933/xslF345X03/doc4.xml"}, {"form_type": "4", "filings_date": "2020-11-04", "url": "https://www.sec.gov/Archives/edgar/data/0001561550/000120919120056929/xslF345X03/doc4.xml"}, {"form_type": "4", "filings_date": "2020-11-04", "url": "https://www.sec.gov/Archives/edgar/data/0001561550/000120919120056926/xslF345X03/doc4.xml"}, {"form_type": "4", "filings_date": "2020-10-28", "url": "https://www.sec.gov/Archives/edgar/data/0001561550/000120919120056104/xslF345X03/doc4.xml"}, {"form_type": "4", "filings_date": "2020-10-27", "url": "https://www.sec.gov/Archives/edgar/data/0001561550/000120919120055935/xslF345X03/doc4.xml"}, {"form_type": "4", "filings_date": "2020-10-23", "url": "https://www.sec.gov/Archives/edgar/data/0001561550/000120919120055712/xslF345X03/doc4.xml"}, {"form_type": "4", "filings_date": "2020-10-23", "url": "https://www.sec.gov/Archives/edgar/data/0001561550/000120919120055711/xslF345X03/doc4.xml"}, {"form_type": "4", "filings_date": "2020-10-23", "url": "https://www.sec.gov/Archives/edgar/data/0001561550/000120919120055710/xslF345X03/doc4.xml"}, {"form_type": "4", "filings_date": "2020-10-21", "url": "https://www.sec.gov/Archives/edgar/data/0001561550/000120919120055514/xslF345X03/doc4.xml"}, {"form_type": "4", "filings_date": "2020-10-21", "url": "https://www.sec.gov/Archives/edgar/data/0001561550/000120919120055513/xslF345X03/doc4.xml"}, {"form_type": "4", "filings_date": "2020-10-21", "url": "https://www.sec.gov/Archives/edgar/data/0001561550/000120919120055512/xslF345X03/doc4.xml"}, {"form_type": "4", "filings_date": "2020-10-15", "url": "https://www.sec.gov/Archives/edgar/data/0001561550/000120919120054937/xslF345X03/doc4.xml"}, {"form_type": "4", "filings_date": "2020-10-14", "url": "https://www.sec.gov/Archives/edgar/data/0001561550/000120919120054797/xslF345X03/doc4.xml"}, {"form_type": "4", "filings_date": "2020-10-13", "url": "https://www.sec.gov/Archives/edgar/data/0001561550/000120919120054676/xslF345X03/doc4.xml"}, {"form_type": "4", "filings_date": "2020-10-09", "url": "https://www.sec.gov/Archives/edgar/data/0001561550/000120919120054504/xslF345X03/doc4.xml"}, {"form_type": "4", "filings_date": "2020-10-06", "url": "https://www.sec.gov/Archives/edgar/data/0001561550/000120919120054042/xslF345X03/doc4.xml"}, {"form_type": "4", "filings_date": "2020-10-02", "url": "https://www.sec.gov/Archives/edgar/data/0001561550/000120919120053311/xslF345X03/doc4.xml"}, {"form_type": "4", "filings_date": "2020-10-01", "url": "https://www.sec.gov/Archives/edgar/data/0001561550/000120919120052702/xslF345X03/doc4.xml"}, {"form_type": "4", "filings_date": "2020-09-28", "url": "https://www.sec.gov/Archives/edgar/data/0001561550/000120919120052218/xslF345X03/doc4.xml"}, {"form_type": "4", "filings_date": "2020-09-25", "url": "https://www.sec.gov/Archives/edgar/data/0001561550/000120919120052106/xslF345X03/doc4.xml"}, {"form_type": "4", "filings_date": "2020-09-18", "url": "https://www.sec.gov/Archives/edgar/data/0001561550/000120919120051184/xslF345X03/doc4.xml"}, {"form_type": "4", "filings_date": "2020-09-17", "url": "https://www.sec.gov/Archives/edgar/data/0001561550/000120919120050980/xslF345X03/doc4.xml"}, {"form_type": "4", "filings_date": "2020-09-17", "url": "https://www.sec.gov/Archives/edgar/data/0001561550/000120919120050966/xslF345X03/doc4.xml"}, {"form_type": "4", "filings_date": "2020-09-16", "url": "https://www.sec.gov/Archives/edgar/data/0001561550/000120919120050726/xslF345X03/doc4.xml"}, {"form_type": "4", "filings_date": "2020-09-14", "url": "https://www.sec.gov/Archives/edgar/data/0001561550/000120919120050294/xslF345X03/doc4.xml"}, {"form_type": "4", "filings_date": "2020-09-11", "url": "https://www.sec.gov/Archives/edgar/data/0001561550/000120919120050150/xslF345X03/doc4.xml"}, {"form_type": "4", "filings_date": "2020-09-03", "url": "https://www.sec.gov/Archives/edgar/data/0001561550/000120919120049501/xslF345X03/doc4.xml"}, {"form_type": "4", "filings_date": "2020-09-03", "url": "https://www.sec.gov/Archives/edgar/data/0001561550/000120919120049498/xslF345X03/doc4.xml"}, {"form_type": "4", "filings_date": "2020-09-03", "url": "https://www.sec.gov/Archives/edgar/data/0001561550/000120919120049494/xslF345X03/doc4.xml"}, {"form_type": "4", "filings_date": "2020-09-01", "url": "https://www.sec.gov/Archives/edgar/data/0001561550/000089924320023760/xslF345X03/doc4.xml"}, {"form_type": "4", "filings_date": "2020-09-01", "url": "https://www.sec.gov/Archives/edgar/data/0001561550/000089924320023759/xslF345X03/doc4.xml"}, {"form_type": "4", "filings_date": "2020-08-31", "url": "https://www.sec.gov/Archives/edgar/data/0001561550/000120919120048822/xslF345X03/doc4.xml"}, {"form_type": "4", "filings_date": "2020-08-28", "url": "https://www.sec.gov/Archives/edgar/data/0001561550/000120919120048661/xslF345X03/doc4.xml"}, {"form_type": "4", "filings_date": "2020-08-24", "url": "https://www.sec.gov/Archives/edgar/data/0001561550/000089924320023340/xslF345X03/doc4.xml"}, {"form_type": "4", "filings_date": "2020-08-24", "url": "https://www.sec.gov/Archives/edgar/data/0001561550/000089924320023338/xslF345X03/doc4.xml"}, {"form_type": "4", "filings_date": "2020-08-20", "url": "https://www.sec.gov/Archives/edgar/data/0001561550/000089924320023116/xslF345X03/doc4.xml"}, {"form_type": "4", "filings_date": "2020-08-20", "url": "https://www.sec.gov/Archives/edgar/data/0001561550/000089924320023113/xslF345X03/doc4.xml"}, {"form_type": "4", "filings_date": "2020-08-20", "url": "https://www.sec.gov/Archives/edgar/data/0001561550/000120919120047788/xslF345X03/doc4.xml"}, {"form_type": "4", "filings_date": "2020-08-17", "url": "https://www.sec.gov/Archives/edgar/data/0001561550/000120919120046999/xslF345X03/doc4.xml"}, {"form_type": "4", "filings_date": "2020-08-17", "url": "https://www.sec.gov/Archives/edgar/data/0001561550/000120919120046997/xslF345X03/doc4.xml"}, {"form_type": "4/A", "filings_date": "2020-08-17", "url": "https://www.sec.gov/Archives/edgar/data/0001561550/000120919120046996/xslF345X03/doc4a.xml"}, {"form_type": "4/A", "filings_date": "2020-08-14", "url": "https://www.sec.gov/Archives/edgar/data/0001561550/000089924320022487/xslF345X03/doc4a.xml"}, {"form_type": "4", "filings_date": "2020-08-14", "url": "https://www.sec.gov/Archives/edgar/data/0001561550/000120919120046842/xslF345X03/doc4.xml"}, {"form_type": "4", "filings_date": "2020-08-11", "url": "https://www.sec.gov/Archives/edgar/data/0001561550/000120919120046202/xslF345X03/doc4.xml"}, {"form_type": "4", "filings_date": "2020-08-07", "url": "https://www.sec.gov/Archives/edgar/data/0001561550/000120919120045759/xslF345X03/doc4.xml"}, {"form_type": "10-Q", "filings_date": "2020-08-07", "url": "https://www.sec.gov/Archives/edgar/data/0001561550/000156459020038405/ddog-10q_20200630.htm"}, {"form_type": "4", "filings_date": "2020-08-06", "url": "https://www.sec.gov/Archives/edgar/data/0001561550/000120919120045506/xslF345X03/doc4.xml"}, {"form_type": "8-K", "filings_date": "2020-08-06", "url": "https://www.sec.gov/Archives/edgar/data/0001561550/000156459020037808/ddog-8k_20200806.htm"}, {"form_type": "4", "filings_date": "2020-08-05", "url": "https://www.sec.gov/Archives/edgar/data/0001561550/000120919120045247/xslF345X03/doc4.xml"}, {"form_type": "4", "filings_date": "2020-08-05", "url": "https://www.sec.gov/Archives/edgar/data/0001561550/000120919120045244/xslF345X03/doc4.xml"}, {"form_type": "4", "filings_date": "2020-07-31", "url": "https://www.sec.gov/Archives/edgar/data/0001561550/000120919120044298/xslF345X03/doc4.xml"}, {"form_type": "4", "filings_date": "2020-07-31", "url": "https://www.sec.gov/Archives/edgar/data/0001561550/000120919120044297/xslF345X03/doc4.xml"}, {"form_type": "4/A", "filings_date": "2020-07-24", "url": "https://www.sec.gov/Archives/edgar/data/0001561550/000120919120043628/xslF345X03/doc4a.xml"}, {"form_type": "4", "filings_date": "2020-07-23", "url": "https://www.sec.gov/Archives/edgar/data/0001561550/000120919120043500/xslF345X03/doc4.xml"}, {"form_type": "4", "filings_date": "2020-07-22", "url": "https://www.sec.gov/Archives/edgar/data/0001561550/000120919120043331/xslF345X03/doc4.xml"}, {"form_type": "4", "filings_date": "2020-07-20", "url": "https://www.sec.gov/Archives/edgar/data/0001561550/000120919120043076/xslF345X03/doc4.xml"}, {"form_type": "4", "filings_date": "2020-07-17", "url": "https://www.sec.gov/Archives/edgar/data/0001561550/000120919120042928/xslF345X03/doc4.xml"}, {"form_type": "4", "filings_date": "2020-07-17", "url": "https://www.sec.gov/Archives/edgar/data/0001561550/000120919120042923/xslF345X03/doc4.xml"}, {"form_type": "4", "filings_date": "2020-07-16", "url": "https://www.sec.gov/Archives/edgar/data/0001561550/000120919120042667/xslF345X03/doc4.xml"}, {"form_type": "4", "filings_date": "2020-07-15", "url": "https://www.sec.gov/Archives/edgar/data/0001561550/000120919120042514/xslF345X03/doc4.xml"}, {"form_type": "4", "filings_date": "2020-07-15", "url": "https://www.sec.gov/Archives/edgar/data/0001561550/000120919120042512/xslF345X03/doc4.xml"}, {"form_type": "4", "filings_date": "2020-07-09", "url": "https://www.sec.gov/Archives/edgar/data/0001561550/000120919120041996/xslF345X03/doc4.xml"}, {"form_type": "4", "filings_date": "2020-07-08", "url": "https://www.sec.gov/Archives/edgar/data/0001561550/000120919120041818/xslF345X03/doc4.xml"}, {"form_type": "4", "filings_date": "2020-07-08", "url": "https://www.sec.gov/Archives/edgar/data/0001561550/000120919120041817/xslF345X03/doc4.xml"}, {"form_type": "4", "filings_date": "2020-07-06", "url": "https://www.sec.gov/Archives/edgar/data/0001561550/000120919120041125/xslF345X03/doc4.xml"}, {"form_type": "4", "filings_date": "2020-07-01", "url": "https://www.sec.gov/Archives/edgar/data/0001561550/000120919120039844/xslF345X03/doc4.xml"}, {"form_type": "4", "filings_date": "2020-06-25", "url": "https://www.sec.gov/Archives/edgar/data/0001561550/000120919120038971/xslF345X03/doc4.xml"}, {"form_type": "4", "filings_date": "2020-06-18", "url": "https://www.sec.gov/Archives/edgar/data/0001561550/000120919120037693/xslF345X03/doc4.xml"}, {"form_type": "4", "filings_date": "2020-06-17", "url": "https://www.sec.gov/Archives/edgar/data/0001561550/000120919120037449/xslF345X03/doc4.xml"}, {"form_type": "UPLOAD", "filings_date": "2020-06-17", "url": "https://www.sec.gov/Archives/edgar/data/0001561550/000000000020005401/filename1.pdf"}, {"form_type": "CORRESP", "filings_date": "2020-06-16", "url": "https://www.sec.gov/Archives/edgar/data/0001561550/000119312520170510/filename1.htm"}, {"form_type": "4", "filings_date": "2020-06-15", "url": "https://www.sec.gov/Archives/edgar/data/0001561550/000120919120036711/xslF345X03/doc4.xml"}, {"form_type": "4", "filings_date": "2020-06-15", "url": "https://www.sec.gov/Archives/edgar/data/0001561550/000120919120036710/xslF345X03/doc4.xml"}, {"form_type": "4", "filings_date": "2020-06-15", "url": "https://www.sec.gov/Archives/edgar/data/0001561550/000120919120036709/xslF345X03/doc4.xml"}, {"form_type": "8-K", "filings_date": "2020-06-15", "url": "https://www.sec.gov/Archives/edgar/data/0001561550/000119312520169581/d938963d8k.htm"}, {"form_type": "4", "filings_date": "2020-06-11", "url": "https://www.sec.gov/Archives/edgar/data/0001561550/000120919120036015/xslF345X03/doc4.xml"}, {"form_type": "4", "filings_date": "2020-06-09", "url": "https://www.sec.gov/Archives/edgar/data/0001561550/000120919120035324/xslF345X03/doc4.xml"}, {"form_type": "4", "filings_date": "2020-06-05", "url": "https://www.sec.gov/Archives/edgar/data/0001561550/000120919120034718/xslF345X03/doc4.xml"}, {"form_type": "UPLOAD", "filings_date": "2020-06-05", "url": "https://www.sec.gov/Archives/edgar/data/0001561550/000000000020005044/filename1.pdf"}, {"form_type": "4", "filings_date": "2020-06-03", "url": "https://www.sec.gov/Archives/edgar/data/0001561550/000120919120034123/xslF345X03/doc4.xml"}, {"form_type": "4", "filings_date": "2020-06-03", "url": "https://www.sec.gov/Archives/edgar/data/0001561550/000120919120034122/xslF345X03/doc4.xml"}, {"form_type": "8-K", "filings_date": "2020-06-02", "url": "https://www.sec.gov/Archives/edgar/data/0001561550/000119312520158639/d202955d8k.htm"}, {"form_type": "4", "filings_date": "2020-05-28", "url": "https://www.sec.gov/Archives/edgar/data/0001561550/000120919120032626/xslF345X03/doc4.xml"}, {"form_type": "4", "filings_date": "2020-05-22", "url": "https://www.sec.gov/Archives/edgar/data/0001561550/000120919120031741/xslF345X03/doc4.xml"}, {"form_type": "CORRESP", "filings_date": "2020-05-21", "url": "https://www.sec.gov/Archives/edgar/data/0001561550/000119312520148833/filename1.htm"}, {"form_type": "4", "filings_date": "2020-05-18", "url": "https://www.sec.gov/Archives/edgar/data/0001561550/000120919120030185/xslF345X03/doc4.xml"}, {"form_type": "4", "filings_date": "2020-05-18", "url": "https://www.sec.gov/Archives/edgar/data/0001561550/000120919120030182/xslF345X03/doc4.xml"}, {"form_type": "4", "filings_date": "2020-05-18", "url": "https://www.sec.gov/Archives/edgar/data/0001561550/000089924320013392/xslF345X03/doc4.xml"}, {"form_type": "4", "filings_date": "2020-05-18", "url": "https://www.sec.gov/Archives/edgar/data/0001561550/000089924320013390/xslF345X03/doc4.xml"}, {"form_type": "4", "filings_date": "2020-05-15", "url": "https://www.sec.gov/Archives/edgar/data/0001561550/000089924320013259/xslF345X03/doc4.xml"}, {"form_type": "4", "filings_date": "2020-05-15", "url": "https://www.sec.gov/Archives/edgar/data/0001561550/000089924320013256/xslF345X03/doc4.xml"}, {"form_type": "CORRESP", "filings_date": "2020-05-15", "url": "https://www.sec.gov/Archives/edgar/data/0001561550/000119312520143784/filename1.htm"}, {"form_type": "4", "filings_date": "2020-05-14", "url": "https://www.sec.gov/Archives/edgar/data/0001561550/000120919120029284/xslF345X03/doc4.xml"}, {"form_type": "4", "filings_date": "2020-05-14", "url": "https://www.sec.gov/Archives/edgar/data/0001561550/000120919120029281/xslF345X03/doc4.xml"}, {"form_type": "4", "filings_date": "2020-05-14", "url": "https://www.sec.gov/Archives/edgar/data/0001561550/000120919120029280/xslF345X03/doc4.xml"}, {"form_type": "4", "filings_date": "2020-05-14", "url": "https://www.sec.gov/Archives/edgar/data/0001561550/000120919120029279/xslF345X03/doc4.xml"}, {"form_type": "10-Q", "filings_date": "2020-05-12", "url": "https://www.sec.gov/Archives/edgar/data/0001561550/000156459020024662/ddog-10q_20200331.htm"}, {"form_type": "4", "filings_date": "2020-05-11", "url": "https://www.sec.gov/Archives/edgar/data/0001561550/000120919120028385/xslF345X03/doc4.xml"}, {"form_type": "4", "filings_date": "2020-05-11", "url": "https://www.sec.gov/Archives/edgar/data/0001561550/000120919120028384/xslF345X03/doc4.xml"}, {"form_type": "4", "filings_date": "2020-05-11", "url": "https://www.sec.gov/Archives/edgar/data/0001561550/000120919120028383/xslF345X03/doc4.xml"}, {"form_type": "4", "filings_date": "2020-05-11", "url": "https://www.sec.gov/Archives/edgar/data/0001561550/000120919120028382/xslF345X03/doc4.xml"}, {"form_type": "4", "filings_date": "2020-05-11", "url": "https://www.sec.gov/Archives/edgar/data/0001561550/000120919120028381/xslF345X03/doc4.xml"}, {"form_type": "4", "filings_date": "2020-05-11", "url": "https://www.sec.gov/Archives/edgar/data/0001561550/000120919120028380/xslF345X03/doc4.xml"}, {"form_type": "4", "filings_date": "2020-05-11", "url": "https://www.sec.gov/Archives/edgar/data/0001561550/000120919120028379/xslF345X03/doc4.xml"}, {"form_type": "4", "filings_date": "2020-05-11", "url": "https://www.sec.gov/Archives/edgar/data/0001561550/000120919120028378/xslF345X03/doc4.xml"}, {"form_type": "8-K", "filings_date": "2020-05-11", "url": "https://www.sec.gov/Archives/edgar/data/0001561550/000156459020024231/ddog-8k_20200511.htm"}, {"form_type": "SC 13G/A", "filings_date": "2020-05-11", "url": "https://www.sec.gov/Archives/edgar/data/0001561550/000089542120000354/Datadog2.txt"}, {"form_type": "SC 13G/A", "filings_date": "2020-05-11", "url": "https://www.sec.gov/Archives/edgar/data/0001561550/000008025520001469/ddog13gaapr20.txt"}, {"form_type": "4", "filings_date": "2020-05-08", "url": "https://www.sec.gov/Archives/edgar/data/0001561550/000120919120028091/xslF345X03/doc4.xml"}, {"form_type": "4", "filings_date": "2020-05-07", "url": "https://www.sec.gov/Archives/edgar/data/0001561550/000120919120027785/xslF345X03/doc4.xml"}, {"form_type": "4", "filings_date": "2020-05-06", "url": "https://www.sec.gov/Archives/edgar/data/0001561550/000120919120027542/xslF345X03/doc4.xml"}, {"form_type": "4", "filings_date": "2020-05-06", "url": "https://www.sec.gov/Archives/edgar/data/0001561550/000120919120027540/xslF345X03/doc4.xml"}, {"form_type": "4", "filings_date": "2020-05-05", "url": "https://www.sec.gov/Archives/edgar/data/0001561550/000120919120027289/xslF345X03/doc4.xml"}, {"form_type": "UPLOAD", "filings_date": "2020-05-04", "url": "https://www.sec.gov/Archives/edgar/data/0001561550/000000000020003858/filename1.pdf"}, {"form_type": "4", "filings_date": "2020-04-30", "url": "https://www.sec.gov/Archives/edgar/data/0001561550/000120919120026411/xslF345X03/doc4.xml"}, {"form_type": "4", "filings_date": "2020-04-30", "url": "https://www.sec.gov/Archives/edgar/data/0001561550/000120919120026410/xslF345X03/doc4.xml"}, {"form_type": "4", "filings_date": "2020-04-30", "url": "https://www.sec.gov/Archives/edgar/data/0001561550/000120919120026409/xslF345X03/doc4.xml"}, {"form_type": "4", "filings_date": "2020-04-27", "url": "https://www.sec.gov/Archives/edgar/data/0001561550/000120919120025877/xslF345X03/doc4.xml"}, {"form_type": "DEFA14A", "filings_date": "2020-04-24", "url": "https://www.sec.gov/Archives/edgar/data/0001561550/000119312520119053/d917028ddefa14a.htm"}, {"form_type": "DEF 14A", "filings_date": "2020-04-24", "url": "https://www.sec.gov/Archives/edgar/data/0001561550/000119312520119035/d914423ddef14a.htm"}, {"form_type": "4", "filings_date": "2020-04-23", "url": "https://www.sec.gov/Archives/edgar/data/0001561550/000089924320011255/xslF345X03/doc4.xml"}, {"form_type": "4", "filings_date": "2020-04-23", "url": "https://www.sec.gov/Archives/edgar/data/0001561550/000089924320011254/xslF345X03/doc4.xml"}, {"form_type": "4", "filings_date": "2020-04-23", "url": "https://www.sec.gov/Archives/edgar/data/0001561550/000089924320011252/xslF345X03/doc4.xml"}, {"form_type": "4", "filings_date": "2020-04-23", "url": "https://www.sec.gov/Archives/edgar/data/0001561550/000120919120025488/xslF345X03/doc4.xml"}, {"form_type": "4", "filings_date": "2020-04-21", "url": "https://www.sec.gov/Archives/edgar/data/0001561550/000120919120025297/xslF345X03/doc4.xml"}, {"form_type": "4", "filings_date": "2020-04-20", "url": "https://www.sec.gov/Archives/edgar/data/0001561550/000120919120025150/xslF345X03/doc4.xml"}, {"form_type": "4", "filings_date": "2020-04-16", "url": "https://www.sec.gov/Archives/edgar/data/0001561550/000120919120024660/xslF345X03/doc4.xml"}, {"form_type": "4", "filings_date": "2020-04-16", "url": "https://www.sec.gov/Archives/edgar/data/0001561550/000120919120024659/xslF345X03/doc4.xml"}, {"form_type": "4", "filings_date": "2020-04-16", "url": "https://www.sec.gov/Archives/edgar/data/0001561550/000120919120024657/xslF345X03/doc4.xml"}, {"form_type": "SC 13G/A", "filings_date": "2020-04-13", "url": "https://www.sec.gov/Archives/edgar/data/0001561550/000008025520001442/ddog13gamar20.txt"}, {"form_type": "4", "filings_date": "2020-04-09", "url": "https://www.sec.gov/Archives/edgar/data/0001561550/000120919120024069/xslF345X03/doc4.xml"}, {"form_type": "4", "filings_date": "2020-04-03", "url": "https://www.sec.gov/Archives/edgar/data/0001561550/000120919120023197/xslF345X03/doc4.xml"}, {"form_type": "4", "filings_date": "2020-04-03", "url": "https://www.sec.gov/Archives/edgar/data/0001561550/000120919120023190/xslF345X03/doc4.xml"}, {"form_type": "4", "filings_date": "2020-04-02", "url": "https://www.sec.gov/Archives/edgar/data/0001561550/000120919120022692/xslF345X03/doc4.xml"}, {"form_type": "4", "filings_date": "2020-03-26", "url": "https://www.sec.gov/Archives/edgar/data/0001561550/000120919120021291/xslF345X03/doc4.xml"}, {"form_type": "4", "filings_date": "2020-03-26", "url": "https://www.sec.gov/Archives/edgar/data/0001561550/000120919120021290/xslF345X03/doc4.xml"}, {"form_type": "4", "filings_date": "2020-03-25", "url": "https://www.sec.gov/Archives/edgar/data/0001561550/000120919120021163/xslF345X03/doc4.xml"}, {"form_type": "4", "filings_date": "2020-03-25", "url": "https://www.sec.gov/Archives/edgar/data/0001561550/000120919120021162/xslF345X03/doc4.xml"}, {"form_type": "SC 13G", "filings_date": "2020-03-23", "url": "https://www.sec.gov/Archives/edgar/data/0001561550/000110465920037332/a20-13494_1sc13g.htm"}, {"form_type": "4", "filings_date": "2020-03-16", "url": "https://www.sec.gov/Archives/edgar/data/0001561550/000089924320008443/xslF345X03/doc4.xml"}, {"form_type": "4", "filings_date": "2020-03-16", "url": "https://www.sec.gov/Archives/edgar/data/0001561550/000089924320008437/xslF345X03/doc4.xml"}, {"form_type": "S-8", "filings_date": "2020-03-13", "url": "https://www.sec.gov/Archives/edgar/data/0001561550/000119312520073032/d872234ds8.htm"}, {"form_type": "4", "filings_date": "2020-03-11", "url": "https://www.sec.gov/Archives/edgar/data/0001561550/000120919120018111/xslF345X03/doc4.xml"}, {"form_type": "4", "filings_date": "2020-03-11", "url": "https://www.sec.gov/Archives/edgar/data/0001561550/000120919120018109/xslF345X03/doc4.xml"}, {"form_type": "4", "filings_date": "2020-03-11", "url": "https://www.sec.gov/Archives/edgar/data/0001561550/000089924320007895/xslF345X03/doc4.xml"}, {"form_type": "4", "filings_date": "2020-03-10", "url": "https://www.sec.gov/Archives/edgar/data/0001561550/000089924320007743/xslF345X03/doc4.xml"}, {"form_type": "SC 13G/A", "filings_date": "2020-03-10", "url": "https://www.sec.gov/Archives/edgar/data/0001561550/000008025520001407/ddog13gafeb20.txt"}, {"form_type": "4", "filings_date": "2020-03-04", "url": "https://www.sec.gov/Archives/edgar/data/0001561550/000120919120016100/xslF345X03/doc4.xml"}, {"form_type": "4", "filings_date": "2020-03-04", "url": "https://www.sec.gov/Archives/edgar/data/0001561550/000120919120016097/xslF345X03/doc4.xml"}, {"form_type": "4/A", "filings_date": "2020-03-03", "url": "https://www.sec.gov/Archives/edgar/data/0001561550/000089924320006724/xslF345X03/doc4a.xml"}, {"form_type": "4/A", "filings_date": "2020-03-03", "url": "https://www.sec.gov/Archives/edgar/data/0001561550/000089924320006717/xslF345X03/doc4a.xml"}, {"form_type": "4", "filings_date": "2020-02-26", "url": "https://www.sec.gov/Archives/edgar/data/0001561550/000089924320005930/xslF345X03/doc4.xml"}, {"form_type": "4", "filings_date": "2020-02-26", "url": "https://www.sec.gov/Archives/edgar/data/0001561550/000089924320005927/xslF345X03/doc4.xml"}, {"form_type": "4", "filings_date": "2020-02-26", "url": "https://www.sec.gov/Archives/edgar/data/0001561550/000120919120012965/xslF345X03/doc4.xml"}, {"form_type": "10-K", "filings_date": "2020-02-25", "url": "https://www.sec.gov/Archives/edgar/data/0001561550/000156459020006422/ddog-10k_20191231.htm"}, {"form_type": "4", "filings_date": "2020-02-21", "url": "https://www.sec.gov/Archives/edgar/data/0001561550/000089924320005472/xslF345X03/doc4.xml"}, {"form_type": "4", "filings_date": "2020-02-21", "url": "https://www.sec.gov/Archives/edgar/data/0001561550/000089924320005471/xslF345X03/doc4.xml"}, {"form_type": "4", "filings_date": "2020-02-20", "url": "https://www.sec.gov/Archives/edgar/data/0001561550/000089924320005402/xslF345X03/doc4.xml"}, {"form_type": "4", "filings_date": "2020-02-20", "url": "https://www.sec.gov/Archives/edgar/data/0001561550/000089924320005393/xslF345X03/doc4.xml"}, {"form_type": "SC 13G", "filings_date": "2020-02-14", "url": "https://www.sec.gov/Archives/edgar/data/0001561550/000119312520038580/d837817dsc13g.htm"}, {"form_type": "SC 13G", "filings_date": "2020-02-14", "url": "https://www.sec.gov/Archives/edgar/data/0001561550/000119312520038379/d857272dsc13g.htm"}, {"form_type": "SC 13G", "filings_date": "2020-02-14", "url": "https://www.sec.gov/Archives/edgar/data/0001561550/000119312520038146/d891930dsc13g.htm"}, {"form_type": "SC 13G/A", "filings_date": "2020-02-14", "url": "https://www.sec.gov/Archives/edgar/data/0001561550/000138732220000008/wrddog13g_a1.htm"}, {"form_type": "SC 13G/A", "filings_date": "2020-02-14", "url": "https://www.sec.gov/Archives/edgar/data/0001561550/000117266120000692/holocene-ddog123119a1.htm"}, {"form_type": "SC 13G", "filings_date": "2020-02-14", "url": "https://www.sec.gov/Archives/edgar/data/0001561550/000110465920021260/tm207838-3_sc13g.htm"}, {"form_type": "SC 13G", "filings_date": "2020-02-14", "url": "https://www.sec.gov/Archives/edgar/data/0001561550/000119312520036967/d885801dsc13g.htm"}, {"form_type": "SC 13G", "filings_date": "2020-02-14", "url": "https://www.sec.gov/Archives/edgar/data/0001561550/000119312520036874/d881707dsc13g.htm"}, {"form_type": "SC 13G", "filings_date": "2020-02-13", "url": "https://www.sec.gov/Archives/edgar/data/0001561550/000119312520035679/d887976dsc13g.htm"}, {"form_type": "SC 13G", "filings_date": "2020-02-13", "url": "https://www.sec.gov/Archives/edgar/data/0001561550/000119312520035674/d887845dsc13g.htm"}, {"form_type": "SC 13G", "filings_date": "2020-02-13", "url": "https://www.sec.gov/Archives/edgar/data/0001561550/000119312520035667/d888094dsc13g.htm"}, {"form_type": "8-K", "filings_date": "2020-02-13", "url": "https://www.sec.gov/Archives/edgar/data/0001561550/000156459020004607/ddog-8k_20200213.htm"}, {"form_type": "SC 13G/A", "filings_date": "2020-02-13", "url": "https://www.sec.gov/Archives/edgar/data/0001561550/000119312520035564/d885815dsc13ga.htm"}, {"form_type": "4", "filings_date": "2020-02-12", "url": "https://www.sec.gov/Archives/edgar/data/0001561550/000120919120008873/xslF345X03/doc4.xml"}, {"form_type": "SC 13G/A", "filings_date": "2020-02-12", "url": "https://www.sec.gov/Archives/edgar/data/0001561550/000089542120000101/DataDog1.txt"}, {"form_type": "SC 13G/A", "filings_date": "2020-02-10", "url": "https://www.sec.gov/Archives/edgar/data/0001561550/000008025520000940/ddog13gajan20.txt"}, {"form_type": "SC 13G/A", "filings_date": "2020-02-10", "url": "https://www.sec.gov/Archives/edgar/data/0001561550/000008025520000928/ddog13gadec19.txt"}, {"form_type": "4", "filings_date": "2020-02-06", "url": "https://www.sec.gov/Archives/edgar/data/0001561550/000120919120007173/xslF345X03/doc4.xml"}, {"form_type": "4", "filings_date": "2020-02-05", "url": "https://www.sec.gov/Archives/edgar/data/0001561550/000120919120007001/xslF345X03/doc4.xml"}, {"form_type": "4", "filings_date": "2020-02-05", "url": "https://www.sec.gov/Archives/edgar/data/0001561550/000120919120006999/xslF345X03/doc4.xml"}, {"form_type": "4", "filings_date": "2020-02-03", "url": "https://www.sec.gov/Archives/edgar/data/0001561550/000120919120006082/xslF345X03/doc4.xml"}, {"form_type": "4", "filings_date": "2020-01-29", "url": "https://www.sec.gov/Archives/edgar/data/0001561550/000120919120005454/xslF345X03/doc4.xml"}, {"form_type": "4", "filings_date": "2020-01-29", "url": "https://www.sec.gov/Archives/edgar/data/0001561550/000120919120005453/xslF345X03/doc4.xml"}, {"form_type": "4", "filings_date": "2020-01-23", "url": "https://www.sec.gov/Archives/edgar/data/0001561550/000120919120004769/xslF345X03/doc4.xml"}, {"form_type": "4", "filings_date": "2020-01-23", "url": "https://www.sec.gov/Archives/edgar/data/0001561550/000120919120004767/xslF345X03/doc4.xml"}, {"form_type": "SC 13G", "filings_date": "2019-12-30", "url": "https://www.sec.gov/Archives/edgar/data/0001561550/000117266119002413/holocene-ddog122019.htm"}, {"form_type": "4", "filings_date": "2019-12-18", "url": "https://www.sec.gov/Archives/edgar/data/0001561550/000110465919073812/xslF345X03/a4.xml"}, {"form_type": "4", "filings_date": "2019-12-12", "url": "https://www.sec.gov/Archives/edgar/data/0001561550/000089924319029106/xslF345X03/doc4.xml"}, {"form_type": "4", "filings_date": "2019-12-12", "url": "https://www.sec.gov/Archives/edgar/data/0001561550/000089924319029076/xslF345X03/doc4.xml"}, {"form_type": "4", "filings_date": "2019-12-12", "url": "https://www.sec.gov/Archives/edgar/data/0001561550/000089924319029072/xslF345X03/doc4.xml"}, {"form_type": "4", "filings_date": "2019-12-12", "url": "https://www.sec.gov/Archives/edgar/data/0001561550/000089924319029070/xslF345X03/doc4.xml"}, {"form_type": "4", "filings_date": "2019-12-12", "url": "https://www.sec.gov/Archives/edgar/data/0001561550/000120919119060233/xslF345X03/doc4.xml"}, {"form_type": "4", "filings_date": "2019-12-12", "url": "https://www.sec.gov/Archives/edgar/data/0001561550/000120919119060230/xslF345X03/doc4.xml"}, {"form_type": "4", "filings_date": "2019-12-12", "url": "https://www.sec.gov/Archives/edgar/data/0001561550/000120919119060229/xslF345X03/doc4.xml"}, {"form_type": "4", "filings_date": "2019-12-11", "url": "https://www.sec.gov/Archives/edgar/data/0001561550/000089924319028952/xslF345X03/doc4.xml"}, {"form_type": "SC 13G/A", "filings_date": "2019-12-10", "url": "https://www.sec.gov/Archives/edgar/data/0001561550/000008025519003021/ddog13ganov19.txt"}, {"form_type": "8-K", "filings_date": "2019-12-06", "url": "https://www.sec.gov/Archives/edgar/data/0001561550/000119312519308325/d83668d8k.htm"}, {"form_type": "10-Q", "filings_date": "2019-11-13", "url": "https://www.sec.gov/Archives/edgar/data/0001561550/000156459019043256/ddog-10q_20190930.htm"}, {"form_type": "8-K", "filings_date": "2019-11-12", "url": "https://www.sec.gov/Archives/edgar/data/0001561550/000156459019042935/ddog-8k_20191112.htm"}, {"form_type": "SC 13G", "filings_date": "2019-11-12", "url": "https://www.sec.gov/Archives/edgar/data/0001561550/000008025519002996/ddog13goct19.txt"}, {"form_type": "4", "filings_date": "2019-11-08", "url": "https://www.sec.gov/Archives/edgar/data/0001561550/000120919119055830/xslF345X03/doc4.xml"}, {"form_type": "SC 13G", "filings_date": "2019-11-01", "url": "https://www.sec.gov/Archives/edgar/data/0001561550/000138732219000014/wrddog13g.htm"}, {"form_type": "SC 13G", "filings_date": "2019-10-25", "url": "https://www.sec.gov/Archives/edgar/data/0001561550/000089542119000624/Datadog.txt"}, {"form_type": "SC 13G", "filings_date": "2019-10-18", "url": "https://www.sec.gov/Archives/edgar/data/0001561550/000119312519269435/d31379dsc13g.htm"}, {"form_type": "4", "filings_date": "2019-09-25", "url": "https://www.sec.gov/Archives/edgar/data/0001561550/000089924319024285/xslF345X03/doc4.xml"}, {"form_type": "4", "filings_date": "2019-09-25", "url": "https://www.sec.gov/Archives/edgar/data/0001561550/000089924319024284/xslF345X03/doc4.xml"}, {"form_type": "4", "filings_date": "2019-09-25", "url": "https://www.sec.gov/Archives/edgar/data/0001561550/000089924319024283/xslF345X03/doc4.xml"}, {"form_type": "4", "filings_date": "2019-09-25", "url": "https://www.sec.gov/Archives/edgar/data/0001561550/000110465919051351/xslF345X03/a4.xml"}, {"form_type": "4", "filings_date": "2019-09-23", "url": "https://www.sec.gov/Archives/edgar/data/0001561550/000120919119050478/xslF345X03/doc4.xml"}, {"form_type": "4", "filings_date": "2019-09-23", "url": "https://www.sec.gov/Archives/edgar/data/0001561550/000120919119050476/xslF345X03/doc4.xml"}, {"form_type": "4", "filings_date": "2019-09-23", "url": "https://www.sec.gov/Archives/edgar/data/0001561550/000120919119050474/xslF345X03/doc4.xml"}, {"form_type": "4", "filings_date": "2019-09-23", "url": "https://www.sec.gov/Archives/edgar/data/0001561550/000120919119050471/xslF345X03/doc4.xml"}, {"form_type": "4", "filings_date": "2019-09-23", "url": "https://www.sec.gov/Archives/edgar/data/0001561550/000120919119050470/xslF345X03/doc4.xml"}, {"form_type": "4", "filings_date": "2019-09-23", "url": "https://www.sec.gov/Archives/edgar/data/0001561550/000120919119050469/xslF345X03/doc4.xml"}, {"form_type": "4", "filings_date": "2019-09-23", "url": "https://www.sec.gov/Archives/edgar/data/0001561550/000120919119050467/xslF345X03/doc4.xml"}, {"form_type": "4", "filings_date": "2019-09-23", "url": "https://www.sec.gov/Archives/edgar/data/0001561550/000120919119050466/xslF345X03/doc4.xml"}, {"form_type": "4", "filings_date": "2019-09-23", "url": "https://www.sec.gov/Archives/edgar/data/0001561550/000120919119050465/xslF345X03/doc4.xml"}, {"form_type": "4", "filings_date": "2019-09-23", "url": "https://www.sec.gov/Archives/edgar/data/0001561550/000120919119050464/xslF345X03/doc4.xml"}, {"form_type": "4", "filings_date": "2019-09-23", "url": "https://www.sec.gov/Archives/edgar/data/0001561550/000120919119050463/xslF345X03/doc4.xml"}, {"form_type": "4", "filings_date": "2019-09-23", "url": "https://www.sec.gov/Archives/edgar/data/0001561550/000120919119050462/xslF345X03/doc4.xml"}, {"form_type": "4", "filings_date": "2019-09-23", "url": "https://www.sec.gov/Archives/edgar/data/0001561550/000120919119050461/xslF345X03/doc4.xml"}, {"form_type": "8-K", "filings_date": "2019-09-23", "url": "https://www.sec.gov/Archives/edgar/data/0001561550/000119312519252279/d803834d8k.htm"}, {"form_type": "S-8", "filings_date": "2019-09-23", "url": "https://www.sec.gov/Archives/edgar/data/0001561550/000119312519252216/d808337ds8.htm"}, {"form_type": "3/A", "filings_date": "2019-09-20", "url": "https://www.sec.gov/Archives/edgar/data/0001561550/000089924319024009/xslF345X02/doc3a.xml"}, {"form_type": "424B4", "filings_date": "2019-09-19", "url": "https://www.sec.gov/Archives/edgar/data/0001561550/000119312519249577/d745413d424b4.htm"}, {"form_type": "EFFECT", "filings_date": "2019-09-18", "url": "https://www.sec.gov/Archives/edgar/data/0001561550/999999999519002123/xslEFFECTX01/primary_doc.xml"}, {"form_type": "3", "filings_date": "2019-09-18", "url": "https://www.sec.gov/Archives/edgar/data/0001561550/000089924319023883/xslF345X02/doc3.xml"}, {"form_type": "3", "filings_date": "2019-09-18", "url": "https://www.sec.gov/Archives/edgar/data/0001561550/000089924319023864/xslF345X02/doc3.xml"}, {"form_type": "3", "filings_date": "2019-09-18", "url": "https://www.sec.gov/Archives/edgar/data/0001561550/000089924319023862/xslF345X02/doc3.xml"}, {"form_type": "3", "filings_date": "2019-09-18", "url": "https://www.sec.gov/Archives/edgar/data/0001561550/000120919119050187/xslF345X02/doc3.xml"}, {"form_type": "3", "filings_date": "2019-09-18", "url": "https://www.sec.gov/Archives/edgar/data/0001561550/000120919119050186/xslF345X02/doc3.xml"}, {"form_type": "3", "filings_date": "2019-09-18", "url": "https://www.sec.gov/Archives/edgar/data/0001561550/000120919119050185/xslF345X02/doc3.xml"}, {"form_type": "3", "filings_date": "2019-09-18", "url": "https://www.sec.gov/Archives/edgar/data/0001561550/000110465919050617/xslF345X02/a3.xml"}, {"form_type": "3", "filings_date": "2019-09-18", "url": "https://www.sec.gov/Archives/edgar/data/0001561550/000120919119050184/xslF345X02/doc3.xml"}, {"form_type": "3", "filings_date": "2019-09-18", "url": "https://www.sec.gov/Archives/edgar/data/0001561550/000120919119050183/xslF345X02/doc3.xml"}, {"form_type": "3", "filings_date": "2019-09-18", "url": "https://www.sec.gov/Archives/edgar/data/0001561550/000120919119050182/xslF345X02/doc3.xml"}, {"form_type": "3", "filings_date": "2019-09-18", "url": "https://www.sec.gov/Archives/edgar/data/0001561550/000120919119050181/xslF345X02/doc3.xml"}, {"form_type": "3", "filings_date": "2019-09-18", "url": "https://www.sec.gov/Archives/edgar/data/0001561550/000120919119050180/xslF345X02/doc3.xml"}, {"form_type": "3", "filings_date": "2019-09-18", "url": "https://www.sec.gov/Archives/edgar/data/0001561550/000120919119050179/xslF345X02/doc3.xml"}, {"form_type": "3", "filings_date": "2019-09-18", "url": "https://www.sec.gov/Archives/edgar/data/0001561550/000120919119050178/xslF345X02/doc3.xml"}, {"form_type": "3", "filings_date": "2019-09-18", "url": "https://www.sec.gov/Archives/edgar/data/0001561550/000120919119050177/xslF345X02/doc3.xml"}, {"form_type": "3", "filings_date": "2019-09-18", "url": "https://www.sec.gov/Archives/edgar/data/0001561550/000120919119050176/xslF345X02/doc3.xml"}, {"form_type": "3", "filings_date": "2019-09-18", "url": "https://www.sec.gov/Archives/edgar/data/0001561550/000120919119050175/xslF345X02/doc3.xml"}, {"form_type": "CERT", "filings_date": "2019-09-17", "url": "https://www.sec.gov/Archives/edgar/data/0001561550/000135445719000452/8A_Cert_DDOG.pdf"}, {"form_type": "CORRESP", "filings_date": "2019-09-17", "url": "https://www.sec.gov/Archives/edgar/data/0001561550/000119312519246454/filename1.htm"}, {"form_type": "S-1/A", "filings_date": "2019-09-17", "url": "https://www.sec.gov/Archives/edgar/data/0001561550/000119312519246194/d745413ds1a.htm"}, {"form_type": "CORRESP", "filings_date": "2019-09-16", "url": "https://www.sec.gov/Archives/edgar/data/0001561550/000119312519245908/filename1.htm"}, {"form_type": "CORRESP", "filings_date": "2019-09-16", "url": "https://www.sec.gov/Archives/edgar/data/0001561550/000119312519245886/filename1.htm"}, {"form_type": "8-A12B", "filings_date": "2019-09-16", "url": "https://www.sec.gov/Archives/edgar/data/0001561550/000119312519245873/d805468d8a12b.htm"}, {"form_type": "UPLOAD", "filings_date": "2019-09-11", "url": "https://www.sec.gov/Archives/edgar/data/0001561550/000000000019013476/filename1.pdf"}, {"form_type": "S-1/A", "filings_date": "2019-09-09", "url": "https://www.sec.gov/Archives/edgar/data/0001561550/000119312519240411/d745413ds1a.htm"}, {"form_type": "CORRESP", "filings_date": "2019-09-03", "url": "https://www.sec.gov/Archives/edgar/data/0001561550/000119312519236635/filename1.htm"}, {"form_type": "CORRESP", "filings_date": "2019-08-29", "url": "https://www.sec.gov/Archives/edgar/data/0001561550/000119312519234329/filename1.htm"}, {"form_type": "S-1", "filings_date": "2019-08-23", "url": "https://www.sec.gov/Archives/edgar/data/0001561550/000119312519227783/d745413ds1.htm"}, {"form_type": "DRSLTR", "filings_date": "2019-08-22", "url": "https://www.sec.gov/Archives/edgar/data/0001561550/000095012319008641/filename1.htm"}, {"form_type": "UPLOAD", "filings_date": "2019-08-22", "url": "https://www.sec.gov/Archives/edgar/data/0001561550/000000000019012742/filename1.pdf"}, {"form_type": "DRSLTR", "filings_date": "2019-08-21", "url": "https://www.sec.gov/Archives/edgar/data/0001561550/000095012319008620/filename1.htm"}, {"form_type": "DRSLTR", "filings_date": "2019-08-20", "url": "https://www.sec.gov/Archives/edgar/data/0001561550/000095012319008614/filename1.htm"}, {"form_type": "UPLOAD", "filings_date": "2019-08-16", "url": "https://www.sec.gov/Archives/edgar/data/0001561550/000000000019012575/filename1.pdf"}, {"form_type": "DRSLTR", "filings_date": "2019-08-14", "url": "https://www.sec.gov/Archives/edgar/data/0001561550/000095012319008465/filename1.htm"}, {"form_type": "DRS/A", "filings_date": "2019-08-14", "url": "https://www.sec.gov/Archives/edgar/data/0001561550/000095012319008464/filename1.htm"}, {"form_type": "UPLOAD", "filings_date": "2019-08-12", "url": "https://www.sec.gov/Archives/edgar/data/0001561550/000000000019012302/filename1.pdf"}, {"form_type": "DRSLTR", "filings_date": "2019-07-30", "url": "https://www.sec.gov/Archives/edgar/data/0001561550/000095012319006761/filename1.htm"}, {"form_type": "DRS/A", "filings_date": "2019-07-30", "url": "https://www.sec.gov/Archives/edgar/data/0001561550/000095012319006759/filename1.htm"}, {"form_type": "UPLOAD", "filings_date": "2019-07-10", "url": "https://www.sec.gov/Archives/edgar/data/0001561550/000000000019010931/filename1.pdf"}, {"form_type": "DRS", "filings_date": "2019-06-13", "url": "https://www.sec.gov/Archives/edgar/data/0001561550/000095012319005985/filename1.htm"}]}