{"company": {"cik": "0001438231", "name": "Digimarc CORP", "sic": "Services-Computer Integrated Systems Design", "state_incorp": "OR", "ticker": "DMRC", "mailing_addr": "8500 SW CREEKSIDE PLACE, BEAVERTON, OR, 97008", "category": "Non-accelerated filer<br>Smaller reporting company", "fiscal_year_end": "31, December"}, "filings": [{"form_type": "8-K", "filings_date": "2022-03-14", "url": "https://www.sec.gov/Archives/edgar/data/0001438231/000156459022009968/dmrc-8k_20220309.htm"}, {"form_type": "4", "filings_date": "2022-03-10", "url": "https://www.sec.gov/Archives/edgar/data/0001438231/000120919122017758/xslF345X03/doc4.xml"}, {"form_type": "4", "filings_date": "2022-03-10", "url": "https://www.sec.gov/Archives/edgar/data/0001438231/000120919122017757/xslF345X03/doc4.xml"}, {"form_type": "10-K", "filings_date": "2022-03-07", "url": "https://www.sec.gov/Archives/edgar/data/0001438231/000156459022008846/dmrc-10k_20211231.htm"}, {"form_type": "8-K", "filings_date": "2022-03-02", "url": "https://www.sec.gov/Archives/edgar/data/0001438231/000156459022008299/dmrc-8k_20220302.htm"}, {"form_type": "8-K", "filings_date": "2022-02-22", "url": "https://www.sec.gov/Archives/edgar/data/0001438231/000156459022005920/dmrc-8k_20220217.htm"}, {"form_type": "4", "filings_date": "2022-02-17", "url": "https://www.sec.gov/Archives/edgar/data/0001438231/000120919122011073/xslF345X03/doc4.xml"}, {"form_type": "4", "filings_date": "2022-02-17", "url": "https://www.sec.gov/Archives/edgar/data/0001438231/000120919122011072/xslF345X03/doc4.xml"}, {"form_type": "4", "filings_date": "2022-02-17", "url": "https://www.sec.gov/Archives/edgar/data/0001438231/000120919122011069/xslF345X03/doc4.xml"}, {"form_type": "4", "filings_date": "2022-02-17", "url": "https://www.sec.gov/Archives/edgar/data/0001438231/000120919122010662/xslF345X03/doc4.xml"}, {"form_type": "4", "filings_date": "2022-02-17", "url": "https://www.sec.gov/Archives/edgar/data/0001438231/000120919122010660/xslF345X03/doc4.xml"}, {"form_type": "4", "filings_date": "2022-02-17", "url": "https://www.sec.gov/Archives/edgar/data/0001438231/000120919122010658/xslF345X03/doc4.xml"}, {"form_type": "4", "filings_date": "2022-02-17", "url": "https://www.sec.gov/Archives/edgar/data/0001438231/000120919122010655/xslF345X03/doc4.xml"}, {"form_type": "SC 13G", "filings_date": "2022-02-11", "url": "https://www.sec.gov/Archives/edgar/data/0001438231/000108514622000821/dmrc_21122.htm"}, {"form_type": "5", "filings_date": "2022-02-04", "url": "https://www.sec.gov/Archives/edgar/data/0001438231/000120919122007160/xslF345X03/doc5.xml"}, {"form_type": "SC 13G/A", "filings_date": "2022-02-03", "url": "https://www.sec.gov/Archives/edgar/data/0001438231/000108887522000076/digimarc31012022.txt"}, {"form_type": "424B3", "filings_date": "2022-01-31", "url": "https://www.sec.gov/Archives/edgar/data/0001438231/000119312522023423/d293392d424b3.htm"}, {"form_type": "EFFECT", "filings_date": "2022-01-28", "url": "https://www.sec.gov/Archives/edgar/data/0001438231/999999999522000274/xslEFFECTX01/primary_doc.xml"}, {"form_type": "CORRESP", "filings_date": "2022-01-26", "url": "https://www.sec.gov/Archives/edgar/data/0001438231/000119312522018124/filename1.htm"}, {"form_type": "UPLOAD", "filings_date": "2022-01-25", "url": "https://www.sec.gov/Archives/edgar/data/0001438231/000000000022000991/filename1.pdf"}, {"form_type": "S-8", "filings_date": "2022-01-19", "url": "https://www.sec.gov/Archives/edgar/data/0001438231/000119312522011652/d296400ds8.htm"}, {"form_type": "S-3", "filings_date": "2022-01-19", "url": "https://www.sec.gov/Archives/edgar/data/0001438231/000119312522011651/d300232ds3.htm"}, {"form_type": "D", "filings_date": "2022-01-18", "url": "https://www.sec.gov/Archives/edgar/data/0001438231/000120919122003522/xslFormDX01/primary_doc.xml"}, {"form_type": "SC 13G/A", "filings_date": "2022-01-18", "url": "https://www.sec.gov/Archives/edgar/data/0001438231/000108887522000023/digimarc31122021.txt"}, {"form_type": "8-K", "filings_date": "2022-01-04", "url": "https://www.sec.gov/Archives/edgar/data/0001438231/000119312522000800/d41501d8k.htm"}, {"form_type": "8-K", "filings_date": "2021-12-29", "url": "https://www.sec.gov/Archives/edgar/data/0001438231/000119312521369112/d175632d8k.htm"}, {"form_type": "8-K", "filings_date": "2021-12-08", "url": "https://www.sec.gov/Archives/edgar/data/0001438231/000119312521350766/d254801d8k.htm"}, {"form_type": "4", "filings_date": "2021-11-16", "url": "https://www.sec.gov/Archives/edgar/data/0001438231/000120919121064851/xslF345X03/doc4.xml"}, {"form_type": "4", "filings_date": "2021-11-16", "url": "https://www.sec.gov/Archives/edgar/data/0001438231/000120919121064818/xslF345X03/doc4.xml"}, {"form_type": "4", "filings_date": "2021-11-16", "url": "https://www.sec.gov/Archives/edgar/data/0001438231/000120919121064798/xslF345X03/doc4.xml"}, {"form_type": "4", "filings_date": "2021-11-16", "url": "https://www.sec.gov/Archives/edgar/data/0001438231/000120919121064795/xslF345X03/doc4.xml"}, {"form_type": "10-Q", "filings_date": "2021-11-15", "url": "https://www.sec.gov/Archives/edgar/data/0001438231/000156459021057034/dmrc-10q_20210930.htm"}, {"form_type": "8-K", "filings_date": "2021-11-15", "url": "https://www.sec.gov/Archives/edgar/data/0001438231/000119312521328913/d236631d8k.htm"}, {"form_type": "8-K", "filings_date": "2021-11-15", "url": "https://www.sec.gov/Archives/edgar/data/0001438231/000156459021056804/dmrc-8k_20211115.htm"}, {"form_type": "8-K", "filings_date": "2021-10-05", "url": "https://www.sec.gov/Archives/edgar/data/0001438231/000156459021050204/dmrc-8k_20210929.htm"}, {"form_type": "EFFECT", "filings_date": "2021-08-20", "url": "https://www.sec.gov/Archives/edgar/data/0001438231/999999999521003264/xslEFFECTX01/primary_doc.xml"}, {"form_type": "CORRESP", "filings_date": "2021-08-18", "url": "https://www.sec.gov/Archives/edgar/data/0001438231/000119312521250180/filename1.htm"}, {"form_type": "4", "filings_date": "2021-08-16", "url": "https://www.sec.gov/Archives/edgar/data/0001438231/000120919121051735/xslF345X03/doc4.xml"}, {"form_type": "4", "filings_date": "2021-08-16", "url": "https://www.sec.gov/Archives/edgar/data/0001438231/000120919121051734/xslF345X03/doc4.xml"}, {"form_type": "4", "filings_date": "2021-08-16", "url": "https://www.sec.gov/Archives/edgar/data/0001438231/000120919121051733/xslF345X03/doc4.xml"}, {"form_type": "4", "filings_date": "2021-08-16", "url": "https://www.sec.gov/Archives/edgar/data/0001438231/000120919121051732/xslF345X03/doc4.xml"}, {"form_type": "4", "filings_date": "2021-08-10", "url": "https://www.sec.gov/Archives/edgar/data/0001438231/000120919121050560/xslF345X03/doc4.xml"}, {"form_type": "UPLOAD", "filings_date": "2021-08-10", "url": "https://www.sec.gov/Archives/edgar/data/0001438231/000000000021009769/filename1.pdf"}, {"form_type": "S-3", "filings_date": "2021-08-06", "url": "https://www.sec.gov/Archives/edgar/data/0001438231/000119312521239369/d100338ds3.htm"}, {"form_type": "10-Q", "filings_date": "2021-08-06", "url": "https://www.sec.gov/Archives/edgar/data/0001438231/000156459021041743/dmrc-10q_20210630.htm"}, {"form_type": "8-K", "filings_date": "2021-08-05", "url": "https://www.sec.gov/Archives/edgar/data/0001438231/000156459021041597/dmrc-8k_20210805.htm"}, {"form_type": "4", "filings_date": "2021-07-15", "url": "https://www.sec.gov/Archives/edgar/data/0001438231/000120919121046808/xslF345X03/doc4.xml"}, {"form_type": "3", "filings_date": "2021-07-15", "url": "https://www.sec.gov/Archives/edgar/data/0001438231/000120919121046805/xslF345X02/doc3.xml"}, {"form_type": "8-K", "filings_date": "2021-07-02", "url": "https://www.sec.gov/Archives/edgar/data/0001438231/000156459021035668/dmrc-8k_20210628.htm"}, {"form_type": "4/A", "filings_date": "2021-06-28", "url": "https://www.sec.gov/Archives/edgar/data/0001438231/000120919121043460/xslF345X03/doc4a.xml"}, {"form_type": "3/A", "filings_date": "2021-06-28", "url": "https://www.sec.gov/Archives/edgar/data/0001438231/000120919121043459/xslF345X02/doc3a.xml"}, {"form_type": "3/A", "filings_date": "2021-06-28", "url": "https://www.sec.gov/Archives/edgar/data/0001438231/000120919121043458/xslF345X02/doc3a.xml"}, {"form_type": "3/A", "filings_date": "2021-06-28", "url": "https://www.sec.gov/Archives/edgar/data/0001438231/000120919121043455/xslF345X02/doc3a.xml"}, {"form_type": "4", "filings_date": "2021-06-28", "url": "https://www.sec.gov/Archives/edgar/data/0001438231/000120919121043454/xslF345X03/doc4.xml"}, {"form_type": "4", "filings_date": "2021-05-17", "url": "https://www.sec.gov/Archives/edgar/data/0001438231/000120919121033144/xslF345X03/doc4.xml"}, {"form_type": "4", "filings_date": "2021-05-17", "url": "https://www.sec.gov/Archives/edgar/data/0001438231/000120919121033138/xslF345X03/doc4.xml"}, {"form_type": "4", "filings_date": "2021-05-17", "url": "https://www.sec.gov/Archives/edgar/data/0001438231/000120919121033129/xslF345X03/doc4.xml"}, {"form_type": "4", "filings_date": "2021-05-17", "url": "https://www.sec.gov/Archives/edgar/data/0001438231/000120919121033128/xslF345X03/doc4.xml"}, {"form_type": "4", "filings_date": "2021-05-07", "url": "https://www.sec.gov/Archives/edgar/data/0001438231/000120919121030941/xslF345X03/doc4.xml"}, {"form_type": "4", "filings_date": "2021-05-07", "url": "https://www.sec.gov/Archives/edgar/data/0001438231/000120919121030931/xslF345X03/doc4.xml"}, {"form_type": "4", "filings_date": "2021-05-07", "url": "https://www.sec.gov/Archives/edgar/data/0001438231/000120919121030927/xslF345X03/doc4.xml"}, {"form_type": "4", "filings_date": "2021-05-07", "url": "https://www.sec.gov/Archives/edgar/data/0001438231/000120919121030924/xslF345X03/doc4.xml"}, {"form_type": "4", "filings_date": "2021-05-07", "url": "https://www.sec.gov/Archives/edgar/data/0001438231/000120919121030921/xslF345X03/doc4.xml"}, {"form_type": "8-K", "filings_date": "2021-05-05", "url": "https://www.sec.gov/Archives/edgar/data/0001438231/000156459021024157/dmrc-8k_20210505.htm"}, {"form_type": "10-Q", "filings_date": "2021-04-29", "url": "https://www.sec.gov/Archives/edgar/data/0001438231/000156459021022060/dmrc-10q_20210331.htm"}, {"form_type": "8-K", "filings_date": "2021-04-28", "url": "https://www.sec.gov/Archives/edgar/data/0001438231/000156459021021370/dmrc-8k_20210428.htm"}, {"form_type": "4", "filings_date": "2021-04-14", "url": "https://www.sec.gov/Archives/edgar/data/0001438231/000120919121026608/xslF345X03/doc4.xml"}, {"form_type": "4", "filings_date": "2021-04-14", "url": "https://www.sec.gov/Archives/edgar/data/0001438231/000120919121026603/xslF345X03/doc4.xml"}, {"form_type": "DEFA14A", "filings_date": "2021-04-13", "url": "https://www.sec.gov/Archives/edgar/data/0001438231/000119312521113632/d130868ddefa14a.htm"}, {"form_type": "8-K", "filings_date": "2021-04-13", "url": "https://www.sec.gov/Archives/edgar/data/0001438231/000119312521113631/d130726d8k.htm"}, {"form_type": "8-K", "filings_date": "2021-04-12", "url": "https://www.sec.gov/Archives/edgar/data/0001438231/000119312521113328/d115412d8k.htm"}, {"form_type": "DEFA14A", "filings_date": "2021-03-24", "url": "https://www.sec.gov/Archives/edgar/data/0001438231/000156459021015148/dmrc-defa14a_20210430.htm"}, {"form_type": "DEF 14A", "filings_date": "2021-03-24", "url": "https://www.sec.gov/Archives/edgar/data/0001438231/000156459021015145/dmrc-def14a_20210430.htm"}, {"form_type": "4", "filings_date": "2021-03-19", "url": "https://www.sec.gov/Archives/edgar/data/0001438231/000120919121022101/xslF345X03/doc4.xml"}, {"form_type": "3", "filings_date": "2021-03-19", "url": "https://www.sec.gov/Archives/edgar/data/0001438231/000120919121022098/xslF345X02/doc3.xml"}, {"form_type": "8-K", "filings_date": "2021-03-15", "url": "https://www.sec.gov/Archives/edgar/data/0001438231/000156459021013042/dmrc-8k_20210312.htm"}, {"form_type": "8-K", "filings_date": "2021-03-11", "url": "https://www.sec.gov/Archives/edgar/data/0001438231/000156459021012128/dmrc-8k_20210309.htm"}, {"form_type": "SC 13G/A", "filings_date": "2021-03-10", "url": "https://www.sec.gov/Archives/edgar/data/0001438231/000083423721007952/us25381b1017_030921.txt"}, {"form_type": "4", "filings_date": "2021-02-26", "url": "https://www.sec.gov/Archives/edgar/data/0001438231/000120919121014633/xslF345X03/doc4.xml"}, {"form_type": "3", "filings_date": "2021-02-26", "url": "https://www.sec.gov/Archives/edgar/data/0001438231/000120919121014631/xslF345X02/doc3.xml"}, {"form_type": "10-K", "filings_date": "2021-02-26", "url": "https://www.sec.gov/Archives/edgar/data/0001438231/000156459021009019/dmrc-10k_20201231.htm"}, {"form_type": "8-K", "filings_date": "2021-02-24", "url": "https://www.sec.gov/Archives/edgar/data/0001438231/000156459021008181/dmrc-8k_20210224.htm"}, {"form_type": "8-K", "filings_date": "2021-02-23", "url": "https://www.sec.gov/Archives/edgar/data/0001438231/000156459021007457/dmrc-8k_20210222.htm"}, {"form_type": "4", "filings_date": "2021-02-17", "url": "https://www.sec.gov/Archives/edgar/data/0001438231/000120919121011358/xslF345X03/doc4.xml"}, {"form_type": "4", "filings_date": "2021-02-17", "url": "https://www.sec.gov/Archives/edgar/data/0001438231/000120919121011229/xslF345X03/doc4.xml"}, {"form_type": "4", "filings_date": "2021-02-17", "url": "https://www.sec.gov/Archives/edgar/data/0001438231/000120919121011225/xslF345X03/doc4.xml"}, {"form_type": "4", "filings_date": "2021-02-17", "url": "https://www.sec.gov/Archives/edgar/data/0001438231/000120919121011222/xslF345X03/doc4.xml"}, {"form_type": "SC 13G/A", "filings_date": "2021-02-16", "url": "https://www.sec.gov/Archives/edgar/data/0001438231/000121465921001734/j21214sc13ga2.htm"}, {"form_type": "SC 13G/A", "filings_date": "2021-02-12", "url": "https://www.sec.gov/Archives/edgar/data/0001438231/000090266421001299/p21-0602sc13ga.htm"}, {"form_type": "SC 13G/A", "filings_date": "2021-02-11", "url": "https://www.sec.gov/Archives/edgar/data/0001438231/000127417321000012/dmrc2102021.txt"}, {"form_type": "5", "filings_date": "2021-02-05", "url": "https://www.sec.gov/Archives/edgar/data/0001438231/000120919121008049/xslF345X03/doc5.xml"}, {"form_type": "5", "filings_date": "2021-02-05", "url": "https://www.sec.gov/Archives/edgar/data/0001438231/000120919121008047/xslF345X03/doc5.xml"}, {"form_type": "SC 13G/A", "filings_date": "2021-01-29", "url": "https://www.sec.gov/Archives/edgar/data/0001438231/000083423721003810/us25381b1017_012921.txt"}, {"form_type": "8-K", "filings_date": "2021-01-26", "url": "https://www.sec.gov/Archives/edgar/data/0001438231/000119312521016922/d104823d8k.htm"}, {"form_type": "4", "filings_date": "2020-12-28", "url": "https://www.sec.gov/Archives/edgar/data/0001438231/000120919120065219/xslF345X03/doc4.xml"}, {"form_type": "4", "filings_date": "2020-12-28", "url": "https://www.sec.gov/Archives/edgar/data/0001438231/000120919120065161/xslF345X03/doc4.xml"}, {"form_type": "4", "filings_date": "2020-12-22", "url": "https://www.sec.gov/Archives/edgar/data/0001438231/000120919120064801/xslF345X03/doc4.xml"}, {"form_type": "SC 13D/A", "filings_date": "2020-12-16", "url": "https://www.sec.gov/Archives/edgar/data/0001438231/000119312520318290/d51744dsc13da.htm"}, {"form_type": "4", "filings_date": "2020-12-15", "url": "https://www.sec.gov/Archives/edgar/data/0001438231/000089924320033926/xslF345X03/doc4.xml"}, {"form_type": "4", "filings_date": "2020-12-15", "url": "https://www.sec.gov/Archives/edgar/data/0001438231/000120919120063416/xslF345X03/doc4.xml"}, {"form_type": "8-K", "filings_date": "2020-12-11", "url": "https://www.sec.gov/Archives/edgar/data/0001438231/000156459020056900/dmrc-8k_20201210.htm"}, {"form_type": "4", "filings_date": "2020-12-10", "url": "https://www.sec.gov/Archives/edgar/data/0001438231/000120919120062735/xslF345X03/doc4.xml"}, {"form_type": "4", "filings_date": "2020-12-08", "url": "https://www.sec.gov/Archives/edgar/data/0001438231/000120919120062353/xslF345X03/doc4.xml"}, {"form_type": "4", "filings_date": "2020-12-08", "url": "https://www.sec.gov/Archives/edgar/data/0001438231/000120919120062315/xslF345X03/doc4.xml"}, {"form_type": "4", "filings_date": "2020-12-07", "url": "https://www.sec.gov/Archives/edgar/data/0001438231/000120919120061943/xslF345X03/doc4.xml"}, {"form_type": "8-K", "filings_date": "2020-12-02", "url": "https://www.sec.gov/Archives/edgar/data/0001438231/000119312520308511/d76228d8k.htm"}, {"form_type": "4", "filings_date": "2020-11-27", "url": "https://www.sec.gov/Archives/edgar/data/0001438231/000120919120060655/xslF345X03/doc4.xml"}, {"form_type": "4", "filings_date": "2020-11-23", "url": "https://www.sec.gov/Archives/edgar/data/0001438231/000120919120060092/xslF345X03/doc4.xml"}, {"form_type": "4", "filings_date": "2020-11-20", "url": "https://www.sec.gov/Archives/edgar/data/0001438231/000120919120059644/xslF345X03/doc4.xml"}, {"form_type": "4", "filings_date": "2020-11-18", "url": "https://www.sec.gov/Archives/edgar/data/0001438231/000120919120059185/xslF345X03/doc4.xml"}, {"form_type": "4", "filings_date": "2020-11-16", "url": "https://www.sec.gov/Archives/edgar/data/0001438231/000120919120058440/xslF345X03/doc4.xml"}, {"form_type": "4", "filings_date": "2020-11-16", "url": "https://www.sec.gov/Archives/edgar/data/0001438231/000120919120058439/xslF345X03/doc4.xml"}, {"form_type": "4", "filings_date": "2020-11-16", "url": "https://www.sec.gov/Archives/edgar/data/0001438231/000120919120058438/xslF345X03/doc4.xml"}, {"form_type": "4", "filings_date": "2020-11-16", "url": "https://www.sec.gov/Archives/edgar/data/0001438231/000120919120058437/xslF345X03/doc4.xml"}, {"form_type": "4", "filings_date": "2020-11-12", "url": "https://www.sec.gov/Archives/edgar/data/0001438231/000120919120057870/xslF345X03/doc4.xml"}, {"form_type": "4", "filings_date": "2020-11-12", "url": "https://www.sec.gov/Archives/edgar/data/0001438231/000120919120057864/xslF345X03/doc4.xml"}, {"form_type": "4", "filings_date": "2020-11-12", "url": "https://www.sec.gov/Archives/edgar/data/0001438231/000120919120057861/xslF345X03/doc4.xml"}, {"form_type": "4", "filings_date": "2020-11-10", "url": "https://www.sec.gov/Archives/edgar/data/0001438231/000120919120057660/xslF345X03/doc4.xml"}, {"form_type": "3", "filings_date": "2020-11-10", "url": "https://www.sec.gov/Archives/edgar/data/0001438231/000120919120057656/xslF345X02/doc3.xml"}, {"form_type": "SC 13G/A", "filings_date": "2020-11-03", "url": "https://www.sec.gov/Archives/edgar/data/0001438231/000108887520000095/digimarc30102020.txt"}, {"form_type": "8-K", "filings_date": "2020-11-02", "url": "https://www.sec.gov/Archives/edgar/data/0001438231/000156459020049566/dmrc-8k_20201027.htm"}, {"form_type": "4", "filings_date": "2020-10-30", "url": "https://www.sec.gov/Archives/edgar/data/0001438231/000120919120056364/xslF345X03/doc4.xml"}, {"form_type": "10-Q", "filings_date": "2020-10-30", "url": "https://www.sec.gov/Archives/edgar/data/0001438231/000156459020049359/dmrc-10q_20200930.htm"}, {"form_type": "DEFA14A", "filings_date": "2020-10-30", "url": "https://www.sec.gov/Archives/edgar/data/0001438231/000119312520282771/d66751ddefa14a.htm"}, {"form_type": "DEF 14A", "filings_date": "2020-10-30", "url": "https://www.sec.gov/Archives/edgar/data/0001438231/000119312520282767/d52860ddef14a.htm"}, {"form_type": "8-K", "filings_date": "2020-10-28", "url": "https://www.sec.gov/Archives/edgar/data/0001438231/000156459020048389/dmrc-8k_20201028.htm"}, {"form_type": "PRE 14A", "filings_date": "2020-10-16", "url": "https://www.sec.gov/Archives/edgar/data/0001438231/000119312520270653/d52860dpre14a.htm"}, {"form_type": "4", "filings_date": "2020-10-05", "url": "https://www.sec.gov/Archives/edgar/data/0001438231/000090514820001068/xslF345X03/form4.xml"}, {"form_type": "3", "filings_date": "2020-10-05", "url": "https://www.sec.gov/Archives/edgar/data/0001438231/000090514820001067/xslF345X02/form3.xml"}, {"form_type": "SC 13D", "filings_date": "2020-10-05", "url": "https://www.sec.gov/Archives/edgar/data/0001438231/000090514820001066/efc20-749_sc13d.htm"}, {"form_type": "4", "filings_date": "2020-10-01", "url": "https://www.sec.gov/Archives/edgar/data/0001438231/000120919120052576/xslF345X03/doc4.xml"}, {"form_type": "8-K", "filings_date": "2020-10-01", "url": "https://www.sec.gov/Archives/edgar/data/0001438231/000119312520261106/d22454d8k.htm"}, {"form_type": "8-K", "filings_date": "2020-09-29", "url": "https://www.sec.gov/Archives/edgar/data/0001438231/000119312520257288/d935142d8k.htm"}, {"form_type": "4", "filings_date": "2020-09-02", "url": "https://www.sec.gov/Archives/edgar/data/0001438231/000120919120049040/xslF345X03/doc4.xml"}, {"form_type": "4", "filings_date": "2020-08-17", "url": "https://www.sec.gov/Archives/edgar/data/0001438231/000120919120047073/xslF345X03/doc4.xml"}, {"form_type": "4", "filings_date": "2020-08-17", "url": "https://www.sec.gov/Archives/edgar/data/0001438231/000120919120047070/xslF345X03/doc4.xml"}, {"form_type": "4", "filings_date": "2020-08-17", "url": "https://www.sec.gov/Archives/edgar/data/0001438231/000120919120047068/xslF345X03/doc4.xml"}, {"form_type": "4", "filings_date": "2020-08-17", "url": "https://www.sec.gov/Archives/edgar/data/0001438231/000120919120047061/xslF345X03/doc4.xml"}, {"form_type": "4", "filings_date": "2020-08-14", "url": "https://www.sec.gov/Archives/edgar/data/0001438231/000120919120046828/xslF345X03/doc4.xml"}, {"form_type": "8-K", "filings_date": "2020-08-14", "url": "https://www.sec.gov/Archives/edgar/data/0001438231/000156459020040297/dmrc-8k_20200810.htm"}, {"form_type": "424B5", "filings_date": "2020-08-06", "url": "https://www.sec.gov/Archives/edgar/data/0001438231/000119312520212093/d71059d424b5.htm"}, {"form_type": "10-Q", "filings_date": "2020-07-30", "url": "https://www.sec.gov/Archives/edgar/data/0001438231/000156459020034744/dmrc-10q_20200630.htm"}, {"form_type": "8-K", "filings_date": "2020-07-29", "url": "https://www.sec.gov/Archives/edgar/data/0001438231/000156459020034302/dmrc-8k_20200729.htm"}, {"form_type": "EFFECT", "filings_date": "2020-07-24", "url": "https://www.sec.gov/Archives/edgar/data/0001438231/999999999520001914/xslEFFECTX01/primary_doc.xml"}, {"form_type": "CORRESP", "filings_date": "2020-07-21", "url": "https://www.sec.gov/Archives/edgar/data/0001438231/000156459020032877/filename1.htm"}, {"form_type": "UPLOAD", "filings_date": "2020-06-12", "url": "https://www.sec.gov/Archives/edgar/data/0001438231/000000000020005240/filename1.pdf"}, {"form_type": "S-3", "filings_date": "2020-06-05", "url": "https://www.sec.gov/Archives/edgar/data/0001438231/000156459020028520/dmrc-s3.htm"}, {"form_type": "4", "filings_date": "2020-06-02", "url": "https://www.sec.gov/Archives/edgar/data/0001438231/000120919120033386/xslF345X03/doc4.xml"}, {"form_type": "4", "filings_date": "2020-05-18", "url": "https://www.sec.gov/Archives/edgar/data/0001438231/000120919120030123/xslF345X03/doc4.xml"}, {"form_type": "4", "filings_date": "2020-05-18", "url": "https://www.sec.gov/Archives/edgar/data/0001438231/000120919120030119/xslF345X03/doc4.xml"}, {"form_type": "4", "filings_date": "2020-05-18", "url": "https://www.sec.gov/Archives/edgar/data/0001438231/000120919120030113/xslF345X03/doc4.xml"}, {"form_type": "4", "filings_date": "2020-05-18", "url": "https://www.sec.gov/Archives/edgar/data/0001438231/000120919120030105/xslF345X03/doc4.xml"}, {"form_type": "8-K", "filings_date": "2020-05-06", "url": "https://www.sec.gov/Archives/edgar/data/0001438231/000156459020022054/dmrc-8k_20200430.htm"}, {"form_type": "4", "filings_date": "2020-05-04", "url": "https://www.sec.gov/Archives/edgar/data/0001438231/000120919120026877/xslF345X03/doc4.xml"}, {"form_type": "4", "filings_date": "2020-05-04", "url": "https://www.sec.gov/Archives/edgar/data/0001438231/000120919120026875/xslF345X03/doc4.xml"}, {"form_type": "4", "filings_date": "2020-05-04", "url": "https://www.sec.gov/Archives/edgar/data/0001438231/000120919120026872/xslF345X03/doc4.xml"}, {"form_type": "4", "filings_date": "2020-05-04", "url": "https://www.sec.gov/Archives/edgar/data/0001438231/000120919120026866/xslF345X03/doc4.xml"}, {"form_type": "4", "filings_date": "2020-05-04", "url": "https://www.sec.gov/Archives/edgar/data/0001438231/000120919120026846/xslF345X03/doc4.xml"}, {"form_type": "10-Q", "filings_date": "2020-05-01", "url": "https://www.sec.gov/Archives/edgar/data/0001438231/000156459020020341/dmrc-10q_20200331.htm"}, {"form_type": "8-K", "filings_date": "2020-04-29", "url": "https://www.sec.gov/Archives/edgar/data/0001438231/000156459020019711/dmrc-8k_20200429.htm"}, {"form_type": "8-K", "filings_date": "2020-04-20", "url": "https://www.sec.gov/Archives/edgar/data/0001438231/000156459020017367/dmrc-8k_20200420.htm"}, {"form_type": "DEFA14A", "filings_date": "2020-03-20", "url": "https://www.sec.gov/Archives/edgar/data/0001438231/000119312520080791/d869509ddefa14a.htm"}, {"form_type": "DEF 14A", "filings_date": "2020-03-20", "url": "https://www.sec.gov/Archives/edgar/data/0001438231/000119312520080781/d869509ddef14a.htm"}, {"form_type": "4", "filings_date": "2020-03-05", "url": "https://www.sec.gov/Archives/edgar/data/0001438231/000120919120016484/xslF345X03/doc4.xml"}, {"form_type": "4", "filings_date": "2020-03-02", "url": "https://www.sec.gov/Archives/edgar/data/0001438231/000120919120014313/xslF345X03/doc4.xml"}, {"form_type": "10-K", "filings_date": "2020-02-27", "url": "https://www.sec.gov/Archives/edgar/data/0001438231/000156459020007343/dmrc-10k_20191231.htm"}, {"form_type": "8-K", "filings_date": "2020-02-26", "url": "https://www.sec.gov/Archives/edgar/data/0001438231/000156459020006807/dmrc-8k_20191231.htm"}, {"form_type": "4", "filings_date": "2020-02-19", "url": "https://www.sec.gov/Archives/edgar/data/0001438231/000120919120010489/xslF345X03/doc4.xml"}, {"form_type": "4", "filings_date": "2020-02-19", "url": "https://www.sec.gov/Archives/edgar/data/0001438231/000120919120010473/xslF345X03/doc4.xml"}, {"form_type": "4", "filings_date": "2020-02-19", "url": "https://www.sec.gov/Archives/edgar/data/0001438231/000120919120010456/xslF345X03/doc4.xml"}, {"form_type": "4", "filings_date": "2020-02-19", "url": "https://www.sec.gov/Archives/edgar/data/0001438231/000120919120010454/xslF345X03/doc4.xml"}, {"form_type": "SC 13G/A", "filings_date": "2020-02-13", "url": "https://www.sec.gov/Archives/edgar/data/0001438231/000127417320000021/dmrc2102020.txt"}, {"form_type": "SC 13G/A", "filings_date": "2020-02-13", "url": "https://www.sec.gov/Archives/edgar/data/0001438231/000121465920001297/j130202sc13ga1.htm"}, {"form_type": "4", "filings_date": "2020-02-11", "url": "https://www.sec.gov/Archives/edgar/data/0001438231/000120919120008180/xslF345X03/doc4.xml"}, {"form_type": "SC 13G/A", "filings_date": "2020-02-07", "url": "https://www.sec.gov/Archives/edgar/data/0001438231/000090266420000819/p20-0241sc13ga.htm"}, {"form_type": "5", "filings_date": "2020-02-06", "url": "https://www.sec.gov/Archives/edgar/data/0001438231/000120919120007178/xslF345X03/doc5.xml"}, {"form_type": "SC 13G/A", "filings_date": "2020-02-05", "url": "https://www.sec.gov/Archives/edgar/data/0001438231/000083423720005180/us25381b1017_020420.txt"}, {"form_type": "SC 13G", "filings_date": "2020-01-22", "url": "https://www.sec.gov/Archives/edgar/data/0001438231/000108887520000029/digimarc31122019.txt"}, {"form_type": "4", "filings_date": "2019-12-19", "url": "https://www.sec.gov/Archives/edgar/data/0001438231/000120919119061332/xslF345X03/doc4.xml"}, {"form_type": "4", "filings_date": "2019-12-10", "url": "https://www.sec.gov/Archives/edgar/data/0001438231/000120919119059816/xslF345X03/doc4.xml"}, {"form_type": "4", "filings_date": "2019-12-05", "url": "https://www.sec.gov/Archives/edgar/data/0001438231/000120919119059270/xslF345X03/doc4.xml"}, {"form_type": "4", "filings_date": "2019-12-04", "url": "https://www.sec.gov/Archives/edgar/data/0001438231/000120919119059050/xslF345X03/doc4.xml"}, {"form_type": "4", "filings_date": "2019-12-02", "url": "https://www.sec.gov/Archives/edgar/data/0001438231/000120919119058490/xslF345X03/doc4.xml"}, {"form_type": "CT ORDER", "filings_date": "2019-11-26", "url": "https://www.sec.gov/Archives/edgar/data/0001438231/999999999719007717/filename1.pdf"}, {"form_type": "CT ORDER", "filings_date": "2019-11-26", "url": "https://www.sec.gov/Archives/edgar/data/0001438231/999999999719007714/filename1.pdf"}, {"form_type": "4", "filings_date": "2019-11-18", "url": "https://www.sec.gov/Archives/edgar/data/0001438231/000120919119056929/xslF345X03/doc4.xml"}, {"form_type": "4", "filings_date": "2019-11-18", "url": "https://www.sec.gov/Archives/edgar/data/0001438231/000120919119056926/xslF345X03/doc4.xml"}, {"form_type": "4", "filings_date": "2019-11-18", "url": "https://www.sec.gov/Archives/edgar/data/0001438231/000120919119056922/xslF345X03/doc4.xml"}, {"form_type": "4", "filings_date": "2019-11-18", "url": "https://www.sec.gov/Archives/edgar/data/0001438231/000120919119056919/xslF345X03/doc4.xml"}, {"form_type": "10-Q", "filings_date": "2019-10-31", "url": "https://www.sec.gov/Archives/edgar/data/0001438231/000156459019039140/dmrc-10q_20190930.htm"}, {"form_type": "8-K", "filings_date": "2019-10-30", "url": "https://www.sec.gov/Archives/edgar/data/0001438231/000156459019038783/dmrc-8k_20191030.htm"}, {"form_type": "4", "filings_date": "2019-09-04", "url": "https://www.sec.gov/Archives/edgar/data/0001438231/000120919119048186/xslF345X03/doc4.xml"}, {"form_type": "4", "filings_date": "2019-08-16", "url": "https://www.sec.gov/Archives/edgar/data/0001438231/000120919119046326/xslF345X03/doc4.xml"}, {"form_type": "4", "filings_date": "2019-08-16", "url": "https://www.sec.gov/Archives/edgar/data/0001438231/000120919119046324/xslF345X03/doc4.xml"}, {"form_type": "4", "filings_date": "2019-08-16", "url": "https://www.sec.gov/Archives/edgar/data/0001438231/000120919119046321/xslF345X03/doc4.xml"}, {"form_type": "4", "filings_date": "2019-08-16", "url": "https://www.sec.gov/Archives/edgar/data/0001438231/000120919119046319/xslF345X03/doc4.xml"}, {"form_type": "10-Q", "filings_date": "2019-07-25", "url": "https://www.sec.gov/Archives/edgar/data/0001438231/000156459019026072/dmrc-10q_20190630.htm"}, {"form_type": "8-K", "filings_date": "2019-07-24", "url": "https://www.sec.gov/Archives/edgar/data/0001438231/000156459019025848/dmrc-8k_20190724.htm"}, {"form_type": "4", "filings_date": "2019-06-13", "url": "https://www.sec.gov/Archives/edgar/data/0001438231/000120919119036776/xslF345X03/doc4.xml"}, {"form_type": "8-K", "filings_date": "2019-06-11", "url": "https://www.sec.gov/Archives/edgar/data/0001438231/000156459019022266/dmrc-8k_20190611.htm"}, {"form_type": "4", "filings_date": "2019-06-03", "url": "https://www.sec.gov/Archives/edgar/data/0001438231/000120919119033920/xslF345X03/doc4.xml"}, {"form_type": "4", "filings_date": "2019-06-03", "url": "https://www.sec.gov/Archives/edgar/data/0001438231/000120919119033912/xslF345X03/doc4.xml"}, {"form_type": "8-K", "filings_date": "2019-05-29", "url": "https://www.sec.gov/Archives/edgar/data/0001438231/000156459019020690/dmrc-8k_20190529.htm"}, {"form_type": "4", "filings_date": "2019-05-23", "url": "https://www.sec.gov/Archives/edgar/data/0001438231/000120919119032214/xslF345X03/doc4.xml"}, {"form_type": "4", "filings_date": "2019-05-23", "url": "https://www.sec.gov/Archives/edgar/data/0001438231/000120919119032213/xslF345X03/doc4.xml"}, {"form_type": "4", "filings_date": "2019-05-17", "url": "https://www.sec.gov/Archives/edgar/data/0001438231/000120919119030715/xslF345X03/doc4.xml"}, {"form_type": "8-K", "filings_date": "2019-05-17", "url": "https://www.sec.gov/Archives/edgar/data/0001438231/000119312519149862/d749935d8k.htm"}, {"form_type": "424B5", "filings_date": "2019-05-17", "url": "https://www.sec.gov/Archives/edgar/data/0001438231/000119312519149858/d749832d424b5.htm"}, {"form_type": "4", "filings_date": "2019-05-16", "url": "https://www.sec.gov/Archives/edgar/data/0001438231/000120919119030412/xslF345X03/doc4.xml"}, {"form_type": "4", "filings_date": "2019-05-16", "url": "https://www.sec.gov/Archives/edgar/data/0001438231/000120919119030346/xslF345X03/doc4.xml"}, {"form_type": "4", "filings_date": "2019-05-16", "url": "https://www.sec.gov/Archives/edgar/data/0001438231/000120919119030342/xslF345X03/doc4.xml"}, {"form_type": "4", "filings_date": "2019-05-16", "url": "https://www.sec.gov/Archives/edgar/data/0001438231/000120919119030339/xslF345X03/doc4.xml"}, {"form_type": "4", "filings_date": "2019-05-13", "url": "https://www.sec.gov/Archives/edgar/data/0001438231/000120919119029220/xslF345X03/doc4.xml"}, {"form_type": "4", "filings_date": "2019-05-13", "url": "https://www.sec.gov/Archives/edgar/data/0001438231/000120919119029190/xslF345X03/doc4.xml"}, {"form_type": "4", "filings_date": "2019-05-09", "url": "https://www.sec.gov/Archives/edgar/data/0001438231/000120919119028486/xslF345X03/doc4.xml"}, {"form_type": "4", "filings_date": "2019-05-09", "url": "https://www.sec.gov/Archives/edgar/data/0001438231/000120919119028382/xslF345X03/doc4.xml"}, {"form_type": "CT ORDER", "filings_date": "2019-05-07", "url": "https://www.sec.gov/Archives/edgar/data/0001438231/999999999719004038/filename1.pdf"}, {"form_type": "3", "filings_date": "2019-05-07", "url": "https://www.sec.gov/Archives/edgar/data/0001438231/000120919119027958/xslF345X02/doc3.xml"}, {"form_type": "4", "filings_date": "2019-05-07", "url": "https://www.sec.gov/Archives/edgar/data/0001438231/000120919119027898/xslF345X03/doc4.xml"}, {"form_type": "4", "filings_date": "2019-05-07", "url": "https://www.sec.gov/Archives/edgar/data/0001438231/000120919119027896/xslF345X03/doc4.xml"}, {"form_type": "8-K", "filings_date": "2019-05-03", "url": "https://www.sec.gov/Archives/edgar/data/0001438231/000156459019015548/dmrc-8k_20190502.htm"}, {"form_type": "10-Q", "filings_date": "2019-05-02", "url": "https://www.sec.gov/Archives/edgar/data/0001438231/000156459019015126/dmrc-10q_20190331.htm"}, {"form_type": "4", "filings_date": "2019-05-02", "url": "https://www.sec.gov/Archives/edgar/data/0001438231/000120919119026914/xslF345X03/doc4.xml"}, {"form_type": "4", "filings_date": "2019-05-02", "url": "https://www.sec.gov/Archives/edgar/data/0001438231/000120919119026913/xslF345X03/doc4.xml"}, {"form_type": "4", "filings_date": "2019-05-02", "url": "https://www.sec.gov/Archives/edgar/data/0001438231/000120919119026912/xslF345X03/doc4.xml"}, {"form_type": "4", "filings_date": "2019-05-02", "url": "https://www.sec.gov/Archives/edgar/data/0001438231/000120919119026911/xslF345X03/doc4.xml"}, {"form_type": "4", "filings_date": "2019-05-02", "url": "https://www.sec.gov/Archives/edgar/data/0001438231/000120919119026910/xslF345X03/doc4.xml"}, {"form_type": "8-K", "filings_date": "2019-05-01", "url": "https://www.sec.gov/Archives/edgar/data/0001438231/000156459019014825/dmrc-8k_20190501.htm"}, {"form_type": "4", "filings_date": "2019-04-01", "url": "https://www.sec.gov/Archives/edgar/data/0001438231/000120919119021912/xslF345X03/doc4.xml"}, {"form_type": "4", "filings_date": "2019-03-21", "url": "https://www.sec.gov/Archives/edgar/data/0001438231/000120919119020756/xslF345X03/doc4.xml"}, {"form_type": "DEFA14A", "filings_date": "2019-03-21", "url": "https://www.sec.gov/Archives/edgar/data/0001438231/000119312519081838/d721043ddefa14a.htm"}, {"form_type": "DEF 14A", "filings_date": "2019-03-21", "url": "https://www.sec.gov/Archives/edgar/data/0001438231/000119312519081835/d624386ddef14a.htm"}, {"form_type": "8-K", "filings_date": "2019-03-11", "url": "https://www.sec.gov/Archives/edgar/data/0001438231/000156459019007102/dmrc-8k_20190311.htm"}, {"form_type": "SC 13G/A", "filings_date": "2019-03-05", "url": "https://www.sec.gov/Archives/edgar/data/0001438231/000168254419000001/SEC13G2019.txt"}, {"form_type": "4", "filings_date": "2019-03-04", "url": "https://www.sec.gov/Archives/edgar/data/0001438231/000120919119015353/xslF345X03/doc4.xml"}, {"form_type": "4", "filings_date": "2019-03-01", "url": "https://www.sec.gov/Archives/edgar/data/0001438231/000120919119014889/xslF345X03/doc4.xml"}, {"form_type": "4", "filings_date": "2019-02-27", "url": "https://www.sec.gov/Archives/edgar/data/0001438231/000120919119013974/xslF345X03/doc4.xml"}, {"form_type": "10-K", "filings_date": "2019-02-22", "url": "https://www.sec.gov/Archives/edgar/data/0001438231/000156459019003876/dmrc-10k_20181231.htm"}, {"form_type": "8-K", "filings_date": "2019-02-21", "url": "https://www.sec.gov/Archives/edgar/data/0001438231/000156459019003679/dmrc-8k_20190221.htm"}, {"form_type": "4", "filings_date": "2019-02-19", "url": "https://www.sec.gov/Archives/edgar/data/0001438231/000120919119010959/xslF345X03/doc4.xml"}, {"form_type": "4", "filings_date": "2019-02-19", "url": "https://www.sec.gov/Archives/edgar/data/0001438231/000120919119010958/xslF345X03/doc4.xml"}, {"form_type": "4", "filings_date": "2019-02-19", "url": "https://www.sec.gov/Archives/edgar/data/0001438231/000120919119010957/xslF345X03/doc4.xml"}, {"form_type": "4", "filings_date": "2019-02-19", "url": "https://www.sec.gov/Archives/edgar/data/0001438231/000120919119010956/xslF345X03/doc4.xml"}, {"form_type": "SC 13G", "filings_date": "2019-02-13", "url": "https://www.sec.gov/Archives/edgar/data/0001438231/000121465919001083/d129191sc13g.htm"}, {"form_type": "SC 13G", "filings_date": "2019-02-12", "url": "https://www.sec.gov/Archives/edgar/data/0001438231/000127417319000094/dmrc2102019.txt"}, {"form_type": "SC 13G/A", "filings_date": "2019-02-08", "url": "https://www.sec.gov/Archives/edgar/data/0001438231/000090266419000739/p19-0128sc13ga.htm"}, {"form_type": "SC 13G/A", "filings_date": "2019-02-04", "url": "https://www.sec.gov/Archives/edgar/data/0001438231/000021545719004161/us25381b1017_020419.txt"}, {"form_type": "4", "filings_date": "2019-01-30", "url": "https://www.sec.gov/Archives/edgar/data/0001438231/000120919119006065/xslF345X03/doc4.xml"}, {"form_type": "4", "filings_date": "2018-12-03", "url": "https://www.sec.gov/Archives/edgar/data/0001438231/000120919118060521/xslF345X03/doc4.xml"}, {"form_type": "4", "filings_date": "2018-11-16", "url": "https://www.sec.gov/Archives/edgar/data/0001438231/000120919118059068/xslF345X03/doc4.xml"}, {"form_type": "4", "filings_date": "2018-11-16", "url": "https://www.sec.gov/Archives/edgar/data/0001438231/000120919118059062/xslF345X03/doc4.xml"}, {"form_type": "4", "filings_date": "2018-11-16", "url": "https://www.sec.gov/Archives/edgar/data/0001438231/000120919118058890/xslF345X03/doc4.xml"}, {"form_type": "4", "filings_date": "2018-11-16", "url": "https://www.sec.gov/Archives/edgar/data/0001438231/000120919118058889/xslF345X03/doc4.xml"}, {"form_type": "4", "filings_date": "2018-11-01", "url": "https://www.sec.gov/Archives/edgar/data/0001438231/000120919118056767/xslF345X03/doc4.xml"}, {"form_type": "10-Q", "filings_date": "2018-11-01", "url": "https://www.sec.gov/Archives/edgar/data/0001438231/000156459018026099/dmrc-10q_20180930.htm"}, {"form_type": "8-K", "filings_date": "2018-10-31", "url": "https://www.sec.gov/Archives/edgar/data/0001438231/000156459018025704/dmrc-8k_20181030.htm"}, {"form_type": "4", "filings_date": "2018-10-01", "url": "https://www.sec.gov/Archives/edgar/data/0001438231/000120919118052711/xslF345X03/doc4.xml"}, {"form_type": "4", "filings_date": "2018-09-04", "url": "https://www.sec.gov/Archives/edgar/data/0001438231/000120919118049191/xslF345X03/doc4.xml"}, {"form_type": "4", "filings_date": "2018-08-16", "url": "https://www.sec.gov/Archives/edgar/data/0001438231/000120919118047017/xslF345X03/doc4.xml"}, {"form_type": "4", "filings_date": "2018-08-16", "url": "https://www.sec.gov/Archives/edgar/data/0001438231/000120919118047009/xslF345X03/doc4.xml"}, {"form_type": "4", "filings_date": "2018-08-16", "url": "https://www.sec.gov/Archives/edgar/data/0001438231/000120919118047007/xslF345X03/doc4.xml"}, {"form_type": "4", "filings_date": "2018-08-16", "url": "https://www.sec.gov/Archives/edgar/data/0001438231/000120919118047004/xslF345X03/doc4.xml"}, {"form_type": "4", "filings_date": "2018-08-02", "url": "https://www.sec.gov/Archives/edgar/data/0001438231/000120919118044854/xslF345X03/doc4.xml"}, {"form_type": "10-Q", "filings_date": "2018-08-02", "url": "https://www.sec.gov/Archives/edgar/data/0001438231/000156459018018787/dmrc-10q_20180630.htm"}, {"form_type": "8-K", "filings_date": "2018-08-01", "url": "https://www.sec.gov/Archives/edgar/data/0001438231/000156459018018470/dmrc-8k_20180630.htm"}, {"form_type": "4", "filings_date": "2018-07-03", "url": "https://www.sec.gov/Archives/edgar/data/0001438231/000120919118040595/xslF345X03/doc4.xml"}, {"form_type": "4", "filings_date": "2018-06-18", "url": "https://www.sec.gov/Archives/edgar/data/0001438231/000120919118038252/xslF345X03/doc4.xml"}, {"form_type": "4", "filings_date": "2018-06-04", "url": "https://www.sec.gov/Archives/edgar/data/0001438231/000120919118034983/xslF345X03/doc4.xml"}, {"form_type": "4", "filings_date": "2018-05-29", "url": "https://www.sec.gov/Archives/edgar/data/0001438231/000120919118033937/xslF345X03/doc4.xml"}, {"form_type": "4", "filings_date": "2018-05-17", "url": "https://www.sec.gov/Archives/edgar/data/0001438231/000120919118031031/xslF345X03/doc4.xml"}, {"form_type": "4", "filings_date": "2018-05-16", "url": "https://www.sec.gov/Archives/edgar/data/0001438231/000120919118030488/xslF345X03/doc4.xml"}, {"form_type": "4", "filings_date": "2018-05-16", "url": "https://www.sec.gov/Archives/edgar/data/0001438231/000120919118030486/xslF345X03/doc4.xml"}, {"form_type": "4", "filings_date": "2018-05-16", "url": "https://www.sec.gov/Archives/edgar/data/0001438231/000120919118030483/xslF345X03/doc4.xml"}, {"form_type": "4", "filings_date": "2018-05-16", "url": "https://www.sec.gov/Archives/edgar/data/0001438231/000120919118030479/xslF345X03/doc4.xml"}, {"form_type": "S-8 POS", "filings_date": "2018-05-11", "url": "https://www.sec.gov/Archives/edgar/data/0001438231/000119312518160972/d588339ds8pos.htm"}, {"form_type": "S-8", "filings_date": "2018-05-11", "url": "https://www.sec.gov/Archives/edgar/data/0001438231/000119312518160950/d557834ds8.htm"}, {"form_type": "8-K", "filings_date": "2018-05-03", "url": "https://www.sec.gov/Archives/edgar/data/0001438231/000156459018010754/dmrc-8k_20180430.htm"}, {"form_type": "4", "filings_date": "2018-05-03", "url": "https://www.sec.gov/Archives/edgar/data/0001438231/000120919118027696/xslF345X03/doc4.xml"}, {"form_type": "4", "filings_date": "2018-04-30", "url": "https://www.sec.gov/Archives/edgar/data/0001438231/000120919118026894/xslF345X03/doc4.xml"}, {"form_type": "4", "filings_date": "2018-04-30", "url": "https://www.sec.gov/Archives/edgar/data/0001438231/000120919118026890/xslF345X03/doc4.xml"}, {"form_type": "4", "filings_date": "2018-04-30", "url": "https://www.sec.gov/Archives/edgar/data/0001438231/000120919118026888/xslF345X03/doc4.xml"}, {"form_type": "4", "filings_date": "2018-04-30", "url": "https://www.sec.gov/Archives/edgar/data/0001438231/000120919118026886/xslF345X03/doc4.xml"}, {"form_type": "4", "filings_date": "2018-04-30", "url": "https://www.sec.gov/Archives/edgar/data/0001438231/000120919118026885/xslF345X03/doc4.xml"}, {"form_type": "10-Q", "filings_date": "2018-04-26", "url": "https://www.sec.gov/Archives/edgar/data/0001438231/000156459018009233/dmrc-10q_20180331.htm"}, {"form_type": "8-K", "filings_date": "2018-04-25", "url": "https://www.sec.gov/Archives/edgar/data/0001438231/000156459018009048/dmrc-8k_20180425.htm"}, {"form_type": "DEFA14A", "filings_date": "2018-03-21", "url": "https://www.sec.gov/Archives/edgar/data/0001438231/000119312518090011/d549464ddefa14a.htm"}, {"form_type": "DEF 14A", "filings_date": "2018-03-21", "url": "https://www.sec.gov/Archives/edgar/data/0001438231/000119312518090007/d549464ddef14a.htm"}, {"form_type": "4", "filings_date": "2018-03-05", "url": "https://www.sec.gov/Archives/edgar/data/0001438231/000120919118016852/xslF345X03/doc4.xml"}, {"form_type": "10-K", "filings_date": "2018-02-22", "url": "https://www.sec.gov/Archives/edgar/data/0001438231/000156459018002871/dmrc-10k_20171231.htm"}, {"form_type": "8-K", "filings_date": "2018-02-21", "url": "https://www.sec.gov/Archives/edgar/data/0001438231/000156459018002678/dmrc-8k_20180221.htm"}, {"form_type": "4", "filings_date": "2018-02-16", "url": "https://www.sec.gov/Archives/edgar/data/0001438231/000120919118010872/xslF345X03/doc4.xml"}, {"form_type": "4", "filings_date": "2018-02-16", "url": "https://www.sec.gov/Archives/edgar/data/0001438231/000120919118010864/xslF345X03/doc4.xml"}, {"form_type": "4", "filings_date": "2018-02-16", "url": "https://www.sec.gov/Archives/edgar/data/0001438231/000120919118010814/xslF345X03/doc4.xml"}, {"form_type": "4", "filings_date": "2018-02-16", "url": "https://www.sec.gov/Archives/edgar/data/0001438231/000120919118010806/xslF345X03/doc4.xml"}, {"form_type": "SC 13G/A", "filings_date": "2018-02-13", "url": "https://www.sec.gov/Archives/edgar/data/0001438231/000110465918008955/a18-5703_1sc13ga.htm"}, {"form_type": "SC 13G/A", "filings_date": "2018-02-12", "url": "https://www.sec.gov/Archives/edgar/data/0001438231/000090266418000900/p18-0347sc13ga.htm"}, {"form_type": "4", "filings_date": "2018-02-01", "url": "https://www.sec.gov/Archives/edgar/data/0001438231/000120919118006576/xslF345X03/doc4.xml"}, {"form_type": "5", "filings_date": "2018-02-01", "url": "https://www.sec.gov/Archives/edgar/data/0001438231/000120919118006398/xslF345X03/doc5.xml"}, {"form_type": "5", "filings_date": "2018-02-01", "url": "https://www.sec.gov/Archives/edgar/data/0001438231/000120919118006397/xslF345X03/doc5.xml"}, {"form_type": "SC 13G/A", "filings_date": "2018-01-23", "url": "https://www.sec.gov/Archives/edgar/data/0001438231/000021545718002385/us25381b1017_012318.txt"}, {"form_type": "4", "filings_date": "2018-01-02", "url": "https://www.sec.gov/Archives/edgar/data/0001438231/000120919118000372/xslF345X03/doc4.xml"}, {"form_type": "4", "filings_date": "2017-12-26", "url": "https://www.sec.gov/Archives/edgar/data/0001438231/000120919117067179/xslF345X03/doc4.xml"}, {"form_type": "4", "filings_date": "2017-12-12", "url": "https://www.sec.gov/Archives/edgar/data/0001438231/000120919117065117/xslF345X03/doc4.xml"}, {"form_type": "4", "filings_date": "2017-12-01", "url": "https://www.sec.gov/Archives/edgar/data/0001438231/000120919117063305/xslF345X03/doc4.xml"}, {"form_type": "4", "filings_date": "2017-11-17", "url": "https://www.sec.gov/Archives/edgar/data/0001438231/000120919117061398/xslF345X03/doc4.xml"}, {"form_type": "4", "filings_date": "2017-11-16", "url": "https://www.sec.gov/Archives/edgar/data/0001438231/000120919117061274/xslF345X03/doc4.xml"}, {"form_type": "4", "filings_date": "2017-11-16", "url": "https://www.sec.gov/Archives/edgar/data/0001438231/000120919117061183/xslF345X03/doc4.xml"}, {"form_type": "4", "filings_date": "2017-11-16", "url": "https://www.sec.gov/Archives/edgar/data/0001438231/000120919117061176/xslF345X03/doc4.xml"}, {"form_type": "4", "filings_date": "2017-11-16", "url": "https://www.sec.gov/Archives/edgar/data/0001438231/000120919117061169/xslF345X03/doc4.xml"}, {"form_type": "424B5", "filings_date": "2017-11-13", "url": "https://www.sec.gov/Archives/edgar/data/0001438231/000119312517339721/d475780d424b5.htm"}, {"form_type": "8-K", "filings_date": "2017-11-13", "url": "https://www.sec.gov/Archives/edgar/data/0001438231/000119312517339704/d475782d8k.htm"}, {"form_type": "4", "filings_date": "2017-11-02", "url": "https://www.sec.gov/Archives/edgar/data/0001438231/000120919117058737/xslF345X03/doc4.xml"}, {"form_type": "4", "filings_date": "2017-11-01", "url": "https://www.sec.gov/Archives/edgar/data/0001438231/000120919117058566/xslF345X03/doc4.xml"}, {"form_type": "4", "filings_date": "2017-11-01", "url": "https://www.sec.gov/Archives/edgar/data/0001438231/000120919117058544/xslF345X03/doc4.xml"}, {"form_type": "10-Q", "filings_date": "2017-10-27", "url": "https://www.sec.gov/Archives/edgar/data/0001438231/000156459017020266/dmrc-10q_20170930.htm"}, {"form_type": "8-K", "filings_date": "2017-10-26", "url": "https://www.sec.gov/Archives/edgar/data/0001438231/000156459017020181/dmrc-8k_20171026.htm"}, {"form_type": "4", "filings_date": "2017-10-02", "url": "https://www.sec.gov/Archives/edgar/data/0001438231/000120919117054735/xslF345X03/doc4.xml"}, {"form_type": "4", "filings_date": "2017-09-21", "url": "https://www.sec.gov/Archives/edgar/data/0001438231/000120919117053547/xslF345X03/doc4.xml"}, {"form_type": "8-K", "filings_date": "2017-09-06", "url": "https://www.sec.gov/Archives/edgar/data/0001438231/000156459017018321/dmrc-8k_20170901.htm"}, {"form_type": "4", "filings_date": "2017-09-05", "url": "https://www.sec.gov/Archives/edgar/data/0001438231/000120919117051473/xslF345X03/doc4.xml"}, {"form_type": "4", "filings_date": "2017-08-21", "url": "https://www.sec.gov/Archives/edgar/data/0001438231/000120919117049684/xslF345X03/doc4.xml"}, {"form_type": "3", "filings_date": "2017-08-21", "url": "https://www.sec.gov/Archives/edgar/data/0001438231/000120919117049683/xslF345X02/doc3.xml"}, {"form_type": "4", "filings_date": "2017-08-16", "url": "https://www.sec.gov/Archives/edgar/data/0001438231/000120919117049202/xslF345X03/doc4.xml"}, {"form_type": "4", "filings_date": "2017-08-16", "url": "https://www.sec.gov/Archives/edgar/data/0001438231/000120919117049197/xslF345X03/doc4.xml"}, {"form_type": "4", "filings_date": "2017-08-16", "url": "https://www.sec.gov/Archives/edgar/data/0001438231/000120919117049194/xslF345X03/doc4.xml"}, {"form_type": "4", "filings_date": "2017-08-16", "url": "https://www.sec.gov/Archives/edgar/data/0001438231/000120919117049193/xslF345X03/doc4.xml"}, {"form_type": "4", "filings_date": "2017-08-16", "url": "https://www.sec.gov/Archives/edgar/data/0001438231/000120919117049186/xslF345X03/doc4.xml"}, {"form_type": "4", "filings_date": "2017-08-01", "url": "https://www.sec.gov/Archives/edgar/data/0001438231/000120919117046960/xslF345X03/doc4.xml"}, {"form_type": "10-Q", "filings_date": "2017-07-27", "url": "https://www.sec.gov/Archives/edgar/data/0001438231/000156459017014236/dmrc-10q_20170630.htm"}, {"form_type": "8-K", "filings_date": "2017-07-26", "url": "https://www.sec.gov/Archives/edgar/data/0001438231/000156459017014064/dmrc-8k_20170726.htm"}, {"form_type": "SC 13G", "filings_date": "2017-07-24", "url": "https://www.sec.gov/Archives/edgar/data/0001438231/000110465917046509/a17-18214_2sc13g.htm"}, {"form_type": "4", "filings_date": "2017-07-05", "url": "https://www.sec.gov/Archives/edgar/data/0001438231/000120919117043600/xslF345X03/doc4.xml"}, {"form_type": "4", "filings_date": "2017-07-05", "url": "https://www.sec.gov/Archives/edgar/data/0001438231/000120919117043423/xslF345X03/doc4.xml"}, {"form_type": "424B5", "filings_date": "2017-06-26", "url": "https://www.sec.gov/Archives/edgar/data/0001438231/000119312517212494/d408395d424b5.htm"}, {"form_type": "8-K", "filings_date": "2017-06-26", "url": "https://www.sec.gov/Archives/edgar/data/0001438231/000119312517212492/d408401d8k.htm"}, {"form_type": "4", "filings_date": "2017-06-19", "url": "https://www.sec.gov/Archives/edgar/data/0001438231/000120919117040880/xslF345X03/doc4.xml"}, {"form_type": "EFFECT", "filings_date": "2017-06-09", "url": "https://www.sec.gov/Archives/edgar/data/0001438231/999999999517001494/xslEFFECTX01/primary_doc.xml"}, {"form_type": "CORRESP", "filings_date": "2017-06-05", "url": "https://www.sec.gov/Archives/edgar/data/0001438231/000119312517194118/filename1.htm"}, {"form_type": "4", "filings_date": "2017-06-02", "url": "https://www.sec.gov/Archives/edgar/data/0001438231/000120919117037138/xslF345X03/doc4.xml"}, {"form_type": "4", "filings_date": "2017-06-02", "url": "https://www.sec.gov/Archives/edgar/data/0001438231/000120919117037111/xslF345X03/doc4.xml"}, {"form_type": "4", "filings_date": "2017-06-02", "url": "https://www.sec.gov/Archives/edgar/data/0001438231/000120919117037050/xslF345X03/doc4.xml"}, {"form_type": "UPLOAD", "filings_date": "2017-05-30", "url": "https://www.sec.gov/Archives/edgar/data/0001438231/000000000017018730/filename1.pdf"}, {"form_type": "S-3", "filings_date": "2017-05-26", "url": "https://www.sec.gov/Archives/edgar/data/0001438231/000119312517185726/d381548ds3.htm"}, {"form_type": "4", "filings_date": "2017-05-17", "url": "https://www.sec.gov/Archives/edgar/data/0001438231/000120919117032940/xslF345X03/doc4.xml"}, {"form_type": "4", "filings_date": "2017-05-16", "url": "https://www.sec.gov/Archives/edgar/data/0001438231/000120919117032715/xslF345X03/doc4.xml"}, {"form_type": "4", "filings_date": "2017-05-16", "url": "https://www.sec.gov/Archives/edgar/data/0001438231/000120919117032708/xslF345X03/doc4.xml"}, {"form_type": "4", "filings_date": "2017-05-16", "url": "https://www.sec.gov/Archives/edgar/data/0001438231/000120919117032701/xslF345X03/doc4.xml"}, {"form_type": "4", "filings_date": "2017-05-16", "url": "https://www.sec.gov/Archives/edgar/data/0001438231/000120919117032685/xslF345X03/doc4.xml"}, {"form_type": "8-K", "filings_date": "2017-05-04", "url": "https://www.sec.gov/Archives/edgar/data/0001438231/000156459017008857/dmrc-8k_20170501.htm"}, {"form_type": "4", "filings_date": "2017-05-02", "url": "https://www.sec.gov/Archives/edgar/data/0001438231/000120919117029385/xslF345X03/doc4.xml"}, {"form_type": "4", "filings_date": "2017-05-02", "url": "https://www.sec.gov/Archives/edgar/data/0001438231/000120919117029160/xslF345X03/doc4.xml"}, {"form_type": "4", "filings_date": "2017-05-02", "url": "https://www.sec.gov/Archives/edgar/data/0001438231/000120919117029157/xslF345X03/doc4.xml"}, {"form_type": "4", "filings_date": "2017-05-02", "url": "https://www.sec.gov/Archives/edgar/data/0001438231/000120919117029152/xslF345X03/doc4.xml"}, {"form_type": "4", "filings_date": "2017-05-02", "url": "https://www.sec.gov/Archives/edgar/data/0001438231/000120919117029142/xslF345X03/doc4.xml"}, {"form_type": "4", "filings_date": "2017-05-02", "url": "https://www.sec.gov/Archives/edgar/data/0001438231/000120919117029141/xslF345X03/doc4.xml"}, {"form_type": "4", "filings_date": "2017-05-02", "url": "https://www.sec.gov/Archives/edgar/data/0001438231/000120919117029139/xslF345X03/doc4.xml"}, {"form_type": "10-Q", "filings_date": "2017-04-27", "url": "https://www.sec.gov/Archives/edgar/data/0001438231/000156459017007471/dmrc-10q_20170331.htm"}, {"form_type": "8-K", "filings_date": "2017-04-26", "url": "https://www.sec.gov/Archives/edgar/data/0001438231/000156459017007295/dmrc-8k_20170426.htm"}, {"form_type": "4", "filings_date": "2017-04-03", "url": "https://www.sec.gov/Archives/edgar/data/0001438231/000120919117024254/xslF345X03/doc4.xml"}, {"form_type": "4", "filings_date": "2017-03-30", "url": "https://www.sec.gov/Archives/edgar/data/0001438231/000120919117023640/xslF345X03/doc4.xml"}, {"form_type": "4", "filings_date": "2017-03-23", "url": "https://www.sec.gov/Archives/edgar/data/0001438231/000120919117022614/xslF345X03/doc4.xml"}, {"form_type": "DEFA14A", "filings_date": "2017-03-17", "url": "https://www.sec.gov/Archives/edgar/data/0001438231/000119312517087550/d356394ddefa14a.htm"}, {"form_type": "DEF 14A", "filings_date": "2017-03-17", "url": "https://www.sec.gov/Archives/edgar/data/0001438231/000119312517087541/d292105ddef14a.htm"}, {"form_type": "4", "filings_date": "2017-03-07", "url": "https://www.sec.gov/Archives/edgar/data/0001438231/000120919117018892/xslF345X03/doc4.xml"}, {"form_type": "4", "filings_date": "2017-03-02", "url": "https://www.sec.gov/Archives/edgar/data/0001438231/000120919117016339/xslF345X03/doc4.xml"}, {"form_type": "10-K", "filings_date": "2017-02-23", "url": "https://www.sec.gov/Archives/edgar/data/0001438231/000156459017002248/dmrc-10k_20161231.htm"}, {"form_type": "8-K", "filings_date": "2017-02-22", "url": "https://www.sec.gov/Archives/edgar/data/0001438231/000156459017001997/dmrc-8k_20170222.htm"}, {"form_type": "4", "filings_date": "2017-02-16", "url": "https://www.sec.gov/Archives/edgar/data/0001438231/000120919117011714/xslF345X03/doc4.xml"}, {"form_type": "4", "filings_date": "2017-02-16", "url": "https://www.sec.gov/Archives/edgar/data/0001438231/000120919117011655/xslF345X03/doc4.xml"}, {"form_type": "4", "filings_date": "2017-02-16", "url": "https://www.sec.gov/Archives/edgar/data/0001438231/000120919117011610/xslF345X03/doc4.xml"}, {"form_type": "4", "filings_date": "2017-02-16", "url": "https://www.sec.gov/Archives/edgar/data/0001438231/000120919117011605/xslF345X03/doc4.xml"}, {"form_type": "4", "filings_date": "2017-02-16", "url": "https://www.sec.gov/Archives/edgar/data/0001438231/000120919117011590/xslF345X03/doc4.xml"}, {"form_type": "SC 13G/A", "filings_date": "2017-02-13", "url": "https://www.sec.gov/Archives/edgar/data/0001438231/000090266417001084/p17-0178sc13ga.htm"}, {"form_type": "SC 13G", "filings_date": "2017-02-10", "url": "https://www.sec.gov/Archives/edgar/data/0001438231/000089016317000010/s22-17707_13g.htm"}, {"form_type": "4", "filings_date": "2017-02-02", "url": "https://www.sec.gov/Archives/edgar/data/0001438231/000120919117007207/xslF345X03/doc4.xml"}, {"form_type": "SC 13G", "filings_date": "2017-01-30", "url": "https://www.sec.gov/Archives/edgar/data/0001438231/000021545717002245/digimarc.corp.txt"}, {"form_type": "4", "filings_date": "2017-01-03", "url": "https://www.sec.gov/Archives/edgar/data/0001438231/000120919117000368/xslF345X03/doc4.xml"}]}