{"company": {"cik": "0001505952", "name": "DOMO, INC.", "sic": "Services-Prepackaged Software", "state_incorp": "DE", "ticker": "DOMO", "mailing_addr": "772 EAST UTAH VALLEY DRIVE, AMERICAN FORK, UT, 84003", "category": "Large accelerated filer", "fiscal_year_end": "31, January"}, "filings": [{"form_type": "8-K", "filings_date": "2022-03-18", "url": "https://www.sec.gov/Archives/edgar/data/0001505952/000150595222000010/domo8k-20220315.htm"}, {"form_type": "4", "filings_date": "2022-03-17", "url": "https://www.sec.gov/Archives/edgar/data/0001505952/000162828022006632/xslF345X03/wf-form4_164756498388908.xml"}, {"form_type": "4", "filings_date": "2022-03-17", "url": "https://www.sec.gov/Archives/edgar/data/0001505952/000162828022006625/xslF345X03/wf-form4_164756231830402.xml"}, {"form_type": "4", "filings_date": "2022-03-17", "url": "https://www.sec.gov/Archives/edgar/data/0001505952/000162828022006624/xslF345X03/wf-form4_164756226378064.xml"}, {"form_type": "SC 13G/A", "filings_date": "2022-03-11", "url": "https://www.sec.gov/Archives/edgar/data/0001505952/000083423722009149/us2575541055_031122.txt"}, {"form_type": "3/A", "filings_date": "2022-03-10", "url": "https://www.sec.gov/Archives/edgar/data/0001505952/000162828022005766/xslF345X02/wf-form3a_164695113059715.xml"}, {"form_type": "4", "filings_date": "2022-03-03", "url": "https://www.sec.gov/Archives/edgar/data/0001505952/000162828022004947/xslF345X03/wf-form4_164634393598086.xml"}, {"form_type": "3", "filings_date": "2022-03-03", "url": "https://www.sec.gov/Archives/edgar/data/0001505952/000162828022004946/xslF345X02/wf-form3_164634371704120.xml"}, {"form_type": "3", "filings_date": "2022-03-03", "url": "https://www.sec.gov/Archives/edgar/data/0001505952/000162828022004943/xslF345X02/wf-form3_164634359763119.xml"}, {"form_type": "8-K", "filings_date": "2022-03-01", "url": "https://www.sec.gov/Archives/edgar/data/0001505952/000150595222000009/domo8k-20220228.htm"}, {"form_type": "SC 13G", "filings_date": "2022-02-14", "url": "https://www.sec.gov/Archives/edgar/data/0001505952/000162363222000237/form42.htm"}, {"form_type": "5", "filings_date": "2022-02-11", "url": "https://www.sec.gov/Archives/edgar/data/0001505952/000162828022002346/xslF345X03/wf-form5_164461534522653.xml"}, {"form_type": "5", "filings_date": "2022-02-11", "url": "https://www.sec.gov/Archives/edgar/data/0001505952/000162828022002345/xslF345X03/wf-form5_164461525519117.xml"}, {"form_type": "5", "filings_date": "2022-02-11", "url": "https://www.sec.gov/Archives/edgar/data/0001505952/000162828022002344/xslF345X03/wf-form5_164461517362253.xml"}, {"form_type": "SC 13G/A", "filings_date": "2022-02-11", "url": "https://www.sec.gov/Archives/edgar/data/0001505952/000162828022002323/domo-schedule13gjjamescoco.htm"}, {"form_type": "SC 13G/A", "filings_date": "2022-02-09", "url": "https://www.sec.gov/Archives/edgar/data/0001505952/000110465922016994/tv0754-domoinc.htm"}, {"form_type": "SC 13G", "filings_date": "2022-02-08", "url": "https://www.sec.gov/Archives/edgar/data/0001505952/000083423722008414/us2575541055_020822.txt"}, {"form_type": "SC 13G/A", "filings_date": "2022-02-02", "url": "https://www.sec.gov/Archives/edgar/data/0001505952/000144554622000726/sc13g_3.txt"}, {"form_type": "4", "filings_date": "2021-12-22", "url": "https://www.sec.gov/Archives/edgar/data/0001505952/000162828021025534/xslF345X03/wf-form4_164021659351977.xml"}, {"form_type": "4", "filings_date": "2021-12-22", "url": "https://www.sec.gov/Archives/edgar/data/0001505952/000162828021025533/xslF345X03/wf-form4_164021651035135.xml"}, {"form_type": "4", "filings_date": "2021-12-22", "url": "https://www.sec.gov/Archives/edgar/data/0001505952/000162828021025532/xslF345X03/wf-form4_164021641897668.xml"}, {"form_type": "10-Q", "filings_date": "2021-12-10", "url": "https://www.sec.gov/Archives/edgar/data/0001505952/000150595221000034/domo10q-20211031.htm"}, {"form_type": "4", "filings_date": "2021-12-08", "url": "https://www.sec.gov/Archives/edgar/data/0001505952/000162828021024715/xslF345X03/wf-form4_163900565835210.xml"}, {"form_type": "8-K", "filings_date": "2021-12-02", "url": "https://www.sec.gov/Archives/edgar/data/0001505952/000150595221000033/domo8k-20211202.htm"}, {"form_type": "3/A", "filings_date": "2021-10-26", "url": "https://www.sec.gov/Archives/edgar/data/0001505952/000162828021020549/xslF345X02/wf-form3a_163528454564885.xml"}, {"form_type": "4", "filings_date": "2021-10-26", "url": "https://www.sec.gov/Archives/edgar/data/0001505952/000162828021020548/xslF345X03/wf-form4_163528436606057.xml"}, {"form_type": "3", "filings_date": "2021-10-26", "url": "https://www.sec.gov/Archives/edgar/data/0001505952/000162828021020547/xslF345X02/wf-form3_163528419691111.xml"}, {"form_type": "8-K", "filings_date": "2021-10-26", "url": "https://www.sec.gov/Archives/edgar/data/0001505952/000150595221000032/domo8k-20211022.htm"}, {"form_type": "4", "filings_date": "2021-10-12", "url": "https://www.sec.gov/Archives/edgar/data/0001505952/000162828021019976/xslF345X03/wf-form4_163407198832238.xml"}, {"form_type": "4", "filings_date": "2021-09-21", "url": "https://www.sec.gov/Archives/edgar/data/0001505952/000162828021018980/xslF345X03/wf-form4_163227242175189.xml"}, {"form_type": "4", "filings_date": "2021-09-21", "url": "https://www.sec.gov/Archives/edgar/data/0001505952/000162828021018978/xslF345X03/wf-form4_163227222022518.xml"}, {"form_type": "4", "filings_date": "2021-09-21", "url": "https://www.sec.gov/Archives/edgar/data/0001505952/000162828021018976/xslF345X03/wf-form4_163227200924150.xml"}, {"form_type": "10-Q", "filings_date": "2021-09-09", "url": "https://www.sec.gov/Archives/edgar/data/0001505952/000150595221000029/domo10q-20210731.htm"}, {"form_type": "8-K/A", "filings_date": "2021-08-27", "url": "https://www.sec.gov/Archives/edgar/data/0001505952/000150595221000026/domo8k-20210602.htm"}, {"form_type": "8-K", "filings_date": "2021-08-26", "url": "https://www.sec.gov/Archives/edgar/data/0001505952/000150595221000025/domo8k-20210826.htm"}, {"form_type": "4", "filings_date": "2021-06-23", "url": "https://www.sec.gov/Archives/edgar/data/0001505952/000162828021012757/xslF345X03/wf-form4_162448872231639.xml"}, {"form_type": "4", "filings_date": "2021-06-23", "url": "https://www.sec.gov/Archives/edgar/data/0001505952/000162828021012755/xslF345X03/wf-form4_162448723231070.xml"}, {"form_type": "4", "filings_date": "2021-06-23", "url": "https://www.sec.gov/Archives/edgar/data/0001505952/000162828021012753/xslF345X03/wf-form4_162448590230845.xml"}, {"form_type": "4", "filings_date": "2021-06-23", "url": "https://www.sec.gov/Archives/edgar/data/0001505952/000162828021012752/xslF345X03/wf-form4_162448577971533.xml"}, {"form_type": "10-Q", "filings_date": "2021-06-09", "url": "https://www.sec.gov/Archives/edgar/data/0001505952/000150595221000017/domo10q-20210430.htm"}, {"form_type": "8-K", "filings_date": "2021-06-09", "url": "https://www.sec.gov/Archives/edgar/data/0001505952/000150595221000015/domo8k-20210602.htm"}, {"form_type": "4", "filings_date": "2021-06-03", "url": "https://www.sec.gov/Archives/edgar/data/0001505952/000162828021011633/xslF345X03/wf-form4_162275588234951.xml"}, {"form_type": "4", "filings_date": "2021-06-03", "url": "https://www.sec.gov/Archives/edgar/data/0001505952/000162828021011625/xslF345X03/wf-form4_162275561556712.xml"}, {"form_type": "4", "filings_date": "2021-06-03", "url": "https://www.sec.gov/Archives/edgar/data/0001505952/000162828021011621/xslF345X03/wf-form4_162275533882693.xml"}, {"form_type": "4", "filings_date": "2021-06-03", "url": "https://www.sec.gov/Archives/edgar/data/0001505952/000162828021011617/xslF345X03/wf-form4_162275501691107.xml"}, {"form_type": "4", "filings_date": "2021-06-03", "url": "https://www.sec.gov/Archives/edgar/data/0001505952/000162828021011615/xslF345X03/wf-form4_162275471542566.xml"}, {"form_type": "8-K", "filings_date": "2021-05-27", "url": "https://www.sec.gov/Archives/edgar/data/0001505952/000150595221000012/domo8k-20210527.htm"}, {"form_type": "DEFA14A", "filings_date": "2021-04-21", "url": "https://www.sec.gov/Archives/edgar/data/0001505952/000162828021007301/domo-2021defa14a.htm"}, {"form_type": "DEF 14A", "filings_date": "2021-04-21", "url": "https://www.sec.gov/Archives/edgar/data/0001505952/000162828021007298/domo-proxystatementfy2021.htm"}, {"form_type": "S-8", "filings_date": "2021-04-01", "url": "https://www.sec.gov/Archives/edgar/data/0001505952/000150595221000008/domofy21s-8.htm"}, {"form_type": "10-K", "filings_date": "2021-04-01", "url": "https://www.sec.gov/Archives/edgar/data/0001505952/000150595221000007/domo-20210131.htm"}, {"form_type": "4/A", "filings_date": "2021-03-23", "url": "https://www.sec.gov/Archives/edgar/data/0001505952/000162828021005397/xslF345X03/wf-form4a_161654109899820.xml"}, {"form_type": "4", "filings_date": "2021-03-23", "url": "https://www.sec.gov/Archives/edgar/data/0001505952/000162828021005371/xslF345X03/wf-form4_161653287904808.xml"}, {"form_type": "4", "filings_date": "2021-03-23", "url": "https://www.sec.gov/Archives/edgar/data/0001505952/000162828021005369/xslF345X03/wf-form4_161653270256938.xml"}, {"form_type": "4", "filings_date": "2021-03-23", "url": "https://www.sec.gov/Archives/edgar/data/0001505952/000162828021005367/xslF345X03/wf-form4_161653249751247.xml"}, {"form_type": "8-K", "filings_date": "2021-03-11", "url": "https://www.sec.gov/Archives/edgar/data/0001505952/000150595221000004/domo8k-20210311.htm"}, {"form_type": "4", "filings_date": "2021-03-10", "url": "https://www.sec.gov/Archives/edgar/data/0001505952/000162828021004488/xslF345X03/wf-form4_161543023259197.xml"}, {"form_type": "4", "filings_date": "2021-03-10", "url": "https://www.sec.gov/Archives/edgar/data/0001505952/000162828021004487/xslF345X03/wf-form4_161543008913924.xml"}, {"form_type": "4", "filings_date": "2021-03-10", "url": "https://www.sec.gov/Archives/edgar/data/0001505952/000162828021004486/xslF345X03/wf-form4_161542998990163.xml"}, {"form_type": "SC 13G/A", "filings_date": "2021-02-16", "url": "https://www.sec.gov/Archives/edgar/data/0001505952/000110465921024207/tm215137d10_sc13ga.htm"}, {"form_type": "SC 13G/A", "filings_date": "2021-02-16", "url": "https://www.sec.gov/Archives/edgar/data/0001505952/000117266121000620/arrowmark-domo123120a2.htm"}, {"form_type": "SC 13G", "filings_date": "2021-02-11", "url": "https://www.sec.gov/Archives/edgar/data/0001505952/000162828021001966/domo-schedule13gjjamescoco.htm"}, {"form_type": "SC 13G/A", "filings_date": "2021-02-10", "url": "https://www.sec.gov/Archives/edgar/data/0001505952/000089542121000089/DomoInc.txt"}, {"form_type": "SC 13G/A", "filings_date": "2021-02-10", "url": "https://www.sec.gov/Archives/edgar/data/0001505952/000110465921017931/tv0715-domoinc.htm"}, {"form_type": "SC 13G/A", "filings_date": "2021-02-05", "url": "https://www.sec.gov/Archives/edgar/data/0001505952/000083423721007475/us2575541055_020421.txt"}, {"form_type": "SC 13G", "filings_date": "2021-01-22", "url": "https://www.sec.gov/Archives/edgar/data/0001505952/000144554621000363/sc13g_3.txt"}, {"form_type": "4", "filings_date": "2021-01-14", "url": "https://www.sec.gov/Archives/edgar/data/0001505952/000162828021000465/xslF345X03/wf-form4_161066253767177.xml"}, {"form_type": "4", "filings_date": "2020-12-22", "url": "https://www.sec.gov/Archives/edgar/data/0001505952/000162828020017709/xslF345X03/wf-form4_160867914190760.xml"}, {"form_type": "4", "filings_date": "2020-12-22", "url": "https://www.sec.gov/Archives/edgar/data/0001505952/000162828020017707/xslF345X03/wf-form4_160867888793015.xml"}, {"form_type": "4", "filings_date": "2020-12-16", "url": "https://www.sec.gov/Archives/edgar/data/0001505952/000162828020017571/xslF345X03/wf-form4_160815965657795.xml"}, {"form_type": "4", "filings_date": "2020-12-14", "url": "https://www.sec.gov/Archives/edgar/data/0001505952/000162828020017481/xslF345X03/wf-form4_160798617483657.xml"}, {"form_type": "10-Q", "filings_date": "2020-12-10", "url": "https://www.sec.gov/Archives/edgar/data/0001505952/000150595220000045/domo10q-20201031.htm"}, {"form_type": "SC 13G/A", "filings_date": "2020-12-09", "url": "https://www.sec.gov/Archives/edgar/data/0001505952/000108514620003084/domousa2_120220.htm"}, {"form_type": "4", "filings_date": "2020-12-08", "url": "https://www.sec.gov/Archives/edgar/data/0001505952/000162828020017200/xslF345X03/wf-form4_160746402518197.xml"}, {"form_type": "8-K", "filings_date": "2020-12-03", "url": "https://www.sec.gov/Archives/edgar/data/0001505952/000150595220000041/domo8k-20201203.htm"}, {"form_type": "SC 13G", "filings_date": "2020-11-03", "url": "https://www.sec.gov/Archives/edgar/data/0001505952/000089542120000529/DomoInc.txt"}, {"form_type": "4", "filings_date": "2020-09-23", "url": "https://www.sec.gov/Archives/edgar/data/0001505952/000162828020013865/xslF345X03/wf-form4_160089546463171.xml"}, {"form_type": "4", "filings_date": "2020-09-23", "url": "https://www.sec.gov/Archives/edgar/data/0001505952/000162828020013864/xslF345X03/wf-form4_160089541552016.xml"}, {"form_type": "4", "filings_date": "2020-09-10", "url": "https://www.sec.gov/Archives/edgar/data/0001505952/000162828020013460/xslF345X03/wf-form4_159977729914795.xml"}, {"form_type": "10-Q", "filings_date": "2020-09-09", "url": "https://www.sec.gov/Archives/edgar/data/0001505952/000150595220000038/domo10q-20200731.htm"}, {"form_type": "4", "filings_date": "2020-09-04", "url": "https://www.sec.gov/Archives/edgar/data/0001505952/000162828020013355/xslF345X03/wf-form4_159925903933264.xml"}, {"form_type": "4/A", "filings_date": "2020-09-04", "url": "https://www.sec.gov/Archives/edgar/data/0001505952/000162828020013354/xslF345X03/wf-form4a_159925891136109.xml"}, {"form_type": "4", "filings_date": "2020-09-04", "url": "https://www.sec.gov/Archives/edgar/data/0001505952/000162828020013352/xslF345X03/wf-form4_159925877446814.xml"}, {"form_type": "4/A", "filings_date": "2020-09-04", "url": "https://www.sec.gov/Archives/edgar/data/0001505952/000162828020013351/xslF345X03/wf-form4a_159925846437002.xml"}, {"form_type": "4", "filings_date": "2020-09-03", "url": "https://www.sec.gov/Archives/edgar/data/0001505952/000162828020013316/xslF345X03/wf-form4_159917762536736.xml"}, {"form_type": "8-K", "filings_date": "2020-09-03", "url": "https://www.sec.gov/Archives/edgar/data/0001505952/000150595220000035/domo8k-20200903.htm"}, {"form_type": "8-K", "filings_date": "2020-08-10", "url": "https://www.sec.gov/Archives/edgar/data/0001505952/000150595220000034/domo-8xk4thcreditagree.htm"}, {"form_type": "4", "filings_date": "2020-07-17", "url": "https://www.sec.gov/Archives/edgar/data/0001505952/000162828020010389/xslF345X03/wf-form4_159503561285543.xml"}, {"form_type": "4", "filings_date": "2020-07-10", "url": "https://www.sec.gov/Archives/edgar/data/0001505952/000162828020010298/xslF345X03/wf-form4_159441284561126.xml"}, {"form_type": "4", "filings_date": "2020-07-09", "url": "https://www.sec.gov/Archives/edgar/data/0001505952/000162828020010283/xslF345X03/wf-form4_159432649877778.xml"}, {"form_type": "4", "filings_date": "2020-06-24", "url": "https://www.sec.gov/Archives/edgar/data/0001505952/000162828020009909/xslF345X03/wf-form4_159304563020347.xml"}, {"form_type": "4/A", "filings_date": "2020-06-24", "url": "https://www.sec.gov/Archives/edgar/data/0001505952/000162828020009907/xslF345X03/wf-form4a_159304553763815.xml"}, {"form_type": "4/A", "filings_date": "2020-06-24", "url": "https://www.sec.gov/Archives/edgar/data/0001505952/000162828020009905/xslF345X03/wf-form4a_159304540719450.xml"}, {"form_type": "4/A", "filings_date": "2020-06-24", "url": "https://www.sec.gov/Archives/edgar/data/0001505952/000162828020009903/xslF345X03/wf-form4a_159304530252127.xml"}, {"form_type": "10-Q", "filings_date": "2020-06-09", "url": "https://www.sec.gov/Archives/edgar/data/0001505952/000150595220000031/domo10q-20200430.htm"}, {"form_type": "8-K", "filings_date": "2020-06-05", "url": "https://www.sec.gov/Archives/edgar/data/0001505952/000150595220000030/domo-8xk2020agm.htm"}, {"form_type": "4", "filings_date": "2020-06-04", "url": "https://www.sec.gov/Archives/edgar/data/0001505952/000177454920000003/xslF345X03/wf-form4_159131411863300.xml"}, {"form_type": "4", "filings_date": "2020-06-04", "url": "https://www.sec.gov/Archives/edgar/data/0001505952/000152185520000002/xslF345X03/wf-form4_159131405193339.xml"}, {"form_type": "4", "filings_date": "2020-06-04", "url": "https://www.sec.gov/Archives/edgar/data/0001505952/000177151220000003/xslF345X03/wf-form4_159131397351598.xml"}, {"form_type": "8-K", "filings_date": "2020-06-04", "url": "https://www.sec.gov/Archives/edgar/data/0001505952/000150595220000028/domo8k-20200604.htm"}, {"form_type": "4", "filings_date": "2020-05-05", "url": "https://www.sec.gov/Archives/edgar/data/0001505952/000162828020006427/xslF345X03/wf-form4_158870890213123.xml"}, {"form_type": "DEFA14A", "filings_date": "2020-04-23", "url": "https://www.sec.gov/Archives/edgar/data/0001505952/000150595220000027/domo-fy2020defa14a.htm"}, {"form_type": "DEF 14A", "filings_date": "2020-04-23", "url": "https://www.sec.gov/Archives/edgar/data/0001505952/000150595220000026/domoproxystatementfy2020.htm"}, {"form_type": "8-K", "filings_date": "2020-04-17", "url": "https://www.sec.gov/Archives/edgar/data/0001505952/000150595220000021/a8-kxdurlingappointment.htm"}, {"form_type": "4", "filings_date": "2020-04-17", "url": "https://www.sec.gov/Archives/edgar/data/0001505952/000180822420000004/xslF345X03/wf-form4_158712522740852.xml"}, {"form_type": "3", "filings_date": "2020-04-17", "url": "https://www.sec.gov/Archives/edgar/data/0001505952/000180822420000002/xslF345X02/wf-form3_158712507925125.xml"}, {"form_type": "S-8", "filings_date": "2020-04-13", "url": "https://www.sec.gov/Archives/edgar/data/0001505952/000150595220000019/domofy20s-8.htm"}, {"form_type": "10-K", "filings_date": "2020-04-13", "url": "https://www.sec.gov/Archives/edgar/data/0001505952/000150595220000018/domofy2010-k.htm"}, {"form_type": "4", "filings_date": "2020-03-24", "url": "https://www.sec.gov/Archives/edgar/data/0001505952/000162828020004024/xslF345X03/wf-form4_158509132715785.xml"}, {"form_type": "4", "filings_date": "2020-03-24", "url": "https://www.sec.gov/Archives/edgar/data/0001505952/000162828020004022/xslF345X03/wf-form4_158509122399491.xml"}, {"form_type": "8-K", "filings_date": "2020-03-23", "url": "https://www.sec.gov/Archives/edgar/data/0001505952/000150595220000011/a8-kxforumselectionupd.htm"}, {"form_type": "8-K", "filings_date": "2020-03-10", "url": "https://www.sec.gov/Archives/edgar/data/0001505952/000150595220000006/earningsrelease8-kfy20.htm"}, {"form_type": "8-K", "filings_date": "2020-03-10", "url": "https://www.sec.gov/Archives/edgar/data/0001505952/000150595220000005/a20200310neocomp8-k.htm"}, {"form_type": "4", "filings_date": "2020-03-09", "url": "https://www.sec.gov/Archives/edgar/data/0001505952/000162828020003243/xslF345X03/wf-form4_158380118604140.xml"}, {"form_type": "4", "filings_date": "2020-03-09", "url": "https://www.sec.gov/Archives/edgar/data/0001505952/000162828020003241/xslF345X03/wf-form4_158380110624111.xml"}, {"form_type": "4", "filings_date": "2020-03-09", "url": "https://www.sec.gov/Archives/edgar/data/0001505952/000162828020003239/xslF345X03/wf-form4_158380102943673.xml"}, {"form_type": "4", "filings_date": "2020-03-02", "url": "https://www.sec.gov/Archives/edgar/data/0001505952/000120919120014699/xslF345X03/doc4.xml"}, {"form_type": "SC 13G/A", "filings_date": "2020-02-14", "url": "https://www.sec.gov/Archives/edgar/data/0001505952/000162828020001619/domo-13gfeb2020.htm"}, {"form_type": "SC 13G/A", "filings_date": "2020-02-14", "url": "https://www.sec.gov/Archives/edgar/data/0001505952/000117266120000880/arrowmark-domo123119a1.htm"}, {"form_type": "SC 13G/A", "filings_date": "2020-02-12", "url": "https://www.sec.gov/Archives/edgar/data/0001505952/000110465920019204/tm207589-5_sc13ga.htm"}, {"form_type": "SC 13G", "filings_date": "2020-02-11", "url": "https://www.sec.gov/Archives/edgar/data/0001505952/000110465920016416/tv0110-domoinc.htm"}, {"form_type": "SC 13G", "filings_date": "2020-02-10", "url": "https://www.sec.gov/Archives/edgar/data/0001505952/000083423720008819/us2575541055_020720.txt"}, {"form_type": "SC 13G/A", "filings_date": "2020-02-04", "url": "https://www.sec.gov/Archives/edgar/data/0001505952/000119312520024200/d845650dsc13ga.htm"}, {"form_type": "SC 13G/A", "filings_date": "2020-01-22", "url": "https://www.sec.gov/Archives/edgar/data/0001505952/000108514620000246/domousa1_11720.htm"}, {"form_type": "4", "filings_date": "2019-12-26", "url": "https://www.sec.gov/Archives/edgar/data/0001505952/000162828019015295/xslF345X03/wf-form4_157738404015433.xml"}, {"form_type": "4", "filings_date": "2019-12-26", "url": "https://www.sec.gov/Archives/edgar/data/0001505952/000162828019015294/xslF345X03/wf-form4_157738399465377.xml"}, {"form_type": "10-Q", "filings_date": "2019-12-12", "url": "https://www.sec.gov/Archives/edgar/data/0001505952/000150595219000053/domofy20q310-q.htm"}, {"form_type": "8-K/A", "filings_date": "2019-12-06", "url": "https://www.sec.gov/Archives/edgar/data/0001505952/000150595219000051/correctedearningsrelea1.htm"}, {"form_type": "8-K", "filings_date": "2019-12-05", "url": "https://www.sec.gov/Archives/edgar/data/0001505952/000150595219000049/earningsrelease8-kfy20.htm"}, {"form_type": "8-K", "filings_date": "2019-09-25", "url": "https://www.sec.gov/Archives/edgar/data/0001505952/000150595219000047/domo-8xkxdirector1.htm"}, {"form_type": "4", "filings_date": "2019-09-24", "url": "https://www.sec.gov/Archives/edgar/data/0001505952/000162828019011903/xslF345X03/wf-form4_156936658186228.xml"}, {"form_type": "3", "filings_date": "2019-09-24", "url": "https://www.sec.gov/Archives/edgar/data/0001505952/000162828019011902/xslF345X02/wf-form3_156936653803540.xml"}, {"form_type": "4", "filings_date": "2019-09-24", "url": "https://www.sec.gov/Archives/edgar/data/0001505952/000162828019011898/xslF345X03/wf-form4_156936434904896.xml"}, {"form_type": "4", "filings_date": "2019-09-24", "url": "https://www.sec.gov/Archives/edgar/data/0001505952/000162828019011897/xslF345X03/wf-form4_156936429558395.xml"}, {"form_type": "10-Q", "filings_date": "2019-09-12", "url": "https://www.sec.gov/Archives/edgar/data/0001505952/000150595219000044/domofy20q210-q.htm"}, {"form_type": "4/A", "filings_date": "2019-09-10", "url": "https://www.sec.gov/Archives/edgar/data/0001505952/000136677019000005/xslF345X03/wf-form4a_156815275111714.xml"}, {"form_type": "4", "filings_date": "2019-09-10", "url": "https://www.sec.gov/Archives/edgar/data/0001505952/000136677019000003/xslF345X03/wf-form4_156814815200476.xml"}, {"form_type": "8-K", "filings_date": "2019-09-05", "url": "https://www.sec.gov/Archives/edgar/data/0001505952/000150595219000041/earningsrelease8-kfy20q2.htm"}, {"form_type": "4", "filings_date": "2019-06-24", "url": "https://www.sec.gov/Archives/edgar/data/0001505952/000162828019008288/xslF345X03/wf-form4_156141756133401.xml"}, {"form_type": "4", "filings_date": "2019-06-24", "url": "https://www.sec.gov/Archives/edgar/data/0001505952/000162828019008287/xslF345X03/wf-form4_156141751818287.xml"}, {"form_type": "10-Q", "filings_date": "2019-06-13", "url": "https://www.sec.gov/Archives/edgar/data/0001505952/000150595219000038/domoq1fy2010-q.htm"}, {"form_type": "8-K", "filings_date": "2019-06-10", "url": "https://www.sec.gov/Archives/edgar/data/0001505952/000150595219000033/domo-8xkx2019agm.htm"}, {"form_type": "SC 13G/A", "filings_date": "2019-06-07", "url": "https://www.sec.gov/Archives/edgar/data/0001505952/000021545719008039/us2575541055_060719.txt"}, {"form_type": "8-K", "filings_date": "2019-06-07", "url": "https://www.sec.gov/Archives/edgar/data/0001505952/000150595219000031/domo-701.htm"}, {"form_type": "4", "filings_date": "2019-06-06", "url": "https://www.sec.gov/Archives/edgar/data/0001505952/000162828019007680/xslF345X03/wf-form4_155987138376723.xml"}, {"form_type": "4", "filings_date": "2019-06-06", "url": "https://www.sec.gov/Archives/edgar/data/0001505952/000162828019007679/xslF345X03/wf-form4_155987125635584.xml"}, {"form_type": "4", "filings_date": "2019-06-06", "url": "https://www.sec.gov/Archives/edgar/data/0001505952/000162828019007678/xslF345X03/wf-form4_155987116328348.xml"}, {"form_type": "8-K", "filings_date": "2019-06-06", "url": "https://www.sec.gov/Archives/edgar/data/0001505952/000150595219000029/a8-kearningsreleaseq1fy20.htm"}, {"form_type": "DEF 14A", "filings_date": "2019-05-20", "url": "https://www.sec.gov/Archives/edgar/data/0001505952/000150595219000024/domo-fy2019proxystatement.htm"}, {"form_type": "8-K", "filings_date": "2019-05-14", "url": "https://www.sec.gov/Archives/edgar/data/0001505952/000150595219000022/domo-8xkxemploymentxletters.htm"}, {"form_type": "SC 13G/A", "filings_date": "2019-05-10", "url": "https://www.sec.gov/Archives/edgar/data/0001505952/000021545719007863/us2575541055_051019.txt"}, {"form_type": "SC 13G/A", "filings_date": "2019-05-09", "url": "https://www.sec.gov/Archives/edgar/data/0001505952/000089542119000462/domoinc.txt"}, {"form_type": "4", "filings_date": "2019-04-23", "url": "https://www.sec.gov/Archives/edgar/data/0001505952/000177454919000003/xslF345X03/wf-form4_155606059500733.xml"}, {"form_type": "3", "filings_date": "2019-04-23", "url": "https://www.sec.gov/Archives/edgar/data/0001505952/000177454919000002/xslF345X02/wf-form3_155606049012190.xml"}, {"form_type": "8-K", "filings_date": "2019-04-23", "url": "https://www.sec.gov/Archives/edgar/data/0001505952/000150595219000020/domo-8xkxdirector.htm"}, {"form_type": "4", "filings_date": "2019-04-16", "url": "https://www.sec.gov/Archives/edgar/data/0001505952/000174491019000003/xslF345X03/wf-form4_155545526506038.xml"}, {"form_type": "S-8", "filings_date": "2019-04-15", "url": "https://www.sec.gov/Archives/edgar/data/0001505952/000150595219000017/domos-8fy20evergreen.htm"}, {"form_type": "10-K", "filings_date": "2019-04-15", "url": "https://www.sec.gov/Archives/edgar/data/0001505952/000150595219000016/domofy1910-k.htm"}, {"form_type": "8-K", "filings_date": "2019-04-04", "url": "https://www.sec.gov/Archives/edgar/data/0001505952/000150595219000012/domo-8xkxdirectorxresignat.htm"}, {"form_type": "SC 13G", "filings_date": "2019-04-01", "url": "https://www.sec.gov/Archives/edgar/data/0001505952/000089542119000416/domoinc.txt"}, {"form_type": "4", "filings_date": "2019-03-28", "url": "https://www.sec.gov/Archives/edgar/data/0001505952/000177151219000001/xslF345X03/wf-form4_155381571354205.xml"}, {"form_type": "3", "filings_date": "2019-03-22", "url": "https://www.sec.gov/Archives/edgar/data/0001505952/000162828019003272/xslF345X02/wf-form3_155329261399189.xml"}, {"form_type": "4", "filings_date": "2019-03-22", "url": "https://www.sec.gov/Archives/edgar/data/0001505952/000162828019003270/xslF345X03/wf-form4_155329245541509.xml"}, {"form_type": "4", "filings_date": "2019-03-22", "url": "https://www.sec.gov/Archives/edgar/data/0001505952/000174491019000002/xslF345X03/wf-form4_155329088327496.xml"}, {"form_type": "8-K", "filings_date": "2019-03-19", "url": "https://www.sec.gov/Archives/edgar/data/0001505952/000150595219000009/domo8knewdirector.htm"}, {"form_type": "8-K", "filings_date": "2019-03-13", "url": "https://www.sec.gov/Archives/edgar/data/0001505952/000150595219000006/a8-kearningsreleaseq4fy19.htm"}, {"form_type": "SC 13G", "filings_date": "2019-02-14", "url": "https://www.sec.gov/Archives/edgar/data/0001505952/000119312519040228/d671855dsc13g.htm"}, {"form_type": "SC 13G", "filings_date": "2019-02-14", "url": "https://www.sec.gov/Archives/edgar/data/0001505952/000117266119000544/arrowmark-domo123118.htm"}, {"form_type": "SC 13G/A", "filings_date": "2019-02-11", "url": "https://www.sec.gov/Archives/edgar/data/0001505952/000114420419006157/tv512789_sc13ga.htm"}, {"form_type": "SC 13G/A", "filings_date": "2019-02-11", "url": "https://www.sec.gov/Archives/edgar/data/0001505952/000021545719007274/us2575541055_021119.txt"}, {"form_type": "8-K", "filings_date": "2019-01-07", "url": "https://www.sec.gov/Archives/edgar/data/0001505952/000150595219000004/domo-8xkdelawareforumbylaws.htm"}, {"form_type": "8-K", "filings_date": "2019-01-07", "url": "https://www.sec.gov/Archives/edgar/data/0001505952/000150595219000002/domo8-k.htm"}, {"form_type": "SC 13G", "filings_date": "2019-01-07", "url": "https://www.sec.gov/Archives/edgar/data/0001505952/000108514619000029/domous_10419.htm"}, {"form_type": "10-Q", "filings_date": "2018-12-13", "url": "https://www.sec.gov/Archives/edgar/data/0001505952/000150595218000028/domoq3fy1910-q.htm"}, {"form_type": "8-K", "filings_date": "2018-12-06", "url": "https://www.sec.gov/Archives/edgar/data/0001505952/000150595218000026/a8-kearningsreleaseq3fy19.htm"}, {"form_type": "4", "filings_date": "2018-11-06", "url": "https://www.sec.gov/Archives/edgar/data/0001505952/000150595218000024/xslF345X03/wf-form4_154154802240756.xml"}, {"form_type": "4", "filings_date": "2018-11-06", "url": "https://www.sec.gov/Archives/edgar/data/0001505952/000150595218000023/xslF345X03/wf-form4_154154799935217.xml"}, {"form_type": "8-K", "filings_date": "2018-09-21", "url": "https://www.sec.gov/Archives/edgar/data/0001505952/000150595218000019/a8-kharrington.htm"}, {"form_type": "10-Q", "filings_date": "2018-09-13", "url": "https://www.sec.gov/Archives/edgar/data/0001505952/000150595218000017/domoq2fy1910-q.htm"}, {"form_type": "8-K", "filings_date": "2018-09-06", "url": "https://www.sec.gov/Archives/edgar/data/0001505952/000150595218000014/a8-kearningsreleaseq2fy19.htm"}, {"form_type": "SC 13G", "filings_date": "2018-08-14", "url": "https://www.sec.gov/Archives/edgar/data/0001505952/000162828018011076/domo-schedule13g.htm"}, {"form_type": "SC 13G", "filings_date": "2018-08-10", "url": "https://www.sec.gov/Archives/edgar/data/0001505952/000114420418043598/tv500645_sc13g.htm"}, {"form_type": "UPLOAD", "filings_date": "2018-08-01", "url": "https://www.sec.gov/Archives/edgar/data/0001505952/000000000018023729/filename1.pdf"}, {"form_type": "SC 13G", "filings_date": "2018-07-10", "url": "https://www.sec.gov/Archives/edgar/data/0001505952/000021545718005844/us2575541055_070518.txt"}, {"form_type": "3/A", "filings_date": "2018-07-03", "url": "https://www.sec.gov/Archives/edgar/data/0001505952/000162828018009107/xslF345X02/wf-form3a_153066765100961.xml"}, {"form_type": "4", "filings_date": "2018-07-03", "url": "https://www.sec.gov/Archives/edgar/data/0001505952/000162828018009102/xslF345X03/wf-form4_153066359267740.xml"}, {"form_type": "4", "filings_date": "2018-07-03", "url": "https://www.sec.gov/Archives/edgar/data/0001505952/000162828018009101/xslF345X03/wf-form4_153066356466268.xml"}, {"form_type": "4", "filings_date": "2018-07-03", "url": "https://www.sec.gov/Archives/edgar/data/0001505952/000162828018009100/xslF345X03/wf-form4_153066353441560.xml"}, {"form_type": "4", "filings_date": "2018-07-03", "url": "https://www.sec.gov/Archives/edgar/data/0001505952/000162828018009099/xslF345X03/wf-form4_153066350647310.xml"}, {"form_type": "4", "filings_date": "2018-07-03", "url": "https://www.sec.gov/Archives/edgar/data/0001505952/000162828018009098/xslF345X03/wf-form4_153066347844675.xml"}, {"form_type": "4", "filings_date": "2018-07-03", "url": "https://www.sec.gov/Archives/edgar/data/0001505952/000162828018009097/xslF345X03/wf-form4_153066344931476.xml"}, {"form_type": "4", "filings_date": "2018-07-03", "url": "https://www.sec.gov/Archives/edgar/data/0001505952/000162828018009096/xslF345X03/wf-form4_153066342119779.xml"}, {"form_type": "S-8", "filings_date": "2018-06-29", "url": "https://www.sec.gov/Archives/edgar/data/0001505952/000162828018008836/domos-8.htm"}, {"form_type": "424B4", "filings_date": "2018-06-29", "url": "https://www.sec.gov/Archives/edgar/data/0001505952/000162828018008829/domoinc424b4.htm"}, {"form_type": "FWP", "filings_date": "2018-06-29", "url": "https://www.sec.gov/Archives/edgar/data/0001505952/000162828018008825/domofwp.htm"}, {"form_type": "EFFECT", "filings_date": "2018-06-28", "url": "https://www.sec.gov/Archives/edgar/data/0001505952/999999999518001658/xslEFFECTX01/primary_doc.xml"}, {"form_type": "3", "filings_date": "2018-06-28", "url": "https://www.sec.gov/Archives/edgar/data/0001505952/000162828018008823/xslF345X02/wf-form3_153023444641880.xml"}, {"form_type": "3", "filings_date": "2018-06-28", "url": "https://www.sec.gov/Archives/edgar/data/0001505952/000162828018008822/xslF345X02/wf-form3_153023441823558.xml"}, {"form_type": "3", "filings_date": "2018-06-28", "url": "https://www.sec.gov/Archives/edgar/data/0001505952/000162828018008821/xslF345X02/wf-form3_153023439043607.xml"}, {"form_type": "3", "filings_date": "2018-06-28", "url": "https://www.sec.gov/Archives/edgar/data/0001505952/000162828018008820/xslF345X02/wf-form3_153023436364758.xml"}, {"form_type": "3", "filings_date": "2018-06-28", "url": "https://www.sec.gov/Archives/edgar/data/0001505952/000162828018008819/xslF345X02/wf-form3_153023433522634.xml"}, {"form_type": "3", "filings_date": "2018-06-28", "url": "https://www.sec.gov/Archives/edgar/data/0001505952/000162828018008818/xslF345X02/wf-form3_153023430173802.xml"}, {"form_type": "3", "filings_date": "2018-06-28", "url": "https://www.sec.gov/Archives/edgar/data/0001505952/000162828018008817/xslF345X02/wf-form3_153023427350651.xml"}, {"form_type": "3", "filings_date": "2018-06-28", "url": "https://www.sec.gov/Archives/edgar/data/0001505952/000162828018008816/xslF345X02/wf-form3_153023424436044.xml"}, {"form_type": "3", "filings_date": "2018-06-28", "url": "https://www.sec.gov/Archives/edgar/data/0001505952/000162828018008815/xslF345X02/wf-form3_153023419829490.xml"}, {"form_type": "3", "filings_date": "2018-06-28", "url": "https://www.sec.gov/Archives/edgar/data/0001505952/000162828018008814/xslF345X02/wf-form3_153023413044152.xml"}, {"form_type": "3", "filings_date": "2018-06-28", "url": "https://www.sec.gov/Archives/edgar/data/0001505952/000090342318000367/xslF345X02/raj.xml"}, {"form_type": "CORRESP", "filings_date": "2018-06-27", "url": "https://www.sec.gov/Archives/edgar/data/0001505952/000162828018008480/filename1.htm"}, {"form_type": "CORRESP", "filings_date": "2018-06-25", "url": "https://www.sec.gov/Archives/edgar/data/0001505952/000162828018008326/filename1.htm"}, {"form_type": "CORRESP", "filings_date": "2018-06-25", "url": "https://www.sec.gov/Archives/edgar/data/0001505952/000162828018008325/filename1.htm"}, {"form_type": "CERT", "filings_date": "2018-06-25", "url": "https://www.sec.gov/Archives/edgar/data/0001505952/000135445718000229/8ACERT_DOMO.pdf"}, {"form_type": "8-A12B", "filings_date": "2018-06-22", "url": "https://www.sec.gov/Archives/edgar/data/0001505952/000162828018008231/domoform8-a.htm"}, {"form_type": "UPLOAD", "filings_date": "2018-06-22", "url": "https://www.sec.gov/Archives/edgar/data/0001505952/000000000018019257/filename1.pdf"}, {"form_type": "CORRESP", "filings_date": "2018-06-18", "url": "https://www.sec.gov/Archives/edgar/data/0001505952/000162828018007946/filename1.htm"}, {"form_type": "S-1/A", "filings_date": "2018-06-18", "url": "https://www.sec.gov/Archives/edgar/data/0001505952/000162828018007944/domoincs-1a.htm"}, {"form_type": "UPLOAD", "filings_date": "2018-06-13", "url": "https://www.sec.gov/Archives/edgar/data/0001505952/000000000018018225/filename1.pdf"}, {"form_type": "CORRESP", "filings_date": "2018-06-05", "url": "https://www.sec.gov/Archives/edgar/data/0001505952/000162828018007613/filename1.htm"}, {"form_type": "S-1", "filings_date": "2018-06-01", "url": "https://www.sec.gov/Archives/edgar/data/0001505952/000162828018007487/domoincs-1.htm"}, {"form_type": "CORRESP", "filings_date": "2018-06-01", "url": "https://www.sec.gov/Archives/edgar/data/0001505952/000162828018007486/filename1.htm"}, {"form_type": "UPLOAD", "filings_date": "2018-05-22", "url": "https://www.sec.gov/Archives/edgar/data/0001505952/000000000018015802/filename1.pdf"}, {"form_type": "DRSLTR", "filings_date": "2018-05-08", "url": "https://www.sec.gov/Archives/edgar/data/0001505952/000150595218000012/filename1.htm"}, {"form_type": "UPLOAD", "filings_date": "2018-05-02", "url": "https://www.sec.gov/Archives/edgar/data/0001505952/000000000018013683/filename1.pdf"}, {"form_type": "DRS/A", "filings_date": "2018-04-20", "url": "https://www.sec.gov/Archives/edgar/data/0001505952/000150595218000010/filename1.htm"}, {"form_type": "UPLOAD", "filings_date": "2018-03-28", "url": "https://www.sec.gov/Archives/edgar/data/0001505952/000000000018009383/filename1.pdf"}, {"form_type": "DRS", "filings_date": "2018-02-28", "url": "https://www.sec.gov/Archives/edgar/data/0001505952/000150595218000005/filename1.htm"}, {"form_type": "D", "filings_date": "2017-12-20", "url": "https://www.sec.gov/Archives/edgar/data/0001505952/000150595217000003/xslFormDX01/primary_doc.xml"}, {"form_type": "D/A", "filings_date": "2017-10-13", "url": "https://www.sec.gov/Archives/edgar/data/0001505952/000150595217000002/xslFormDX01/primary_doc.xml"}, {"form_type": "D", "filings_date": "2017-04-27", "url": "https://www.sec.gov/Archives/edgar/data/0001505952/000150595217000001/xslFormDX01/primary_doc.xml"}]}