{"company": {"cik": "0001773383", "name": "Dynatrace, Inc.", "sic": "Services-Prepackaged Software", "state_incorp": "", "ticker": "DT", "mailing_addr": "1601 TRAPELO ROAD, SUITE 116, WALTHAM, MA, 02451", "category": "Large accelerated filer", "fiscal_year_end": "31, March"}, "filings": [{"form_type": "4", "filings_date": "2022-03-10", "url": "https://www.sec.gov/Archives/edgar/data/0001773383/000177338322000037/xslF345X03/wf-form4_164694875688480.xml"}, {"form_type": "4", "filings_date": "2022-03-01", "url": "https://www.sec.gov/Archives/edgar/data/0001773383/000177338322000035/xslF345X03/wf-form4_164617167394920.xml"}, {"form_type": "4", "filings_date": "2022-02-22", "url": "https://www.sec.gov/Archives/edgar/data/0001773383/000177338322000033/xslF345X03/wf-form4_164556771198697.xml"}, {"form_type": "4", "filings_date": "2022-02-17", "url": "https://www.sec.gov/Archives/edgar/data/0001773383/000177338322000031/xslF345X03/wf-form4_164513691906090.xml"}, {"form_type": "4", "filings_date": "2022-02-17", "url": "https://www.sec.gov/Archives/edgar/data/0001773383/000177338322000030/xslF345X03/wf-form4_164513685995170.xml"}, {"form_type": "4", "filings_date": "2022-02-17", "url": "https://www.sec.gov/Archives/edgar/data/0001773383/000177338322000029/xslF345X03/wf-form4_164513681087122.xml"}, {"form_type": "3/A", "filings_date": "2022-02-17", "url": "https://www.sec.gov/Archives/edgar/data/0001773383/000177338322000028/xslF345X02/wf-form3a_164513675369201.xml"}, {"form_type": "4", "filings_date": "2022-02-17", "url": "https://www.sec.gov/Archives/edgar/data/0001773383/000177338322000027/xslF345X03/wf-form4_164513669293431.xml"}, {"form_type": "SC 13G/A", "filings_date": "2022-02-09", "url": "https://www.sec.gov/Archives/edgar/data/0001773383/000110465922017014/tv0774-dynatraceinc.htm"}, {"form_type": "SC 13G", "filings_date": "2022-02-09", "url": "https://www.sec.gov/Archives/edgar/data/0001773383/000031506622000864/filing.txt"}, {"form_type": "10-Q", "filings_date": "2022-02-02", "url": "https://www.sec.gov/Archives/edgar/data/0001773383/000177338322000021/dt-20211231.htm"}, {"form_type": "8-K", "filings_date": "2022-02-02", "url": "https://www.sec.gov/Archives/edgar/data/0001773383/000177338322000019/dt-20220202.htm"}, {"form_type": "3", "filings_date": "2022-02-01", "url": "https://www.sec.gov/Archives/edgar/data/0001773383/000177338322000016/xslF345X02/wf-form3_164375531053648.xml"}, {"form_type": "8-K", "filings_date": "2022-02-01", "url": "https://www.sec.gov/Archives/edgar/data/0001773383/000177338322000014/dt-20220127.htm"}, {"form_type": "4", "filings_date": "2022-01-31", "url": "https://www.sec.gov/Archives/edgar/data/0001773383/000177338322000010/xslF345X03/wf-form4_164366561251697.xml"}, {"form_type": "3", "filings_date": "2022-01-31", "url": "https://www.sec.gov/Archives/edgar/data/0001773383/000177338322000009/xslF345X02/wf-form3_164366548959325.xml"}, {"form_type": "8-K", "filings_date": "2022-01-31", "url": "https://www.sec.gov/Archives/edgar/data/0001773383/000177338322000008/dt-20220127.htm"}, {"form_type": "4", "filings_date": "2021-12-15", "url": "https://www.sec.gov/Archives/edgar/data/0001773383/000177338321000137/xslF345X03/wf-form4_163960489034276.xml"}, {"form_type": "4", "filings_date": "2021-12-13", "url": "https://www.sec.gov/Archives/edgar/data/0001773383/000177338321000136/xslF345X03/wf-form4_163943326266979.xml"}, {"form_type": "3", "filings_date": "2021-12-13", "url": "https://www.sec.gov/Archives/edgar/data/0001773383/000177338321000135/xslF345X02/wf-form3_163943298587709.xml"}, {"form_type": "4", "filings_date": "2021-12-13", "url": "https://www.sec.gov/Archives/edgar/data/0001773383/000177338321000134/xslF345X03/wf-form4_163943292107125.xml"}, {"form_type": "4", "filings_date": "2021-12-03", "url": "https://www.sec.gov/Archives/edgar/data/0001773383/000177338321000131/xslF345X03/wf-form4_163856823886176.xml"}, {"form_type": "4", "filings_date": "2021-11-17", "url": "https://www.sec.gov/Archives/edgar/data/0001773383/000177338321000129/xslF345X03/wf-form4_163719524897491.xml"}, {"form_type": "4", "filings_date": "2021-11-17", "url": "https://www.sec.gov/Archives/edgar/data/0001773383/000177338321000128/xslF345X03/wf-form4_163719519417385.xml"}, {"form_type": "4", "filings_date": "2021-11-17", "url": "https://www.sec.gov/Archives/edgar/data/0001773383/000177338321000127/xslF345X03/wf-form4_163719515030067.xml"}, {"form_type": "4", "filings_date": "2021-11-17", "url": "https://www.sec.gov/Archives/edgar/data/0001773383/000177338321000126/xslF345X03/wf-form4_163719510035639.xml"}, {"form_type": "8-K", "filings_date": "2021-11-15", "url": "https://www.sec.gov/Archives/edgar/data/0001773383/000177338321000118/dt-20211115.htm"}, {"form_type": "10-Q", "filings_date": "2021-10-27", "url": "https://www.sec.gov/Archives/edgar/data/0001773383/000177338321000114/dt-20210930.htm"}, {"form_type": "8-K", "filings_date": "2021-10-27", "url": "https://www.sec.gov/Archives/edgar/data/0001773383/000177338321000113/dt-20211027.htm"}, {"form_type": "4", "filings_date": "2021-10-19", "url": "https://www.sec.gov/Archives/edgar/data/0001773383/000177338321000109/xslF345X03/wf-form4_163467578456845.xml"}, {"form_type": "4", "filings_date": "2021-09-16", "url": "https://www.sec.gov/Archives/edgar/data/0001773383/000177338321000107/xslF345X03/wf-form4_163182395831962.xml"}, {"form_type": "8-K", "filings_date": "2021-08-31", "url": "https://www.sec.gov/Archives/edgar/data/0001773383/000177338321000105/dt-20210826.htm"}, {"form_type": "4", "filings_date": "2021-08-30", "url": "https://www.sec.gov/Archives/edgar/data/0001773383/000089924321034522/xslF345X03/doc4.xml"}, {"form_type": "4", "filings_date": "2021-08-30", "url": "https://www.sec.gov/Archives/edgar/data/0001773383/000089924321034509/xslF345X03/doc4.xml"}, {"form_type": "4", "filings_date": "2021-08-30", "url": "https://www.sec.gov/Archives/edgar/data/0001773383/000177338321000103/xslF345X03/wf-form4_163035494757636.xml"}, {"form_type": "4", "filings_date": "2021-08-30", "url": "https://www.sec.gov/Archives/edgar/data/0001773383/000177338321000102/xslF345X03/wf-form4_163035486470579.xml"}, {"form_type": "4", "filings_date": "2021-08-30", "url": "https://www.sec.gov/Archives/edgar/data/0001773383/000177338321000101/xslF345X03/wf-form4_163035479685464.xml"}, {"form_type": "4", "filings_date": "2021-08-30", "url": "https://www.sec.gov/Archives/edgar/data/0001773383/000177338321000100/xslF345X03/wf-form4_163035475799572.xml"}, {"form_type": "4", "filings_date": "2021-08-30", "url": "https://www.sec.gov/Archives/edgar/data/0001773383/000177338321000099/xslF345X03/wf-form4_163035471210477.xml"}, {"form_type": "4", "filings_date": "2021-08-30", "url": "https://www.sec.gov/Archives/edgar/data/0001773383/000177338321000098/xslF345X03/wf-form4_163035461510648.xml"}, {"form_type": "4", "filings_date": "2021-08-18", "url": "https://www.sec.gov/Archives/edgar/data/0001773383/000177338321000091/xslF345X03/wf-form4_162932147765414.xml"}, {"form_type": "4", "filings_date": "2021-08-18", "url": "https://www.sec.gov/Archives/edgar/data/0001773383/000177338321000090/xslF345X03/wf-form4_162932073345671.xml"}, {"form_type": "4", "filings_date": "2021-08-18", "url": "https://www.sec.gov/Archives/edgar/data/0001773383/000177338321000089/xslF345X03/wf-form4_162932065446067.xml"}, {"form_type": "4", "filings_date": "2021-08-18", "url": "https://www.sec.gov/Archives/edgar/data/0001773383/000177338321000088/xslF345X03/wf-form4_162932061512548.xml"}, {"form_type": "10-Q", "filings_date": "2021-07-28", "url": "https://www.sec.gov/Archives/edgar/data/0001773383/000177338321000083/dt-20210630.htm"}, {"form_type": "8-K", "filings_date": "2021-07-28", "url": "https://www.sec.gov/Archives/edgar/data/0001773383/000177338321000081/dt-20210728.htm"}, {"form_type": "4", "filings_date": "2021-07-19", "url": "https://www.sec.gov/Archives/edgar/data/0001773383/000177338321000078/xslF345X03/wf-form4_162672977142945.xml"}, {"form_type": "3", "filings_date": "2021-07-19", "url": "https://www.sec.gov/Archives/edgar/data/0001773383/000177338321000077/xslF345X02/wf-form3_162672971998520.xml"}, {"form_type": "4", "filings_date": "2021-07-19", "url": "https://www.sec.gov/Archives/edgar/data/0001773383/000177338321000076/xslF345X03/wf-form4_162672961748685.xml"}, {"form_type": "DEFA14A", "filings_date": "2021-07-15", "url": "https://www.sec.gov/Archives/edgar/data/0001773383/000177338321000072/dt-defa14acoverpagenoticea.htm"}, {"form_type": "DEF 14A", "filings_date": "2021-07-15", "url": "https://www.sec.gov/Archives/edgar/data/0001773383/000177338321000070/dynatrace-proxystatement_2.htm"}, {"form_type": "8-K", "filings_date": "2021-07-15", "url": "https://www.sec.gov/Archives/edgar/data/0001773383/000177338321000068/dt-20210714.htm"}, {"form_type": "4", "filings_date": "2021-06-29", "url": "https://www.sec.gov/Archives/edgar/data/0001773383/000177338321000062/xslF345X03/wf-form4_162500228281442.xml"}, {"form_type": "4", "filings_date": "2021-06-16", "url": "https://www.sec.gov/Archives/edgar/data/0001773383/000177338321000060/xslF345X03/wf-form4_162387656184229.xml"}, {"form_type": "5", "filings_date": "2021-06-04", "url": "https://www.sec.gov/Archives/edgar/data/0001773383/000177338321000058/xslF345X03/wf-form5_162284043145051.xml"}, {"form_type": "S-8", "filings_date": "2021-06-01", "url": "https://www.sec.gov/Archives/edgar/data/0001773383/000177338321000056/dynatrace-formsx8fy22.htm"}, {"form_type": "10-K", "filings_date": "2021-05-28", "url": "https://www.sec.gov/Archives/edgar/data/0001773383/000177338321000054/dt-20210331.htm"}, {"form_type": "4", "filings_date": "2021-05-18", "url": "https://www.sec.gov/Archives/edgar/data/0001773383/000177338321000051/xslF345X03/wf-form4_162137770006348.xml"}, {"form_type": "4", "filings_date": "2021-05-18", "url": "https://www.sec.gov/Archives/edgar/data/0001773383/000177338321000050/xslF345X03/wf-form4_162137751953313.xml"}, {"form_type": "4", "filings_date": "2021-05-18", "url": "https://www.sec.gov/Archives/edgar/data/0001773383/000177338321000049/xslF345X03/wf-form4_162137743252543.xml"}, {"form_type": "4", "filings_date": "2021-05-18", "url": "https://www.sec.gov/Archives/edgar/data/0001773383/000177338321000048/xslF345X03/wf-form4_162137728403107.xml"}, {"form_type": "8-K", "filings_date": "2021-05-12", "url": "https://www.sec.gov/Archives/edgar/data/0001773383/000177338321000043/dt-20210512.htm"}, {"form_type": "4", "filings_date": "2021-04-19", "url": "https://www.sec.gov/Archives/edgar/data/0001773383/000177338321000039/xslF345X03/wf-form4_161886485784460.xml"}, {"form_type": "4", "filings_date": "2021-03-18", "url": "https://www.sec.gov/Archives/edgar/data/0001773383/000177338321000036/xslF345X03/wf-form4_161610344333170.xml"}, {"form_type": "3", "filings_date": "2021-03-18", "url": "https://www.sec.gov/Archives/edgar/data/0001773383/000177338321000035/xslF345X02/wf-form3_161610256080929.xml"}, {"form_type": "8-K", "filings_date": "2021-03-18", "url": "https://www.sec.gov/Archives/edgar/data/0001773383/000177338321000033/form8k-fy21march2021.htm"}, {"form_type": "4", "filings_date": "2021-03-17", "url": "https://www.sec.gov/Archives/edgar/data/0001773383/000177338321000031/xslF345X03/wf-form4_161601518585006.xml"}, {"form_type": "4", "filings_date": "2021-03-11", "url": "https://www.sec.gov/Archives/edgar/data/0001773383/000177338321000029/xslF345X03/wf-form4_161550251650874.xml"}, {"form_type": "4", "filings_date": "2021-03-11", "url": "https://www.sec.gov/Archives/edgar/data/0001773383/000177338321000028/xslF345X03/wf-form4_161550243818601.xml"}, {"form_type": "4", "filings_date": "2021-03-11", "url": "https://www.sec.gov/Archives/edgar/data/0001773383/000177338321000027/xslF345X03/wf-form4_161550235403353.xml"}, {"form_type": "4", "filings_date": "2021-02-22", "url": "https://www.sec.gov/Archives/edgar/data/0001773383/000177338321000023/xslF345X03/wf-form4_161403080487830.xml"}, {"form_type": "4", "filings_date": "2021-02-18", "url": "https://www.sec.gov/Archives/edgar/data/0001773383/000177338321000021/xslF345X03/wf-form4_161368726881150.xml"}, {"form_type": "4", "filings_date": "2021-02-18", "url": "https://www.sec.gov/Archives/edgar/data/0001773383/000177338321000020/xslF345X03/wf-form4_161368560644885.xml"}, {"form_type": "4", "filings_date": "2021-02-18", "url": "https://www.sec.gov/Archives/edgar/data/0001773383/000177338321000019/xslF345X03/wf-form4_161368548074255.xml"}, {"form_type": "4", "filings_date": "2021-02-18", "url": "https://www.sec.gov/Archives/edgar/data/0001773383/000177338321000018/xslF345X03/wf-form4_161368536425305.xml"}, {"form_type": "SC 13G/A", "filings_date": "2021-02-16", "url": "https://www.sec.gov/Archives/edgar/data/0001773383/000119312521044848/d27680dsc13ga.htm"}, {"form_type": "SC 13G", "filings_date": "2021-02-10", "url": "https://www.sec.gov/Archives/edgar/data/0001773383/000110465921017950/tv0734-dynatraceinc.htm"}, {"form_type": "4", "filings_date": "2021-02-09", "url": "https://www.sec.gov/Archives/edgar/data/0001773383/000177338321000013/xslF345X03/wf-form4_161290951577497.xml"}, {"form_type": "10-Q", "filings_date": "2021-02-03", "url": "https://www.sec.gov/Archives/edgar/data/0001773383/000177338321000011/dt-20201231.htm"}, {"form_type": "8-K", "filings_date": "2021-02-03", "url": "https://www.sec.gov/Archives/edgar/data/0001773383/000177338321000008/form8k-fy21q3.htm"}, {"form_type": "4", "filings_date": "2021-01-20", "url": "https://www.sec.gov/Archives/edgar/data/0001773383/000177338321000004/xslF345X03/wf-form4_161117988972532.xml"}, {"form_type": "4", "filings_date": "2021-01-20", "url": "https://www.sec.gov/Archives/edgar/data/0001773383/000177338321000003/xslF345X03/wf-form4_161117983894629.xml"}, {"form_type": "4", "filings_date": "2020-12-22", "url": "https://www.sec.gov/Archives/edgar/data/0001773383/000177338320000141/xslF345X03/wf-form4_160868482712245.xml"}, {"form_type": "4", "filings_date": "2020-12-22", "url": "https://www.sec.gov/Archives/edgar/data/0001773383/000177338320000140/xslF345X03/wf-form4_160868477342820.xml"}, {"form_type": "4", "filings_date": "2020-12-17", "url": "https://www.sec.gov/Archives/edgar/data/0001773383/000177338320000136/xslF345X03/wf-form4_160824945890099.xml"}, {"form_type": "4", "filings_date": "2020-12-11", "url": "https://www.sec.gov/Archives/edgar/data/0001773383/000089924320033585/xslF345X03/doc4.xml"}, {"form_type": "4", "filings_date": "2020-12-07", "url": "https://www.sec.gov/Archives/edgar/data/0001773383/000177338320000134/xslF345X03/wf-form4_160738446638364.xml"}, {"form_type": "4", "filings_date": "2020-11-18", "url": "https://www.sec.gov/Archives/edgar/data/0001773383/000177338320000132/xslF345X03/wf-form4_160574566125095.xml"}, {"form_type": "4", "filings_date": "2020-11-18", "url": "https://www.sec.gov/Archives/edgar/data/0001773383/000177338320000131/xslF345X03/wf-form4_160574564221890.xml"}, {"form_type": "4", "filings_date": "2020-11-18", "url": "https://www.sec.gov/Archives/edgar/data/0001773383/000177338320000130/xslF345X03/wf-form4_160574561455216.xml"}, {"form_type": "4", "filings_date": "2020-11-18", "url": "https://www.sec.gov/Archives/edgar/data/0001773383/000177338320000129/xslF345X03/wf-form4_160574558014907.xml"}, {"form_type": "4", "filings_date": "2020-11-12", "url": "https://www.sec.gov/Archives/edgar/data/0001773383/000177338320000124/xslF345X03/wf-form4_160521750525896.xml"}, {"form_type": "10-Q", "filings_date": "2020-10-28", "url": "https://www.sec.gov/Archives/edgar/data/0001773383/000177338320000122/dt-20200930.htm"}, {"form_type": "8-K", "filings_date": "2020-10-28", "url": "https://www.sec.gov/Archives/edgar/data/0001773383/000177338320000118/form8k-fy21q2.htm"}, {"form_type": "4", "filings_date": "2020-10-16", "url": "https://www.sec.gov/Archives/edgar/data/0001773383/000177338320000114/xslF345X03/wf-form4_160288054561786.xml"}, {"form_type": "4", "filings_date": "2020-10-13", "url": "https://www.sec.gov/Archives/edgar/data/0001773383/000177338320000112/xslF345X03/wf-form4_160262476685179.xml"}, {"form_type": "4", "filings_date": "2020-09-16", "url": "https://www.sec.gov/Archives/edgar/data/0001773383/000177338320000110/xslF345X03/wf-form4_160028941901818.xml"}, {"form_type": "4", "filings_date": "2020-09-11", "url": "https://www.sec.gov/Archives/edgar/data/0001773383/000177338320000108/xslF345X03/wf-form4_159985732939917.xml"}, {"form_type": "4", "filings_date": "2020-09-02", "url": "https://www.sec.gov/Archives/edgar/data/0001773383/000177338320000106/xslF345X03/wf-form4_159908086511006.xml"}, {"form_type": "4", "filings_date": "2020-08-27", "url": "https://www.sec.gov/Archives/edgar/data/0001773383/000172029720000006/xslF345X03/wf-form4_159856157284108.xml"}, {"form_type": "4", "filings_date": "2020-08-27", "url": "https://www.sec.gov/Archives/edgar/data/0001773383/000175751920000009/xslF345X03/wf-form4_159856135640560.xml"}, {"form_type": "8-K", "filings_date": "2020-08-27", "url": "https://www.sec.gov/Archives/edgar/data/0001773383/000177338320000104/form8k-fy20annualmeeting.htm"}, {"form_type": "4", "filings_date": "2020-08-27", "url": "https://www.sec.gov/Archives/edgar/data/0001773383/000177338320000103/xslF345X03/wf-form4_159856108965253.xml"}, {"form_type": "4", "filings_date": "2020-08-27", "url": "https://www.sec.gov/Archives/edgar/data/0001773383/000177338320000101/xslF345X03/wf-form4_159856088485797.xml"}, {"form_type": "4", "filings_date": "2020-08-27", "url": "https://www.sec.gov/Archives/edgar/data/0001773383/000177338320000100/xslF345X03/wf-form4_159856069896963.xml"}, {"form_type": "4", "filings_date": "2020-08-26", "url": "https://www.sec.gov/Archives/edgar/data/0001773383/000089924320023469/xslF345X03/doc4.xml"}, {"form_type": "4", "filings_date": "2020-08-26", "url": "https://www.sec.gov/Archives/edgar/data/0001773383/000089924320023468/xslF345X03/doc4.xml"}, {"form_type": "4", "filings_date": "2020-08-19", "url": "https://www.sec.gov/Archives/edgar/data/0001773383/000177338320000094/xslF345X03/wf-form4_159787201270212.xml"}, {"form_type": "4", "filings_date": "2020-08-19", "url": "https://www.sec.gov/Archives/edgar/data/0001773383/000177338320000092/xslF345X03/wf-form4_159787188655934.xml"}, {"form_type": "4", "filings_date": "2020-08-19", "url": "https://www.sec.gov/Archives/edgar/data/0001773383/000177338320000090/xslF345X03/wf-form4_159787174240020.xml"}, {"form_type": "4", "filings_date": "2020-08-19", "url": "https://www.sec.gov/Archives/edgar/data/0001773383/000175751920000007/xslF345X03/wf-form4_159787162661970.xml"}, {"form_type": "4", "filings_date": "2020-08-19", "url": "https://www.sec.gov/Archives/edgar/data/0001773383/000177338320000088/xslF345X03/wf-form4_159787143737298.xml"}, {"form_type": "4", "filings_date": "2020-08-11", "url": "https://www.sec.gov/Archives/edgar/data/0001773383/000177338320000086/xslF345X03/wf-form4_159718317410164.xml"}, {"form_type": "4", "filings_date": "2020-08-07", "url": "https://www.sec.gov/Archives/edgar/data/0001773383/000177338320000084/xslF345X03/wf-form4_159684662811075.xml"}, {"form_type": "4", "filings_date": "2020-08-07", "url": "https://www.sec.gov/Archives/edgar/data/0001773383/000172029720000004/xslF345X03/wf-form4_159684668113340.xml"}, {"form_type": "4", "filings_date": "2020-08-07", "url": "https://www.sec.gov/Archives/edgar/data/0001773383/000177338320000083/xslF345X03/wf-form4_159684659327872.xml"}, {"form_type": "4", "filings_date": "2020-08-07", "url": "https://www.sec.gov/Archives/edgar/data/0001773383/000177338320000082/xslF345X03/wf-form4_159684655151246.xml"}, {"form_type": "4", "filings_date": "2020-08-07", "url": "https://www.sec.gov/Archives/edgar/data/0001773383/000089924320021787/xslF345X03/doc4.xml"}, {"form_type": "8-K", "filings_date": "2020-08-05", "url": "https://www.sec.gov/Archives/edgar/data/0001773383/000162828020011834/dynatrace8-k832020.htm"}, {"form_type": "424B7", "filings_date": "2020-08-05", "url": "https://www.sec.gov/Archives/edgar/data/0001773383/000162828020011833/dynatrace2020finalprospect.htm"}, {"form_type": "424B7", "filings_date": "2020-08-03", "url": "https://www.sec.gov/Archives/edgar/data/0001773383/000162828020011394/dynatrace2020424b7prospect.htm"}, {"form_type": "S-3ASR", "filings_date": "2020-08-03", "url": "https://www.sec.gov/Archives/edgar/data/0001773383/000162828020011392/dynatraces-3.htm"}, {"form_type": "10-Q", "filings_date": "2020-07-30", "url": "https://www.sec.gov/Archives/edgar/data/0001773383/000177338320000080/quarterlyfsfy21q1.htm"}, {"form_type": "8-K", "filings_date": "2020-07-29", "url": "https://www.sec.gov/Archives/edgar/data/0001773383/000177338320000077/form8k-fy21q1.htm"}, {"form_type": "4", "filings_date": "2020-07-16", "url": "https://www.sec.gov/Archives/edgar/data/0001773383/000177338320000074/xslF345X03/wf-form4_159493359452942.xml"}, {"form_type": "DEFA14A", "filings_date": "2020-07-15", "url": "https://www.sec.gov/Archives/edgar/data/0001773383/000177338320000072/dynatrace-additionaldefini.htm"}, {"form_type": "DEF 14A", "filings_date": "2020-07-15", "url": "https://www.sec.gov/Archives/edgar/data/0001773383/000177338320000071/dynatrace-proxystatement_1.htm"}, {"form_type": "4", "filings_date": "2020-07-13", "url": "https://www.sec.gov/Archives/edgar/data/0001773383/000175751920000005/xslF345X03/wf-form4_159467317926103.xml"}, {"form_type": "4", "filings_date": "2020-07-13", "url": "https://www.sec.gov/Archives/edgar/data/0001773383/000177338320000066/xslF345X03/wf-form4_159467284982868.xml"}, {"form_type": "4", "filings_date": "2020-06-17", "url": "https://www.sec.gov/Archives/edgar/data/0001773383/000177338320000064/xslF345X03/wf-form4_159242724997000.xml"}, {"form_type": "4", "filings_date": "2020-06-11", "url": "https://www.sec.gov/Archives/edgar/data/0001773383/000175751920000003/xslF345X03/wf-form4_159191094618318.xml"}, {"form_type": "4", "filings_date": "2020-06-08", "url": "https://www.sec.gov/Archives/edgar/data/0001773383/000172029720000003/xslF345X03/wf-form4_159165445741723.xml"}, {"form_type": "4", "filings_date": "2020-06-08", "url": "https://www.sec.gov/Archives/edgar/data/0001773383/000177338320000061/xslF345X03/wf-form4_159165085021605.xml"}, {"form_type": "4", "filings_date": "2020-06-08", "url": "https://www.sec.gov/Archives/edgar/data/0001773383/000177338320000059/xslF345X03/wf-form4_159165059808564.xml"}, {"form_type": "4", "filings_date": "2020-06-08", "url": "https://www.sec.gov/Archives/edgar/data/0001773383/000177338320000057/xslF345X03/wf-form4_159165039001932.xml"}, {"form_type": "4", "filings_date": "2020-06-05", "url": "https://www.sec.gov/Archives/edgar/data/0001773383/000089924320015504/xslF345X03/doc4.xml"}, {"form_type": "424B4", "filings_date": "2020-06-03", "url": "https://www.sec.gov/Archives/edgar/data/0001773383/000162828020008905/dynatracejune2020424b4.htm"}, {"form_type": "EFFECT", "filings_date": "2020-06-02", "url": "https://www.sec.gov/Archives/edgar/data/0001773383/999999999520001321/xslEFFECTX01/primary_doc.xml"}, {"form_type": "S-1MEF", "filings_date": "2020-06-02", "url": "https://www.sec.gov/Archives/edgar/data/0001773383/000162828020008863/dynatracesx1mefjune20.htm"}, {"form_type": "CORRESP", "filings_date": "2020-06-01", "url": "https://www.sec.gov/Archives/edgar/data/0001773383/000162828020008714/filename1.htm"}, {"form_type": "CORRESP", "filings_date": "2020-06-01", "url": "https://www.sec.gov/Archives/edgar/data/0001773383/000162828020008713/filename1.htm"}, {"form_type": "S-1", "filings_date": "2020-06-01", "url": "https://www.sec.gov/Archives/edgar/data/0001773383/000162828020008710/dynatracejune2020s-1.htm"}, {"form_type": "UPLOAD", "filings_date": "2020-05-28", "url": "https://www.sec.gov/Archives/edgar/data/0001773383/000000000020004771/filename1.pdf"}, {"form_type": "DRS", "filings_date": "2020-05-28", "url": "https://www.sec.gov/Archives/edgar/data/0001773383/000162827920000100/filename1.htm"}, {"form_type": "S-8", "filings_date": "2020-05-27", "url": "https://www.sec.gov/Archives/edgar/data/0001773383/000177338320000055/dynatrace-formsx8.htm"}, {"form_type": "10-K", "filings_date": "2020-05-27", "url": "https://www.sec.gov/Archives/edgar/data/0001773383/000177338320000053/dynatrace10-kfy20.htm"}, {"form_type": "4", "filings_date": "2020-05-22", "url": "https://www.sec.gov/Archives/edgar/data/0001773383/000177338320000048/xslF345X03/wf-form4_159018691417296.xml"}, {"form_type": "4", "filings_date": "2020-05-19", "url": "https://www.sec.gov/Archives/edgar/data/0001773383/000177338320000046/xslF345X03/wf-form4_158993663946874.xml"}, {"form_type": "4", "filings_date": "2020-05-19", "url": "https://www.sec.gov/Archives/edgar/data/0001773383/000177338320000044/xslF345X03/wf-form4_158993642331374.xml"}, {"form_type": "4", "filings_date": "2020-05-19", "url": "https://www.sec.gov/Archives/edgar/data/0001773383/000177338320000042/xslF345X03/wf-form4_158993617537756.xml"}, {"form_type": "4", "filings_date": "2020-05-19", "url": "https://www.sec.gov/Archives/edgar/data/0001773383/000177338320000040/xslF345X03/wf-form4_158993534186884.xml"}, {"form_type": "4", "filings_date": "2020-05-12", "url": "https://www.sec.gov/Archives/edgar/data/0001773383/000177338320000038/xslF345X03/wf-form4_158932478326948.xml"}, {"form_type": "8-K", "filings_date": "2020-05-12", "url": "https://www.sec.gov/Archives/edgar/data/0001773383/000177338320000036/form8k-fy20q4.htm"}, {"form_type": "4", "filings_date": "2020-04-22", "url": "https://www.sec.gov/Archives/edgar/data/0001773383/000177338320000033/xslF345X03/wf-form4_158760213078252.xml"}, {"form_type": "4", "filings_date": "2020-04-16", "url": "https://www.sec.gov/Archives/edgar/data/0001773383/000177338320000031/xslF345X03/wf-form4_158707129719391.xml"}, {"form_type": "4", "filings_date": "2020-04-15", "url": "https://www.sec.gov/Archives/edgar/data/0001773383/000177338320000029/xslF345X03/wf-form4_158698507571884.xml"}, {"form_type": "4", "filings_date": "2020-04-14", "url": "https://www.sec.gov/Archives/edgar/data/0001773383/000178368820000004/xslF345X03/wf-form4_158690240178818.xml"}, {"form_type": "4", "filings_date": "2020-03-26", "url": "https://www.sec.gov/Archives/edgar/data/0001773383/000177338320000024/xslF345X03/wf-form4_158525549918067.xml"}, {"form_type": "4", "filings_date": "2020-03-20", "url": "https://www.sec.gov/Archives/edgar/data/0001773383/000177338320000022/xslF345X03/wf-form4_158473735943674.xml"}, {"form_type": "4", "filings_date": "2020-03-18", "url": "https://www.sec.gov/Archives/edgar/data/0001773383/000177338320000020/xslF345X03/wf-form4_158456390112181.xml"}, {"form_type": "4", "filings_date": "2020-03-12", "url": "https://www.sec.gov/Archives/edgar/data/0001773383/000177338320000018/xslF345X03/wf-form4_158404443386832.xml"}, {"form_type": "4", "filings_date": "2020-03-12", "url": "https://www.sec.gov/Archives/edgar/data/0001773383/000177338320000016/xslF345X03/wf-form4_158404386789697.xml"}, {"form_type": "4", "filings_date": "2020-02-26", "url": "https://www.sec.gov/Archives/edgar/data/0001773383/000177338320000014/xslF345X03/wf-form4_158275312644474.xml"}, {"form_type": "4", "filings_date": "2020-02-26", "url": "https://www.sec.gov/Archives/edgar/data/0001773383/000177338320000013/xslF345X03/wf-form4_158275310694665.xml"}, {"form_type": "4", "filings_date": "2020-02-26", "url": "https://www.sec.gov/Archives/edgar/data/0001773383/000177338320000012/xslF345X03/wf-form4_158275308767932.xml"}, {"form_type": "4", "filings_date": "2020-02-26", "url": "https://www.sec.gov/Archives/edgar/data/0001773383/000177338320000011/xslF345X03/wf-form4_158275306522793.xml"}, {"form_type": "4", "filings_date": "2020-02-25", "url": "https://www.sec.gov/Archives/edgar/data/0001773383/000089924320005759/xslF345X03/doc4.xml"}, {"form_type": "424B4", "filings_date": "2020-02-21", "url": "https://www.sec.gov/Archives/edgar/data/0001773383/000162828020001954/dynatrace2020424b4prospect.htm"}, {"form_type": "EFFECT", "filings_date": "2020-02-20", "url": "https://www.sec.gov/Archives/edgar/data/0001773383/999999999520000395/xslEFFECTX01/primary_doc.xml"}, {"form_type": "4", "filings_date": "2020-02-18", "url": "https://www.sec.gov/Archives/edgar/data/0001773383/000125877220000002/xslF345X03/wf-form4_158206620906930.xml"}, {"form_type": "4", "filings_date": "2020-02-18", "url": "https://www.sec.gov/Archives/edgar/data/0001773383/000143069220000002/xslF345X03/wf-form4_158206614403423.xml"}, {"form_type": "CORRESP", "filings_date": "2020-02-18", "url": "https://www.sec.gov/Archives/edgar/data/0001773383/000162828020001699/filename1.htm"}, {"form_type": "CORRESP", "filings_date": "2020-02-18", "url": "https://www.sec.gov/Archives/edgar/data/0001773383/000162828020001690/filename1.htm"}, {"form_type": "S-1", "filings_date": "2020-02-18", "url": "https://www.sec.gov/Archives/edgar/data/0001773383/000162828020001676/s-1dynatracefebruary20.htm"}, {"form_type": "4", "filings_date": "2020-02-13", "url": "https://www.sec.gov/Archives/edgar/data/0001773383/000178368820000002/xslF345X03/wf-form4_158162985444077.xml"}, {"form_type": "SC 13G", "filings_date": "2020-02-13", "url": "https://www.sec.gov/Archives/edgar/data/0001773383/000119312520035656/d887321dsc13g.htm"}, {"form_type": "UPLOAD", "filings_date": "2020-02-11", "url": "https://www.sec.gov/Archives/edgar/data/0001773383/000000000020001238/filename1.pdf"}, {"form_type": "DRS", "filings_date": "2020-02-07", "url": "https://www.sec.gov/Archives/edgar/data/0001773383/000162827920000020/filename1.htm"}, {"form_type": "8-K", "filings_date": "2020-02-06", "url": "https://www.sec.gov/Archives/edgar/data/0001773383/000177338320000007/form8-kfiling6feb2020.htm"}, {"form_type": "10-Q", "filings_date": "2020-01-31", "url": "https://www.sec.gov/Archives/edgar/data/0001773383/000177338320000004/quarterlyfsfy20q3.htm"}, {"form_type": "8-K", "filings_date": "2020-01-29", "url": "https://www.sec.gov/Archives/edgar/data/0001773383/000177338320000002/form8k-fy20q3.htm"}, {"form_type": "4", "filings_date": "2019-12-18", "url": "https://www.sec.gov/Archives/edgar/data/0001773383/000089924319029593/xslF345X03/doc4.xml"}, {"form_type": "4", "filings_date": "2019-12-11", "url": "https://www.sec.gov/Archives/edgar/data/0001773383/000177338319000028/xslF345X03/wf-form4_157609935932532.xml"}, {"form_type": "4", "filings_date": "2019-12-11", "url": "https://www.sec.gov/Archives/edgar/data/0001773383/000177338319000027/xslF345X03/wf-form4_157609933683580.xml"}, {"form_type": "4", "filings_date": "2019-12-11", "url": "https://www.sec.gov/Archives/edgar/data/0001773383/000177338319000026/xslF345X03/wf-form4_157609926402190.xml"}, {"form_type": "4", "filings_date": "2019-12-11", "url": "https://www.sec.gov/Archives/edgar/data/0001773383/000177338319000025/xslF345X03/wf-form4_157609920839272.xml"}, {"form_type": "4", "filings_date": "2019-12-11", "url": "https://www.sec.gov/Archives/edgar/data/0001773383/000177338319000024/xslF345X03/wf-form4_157609915057156.xml"}, {"form_type": "4", "filings_date": "2019-12-10", "url": "https://www.sec.gov/Archives/edgar/data/0001773383/000089924319028838/xslF345X03/doc4.xml"}, {"form_type": "424B4", "filings_date": "2019-12-06", "url": "https://www.sec.gov/Archives/edgar/data/0001773383/000162828019014821/dynatrace424b4275mshares.htm"}, {"form_type": "EFFECT", "filings_date": "2019-12-05", "url": "https://www.sec.gov/Archives/edgar/data/0001773383/999999999519002748/xslEFFECTX01/primary_doc.xml"}, {"form_type": "CORRESP", "filings_date": "2019-12-03", "url": "https://www.sec.gov/Archives/edgar/data/0001773383/000162828019014711/filename1.htm"}, {"form_type": "CORRESP", "filings_date": "2019-12-03", "url": "https://www.sec.gov/Archives/edgar/data/0001773383/000162828019014710/filename1.htm"}, {"form_type": "S-1", "filings_date": "2019-12-03", "url": "https://www.sec.gov/Archives/edgar/data/0001773383/000162828019014699/dynatracedecs1.htm"}, {"form_type": "UPLOAD", "filings_date": "2019-11-20", "url": "https://www.sec.gov/Archives/edgar/data/0001773383/000000000019015685/filename1.pdf"}, {"form_type": "DRS", "filings_date": "2019-11-15", "url": "https://www.sec.gov/Archives/edgar/data/0001773383/000162827919000345/filename1.htm"}, {"form_type": "10-Q", "filings_date": "2019-11-04", "url": "https://www.sec.gov/Archives/edgar/data/0001773383/000177338319000018/quarterlyfsfy20q2.htm"}, {"form_type": "8-K", "filings_date": "2019-10-30", "url": "https://www.sec.gov/Archives/edgar/data/0001773383/000177338319000015/form8k-fy20q2.htm"}, {"form_type": "4", "filings_date": "2019-09-27", "url": "https://www.sec.gov/Archives/edgar/data/0001773383/000177338319000012/xslF345X03/wf-form4_156961724086427.xml"}, {"form_type": "3", "filings_date": "2019-09-27", "url": "https://www.sec.gov/Archives/edgar/data/0001773383/000177338319000011/xslF345X02/wf-form3_156961697636005.xml"}, {"form_type": "8-K", "filings_date": "2019-09-27", "url": "https://www.sec.gov/Archives/edgar/data/0001773383/000177338319000010/form8-kelectionofanewdirec.htm"}, {"form_type": "10-Q", "filings_date": "2019-09-05", "url": "https://www.sec.gov/Archives/edgar/data/0001773383/000177338319000006/quarterlyfsfy20q1.htm"}, {"form_type": "8-K", "filings_date": "2019-09-04", "url": "https://www.sec.gov/Archives/edgar/data/0001773383/000177338319000004/form8k-fy20q1.htm"}, {"form_type": "4", "filings_date": "2019-08-07", "url": "https://www.sec.gov/Archives/edgar/data/0001773383/000089924319021262/xslF345X03/doc4.xml"}, {"form_type": "4", "filings_date": "2019-08-07", "url": "https://www.sec.gov/Archives/edgar/data/0001773383/000089924319021261/xslF345X03/doc4.xml"}, {"form_type": "4", "filings_date": "2019-08-07", "url": "https://www.sec.gov/Archives/edgar/data/0001773383/000089924319021259/xslF345X03/doc4.xml"}, {"form_type": "4", "filings_date": "2019-08-07", "url": "https://www.sec.gov/Archives/edgar/data/0001773383/000089924319021257/xslF345X03/doc4.xml"}, {"form_type": "4", "filings_date": "2019-08-07", "url": "https://www.sec.gov/Archives/edgar/data/0001773383/000089924319021253/xslF345X03/doc4.xml"}, {"form_type": "4", "filings_date": "2019-08-02", "url": "https://www.sec.gov/Archives/edgar/data/0001773383/000089924319020936/xslF345X03/doc4.xml"}, {"form_type": "4", "filings_date": "2019-08-02", "url": "https://www.sec.gov/Archives/edgar/data/0001773383/000089924319020935/xslF345X03/doc4.xml"}, {"form_type": "4", "filings_date": "2019-08-02", "url": "https://www.sec.gov/Archives/edgar/data/0001773383/000089924319020934/xslF345X03/doc4.xml"}, {"form_type": "4", "filings_date": "2019-08-02", "url": "https://www.sec.gov/Archives/edgar/data/0001773383/000089924319020932/xslF345X03/doc4.xml"}, {"form_type": "4", "filings_date": "2019-08-02", "url": "https://www.sec.gov/Archives/edgar/data/0001773383/000089924319020929/xslF345X03/doc4.xml"}, {"form_type": "4", "filings_date": "2019-08-02", "url": "https://www.sec.gov/Archives/edgar/data/0001773383/000089924319020928/xslF345X03/doc4.xml"}, {"form_type": "4", "filings_date": "2019-08-02", "url": "https://www.sec.gov/Archives/edgar/data/0001773383/000089924319020908/xslF345X03/doc4.xml"}, {"form_type": "4", "filings_date": "2019-08-02", "url": "https://www.sec.gov/Archives/edgar/data/0001773383/000089924319020907/xslF345X03/doc4.xml"}, {"form_type": "4", "filings_date": "2019-08-02", "url": "https://www.sec.gov/Archives/edgar/data/0001773383/000089924319020906/xslF345X03/doc4.xml"}, {"form_type": "4", "filings_date": "2019-08-02", "url": "https://www.sec.gov/Archives/edgar/data/0001773383/000089924319020905/xslF345X03/doc4.xml"}, {"form_type": "S-8", "filings_date": "2019-08-01", "url": "https://www.sec.gov/Archives/edgar/data/0001773383/000119312519210961/d772510ds8.htm"}, {"form_type": "424B4", "filings_date": "2019-08-01", "url": "https://www.sec.gov/Archives/edgar/data/0001773383/000119312519210943/d668054d424b4.htm"}, {"form_type": "EFFECT", "filings_date": "2019-07-31", "url": "https://www.sec.gov/Archives/edgar/data/0001773383/999999999519001764/xslEFFECTX01/primary_doc.xml"}, {"form_type": "3", "filings_date": "2019-07-31", "url": "https://www.sec.gov/Archives/edgar/data/0001773383/000089924319020770/xslF345X02/doc3.xml"}, {"form_type": "3", "filings_date": "2019-07-31", "url": "https://www.sec.gov/Archives/edgar/data/0001773383/000089924319020769/xslF345X02/doc3.xml"}, {"form_type": "3", "filings_date": "2019-07-31", "url": "https://www.sec.gov/Archives/edgar/data/0001773383/000089924319020767/xslF345X02/doc3.xml"}, {"form_type": "3", "filings_date": "2019-07-31", "url": "https://www.sec.gov/Archives/edgar/data/0001773383/000089924319020764/xslF345X02/doc3.xml"}, {"form_type": "3", "filings_date": "2019-07-31", "url": "https://www.sec.gov/Archives/edgar/data/0001773383/000089924319020763/xslF345X02/doc3.xml"}, {"form_type": "3", "filings_date": "2019-07-31", "url": "https://www.sec.gov/Archives/edgar/data/0001773383/000089924319020753/xslF345X02/doc3.xml"}, {"form_type": "3", "filings_date": "2019-07-31", "url": "https://www.sec.gov/Archives/edgar/data/0001773383/000089924319020752/xslF345X02/doc3.xml"}, {"form_type": "3", "filings_date": "2019-07-31", "url": "https://www.sec.gov/Archives/edgar/data/0001773383/000089924319020749/xslF345X02/doc3.xml"}, {"form_type": "3", "filings_date": "2019-07-31", "url": "https://www.sec.gov/Archives/edgar/data/0001773383/000089924319020748/xslF345X02/doc3.xml"}, {"form_type": "3", "filings_date": "2019-07-31", "url": "https://www.sec.gov/Archives/edgar/data/0001773383/000089924319020746/xslF345X02/doc3.xml"}, {"form_type": "3", "filings_date": "2019-07-31", "url": "https://www.sec.gov/Archives/edgar/data/0001773383/000089924319020744/xslF345X02/doc3.xml"}, {"form_type": "S-1/A", "filings_date": "2019-07-31", "url": "https://www.sec.gov/Archives/edgar/data/0001773383/000119312519208274/d668054ds1a.htm"}, {"form_type": "CERT", "filings_date": "2019-07-30", "url": "https://www.sec.gov/Archives/edgar/data/0001773383/000087666119000788/DT8A073019.pdf"}, {"form_type": "8-A12B", "filings_date": "2019-07-30", "url": "https://www.sec.gov/Archives/edgar/data/0001773383/000119312519206317/d781814d8a12b.htm"}, {"form_type": "S-1/A", "filings_date": "2019-07-30", "url": "https://www.sec.gov/Archives/edgar/data/0001773383/000119312519206313/d668054ds1a.htm"}, {"form_type": "CORRESP", "filings_date": "2019-07-29", "url": "https://www.sec.gov/Archives/edgar/data/0001773383/000119312519205429/filename1.htm"}, {"form_type": "CORRESP", "filings_date": "2019-07-29", "url": "https://www.sec.gov/Archives/edgar/data/0001773383/000119312519205415/filename1.htm"}, {"form_type": "S-1/A", "filings_date": "2019-07-25", "url": "https://www.sec.gov/Archives/edgar/data/0001773383/000119312519201863/d668054ds1a.htm"}, {"form_type": "S-1/A", "filings_date": "2019-07-22", "url": "https://www.sec.gov/Archives/edgar/data/0001773383/000119312519198423/d668054ds1a.htm"}, {"form_type": "S-1", "filings_date": "2019-07-05", "url": "https://www.sec.gov/Archives/edgar/data/0001773383/000119312519189566/d668054ds1.htm"}, {"form_type": "DRS/A", "filings_date": "2019-05-31", "url": "https://www.sec.gov/Archives/edgar/data/0001773383/000095012319005795/filename1.htm"}, {"form_type": "DRSLTR", "filings_date": "2019-05-14", "url": "https://www.sec.gov/Archives/edgar/data/0001773383/000095012319004934/filename1.htm"}, {"form_type": "DRS/A", "filings_date": "2019-05-14", "url": "https://www.sec.gov/Archives/edgar/data/0001773383/000095012319004933/filename1.htm"}, {"form_type": "UPLOAD", "filings_date": "2019-05-10", "url": "https://www.sec.gov/Archives/edgar/data/0001773383/000000000019008329/filename1.pdf"}, {"form_type": "DRS", "filings_date": "2019-04-12", "url": "https://www.sec.gov/Archives/edgar/data/0001773383/000095012319003270/filename1.htm"}]}