{"company": {"cik": "0001707753", "name": "Elastic N.V.", "sic": "Services-Prepackaged Software", "state_incorp": "P7", "ticker": "ESTC", "mailing_addr": "800 WEST EL CAMINO REAL SUITE 350, MOUNTAIN VIEW, CA, 94040", "category": "Large accelerated filer", "fiscal_year_end": "30, April"}, "filings": [{"form_type": "4", "filings_date": "2022-03-15", "url": "https://www.sec.gov/Archives/edgar/data/0001707753/000120919122018916/xslF345X03/doc4.xml"}, {"form_type": "4", "filings_date": "2022-03-15", "url": "https://www.sec.gov/Archives/edgar/data/0001707753/000120919122018908/xslF345X03/doc4.xml"}, {"form_type": "4", "filings_date": "2022-03-10", "url": "https://www.sec.gov/Archives/edgar/data/0001707753/000120919122018041/xslF345X03/doc4.xml"}, {"form_type": "4", "filings_date": "2022-03-10", "url": "https://www.sec.gov/Archives/edgar/data/0001707753/000120919122018035/xslF345X03/doc4.xml"}, {"form_type": "10-Q", "filings_date": "2022-03-10", "url": "https://www.sec.gov/Archives/edgar/data/0001707753/000170775322000016/estc-20220131.htm"}, {"form_type": "8-K", "filings_date": "2022-03-09", "url": "https://www.sec.gov/Archives/edgar/data/0001707753/000170775322000013/estc-20220309.htm"}, {"form_type": "8-K", "filings_date": "2022-03-03", "url": "https://www.sec.gov/Archives/edgar/data/0001707753/000170775322000010/estc-20220303.htm"}, {"form_type": "SC 13G/A", "filings_date": "2022-02-11", "url": "https://www.sec.gov/Archives/edgar/data/0001707753/000119312522037042/d280621dsc13ga.htm"}, {"form_type": "SC 13G/A", "filings_date": "2022-02-11", "url": "https://www.sec.gov/Archives/edgar/data/0001707753/000119312522036989/d280525dsc13ga.htm"}, {"form_type": "DEF 14A", "filings_date": "2022-02-09", "url": "https://www.sec.gov/Archives/edgar/data/0001707753/000170775322000007/estcdef14aproxyegmmarch920.htm"}, {"form_type": "SC 13G/A", "filings_date": "2022-02-09", "url": "https://www.sec.gov/Archives/edgar/data/0001707753/000110465922017035/tv0795-elasticnv.htm"}, {"form_type": "SC 13G/A", "filings_date": "2022-02-09", "url": "https://www.sec.gov/Archives/edgar/data/0001707753/000031506622000867/filing.txt"}, {"form_type": "SC 13G/A", "filings_date": "2022-02-03", "url": "https://www.sec.gov/Archives/edgar/data/0001707753/000083423722006468/nl0013056914_020322.txt"}, {"form_type": "4", "filings_date": "2022-01-27", "url": "https://www.sec.gov/Archives/edgar/data/0001707753/000120919122005231/xslF345X03/doc4.xml"}, {"form_type": "8-K", "filings_date": "2022-01-12", "url": "https://www.sec.gov/Archives/edgar/data/0001707753/000119312522007747/d283435d8k.htm"}, {"form_type": "4", "filings_date": "2021-12-10", "url": "https://www.sec.gov/Archives/edgar/data/0001707753/000120919121069091/xslF345X03/doc4.xml"}, {"form_type": "4", "filings_date": "2021-12-10", "url": "https://www.sec.gov/Archives/edgar/data/0001707753/000120919121069089/xslF345X03/doc4.xml"}, {"form_type": "4", "filings_date": "2021-12-10", "url": "https://www.sec.gov/Archives/edgar/data/0001707753/000120919121069086/xslF345X03/doc4.xml"}, {"form_type": "4", "filings_date": "2021-12-10", "url": "https://www.sec.gov/Archives/edgar/data/0001707753/000120919121069081/xslF345X03/doc4.xml"}, {"form_type": "4", "filings_date": "2021-12-10", "url": "https://www.sec.gov/Archives/edgar/data/0001707753/000120919121069079/xslF345X03/doc4.xml"}, {"form_type": "10-Q", "filings_date": "2021-12-09", "url": "https://www.sec.gov/Archives/edgar/data/0001707753/000170775321000080/estc-20211031.htm"}, {"form_type": "S-8", "filings_date": "2021-12-08", "url": "https://www.sec.gov/Archives/edgar/data/0001707753/000170775321000077/estcs-820210909.htm"}, {"form_type": "4", "filings_date": "2021-12-03", "url": "https://www.sec.gov/Archives/edgar/data/0001707753/000120919121067915/xslF345X03/doc4.xml"}, {"form_type": "8-K", "filings_date": "2021-12-01", "url": "https://www.sec.gov/Archives/edgar/data/0001707753/000170775321000068/estc-20211201.htm"}, {"form_type": "4", "filings_date": "2021-10-29", "url": "https://www.sec.gov/Archives/edgar/data/0001707753/000120919121062143/xslF345X03/doc4.xml"}, {"form_type": "4", "filings_date": "2021-10-25", "url": "https://www.sec.gov/Archives/edgar/data/0001707753/000120919121061555/xslF345X03/doc4.xml"}, {"form_type": "4", "filings_date": "2021-10-20", "url": "https://www.sec.gov/Archives/edgar/data/0001707753/000120919121061173/xslF345X03/doc4.xml"}, {"form_type": "8-K", "filings_date": "2021-10-19", "url": "https://www.sec.gov/Archives/edgar/data/0001707753/000170775321000065/estc-20211018.htm"}, {"form_type": "4", "filings_date": "2021-10-05", "url": "https://www.sec.gov/Archives/edgar/data/0001707753/000120919121059616/xslF345X03/doc4.xml"}, {"form_type": "4", "filings_date": "2021-10-05", "url": "https://www.sec.gov/Archives/edgar/data/0001707753/000120919121059609/xslF345X03/doc4.xml"}, {"form_type": "4", "filings_date": "2021-10-05", "url": "https://www.sec.gov/Archives/edgar/data/0001707753/000120919121059598/xslF345X03/doc4.xml"}, {"form_type": "3", "filings_date": "2021-10-05", "url": "https://www.sec.gov/Archives/edgar/data/0001707753/000120919121059588/xslF345X02/doc3.xml"}, {"form_type": "4", "filings_date": "2021-10-05", "url": "https://www.sec.gov/Archives/edgar/data/0001707753/000120919121059563/xslF345X03/doc4.xml"}, {"form_type": "4", "filings_date": "2021-10-05", "url": "https://www.sec.gov/Archives/edgar/data/0001707753/000120919121059555/xslF345X03/doc4.xml"}, {"form_type": "8-K", "filings_date": "2021-10-01", "url": "https://www.sec.gov/Archives/edgar/data/0001707753/000170775321000060/estc-20211001.htm"}, {"form_type": "4", "filings_date": "2021-09-29", "url": "https://www.sec.gov/Archives/edgar/data/0001707753/000120919121058134/xslF345X03/doc4.xml"}, {"form_type": "4", "filings_date": "2021-09-23", "url": "https://www.sec.gov/Archives/edgar/data/0001707753/000120919121057412/xslF345X03/doc4.xml"}, {"form_type": "4", "filings_date": "2021-09-10", "url": "https://www.sec.gov/Archives/edgar/data/0001707753/000120919121055561/xslF345X03/doc4.xml"}, {"form_type": "4", "filings_date": "2021-09-09", "url": "https://www.sec.gov/Archives/edgar/data/0001707753/000120919121055349/xslF345X03/doc4.xml"}, {"form_type": "4", "filings_date": "2021-09-07", "url": "https://www.sec.gov/Archives/edgar/data/0001707753/000120919121055037/xslF345X03/doc4.xml"}, {"form_type": "10-Q", "filings_date": "2021-09-01", "url": "https://www.sec.gov/Archives/edgar/data/0001707753/000170775321000052/estc-20210731.htm"}, {"form_type": "DEFA14A", "filings_date": "2021-08-30", "url": "https://www.sec.gov/Archives/edgar/data/0001707753/000170775321000049/estc_2021830xdefa14axformx.htm"}, {"form_type": "8-K", "filings_date": "2021-08-30", "url": "https://www.sec.gov/Archives/edgar/data/0001707753/000170775321000048/estc-20210830.htm"}, {"form_type": "DEF 14A", "filings_date": "2021-08-30", "url": "https://www.sec.gov/Archives/edgar/data/0001707753/000170775321000047/estcdef14aproxyfy2021.htm"}, {"form_type": "8-K", "filings_date": "2021-08-25", "url": "https://www.sec.gov/Archives/edgar/data/0001707753/000170775321000035/estc-20210825.htm"}, {"form_type": "PRE 14A", "filings_date": "2021-08-17", "url": "https://www.sec.gov/Archives/edgar/data/0001707753/000170775321000031/estcpre14aproxyfy2021.htm"}, {"form_type": "4", "filings_date": "2021-07-27", "url": "https://www.sec.gov/Archives/edgar/data/0001707753/000120919121048323/xslF345X03/doc4.xml"}, {"form_type": "8-K", "filings_date": "2021-07-06", "url": "https://www.sec.gov/Archives/edgar/data/0001707753/000119312521208712/d183823d8k.htm"}, {"form_type": "8-K", "filings_date": "2021-07-02", "url": "https://www.sec.gov/Archives/edgar/data/0001707753/000119312521207584/d162050d8k.htm"}, {"form_type": "4", "filings_date": "2021-07-01", "url": "https://www.sec.gov/Archives/edgar/data/0001707753/000120919121044537/xslF345X03/doc4.xml"}, {"form_type": "S-8", "filings_date": "2021-06-25", "url": "https://www.sec.gov/Archives/edgar/data/0001707753/000170775321000028/estcs-820210625.htm"}, {"form_type": "10-K", "filings_date": "2021-06-25", "url": "https://www.sec.gov/Archives/edgar/data/0001707753/000170775321000026/estc-20210430.htm"}, {"form_type": "4", "filings_date": "2021-06-10", "url": "https://www.sec.gov/Archives/edgar/data/0001707753/000120919121039661/xslF345X03/doc4.xml"}, {"form_type": "4", "filings_date": "2021-06-10", "url": "https://www.sec.gov/Archives/edgar/data/0001707753/000120919121039657/xslF345X03/doc4.xml"}, {"form_type": "4", "filings_date": "2021-06-10", "url": "https://www.sec.gov/Archives/edgar/data/0001707753/000120919121039630/xslF345X03/doc4.xml"}, {"form_type": "8-K", "filings_date": "2021-06-02", "url": "https://www.sec.gov/Archives/edgar/data/0001707753/000170775321000018/estc-20210602.htm"}, {"form_type": "4", "filings_date": "2021-05-04", "url": "https://www.sec.gov/Archives/edgar/data/0001707753/000120919121030113/xslF345X03/doc4.xml"}, {"form_type": "4", "filings_date": "2021-04-27", "url": "https://www.sec.gov/Archives/edgar/data/0001707753/000120919121028685/xslF345X03/doc4.xml"}, {"form_type": "4", "filings_date": "2021-04-05", "url": "https://www.sec.gov/Archives/edgar/data/0001707753/000120919121025377/xslF345X03/doc4.xml"}, {"form_type": "4", "filings_date": "2021-04-01", "url": "https://www.sec.gov/Archives/edgar/data/0001707753/000120919121024213/xslF345X03/doc4.xml"}, {"form_type": "4", "filings_date": "2021-03-10", "url": "https://www.sec.gov/Archives/edgar/data/0001707753/000120919121019553/xslF345X03/doc4.xml"}, {"form_type": "4", "filings_date": "2021-03-04", "url": "https://www.sec.gov/Archives/edgar/data/0001707753/000120919121017980/xslF345X03/doc4.xml"}, {"form_type": "10-Q", "filings_date": "2021-03-03", "url": "https://www.sec.gov/Archives/edgar/data/0001707753/000170775321000012/estc-20210131.htm"}, {"form_type": "4", "filings_date": "2021-03-02", "url": "https://www.sec.gov/Archives/edgar/data/0001707753/000120919121016591/xslF345X03/doc4.xml"}, {"form_type": "8-K", "filings_date": "2021-02-24", "url": "https://www.sec.gov/Archives/edgar/data/0001707753/000170775321000008/estc-20210224.htm"}, {"form_type": "SC 13G/A", "filings_date": "2021-02-12", "url": "https://www.sec.gov/Archives/edgar/data/0001707753/000119312521038832/d108359dsc13ga.htm"}, {"form_type": "4", "filings_date": "2021-02-11", "url": "https://www.sec.gov/Archives/edgar/data/0001707753/000120919121009773/xslF345X03/doc4.xml"}, {"form_type": "SC 13G/A", "filings_date": "2021-02-11", "url": "https://www.sec.gov/Archives/edgar/data/0001707753/000119312521038402/d108334dsc13ga.htm"}, {"form_type": "SC 13G", "filings_date": "2021-02-10", "url": "https://www.sec.gov/Archives/edgar/data/0001707753/000110465921017973/tv0757-elasticnv.htm"}, {"form_type": "SC 13G/A", "filings_date": "2021-02-08", "url": "https://www.sec.gov/Archives/edgar/data/0001707753/000031506621000987/filing.txt"}, {"form_type": "SC 13G/A", "filings_date": "2021-02-08", "url": "https://www.sec.gov/Archives/edgar/data/0001707753/000031898921000045/filing.txt"}, {"form_type": "SC 13G/A", "filings_date": "2021-02-04", "url": "https://www.sec.gov/Archives/edgar/data/0001707753/000108514621000466/estcusa1_20221.htm"}, {"form_type": "4", "filings_date": "2021-02-02", "url": "https://www.sec.gov/Archives/edgar/data/0001707753/000120919121006940/xslF345X03/doc4.xml"}, {"form_type": "SC 13G", "filings_date": "2021-02-02", "url": "https://www.sec.gov/Archives/edgar/data/0001707753/000083423721007015/nl0013056914_020221.txt"}, {"form_type": "4", "filings_date": "2021-01-27", "url": "https://www.sec.gov/Archives/edgar/data/0001707753/000120919121005754/xslF345X03/doc4.xml"}, {"form_type": "8-K", "filings_date": "2021-01-14", "url": "https://www.sec.gov/Archives/edgar/data/0001707753/000170775321000004/estc-20210114.htm"}, {"form_type": "3", "filings_date": "2021-01-08", "url": "https://www.sec.gov/Archives/edgar/data/0001707753/000120919121002821/xslF345X02/doc3.xml"}, {"form_type": "4", "filings_date": "2021-01-05", "url": "https://www.sec.gov/Archives/edgar/data/0001707753/000120919121001551/xslF345X03/doc4.xml"}, {"form_type": "4", "filings_date": "2020-12-29", "url": "https://www.sec.gov/Archives/edgar/data/0001707753/000089924320035439/xslF345X03/doc4.xml"}, {"form_type": "4", "filings_date": "2020-12-18", "url": "https://www.sec.gov/Archives/edgar/data/0001707753/000120919120064529/xslF345X03/doc4.xml"}, {"form_type": "3", "filings_date": "2020-12-18", "url": "https://www.sec.gov/Archives/edgar/data/0001707753/000120919120064521/xslF345X02/doc3.xml"}, {"form_type": "4", "filings_date": "2020-12-15", "url": "https://www.sec.gov/Archives/edgar/data/0001707753/000120919120063659/xslF345X03/doc4.xml"}, {"form_type": "4", "filings_date": "2020-12-11", "url": "https://www.sec.gov/Archives/edgar/data/0001707753/000089924320033607/xslF345X03/doc4.xml"}, {"form_type": "4", "filings_date": "2020-12-10", "url": "https://www.sec.gov/Archives/edgar/data/0001707753/000120919120062812/xslF345X03/doc4.xml"}, {"form_type": "4", "filings_date": "2020-12-10", "url": "https://www.sec.gov/Archives/edgar/data/0001707753/000120919120062811/xslF345X03/doc4.xml"}, {"form_type": "4", "filings_date": "2020-12-10", "url": "https://www.sec.gov/Archives/edgar/data/0001707753/000120919120062810/xslF345X03/doc4.xml"}, {"form_type": "8-K", "filings_date": "2020-12-08", "url": "https://www.sec.gov/Archives/edgar/data/0001707753/000170775320000034/estc-20201202.htm"}, {"form_type": "10-Q", "filings_date": "2020-12-07", "url": "https://www.sec.gov/Archives/edgar/data/0001707753/000170775320000032/estc-20201031.htm"}, {"form_type": "4", "filings_date": "2020-12-04", "url": "https://www.sec.gov/Archives/edgar/data/0001707753/000120919120061859/xslF345X03/doc4.xml"}, {"form_type": "4", "filings_date": "2020-12-03", "url": "https://www.sec.gov/Archives/edgar/data/0001707753/000120919120061638/xslF345X03/doc4.xml"}, {"form_type": "8-K", "filings_date": "2020-12-02", "url": "https://www.sec.gov/Archives/edgar/data/0001707753/000170775320000028/estc-20201202.htm"}, {"form_type": "4", "filings_date": "2020-12-01", "url": "https://www.sec.gov/Archives/edgar/data/0001707753/000120919120060905/xslF345X03/doc4.xml"}, {"form_type": "4", "filings_date": "2020-11-24", "url": "https://www.sec.gov/Archives/edgar/data/0001707753/000120919120060327/xslF345X03/doc4.xml"}, {"form_type": "4/A", "filings_date": "2020-11-16", "url": "https://www.sec.gov/Archives/edgar/data/0001707753/000120919120058566/xslF345X03/doc4a.xml"}, {"form_type": "SC 13G/A", "filings_date": "2020-11-10", "url": "https://www.sec.gov/Archives/edgar/data/0001707753/000031506620001901/filing.txt"}, {"form_type": "4", "filings_date": "2020-11-03", "url": "https://www.sec.gov/Archives/edgar/data/0001707753/000120919120056698/xslF345X03/doc4.xml"}, {"form_type": "4", "filings_date": "2020-10-28", "url": "https://www.sec.gov/Archives/edgar/data/0001707753/000120919120056125/xslF345X03/doc4.xml"}, {"form_type": "8-K", "filings_date": "2020-10-26", "url": "https://www.sec.gov/Archives/edgar/data/0001707753/000170775320000021/estc-20201021.htm"}, {"form_type": "4", "filings_date": "2020-10-22", "url": "https://www.sec.gov/Archives/edgar/data/0001707753/000120919120055615/xslF345X03/doc4.xml"}, {"form_type": "4", "filings_date": "2020-10-22", "url": "https://www.sec.gov/Archives/edgar/data/0001707753/000120919120055612/xslF345X03/doc4.xml"}, {"form_type": "4", "filings_date": "2020-10-22", "url": "https://www.sec.gov/Archives/edgar/data/0001707753/000120919120055610/xslF345X03/doc4.xml"}, {"form_type": "4", "filings_date": "2020-10-22", "url": "https://www.sec.gov/Archives/edgar/data/0001707753/000120919120055608/xslF345X03/doc4.xml"}, {"form_type": "4", "filings_date": "2020-10-22", "url": "https://www.sec.gov/Archives/edgar/data/0001707753/000120919120055606/xslF345X03/doc4.xml"}, {"form_type": "4", "filings_date": "2020-10-02", "url": "https://www.sec.gov/Archives/edgar/data/0001707753/000120919120053386/xslF345X03/doc4.xml"}, {"form_type": "4", "filings_date": "2020-10-01", "url": "https://www.sec.gov/Archives/edgar/data/0001707753/000120919120052749/xslF345X03/doc4.xml"}, {"form_type": "4", "filings_date": "2020-09-29", "url": "https://www.sec.gov/Archives/edgar/data/0001707753/000120919120052410/xslF345X03/doc4.xml"}, {"form_type": "4", "filings_date": "2020-09-24", "url": "https://www.sec.gov/Archives/edgar/data/0001707753/000120919120051986/xslF345X03/doc4.xml"}, {"form_type": "4", "filings_date": "2020-09-24", "url": "https://www.sec.gov/Archives/edgar/data/0001707753/000120919120051983/xslF345X03/doc4.xml"}, {"form_type": "4", "filings_date": "2020-09-15", "url": "https://www.sec.gov/Archives/edgar/data/0001707753/000120919120050457/xslF345X03/doc4.xml"}, {"form_type": "4", "filings_date": "2020-09-09", "url": "https://www.sec.gov/Archives/edgar/data/0001707753/000120919120049901/xslF345X03/doc4.xml"}, {"form_type": "4", "filings_date": "2020-09-03", "url": "https://www.sec.gov/Archives/edgar/data/0001707753/000120919120049509/xslF345X03/doc4.xml"}, {"form_type": "3", "filings_date": "2020-09-03", "url": "https://www.sec.gov/Archives/edgar/data/0001707753/000120919120049416/xslF345X02/doc3.xml"}, {"form_type": "10-Q", "filings_date": "2020-09-03", "url": "https://www.sec.gov/Archives/edgar/data/0001707753/000170775320000018/estc-20200731.htm"}, {"form_type": "DEFA14A", "filings_date": "2020-09-03", "url": "https://www.sec.gov/Archives/edgar/data/0001707753/000114036120019715/estcdefa14a-20200903.htm"}, {"form_type": "8-K", "filings_date": "2020-09-03", "url": "https://www.sec.gov/Archives/edgar/data/0001707753/000114036120019714/estc8k-20200903.htm"}, {"form_type": "DEF 14A", "filings_date": "2020-08-27", "url": "https://www.sec.gov/Archives/edgar/data/0001707753/000170775320000013/estcdef14aproxyfy2020.htm"}, {"form_type": "8-K", "filings_date": "2020-08-26", "url": "https://www.sec.gov/Archives/edgar/data/0001707753/000170775320000011/estc-20200826.htm"}, {"form_type": "8-K", "filings_date": "2020-08-26", "url": "https://www.sec.gov/Archives/edgar/data/0001707753/000170775320000009/estc-20200826.htm"}, {"form_type": "4", "filings_date": "2020-08-14", "url": "https://www.sec.gov/Archives/edgar/data/0001707753/000120919120046841/xslF345X03/doc4.xml"}, {"form_type": "PRE 14A", "filings_date": "2020-08-14", "url": "https://www.sec.gov/Archives/edgar/data/0001707753/000170775320000004/estcpre14aproxyfy2020.htm"}, {"form_type": "4", "filings_date": "2020-08-11", "url": "https://www.sec.gov/Archives/edgar/data/0001707753/000120919120046257/xslF345X03/doc4.xml"}, {"form_type": "4", "filings_date": "2020-08-06", "url": "https://www.sec.gov/Archives/edgar/data/0001707753/000120919120045578/xslF345X03/doc4.xml"}, {"form_type": "4", "filings_date": "2020-07-29", "url": "https://www.sec.gov/Archives/edgar/data/0001707753/000120919120043975/xslF345X03/doc4.xml"}, {"form_type": "4", "filings_date": "2020-07-14", "url": "https://www.sec.gov/Archives/edgar/data/0001707753/000120919120042389/xslF345X03/doc4.xml"}, {"form_type": "4", "filings_date": "2020-06-30", "url": "https://www.sec.gov/Archives/edgar/data/0001707753/000120919120039550/xslF345X03/doc4.xml"}, {"form_type": "4", "filings_date": "2020-06-26", "url": "https://www.sec.gov/Archives/edgar/data/0001707753/000120919120039177/xslF345X03/doc4.xml"}, {"form_type": "S-8", "filings_date": "2020-06-26", "url": "https://www.sec.gov/Archives/edgar/data/0001707753/000162828020009986/estc_s-8x20200626.htm"}, {"form_type": "10-K", "filings_date": "2020-06-26", "url": "https://www.sec.gov/Archives/edgar/data/0001707753/000162828020009982/estc-20200430.htm"}, {"form_type": "4", "filings_date": "2020-06-24", "url": "https://www.sec.gov/Archives/edgar/data/0001707753/000120919120038793/xslF345X03/doc4.xml"}, {"form_type": "4", "filings_date": "2020-06-18", "url": "https://www.sec.gov/Archives/edgar/data/0001707753/000120919120037728/xslF345X03/doc4.xml"}, {"form_type": "4", "filings_date": "2020-06-16", "url": "https://www.sec.gov/Archives/edgar/data/0001707753/000120919120037165/xslF345X03/doc4.xml"}, {"form_type": "4", "filings_date": "2020-06-11", "url": "https://www.sec.gov/Archives/edgar/data/0001707753/000120919120035941/xslF345X03/doc4.xml"}, {"form_type": "4", "filings_date": "2020-06-11", "url": "https://www.sec.gov/Archives/edgar/data/0001707753/000120919120035922/xslF345X03/doc4.xml"}, {"form_type": "4", "filings_date": "2020-06-04", "url": "https://www.sec.gov/Archives/edgar/data/0001707753/000120919120034592/xslF345X03/doc4.xml"}, {"form_type": "5", "filings_date": "2020-06-04", "url": "https://www.sec.gov/Archives/edgar/data/0001707753/000120919120034457/xslF345X03/doc5.xml"}, {"form_type": "4", "filings_date": "2020-06-03", "url": "https://www.sec.gov/Archives/edgar/data/0001707753/000120919120034184/xslF345X03/doc4.xml"}, {"form_type": "8-K", "filings_date": "2020-06-03", "url": "https://www.sec.gov/Archives/edgar/data/0001707753/000156459020028226/estc-8k_20200603.htm"}, {"form_type": "4", "filings_date": "2020-05-12", "url": "https://www.sec.gov/Archives/edgar/data/0001707753/000120919120028622/xslF345X03/doc4.xml"}, {"form_type": "4", "filings_date": "2020-05-08", "url": "https://www.sec.gov/Archives/edgar/data/0001707753/000120919120028095/xslF345X03/doc4.xml"}, {"form_type": "4", "filings_date": "2020-05-05", "url": "https://www.sec.gov/Archives/edgar/data/0001707753/000120919120027332/xslF345X03/doc4.xml"}, {"form_type": "4", "filings_date": "2020-04-29", "url": "https://www.sec.gov/Archives/edgar/data/0001707753/000120919120026219/xslF345X03/doc4.xml"}, {"form_type": "4", "filings_date": "2020-04-14", "url": "https://www.sec.gov/Archives/edgar/data/0001707753/000120919120024397/xslF345X03/doc4.xml"}, {"form_type": "UPLOAD", "filings_date": "2020-04-08", "url": "https://www.sec.gov/Archives/edgar/data/0001707753/000000000020003023/filename1.pdf"}, {"form_type": "4", "filings_date": "2020-04-03", "url": "https://www.sec.gov/Archives/edgar/data/0001707753/000120919120023117/xslF345X03/doc4.xml"}, {"form_type": "4", "filings_date": "2020-03-11", "url": "https://www.sec.gov/Archives/edgar/data/0001707753/000120919120018237/xslF345X03/doc4.xml"}, {"form_type": "10-Q", "filings_date": "2020-03-09", "url": "https://www.sec.gov/Archives/edgar/data/0001707753/000156459020009213/estc-10q_20200131.htm"}, {"form_type": "4", "filings_date": "2020-03-03", "url": "https://www.sec.gov/Archives/edgar/data/0001707753/000120919120015663/xslF345X03/doc4.xml"}, {"form_type": "8-K", "filings_date": "2020-02-26", "url": "https://www.sec.gov/Archives/edgar/data/0001707753/000119312520050087/d896681d8k.htm"}, {"form_type": "8-K", "filings_date": "2020-02-26", "url": "https://www.sec.gov/Archives/edgar/data/0001707753/000156459020006784/estc-8k_20200226.htm"}, {"form_type": "SC 13G/A", "filings_date": "2020-02-14", "url": "https://www.sec.gov/Archives/edgar/data/0001707753/000114036120003370/sc13ga.htm"}, {"form_type": "SC 13G/A", "filings_date": "2020-02-14", "url": "https://www.sec.gov/Archives/edgar/data/0001707753/000114036120003364/formsc13ga.htm"}, {"form_type": "SC 13G/A", "filings_date": "2020-02-13", "url": "https://www.sec.gov/Archives/edgar/data/0001707753/000107261320000089/elastic-sch13g_18375.htm"}, {"form_type": "SC 13G/A", "filings_date": "2020-02-12", "url": "https://www.sec.gov/Archives/edgar/data/0001707753/000110465920019205/tm207589d6_sc13ga.htm"}, {"form_type": "SC 13G/A", "filings_date": "2020-02-12", "url": "https://www.sec.gov/Archives/edgar/data/0001707753/000110465920016898/a20-7030_2sc13ga.htm"}, {"form_type": "SC 13G/A", "filings_date": "2020-02-11", "url": "https://www.sec.gov/Archives/edgar/data/0001707753/000119312520031275/d648165dsc13ga.htm"}, {"form_type": "SC 13G", "filings_date": "2020-02-07", "url": "https://www.sec.gov/Archives/edgar/data/0001707753/000031506620000914/filing.txt"}, {"form_type": "SC 13G", "filings_date": "2020-02-07", "url": "https://www.sec.gov/Archives/edgar/data/0001707753/000031898920000030/filing.txt"}, {"form_type": "SC 13G/A", "filings_date": "2020-02-06", "url": "https://www.sec.gov/Archives/edgar/data/0001707753/000119312520026501/d860629dsc13ga.htm"}, {"form_type": "4", "filings_date": "2020-02-05", "url": "https://www.sec.gov/Archives/edgar/data/0001707753/000120919120007030/xslF345X03/doc4.xml"}, {"form_type": "4", "filings_date": "2020-02-04", "url": "https://www.sec.gov/Archives/edgar/data/0001707753/000120919120006738/xslF345X03/doc4.xml"}, {"form_type": "4", "filings_date": "2020-02-04", "url": "https://www.sec.gov/Archives/edgar/data/0001707753/000120919120006694/xslF345X03/doc4.xml"}, {"form_type": "4", "filings_date": "2020-01-28", "url": "https://www.sec.gov/Archives/edgar/data/0001707753/000120919120005156/xslF345X03/doc4.xml"}, {"form_type": "SC 13G", "filings_date": "2020-01-22", "url": "https://www.sec.gov/Archives/edgar/data/0001707753/000108514620000244/estcus_11720.htm"}, {"form_type": "4", "filings_date": "2020-01-15", "url": "https://www.sec.gov/Archives/edgar/data/0001707753/000089924320001229/xslF345X03/doc4.xml"}, {"form_type": "4", "filings_date": "2020-01-13", "url": "https://www.sec.gov/Archives/edgar/data/0001707753/000120919120003259/xslF345X03/doc4.xml"}, {"form_type": "3", "filings_date": "2020-01-13", "url": "https://www.sec.gov/Archives/edgar/data/0001707753/000120919120003258/xslF345X02/doc3.xml"}, {"form_type": "8-K", "filings_date": "2020-01-10", "url": "https://www.sec.gov/Archives/edgar/data/0001707753/000114036120000638/form8k.htm"}, {"form_type": "4", "filings_date": "2020-01-09", "url": "https://www.sec.gov/Archives/edgar/data/0001707753/000120919120002810/xslF345X03/doc4.xml"}, {"form_type": "4", "filings_date": "2020-01-09", "url": "https://www.sec.gov/Archives/edgar/data/0001707753/000120919120002709/xslF345X03/doc4.xml"}, {"form_type": "4", "filings_date": "2020-01-07", "url": "https://www.sec.gov/Archives/edgar/data/0001707753/000120919120002254/xslF345X03/doc4.xml"}, {"form_type": "4", "filings_date": "2020-01-03", "url": "https://www.sec.gov/Archives/edgar/data/0001707753/000120919120001452/xslF345X03/doc4.xml"}, {"form_type": "4", "filings_date": "2020-01-03", "url": "https://www.sec.gov/Archives/edgar/data/0001707753/000120919120001447/xslF345X03/doc4.xml"}, {"form_type": "4", "filings_date": "2019-12-23", "url": "https://www.sec.gov/Archives/edgar/data/0001707753/000120919119061809/xslF345X03/doc4.xml"}, {"form_type": "4", "filings_date": "2019-12-16", "url": "https://www.sec.gov/Archives/edgar/data/0001707753/000089924319029258/xslF345X03/doc4.xml"}, {"form_type": "4/A", "filings_date": "2019-12-16", "url": "https://www.sec.gov/Archives/edgar/data/0001707753/000089924319029252/xslF345X03/doc4a.xml"}, {"form_type": "DEF 14A", "filings_date": "2019-12-13", "url": "https://www.sec.gov/Archives/edgar/data/0001707753/000114036119022536/nc10006755x1_def14a.htm"}, {"form_type": "8-K/A", "filings_date": "2019-12-13", "url": "https://www.sec.gov/Archives/edgar/data/0001707753/000119312519313043/d837079d8ka.htm"}, {"form_type": "4", "filings_date": "2019-12-11", "url": "https://www.sec.gov/Archives/edgar/data/0001707753/000089924319028927/xslF345X03/doc4.xml"}, {"form_type": "10-Q", "filings_date": "2019-12-09", "url": "https://www.sec.gov/Archives/edgar/data/0001707753/000156459019045551/estc-10q_20191031.htm"}, {"form_type": "4", "filings_date": "2019-12-05", "url": "https://www.sec.gov/Archives/edgar/data/0001707753/000120919119059348/xslF345X03/doc4.xml"}, {"form_type": "8-K", "filings_date": "2019-12-04", "url": "https://www.sec.gov/Archives/edgar/data/0001707753/000156459019045240/estc-8k_20191204.htm"}, {"form_type": "4", "filings_date": "2019-12-03", "url": "https://www.sec.gov/Archives/edgar/data/0001707753/000120919119058866/xslF345X03/doc4.xml"}, {"form_type": "4", "filings_date": "2019-12-03", "url": "https://www.sec.gov/Archives/edgar/data/0001707753/000120919119058861/xslF345X03/doc4.xml"}, {"form_type": "4", "filings_date": "2019-11-25", "url": "https://www.sec.gov/Archives/edgar/data/0001707753/000120919119057983/xslF345X03/doc4.xml"}, {"form_type": "8-K", "filings_date": "2019-11-12", "url": "https://www.sec.gov/Archives/edgar/data/0001707753/000114036119020349/nc10006006x1_8k.htm"}, {"form_type": "DEFA14A", "filings_date": "2019-11-12", "url": "https://www.sec.gov/Archives/edgar/data/0001707753/000114036119020350/nc10006006x1_8k.htm"}, {"form_type": "4", "filings_date": "2019-11-05", "url": "https://www.sec.gov/Archives/edgar/data/0001707753/000120919119055376/xslF345X03/doc4.xml"}, {"form_type": "4", "filings_date": "2019-11-05", "url": "https://www.sec.gov/Archives/edgar/data/0001707753/000120919119055374/xslF345X03/doc4.xml"}, {"form_type": "4", "filings_date": "2019-11-04", "url": "https://www.sec.gov/Archives/edgar/data/0001707753/000120919119055032/xslF345X03/doc4.xml"}, {"form_type": "4", "filings_date": "2019-10-30", "url": "https://www.sec.gov/Archives/edgar/data/0001707753/000120919119054551/xslF345X03/doc4.xml"}, {"form_type": "4", "filings_date": "2019-10-30", "url": "https://www.sec.gov/Archives/edgar/data/0001707753/000120919119054545/xslF345X03/doc4.xml"}, {"form_type": "8-K", "filings_date": "2019-10-29", "url": "https://www.sec.gov/Archives/edgar/data/0001707753/000119312519277694/d810952d8k.htm"}, {"form_type": "4", "filings_date": "2019-10-22", "url": "https://www.sec.gov/Archives/edgar/data/0001707753/000120919119053769/xslF345X03/doc4.xml"}, {"form_type": "S-8", "filings_date": "2019-10-10", "url": "https://www.sec.gov/Archives/edgar/data/0001707753/000119312519265849/d801498ds8.htm"}, {"form_type": "4", "filings_date": "2019-10-08", "url": "https://www.sec.gov/Archives/edgar/data/0001707753/000120919119052787/xslF345X03/doc4.xml"}, {"form_type": "8-K", "filings_date": "2019-10-08", "url": "https://www.sec.gov/Archives/edgar/data/0001707753/000119312519264538/d802043d8k.htm"}, {"form_type": "4", "filings_date": "2019-10-03", "url": "https://www.sec.gov/Archives/edgar/data/0001707753/000120919119052475/xslF345X03/doc4.xml"}, {"form_type": "4", "filings_date": "2019-10-03", "url": "https://www.sec.gov/Archives/edgar/data/0001707753/000120919119052472/xslF345X03/doc4.xml"}, {"form_type": "4", "filings_date": "2019-09-30", "url": "https://www.sec.gov/Archives/edgar/data/0001707753/000089924319024408/xslF345X03/doc4.xml"}, {"form_type": "4", "filings_date": "2019-09-23", "url": "https://www.sec.gov/Archives/edgar/data/0001707753/000120919119050477/xslF345X03/doc4.xml"}, {"form_type": "4", "filings_date": "2019-09-20", "url": "https://www.sec.gov/Archives/edgar/data/0001707753/000120919119050319/xslF345X03/doc4.xml"}, {"form_type": "4", "filings_date": "2019-09-16", "url": "https://www.sec.gov/Archives/edgar/data/0001707753/000089924319023702/xslF345X03/doc4.xml"}, {"form_type": "4", "filings_date": "2019-09-12", "url": "https://www.sec.gov/Archives/edgar/data/0001707753/000120919119049372/xslF345X03/doc4.xml"}, {"form_type": "4", "filings_date": "2019-09-12", "url": "https://www.sec.gov/Archives/edgar/data/0001707753/000089924319023458/xslF345X03/doc4.xml"}, {"form_type": "10-Q", "filings_date": "2019-09-10", "url": "https://www.sec.gov/Archives/edgar/data/0001707753/000156459019034461/estc-10q_20190731.htm"}, {"form_type": "4", "filings_date": "2019-09-06", "url": "https://www.sec.gov/Archives/edgar/data/0001707753/000089924319022984/xslF345X03/doc4.xml"}, {"form_type": "4", "filings_date": "2019-09-05", "url": "https://www.sec.gov/Archives/edgar/data/0001707753/000120919119048504/xslF345X03/doc4.xml"}, {"form_type": "425", "filings_date": "2019-09-05", "url": "https://www.sec.gov/Archives/edgar/data/0001707753/000119312519238801/d785800d425.htm"}, {"form_type": "4", "filings_date": "2019-09-04", "url": "https://www.sec.gov/Archives/edgar/data/0001707753/000120919119048343/xslF345X03/doc4.xml"}, {"form_type": "4", "filings_date": "2019-09-04", "url": "https://www.sec.gov/Archives/edgar/data/0001707753/000120919119048341/xslF345X03/doc4.xml"}, {"form_type": "424B3", "filings_date": "2019-09-04", "url": "https://www.sec.gov/Archives/edgar/data/0001707753/000119312519237699/d509645d424b3.htm"}, {"form_type": "EFFECT", "filings_date": "2019-09-03", "url": "https://www.sec.gov/Archives/edgar/data/0001707753/999999999519002008/xslEFFECTX01/primary_doc.xml"}, {"form_type": "CORRESP", "filings_date": "2019-08-29", "url": "https://www.sec.gov/Archives/edgar/data/0001707753/000119312519234131/filename1.htm"}, {"form_type": "S-4/A", "filings_date": "2019-08-29", "url": "https://www.sec.gov/Archives/edgar/data/0001707753/000119312519234117/d509645ds4a.htm"}, {"form_type": "425", "filings_date": "2019-08-29", "url": "https://www.sec.gov/Archives/edgar/data/0001707753/000119312519234068/d688502d425.htm"}, {"form_type": "8-K", "filings_date": "2019-08-28", "url": "https://www.sec.gov/Archives/edgar/data/0001707753/000156459019033333/estc-8k_20190828.htm"}, {"form_type": "DEF 14A", "filings_date": "2019-08-27", "url": "https://www.sec.gov/Archives/edgar/data/0001707753/000119312519230897/d784889ddef14a.htm"}, {"form_type": "S-8", "filings_date": "2019-08-26", "url": "https://www.sec.gov/Archives/edgar/data/0001707753/000119312519229532/d792316ds8.htm"}, {"form_type": "4", "filings_date": "2019-08-19", "url": "https://www.sec.gov/Archives/edgar/data/0001707753/000120919119046511/xslF345X03/doc4.xml"}, {"form_type": "PRE 14A", "filings_date": "2019-08-16", "url": "https://www.sec.gov/Archives/edgar/data/0001707753/000119312519223458/d784889dpre14a.htm"}, {"form_type": "4", "filings_date": "2019-08-07", "url": "https://www.sec.gov/Archives/edgar/data/0001707753/000120919119044969/xslF345X03/doc4.xml"}, {"form_type": "UPLOAD", "filings_date": "2019-08-06", "url": "https://www.sec.gov/Archives/edgar/data/0001707753/000000000019012105/filename1.pdf"}, {"form_type": "S-4", "filings_date": "2019-08-02", "url": "https://www.sec.gov/Archives/edgar/data/0001707753/000119312519211245/d509645ds4.htm"}, {"form_type": "4", "filings_date": "2019-08-01", "url": "https://www.sec.gov/Archives/edgar/data/0001707753/000120919119044133/xslF345X03/doc4.xml"}, {"form_type": "4", "filings_date": "2019-08-01", "url": "https://www.sec.gov/Archives/edgar/data/0001707753/000120919119044131/xslF345X03/doc4.xml"}, {"form_type": "4", "filings_date": "2019-07-31", "url": "https://www.sec.gov/Archives/edgar/data/0001707753/000120919119043879/xslF345X03/doc4.xml"}, {"form_type": "4", "filings_date": "2019-07-22", "url": "https://www.sec.gov/Archives/edgar/data/0001707753/000120919119042936/xslF345X03/doc4.xml"}, {"form_type": "4", "filings_date": "2019-07-16", "url": "https://www.sec.gov/Archives/edgar/data/0001707753/000120919119042258/xslF345X03/doc4.xml"}, {"form_type": "4", "filings_date": "2019-07-11", "url": "https://www.sec.gov/Archives/edgar/data/0001707753/000120919119041825/xslF345X03/doc4.xml"}, {"form_type": "4", "filings_date": "2019-07-08", "url": "https://www.sec.gov/Archives/edgar/data/0001707753/000120919119041499/xslF345X03/doc4.xml"}, {"form_type": "4", "filings_date": "2019-07-03", "url": "https://www.sec.gov/Archives/edgar/data/0001707753/000120919119041272/xslF345X03/doc4.xml"}, {"form_type": "4", "filings_date": "2019-07-03", "url": "https://www.sec.gov/Archives/edgar/data/0001707753/000120919119041269/xslF345X03/doc4.xml"}, {"form_type": "4", "filings_date": "2019-07-03", "url": "https://www.sec.gov/Archives/edgar/data/0001707753/000120919119041264/xslF345X03/doc4.xml"}, {"form_type": "10-K", "filings_date": "2019-06-28", "url": "https://www.sec.gov/Archives/edgar/data/0001707753/000156459019024066/estc-10k_20190430.htm"}, {"form_type": "4", "filings_date": "2019-06-27", "url": "https://www.sec.gov/Archives/edgar/data/0001707753/000089924319018386/xslF345X03/doc4.xml"}, {"form_type": "4/A", "filings_date": "2019-06-27", "url": "https://www.sec.gov/Archives/edgar/data/0001707753/000089924319018382/xslF345X03/doc4a.xml"}, {"form_type": "4", "filings_date": "2019-06-25", "url": "https://www.sec.gov/Archives/edgar/data/0001707753/000120919119039031/xslF345X03/doc4.xml"}, {"form_type": "4", "filings_date": "2019-06-24", "url": "https://www.sec.gov/Archives/edgar/data/0001707753/000089924319017928/xslF345X03/doc4.xml"}, {"form_type": "4", "filings_date": "2019-06-20", "url": "https://www.sec.gov/Archives/edgar/data/0001707753/000120919119038320/xslF345X03/doc4.xml"}, {"form_type": "4", "filings_date": "2019-06-19", "url": "https://www.sec.gov/Archives/edgar/data/0001707753/000120919119038176/xslF345X03/doc4.xml"}, {"form_type": "4", "filings_date": "2019-06-14", "url": "https://www.sec.gov/Archives/edgar/data/0001707753/000120919119037282/xslF345X03/doc4.xml"}, {"form_type": "4", "filings_date": "2019-06-14", "url": "https://www.sec.gov/Archives/edgar/data/0001707753/000120919119037281/xslF345X03/doc4.xml"}, {"form_type": "4", "filings_date": "2019-06-14", "url": "https://www.sec.gov/Archives/edgar/data/0001707753/000120919119037280/xslF345X03/doc4.xml"}, {"form_type": "4", "filings_date": "2019-06-14", "url": "https://www.sec.gov/Archives/edgar/data/0001707753/000120919119037279/xslF345X03/doc4.xml"}, {"form_type": "4", "filings_date": "2019-06-13", "url": "https://www.sec.gov/Archives/edgar/data/0001707753/000120919119036869/xslF345X03/doc4.xml"}, {"form_type": "4", "filings_date": "2019-06-13", "url": "https://www.sec.gov/Archives/edgar/data/0001707753/000120919119036857/xslF345X03/doc4.xml"}, {"form_type": "4", "filings_date": "2019-06-12", "url": "https://www.sec.gov/Archives/edgar/data/0001707753/000089924319016637/xslF345X03/doc4.xml"}, {"form_type": "4", "filings_date": "2019-06-12", "url": "https://www.sec.gov/Archives/edgar/data/0001707753/000120919119036357/xslF345X03/doc4.xml"}, {"form_type": "425", "filings_date": "2019-06-07", "url": "https://www.sec.gov/Archives/edgar/data/0001707753/000119312519168311/d751358d425.htm"}, {"form_type": "425", "filings_date": "2019-06-07", "url": "https://www.sec.gov/Archives/edgar/data/0001707753/000119312519168303/d751358d425.htm"}, {"form_type": "425", "filings_date": "2019-06-06", "url": "https://www.sec.gov/Archives/edgar/data/0001707753/000119312519167199/d759443d425.htm"}, {"form_type": "4", "filings_date": "2019-06-05", "url": "https://www.sec.gov/Archives/edgar/data/0001707753/000120919119034926/xslF345X03/doc4.xml"}, {"form_type": "425", "filings_date": "2019-06-05", "url": "https://www.sec.gov/Archives/edgar/data/0001707753/000119312519166320/d509654d425.htm"}, {"form_type": "8-K", "filings_date": "2019-06-05", "url": "https://www.sec.gov/Archives/edgar/data/0001707753/000119312519166177/d573056d8k.htm"}, {"form_type": "8-K", "filings_date": "2019-06-05", "url": "https://www.sec.gov/Archives/edgar/data/0001707753/000156459019021782/estc-8k_20190605.htm"}, {"form_type": "425", "filings_date": "2019-06-05", "url": "https://www.sec.gov/Archives/edgar/data/0001707753/000119312519166180/d573056d8k.htm"}, {"form_type": "4", "filings_date": "2019-05-21", "url": "https://www.sec.gov/Archives/edgar/data/0001707753/000089924319014285/xslF345X03/doc4.xml"}, {"form_type": "4", "filings_date": "2019-05-09", "url": "https://www.sec.gov/Archives/edgar/data/0001707753/000089924319012938/xslF345X03/doc4.xml"}, {"form_type": "4", "filings_date": "2019-05-07", "url": "https://www.sec.gov/Archives/edgar/data/0001707753/000089924319012580/xslF345X03/doc4.xml"}, {"form_type": "4", "filings_date": "2019-04-26", "url": "https://www.sec.gov/Archives/edgar/data/0001707753/000089924319011283/xslF345X03/doc4.xml"}, {"form_type": "3", "filings_date": "2019-04-26", "url": "https://www.sec.gov/Archives/edgar/data/0001707753/000089924319011282/xslF345X02/doc3.xml"}, {"form_type": "8-K", "filings_date": "2019-04-25", "url": "https://www.sec.gov/Archives/edgar/data/0001707753/000119312519119787/d719069d8k.htm"}, {"form_type": "4", "filings_date": "2019-04-23", "url": "https://www.sec.gov/Archives/edgar/data/0001707753/000089924319011002/xslF345X03/doc4.xml"}, {"form_type": "4", "filings_date": "2019-04-09", "url": "https://www.sec.gov/Archives/edgar/data/0001707753/000089924319010401/xslF345X03/doc4.xml"}, {"form_type": "4", "filings_date": "2019-04-05", "url": "https://www.sec.gov/Archives/edgar/data/0001707753/000089924319010122/xslF345X03/doc4.xml"}, {"form_type": "DEF 14A", "filings_date": "2019-03-28", "url": "https://www.sec.gov/Archives/edgar/data/0001707753/000114036119005773/nc10000587x1_def14a.htm"}, {"form_type": "4", "filings_date": "2019-03-25", "url": "https://www.sec.gov/Archives/edgar/data/0001707753/000089924319008912/xslF345X03/doc4.xml"}, {"form_type": "4", "filings_date": "2019-03-22", "url": "https://www.sec.gov/Archives/edgar/data/0001707753/000120919119021066/xslF345X03/doc4.xml"}, {"form_type": "4", "filings_date": "2019-03-22", "url": "https://www.sec.gov/Archives/edgar/data/0001707753/000120919119021065/xslF345X03/doc4.xml"}, {"form_type": "4", "filings_date": "2019-03-22", "url": "https://www.sec.gov/Archives/edgar/data/0001707753/000120919119021064/xslF345X03/doc4.xml"}, {"form_type": "4/A", "filings_date": "2019-03-22", "url": "https://www.sec.gov/Archives/edgar/data/0001707753/000120919119021063/xslF345X03/doc4a.xml"}, {"form_type": "4/A", "filings_date": "2019-03-22", "url": "https://www.sec.gov/Archives/edgar/data/0001707753/000120919119021062/xslF345X03/doc4a.xml"}, {"form_type": "8-K", "filings_date": "2019-03-20", "url": "https://www.sec.gov/Archives/edgar/data/0001707753/000119312519080825/d723843d8k.htm"}, {"form_type": "DEFA14A", "filings_date": "2019-03-20", "url": "https://www.sec.gov/Archives/edgar/data/0001707753/000119312519080827/d723843d8k.htm"}, {"form_type": "4", "filings_date": "2019-03-13", "url": "https://www.sec.gov/Archives/edgar/data/0001707753/000120919119019319/xslF345X03/doc4.xml"}, {"form_type": "4", "filings_date": "2019-03-13", "url": "https://www.sec.gov/Archives/edgar/data/0001707753/000120919119019318/xslF345X03/doc4.xml"}, {"form_type": "4", "filings_date": "2019-03-13", "url": "https://www.sec.gov/Archives/edgar/data/0001707753/000120919119019317/xslF345X03/doc4.xml"}, {"form_type": "4", "filings_date": "2019-03-13", "url": "https://www.sec.gov/Archives/edgar/data/0001707753/000089924319007614/xslF345X03/doc4.xml"}, {"form_type": "4", "filings_date": "2019-03-11", "url": "https://www.sec.gov/Archives/edgar/data/0001707753/000089924319007175/xslF345X03/doc4.xml"}, {"form_type": "4", "filings_date": "2019-03-08", "url": "https://www.sec.gov/Archives/edgar/data/0001707753/000089924319006886/xslF345X03/doc4.xml"}, {"form_type": "10-Q", "filings_date": "2019-03-01", "url": "https://www.sec.gov/Archives/edgar/data/0001707753/000156459019005803/estc-10q_20190131.htm"}, {"form_type": "8-K", "filings_date": "2019-02-27", "url": "https://www.sec.gov/Archives/edgar/data/0001707753/000156459019004931/estc-8k_20190227.htm"}, {"form_type": "SC 13G", "filings_date": "2019-02-14", "url": "https://www.sec.gov/Archives/edgar/data/0001707753/000119312519039054/d700357dsc13g.htm"}, {"form_type": "SC 13G", "filings_date": "2019-02-14", "url": "https://www.sec.gov/Archives/edgar/data/0001707753/000119312519039042/d701475dsc13g.htm"}, {"form_type": "SC 13G", "filings_date": "2019-02-13", "url": "https://www.sec.gov/Archives/edgar/data/0001707753/000119312519037290/d697011dsc13g.htm"}, {"form_type": "SC 13G", "filings_date": "2019-02-13", "url": "https://www.sec.gov/Archives/edgar/data/0001707753/000107261319000082/elastic-sch13g_18284.htm"}, {"form_type": "SC 13G", "filings_date": "2019-02-12", "url": "https://www.sec.gov/Archives/edgar/data/0001707753/000107261319000066/au_special-elastic18283.htm"}, {"form_type": "SC 13G", "filings_date": "2019-02-11", "url": "https://www.sec.gov/Archives/edgar/data/0001707753/000114420419006154/tv512785_sc13g.htm"}, {"form_type": "SC 13G", "filings_date": "2019-01-31", "url": "https://www.sec.gov/Archives/edgar/data/0001707753/000110465919004519/a19-3730_2sc13g.htm"}, {"form_type": "4", "filings_date": "2018-12-19", "url": "https://www.sec.gov/Archives/edgar/data/0001707753/000089924318031405/xslF345X03/doc4.xml"}, {"form_type": "10-Q", "filings_date": "2018-12-12", "url": "https://www.sec.gov/Archives/edgar/data/0001707753/000156459018030849/estc-10q_20181031.htm"}, {"form_type": "8-K", "filings_date": "2018-12-04", "url": "https://www.sec.gov/Archives/edgar/data/0001707753/000156459018030488/estc-8k_20181204.htm"}, {"form_type": "S-8", "filings_date": "2018-10-10", "url": "https://www.sec.gov/Archives/edgar/data/0001707753/000119312518297532/d635680ds8.htm"}, {"form_type": "4", "filings_date": "2018-10-10", "url": "https://www.sec.gov/Archives/edgar/data/0001707753/000120919118054723/xslF345X03/doc4.xml"}, {"form_type": "4", "filings_date": "2018-10-10", "url": "https://www.sec.gov/Archives/edgar/data/0001707753/000120919118054722/xslF345X03/doc4.xml"}, {"form_type": "4", "filings_date": "2018-10-10", "url": "https://www.sec.gov/Archives/edgar/data/0001707753/000120919118054721/xslF345X03/doc4.xml"}, {"form_type": "4", "filings_date": "2018-10-10", "url": "https://www.sec.gov/Archives/edgar/data/0001707753/000120919118054720/xslF345X03/doc4.xml"}, {"form_type": "4", "filings_date": "2018-10-10", "url": "https://www.sec.gov/Archives/edgar/data/0001707753/000120919118054719/xslF345X03/doc4.xml"}, {"form_type": "4", "filings_date": "2018-10-10", "url": "https://www.sec.gov/Archives/edgar/data/0001707753/000089924318026517/xslF345X03/doc4.xml"}, {"form_type": "4", "filings_date": "2018-10-10", "url": "https://www.sec.gov/Archives/edgar/data/0001707753/000089924318026515/xslF345X03/doc4.xml"}, {"form_type": "4", "filings_date": "2018-10-10", "url": "https://www.sec.gov/Archives/edgar/data/0001707753/000089924318026513/xslF345X03/doc4.xml"}, {"form_type": "4", "filings_date": "2018-10-10", "url": "https://www.sec.gov/Archives/edgar/data/0001707753/000089924318026508/xslF345X03/doc4.xml"}, {"form_type": "4", "filings_date": "2018-10-10", "url": "https://www.sec.gov/Archives/edgar/data/0001707753/000089924318026506/xslF345X03/doc4.xml"}, {"form_type": "424B4", "filings_date": "2018-10-05", "url": "https://www.sec.gov/Archives/edgar/data/0001707753/000119312518294675/d588632d424b4.htm"}, {"form_type": "EFFECT", "filings_date": "2018-10-04", "url": "https://www.sec.gov/Archives/edgar/data/0001707753/999999999518002540/xslEFFECTX01/primary_doc.xml"}, {"form_type": "3", "filings_date": "2018-10-04", "url": "https://www.sec.gov/Archives/edgar/data/0001707753/000120919118054302/xslF345X02/doc3.xml"}, {"form_type": "3", "filings_date": "2018-10-04", "url": "https://www.sec.gov/Archives/edgar/data/0001707753/000120919118054301/xslF345X02/doc3.xml"}, {"form_type": "3", "filings_date": "2018-10-04", "url": "https://www.sec.gov/Archives/edgar/data/0001707753/000120919118054300/xslF345X02/doc3.xml"}, {"form_type": "3", "filings_date": "2018-10-04", "url": "https://www.sec.gov/Archives/edgar/data/0001707753/000120919118054299/xslF345X02/doc3.xml"}, {"form_type": "3", "filings_date": "2018-10-04", "url": "https://www.sec.gov/Archives/edgar/data/0001707753/000120919118054298/xslF345X02/doc3.xml"}, {"form_type": "3", "filings_date": "2018-10-04", "url": "https://www.sec.gov/Archives/edgar/data/0001707753/000089924318026239/xslF345X02/doc3.xml"}, {"form_type": "3", "filings_date": "2018-10-04", "url": "https://www.sec.gov/Archives/edgar/data/0001707753/000089924318026238/xslF345X02/doc3.xml"}, {"form_type": "3", "filings_date": "2018-10-04", "url": "https://www.sec.gov/Archives/edgar/data/0001707753/000089924318026236/xslF345X02/doc3.xml"}, {"form_type": "3", "filings_date": "2018-10-04", "url": "https://www.sec.gov/Archives/edgar/data/0001707753/000089924318026234/xslF345X02/doc3.xml"}, {"form_type": "3", "filings_date": "2018-10-04", "url": "https://www.sec.gov/Archives/edgar/data/0001707753/000089924318026232/xslF345X02/doc3.xml"}, {"form_type": "3", "filings_date": "2018-10-04", "url": "https://www.sec.gov/Archives/edgar/data/0001707753/000089924318026231/xslF345X02/doc3.xml"}, {"form_type": "3", "filings_date": "2018-10-04", "url": "https://www.sec.gov/Archives/edgar/data/0001707753/000089924318026230/xslF345X02/doc3.xml"}, {"form_type": "3", "filings_date": "2018-10-04", "url": "https://www.sec.gov/Archives/edgar/data/0001707753/000089924318026228/xslF345X02/doc3.xml"}, {"form_type": "3", "filings_date": "2018-10-04", "url": "https://www.sec.gov/Archives/edgar/data/0001707753/000089924318026227/xslF345X02/doc3.xml"}, {"form_type": "3", "filings_date": "2018-10-04", "url": "https://www.sec.gov/Archives/edgar/data/0001707753/000089924318026224/xslF345X02/doc3.xml"}, {"form_type": "3", "filings_date": "2018-10-04", "url": "https://www.sec.gov/Archives/edgar/data/0001707753/000089924318026223/xslF345X02/doc3.xml"}, {"form_type": "3", "filings_date": "2018-10-04", "url": "https://www.sec.gov/Archives/edgar/data/0001707753/000089924318026216/xslF345X02/doc3.xml"}, {"form_type": "3", "filings_date": "2018-10-04", "url": "https://www.sec.gov/Archives/edgar/data/0001707753/000089924318026215/xslF345X02/doc3.xml"}, {"form_type": "FWP", "filings_date": "2018-10-02", "url": "https://www.sec.gov/Archives/edgar/data/0001707753/000119312518290215/d588632dfwp.htm"}, {"form_type": "S-1/A", "filings_date": "2018-10-02", "url": "https://www.sec.gov/Archives/edgar/data/0001707753/000119312518290207/d588632ds1a.htm"}, {"form_type": "CORRESP", "filings_date": "2018-10-02", "url": "https://www.sec.gov/Archives/edgar/data/0001707753/000119312518290187/filename1.htm"}, {"form_type": "CORRESP", "filings_date": "2018-10-02", "url": "https://www.sec.gov/Archives/edgar/data/0001707753/000119312518290178/filename1.htm"}, {"form_type": "CERT", "filings_date": "2018-09-25", "url": "https://www.sec.gov/Archives/edgar/data/0001707753/000087666118001031/ESTC8A092518.pdf"}, {"form_type": "8-A12B", "filings_date": "2018-09-24", "url": "https://www.sec.gov/Archives/edgar/data/0001707753/000119312518280946/d628881d8a12b.htm"}, {"form_type": "S-1/A", "filings_date": "2018-09-24", "url": "https://www.sec.gov/Archives/edgar/data/0001707753/000119312518280418/d588632ds1a.htm"}, {"form_type": "CORRESP", "filings_date": "2018-09-11", "url": "https://www.sec.gov/Archives/edgar/data/0001707753/000119312518270377/filename1.htm"}, {"form_type": "S-1", "filings_date": "2018-09-05", "url": "https://www.sec.gov/Archives/edgar/data/0001707753/000119312518266861/d588632ds1.htm"}, {"form_type": "UPLOAD", "filings_date": "2018-08-22", "url": "https://www.sec.gov/Archives/edgar/data/0001707753/000000000018026165/filename1.pdf"}, {"form_type": "DRS/A", "filings_date": "2018-08-08", "url": "https://www.sec.gov/Archives/edgar/data/0001707753/000095012318007530/filename1.htm"}, {"form_type": "DRSLTR", "filings_date": "2018-08-07", "url": "https://www.sec.gov/Archives/edgar/data/0001707753/000095012318007531/filename1.htm"}, {"form_type": "UPLOAD", "filings_date": "2018-07-11", "url": "https://www.sec.gov/Archives/edgar/data/0001707753/000000000018021291/filename1.pdf"}, {"form_type": "DRS", "filings_date": "2018-06-14", "url": "https://www.sec.gov/Archives/edgar/data/0001707753/000095012318006316/filename1.htm"}, {"form_type": "D", "filings_date": "2017-11-13", "url": "https://www.sec.gov/Archives/edgar/data/0001707753/000170775317000003/xslFormDX01/primary_doc.xml"}, {"form_type": "D", "filings_date": "2017-06-05", "url": "https://www.sec.gov/Archives/edgar/data/0001707753/000170775317000002/xslFormDX01/primary_doc.xml"}]}