{"company": {"cik": "0001517413", "name": "Fastly, Inc.", "sic": "Services-Prepackaged Software", "state_incorp": "DE", "ticker": "FSLY", "mailing_addr": "475 BRANNAN, SAN FRANCISCO, CA, 94107", "category": "Large accelerated filer", "fiscal_year_end": "31, December"}, "filings": [{"form_type": "S-8", "filings_date": "2022-03-02", "url": "https://www.sec.gov/Archives/edgar/data/0001517413/000151741322000041/fastly-2022formsx8draft.htm"}, {"form_type": "10-K", "filings_date": "2022-03-01", "url": "https://www.sec.gov/Archives/edgar/data/0001517413/000151741322000038/fsly-20211231.htm"}, {"form_type": "SC 13G/A", "filings_date": "2022-02-25", "url": "https://www.sec.gov/Archives/edgar/data/0001517413/000119312522054380/d711401dsc13ga.htm"}, {"form_type": "4", "filings_date": "2022-02-23", "url": "https://www.sec.gov/Archives/edgar/data/0001517413/000151741322000028/xslF345X03/wf-form4_164565735443923.xml"}, {"form_type": "4", "filings_date": "2022-02-22", "url": "https://www.sec.gov/Archives/edgar/data/0001517413/000151741322000026/xslF345X03/wf-form4_164556929409220.xml"}, {"form_type": "4", "filings_date": "2022-02-17", "url": "https://www.sec.gov/Archives/edgar/data/0001517413/000151741322000024/xslF345X03/wf-form4_164513664313341.xml"}, {"form_type": "4", "filings_date": "2022-02-17", "url": "https://www.sec.gov/Archives/edgar/data/0001517413/000151741322000023/xslF345X03/wf-form4_164513661822628.xml"}, {"form_type": "4", "filings_date": "2022-02-17", "url": "https://www.sec.gov/Archives/edgar/data/0001517413/000151741322000022/xslF345X03/wf-form4_164513658075279.xml"}, {"form_type": "8-K", "filings_date": "2022-02-16", "url": "https://www.sec.gov/Archives/edgar/data/0001517413/000151741322000018/fsly-20220216.htm"}, {"form_type": "4", "filings_date": "2022-02-15", "url": "https://www.sec.gov/Archives/edgar/data/0001517413/000151741322000015/xslF345X03/wf-form4_164497030578070.xml"}, {"form_type": "4", "filings_date": "2022-02-15", "url": "https://www.sec.gov/Archives/edgar/data/0001517413/000151741322000014/xslF345X03/wf-form4_164497028475390.xml"}, {"form_type": "4", "filings_date": "2022-02-15", "url": "https://www.sec.gov/Archives/edgar/data/0001517413/000151741322000013/xslF345X03/wf-form4_164497026277052.xml"}, {"form_type": "4", "filings_date": "2022-02-15", "url": "https://www.sec.gov/Archives/edgar/data/0001517413/000151741322000012/xslF345X03/wf-form4_164497023778290.xml"}, {"form_type": "4", "filings_date": "2022-02-15", "url": "https://www.sec.gov/Archives/edgar/data/0001517413/000151741322000011/xslF345X03/wf-form4_164497021480705.xml"}, {"form_type": "SC 13G/A", "filings_date": "2022-02-14", "url": "https://www.sec.gov/Archives/edgar/data/0001517413/000119312522040157/d204568dsc13ga.htm"}, {"form_type": "SC 13G/A", "filings_date": "2022-02-10", "url": "https://www.sec.gov/Archives/edgar/data/0001517413/000110465922017526/tv0873-fastlyincclassa.htm"}, {"form_type": "5", "filings_date": "2022-02-09", "url": "https://www.sec.gov/Archives/edgar/data/0001517413/000151741322000004/xslF345X03/wf-form5_164444670693372.xml"}, {"form_type": "SC 13G/A", "filings_date": "2022-02-09", "url": "https://www.sec.gov/Archives/edgar/data/0001517413/000089542122000116/Fastly.txt"}, {"form_type": "4", "filings_date": "2022-01-21", "url": "https://www.sec.gov/Archives/edgar/data/0001517413/000151741322000002/xslF345X03/wf-form4_164280286654218.xml"}, {"form_type": "SC 13G/A", "filings_date": "2022-01-18", "url": "https://www.sec.gov/Archives/edgar/data/0001517413/000119312522011233/d272731dsc13ga.htm"}, {"form_type": "4", "filings_date": "2021-12-21", "url": "https://www.sec.gov/Archives/edgar/data/0001517413/000120919121070836/xslF345X03/doc4.xml"}, {"form_type": "4", "filings_date": "2021-12-17", "url": "https://www.sec.gov/Archives/edgar/data/0001517413/000151741321000215/xslF345X03/wf-form4_163978225823143.xml"}, {"form_type": "4", "filings_date": "2021-11-23", "url": "https://www.sec.gov/Archives/edgar/data/0001517413/000151741321000213/xslF345X03/wf-form4_163771564350072.xml"}, {"form_type": "4", "filings_date": "2021-11-23", "url": "https://www.sec.gov/Archives/edgar/data/0001517413/000151741321000211/xslF345X03/wf-form4_163771551369916.xml"}, {"form_type": "4", "filings_date": "2021-11-19", "url": "https://www.sec.gov/Archives/edgar/data/0001517413/000151741321000209/xslF345X03/wf-form4_163736017343413.xml"}, {"form_type": "4", "filings_date": "2021-11-18", "url": "https://www.sec.gov/Archives/edgar/data/0001517413/000151741321000207/xslF345X03/wf-form4_163727366850832.xml"}, {"form_type": "4", "filings_date": "2021-11-18", "url": "https://www.sec.gov/Archives/edgar/data/0001517413/000151741321000206/xslF345X03/wf-form4_163727365058044.xml"}, {"form_type": "4", "filings_date": "2021-11-18", "url": "https://www.sec.gov/Archives/edgar/data/0001517413/000151741321000205/xslF345X03/wf-form4_163727363228622.xml"}, {"form_type": "4", "filings_date": "2021-11-17", "url": "https://www.sec.gov/Archives/edgar/data/0001517413/000151741321000201/xslF345X03/wf-form4_163718678460076.xml"}, {"form_type": "4", "filings_date": "2021-11-12", "url": "https://www.sec.gov/Archives/edgar/data/0001517413/000151741321000199/xslF345X03/wf-form4_163673131138153.xml"}, {"form_type": "4", "filings_date": "2021-11-09", "url": "https://www.sec.gov/Archives/edgar/data/0001517413/000151741321000197/xslF345X03/wf-form4_163649623473804.xml"}, {"form_type": "10-Q", "filings_date": "2021-11-08", "url": "https://www.sec.gov/Archives/edgar/data/0001517413/000151741321000195/fsly-20210930.htm"}, {"form_type": "4", "filings_date": "2021-11-03", "url": "https://www.sec.gov/Archives/edgar/data/0001517413/000151741321000192/xslF345X03/wf-form4_163598576589823.xml"}, {"form_type": "3", "filings_date": "2021-11-03", "url": "https://www.sec.gov/Archives/edgar/data/0001517413/000151741321000191/xslF345X02/wf-form3_163598574711245.xml"}, {"form_type": "4", "filings_date": "2021-11-03", "url": "https://www.sec.gov/Archives/edgar/data/0001517413/000151741321000190/xslF345X03/wf-form4_163598573030229.xml"}, {"form_type": "3", "filings_date": "2021-11-03", "url": "https://www.sec.gov/Archives/edgar/data/0001517413/000151741321000189/xslF345X02/wf-form3_163598571462275.xml"}, {"form_type": "8-K", "filings_date": "2021-11-03", "url": "https://www.sec.gov/Archives/edgar/data/0001517413/000151741321000184/fsly-20211103.htm"}, {"form_type": "8-K", "filings_date": "2021-11-03", "url": "https://www.sec.gov/Archives/edgar/data/0001517413/000151741321000183/fsly-20211028.htm"}, {"form_type": "4", "filings_date": "2021-10-20", "url": "https://www.sec.gov/Archives/edgar/data/0001517413/000151741321000176/xslF345X03/wf-form4_163476745261459.xml"}, {"form_type": "4", "filings_date": "2021-09-20", "url": "https://www.sec.gov/Archives/edgar/data/0001517413/000151741321000174/xslF345X03/wf-form4_163218085319727.xml"}, {"form_type": "4", "filings_date": "2021-09-17", "url": "https://www.sec.gov/Archives/edgar/data/0001517413/000151741321000172/xslF345X03/wf-form4_163191608544552.xml"}, {"form_type": "4", "filings_date": "2021-09-07", "url": "https://www.sec.gov/Archives/edgar/data/0001517413/000151741321000170/xslF345X03/wf-form4_163104897889674.xml"}, {"form_type": "4", "filings_date": "2021-08-24", "url": "https://www.sec.gov/Archives/edgar/data/0001517413/000151741321000168/xslF345X03/wf-form4_162984035314082.xml"}, {"form_type": "4", "filings_date": "2021-08-20", "url": "https://www.sec.gov/Archives/edgar/data/0001517413/000151741321000166/xslF345X03/wf-form4_162949396888042.xml"}, {"form_type": "4", "filings_date": "2021-08-20", "url": "https://www.sec.gov/Archives/edgar/data/0001517413/000151741321000165/xslF345X03/wf-form4_162949393483384.xml"}, {"form_type": "4", "filings_date": "2021-08-19", "url": "https://www.sec.gov/Archives/edgar/data/0001517413/000151741321000162/xslF345X03/wf-form4_162940721633570.xml"}, {"form_type": "4", "filings_date": "2021-08-19", "url": "https://www.sec.gov/Archives/edgar/data/0001517413/000151741321000161/xslF345X03/wf-form4_162940717125794.xml"}, {"form_type": "4", "filings_date": "2021-08-18", "url": "https://www.sec.gov/Archives/edgar/data/0001517413/000151741321000158/xslF345X03/wf-form4_162932087245107.xml"}, {"form_type": "3", "filings_date": "2021-08-11", "url": "https://www.sec.gov/Archives/edgar/data/0001517413/000151741321000156/xslF345X02/wf-form3_162871905061641.xml"}, {"form_type": "10-Q", "filings_date": "2021-08-06", "url": "https://www.sec.gov/Archives/edgar/data/0001517413/000151741321000154/fsly-20210630.htm"}, {"form_type": "4", "filings_date": "2021-08-04", "url": "https://www.sec.gov/Archives/edgar/data/0001517413/000151741321000151/xslF345X03/wf-form4_162811254022291.xml"}, {"form_type": "8-K", "filings_date": "2021-08-04", "url": "https://www.sec.gov/Archives/edgar/data/0001517413/000151741321000149/fsly-20210804.htm"}, {"form_type": "4", "filings_date": "2021-07-28", "url": "https://www.sec.gov/Archives/edgar/data/0001517413/000151741321000144/xslF345X03/wf-form4_162750702173591.xml"}, {"form_type": "4", "filings_date": "2021-07-21", "url": "https://www.sec.gov/Archives/edgar/data/0001517413/000151741321000142/xslF345X03/wf-form4_162690165469258.xml"}, {"form_type": "4", "filings_date": "2021-07-19", "url": "https://www.sec.gov/Archives/edgar/data/0001517413/000151741321000140/xslF345X03/wf-form4_162673240202969.xml"}, {"form_type": "4", "filings_date": "2021-07-14", "url": "https://www.sec.gov/Archives/edgar/data/0001517413/000151741321000138/xslF345X03/wf-form4_162629777679198.xml"}, {"form_type": "8-K", "filings_date": "2021-07-13", "url": "https://www.sec.gov/Archives/edgar/data/0001517413/000151741321000128/fsly-20210712.htm"}, {"form_type": "8-K", "filings_date": "2021-07-13", "url": "https://www.sec.gov/Archives/edgar/data/0001517413/000151741321000127/fsly-20210708.htm"}, {"form_type": "4", "filings_date": "2021-07-12", "url": "https://www.sec.gov/Archives/edgar/data/0001517413/000151741321000136/xslF345X03/wf-form4_162613984055019.xml"}, {"form_type": "4", "filings_date": "2021-07-12", "url": "https://www.sec.gov/Archives/edgar/data/0001517413/000151741321000135/xslF345X03/wf-form4_162613979732076.xml"}, {"form_type": "3", "filings_date": "2021-07-12", "url": "https://www.sec.gov/Archives/edgar/data/0001517413/000151741321000134/xslF345X02/wf-form3_162613975308897.xml"}, {"form_type": "3", "filings_date": "2021-07-12", "url": "https://www.sec.gov/Archives/edgar/data/0001517413/000151741321000133/xslF345X02/wf-form3_162613959203338.xml"}, {"form_type": "4", "filings_date": "2021-07-12", "url": "https://www.sec.gov/Archives/edgar/data/0001517413/000120919121046382/xslF345X03/doc4.xml"}, {"form_type": "4", "filings_date": "2021-07-12", "url": "https://www.sec.gov/Archives/edgar/data/0001517413/000120919121046381/xslF345X03/doc4.xml"}, {"form_type": "4", "filings_date": "2021-07-12", "url": "https://www.sec.gov/Archives/edgar/data/0001517413/000120919121046380/xslF345X03/doc4.xml"}, {"form_type": "4", "filings_date": "2021-07-12", "url": "https://www.sec.gov/Archives/edgar/data/0001517413/000120919121046379/xslF345X03/doc4.xml"}, {"form_type": "4", "filings_date": "2021-07-12", "url": "https://www.sec.gov/Archives/edgar/data/0001517413/000120919121046378/xslF345X03/doc4.xml"}, {"form_type": "4", "filings_date": "2021-07-12", "url": "https://www.sec.gov/Archives/edgar/data/0001517413/000120919121046377/xslF345X03/doc4.xml"}, {"form_type": "4", "filings_date": "2021-07-08", "url": "https://www.sec.gov/Archives/edgar/data/0001517413/000151741321000122/xslF345X03/wf-form4_162577922811513.xml"}, {"form_type": "4", "filings_date": "2021-06-30", "url": "https://www.sec.gov/Archives/edgar/data/0001517413/000151741321000118/xslF345X03/wf-form4_162508832810368.xml"}, {"form_type": "8-K", "filings_date": "2021-06-29", "url": "https://www.sec.gov/Archives/edgar/data/0001517413/000151741321000116/fsly-20210622.htm"}, {"form_type": "4", "filings_date": "2021-06-23", "url": "https://www.sec.gov/Archives/edgar/data/0001517413/000151741321000113/xslF345X03/wf-form4_162449226135470.xml"}, {"form_type": "4", "filings_date": "2021-06-23", "url": "https://www.sec.gov/Archives/edgar/data/0001517413/000151741321000110/xslF345X03/wf-form4_162448785178292.xml"}, {"form_type": "4", "filings_date": "2021-06-23", "url": "https://www.sec.gov/Archives/edgar/data/0001517413/000151741321000106/xslF345X03/wf-form4_162448315911166.xml"}, {"form_type": "4", "filings_date": "2021-06-23", "url": "https://www.sec.gov/Archives/edgar/data/0001517413/000151741321000105/xslF345X03/wf-form4_162448314332478.xml"}, {"form_type": "4", "filings_date": "2021-06-23", "url": "https://www.sec.gov/Archives/edgar/data/0001517413/000151741321000104/xslF345X03/wf-form4_162448312106326.xml"}, {"form_type": "4", "filings_date": "2021-06-23", "url": "https://www.sec.gov/Archives/edgar/data/0001517413/000151741321000103/xslF345X03/wf-form4_162448309294342.xml"}, {"form_type": "8-K", "filings_date": "2021-06-23", "url": "https://www.sec.gov/Archives/edgar/data/0001517413/000151741321000097/fsly-20210621.htm"}, {"form_type": "4", "filings_date": "2021-06-16", "url": "https://www.sec.gov/Archives/edgar/data/0001517413/000151741321000091/xslF345X03/wf-form4_162387807857320.xml"}, {"form_type": "4", "filings_date": "2021-06-09", "url": "https://www.sec.gov/Archives/edgar/data/0001517413/000120919121039308/xslF345X03/doc4.xml"}, {"form_type": "4", "filings_date": "2021-06-03", "url": "https://www.sec.gov/Archives/edgar/data/0001517413/000151741321000089/xslF345X03/wf-form4_162275553356784.xml"}, {"form_type": "4", "filings_date": "2021-05-26", "url": "https://www.sec.gov/Archives/edgar/data/0001517413/000151741321000087/xslF345X03/wf-form4_162206996690310.xml"}, {"form_type": "4", "filings_date": "2021-05-25", "url": "https://www.sec.gov/Archives/edgar/data/0001517413/000151741321000085/xslF345X03/wf-form4_162198413843817.xml"}, {"form_type": "4", "filings_date": "2021-05-21", "url": "https://www.sec.gov/Archives/edgar/data/0001517413/000151741321000083/xslF345X03/wf-form4_162163179842521.xml"}, {"form_type": "4", "filings_date": "2021-05-20", "url": "https://www.sec.gov/Archives/edgar/data/0001517413/000151741321000081/xslF345X03/wf-form4_162154863672547.xml"}, {"form_type": "4", "filings_date": "2021-05-20", "url": "https://www.sec.gov/Archives/edgar/data/0001517413/000151741321000080/xslF345X03/wf-form4_162154862016276.xml"}, {"form_type": "4", "filings_date": "2021-05-20", "url": "https://www.sec.gov/Archives/edgar/data/0001517413/000151741321000079/xslF345X03/wf-form4_162154860223174.xml"}, {"form_type": "4", "filings_date": "2021-05-20", "url": "https://www.sec.gov/Archives/edgar/data/0001517413/000151741321000078/xslF345X03/wf-form4_162154858310945.xml"}, {"form_type": "4", "filings_date": "2021-05-19", "url": "https://www.sec.gov/Archives/edgar/data/0001517413/000151741321000073/xslF345X03/wf-form4_162145901380152.xml"}, {"form_type": "4", "filings_date": "2021-05-13", "url": "https://www.sec.gov/Archives/edgar/data/0001517413/000151741321000071/xslF345X03/wf-form4_162094023672197.xml"}, {"form_type": "4", "filings_date": "2021-05-10", "url": "https://www.sec.gov/Archives/edgar/data/0001517413/000089924321018959/xslF345X03/doc4.xml"}, {"form_type": "10-Q", "filings_date": "2021-05-07", "url": "https://www.sec.gov/Archives/edgar/data/0001517413/000151741321000069/fsly-20210331.htm"}, {"form_type": "4", "filings_date": "2021-05-05", "url": "https://www.sec.gov/Archives/edgar/data/0001517413/000151741321000067/xslF345X03/wf-form4_162025090478683.xml"}, {"form_type": "8-K", "filings_date": "2021-05-05", "url": "https://www.sec.gov/Archives/edgar/data/0001517413/000151741321000065/fsly-20210505.htm"}, {"form_type": "8-K", "filings_date": "2021-05-05", "url": "https://www.sec.gov/Archives/edgar/data/0001517413/000151741321000064/fsly-20210504.htm"}, {"form_type": "4", "filings_date": "2021-04-28", "url": "https://www.sec.gov/Archives/edgar/data/0001517413/000151741321000058/xslF345X03/wf-form4_161964331097488.xml"}, {"form_type": "4", "filings_date": "2021-04-28", "url": "https://www.sec.gov/Archives/edgar/data/0001517413/000151741321000056/xslF345X03/wf-form4_161964322143700.xml"}, {"form_type": "DEFA14A", "filings_date": "2021-04-28", "url": "https://www.sec.gov/Archives/edgar/data/0001517413/000114036121014777/nc10019376x2_defa14a.htm"}, {"form_type": "DEF 14A", "filings_date": "2021-04-28", "url": "https://www.sec.gov/Archives/edgar/data/0001517413/000114036121014767/nc10019376x1_def14a.htm"}, {"form_type": "4", "filings_date": "2021-04-21", "url": "https://www.sec.gov/Archives/edgar/data/0001517413/000151741321000054/xslF345X03/wf-form4_161904098673052.xml"}, {"form_type": "4", "filings_date": "2021-04-16", "url": "https://www.sec.gov/Archives/edgar/data/0001517413/000151741321000052/xslF345X03/wf-form4_161861924738727.xml"}, {"form_type": "4", "filings_date": "2021-04-14", "url": "https://www.sec.gov/Archives/edgar/data/0001517413/000151741321000050/xslF345X03/wf-form4_161843464904221.xml"}, {"form_type": "4", "filings_date": "2021-04-07", "url": "https://www.sec.gov/Archives/edgar/data/0001517413/000151741321000048/xslF345X03/wf-form4_161783088012381.xml"}, {"form_type": "4", "filings_date": "2021-03-31", "url": "https://www.sec.gov/Archives/edgar/data/0001517413/000151741321000046/xslF345X03/wf-form4_161722463624674.xml"}, {"form_type": "4", "filings_date": "2021-03-24", "url": "https://www.sec.gov/Archives/edgar/data/0001517413/000151741321000044/xslF345X03/wf-form4_161662142418625.xml"}, {"form_type": "4", "filings_date": "2021-03-24", "url": "https://www.sec.gov/Archives/edgar/data/0001517413/000151741321000043/xslF345X03/wf-form4_161662139693998.xml"}, {"form_type": "4", "filings_date": "2021-03-24", "url": "https://www.sec.gov/Archives/edgar/data/0001517413/000151741321000042/xslF345X03/wf-form4_161662137983614.xml"}, {"form_type": "4", "filings_date": "2021-03-17", "url": "https://www.sec.gov/Archives/edgar/data/0001517413/000151741321000038/xslF345X03/wf-form4_161601538436219.xml"}, {"form_type": "4", "filings_date": "2021-03-10", "url": "https://www.sec.gov/Archives/edgar/data/0001517413/000151741321000036/xslF345X03/wf-form4_161541481580719.xml"}, {"form_type": "4", "filings_date": "2021-03-10", "url": "https://www.sec.gov/Archives/edgar/data/0001517413/000089924321010989/xslF345X03/doc4.xml"}, {"form_type": "SC 13G/A", "filings_date": "2021-03-09", "url": "https://www.sec.gov/Archives/edgar/data/0001517413/000090445421000301/s13ga_030521-fastly.htm"}, {"form_type": "3", "filings_date": "2021-03-08", "url": "https://www.sec.gov/Archives/edgar/data/0001517413/000090445421000303/xslF345X02/edgar.xml"}, {"form_type": "8-K", "filings_date": "2021-03-05", "url": "https://www.sec.gov/Archives/edgar/data/0001517413/000119312521071602/d127610d8k.htm"}, {"form_type": "3", "filings_date": "2021-03-04", "url": "https://www.sec.gov/Archives/edgar/data/0001517413/000120919121017789/xslF345X02/doc3.xml"}, {"form_type": "4", "filings_date": "2021-03-03", "url": "https://www.sec.gov/Archives/edgar/data/0001517413/000151741321000034/xslF345X03/wf-form4_161481304074548.xml"}, {"form_type": "S-8", "filings_date": "2021-03-01", "url": "https://www.sec.gov/Archives/edgar/data/0001517413/000151741321000032/fastly-2021formsx8draft2.htm"}, {"form_type": "10-K", "filings_date": "2021-03-01", "url": "https://www.sec.gov/Archives/edgar/data/0001517413/000151741321000030/fsly-20201231.htm"}, {"form_type": "4", "filings_date": "2021-02-24", "url": "https://www.sec.gov/Archives/edgar/data/0001517413/000151741321000025/xslF345X03/wf-form4_161420626489452.xml"}, {"form_type": "4", "filings_date": "2021-02-23", "url": "https://www.sec.gov/Archives/edgar/data/0001517413/000151741321000023/xslF345X03/wf-form4_161412139343822.xml"}, {"form_type": "4", "filings_date": "2021-02-23", "url": "https://www.sec.gov/Archives/edgar/data/0001517413/000151741321000022/xslF345X03/wf-form4_161412137385393.xml"}, {"form_type": "4", "filings_date": "2021-02-23", "url": "https://www.sec.gov/Archives/edgar/data/0001517413/000151741321000021/xslF345X03/wf-form4_161412134560320.xml"}, {"form_type": "4", "filings_date": "2021-02-19", "url": "https://www.sec.gov/Archives/edgar/data/0001517413/000151741321000017/xslF345X03/wf-form4_161377317855503.xml"}, {"form_type": "4", "filings_date": "2021-02-19", "url": "https://www.sec.gov/Archives/edgar/data/0001517413/000151741321000016/xslF345X03/wf-form4_161377315548675.xml"}, {"form_type": "4", "filings_date": "2021-02-19", "url": "https://www.sec.gov/Archives/edgar/data/0001517413/000151741321000015/xslF345X03/wf-form4_161377311668123.xml"}, {"form_type": "4", "filings_date": "2021-02-19", "url": "https://www.sec.gov/Archives/edgar/data/0001517413/000151741321000014/xslF345X03/wf-form4_161377305988271.xml"}, {"form_type": "4", "filings_date": "2021-02-18", "url": "https://www.sec.gov/Archives/edgar/data/0001517413/000151741321000008/xslF345X03/wf-form4_161368592559457.xml"}, {"form_type": "4", "filings_date": "2021-02-17", "url": "https://www.sec.gov/Archives/edgar/data/0001517413/000120919121011336/xslF345X03/doc4.xml"}, {"form_type": "4", "filings_date": "2021-02-17", "url": "https://www.sec.gov/Archives/edgar/data/0001517413/000120919121011333/xslF345X03/doc4.xml"}, {"form_type": "4", "filings_date": "2021-02-17", "url": "https://www.sec.gov/Archives/edgar/data/0001517413/000120919121011329/xslF345X03/doc4.xml"}, {"form_type": "4", "filings_date": "2021-02-17", "url": "https://www.sec.gov/Archives/edgar/data/0001517413/000120919121011326/xslF345X03/doc4.xml"}, {"form_type": "8-K", "filings_date": "2021-02-17", "url": "https://www.sec.gov/Archives/edgar/data/0001517413/000151741321000007/fsly-20210217.htm"}, {"form_type": "8-K", "filings_date": "2021-02-17", "url": "https://www.sec.gov/Archives/edgar/data/0001517413/000151741321000006/fsly-20210216.htm"}, {"form_type": "SC 13G/A", "filings_date": "2021-02-16", "url": "https://www.sec.gov/Archives/edgar/data/0001517413/000119312521043696/d281282dsc13ga.htm"}, {"form_type": "SC 13G/A", "filings_date": "2021-02-16", "url": "https://www.sec.gov/Archives/edgar/data/0001517413/000110465921022560/tm216626d2_sc13ga.htm"}, {"form_type": "SC 13G/A", "filings_date": "2021-02-12", "url": "https://www.sec.gov/Archives/edgar/data/0001517413/000138732221000004/wrfsly13g_amend_1.htm"}, {"form_type": "SC 13G/A", "filings_date": "2021-02-12", "url": "https://www.sec.gov/Archives/edgar/data/0001517413/000119312521041495/d92467dsc13ga.htm"}, {"form_type": "5", "filings_date": "2021-02-11", "url": "https://www.sec.gov/Archives/edgar/data/0001517413/000120919121009768/xslF345X03/doc5.xml"}, {"form_type": "SC 13G/A", "filings_date": "2021-02-11", "url": "https://www.sec.gov/Archives/edgar/data/0001517413/000089542121000109/FastlyInc.txt"}, {"form_type": "SC 13G", "filings_date": "2021-02-10", "url": "https://www.sec.gov/Archives/edgar/data/0001517413/000110465921018062/tv0846-fastlyincclassa.htm"}, {"form_type": "SC 13G/A", "filings_date": "2021-02-09", "url": "https://www.sec.gov/Archives/edgar/data/0001517413/000076999321000046/FASTLYINCFIN.txt"}, {"form_type": "SC 13G/A", "filings_date": "2021-02-08", "url": "https://www.sec.gov/Archives/edgar/data/0001517413/000031506621000978/filing.txt"}, {"form_type": "SC 13G/A", "filings_date": "2021-02-04", "url": "https://www.sec.gov/Archives/edgar/data/0001517413/000090445421000122/s13ga_123120-fastly.htm"}, {"form_type": "5", "filings_date": "2021-02-03", "url": "https://www.sec.gov/Archives/edgar/data/0001517413/000120919121007268/xslF345X03/doc5.xml"}, {"form_type": "4", "filings_date": "2021-01-27", "url": "https://www.sec.gov/Archives/edgar/data/0001517413/000151741321000002/xslF345X03/wf-form4_161179219085504.xml"}, {"form_type": "4", "filings_date": "2020-12-29", "url": "https://www.sec.gov/Archives/edgar/data/0001517413/000151741320000283/xslF345X03/wf-form4_160927799901598.xml"}, {"form_type": "4/A", "filings_date": "2020-12-04", "url": "https://www.sec.gov/Archives/edgar/data/0001517413/000151741320000281/xslF345X03/wf-form4a_160712297833358.xml"}, {"form_type": "4", "filings_date": "2020-11-27", "url": "https://www.sec.gov/Archives/edgar/data/0001517413/000151741320000279/xslF345X03/wf-form4_160651442386455.xml"}, {"form_type": "4", "filings_date": "2020-11-19", "url": "https://www.sec.gov/Archives/edgar/data/0001517413/000151741320000277/xslF345X03/wf-form4_160583163144333.xml"}, {"form_type": "4", "filings_date": "2020-11-19", "url": "https://www.sec.gov/Archives/edgar/data/0001517413/000151741320000276/xslF345X03/wf-form4_160583160792404.xml"}, {"form_type": "4", "filings_date": "2020-11-19", "url": "https://www.sec.gov/Archives/edgar/data/0001517413/000151741320000275/xslF345X03/wf-form4_160583158851302.xml"}, {"form_type": "4", "filings_date": "2020-11-19", "url": "https://www.sec.gov/Archives/edgar/data/0001517413/000151741320000271/xslF345X03/wf-form4_160583090852823.xml"}, {"form_type": "4/A", "filings_date": "2020-11-19", "url": "https://www.sec.gov/Archives/edgar/data/0001517413/000151741320000269/xslF345X03/wf-form4a_160583068473352.xml"}, {"form_type": "4", "filings_date": "2020-11-18", "url": "https://www.sec.gov/Archives/edgar/data/0001517413/000151741320000267/xslF345X03/wf-form4_160573817431157.xml"}, {"form_type": "4", "filings_date": "2020-11-12", "url": "https://www.sec.gov/Archives/edgar/data/0001517413/000151741320000265/xslF345X03/wf-form4_160521840888051.xml"}, {"form_type": "SC 13G", "filings_date": "2020-11-10", "url": "https://www.sec.gov/Archives/edgar/data/0001517413/000089542120000543/Fastly.txt"}, {"form_type": "10-Q", "filings_date": "2020-11-06", "url": "https://www.sec.gov/Archives/edgar/data/0001517413/000151741320000263/fsly-20200930.htm"}, {"form_type": "4", "filings_date": "2020-11-04", "url": "https://www.sec.gov/Archives/edgar/data/0001517413/000151741320000260/xslF345X03/wf-form4_160452963193700.xml"}, {"form_type": "8-K/A", "filings_date": "2020-10-30", "url": "https://www.sec.gov/Archives/edgar/data/0001517413/000151741320000257/fsly-20201028.htm"}, {"form_type": "4", "filings_date": "2020-10-28", "url": "https://www.sec.gov/Archives/edgar/data/0001517413/000151741320000252/xslF345X03/wf-form4_160392145556435.xml"}, {"form_type": "8-K", "filings_date": "2020-10-28", "url": "https://www.sec.gov/Archives/edgar/data/0001517413/000151741320000250/fsly-20201028.htm"}, {"form_type": "4", "filings_date": "2020-10-27", "url": "https://www.sec.gov/Archives/edgar/data/0001517413/000151741320000246/xslF345X03/wf-form4_160383342461035.xml"}, {"form_type": "4", "filings_date": "2020-10-21", "url": "https://www.sec.gov/Archives/edgar/data/0001517413/000151741320000244/xslF345X03/wf-form4_160331520866824.xml"}, {"form_type": "4", "filings_date": "2020-10-20", "url": "https://www.sec.gov/Archives/edgar/data/0001517413/000151741320000242/xslF345X03/wf-form4_160322878723482.xml"}, {"form_type": "4", "filings_date": "2020-10-19", "url": "https://www.sec.gov/Archives/edgar/data/0001517413/000151741320000240/xslF345X03/wf-form4_160314291076711.xml"}, {"form_type": "D", "filings_date": "2020-10-16", "url": "https://www.sec.gov/Archives/edgar/data/0001517413/000124323320000008/xslFormDX01/primary_doc.xml"}, {"form_type": "S-8", "filings_date": "2020-10-15", "url": "https://www.sec.gov/Archives/edgar/data/0001517413/000151741320000238/fastly-sx8projectgriffon.htm"}, {"form_type": "S-3ASR", "filings_date": "2020-10-15", "url": "https://www.sec.gov/Archives/edgar/data/0001517413/000151741320000235/fastly-sx3asrprojectgr.htm"}, {"form_type": "4", "filings_date": "2020-10-14", "url": "https://www.sec.gov/Archives/edgar/data/0001517413/000151741320000229/xslF345X03/wf-form4_160271022384454.xml"}, {"form_type": "8-K", "filings_date": "2020-10-14", "url": "https://www.sec.gov/Archives/edgar/data/0001517413/000151741320000227/fsly-20201012.htm"}, {"form_type": "4", "filings_date": "2020-10-07", "url": "https://www.sec.gov/Archives/edgar/data/0001517413/000151741320000223/xslF345X03/wf-form4_160210556556985.xml"}, {"form_type": "4", "filings_date": "2020-10-06", "url": "https://www.sec.gov/Archives/edgar/data/0001517413/000151741320000221/xslF345X03/wf-form4_160201978572157.xml"}, {"form_type": "4", "filings_date": "2020-10-05", "url": "https://www.sec.gov/Archives/edgar/data/0001517413/000151741320000219/xslF345X03/wf-form4_160193268249756.xml"}, {"form_type": "8-K", "filings_date": "2020-10-02", "url": "https://www.sec.gov/Archives/edgar/data/0001517413/000151741320000218/projectgriffon-closing.htm"}, {"form_type": "4", "filings_date": "2020-09-30", "url": "https://www.sec.gov/Archives/edgar/data/0001517413/000151741320000214/xslF345X03/wf-form4_160150904745602.xml"}, {"form_type": "4", "filings_date": "2020-09-28", "url": "https://www.sec.gov/Archives/edgar/data/0001517413/000151741320000212/xslF345X03/wf-form4_160133235371311.xml"}, {"form_type": "4", "filings_date": "2020-09-25", "url": "https://www.sec.gov/Archives/edgar/data/0001517413/000151741320000210/xslF345X03/wf-form4_160106885039581.xml"}, {"form_type": "4", "filings_date": "2020-09-23", "url": "https://www.sec.gov/Archives/edgar/data/0001517413/000151741320000208/xslF345X03/wf-form4_160089674594672.xml"}, {"form_type": "4", "filings_date": "2020-09-22", "url": "https://www.sec.gov/Archives/edgar/data/0001517413/000151741320000206/xslF345X03/wf-form4_160080864821729.xml"}, {"form_type": "4", "filings_date": "2020-09-17", "url": "https://www.sec.gov/Archives/edgar/data/0001517413/000151741320000204/xslF345X03/wf-form4_160038036597844.xml"}, {"form_type": "4", "filings_date": "2020-09-16", "url": "https://www.sec.gov/Archives/edgar/data/0001517413/000151741320000202/xslF345X03/wf-form4_160029062363012.xml"}, {"form_type": "SC 13G/A", "filings_date": "2020-09-10", "url": "https://www.sec.gov/Archives/edgar/data/0001517413/000089542120000487/fastly.txt"}, {"form_type": "4", "filings_date": "2020-09-10", "url": "https://www.sec.gov/Archives/edgar/data/0001517413/000151741320000200/xslF345X03/wf-form4_159977190202537.xml"}, {"form_type": "4", "filings_date": "2020-09-09", "url": "https://www.sec.gov/Archives/edgar/data/0001517413/000151741320000198/xslF345X03/wf-form4_159968617769916.xml"}, {"form_type": "4", "filings_date": "2020-09-04", "url": "https://www.sec.gov/Archives/edgar/data/0001517413/000120919120049643/xslF345X03/doc4.xml"}, {"form_type": "4", "filings_date": "2020-09-04", "url": "https://www.sec.gov/Archives/edgar/data/0001517413/000120919120049638/xslF345X03/doc4.xml"}, {"form_type": "4", "filings_date": "2020-09-02", "url": "https://www.sec.gov/Archives/edgar/data/0001517413/000151741320000196/xslF345X03/wf-form4_159908036743495.xml"}, {"form_type": "4", "filings_date": "2020-09-01", "url": "https://www.sec.gov/Archives/edgar/data/0001517413/000120919120048976/xslF345X03/doc4.xml"}, {"form_type": "4", "filings_date": "2020-09-01", "url": "https://www.sec.gov/Archives/edgar/data/0001517413/000120919120048939/xslF345X03/doc4.xml"}, {"form_type": "8-K", "filings_date": "2020-08-27", "url": "https://www.sec.gov/Archives/edgar/data/0001517413/000151741320000194/fsly-20200826.htm"}, {"form_type": "4", "filings_date": "2020-08-26", "url": "https://www.sec.gov/Archives/edgar/data/0001517413/000151741320000190/xslF345X03/wf-form4_159847643803094.xml"}, {"form_type": "4", "filings_date": "2020-08-26", "url": "https://www.sec.gov/Archives/edgar/data/0001517413/000151741320000189/xslF345X03/wf-form4_159847641938407.xml"}, {"form_type": "4", "filings_date": "2020-08-25", "url": "https://www.sec.gov/Archives/edgar/data/0001517413/000151741320000186/xslF345X03/wf-form4_159838895568739.xml"}, {"form_type": "4", "filings_date": "2020-08-21", "url": "https://www.sec.gov/Archives/edgar/data/0001517413/000151741320000184/xslF345X03/wf-form4_159804243209793.xml"}, {"form_type": "4", "filings_date": "2020-08-21", "url": "https://www.sec.gov/Archives/edgar/data/0001517413/000151741320000183/xslF345X03/wf-form4_159804241692947.xml"}, {"form_type": "4", "filings_date": "2020-08-20", "url": "https://www.sec.gov/Archives/edgar/data/0001517413/000151741320000180/xslF345X03/wf-form4_159795479548895.xml"}, {"form_type": "4", "filings_date": "2020-08-20", "url": "https://www.sec.gov/Archives/edgar/data/0001517413/000151741320000179/xslF345X03/wf-form4_159795477892605.xml"}, {"form_type": "4", "filings_date": "2020-08-19", "url": "https://www.sec.gov/Archives/edgar/data/0001517413/000151741320000176/xslF345X03/wf-form4_159786822339084.xml"}, {"form_type": "4", "filings_date": "2020-08-19", "url": "https://www.sec.gov/Archives/edgar/data/0001517413/000151741320000175/xslF345X03/wf-form4_159786815167038.xml"}, {"form_type": "4", "filings_date": "2020-08-13", "url": "https://www.sec.gov/Archives/edgar/data/0001517413/000151741320000172/xslF345X03/wf-form4_159735321587294.xml"}, {"form_type": "4", "filings_date": "2020-08-11", "url": "https://www.sec.gov/Archives/edgar/data/0001517413/000151741320000170/xslF345X03/wf-form4_159717971709559.xml"}, {"form_type": "4", "filings_date": "2020-08-11", "url": "https://www.sec.gov/Archives/edgar/data/0001517413/000151741320000168/xslF345X03/wf-form4_159714136994981.xml"}, {"form_type": "4", "filings_date": "2020-08-11", "url": "https://www.sec.gov/Archives/edgar/data/0001517413/000151741320000166/xslF345X03/wf-form4_159714118730778.xml"}, {"form_type": "S-3ASR", "filings_date": "2020-08-07", "url": "https://www.sec.gov/Archives/edgar/data/0001517413/000151741320000164/fastly-universalsx3asr.htm"}, {"form_type": "10-Q", "filings_date": "2020-08-07", "url": "https://www.sec.gov/Archives/edgar/data/0001517413/000151741320000162/fsly-20200630.htm"}, {"form_type": "8-K", "filings_date": "2020-08-05", "url": "https://www.sec.gov/Archives/edgar/data/0001517413/000151741320000157/fsly-20200805.htm"}, {"form_type": "4", "filings_date": "2020-07-30", "url": "https://www.sec.gov/Archives/edgar/data/0001517413/000151741320000151/xslF345X03/wf-form4_159615693596295.xml"}, {"form_type": "4", "filings_date": "2020-07-28", "url": "https://www.sec.gov/Archives/edgar/data/0001517413/000151741320000149/xslF345X03/wf-form4_159597081673713.xml"}, {"form_type": "4", "filings_date": "2020-07-28", "url": "https://www.sec.gov/Archives/edgar/data/0001517413/000151741320000148/xslF345X03/wf-form4_159597060932984.xml"}, {"form_type": "4", "filings_date": "2020-07-16", "url": "https://www.sec.gov/Archives/edgar/data/0001517413/000151741320000143/xslF345X03/wf-form4_159494105303809.xml"}, {"form_type": "4", "filings_date": "2020-07-14", "url": "https://www.sec.gov/Archives/edgar/data/0001517413/000151741320000141/xslF345X03/wf-form4_159475970004196.xml"}, {"form_type": "4", "filings_date": "2020-06-30", "url": "https://www.sec.gov/Archives/edgar/data/0001517413/000151741320000139/xslF345X03/wf-form4_159354796233135.xml"}, {"form_type": "4", "filings_date": "2020-06-26", "url": "https://www.sec.gov/Archives/edgar/data/0001517413/000151741320000137/xslF345X03/wf-form4_159320448857800.xml"}, {"form_type": "4", "filings_date": "2020-06-17", "url": "https://www.sec.gov/Archives/edgar/data/0001517413/000151741320000135/xslF345X03/wf-form4_159242740117941.xml"}, {"form_type": "4", "filings_date": "2020-06-17", "url": "https://www.sec.gov/Archives/edgar/data/0001517413/000151741320000134/xslF345X03/wf-form4_159242737963528.xml"}, {"form_type": "4", "filings_date": "2020-06-16", "url": "https://www.sec.gov/Archives/edgar/data/0001517413/000151741320000131/xslF345X03/wf-form4_159233941732852.xml"}, {"form_type": "4", "filings_date": "2020-06-11", "url": "https://www.sec.gov/Archives/edgar/data/0001517413/000151741320000129/xslF345X03/wf-form4_159192091540465.xml"}, {"form_type": "4", "filings_date": "2020-06-11", "url": "https://www.sec.gov/Archives/edgar/data/0001517413/000151741320000128/xslF345X03/wf-form4_159192089026789.xml"}, {"form_type": "4", "filings_date": "2020-06-11", "url": "https://www.sec.gov/Archives/edgar/data/0001517413/000151741320000127/xslF345X03/wf-form4_159192086935602.xml"}, {"form_type": "4", "filings_date": "2020-06-11", "url": "https://www.sec.gov/Archives/edgar/data/0001517413/000151741320000126/xslF345X03/wf-form4_159192084248873.xml"}, {"form_type": "4", "filings_date": "2020-06-11", "url": "https://www.sec.gov/Archives/edgar/data/0001517413/000151741320000125/xslF345X03/wf-form4_159192081919234.xml"}, {"form_type": "8-K", "filings_date": "2020-06-10", "url": "https://www.sec.gov/Archives/edgar/data/0001517413/000119312520165805/d890035d8k.htm"}, {"form_type": "4", "filings_date": "2020-06-05", "url": "https://www.sec.gov/Archives/edgar/data/0001517413/000151741320000118/xslF345X03/wf-form4_159139199278144.xml"}, {"form_type": "DEFA14A", "filings_date": "2020-06-03", "url": "https://www.sec.gov/Archives/edgar/data/0001517413/000119312520159044/d936249ddefa14a.htm"}, {"form_type": "4", "filings_date": "2020-06-02", "url": "https://www.sec.gov/Archives/edgar/data/0001517413/000151741320000116/xslF345X03/wf-form4_159113187001462.xml"}, {"form_type": "4", "filings_date": "2020-05-29", "url": "https://www.sec.gov/Archives/edgar/data/0001517413/000151741320000114/xslF345X03/wf-form4_159078348480716.xml"}, {"form_type": "SC 13G", "filings_date": "2020-05-29", "url": "https://www.sec.gov/Archives/edgar/data/0001517413/000138732220000010/wrfsly13g.htm"}, {"form_type": "4", "filings_date": "2020-05-28", "url": "https://www.sec.gov/Archives/edgar/data/0001517413/000151741320000112/xslF345X03/wf-form4_159069966565791.xml"}, {"form_type": "4", "filings_date": "2020-05-27", "url": "https://www.sec.gov/Archives/edgar/data/0001517413/000120919120032335/xslF345X03/doc4.xml"}, {"form_type": "4", "filings_date": "2020-05-26", "url": "https://www.sec.gov/Archives/edgar/data/0001517413/000120919120032170/xslF345X03/doc4.xml"}, {"form_type": "4", "filings_date": "2020-05-26", "url": "https://www.sec.gov/Archives/edgar/data/0001517413/000151741320000110/xslF345X03/wf-form4_159052828957883.xml"}, {"form_type": "4", "filings_date": "2020-05-26", "url": "https://www.sec.gov/Archives/edgar/data/0001517413/000151741320000109/xslF345X03/wf-form4_159052826627671.xml"}, {"form_type": "4", "filings_date": "2020-05-26", "url": "https://www.sec.gov/Archives/edgar/data/0001517413/000090445420000381/xslF345X03/edgar.xml"}, {"form_type": "424B4", "filings_date": "2020-05-21", "url": "https://www.sec.gov/Archives/edgar/data/0001517413/000162828020008240/fastly424b520.htm"}, {"form_type": "EFFECT", "filings_date": "2020-05-20", "url": "https://www.sec.gov/Archives/edgar/data/0001517413/999999999520001226/xslEFFECTX01/primary_doc.xml"}, {"form_type": "4", "filings_date": "2020-05-20", "url": "https://www.sec.gov/Archives/edgar/data/0001517413/000151741320000106/xslF345X03/wf-form4_159000961408175.xml"}, {"form_type": "4", "filings_date": "2020-05-19", "url": "https://www.sec.gov/Archives/edgar/data/0001517413/000151741320000104/xslF345X03/wf-form4_158992346273403.xml"}, {"form_type": "4", "filings_date": "2020-05-19", "url": "https://www.sec.gov/Archives/edgar/data/0001517413/000151741320000103/xslF345X03/wf-form4_158992344152278.xml"}, {"form_type": "CORRESP", "filings_date": "2020-05-18", "url": "https://www.sec.gov/Archives/edgar/data/0001517413/000162828020007971/filename1.htm"}, {"form_type": "CORRESP", "filings_date": "2020-05-18", "url": "https://www.sec.gov/Archives/edgar/data/0001517413/000162828020007969/filename1.htm"}, {"form_type": "S-1", "filings_date": "2020-05-18", "url": "https://www.sec.gov/Archives/edgar/data/0001517413/000162828020007961/fastlys-151820.htm"}, {"form_type": "UPLOAD", "filings_date": "2020-05-14", "url": "https://www.sec.gov/Archives/edgar/data/0001517413/000000000020004307/filename1.pdf"}, {"form_type": "DRS", "filings_date": "2020-05-12", "url": "https://www.sec.gov/Archives/edgar/data/0001517413/000162827920000086/filename1.htm"}, {"form_type": "4", "filings_date": "2020-05-12", "url": "https://www.sec.gov/Archives/edgar/data/0001517413/000120919120028466/xslF345X03/doc4.xml"}, {"form_type": "4", "filings_date": "2020-05-11", "url": "https://www.sec.gov/Archives/edgar/data/0001517413/000151741320000100/xslF345X03/wf-form4_158923253956164.xml"}, {"form_type": "4", "filings_date": "2020-05-11", "url": "https://www.sec.gov/Archives/edgar/data/0001517413/000151741320000099/xslF345X03/wf-form4_158923251791379.xml"}, {"form_type": "4", "filings_date": "2020-05-11", "url": "https://www.sec.gov/Archives/edgar/data/0001517413/000151741320000098/xslF345X03/wf-form4_158923249515094.xml"}, {"form_type": "10-Q", "filings_date": "2020-05-08", "url": "https://www.sec.gov/Archives/edgar/data/0001517413/000151741320000094/fsly-10qx33120.htm"}, {"form_type": "4", "filings_date": "2020-05-07", "url": "https://www.sec.gov/Archives/edgar/data/0001517413/000151741320000092/xslF345X03/wf-form4_158888350935842.xml"}, {"form_type": "8-K", "filings_date": "2020-05-06", "url": "https://www.sec.gov/Archives/edgar/data/0001517413/000151741320000090/fsly-8xkx33120.htm"}, {"form_type": "4", "filings_date": "2020-05-05", "url": "https://www.sec.gov/Archives/edgar/data/0001517413/000151741320000085/xslF345X03/wf-form4_158871309376127.xml"}, {"form_type": "4", "filings_date": "2020-05-04", "url": "https://www.sec.gov/Archives/edgar/data/0001517413/000151741320000083/xslF345X03/wf-form4_158863624142845.xml"}, {"form_type": "4", "filings_date": "2020-04-29", "url": "https://www.sec.gov/Archives/edgar/data/0001517413/000151741320000080/xslF345X03/wf-form4_158820403021565.xml"}, {"form_type": "4", "filings_date": "2020-04-29", "url": "https://www.sec.gov/Archives/edgar/data/0001517413/000151741320000078/xslF345X03/wf-form4_158820391715321.xml"}, {"form_type": "4", "filings_date": "2020-04-29", "url": "https://www.sec.gov/Archives/edgar/data/0001517413/000151741320000076/xslF345X03/wf-form4_158820381960578.xml"}, {"form_type": "4", "filings_date": "2020-04-28", "url": "https://www.sec.gov/Archives/edgar/data/0001517413/000151741320000074/xslF345X03/wf-form4_158811374270595.xml"}, {"form_type": "4", "filings_date": "2020-04-27", "url": "https://www.sec.gov/Archives/edgar/data/0001517413/000151741320000072/xslF345X03/wf-form4_158801855240173.xml"}, {"form_type": "DEFA14A", "filings_date": "2020-04-24", "url": "https://www.sec.gov/Archives/edgar/data/0001517413/000114036120009685/nc10009191x2_defa14a.htm"}, {"form_type": "DEF 14A", "filings_date": "2020-04-24", "url": "https://www.sec.gov/Archives/edgar/data/0001517413/000114036120009681/nc10009191x1_def14a.htm"}, {"form_type": "4", "filings_date": "2020-04-22", "url": "https://www.sec.gov/Archives/edgar/data/0001517413/000151741320000070/xslF345X03/wf-form4_158759702555090.xml"}, {"form_type": "4", "filings_date": "2020-04-21", "url": "https://www.sec.gov/Archives/edgar/data/0001517413/000151741320000068/xslF345X03/wf-form4_158750287572943.xml"}, {"form_type": "4", "filings_date": "2020-04-20", "url": "https://www.sec.gov/Archives/edgar/data/0001517413/000151741320000066/xslF345X03/wf-form4_158741677611462.xml"}, {"form_type": "4", "filings_date": "2020-04-17", "url": "https://www.sec.gov/Archives/edgar/data/0001517413/000151741320000064/xslF345X03/wf-form4_158715854622844.xml"}, {"form_type": "4", "filings_date": "2020-04-16", "url": "https://www.sec.gov/Archives/edgar/data/0001517413/000151741320000062/xslF345X03/wf-form4_158707060340816.xml"}, {"form_type": "4", "filings_date": "2020-04-15", "url": "https://www.sec.gov/Archives/edgar/data/0001517413/000151741320000060/xslF345X03/wf-form4_158698259599401.xml"}, {"form_type": "S-8", "filings_date": "2020-04-13", "url": "https://www.sec.gov/Archives/edgar/data/0001517413/000119312520105264/d888871ds8.htm"}, {"form_type": "4", "filings_date": "2020-04-13", "url": "https://www.sec.gov/Archives/edgar/data/0001517413/000151741320000058/xslF345X03/wf-form4_158680891572499.xml"}, {"form_type": "PRE 14A", "filings_date": "2020-04-13", "url": "https://www.sec.gov/Archives/edgar/data/0001517413/000151741320000056/fsly2020-pre14a.htm"}, {"form_type": "4", "filings_date": "2020-04-08", "url": "https://www.sec.gov/Archives/edgar/data/0001517413/000151741320000054/xslF345X03/wf-form4_158637892306279.xml"}, {"form_type": "4", "filings_date": "2020-04-07", "url": "https://www.sec.gov/Archives/edgar/data/0001517413/000151741320000052/xslF345X03/wf-form4_158630128910383.xml"}, {"form_type": "4", "filings_date": "2020-04-06", "url": "https://www.sec.gov/Archives/edgar/data/0001517413/000151741320000050/xslF345X03/wf-form4_158621148630487.xml"}, {"form_type": "4", "filings_date": "2020-04-02", "url": "https://www.sec.gov/Archives/edgar/data/0001517413/000090445420000312/xslF345X03/edgar.xml"}, {"form_type": "4", "filings_date": "2020-03-30", "url": "https://www.sec.gov/Archives/edgar/data/0001517413/000151741320000047/xslF345X03/wf-form4_158560172428830.xml"}, {"form_type": "4", "filings_date": "2020-03-26", "url": "https://www.sec.gov/Archives/edgar/data/0001517413/000120919120021307/xslF345X03/doc4.xml"}, {"form_type": "4", "filings_date": "2020-03-24", "url": "https://www.sec.gov/Archives/edgar/data/0001517413/000120919120020958/xslF345X03/doc4.xml"}, {"form_type": "4", "filings_date": "2020-03-23", "url": "https://www.sec.gov/Archives/edgar/data/0001517413/000120919120020752/xslF345X03/doc4.xml"}, {"form_type": "4", "filings_date": "2020-03-23", "url": "https://www.sec.gov/Archives/edgar/data/0001517413/000120919120020746/xslF345X03/doc4.xml"}, {"form_type": "4", "filings_date": "2020-03-23", "url": "https://www.sec.gov/Archives/edgar/data/0001517413/000120919120020742/xslF345X03/doc4.xml"}, {"form_type": "4", "filings_date": "2020-03-23", "url": "https://www.sec.gov/Archives/edgar/data/0001517413/000090445420000306/xslF345X03/edgar.xml"}, {"form_type": "4", "filings_date": "2020-03-19", "url": "https://www.sec.gov/Archives/edgar/data/0001517413/000089924320008970/xslF345X03/doc4.xml"}, {"form_type": "4", "filings_date": "2020-03-17", "url": "https://www.sec.gov/Archives/edgar/data/0001517413/000090445420000296/xslF345X03/edgar.xml"}, {"form_type": "4", "filings_date": "2020-03-12", "url": "https://www.sec.gov/Archives/edgar/data/0001517413/000090445420000292/xslF345X03/edgar.xml"}, {"form_type": "3", "filings_date": "2020-03-12", "url": "https://www.sec.gov/Archives/edgar/data/0001517413/000090445420000290/xslF345X02/edgar.xml"}, {"form_type": "SC 13G/A", "filings_date": "2020-03-10", "url": "https://www.sec.gov/Archives/edgar/data/0001517413/000119312520069157/d824723dsc13ga.htm"}, {"form_type": "4", "filings_date": "2020-03-10", "url": "https://www.sec.gov/Archives/edgar/data/0001517413/000120919120017753/xslF345X03/doc4.xml"}, {"form_type": "4", "filings_date": "2020-03-09", "url": "https://www.sec.gov/Archives/edgar/data/0001517413/000120919120017429/xslF345X03/doc4.xml"}, {"form_type": "4", "filings_date": "2020-03-09", "url": "https://www.sec.gov/Archives/edgar/data/0001517413/000120919120017426/xslF345X03/doc4.xml"}, {"form_type": "4", "filings_date": "2020-03-09", "url": "https://www.sec.gov/Archives/edgar/data/0001517413/000120919120017423/xslF345X03/doc4.xml"}, {"form_type": "SC 13G", "filings_date": "2020-03-06", "url": "https://www.sec.gov/Archives/edgar/data/0001517413/000089542120000270/FastlyInc.txt"}, {"form_type": "4", "filings_date": "2020-03-06", "url": "https://www.sec.gov/Archives/edgar/data/0001517413/000120919120016912/xslF345X03/doc4.xml"}, {"form_type": "SC 13G/A", "filings_date": "2020-03-05", "url": "https://www.sec.gov/Archives/edgar/data/0001517413/000119312520063211/d868807dsc13ga.htm"}, {"form_type": "4", "filings_date": "2020-03-04", "url": "https://www.sec.gov/Archives/edgar/data/0001517413/000120919120016329/xslF345X03/doc4.xml"}, {"form_type": "4", "filings_date": "2020-03-04", "url": "https://www.sec.gov/Archives/edgar/data/0001517413/000151741320000045/xslF345X03/wf-form4_158336382269127.xml"}, {"form_type": "10-K", "filings_date": "2020-03-04", "url": "https://www.sec.gov/Archives/edgar/data/0001517413/000151741320000043/fsly-10kx123119.htm"}, {"form_type": "4", "filings_date": "2020-03-02", "url": "https://www.sec.gov/Archives/edgar/data/0001517413/000151741320000040/xslF345X03/wf-form4_158319899590831.xml"}, {"form_type": "4", "filings_date": "2020-03-02", "url": "https://www.sec.gov/Archives/edgar/data/0001517413/000151741320000038/xslF345X03/wf-form4_158319879752284.xml"}, {"form_type": "SC 13G/A", "filings_date": "2020-03-02", "url": "https://www.sec.gov/Archives/edgar/data/0001517413/000090445420000275/s13ga_030220-fastly.htm"}, {"form_type": "4", "filings_date": "2020-02-28", "url": "https://www.sec.gov/Archives/edgar/data/0001517413/000120919120014246/xslF345X03/doc4.xml"}, {"form_type": "4", "filings_date": "2020-02-28", "url": "https://www.sec.gov/Archives/edgar/data/0001517413/000120919120014245/xslF345X03/doc4.xml"}, {"form_type": "4", "filings_date": "2020-02-27", "url": "https://www.sec.gov/Archives/edgar/data/0001517413/000120919120013449/xslF345X03/doc4.xml"}, {"form_type": "4", "filings_date": "2020-02-27", "url": "https://www.sec.gov/Archives/edgar/data/0001517413/000120919120013446/xslF345X03/doc4.xml"}, {"form_type": "4", "filings_date": "2020-02-26", "url": "https://www.sec.gov/Archives/edgar/data/0001517413/000151741320000034/xslF345X03/wf-form4_158276730905203.xml"}, {"form_type": "4", "filings_date": "2020-02-25", "url": "https://www.sec.gov/Archives/edgar/data/0001517413/000151741320000032/xslF345X03/wf-form4_158266791213821.xml"}, {"form_type": "4", "filings_date": "2020-02-24", "url": "https://www.sec.gov/Archives/edgar/data/0001517413/000151741320000030/xslF345X03/wf-form4_158258388714779.xml"}, {"form_type": "4", "filings_date": "2020-02-20", "url": "https://www.sec.gov/Archives/edgar/data/0001517413/000120919120011148/xslF345X03/doc4.xml"}, {"form_type": "4", "filings_date": "2020-02-20", "url": "https://www.sec.gov/Archives/edgar/data/0001517413/000120919120011141/xslF345X03/doc4.xml"}, {"form_type": "4", "filings_date": "2020-02-20", "url": "https://www.sec.gov/Archives/edgar/data/0001517413/000120919120011134/xslF345X03/doc4.xml"}, {"form_type": "4", "filings_date": "2020-02-20", "url": "https://www.sec.gov/Archives/edgar/data/0001517413/000120919120011130/xslF345X03/doc4.xml"}, {"form_type": "4", "filings_date": "2020-02-20", "url": "https://www.sec.gov/Archives/edgar/data/0001517413/000120919120011123/xslF345X03/doc4.xml"}, {"form_type": "8-K", "filings_date": "2020-02-20", "url": "https://www.sec.gov/Archives/edgar/data/0001517413/000119312520043520/d888079d8k.htm"}, {"form_type": "8-K", "filings_date": "2020-02-20", "url": "https://www.sec.gov/Archives/edgar/data/0001517413/000119312520043507/d667390d8k.htm"}, {"form_type": "4/A", "filings_date": "2020-02-19", "url": "https://www.sec.gov/Archives/edgar/data/0001517413/000120919120010870/xslF345X03/doc4a.xml"}, {"form_type": "4", "filings_date": "2020-02-14", "url": "https://www.sec.gov/Archives/edgar/data/0001517413/000151741320000028/xslF345X03/wf-form4_158171620655764.xml"}, {"form_type": "SC 13G/A", "filings_date": "2020-02-14", "url": "https://www.sec.gov/Archives/edgar/data/0001517413/000090445420000202/s13ga_012620-fastly.htm"}, {"form_type": "SC 13G", "filings_date": "2020-02-14", "url": "https://www.sec.gov/Archives/edgar/data/0001517413/000119312520038166/d874799dsc13g.htm"}, {"form_type": "SC 13G", "filings_date": "2020-02-14", "url": "https://www.sec.gov/Archives/edgar/data/0001517413/000119312520038136/d875598dsc13g.htm"}, {"form_type": "SC 13G", "filings_date": "2020-02-14", "url": "https://www.sec.gov/Archives/edgar/data/0001517413/000119312520038082/d886939dsc13g.htm"}, {"form_type": "4", "filings_date": "2020-02-11", "url": "https://www.sec.gov/Archives/edgar/data/0001517413/000151741320000026/xslF345X03/wf-form4_158146009104405.xml"}, {"form_type": "4", "filings_date": "2020-02-10", "url": "https://www.sec.gov/Archives/edgar/data/0001517413/000151741320000024/xslF345X03/wf-form4_158137184968980.xml"}, {"form_type": "SC 13G", "filings_date": "2020-02-07", "url": "https://www.sec.gov/Archives/edgar/data/0001517413/000031506620000969/filing.txt"}, {"form_type": "SC 13G", "filings_date": "2020-02-06", "url": "https://www.sec.gov/Archives/edgar/data/0001517413/000110465920011919/tm206866-1_sc13g.htm"}, {"form_type": "4", "filings_date": "2020-02-06", "url": "https://www.sec.gov/Archives/edgar/data/0001517413/000120919120007146/xslF345X03/doc4.xml"}, {"form_type": "4", "filings_date": "2020-02-03", "url": "https://www.sec.gov/Archives/edgar/data/0001517413/000151741320000022/xslF345X03/wf-form4_158076770560641.xml"}, {"form_type": "SC 13G", "filings_date": "2020-01-30", "url": "https://www.sec.gov/Archives/edgar/data/0001517413/000076999320000063/13G_Fastly.txt"}, {"form_type": "4", "filings_date": "2020-01-28", "url": "https://www.sec.gov/Archives/edgar/data/0001517413/000120919120005227/xslF345X03/doc4.xml"}, {"form_type": "4", "filings_date": "2020-01-27", "url": "https://www.sec.gov/Archives/edgar/data/0001517413/000151741320000020/xslF345X03/wf-form4_158015945788837.xml"}, {"form_type": "4", "filings_date": "2020-01-23", "url": "https://www.sec.gov/Archives/edgar/data/0001517413/000151741320000018/xslF345X03/wf-form4_157981774430838.xml"}, {"form_type": "4", "filings_date": "2020-01-23", "url": "https://www.sec.gov/Archives/edgar/data/0001517413/000151741320000016/xslF345X03/wf-form4_157981747780383.xml"}, {"form_type": "4", "filings_date": "2020-01-17", "url": "https://www.sec.gov/Archives/edgar/data/0001517413/000151741320000014/xslF345X03/wf-form4_157929784909970.xml"}, {"form_type": "4", "filings_date": "2020-01-17", "url": "https://www.sec.gov/Archives/edgar/data/0001517413/000151741320000012/xslF345X03/wf-form4_157929756801601.xml"}, {"form_type": "4", "filings_date": "2020-01-14", "url": "https://www.sec.gov/Archives/edgar/data/0001517413/000151741320000010/xslF345X03/wf-form4_157904404840304.xml"}, {"form_type": "4", "filings_date": "2020-01-10", "url": "https://www.sec.gov/Archives/edgar/data/0001517413/000151741320000008/xslF345X03/wf-form4_157869284792035.xml"}, {"form_type": "4", "filings_date": "2020-01-09", "url": "https://www.sec.gov/Archives/edgar/data/0001517413/000151741320000006/xslF345X03/wf-form4_157860455249795.xml"}, {"form_type": "4", "filings_date": "2020-01-08", "url": "https://www.sec.gov/Archives/edgar/data/0001517413/000151741320000004/xslF345X03/wf-form4_157851914937836.xml"}, {"form_type": "4", "filings_date": "2020-01-08", "url": "https://www.sec.gov/Archives/edgar/data/0001517413/000120919120002514/xslF345X03/doc4.xml"}, {"form_type": "4", "filings_date": "2020-01-03", "url": "https://www.sec.gov/Archives/edgar/data/0001517413/000151741320000002/xslF345X03/wf-form4_157809270531003.xml"}, {"form_type": "4", "filings_date": "2019-12-30", "url": "https://www.sec.gov/Archives/edgar/data/0001517413/000151741319000063/xslF345X03/wf-form4_157774433878656.xml"}, {"form_type": "4", "filings_date": "2019-12-30", "url": "https://www.sec.gov/Archives/edgar/data/0001517413/000151741319000061/xslF345X03/wf-form4_157774398404227.xml"}, {"form_type": "4", "filings_date": "2019-12-20", "url": "https://www.sec.gov/Archives/edgar/data/0001517413/000151741319000059/xslF345X03/wf-form4_157688444384838.xml"}, {"form_type": "4", "filings_date": "2019-12-20", "url": "https://www.sec.gov/Archives/edgar/data/0001517413/000151741319000057/xslF345X03/wf-form4_157688430336007.xml"}, {"form_type": "4", "filings_date": "2019-12-19", "url": "https://www.sec.gov/Archives/edgar/data/0001517413/000120919119061402/xslF345X03/doc4.xml"}, {"form_type": "4", "filings_date": "2019-12-18", "url": "https://www.sec.gov/Archives/edgar/data/0001517413/000151741319000054/xslF345X03/wf-form4_157670606853462.xml"}, {"form_type": "4", "filings_date": "2019-12-18", "url": "https://www.sec.gov/Archives/edgar/data/0001517413/000151741319000052/xslF345X03/wf-form4_157670585896940.xml"}, {"form_type": "4", "filings_date": "2019-12-17", "url": "https://www.sec.gov/Archives/edgar/data/0001517413/000151741319000050/xslF345X03/wf-form4_157661839852385.xml"}, {"form_type": "4", "filings_date": "2019-12-16", "url": "https://www.sec.gov/Archives/edgar/data/0001517413/000151741319000048/xslF345X03/wf-form4_157653377990943.xml"}, {"form_type": "4", "filings_date": "2019-12-09", "url": "https://www.sec.gov/Archives/edgar/data/0001517413/000151741319000046/xslF345X03/wf-form4_157593095318539.xml"}, {"form_type": "4", "filings_date": "2019-12-09", "url": "https://www.sec.gov/Archives/edgar/data/0001517413/000120919119059703/xslF345X03/doc4.xml"}, {"form_type": "4", "filings_date": "2019-12-03", "url": "https://www.sec.gov/Archives/edgar/data/0001517413/000151741319000044/xslF345X03/wf-form4_157540994660602.xml"}, {"form_type": "4", "filings_date": "2019-11-27", "url": "https://www.sec.gov/Archives/edgar/data/0001517413/000120919119058360/xslF345X03/doc4.xml"}, {"form_type": "4", "filings_date": "2019-11-27", "url": "https://www.sec.gov/Archives/edgar/data/0001517413/000120919119058324/xslF345X03/doc4.xml"}, {"form_type": "4", "filings_date": "2019-11-27", "url": "https://www.sec.gov/Archives/edgar/data/0001517413/000120919119058319/xslF345X03/doc4.xml"}, {"form_type": "4", "filings_date": "2019-11-25", "url": "https://www.sec.gov/Archives/edgar/data/0001517413/000151741319000042/xslF345X03/wf-form4_157471847400011.xml"}, {"form_type": "4", "filings_date": "2019-11-22", "url": "https://www.sec.gov/Archives/edgar/data/0001517413/000120919119057771/xslF345X03/doc4.xml"}, {"form_type": "4", "filings_date": "2019-11-20", "url": "https://www.sec.gov/Archives/edgar/data/0001517413/000120919119057527/xslF345X03/doc4.xml"}, {"form_type": "4", "filings_date": "2019-11-20", "url": "https://www.sec.gov/Archives/edgar/data/0001517413/000120919119057526/xslF345X03/doc4.xml"}, {"form_type": "4", "filings_date": "2019-11-20", "url": "https://www.sec.gov/Archives/edgar/data/0001517413/000151741319000040/xslF345X03/wf-form4_157428850556858.xml"}, {"form_type": "4", "filings_date": "2019-11-19", "url": "https://www.sec.gov/Archives/edgar/data/0001517413/000151741319000038/xslF345X03/wf-form4_157420444512351.xml"}, {"form_type": "4", "filings_date": "2019-11-19", "url": "https://www.sec.gov/Archives/edgar/data/0001517413/000151741319000035/xslF345X03/wf-form4_157420417596272.xml"}, {"form_type": "4", "filings_date": "2019-11-18", "url": "https://www.sec.gov/Archives/edgar/data/0001517413/000151741319000032/xslF345X03/wf-form4_157411393618185.xml"}, {"form_type": "4", "filings_date": "2019-11-15", "url": "https://www.sec.gov/Archives/edgar/data/0001517413/000120919119056839/xslF345X03/doc4.xml"}, {"form_type": "4", "filings_date": "2019-11-15", "url": "https://www.sec.gov/Archives/edgar/data/0001517413/000151741319000030/xslF345X03/wf-form4_157385972525128.xml"}, {"form_type": "3/A", "filings_date": "2019-11-15", "url": "https://www.sec.gov/Archives/edgar/data/0001517413/000151741319000028/xslF345X02/wf-form3a_157385945992761.xml"}, {"form_type": "4", "filings_date": "2019-11-15", "url": "https://www.sec.gov/Archives/edgar/data/0001517413/000120919119056777/xslF345X03/doc4.xml"}, {"form_type": "4", "filings_date": "2019-11-15", "url": "https://www.sec.gov/Archives/edgar/data/0001517413/000120919119056774/xslF345X03/doc4.xml"}, {"form_type": "SC 13G", "filings_date": "2019-11-13", "url": "https://www.sec.gov/Archives/edgar/data/0001517413/000119312519291025/d819832dsc13g.htm"}, {"form_type": "4", "filings_date": "2019-11-12", "url": "https://www.sec.gov/Archives/edgar/data/0001517413/000089924319027138/xslF345X03/doc4.xml"}, {"form_type": "10-Q", "filings_date": "2019-11-08", "url": "https://www.sec.gov/Archives/edgar/data/0001517413/000151741319000022/fsly-10qx93019.htm"}, {"form_type": "8-K", "filings_date": "2019-11-07", "url": "https://www.sec.gov/Archives/edgar/data/0001517413/000151741319000018/fsly-8xkx93019.htm"}, {"form_type": "4", "filings_date": "2019-08-23", "url": "https://www.sec.gov/Archives/edgar/data/0001517413/000090445419000616/xslF345X03/edgar.xml"}, {"form_type": "SC 13D/A", "filings_date": "2019-08-23", "url": "https://www.sec.gov/Archives/edgar/data/0001517413/000119312519227993/d791811dsc13da.htm"}, {"form_type": "SC 13D/A", "filings_date": "2019-08-21", "url": "https://www.sec.gov/Archives/edgar/data/0001517413/000119312519226135/d794839dsc13da.htm"}, {"form_type": "4", "filings_date": "2019-08-20", "url": "https://www.sec.gov/Archives/edgar/data/0001517413/000090445419000612/xslF345X03/edgar.xml"}, {"form_type": "SC 13D/A", "filings_date": "2019-08-19", "url": "https://www.sec.gov/Archives/edgar/data/0001517413/000119312519224577/d782459dsc13da.htm"}, {"form_type": "4", "filings_date": "2019-08-09", "url": "https://www.sec.gov/Archives/edgar/data/0001517413/000120919119045425/xslF345X03/doc4.xml"}, {"form_type": "3", "filings_date": "2019-08-09", "url": "https://www.sec.gov/Archives/edgar/data/0001517413/000120919119045424/xslF345X02/doc3.xml"}, {"form_type": "4", "filings_date": "2019-08-09", "url": "https://www.sec.gov/Archives/edgar/data/0001517413/000120919119045423/xslF345X03/doc4.xml"}, {"form_type": "4", "filings_date": "2019-08-09", "url": "https://www.sec.gov/Archives/edgar/data/0001517413/000120919119045422/xslF345X03/doc4.xml"}, {"form_type": "4", "filings_date": "2019-08-09", "url": "https://www.sec.gov/Archives/edgar/data/0001517413/000120919119045421/xslF345X03/doc4.xml"}, {"form_type": "4", "filings_date": "2019-08-09", "url": "https://www.sec.gov/Archives/edgar/data/0001517413/000120919119045420/xslF345X03/doc4.xml"}, {"form_type": "4", "filings_date": "2019-08-09", "url": "https://www.sec.gov/Archives/edgar/data/0001517413/000120919119045418/xslF345X03/doc4.xml"}, {"form_type": "10-Q", "filings_date": "2019-08-09", "url": "https://www.sec.gov/Archives/edgar/data/0001517413/000151741319000012/fsly-10qx63019.htm"}, {"form_type": "8-K", "filings_date": "2019-08-08", "url": "https://www.sec.gov/Archives/edgar/data/0001517413/000151741319000010/fsly-8xkx8819.htm"}, {"form_type": "8-K", "filings_date": "2019-08-08", "url": "https://www.sec.gov/Archives/edgar/data/0001517413/000151741319000008/fsly-8xkx63019.htm"}, {"form_type": "4", "filings_date": "2019-08-05", "url": "https://www.sec.gov/Archives/edgar/data/0001517413/000090445419000592/xslF345X03/edgar.xml"}, {"form_type": "SC 13D", "filings_date": "2019-08-05", "url": "https://www.sec.gov/Archives/edgar/data/0001517413/000119312519213079/d785359dsc13d.htm"}, {"form_type": "4", "filings_date": "2019-07-23", "url": "https://www.sec.gov/Archives/edgar/data/0001517413/000090445419000578/xslF345X03/edgar.xml"}, {"form_type": "4", "filings_date": "2019-07-18", "url": "https://www.sec.gov/Archives/edgar/data/0001517413/000090445419000571/xslF345X03/edgar.xml"}, {"form_type": "4", "filings_date": "2019-07-15", "url": "https://www.sec.gov/Archives/edgar/data/0001517413/000090445419000565/xslF345X03/edgar.xml"}, {"form_type": "4", "filings_date": "2019-06-27", "url": "https://www.sec.gov/Archives/edgar/data/0001517413/000090445419000531/xslF345X03/edgar.xml"}, {"form_type": "4", "filings_date": "2019-06-21", "url": "https://www.sec.gov/Archives/edgar/data/0001517413/000090445419000523/xslF345X03/edgar.xml"}, {"form_type": "4", "filings_date": "2019-05-21", "url": "https://www.sec.gov/Archives/edgar/data/0001517413/000120919119031851/xslF345X03/doc4.xml"}, {"form_type": "4", "filings_date": "2019-05-21", "url": "https://www.sec.gov/Archives/edgar/data/0001517413/000120919119031850/xslF345X03/doc4.xml"}, {"form_type": "4", "filings_date": "2019-05-21", "url": "https://www.sec.gov/Archives/edgar/data/0001517413/000120919119031849/xslF345X03/doc4.xml"}, {"form_type": "4", "filings_date": "2019-05-21", "url": "https://www.sec.gov/Archives/edgar/data/0001517413/000120919119031844/xslF345X03/doc4.xml"}, {"form_type": "4", "filings_date": "2019-05-21", "url": "https://www.sec.gov/Archives/edgar/data/0001517413/000120919119031843/xslF345X03/doc4.xml"}, {"form_type": "4", "filings_date": "2019-05-21", "url": "https://www.sec.gov/Archives/edgar/data/0001517413/000120919119031840/xslF345X03/doc4.xml"}, {"form_type": "3", "filings_date": "2019-05-21", "url": "https://www.sec.gov/Archives/edgar/data/0001517413/000090445419000426/xslF345X02/edgar.xml"}, {"form_type": "8-K", "filings_date": "2019-05-21", "url": "https://www.sec.gov/Archives/edgar/data/0001517413/000119312519152823/d752396d8k.htm"}, {"form_type": "SC 13G", "filings_date": "2019-05-21", "url": "https://www.sec.gov/Archives/edgar/data/0001517413/000090445419000424/s13g_052119-fastly.htm"}, {"form_type": "424B4", "filings_date": "2019-05-17", "url": "https://www.sec.gov/Archives/edgar/data/0001517413/000119312519150526/d702138d424b4.htm"}, {"form_type": "S-8", "filings_date": "2019-05-17", "url": "https://www.sec.gov/Archives/edgar/data/0001517413/000119312519149942/d938507ds8.htm"}, {"form_type": "EFFECT", "filings_date": "2019-05-16", "url": "https://www.sec.gov/Archives/edgar/data/0001517413/999999999519001132/xslEFFECTX01/primary_doc.xml"}, {"form_type": "3", "filings_date": "2019-05-16", "url": "https://www.sec.gov/Archives/edgar/data/0001517413/000120919119030621/xslF345X02/doc3.xml"}, {"form_type": "3", "filings_date": "2019-05-16", "url": "https://www.sec.gov/Archives/edgar/data/0001517413/000120919119030620/xslF345X02/doc3.xml"}, {"form_type": "3", "filings_date": "2019-05-16", "url": "https://www.sec.gov/Archives/edgar/data/0001517413/000120919119030619/xslF345X02/doc3.xml"}, {"form_type": "3", "filings_date": "2019-05-16", "url": "https://www.sec.gov/Archives/edgar/data/0001517413/000120919119030618/xslF345X02/doc3.xml"}, {"form_type": "3", "filings_date": "2019-05-16", "url": "https://www.sec.gov/Archives/edgar/data/0001517413/000120919119030617/xslF345X02/doc3.xml"}, {"form_type": "3", "filings_date": "2019-05-16", "url": "https://www.sec.gov/Archives/edgar/data/0001517413/000120919119030608/xslF345X02/doc3.xml"}, {"form_type": "3", "filings_date": "2019-05-16", "url": "https://www.sec.gov/Archives/edgar/data/0001517413/000120919119030607/xslF345X02/doc3.xml"}, {"form_type": "3", "filings_date": "2019-05-16", "url": "https://www.sec.gov/Archives/edgar/data/0001517413/000120919119030605/xslF345X02/doc3.xml"}, {"form_type": "3", "filings_date": "2019-05-16", "url": "https://www.sec.gov/Archives/edgar/data/0001517413/000120919119030603/xslF345X02/doc3.xml"}, {"form_type": "3", "filings_date": "2019-05-16", "url": "https://www.sec.gov/Archives/edgar/data/0001517413/000120919119030601/xslF345X02/doc3.xml"}, {"form_type": "3", "filings_date": "2019-05-16", "url": "https://www.sec.gov/Archives/edgar/data/0001517413/000120919119030599/xslF345X02/doc3.xml"}, {"form_type": "3", "filings_date": "2019-05-16", "url": "https://www.sec.gov/Archives/edgar/data/0001517413/000120919119030598/xslF345X02/doc3.xml"}, {"form_type": "3", "filings_date": "2019-05-16", "url": "https://www.sec.gov/Archives/edgar/data/0001517413/000120919119030597/xslF345X02/doc3.xml"}, {"form_type": "3", "filings_date": "2019-05-16", "url": "https://www.sec.gov/Archives/edgar/data/0001517413/000120919119030593/xslF345X02/doc3.xml"}, {"form_type": "CORRESP", "filings_date": "2019-05-14", "url": "https://www.sec.gov/Archives/edgar/data/0001517413/000119312519146625/filename1.htm"}, {"form_type": "CORRESP", "filings_date": "2019-05-14", "url": "https://www.sec.gov/Archives/edgar/data/0001517413/000119312519146622/filename1.htm"}, {"form_type": "CERT", "filings_date": "2019-05-13", "url": "https://www.sec.gov/Archives/edgar/data/0001517413/000087666119000475/FSLY051319.pdf"}, {"form_type": "8-A12B", "filings_date": "2019-05-06", "url": "https://www.sec.gov/Archives/edgar/data/0001517413/000119312519138228/d943997d8a12b.htm"}, {"form_type": "CORRESP", "filings_date": "2019-05-06", "url": "https://www.sec.gov/Archives/edgar/data/0001517413/000119312519137443/filename1.htm"}, {"form_type": "S-1/A", "filings_date": "2019-05-06", "url": "https://www.sec.gov/Archives/edgar/data/0001517413/000119312519137435/d702138ds1a.htm"}, {"form_type": "UPLOAD", "filings_date": "2019-05-03", "url": "https://www.sec.gov/Archives/edgar/data/0001517413/000000000019008038/filename1.pdf"}, {"form_type": "S-1/A", "filings_date": "2019-05-01", "url": "https://www.sec.gov/Archives/edgar/data/0001517413/000119312519130754/d702138ds1a.htm"}, {"form_type": "CORRESP", "filings_date": "2019-04-29", "url": "https://www.sec.gov/Archives/edgar/data/0001517413/000119312519124367/filename1.htm"}, {"form_type": "UPLOAD", "filings_date": "2019-04-24", "url": "https://www.sec.gov/Archives/edgar/data/0001517413/000000000019007519/filename1.pdf"}, {"form_type": "CORRESP", "filings_date": "2019-04-19", "url": "https://www.sec.gov/Archives/edgar/data/0001517413/000119312519111681/filename1.htm"}, {"form_type": "S-1", "filings_date": "2019-04-19", "url": "https://www.sec.gov/Archives/edgar/data/0001517413/000119312519111675/d702138ds1.htm"}, {"form_type": "UPLOAD", "filings_date": "2019-04-16", "url": "https://www.sec.gov/Archives/edgar/data/0001517413/000000000019007217/filename1.pdf"}, {"form_type": "DRSLTR", "filings_date": "2019-04-04", "url": "https://www.sec.gov/Archives/edgar/data/0001517413/000095012319003054/filename1.htm"}, {"form_type": "DRS/A", "filings_date": "2019-04-04", "url": "https://www.sec.gov/Archives/edgar/data/0001517413/000095012319003052/filename1.htm"}, {"form_type": "UPLOAD", "filings_date": "2019-03-13", "url": "https://www.sec.gov/Archives/edgar/data/0001517413/000000000019004700/filename1.pdf"}, {"form_type": "DRS", "filings_date": "2019-02-14", "url": "https://www.sec.gov/Archives/edgar/data/0001517413/000095012319002123/filename1.htm"}, {"form_type": "D", "filings_date": "2018-07-16", "url": "https://www.sec.gov/Archives/edgar/data/0001517413/000124323318000008/xslFormDX01/primary_doc.xml"}, {"form_type": "D", "filings_date": "2017-05-23", "url": "https://www.sec.gov/Archives/edgar/data/0001517413/000124323317000003/xslFormDX01/primary_doc.xml"}]}