{"company": {"cik": "0001288847", "name": "Five9, Inc.", "sic": "Services-Computer Processing & Data Preparation", "state_incorp": "DE", "ticker": "FIVN", "mailing_addr": "3001 BISHOP DRIVE, SAN RAMON, CA, 94583", "category": "Large accelerated filer", "fiscal_year_end": "31, December"}, "filings": [{"form_type": "4", "filings_date": "2022-03-17", "url": "https://www.sec.gov/Archives/edgar/data/0001288847/000128884722000031/xslF345X03/wf-form4_164754829609170.xml"}, {"form_type": "4", "filings_date": "2022-03-08", "url": "https://www.sec.gov/Archives/edgar/data/0001288847/000128884722000030/xslF345X03/wf-form4_164677576138495.xml"}, {"form_type": "4", "filings_date": "2022-03-08", "url": "https://www.sec.gov/Archives/edgar/data/0001288847/000128884722000029/xslF345X03/wf-form4_164677554287787.xml"}, {"form_type": "4", "filings_date": "2022-03-08", "url": "https://www.sec.gov/Archives/edgar/data/0001288847/000128884722000028/xslF345X03/wf-form4_164677538126606.xml"}, {"form_type": "4", "filings_date": "2022-03-08", "url": "https://www.sec.gov/Archives/edgar/data/0001288847/000128884722000027/xslF345X03/wf-form4_164677508097741.xml"}, {"form_type": "4", "filings_date": "2022-03-08", "url": "https://www.sec.gov/Archives/edgar/data/0001288847/000128884722000026/xslF345X03/wf-form4_164677474169086.xml"}, {"form_type": "4", "filings_date": "2022-03-08", "url": "https://www.sec.gov/Archives/edgar/data/0001288847/000128884722000025/xslF345X03/wf-form4_164677456331756.xml"}, {"form_type": "4", "filings_date": "2022-03-03", "url": "https://www.sec.gov/Archives/edgar/data/0001288847/000128884722000024/xslF345X03/wf-form4_164634801505699.xml"}, {"form_type": "4", "filings_date": "2022-03-02", "url": "https://www.sec.gov/Archives/edgar/data/0001288847/000128884722000023/xslF345X03/wf-form4_164626952013117.xml"}, {"form_type": "4", "filings_date": "2022-03-02", "url": "https://www.sec.gov/Archives/edgar/data/0001288847/000128884722000022/xslF345X03/wf-form4_164625745567155.xml"}, {"form_type": "4", "filings_date": "2022-03-02", "url": "https://www.sec.gov/Archives/edgar/data/0001288847/000128884722000021/xslF345X03/wf-form4_164625732958776.xml"}, {"form_type": "4", "filings_date": "2022-03-02", "url": "https://www.sec.gov/Archives/edgar/data/0001288847/000128884722000020/xslF345X03/wf-form4_164625717467502.xml"}, {"form_type": "4", "filings_date": "2022-03-02", "url": "https://www.sec.gov/Archives/edgar/data/0001288847/000128884722000019/xslF345X03/wf-form4_164625692754200.xml"}, {"form_type": "S-8", "filings_date": "2022-02-28", "url": "https://www.sec.gov/Archives/edgar/data/0001288847/000128884722000018/s-82022evergreenincreases.htm"}, {"form_type": "10-K", "filings_date": "2022-02-28", "url": "https://www.sec.gov/Archives/edgar/data/0001288847/000128884722000017/fivn-20211231.htm"}, {"form_type": "8-K", "filings_date": "2022-02-23", "url": "https://www.sec.gov/Archives/edgar/data/0001288847/000128884722000008/fivn-20220223.htm"}, {"form_type": "8-K", "filings_date": "2022-02-22", "url": "https://www.sec.gov/Archives/edgar/data/0001288847/000128884722000005/fivn-20220215.htm"}, {"form_type": "SC 13G/A", "filings_date": "2022-02-14", "url": "https://www.sec.gov/Archives/edgar/data/0001288847/000008025522002108/fivn13gadec21.txt"}, {"form_type": "SC 13G/A", "filings_date": "2022-02-10", "url": "https://www.sec.gov/Archives/edgar/data/0001288847/000110465922017565/tv0912-five9inc.htm"}, {"form_type": "SC 13G/A", "filings_date": "2022-02-03", "url": "https://www.sec.gov/Archives/edgar/data/0001288847/000083423722005369/us3383071012_020222.txt"}, {"form_type": "4", "filings_date": "2022-01-26", "url": "https://www.sec.gov/Archives/edgar/data/0001288847/000128884722000002/xslF345X03/wf-form4_164323271042639.xml"}, {"form_type": "4", "filings_date": "2022-01-06", "url": "https://www.sec.gov/Archives/edgar/data/0001288847/000128884722000001/xslF345X03/wf-form4_164151123591790.xml"}, {"form_type": "4", "filings_date": "2021-12-08", "url": "https://www.sec.gov/Archives/edgar/data/0001288847/000128884721000145/xslF345X03/wf-form4_163899918483446.xml"}, {"form_type": "4", "filings_date": "2021-12-08", "url": "https://www.sec.gov/Archives/edgar/data/0001288847/000128884721000144/xslF345X03/wf-form4_163899895079211.xml"}, {"form_type": "4", "filings_date": "2021-12-08", "url": "https://www.sec.gov/Archives/edgar/data/0001288847/000128884721000143/xslF345X03/wf-form4_163899870086238.xml"}, {"form_type": "4", "filings_date": "2021-12-08", "url": "https://www.sec.gov/Archives/edgar/data/0001288847/000128884721000142/xslF345X03/wf-form4_163899828478543.xml"}, {"form_type": "4", "filings_date": "2021-12-07", "url": "https://www.sec.gov/Archives/edgar/data/0001288847/000128884721000141/xslF345X03/wf-form4_163891216748857.xml"}, {"form_type": "4", "filings_date": "2021-11-18", "url": "https://www.sec.gov/Archives/edgar/data/0001288847/000128884721000140/xslF345X03/wf-form4_163727026342513.xml"}, {"form_type": "10-Q", "filings_date": "2021-11-08", "url": "https://www.sec.gov/Archives/edgar/data/0001288847/000128884721000139/fivn-20210930.htm"}, {"form_type": "8-K", "filings_date": "2021-11-08", "url": "https://www.sec.gov/Archives/edgar/data/0001288847/000128884721000137/fivn-20211108.htm"}, {"form_type": "4", "filings_date": "2021-11-02", "url": "https://www.sec.gov/Archives/edgar/data/0001288847/000128884721000132/xslF345X03/wf-form4_163588446610520.xml"}, {"form_type": "4", "filings_date": "2021-10-25", "url": "https://www.sec.gov/Archives/edgar/data/0001288847/000128884721000131/xslF345X03/wf-form4_163519317492836.xml"}, {"form_type": "4", "filings_date": "2021-10-19", "url": "https://www.sec.gov/Archives/edgar/data/0001288847/000128884721000130/xslF345X03/wf-form4_163468001428455.xml"}, {"form_type": "4", "filings_date": "2021-10-19", "url": "https://www.sec.gov/Archives/edgar/data/0001288847/000128884721000129/xslF345X03/wf-form4_163467980333079.xml"}, {"form_type": "4", "filings_date": "2021-10-18", "url": "https://www.sec.gov/Archives/edgar/data/0001288847/000128884721000128/xslF345X03/wf-form4_163459345421053.xml"}, {"form_type": "4", "filings_date": "2021-10-07", "url": "https://www.sec.gov/Archives/edgar/data/0001288847/000128884721000127/xslF345X03/wf-form4_163363818399058.xml"}, {"form_type": "8-K", "filings_date": "2021-10-01", "url": "https://www.sec.gov/Archives/edgar/data/0001288847/000119312521289272/d170961d8k.htm"}, {"form_type": "4", "filings_date": "2021-09-20", "url": "https://www.sec.gov/Archives/edgar/data/0001288847/000128884721000125/xslF345X03/wf-form4_163217240131264.xml"}, {"form_type": "425", "filings_date": "2021-09-15", "url": "https://www.sec.gov/Archives/edgar/data/0001288847/000119312521273106/d229831d425.htm"}, {"form_type": "425", "filings_date": "2021-09-14", "url": "https://www.sec.gov/Archives/edgar/data/0001288847/000119312521272890/d216199d425.htm"}, {"form_type": "4", "filings_date": "2021-09-14", "url": "https://www.sec.gov/Archives/edgar/data/0001288847/000128884721000124/xslF345X03/wf-form4_163164966982370.xml"}, {"form_type": "425", "filings_date": "2021-09-14", "url": "https://www.sec.gov/Archives/edgar/data/0001288847/000119312521272101/d212786d425.htm"}, {"form_type": "4", "filings_date": "2021-09-09", "url": "https://www.sec.gov/Archives/edgar/data/0001288847/000128884721000123/xslF345X03/wf-form4_163121875436266.xml"}, {"form_type": "4", "filings_date": "2021-09-09", "url": "https://www.sec.gov/Archives/edgar/data/0001288847/000128884721000122/xslF345X03/wf-form4_163121852144899.xml"}, {"form_type": "4", "filings_date": "2021-09-09", "url": "https://www.sec.gov/Archives/edgar/data/0001288847/000128884721000121/xslF345X03/wf-form4_163121838563896.xml"}, {"form_type": "4", "filings_date": "2021-09-08", "url": "https://www.sec.gov/Archives/edgar/data/0001288847/000128884721000120/xslF345X03/wf-form4_163113146443436.xml"}, {"form_type": "4", "filings_date": "2021-09-08", "url": "https://www.sec.gov/Archives/edgar/data/0001288847/000128884721000119/xslF345X03/wf-form4_163113127682049.xml"}, {"form_type": "4", "filings_date": "2021-08-30", "url": "https://www.sec.gov/Archives/edgar/data/0001288847/000128884721000118/xslF345X03/wf-form4_163036551694005.xml"}, {"form_type": "DEFM14A", "filings_date": "2021-08-26", "url": "https://www.sec.gov/Archives/edgar/data/0001288847/000119312521257727/d139962ddefm14a.htm"}, {"form_type": "4", "filings_date": "2021-08-25", "url": "https://www.sec.gov/Archives/edgar/data/0001288847/000128884721000117/xslF345X03/wf-form4_162993186416083.xml"}, {"form_type": "4", "filings_date": "2021-08-18", "url": "https://www.sec.gov/Archives/edgar/data/0001288847/000128884721000116/xslF345X03/wf-form4_162932108516769.xml"}, {"form_type": "4", "filings_date": "2021-08-13", "url": "https://www.sec.gov/Archives/edgar/data/0001288847/000128884721000115/xslF345X03/wf-form4_162889985500370.xml"}, {"form_type": "4", "filings_date": "2021-08-13", "url": "https://www.sec.gov/Archives/edgar/data/0001288847/000128884721000114/xslF345X03/wf-form4_162889974144131.xml"}, {"form_type": "4", "filings_date": "2021-08-13", "url": "https://www.sec.gov/Archives/edgar/data/0001288847/000128884721000113/xslF345X03/wf-form4_162889960029787.xml"}, {"form_type": "4", "filings_date": "2021-08-13", "url": "https://www.sec.gov/Archives/edgar/data/0001288847/000128884721000112/xslF345X03/wf-form4_162889948414053.xml"}, {"form_type": "SC 13G/A", "filings_date": "2021-08-10", "url": "https://www.sec.gov/Archives/edgar/data/0001288847/000008025521001442/fivn13gajul21.txt"}, {"form_type": "4", "filings_date": "2021-08-05", "url": "https://www.sec.gov/Archives/edgar/data/0001288847/000128884721000111/xslF345X03/wf-form4_162820054234268.xml"}, {"form_type": "10-Q", "filings_date": "2021-07-27", "url": "https://www.sec.gov/Archives/edgar/data/0001288847/000128884721000110/fivn-20210630.htm"}, {"form_type": "8-K", "filings_date": "2021-07-27", "url": "https://www.sec.gov/Archives/edgar/data/0001288847/000128884721000108/fivn-20210727.htm"}, {"form_type": "4", "filings_date": "2021-07-19", "url": "https://www.sec.gov/Archives/edgar/data/0001288847/000128884721000100/xslF345X03/wf-form4_162673713357013.xml"}, {"form_type": "425", "filings_date": "2021-07-19", "url": "https://www.sec.gov/Archives/edgar/data/0001288847/000119312521218722/d159621d425.htm"}, {"form_type": "425", "filings_date": "2021-07-19", "url": "https://www.sec.gov/Archives/edgar/data/0001288847/000119312521218704/d190961d425.htm"}, {"form_type": "425", "filings_date": "2021-07-19", "url": "https://www.sec.gov/Archives/edgar/data/0001288847/000119312521218696/d137959d425.htm"}, {"form_type": "425", "filings_date": "2021-07-19", "url": "https://www.sec.gov/Archives/edgar/data/0001288847/000119312521218623/d153632d425.htm"}, {"form_type": "425", "filings_date": "2021-07-19", "url": "https://www.sec.gov/Archives/edgar/data/0001288847/000119312521218053/d151995d425.htm"}, {"form_type": "425", "filings_date": "2021-07-19", "url": "https://www.sec.gov/Archives/edgar/data/0001288847/000119312521218014/d171366d425.htm"}, {"form_type": "425", "filings_date": "2021-07-19", "url": "https://www.sec.gov/Archives/edgar/data/0001288847/000119312521218007/d193937d425.htm"}, {"form_type": "425", "filings_date": "2021-07-19", "url": "https://www.sec.gov/Archives/edgar/data/0001288847/000119312521218006/d159629d425.htm"}, {"form_type": "425", "filings_date": "2021-07-19", "url": "https://www.sec.gov/Archives/edgar/data/0001288847/000119312521218001/d116743d425.htm"}, {"form_type": "425", "filings_date": "2021-07-19", "url": "https://www.sec.gov/Archives/edgar/data/0001288847/000119312521218000/d184776d425.htm"}, {"form_type": "425", "filings_date": "2021-07-19", "url": "https://www.sec.gov/Archives/edgar/data/0001288847/000119312521217999/d186565d425.htm"}, {"form_type": "425", "filings_date": "2021-07-19", "url": "https://www.sec.gov/Archives/edgar/data/0001288847/000119312521217993/d152430d425.htm"}, {"form_type": "425", "filings_date": "2021-07-19", "url": "https://www.sec.gov/Archives/edgar/data/0001288847/000119312521217990/d119996d425.htm"}, {"form_type": "425", "filings_date": "2021-07-19", "url": "https://www.sec.gov/Archives/edgar/data/0001288847/000119312521217987/d139817d425.htm"}, {"form_type": "425", "filings_date": "2021-07-19", "url": "https://www.sec.gov/Archives/edgar/data/0001288847/000119312521217982/d202670d425.htm"}, {"form_type": "425", "filings_date": "2021-07-19", "url": "https://www.sec.gov/Archives/edgar/data/0001288847/000119312521217976/d130429d425.htm"}, {"form_type": "8-K", "filings_date": "2021-07-19", "url": "https://www.sec.gov/Archives/edgar/data/0001288847/000119312521217962/d130429d8k.htm"}, {"form_type": "4", "filings_date": "2021-07-07", "url": "https://www.sec.gov/Archives/edgar/data/0001288847/000128884721000099/xslF345X03/wf-form4_162568967352856.xml"}, {"form_type": "8-K", "filings_date": "2021-06-21", "url": "https://www.sec.gov/Archives/edgar/data/0001288847/000128884721000098/fivn-20210616.htm"}, {"form_type": "4", "filings_date": "2021-06-21", "url": "https://www.sec.gov/Archives/edgar/data/0001288847/000128884721000096/xslF345X03/wf-form4_162430713400755.xml"}, {"form_type": "4", "filings_date": "2021-06-21", "url": "https://www.sec.gov/Archives/edgar/data/0001288847/000128884721000095/xslF345X03/wf-form4_162430668582120.xml"}, {"form_type": "3", "filings_date": "2021-06-21", "url": "https://www.sec.gov/Archives/edgar/data/0001288847/000128884721000094/xslF345X02/wf-form3_162430637020179.xml"}, {"form_type": "4", "filings_date": "2021-06-17", "url": "https://www.sec.gov/Archives/edgar/data/0001288847/000128884721000090/xslF345X03/wf-form4_162396446571199.xml"}, {"form_type": "4", "filings_date": "2021-06-08", "url": "https://www.sec.gov/Archives/edgar/data/0001288847/000128884721000089/xslF345X03/wf-form4_162318972147911.xml"}, {"form_type": "4", "filings_date": "2021-06-08", "url": "https://www.sec.gov/Archives/edgar/data/0001288847/000128884721000088/xslF345X03/wf-form4_162318633982350.xml"}, {"form_type": "4", "filings_date": "2021-06-08", "url": "https://www.sec.gov/Archives/edgar/data/0001288847/000128884721000087/xslF345X03/wf-form4_162318609679051.xml"}, {"form_type": "4", "filings_date": "2021-06-08", "url": "https://www.sec.gov/Archives/edgar/data/0001288847/000128884721000086/xslF345X03/wf-form4_162318593676244.xml"}, {"form_type": "4", "filings_date": "2021-06-07", "url": "https://www.sec.gov/Archives/edgar/data/0001288847/000128884721000085/xslF345X03/wf-form4_162310189116744.xml"}, {"form_type": "4", "filings_date": "2021-05-24", "url": "https://www.sec.gov/Archives/edgar/data/0001288847/000128884721000084/xslF345X03/wf-form4_162188879455329.xml"}, {"form_type": "4", "filings_date": "2021-05-20", "url": "https://www.sec.gov/Archives/edgar/data/0001288847/000128884721000083/xslF345X03/wf-form4_162155444463222.xml"}, {"form_type": "4", "filings_date": "2021-05-19", "url": "https://www.sec.gov/Archives/edgar/data/0001288847/000128884721000082/xslF345X03/wf-form4_162146241218980.xml"}, {"form_type": "4", "filings_date": "2021-05-13", "url": "https://www.sec.gov/Archives/edgar/data/0001288847/000128884721000081/xslF345X03/wf-form4_162094500446310.xml"}, {"form_type": "4", "filings_date": "2021-05-13", "url": "https://www.sec.gov/Archives/edgar/data/0001288847/000128884721000080/xslF345X03/wf-form4_162094489991625.xml"}, {"form_type": "4", "filings_date": "2021-05-13", "url": "https://www.sec.gov/Archives/edgar/data/0001288847/000128884721000079/xslF345X03/wf-form4_162094364590566.xml"}, {"form_type": "4", "filings_date": "2021-05-13", "url": "https://www.sec.gov/Archives/edgar/data/0001288847/000128884721000078/xslF345X03/wf-form4_162094348954435.xml"}, {"form_type": "4", "filings_date": "2021-05-13", "url": "https://www.sec.gov/Archives/edgar/data/0001288847/000128884721000077/xslF345X03/wf-form4_162094339680853.xml"}, {"form_type": "4", "filings_date": "2021-05-13", "url": "https://www.sec.gov/Archives/edgar/data/0001288847/000128884721000076/xslF345X03/wf-form4_162094326020595.xml"}, {"form_type": "4", "filings_date": "2021-05-13", "url": "https://www.sec.gov/Archives/edgar/data/0001288847/000128884721000075/xslF345X03/wf-form4_162094050436999.xml"}, {"form_type": "8-K", "filings_date": "2021-05-12", "url": "https://www.sec.gov/Archives/edgar/data/0001288847/000128884721000074/fivn-20210512.htm"}, {"form_type": "4", "filings_date": "2021-05-06", "url": "https://www.sec.gov/Archives/edgar/data/0001288847/000128884721000071/xslF345X03/wf-form4_162034054536835.xml"}, {"form_type": "4", "filings_date": "2021-05-06", "url": "https://www.sec.gov/Archives/edgar/data/0001288847/000128884721000070/xslF345X03/wf-form4_162033943851809.xml"}, {"form_type": "10-Q", "filings_date": "2021-04-29", "url": "https://www.sec.gov/Archives/edgar/data/0001288847/000128884721000069/fivn-20210331.htm"}, {"form_type": "8-K", "filings_date": "2021-04-29", "url": "https://www.sec.gov/Archives/edgar/data/0001288847/000128884721000066/fivn-20210429.htm"}, {"form_type": "DEFA14A", "filings_date": "2021-04-28", "url": "https://www.sec.gov/Archives/edgar/data/0001288847/000128884721000060/a2021proxystatementdefa14a.htm"}, {"form_type": "4", "filings_date": "2021-04-20", "url": "https://www.sec.gov/Archives/edgar/data/0001288847/000128884721000054/xslF345X03/wf-form4_161894890255940.xml"}, {"form_type": "4", "filings_date": "2021-04-07", "url": "https://www.sec.gov/Archives/edgar/data/0001288847/000128884721000053/xslF345X03/wf-form4_161782591143462.xml"}, {"form_type": "DEFA14A", "filings_date": "2021-03-29", "url": "https://www.sec.gov/Archives/edgar/data/0001288847/000128884721000052/defa14a2021.htm"}, {"form_type": "DEF 14A", "filings_date": "2021-03-29", "url": "https://www.sec.gov/Archives/edgar/data/0001288847/000128884721000051/a2021proxynextgen.htm"}, {"form_type": "4", "filings_date": "2021-03-17", "url": "https://www.sec.gov/Archives/edgar/data/0001288847/000128884721000046/xslF345X03/wf-form4_161601298977735.xml"}, {"form_type": "4", "filings_date": "2021-03-17", "url": "https://www.sec.gov/Archives/edgar/data/0001288847/000128884721000045/xslF345X03/wf-form4_161601268577279.xml"}, {"form_type": "4", "filings_date": "2021-03-08", "url": "https://www.sec.gov/Archives/edgar/data/0001288847/000128884721000044/xslF345X03/wf-form4_161525442612981.xml"}, {"form_type": "4", "filings_date": "2021-03-08", "url": "https://www.sec.gov/Archives/edgar/data/0001288847/000128884721000043/xslF345X03/wf-form4_161524657853386.xml"}, {"form_type": "4", "filings_date": "2021-03-08", "url": "https://www.sec.gov/Archives/edgar/data/0001288847/000128884721000042/xslF345X03/wf-form4_161524565895960.xml"}, {"form_type": "4", "filings_date": "2021-03-08", "url": "https://www.sec.gov/Archives/edgar/data/0001288847/000128884721000041/xslF345X03/wf-form4_161524553621864.xml"}, {"form_type": "4", "filings_date": "2021-03-05", "url": "https://www.sec.gov/Archives/edgar/data/0001288847/000128884721000040/xslF345X03/wf-form4_161497947143076.xml"}, {"form_type": "4", "filings_date": "2021-03-01", "url": "https://www.sec.gov/Archives/edgar/data/0001288847/000128884721000039/xslF345X03/wf-form4_161463555424041.xml"}, {"form_type": "4", "filings_date": "2021-03-01", "url": "https://www.sec.gov/Archives/edgar/data/0001288847/000128884721000038/xslF345X03/wf-form4_161463537160802.xml"}, {"form_type": "4", "filings_date": "2021-03-01", "url": "https://www.sec.gov/Archives/edgar/data/0001288847/000128884721000037/xslF345X03/wf-form4_161463521960221.xml"}, {"form_type": "4", "filings_date": "2021-03-01", "url": "https://www.sec.gov/Archives/edgar/data/0001288847/000128884721000036/xslF345X03/wf-form4_161463505687493.xml"}, {"form_type": "4", "filings_date": "2021-03-01", "url": "https://www.sec.gov/Archives/edgar/data/0001288847/000128884721000035/xslF345X03/wf-form4_161463486317006.xml"}, {"form_type": "4", "filings_date": "2021-03-01", "url": "https://www.sec.gov/Archives/edgar/data/0001288847/000128884721000032/xslF345X03/wf-form4_161463393628728.xml"}, {"form_type": "S-8", "filings_date": "2021-03-01", "url": "https://www.sec.gov/Archives/edgar/data/0001288847/000128884721000031/s-82021evergreenincreases.htm"}, {"form_type": "10-K", "filings_date": "2021-03-01", "url": "https://www.sec.gov/Archives/edgar/data/0001288847/000128884721000029/fivn-20201231.htm"}, {"form_type": "4", "filings_date": "2021-02-25", "url": "https://www.sec.gov/Archives/edgar/data/0001288847/000128884721000025/xslF345X03/wf-form4_161429370047180.xml"}, {"form_type": "8-K", "filings_date": "2021-02-22", "url": "https://www.sec.gov/Archives/edgar/data/0001288847/000128884721000019/fivn-20210222.htm"}, {"form_type": "3", "filings_date": "2021-02-18", "url": "https://www.sec.gov/Archives/edgar/data/0001288847/000128884721000014/xslF345X02/wf-form3_161368949994986.xml"}, {"form_type": "4", "filings_date": "2021-02-18", "url": "https://www.sec.gov/Archives/edgar/data/0001288847/000128884721000013/xslF345X03/wf-form4_161368924122030.xml"}, {"form_type": "8-K", "filings_date": "2021-02-18", "url": "https://www.sec.gov/Archives/edgar/data/0001288847/000128884721000012/fivn-20210211.htm"}, {"form_type": "SC 13G/A", "filings_date": "2021-02-16", "url": "https://www.sec.gov/Archives/edgar/data/0001288847/000008025521001219/fivn13gadec20.txt"}, {"form_type": "SC 13G/A", "filings_date": "2021-02-11", "url": "https://www.sec.gov/Archives/edgar/data/0001288847/000081413321000055/fivn221.txt"}, {"form_type": "SC 13G/A", "filings_date": "2021-02-10", "url": "https://www.sec.gov/Archives/edgar/data/0001288847/000110465921018103/tv0887-five9inc.htm"}, {"form_type": "SC 13G/A", "filings_date": "2021-02-05", "url": "https://www.sec.gov/Archives/edgar/data/0001288847/000083423721007358/us3383071012_020421.txt"}, {"form_type": "4", "filings_date": "2021-01-21", "url": "https://www.sec.gov/Archives/edgar/data/0001288847/000128884721000006/xslF345X03/wf-form4_161126670873422.xml"}, {"form_type": "4", "filings_date": "2021-01-20", "url": "https://www.sec.gov/Archives/edgar/data/0001288847/000128884721000005/xslF345X03/wf-form4_161117731258571.xml"}, {"form_type": "3", "filings_date": "2021-01-20", "url": "https://www.sec.gov/Archives/edgar/data/0001288847/000128884721000004/xslF345X02/wf-form3_161117701055002.xml"}, {"form_type": "8-K", "filings_date": "2021-01-19", "url": "https://www.sec.gov/Archives/edgar/data/0001288847/000128884721000003/fivn-20210115.htm"}, {"form_type": "4", "filings_date": "2020-12-17", "url": "https://www.sec.gov/Archives/edgar/data/0001288847/000128884720000173/xslF345X03/wf-form4_160824171595688.xml"}, {"form_type": "4", "filings_date": "2020-12-17", "url": "https://www.sec.gov/Archives/edgar/data/0001288847/000128884720000172/xslF345X03/wf-form4_160824158778412.xml"}, {"form_type": "4", "filings_date": "2020-12-14", "url": "https://www.sec.gov/Archives/edgar/data/0001288847/000128884720000171/xslF345X03/wf-form4_160799007364582.xml"}, {"form_type": "4", "filings_date": "2020-12-08", "url": "https://www.sec.gov/Archives/edgar/data/0001288847/000128884720000170/xslF345X03/wf-form4_160746159476281.xml"}, {"form_type": "4", "filings_date": "2020-12-08", "url": "https://www.sec.gov/Archives/edgar/data/0001288847/000128884720000169/xslF345X03/wf-form4_160746150956968.xml"}, {"form_type": "4", "filings_date": "2020-12-08", "url": "https://www.sec.gov/Archives/edgar/data/0001288847/000128884720000168/xslF345X03/wf-form4_160746133047525.xml"}, {"form_type": "4", "filings_date": "2020-12-07", "url": "https://www.sec.gov/Archives/edgar/data/0001288847/000128884720000167/xslF345X03/wf-form4_160737535197703.xml"}, {"form_type": "S-8", "filings_date": "2020-11-19", "url": "https://www.sec.gov/Archives/edgar/data/0001288847/000128884720000166/forms-8_inference.htm"}, {"form_type": "4", "filings_date": "2020-11-18", "url": "https://www.sec.gov/Archives/edgar/data/0001288847/000128884720000161/xslF345X03/wf-form4_160573549234345.xml"}, {"form_type": "4", "filings_date": "2020-11-18", "url": "https://www.sec.gov/Archives/edgar/data/0001288847/000128884720000160/xslF345X03/wf-form4_160573532895704.xml"}, {"form_type": "4", "filings_date": "2020-11-05", "url": "https://www.sec.gov/Archives/edgar/data/0001288847/000128884720000159/xslF345X03/wf-form4_160461153207039.xml"}, {"form_type": "4", "filings_date": "2020-11-05", "url": "https://www.sec.gov/Archives/edgar/data/0001288847/000128884720000158/xslF345X03/wf-form4_160461117736735.xml"}, {"form_type": "4", "filings_date": "2020-11-05", "url": "https://www.sec.gov/Archives/edgar/data/0001288847/000128884720000157/xslF345X03/wf-form4_160461079896268.xml"}, {"form_type": "10-Q", "filings_date": "2020-10-29", "url": "https://www.sec.gov/Archives/edgar/data/0001288847/000128884720000155/fivn-20200930.htm"}, {"form_type": "8-K", "filings_date": "2020-10-29", "url": "https://www.sec.gov/Archives/edgar/data/0001288847/000128884720000154/fivn-20201029.htm"}, {"form_type": "4", "filings_date": "2020-10-20", "url": "https://www.sec.gov/Archives/edgar/data/0001288847/000128884720000145/xslF345X03/wf-form4_160322893956601.xml"}, {"form_type": "4", "filings_date": "2020-10-20", "url": "https://www.sec.gov/Archives/edgar/data/0001288847/000128884720000144/xslF345X03/wf-form4_160322860137978.xml"}, {"form_type": "4", "filings_date": "2020-09-17", "url": "https://www.sec.gov/Archives/edgar/data/0001288847/000128884720000143/xslF345X03/wf-form4_160037580571757.xml"}, {"form_type": "4", "filings_date": "2020-09-17", "url": "https://www.sec.gov/Archives/edgar/data/0001288847/000128884720000142/xslF345X03/wf-form4_160037561197832.xml"}, {"form_type": "4", "filings_date": "2020-09-09", "url": "https://www.sec.gov/Archives/edgar/data/0001288847/000128884720000141/xslF345X03/wf-form4_159968985258052.xml"}, {"form_type": "4", "filings_date": "2020-09-09", "url": "https://www.sec.gov/Archives/edgar/data/0001288847/000128884720000140/xslF345X03/wf-form4_159968912355394.xml"}, {"form_type": "4", "filings_date": "2020-09-09", "url": "https://www.sec.gov/Archives/edgar/data/0001288847/000128884720000139/xslF345X03/wf-form4_159968859554456.xml"}, {"form_type": "4", "filings_date": "2020-09-09", "url": "https://www.sec.gov/Archives/edgar/data/0001288847/000128884720000138/xslF345X03/wf-form4_159968830292241.xml"}, {"form_type": "4", "filings_date": "2020-09-08", "url": "https://www.sec.gov/Archives/edgar/data/0001288847/000128884720000137/xslF345X03/wf-form4_159959571989166.xml"}, {"form_type": "4", "filings_date": "2020-09-01", "url": "https://www.sec.gov/Archives/edgar/data/0001288847/000128884720000136/xslF345X03/wf-form4_159898822017902.xml"}, {"form_type": "4", "filings_date": "2020-08-26", "url": "https://www.sec.gov/Archives/edgar/data/0001288847/000128884720000135/xslF345X03/wf-form4_159847222463880.xml"}, {"form_type": "4", "filings_date": "2020-08-26", "url": "https://www.sec.gov/Archives/edgar/data/0001288847/000128884720000134/xslF345X03/wf-form4_159847206767088.xml"}, {"form_type": "4", "filings_date": "2020-08-19", "url": "https://www.sec.gov/Archives/edgar/data/0001288847/000128884720000133/xslF345X03/wf-form4_159787273127933.xml"}, {"form_type": "4", "filings_date": "2020-08-19", "url": "https://www.sec.gov/Archives/edgar/data/0001288847/000128884720000132/xslF345X03/wf-form4_159787257743660.xml"}, {"form_type": "4", "filings_date": "2020-08-18", "url": "https://www.sec.gov/Archives/edgar/data/0001288847/000128884720000131/xslF345X03/wf-form4_159779079654280.xml"}, {"form_type": "4", "filings_date": "2020-08-12", "url": "https://www.sec.gov/Archives/edgar/data/0001288847/000128884720000130/xslF345X03/wf-form4_159727643016766.xml"}, {"form_type": "4", "filings_date": "2020-08-12", "url": "https://www.sec.gov/Archives/edgar/data/0001288847/000128884720000129/xslF345X03/wf-form4_159727521794304.xml"}, {"form_type": "4", "filings_date": "2020-08-10", "url": "https://www.sec.gov/Archives/edgar/data/0001288847/000128884720000128/xslF345X03/wf-form4_159709017771538.xml"}, {"form_type": "4", "filings_date": "2020-08-10", "url": "https://www.sec.gov/Archives/edgar/data/0001288847/000128884720000127/xslF345X03/wf-form4_159709005400895.xml"}, {"form_type": "4", "filings_date": "2020-08-06", "url": "https://www.sec.gov/Archives/edgar/data/0001288847/000128884720000126/xslF345X03/wf-form4_159674600992150.xml"}, {"form_type": "10-Q", "filings_date": "2020-08-03", "url": "https://www.sec.gov/Archives/edgar/data/0001288847/000128884720000125/fivn-20200630.htm"}, {"form_type": "8-K", "filings_date": "2020-08-03", "url": "https://www.sec.gov/Archives/edgar/data/0001288847/000128884720000123/fivn-20200729.htm"}, {"form_type": "8-K", "filings_date": "2020-08-03", "url": "https://www.sec.gov/Archives/edgar/data/0001288847/000128884720000121/fivn-20200803.htm"}, {"form_type": "4", "filings_date": "2020-07-20", "url": "https://www.sec.gov/Archives/edgar/data/0001288847/000128884720000103/xslF345X03/wf-form4_159527573678602.xml"}, {"form_type": "4", "filings_date": "2020-07-08", "url": "https://www.sec.gov/Archives/edgar/data/0001288847/000128884720000102/xslF345X03/wf-form4_159424473787069.xml"}, {"form_type": "4", "filings_date": "2020-06-18", "url": "https://www.sec.gov/Archives/edgar/data/0001288847/000128884720000100/xslF345X03/wf-form4_159251398733904.xml"}, {"form_type": "SC 13G", "filings_date": "2020-06-10", "url": "https://www.sec.gov/Archives/edgar/data/0001288847/000008025520001490/fivn13gmay20.txt"}, {"form_type": "4", "filings_date": "2020-06-08", "url": "https://www.sec.gov/Archives/edgar/data/0001288847/000128884720000099/xslF345X03/wf-form4_159164726736549.xml"}, {"form_type": "4", "filings_date": "2020-06-08", "url": "https://www.sec.gov/Archives/edgar/data/0001288847/000128884720000098/xslF345X03/wf-form4_159164686570313.xml"}, {"form_type": "4", "filings_date": "2020-06-08", "url": "https://www.sec.gov/Archives/edgar/data/0001288847/000128884720000097/xslF345X03/wf-form4_159164675476948.xml"}, {"form_type": "4", "filings_date": "2020-06-08", "url": "https://www.sec.gov/Archives/edgar/data/0001288847/000128884720000096/xslF345X03/wf-form4_159164664147634.xml"}, {"form_type": "4", "filings_date": "2020-06-05", "url": "https://www.sec.gov/Archives/edgar/data/0001288847/000128884720000095/xslF345X03/wf-form4_159138877044772.xml"}, {"form_type": "8-K", "filings_date": "2020-05-28", "url": "https://www.sec.gov/Archives/edgar/data/0001288847/000128884720000090/fivn-20200527.htm"}, {"form_type": "8-K", "filings_date": "2020-05-22", "url": "https://www.sec.gov/Archives/edgar/data/0001288847/000128884720000086/fivn-20200521.htm"}, {"form_type": "4", "filings_date": "2020-05-20", "url": "https://www.sec.gov/Archives/edgar/data/0001288847/000128884720000082/xslF345X03/wf-form4_159000799744445.xml"}, {"form_type": "4", "filings_date": "2020-05-20", "url": "https://www.sec.gov/Archives/edgar/data/0001288847/000128884720000081/xslF345X03/wf-form4_159000763577734.xml"}, {"form_type": "4", "filings_date": "2020-05-20", "url": "https://www.sec.gov/Archives/edgar/data/0001288847/000128884720000080/xslF345X03/wf-form4_159000753907338.xml"}, {"form_type": "4", "filings_date": "2020-05-20", "url": "https://www.sec.gov/Archives/edgar/data/0001288847/000128884720000079/xslF345X03/wf-form4_159000738178140.xml"}, {"form_type": "4", "filings_date": "2020-05-20", "url": "https://www.sec.gov/Archives/edgar/data/0001288847/000128884720000078/xslF345X03/wf-form4_159000698886282.xml"}, {"form_type": "4", "filings_date": "2020-05-20", "url": "https://www.sec.gov/Archives/edgar/data/0001288847/000128884720000077/xslF345X03/wf-form4_159000689890561.xml"}, {"form_type": "4", "filings_date": "2020-05-20", "url": "https://www.sec.gov/Archives/edgar/data/0001288847/000128884720000076/xslF345X03/wf-form4_159000669821803.xml"}, {"form_type": "4", "filings_date": "2020-05-19", "url": "https://www.sec.gov/Archives/edgar/data/0001288847/000128884720000075/xslF345X03/wf-form4_158992292398730.xml"}, {"form_type": "8-K", "filings_date": "2020-05-19", "url": "https://www.sec.gov/Archives/edgar/data/0001288847/000128884720000074/fivn-20200518.htm"}, {"form_type": "4", "filings_date": "2020-05-14", "url": "https://www.sec.gov/Archives/edgar/data/0001288847/000128884720000071/xslF345X03/wf-form4_158949471545430.xml"}, {"form_type": "4", "filings_date": "2020-05-11", "url": "https://www.sec.gov/Archives/edgar/data/0001288847/000128884720000070/xslF345X03/wf-form4_158923769418879.xml"}, {"form_type": "4", "filings_date": "2020-05-07", "url": "https://www.sec.gov/Archives/edgar/data/0001288847/000128884720000069/xslF345X03/wf-form4_158888175174481.xml"}, {"form_type": "DEFA14A", "filings_date": "2020-05-05", "url": "https://www.sec.gov/Archives/edgar/data/0001288847/000128884720000068/a2020proxystatement-addlma.htm"}, {"form_type": "10-Q", "filings_date": "2020-05-04", "url": "https://www.sec.gov/Archives/edgar/data/0001288847/000128884720000065/fivn-20200331.htm"}, {"form_type": "8-K", "filings_date": "2020-05-04", "url": "https://www.sec.gov/Archives/edgar/data/0001288847/000128884720000063/fivn-20200504.htm"}, {"form_type": "4", "filings_date": "2020-04-17", "url": "https://www.sec.gov/Archives/edgar/data/0001288847/000128884720000055/xslF345X03/wf-form4_158715623020161.xml"}, {"form_type": "4", "filings_date": "2020-04-08", "url": "https://www.sec.gov/Archives/edgar/data/0001288847/000128884720000054/xslF345X03/wf-form4_158638736848260.xml"}, {"form_type": "4", "filings_date": "2020-04-08", "url": "https://www.sec.gov/Archives/edgar/data/0001288847/000128884720000053/xslF345X03/wf-form4_158638702222205.xml"}, {"form_type": "8-K", "filings_date": "2020-04-06", "url": "https://www.sec.gov/Archives/edgar/data/0001288847/000128884720000052/fivn-20200401.htm"}, {"form_type": "DEFA14A", "filings_date": "2020-04-03", "url": "https://www.sec.gov/Archives/edgar/data/0001288847/000128884720000050/defa14a2020.htm"}, {"form_type": "DEF 14A", "filings_date": "2020-04-03", "url": "https://www.sec.gov/Archives/edgar/data/0001288847/000128884720000049/a2020proxynextgen.htm"}, {"form_type": "4", "filings_date": "2020-03-18", "url": "https://www.sec.gov/Archives/edgar/data/0001288847/000128884720000043/xslF345X03/wf-form4_158456432878066.xml"}, {"form_type": "4", "filings_date": "2020-03-12", "url": "https://www.sec.gov/Archives/edgar/data/0001288847/000128884720000042/xslF345X03/wf-form4_158404651538003.xml"}, {"form_type": "4", "filings_date": "2020-03-10", "url": "https://www.sec.gov/Archives/edgar/data/0001288847/000128884720000041/xslF345X03/wf-form4_158388136516920.xml"}, {"form_type": "4", "filings_date": "2020-03-10", "url": "https://www.sec.gov/Archives/edgar/data/0001288847/000128884720000040/xslF345X03/wf-form4_158388124800367.xml"}, {"form_type": "4", "filings_date": "2020-03-06", "url": "https://www.sec.gov/Archives/edgar/data/0001288847/000128884720000039/xslF345X03/wf-form4_158354067336967.xml"}, {"form_type": "4", "filings_date": "2020-03-06", "url": "https://www.sec.gov/Archives/edgar/data/0001288847/000128884720000038/xslF345X03/wf-form4_158354056394300.xml"}, {"form_type": "4", "filings_date": "2020-03-06", "url": "https://www.sec.gov/Archives/edgar/data/0001288847/000128884720000037/xslF345X03/wf-form4_158354039085249.xml"}, {"form_type": "4", "filings_date": "2020-03-06", "url": "https://www.sec.gov/Archives/edgar/data/0001288847/000128884720000036/xslF345X03/wf-form4_158354009280060.xml"}, {"form_type": "4", "filings_date": "2020-03-06", "url": "https://www.sec.gov/Archives/edgar/data/0001288847/000128884720000035/xslF345X03/wf-form4_158353991511386.xml"}, {"form_type": "4", "filings_date": "2020-03-05", "url": "https://www.sec.gov/Archives/edgar/data/0001288847/000128884720000034/xslF345X03/wf-form4_158344783384506.xml"}, {"form_type": "4", "filings_date": "2020-03-05", "url": "https://www.sec.gov/Archives/edgar/data/0001288847/000128884720000033/xslF345X03/wf-form4_158344750607188.xml"}, {"form_type": "4", "filings_date": "2020-03-03", "url": "https://www.sec.gov/Archives/edgar/data/0001288847/000128884720000032/xslF345X03/wf-form4_158326945290342.xml"}, {"form_type": "4", "filings_date": "2020-03-03", "url": "https://www.sec.gov/Archives/edgar/data/0001288847/000128884720000031/xslF345X03/wf-form4_158326927594898.xml"}, {"form_type": "S-8", "filings_date": "2020-02-27", "url": "https://www.sec.gov/Archives/edgar/data/0001288847/000128884720000030/s-82020evergreenincreases.htm"}, {"form_type": "10-K", "filings_date": "2020-02-27", "url": "https://www.sec.gov/Archives/edgar/data/0001288847/000128884720000028/fivn-20191231.htm"}, {"form_type": "4", "filings_date": "2020-02-26", "url": "https://www.sec.gov/Archives/edgar/data/0001288847/000128884720000024/xslF345X03/wf-form4_158276392017660.xml"}, {"form_type": "4", "filings_date": "2020-02-26", "url": "https://www.sec.gov/Archives/edgar/data/0001288847/000128884720000023/xslF345X03/wf-form4_158276369614126.xml"}, {"form_type": "4", "filings_date": "2020-02-26", "url": "https://www.sec.gov/Archives/edgar/data/0001288847/000128884720000022/xslF345X03/wf-form4_158276361080916.xml"}, {"form_type": "4", "filings_date": "2020-02-26", "url": "https://www.sec.gov/Archives/edgar/data/0001288847/000128884720000021/xslF345X03/wf-form4_158276332922287.xml"}, {"form_type": "4", "filings_date": "2020-02-26", "url": "https://www.sec.gov/Archives/edgar/data/0001288847/000128884720000020/xslF345X03/wf-form4_158276323156996.xml"}, {"form_type": "4", "filings_date": "2020-02-26", "url": "https://www.sec.gov/Archives/edgar/data/0001288847/000128884720000019/xslF345X03/wf-form4_158276309489454.xml"}, {"form_type": "4", "filings_date": "2020-02-19", "url": "https://www.sec.gov/Archives/edgar/data/0001288847/000128884720000014/xslF345X03/wf-form4_158215254378858.xml"}, {"form_type": "8-K", "filings_date": "2020-02-19", "url": "https://www.sec.gov/Archives/edgar/data/0001288847/000128884720000013/fivn-20200219.htm"}, {"form_type": "8-K", "filings_date": "2020-02-14", "url": "https://www.sec.gov/Archives/edgar/data/0001288847/000128884720000009/fivn-20200210.htm"}, {"form_type": "SC 13G/A", "filings_date": "2020-02-12", "url": "https://www.sec.gov/Archives/edgar/data/0001288847/000110465920016994/tv0495-five9inc.htm"}, {"form_type": "4", "filings_date": "2020-02-10", "url": "https://www.sec.gov/Archives/edgar/data/0001288847/000128884720000005/xslF345X03/wf-form4_158137361569281.xml"}, {"form_type": "SC 13G", "filings_date": "2020-02-10", "url": "https://www.sec.gov/Archives/edgar/data/0001288847/000081413320000024/fivn220.txt"}, {"form_type": "SC 13G/A", "filings_date": "2020-02-10", "url": "https://www.sec.gov/Archives/edgar/data/0001288847/000083423720008727/us3383071012_020720.txt"}, {"form_type": "4", "filings_date": "2020-02-06", "url": "https://www.sec.gov/Archives/edgar/data/0001288847/000128884720000004/xslF345X03/wf-form4_158103181862034.xml"}, {"form_type": "4", "filings_date": "2020-01-16", "url": "https://www.sec.gov/Archives/edgar/data/0001288847/000128884720000003/xslF345X03/wf-form4_157921851188231.xml"}, {"form_type": "4", "filings_date": "2020-01-08", "url": "https://www.sec.gov/Archives/edgar/data/0001288847/000128884720000002/xslF345X03/wf-form4_157852175132552.xml"}, {"form_type": "4", "filings_date": "2020-01-08", "url": "https://www.sec.gov/Archives/edgar/data/0001288847/000128884720000001/xslF345X03/wf-form4_157852156118018.xml"}, {"form_type": "4", "filings_date": "2019-12-20", "url": "https://www.sec.gov/Archives/edgar/data/0001288847/000128884719000150/xslF345X03/wf-form4_157687934781661.xml"}, {"form_type": "4", "filings_date": "2019-12-17", "url": "https://www.sec.gov/Archives/edgar/data/0001288847/000128884719000149/xslF345X03/wf-form4_157661749752969.xml"}, {"form_type": "4", "filings_date": "2019-12-17", "url": "https://www.sec.gov/Archives/edgar/data/0001288847/000128884719000148/xslF345X03/wf-form4_157661741018255.xml"}, {"form_type": "4", "filings_date": "2019-12-12", "url": "https://www.sec.gov/Archives/edgar/data/0001288847/000128884719000147/xslF345X03/wf-form4_157619194384773.xml"}, {"form_type": "4", "filings_date": "2019-12-06", "url": "https://www.sec.gov/Archives/edgar/data/0001288847/000128884719000146/xslF345X03/wf-form4_157567006558132.xml"}, {"form_type": "4", "filings_date": "2019-12-06", "url": "https://www.sec.gov/Archives/edgar/data/0001288847/000128884719000145/xslF345X03/wf-form4_157566980114300.xml"}, {"form_type": "4", "filings_date": "2019-12-06", "url": "https://www.sec.gov/Archives/edgar/data/0001288847/000128884719000144/xslF345X03/wf-form4_157566962077578.xml"}, {"form_type": "4", "filings_date": "2019-12-06", "url": "https://www.sec.gov/Archives/edgar/data/0001288847/000128884719000143/xslF345X03/wf-form4_157566952178711.xml"}, {"form_type": "4", "filings_date": "2019-12-06", "url": "https://www.sec.gov/Archives/edgar/data/0001288847/000128884719000142/xslF345X03/wf-form4_157566932148130.xml"}, {"form_type": "4", "filings_date": "2019-12-06", "url": "https://www.sec.gov/Archives/edgar/data/0001288847/000128884719000141/xslF345X03/wf-form4_157566918596707.xml"}, {"form_type": "4", "filings_date": "2019-12-05", "url": "https://www.sec.gov/Archives/edgar/data/0001288847/000128884719000140/xslF345X03/wf-form4_157559077502317.xml"}, {"form_type": "4", "filings_date": "2019-11-18", "url": "https://www.sec.gov/Archives/edgar/data/0001288847/000162828019014306/xslF345X03/wf-form4_157412074823225.xml"}, {"form_type": "4", "filings_date": "2019-11-18", "url": "https://www.sec.gov/Archives/edgar/data/0001288847/000162828019014304/xslF345X03/wf-form4_157412068570352.xml"}, {"form_type": "4", "filings_date": "2019-11-18", "url": "https://www.sec.gov/Archives/edgar/data/0001288847/000162828019014303/xslF345X03/wf-form4_157412042376408.xml"}, {"form_type": "4", "filings_date": "2019-11-18", "url": "https://www.sec.gov/Archives/edgar/data/0001288847/000162828019014301/xslF345X03/wf-form4_157412020509811.xml"}, {"form_type": "4", "filings_date": "2019-11-18", "url": "https://www.sec.gov/Archives/edgar/data/0001288847/000162828019014300/xslF345X03/wf-form4_157412009432383.xml"}, {"form_type": "8-K", "filings_date": "2019-11-15", "url": "https://www.sec.gov/Archives/edgar/data/0001288847/000162828019014279/form8-kwhenduacquisiti.htm"}, {"form_type": "4", "filings_date": "2019-11-06", "url": "https://www.sec.gov/Archives/edgar/data/0001288847/000128884719000135/xslF345X03/wf-form4_157308167062988.xml"}, {"form_type": "10-Q", "filings_date": "2019-11-05", "url": "https://www.sec.gov/Archives/edgar/data/0001288847/000128884719000134/a093019form10-q.htm"}, {"form_type": "8-K", "filings_date": "2019-11-05", "url": "https://www.sec.gov/Archives/edgar/data/0001288847/000128884719000133/a093019form8-kearnings.htm"}, {"form_type": "4", "filings_date": "2019-11-04", "url": "https://www.sec.gov/Archives/edgar/data/0001288847/000128884719000130/xslF345X03/wf-form4_157290145023222.xml"}, {"form_type": "4", "filings_date": "2019-10-15", "url": "https://www.sec.gov/Archives/edgar/data/0001288847/000128884719000129/xslF345X03/wf-form4_157117191343714.xml"}, {"form_type": "4", "filings_date": "2019-10-09", "url": "https://www.sec.gov/Archives/edgar/data/0001288847/000128884719000128/xslF345X03/wf-form4_157065295092266.xml"}, {"form_type": "4", "filings_date": "2019-10-03", "url": "https://www.sec.gov/Archives/edgar/data/0001288847/000128884719000127/xslF345X03/wf-form4_157013414297186.xml"}, {"form_type": "4", "filings_date": "2019-09-18", "url": "https://www.sec.gov/Archives/edgar/data/0001288847/000128884719000126/xslF345X03/wf-form4_156884139805761.xml"}, {"form_type": "4", "filings_date": "2019-09-18", "url": "https://www.sec.gov/Archives/edgar/data/0001288847/000128884719000125/xslF345X03/wf-form4_156884120110239.xml"}, {"form_type": "4", "filings_date": "2019-09-13", "url": "https://www.sec.gov/Archives/edgar/data/0001288847/000128884719000124/xslF345X03/wf-form4_156840844194688.xml"}, {"form_type": "4", "filings_date": "2019-09-13", "url": "https://www.sec.gov/Archives/edgar/data/0001288847/000128884719000123/xslF345X03/wf-form4_156840831293247.xml"}, {"form_type": "4", "filings_date": "2019-09-13", "url": "https://www.sec.gov/Archives/edgar/data/0001288847/000128884719000122/xslF345X03/wf-form4_156840789565134.xml"}, {"form_type": "4", "filings_date": "2019-09-13", "url": "https://www.sec.gov/Archives/edgar/data/0001288847/000128884719000121/xslF345X03/wf-form4_156840725393870.xml"}, {"form_type": "4", "filings_date": "2019-09-05", "url": "https://www.sec.gov/Archives/edgar/data/0001288847/000128884719000120/xslF345X03/wf-form4_156772320011532.xml"}, {"form_type": "4", "filings_date": "2019-09-04", "url": "https://www.sec.gov/Archives/edgar/data/0001288847/000128884719000119/xslF345X03/wf-form4_156763748583236.xml"}, {"form_type": "4", "filings_date": "2019-08-22", "url": "https://www.sec.gov/Archives/edgar/data/0001288847/000128884719000118/xslF345X03/wf-form4_156650650906912.xml"}, {"form_type": "4/A", "filings_date": "2019-08-19", "url": "https://www.sec.gov/Archives/edgar/data/0001288847/000128884719000117/xslF345X03/wf-form4a_156625533992049.xml"}, {"form_type": "4", "filings_date": "2019-08-16", "url": "https://www.sec.gov/Archives/edgar/data/0001288847/000128884719000116/xslF345X03/wf-form4_156598808114411.xml"}, {"form_type": "4", "filings_date": "2019-08-16", "url": "https://www.sec.gov/Archives/edgar/data/0001288847/000128884719000115/xslF345X03/wf-form4_156598790778856.xml"}, {"form_type": "4", "filings_date": "2019-08-09", "url": "https://www.sec.gov/Archives/edgar/data/0001288847/000128884719000114/xslF345X03/wf-form4_156538169336876.xml"}, {"form_type": "4", "filings_date": "2019-08-07", "url": "https://www.sec.gov/Archives/edgar/data/0001288847/000128884719000113/xslF345X03/wf-form4_156520964362597.xml"}, {"form_type": "4", "filings_date": "2019-08-07", "url": "https://www.sec.gov/Archives/edgar/data/0001288847/000128884719000112/xslF345X03/wf-form4_156520948288938.xml"}, {"form_type": "4", "filings_date": "2019-08-07", "url": "https://www.sec.gov/Archives/edgar/data/0001288847/000128884719000111/xslF345X03/wf-form4_156520931805909.xml"}, {"form_type": "4", "filings_date": "2019-08-07", "url": "https://www.sec.gov/Archives/edgar/data/0001288847/000128884719000110/xslF345X03/wf-form4_156520911946942.xml"}, {"form_type": "4", "filings_date": "2019-08-02", "url": "https://www.sec.gov/Archives/edgar/data/0001288847/000128884719000109/xslF345X03/wf-form4_156478197921565.xml"}, {"form_type": "4", "filings_date": "2019-08-02", "url": "https://www.sec.gov/Archives/edgar/data/0001288847/000128884719000108/xslF345X03/wf-form4_156478121585111.xml"}, {"form_type": "4", "filings_date": "2019-08-02", "url": "https://www.sec.gov/Archives/edgar/data/0001288847/000128884719000107/xslF345X03/wf-form4_156478097731901.xml"}, {"form_type": "10-Q", "filings_date": "2019-07-31", "url": "https://www.sec.gov/Archives/edgar/data/0001288847/000128884719000106/a063019form10-q.htm"}, {"form_type": "8-K", "filings_date": "2019-07-31", "url": "https://www.sec.gov/Archives/edgar/data/0001288847/000128884719000105/a063019form8-kearningsrele.htm"}, {"form_type": "4", "filings_date": "2019-07-23", "url": "https://www.sec.gov/Archives/edgar/data/0001288847/000128884719000097/xslF345X03/wf-form4_156391237616005.xml"}, {"form_type": "4", "filings_date": "2019-07-17", "url": "https://www.sec.gov/Archives/edgar/data/0001288847/000128884719000096/xslF345X03/wf-form4_156340836908721.xml"}, {"form_type": "4", "filings_date": "2019-07-17", "url": "https://www.sec.gov/Archives/edgar/data/0001288847/000128884719000095/xslF345X03/wf-form4_156340824763685.xml"}, {"form_type": "4", "filings_date": "2019-07-02", "url": "https://www.sec.gov/Archives/edgar/data/0001288847/000128884719000094/xslF345X03/wf-form4_156210796311587.xml"}, {"form_type": "4", "filings_date": "2019-06-24", "url": "https://www.sec.gov/Archives/edgar/data/0001288847/000128884719000093/xslF345X03/wf-form4_156141449238814.xml"}, {"form_type": "4", "filings_date": "2019-06-24", "url": "https://www.sec.gov/Archives/edgar/data/0001288847/000128884719000092/xslF345X03/wf-form4_156141438628706.xml"}, {"form_type": "4", "filings_date": "2019-06-19", "url": "https://www.sec.gov/Archives/edgar/data/0001288847/000128884719000091/xslF345X03/wf-form4_156098427338383.xml"}, {"form_type": "4", "filings_date": "2019-06-18", "url": "https://www.sec.gov/Archives/edgar/data/0001288847/000128884719000090/xslF345X03/wf-form4_156089967097609.xml"}, {"form_type": "4", "filings_date": "2019-06-12", "url": "https://www.sec.gov/Archives/edgar/data/0001288847/000128884719000089/xslF345X03/wf-form4_156037395063922.xml"}, {"form_type": "4", "filings_date": "2019-06-07", "url": "https://www.sec.gov/Archives/edgar/data/0001288847/000128884719000088/xslF345X03/wf-form4_155994266912781.xml"}, {"form_type": "4", "filings_date": "2019-06-07", "url": "https://www.sec.gov/Archives/edgar/data/0001288847/000128884719000087/xslF345X03/wf-form4_155994256386380.xml"}, {"form_type": "4", "filings_date": "2019-06-06", "url": "https://www.sec.gov/Archives/edgar/data/0001288847/000128884719000086/xslF345X03/wf-form4_155985546517853.xml"}, {"form_type": "4", "filings_date": "2019-06-06", "url": "https://www.sec.gov/Archives/edgar/data/0001288847/000128884719000085/xslF345X03/wf-form4_155985523097111.xml"}, {"form_type": "4", "filings_date": "2019-06-06", "url": "https://www.sec.gov/Archives/edgar/data/0001288847/000128884719000084/xslF345X03/wf-form4_155985500330269.xml"}, {"form_type": "4", "filings_date": "2019-06-06", "url": "https://www.sec.gov/Archives/edgar/data/0001288847/000128884719000083/xslF345X03/wf-form4_155985489318304.xml"}, {"form_type": "4", "filings_date": "2019-05-30", "url": "https://www.sec.gov/Archives/edgar/data/0001288847/000128884719000082/xslF345X03/wf-form4_155925572284239.xml"}, {"form_type": "4", "filings_date": "2019-05-30", "url": "https://www.sec.gov/Archives/edgar/data/0001288847/000128884719000081/xslF345X03/wf-form4_155925554310399.xml"}, {"form_type": "4", "filings_date": "2019-05-30", "url": "https://www.sec.gov/Archives/edgar/data/0001288847/000128884719000080/xslF345X03/wf-form4_155925544691267.xml"}, {"form_type": "4", "filings_date": "2019-05-30", "url": "https://www.sec.gov/Archives/edgar/data/0001288847/000128884719000079/xslF345X03/wf-form4_155925520877982.xml"}, {"form_type": "4", "filings_date": "2019-05-30", "url": "https://www.sec.gov/Archives/edgar/data/0001288847/000128884719000078/xslF345X03/wf-form4_155925509879898.xml"}, {"form_type": "4", "filings_date": "2019-05-30", "url": "https://www.sec.gov/Archives/edgar/data/0001288847/000128884719000077/xslF345X03/wf-form4_155925504076009.xml"}, {"form_type": "4", "filings_date": "2019-05-30", "url": "https://www.sec.gov/Archives/edgar/data/0001288847/000128884719000076/xslF345X03/wf-form4_155925462540624.xml"}, {"form_type": "8-K", "filings_date": "2019-05-29", "url": "https://www.sec.gov/Archives/edgar/data/0001288847/000128884719000075/form8-k2019annualmeetingvo.htm"}, {"form_type": "4", "filings_date": "2019-05-20", "url": "https://www.sec.gov/Archives/edgar/data/0001288847/000128884719000072/xslF345X03/wf-form4_155839858797571.xml"}, {"form_type": "4", "filings_date": "2019-05-20", "url": "https://www.sec.gov/Archives/edgar/data/0001288847/000128884719000071/xslF345X03/wf-form4_155839845657226.xml"}, {"form_type": "DEFA14A", "filings_date": "2019-05-20", "url": "https://www.sec.gov/Archives/edgar/data/0001288847/000128884719000070/defa14a2019may20.htm"}, {"form_type": "4", "filings_date": "2019-05-17", "url": "https://www.sec.gov/Archives/edgar/data/0001288847/000128884719000068/xslF345X03/wf-form4_155813418842380.xml"}, {"form_type": "4", "filings_date": "2019-05-10", "url": "https://www.sec.gov/Archives/edgar/data/0001288847/000128884719000067/xslF345X03/wf-form4_155753064852973.xml"}, {"form_type": "4", "filings_date": "2019-05-03", "url": "https://www.sec.gov/Archives/edgar/data/0001288847/000128884719000066/xslF345X03/wf-form4_155691623584633.xml"}, {"form_type": "10-Q", "filings_date": "2019-05-01", "url": "https://www.sec.gov/Archives/edgar/data/0001288847/000128884719000065/a03311910q.htm"}, {"form_type": "4", "filings_date": "2019-05-01", "url": "https://www.sec.gov/Archives/edgar/data/0001288847/000128884719000064/xslF345X03/wf-form4_155674154121016.xml"}, {"form_type": "8-K", "filings_date": "2019-05-01", "url": "https://www.sec.gov/Archives/edgar/data/0001288847/000128884719000063/a0331198kearningsrelease.htm"}, {"form_type": "4", "filings_date": "2019-04-24", "url": "https://www.sec.gov/Archives/edgar/data/0001288847/000128884719000057/xslF345X03/wf-form4_155614487209256.xml"}, {"form_type": "4", "filings_date": "2019-04-24", "url": "https://www.sec.gov/Archives/edgar/data/0001288847/000128884719000056/xslF345X03/wf-form4_155614470737453.xml"}, {"form_type": "4", "filings_date": "2019-04-18", "url": "https://www.sec.gov/Archives/edgar/data/0001288847/000128884719000055/xslF345X03/wf-form4_155562810848324.xml"}, {"form_type": "4", "filings_date": "2019-04-17", "url": "https://www.sec.gov/Archives/edgar/data/0001288847/000128884719000054/xslF345X03/wf-form4_155553573143600.xml"}, {"form_type": "DEFA14A", "filings_date": "2019-04-15", "url": "https://www.sec.gov/Archives/edgar/data/0001288847/000128884719000053/defa14a2019.htm"}, {"form_type": "DEF 14A", "filings_date": "2019-04-15", "url": "https://www.sec.gov/Archives/edgar/data/0001288847/000128884719000051/a2019proxy.htm"}, {"form_type": "8-K", "filings_date": "2019-04-09", "url": "https://www.sec.gov/Archives/edgar/data/0001288847/000128884719000048/form8-k2019keyexecutivesev.htm"}, {"form_type": "4", "filings_date": "2019-04-03", "url": "https://www.sec.gov/Archives/edgar/data/0001288847/000128884719000045/xslF345X03/wf-form4_155432474877643.xml"}, {"form_type": "4", "filings_date": "2019-03-27", "url": "https://www.sec.gov/Archives/edgar/data/0001288847/000128884719000044/xslF345X03/wf-form4_155371687625393.xml"}, {"form_type": "4", "filings_date": "2019-03-25", "url": "https://www.sec.gov/Archives/edgar/data/0001288847/000128884719000043/xslF345X03/wf-form4_155355270912290.xml"}, {"form_type": "4", "filings_date": "2019-03-22", "url": "https://www.sec.gov/Archives/edgar/data/0001288847/000128884719000042/xslF345X03/wf-form4_155328589106920.xml"}, {"form_type": "4", "filings_date": "2019-03-19", "url": "https://www.sec.gov/Archives/edgar/data/0001288847/000128884719000041/xslF345X03/wf-form4_155303791857005.xml"}, {"form_type": "4", "filings_date": "2019-03-19", "url": "https://www.sec.gov/Archives/edgar/data/0001288847/000128884719000040/xslF345X03/wf-form4_155303772454193.xml"}, {"form_type": "4", "filings_date": "2019-03-05", "url": "https://www.sec.gov/Archives/edgar/data/0001288847/000128884719000039/xslF345X03/wf-form4_155183062407226.xml"}, {"form_type": "4", "filings_date": "2019-03-05", "url": "https://www.sec.gov/Archives/edgar/data/0001288847/000128884719000038/xslF345X03/wf-form4_155183049719330.xml"}, {"form_type": "4", "filings_date": "2019-03-05", "url": "https://www.sec.gov/Archives/edgar/data/0001288847/000128884719000037/xslF345X03/wf-form4_155183041407947.xml"}, {"form_type": "4", "filings_date": "2019-03-05", "url": "https://www.sec.gov/Archives/edgar/data/0001288847/000128884719000036/xslF345X03/wf-form4_155183031986472.xml"}, {"form_type": "4", "filings_date": "2019-03-01", "url": "https://www.sec.gov/Archives/edgar/data/0001288847/000128884719000035/xslF345X03/wf-form4_155148249859491.xml"}, {"form_type": "4", "filings_date": "2019-02-28", "url": "https://www.sec.gov/Archives/edgar/data/0001288847/000128884719000034/xslF345X03/wf-form4_155138875218037.xml"}, {"form_type": "4", "filings_date": "2019-02-26", "url": "https://www.sec.gov/Archives/edgar/data/0001288847/000128884719000033/xslF345X03/wf-form4_155122420045752.xml"}, {"form_type": "4", "filings_date": "2019-02-26", "url": "https://www.sec.gov/Archives/edgar/data/0001288847/000128884719000032/xslF345X03/wf-form4_155122413151423.xml"}, {"form_type": "4", "filings_date": "2019-02-26", "url": "https://www.sec.gov/Archives/edgar/data/0001288847/000128884719000031/xslF345X03/wf-form4_155122405088034.xml"}, {"form_type": "4", "filings_date": "2019-02-26", "url": "https://www.sec.gov/Archives/edgar/data/0001288847/000128884719000030/xslF345X03/wf-form4_155122396706487.xml"}, {"form_type": "4", "filings_date": "2019-02-26", "url": "https://www.sec.gov/Archives/edgar/data/0001288847/000128884719000029/xslF345X03/wf-form4_155122388272879.xml"}, {"form_type": "4", "filings_date": "2019-02-26", "url": "https://www.sec.gov/Archives/edgar/data/0001288847/000128884719000028/xslF345X03/wf-form4_155122380730494.xml"}, {"form_type": "4", "filings_date": "2019-02-26", "url": "https://www.sec.gov/Archives/edgar/data/0001288847/000128884719000027/xslF345X03/wf-form4_155122372316824.xml"}, {"form_type": "S-8", "filings_date": "2019-02-25", "url": "https://www.sec.gov/Archives/edgar/data/0001288847/000128884719000023/s-82019evergreenincreases.htm"}, {"form_type": "10-K", "filings_date": "2019-02-25", "url": "https://www.sec.gov/Archives/edgar/data/0001288847/000128884719000021/a12311810k.htm"}, {"form_type": "4", "filings_date": "2019-02-21", "url": "https://www.sec.gov/Archives/edgar/data/0001288847/000128884719000016/xslF345X03/wf-form4_155078587323076.xml"}, {"form_type": "4", "filings_date": "2019-02-21", "url": "https://www.sec.gov/Archives/edgar/data/0001288847/000128884719000015/xslF345X03/wf-form4_155078577484342.xml"}, {"form_type": "8-K", "filings_date": "2019-02-19", "url": "https://www.sec.gov/Archives/edgar/data/0001288847/000128884719000014/a1231188-kearningsrelease.htm"}, {"form_type": "8-K", "filings_date": "2019-02-15", "url": "https://www.sec.gov/Archives/edgar/data/0001288847/000128884719000011/form8-k2019executivebonust.htm"}, {"form_type": "SC 13G/A", "filings_date": "2019-02-14", "url": "https://www.sec.gov/Archives/edgar/data/0001288847/000008025519002660/fivn13gadec18.txt"}, {"form_type": "SC 13G/A", "filings_date": "2019-02-11", "url": "https://www.sec.gov/Archives/edgar/data/0001288847/000093247119005296/five9inc.htm"}, {"form_type": "SC 13G/A", "filings_date": "2019-02-11", "url": "https://www.sec.gov/Archives/edgar/data/0001288847/000021545719007327/us3383071012_020819.txt"}, {"form_type": "4", "filings_date": "2019-02-05", "url": "https://www.sec.gov/Archives/edgar/data/0001288847/000128884719000008/xslF345X03/wf-form4_154940143846924.xml"}, {"form_type": "4", "filings_date": "2019-01-24", "url": "https://www.sec.gov/Archives/edgar/data/0001288847/000128884719000007/xslF345X03/wf-form4_154836564382224.xml"}, {"form_type": "4", "filings_date": "2019-01-23", "url": "https://www.sec.gov/Archives/edgar/data/0001288847/000128884719000006/xslF345X03/wf-form4_154828683027489.xml"}, {"form_type": "4", "filings_date": "2019-01-23", "url": "https://www.sec.gov/Archives/edgar/data/0001288847/000128884719000005/xslF345X03/wf-form4_154828671514858.xml"}, {"form_type": "4", "filings_date": "2019-01-18", "url": "https://www.sec.gov/Archives/edgar/data/0001288847/000128884719000004/xslF345X03/wf-form4_154784789956678.xml"}, {"form_type": "3", "filings_date": "2019-01-03", "url": "https://www.sec.gov/Archives/edgar/data/0001288847/000128884719000003/xslF345X02/wf-form3_154656068205303.xml"}, {"form_type": "4", "filings_date": "2019-01-03", "url": "https://www.sec.gov/Archives/edgar/data/0001288847/000128884719000002/xslF345X03/wf-form4_154656031942684.xml"}, {"form_type": "4", "filings_date": "2019-01-03", "url": "https://www.sec.gov/Archives/edgar/data/0001288847/000128884719000001/xslF345X03/wf-form4_154656003297167.xml"}, {"form_type": "4", "filings_date": "2018-12-27", "url": "https://www.sec.gov/Archives/edgar/data/0001288847/000128884718000175/xslF345X03/wf-form4_154594513560641.xml"}, {"form_type": "3", "filings_date": "2018-12-21", "url": "https://www.sec.gov/Archives/edgar/data/0001288847/000128884718000174/xslF345X02/wf-form3_154542844568356.xml"}, {"form_type": "4", "filings_date": "2018-12-21", "url": "https://www.sec.gov/Archives/edgar/data/0001288847/000128884718000173/xslF345X03/wf-form4_154542792815710.xml"}, {"form_type": "4", "filings_date": "2018-12-19", "url": "https://www.sec.gov/Archives/edgar/data/0001288847/000128884718000172/xslF345X03/wf-form4_154525338206230.xml"}, {"form_type": "4", "filings_date": "2018-12-07", "url": "https://www.sec.gov/Archives/edgar/data/0001288847/000128884718000171/xslF345X03/wf-form4_154422290286780.xml"}, {"form_type": "4", "filings_date": "2018-12-06", "url": "https://www.sec.gov/Archives/edgar/data/0001288847/000128884718000170/xslF345X03/wf-form4_154413305396080.xml"}, {"form_type": "4", "filings_date": "2018-12-06", "url": "https://www.sec.gov/Archives/edgar/data/0001288847/000128884718000169/xslF345X03/wf-form4_154413267093912.xml"}, {"form_type": "4", "filings_date": "2018-12-06", "url": "https://www.sec.gov/Archives/edgar/data/0001288847/000128884718000168/xslF345X03/wf-form4_154413242059687.xml"}, {"form_type": "3", "filings_date": "2018-11-27", "url": "https://www.sec.gov/Archives/edgar/data/0001288847/000128884718000167/xslF345X02/wf-form3_154335845751155.xml"}, {"form_type": "4", "filings_date": "2018-11-27", "url": "https://www.sec.gov/Archives/edgar/data/0001288847/000128884718000165/xslF345X03/wf-form4_154335766494268.xml"}, {"form_type": "4", "filings_date": "2018-11-20", "url": "https://www.sec.gov/Archives/edgar/data/0001288847/000128884718000164/xslF345X03/wf-form4_154275770802116.xml"}, {"form_type": "4", "filings_date": "2018-11-20", "url": "https://www.sec.gov/Archives/edgar/data/0001288847/000128884718000163/xslF345X03/wf-form4_154275718807166.xml"}, {"form_type": "10-Q", "filings_date": "2018-11-06", "url": "https://www.sec.gov/Archives/edgar/data/0001288847/000128884718000162/a09301810q.htm"}, {"form_type": "4", "filings_date": "2018-11-06", "url": "https://www.sec.gov/Archives/edgar/data/0001288847/000128884718000160/xslF345X03/wf-form4_154153931931646.xml"}, {"form_type": "8-K", "filings_date": "2018-11-06", "url": "https://www.sec.gov/Archives/edgar/data/0001288847/000128884718000159/a0930188kearningsrelease.htm"}, {"form_type": "4", "filings_date": "2018-11-05", "url": "https://www.sec.gov/Archives/edgar/data/0001288847/000128884718000155/xslF345X03/wf-form4_154145820691129.xml"}, {"form_type": "4", "filings_date": "2018-10-26", "url": "https://www.sec.gov/Archives/edgar/data/0001288847/000128884718000153/xslF345X03/wf-form4_154059190053835.xml"}, {"form_type": "3", "filings_date": "2018-10-25", "url": "https://www.sec.gov/Archives/edgar/data/0001288847/000128884718000152/xslF345X02/wf-form3_154050833579940.xml"}, {"form_type": "4", "filings_date": "2018-10-23", "url": "https://www.sec.gov/Archives/edgar/data/0001288847/000128884718000150/xslF345X03/wf-form4_154033378786451.xml"}, {"form_type": "4", "filings_date": "2018-10-23", "url": "https://www.sec.gov/Archives/edgar/data/0001288847/000128884718000149/xslF345X03/wf-form4_154033361921101.xml"}, {"form_type": "4", "filings_date": "2018-10-22", "url": "https://www.sec.gov/Archives/edgar/data/0001288847/000128884718000148/xslF345X03/wf-form4_154023854190613.xml"}, {"form_type": "SC 13G/A", "filings_date": "2018-10-10", "url": "https://www.sec.gov/Archives/edgar/data/0001288847/000093247118007230/five9inc.htm"}, {"form_type": "4", "filings_date": "2018-10-09", "url": "https://www.sec.gov/Archives/edgar/data/0001288847/000128884718000146/xslF345X03/wf-form4_153911859787270.xml"}, {"form_type": "4", "filings_date": "2018-09-27", "url": "https://www.sec.gov/Archives/edgar/data/0001288847/000128884718000144/xslF345X03/wf-form4_153807949047390.xml"}, {"form_type": "4", "filings_date": "2018-09-24", "url": "https://www.sec.gov/Archives/edgar/data/0001288847/000128884718000143/xslF345X03/wf-form4_153783009762926.xml"}, {"form_type": "4", "filings_date": "2018-09-21", "url": "https://www.sec.gov/Archives/edgar/data/0001288847/000128884718000142/xslF345X03/wf-form4_153756625125874.xml"}, {"form_type": "4", "filings_date": "2018-09-19", "url": "https://www.sec.gov/Archives/edgar/data/0001288847/000128884718000141/xslF345X03/wf-form4_153739861274742.xml"}, {"form_type": "4", "filings_date": "2018-09-05", "url": "https://www.sec.gov/Archives/edgar/data/0001288847/000128884718000140/xslF345X03/wf-form4_153619487533472.xml"}, {"form_type": "4", "filings_date": "2018-09-05", "url": "https://www.sec.gov/Archives/edgar/data/0001288847/000128884718000139/xslF345X03/wf-form4_153619347860062.xml"}, {"form_type": "4", "filings_date": "2018-09-05", "url": "https://www.sec.gov/Archives/edgar/data/0001288847/000128884718000138/xslF345X03/wf-form4_153619328647699.xml"}, {"form_type": "4", "filings_date": "2018-08-28", "url": "https://www.sec.gov/Archives/edgar/data/0001288847/000128884718000137/xslF345X03/wf-form4_153549642478419.xml"}, {"form_type": "4", "filings_date": "2018-08-24", "url": "https://www.sec.gov/Archives/edgar/data/0001288847/000128884718000136/xslF345X03/wf-form4_153514153295140.xml"}, {"form_type": "4", "filings_date": "2018-08-22", "url": "https://www.sec.gov/Archives/edgar/data/0001288847/000128884718000135/xslF345X03/wf-form4_153497696277315.xml"}, {"form_type": "4", "filings_date": "2018-08-10", "url": "https://www.sec.gov/Archives/edgar/data/0001288847/000128884718000134/xslF345X03/wf-form4_153394179343878.xml"}, {"form_type": "4", "filings_date": "2018-08-10", "url": "https://www.sec.gov/Archives/edgar/data/0001288847/000128884718000133/xslF345X03/wf-form4_153393473410273.xml"}, {"form_type": "4", "filings_date": "2018-08-10", "url": "https://www.sec.gov/Archives/edgar/data/0001288847/000128884718000132/xslF345X03/wf-form4_153393463106801.xml"}, {"form_type": "4", "filings_date": "2018-08-06", "url": "https://www.sec.gov/Archives/edgar/data/0001288847/000128884718000131/xslF345X03/wf-form4_153360134822052.xml"}, {"form_type": "4", "filings_date": "2018-08-06", "url": "https://www.sec.gov/Archives/edgar/data/0001288847/000128884718000130/xslF345X03/wf-form4_153360122619067.xml"}, {"form_type": "10-Q", "filings_date": "2018-08-06", "url": "https://www.sec.gov/Archives/edgar/data/0001288847/000128884718000129/a06301810q.htm"}, {"form_type": "8-K", "filings_date": "2018-08-06", "url": "https://www.sec.gov/Archives/edgar/data/0001288847/000128884718000127/a0630188kearningsrelease.htm"}, {"form_type": "4", "filings_date": "2018-08-01", "url": "https://www.sec.gov/Archives/edgar/data/0001288847/000128884718000124/xslF345X03/wf-form4_153316107184464.xml"}, {"form_type": "8-K", "filings_date": "2018-07-26", "url": "https://www.sec.gov/Archives/edgar/data/0001288847/000128884718000121/a8-kgauravpassireleaseagre.htm"}, {"form_type": "4", "filings_date": "2018-07-26", "url": "https://www.sec.gov/Archives/edgar/data/0001288847/000128884718000119/xslF345X03/wf-form4_153263616623463.xml"}, {"form_type": "4", "filings_date": "2018-07-24", "url": "https://www.sec.gov/Archives/edgar/data/0001288847/000128884718000118/xslF345X03/wf-form4_153246639739398.xml"}, {"form_type": "4", "filings_date": "2018-07-24", "url": "https://www.sec.gov/Archives/edgar/data/0001288847/000128884718000117/xslF345X03/wf-form4_153246628236550.xml"}, {"form_type": "4/A", "filings_date": "2018-07-20", "url": "https://www.sec.gov/Archives/edgar/data/0001288847/000128884718000116/xslF345X03/wf-form4a_153211865018225.xml"}, {"form_type": "4", "filings_date": "2018-07-20", "url": "https://www.sec.gov/Archives/edgar/data/0001288847/000128884718000115/xslF345X03/wf-form4_153211843408420.xml"}, {"form_type": "4", "filings_date": "2018-07-20", "url": "https://www.sec.gov/Archives/edgar/data/0001288847/000128884718000114/xslF345X03/wf-form4_153211833455776.xml"}, {"form_type": "4", "filings_date": "2018-07-20", "url": "https://www.sec.gov/Archives/edgar/data/0001288847/000128884718000113/xslF345X03/wf-form4_153211786385814.xml"}, {"form_type": "4", "filings_date": "2018-07-09", "url": "https://www.sec.gov/Archives/edgar/data/0001288847/000128884718000112/xslF345X03/wf-form4_153117248367316.xml"}, {"form_type": "4", "filings_date": "2018-07-09", "url": "https://www.sec.gov/Archives/edgar/data/0001288847/000128884718000111/xslF345X03/wf-form4_153117233491069.xml"}, {"form_type": "8-K", "filings_date": "2018-07-09", "url": "https://www.sec.gov/Archives/edgar/data/0001288847/000128884718000110/namedexecutiveofficertermi.htm"}, {"form_type": "8-K", "filings_date": "2018-07-02", "url": "https://www.sec.gov/Archives/edgar/data/0001288847/000128884718000108/terminationofcreditagreeme.htm"}, {"form_type": "4", "filings_date": "2018-06-26", "url": "https://www.sec.gov/Archives/edgar/data/0001288847/000128884718000105/xslF345X03/wf-form4_153004735879329.xml"}, {"form_type": "4", "filings_date": "2018-06-26", "url": "https://www.sec.gov/Archives/edgar/data/0001288847/000128884718000104/xslF345X03/wf-form4_153004724807814.xml"}, {"form_type": "4", "filings_date": "2018-06-26", "url": "https://www.sec.gov/Archives/edgar/data/0001288847/000128884718000103/xslF345X03/wf-form4_153004713804524.xml"}, {"form_type": "4", "filings_date": "2018-06-19", "url": "https://www.sec.gov/Archives/edgar/data/0001288847/000128884718000102/xslF345X03/wf-form4_152944496645001.xml"}, {"form_type": "4", "filings_date": "2018-06-19", "url": "https://www.sec.gov/Archives/edgar/data/0001288847/000128884718000101/xslF345X03/wf-form4_152944477021238.xml"}, {"form_type": "4", "filings_date": "2018-06-06", "url": "https://www.sec.gov/Archives/edgar/data/0001288847/000128884718000100/xslF345X03/wf-form4_152833010844581.xml"}, {"form_type": "4", "filings_date": "2018-06-06", "url": "https://www.sec.gov/Archives/edgar/data/0001288847/000128884718000099/xslF345X03/wf-form4_152832062140923.xml"}, {"form_type": "4", "filings_date": "2018-06-06", "url": "https://www.sec.gov/Archives/edgar/data/0001288847/000128884718000098/xslF345X03/wf-form4_152832054333156.xml"}, {"form_type": "4", "filings_date": "2018-06-05", "url": "https://www.sec.gov/Archives/edgar/data/0001288847/000128884718000097/xslF345X03/wf-form4_152822934517316.xml"}, {"form_type": "4", "filings_date": "2018-06-05", "url": "https://www.sec.gov/Archives/edgar/data/0001288847/000128884718000096/xslF345X03/wf-form4_152822915715334.xml"}, {"form_type": "4", "filings_date": "2018-05-31", "url": "https://www.sec.gov/Archives/edgar/data/0001288847/000128884718000095/xslF345X03/wf-form4_152780082300601.xml"}, {"form_type": "8-K", "filings_date": "2018-05-22", "url": "https://www.sec.gov/Archives/edgar/data/0001288847/000128884718000094/a2018annualmeetingvotingre.htm"}, {"form_type": "4", "filings_date": "2018-05-21", "url": "https://www.sec.gov/Archives/edgar/data/0001288847/000128884718000092/xslF345X03/wf-form4_152694799926830.xml"}, {"form_type": "4", "filings_date": "2018-05-21", "url": "https://www.sec.gov/Archives/edgar/data/0001288847/000128884718000091/xslF345X03/wf-form4_152694783371924.xml"}, {"form_type": "4", "filings_date": "2018-05-21", "url": "https://www.sec.gov/Archives/edgar/data/0001288847/000128884718000090/xslF345X03/wf-form4_152694767606657.xml"}, {"form_type": "4", "filings_date": "2018-05-21", "url": "https://www.sec.gov/Archives/edgar/data/0001288847/000128884718000089/xslF345X03/wf-form4_152694752298702.xml"}, {"form_type": "4", "filings_date": "2018-05-21", "url": "https://www.sec.gov/Archives/edgar/data/0001288847/000128884718000088/xslF345X03/wf-form4_152694737819721.xml"}, {"form_type": "4", "filings_date": "2018-05-21", "url": "https://www.sec.gov/Archives/edgar/data/0001288847/000128884718000087/xslF345X03/wf-form4_152694725323423.xml"}, {"form_type": "4", "filings_date": "2018-05-21", "url": "https://www.sec.gov/Archives/edgar/data/0001288847/000128884718000086/xslF345X03/wf-form4_152694716150766.xml"}, {"form_type": "4", "filings_date": "2018-05-18", "url": "https://www.sec.gov/Archives/edgar/data/0001288847/000128884718000082/xslF345X03/wf-form4_152667847438894.xml"}, {"form_type": "8-K", "filings_date": "2018-05-08", "url": "https://www.sec.gov/Archives/edgar/data/0001288847/000128884718000079/a0508188-kconvertiblenotes.htm"}, {"form_type": "3", "filings_date": "2018-05-04", "url": "https://www.sec.gov/Archives/edgar/data/0001288847/000128884718000076/xslF345X02/wf-form3_152546531939290.xml"}, {"form_type": "8-K", "filings_date": "2018-05-04", "url": "https://www.sec.gov/Archives/edgar/data/0001288847/000128884718000072/a8-kconvertiblenotesofferi.htm"}, {"form_type": "DEFA14A", "filings_date": "2018-05-01", "url": "https://www.sec.gov/Archives/edgar/data/0001288847/000128884718000069/defa14a2018may1.htm"}, {"form_type": "10-Q", "filings_date": "2018-05-01", "url": "https://www.sec.gov/Archives/edgar/data/0001288847/000128884718000068/a03311810q.htm"}, {"form_type": "8-K", "filings_date": "2018-05-01", "url": "https://www.sec.gov/Archives/edgar/data/0001288847/000128884718000067/form8-kmay12018.htm"}, {"form_type": "8-K", "filings_date": "2018-05-01", "url": "https://www.sec.gov/Archives/edgar/data/0001288847/000128884718000066/a0331188kearningsrelease.htm"}, {"form_type": "4", "filings_date": "2018-04-27", "url": "https://www.sec.gov/Archives/edgar/data/0001288847/000128884718000058/xslF345X03/wf-form4_152485932405110.xml"}, {"form_type": "DEFA14A", "filings_date": "2018-04-03", "url": "https://www.sec.gov/Archives/edgar/data/0001288847/000128884718000057/defa14a2018.htm"}, {"form_type": "DEF 14A", "filings_date": "2018-04-03", "url": "https://www.sec.gov/Archives/edgar/data/0001288847/000128884718000055/a2018proxy.htm"}, {"form_type": "4/A", "filings_date": "2018-04-02", "url": "https://www.sec.gov/Archives/edgar/data/0001288847/000128884718000053/xslF345X03/wf-form4a_152271613954965.xml"}, {"form_type": "4/A", "filings_date": "2018-04-02", "url": "https://www.sec.gov/Archives/edgar/data/0001288847/000128884718000052/xslF345X03/wf-form4a_152271594218351.xml"}, {"form_type": "4/A", "filings_date": "2018-04-02", "url": "https://www.sec.gov/Archives/edgar/data/0001288847/000128884718000051/xslF345X03/wf-form4a_152271575356666.xml"}, {"form_type": "4/A", "filings_date": "2018-04-02", "url": "https://www.sec.gov/Archives/edgar/data/0001288847/000128884718000050/xslF345X03/wf-form4a_152271558312331.xml"}, {"form_type": "4/A", "filings_date": "2018-04-02", "url": "https://www.sec.gov/Archives/edgar/data/0001288847/000128884718000049/xslF345X03/wf-form4a_152271539075052.xml"}, {"form_type": "4", "filings_date": "2018-04-02", "url": "https://www.sec.gov/Archives/edgar/data/0001288847/000128884718000048/xslF345X03/wf-form4_152271526314093.xml"}, {"form_type": "8-K", "filings_date": "2018-03-30", "url": "https://www.sec.gov/Archives/edgar/data/0001288847/000128884718000045/form8-k2018classiitoclassi.htm"}, {"form_type": "4", "filings_date": "2018-03-27", "url": "https://www.sec.gov/Archives/edgar/data/0001288847/000128884718000042/xslF345X03/wf-form4_152218921293709.xml"}, {"form_type": "4", "filings_date": "2018-03-16", "url": "https://www.sec.gov/Archives/edgar/data/0001288847/000128884718000041/xslF345X03/wf-form4_152123269576781.xml"}, {"form_type": "4", "filings_date": "2018-03-13", "url": "https://www.sec.gov/Archives/edgar/data/0001288847/000128884718000040/xslF345X03/wf-form4_152097682092282.xml"}, {"form_type": "4", "filings_date": "2018-03-09", "url": "https://www.sec.gov/Archives/edgar/data/0001288847/000128884718000039/xslF345X03/wf-form4_152062946341966.xml"}, {"form_type": "4", "filings_date": "2018-03-07", "url": "https://www.sec.gov/Archives/edgar/data/0001288847/000128884718000038/xslF345X03/wf-form4_152046868015090.xml"}, {"form_type": "4", "filings_date": "2018-03-07", "url": "https://www.sec.gov/Archives/edgar/data/0001288847/000128884718000037/xslF345X03/wf-form4_152046861594568.xml"}, {"form_type": "4", "filings_date": "2018-03-07", "url": "https://www.sec.gov/Archives/edgar/data/0001288847/000128884718000036/xslF345X03/wf-form4_152046854368855.xml"}, {"form_type": "4", "filings_date": "2018-03-07", "url": "https://www.sec.gov/Archives/edgar/data/0001288847/000128884718000035/xslF345X03/wf-form4_152046842501604.xml"}, {"form_type": "4", "filings_date": "2018-03-06", "url": "https://www.sec.gov/Archives/edgar/data/0001288847/000128884718000034/xslF345X03/wf-form4_152038396358318.xml"}, {"form_type": "4", "filings_date": "2018-03-02", "url": "https://www.sec.gov/Archives/edgar/data/0001288847/000128884718000033/xslF345X03/wf-form4_152003397525122.xml"}, {"form_type": "4", "filings_date": "2018-03-02", "url": "https://www.sec.gov/Archives/edgar/data/0001288847/000128884718000032/xslF345X03/wf-form4_152003389581452.xml"}, {"form_type": "S-8", "filings_date": "2018-03-01", "url": "https://www.sec.gov/Archives/edgar/data/0001288847/000128884718000031/s-82018evergreenincreases.htm"}, {"form_type": "10-K", "filings_date": "2018-03-01", "url": "https://www.sec.gov/Archives/edgar/data/0001288847/000128884718000030/a12311710k.htm"}, {"form_type": "4", "filings_date": "2018-02-28", "url": "https://www.sec.gov/Archives/edgar/data/0001288847/000128884718000024/xslF345X03/wf-form4_151986762721112.xml"}, {"form_type": "4", "filings_date": "2018-02-28", "url": "https://www.sec.gov/Archives/edgar/data/0001288847/000128884718000023/xslF345X03/wf-form4_151986747895511.xml"}, {"form_type": "4", "filings_date": "2018-02-28", "url": "https://www.sec.gov/Archives/edgar/data/0001288847/000128884718000022/xslF345X03/wf-form4_151986676427841.xml"}, {"form_type": "4", "filings_date": "2018-02-28", "url": "https://www.sec.gov/Archives/edgar/data/0001288847/000128884718000021/xslF345X03/wf-form4_151986665557109.xml"}, {"form_type": "4", "filings_date": "2018-02-22", "url": "https://www.sec.gov/Archives/edgar/data/0001288847/000128884718000016/xslF345X03/wf-form4_151934206162488.xml"}, {"form_type": "8-K", "filings_date": "2018-02-21", "url": "https://www.sec.gov/Archives/edgar/data/0001288847/000128884718000015/a123117-8kearningsrelease.htm"}, {"form_type": "4", "filings_date": "2018-02-21", "url": "https://www.sec.gov/Archives/edgar/data/0001288847/000128884718000014/xslF345X03/wf-form4_151924715654694.xml"}, {"form_type": "4", "filings_date": "2018-02-16", "url": "https://www.sec.gov/Archives/edgar/data/0001288847/000128884718000009/xslF345X03/wf-form4_151881569063429.xml"}, {"form_type": "4", "filings_date": "2018-02-16", "url": "https://www.sec.gov/Archives/edgar/data/0001288847/000128884718000008/xslF345X03/wf-form4_151881561546454.xml"}, {"form_type": "SC 13G/A", "filings_date": "2018-02-14", "url": "https://www.sec.gov/Archives/edgar/data/0001288847/000008025518002562/fivn13gadec17.txt"}, {"form_type": "8-K", "filings_date": "2018-02-13", "url": "https://www.sec.gov/Archives/edgar/data/0001288847/000128884718000007/form8-k2018executivebonust.htm"}, {"form_type": "SC 13G", "filings_date": "2018-02-08", "url": "https://www.sec.gov/Archives/edgar/data/0001288847/000093247118002961/five9inc.htm"}, {"form_type": "SC 13G", "filings_date": "2018-02-01", "url": "https://www.sec.gov/Archives/edgar/data/0001288847/000021545718004579/us3383071012_013118.txt"}, {"form_type": "4", "filings_date": "2018-01-26", "url": "https://www.sec.gov/Archives/edgar/data/0001288847/000128884718000005/xslF345X03/wf-form4_151700055113001.xml"}, {"form_type": "4", "filings_date": "2018-01-23", "url": "https://www.sec.gov/Archives/edgar/data/0001288847/000128884718000004/xslF345X03/wf-form4_151674242630829.xml"}, {"form_type": "4", "filings_date": "2018-01-17", "url": "https://www.sec.gov/Archives/edgar/data/0001288847/000128884718000003/xslF345X03/wf-form4_151622302635339.xml"}, {"form_type": "4", "filings_date": "2018-01-11", "url": "https://www.sec.gov/Archives/edgar/data/0001288847/000128884718000002/xslF345X03/wf-form4_151570749731697.xml"}, {"form_type": "4", "filings_date": "2018-01-03", "url": "https://www.sec.gov/Archives/edgar/data/0001288847/000128884718000001/xslF345X03/wf-form4_151501439924088.xml"}, {"form_type": "4", "filings_date": "2017-12-27", "url": "https://www.sec.gov/Archives/edgar/data/0001288847/000128884717000152/xslF345X03/wf-form4_151441735492263.xml"}, {"form_type": "4", "filings_date": "2017-12-20", "url": "https://www.sec.gov/Archives/edgar/data/0001288847/000128884717000151/xslF345X03/wf-form4_151381555040789.xml"}, {"form_type": "4", "filings_date": "2017-12-20", "url": "https://www.sec.gov/Archives/edgar/data/0001288847/000128884717000150/xslF345X03/wf-form4_151381528126857.xml"}, {"form_type": "4", "filings_date": "2017-12-18", "url": "https://www.sec.gov/Archives/edgar/data/0001288847/000128884717000149/xslF345X03/wf-form4_151363924869742.xml"}, {"form_type": "4", "filings_date": "2017-12-05", "url": "https://www.sec.gov/Archives/edgar/data/0001288847/000128884717000148/xslF345X03/wf-form4_151252250927448.xml"}, {"form_type": "4", "filings_date": "2017-12-05", "url": "https://www.sec.gov/Archives/edgar/data/0001288847/000128884717000147/xslF345X03/wf-form4_151252228966341.xml"}, {"form_type": "4", "filings_date": "2017-12-05", "url": "https://www.sec.gov/Archives/edgar/data/0001288847/000128884717000146/xslF345X03/wf-form4_151252213370376.xml"}, {"form_type": "4", "filings_date": "2017-12-05", "url": "https://www.sec.gov/Archives/edgar/data/0001288847/000128884717000145/xslF345X03/wf-form4_151252199188058.xml"}, {"form_type": "4", "filings_date": "2017-11-30", "url": "https://www.sec.gov/Archives/edgar/data/0001288847/000128884717000144/xslF345X03/wf-form4_151208173331885.xml"}, {"form_type": "4", "filings_date": "2017-11-30", "url": "https://www.sec.gov/Archives/edgar/data/0001288847/000128884717000143/xslF345X03/wf-form4_151208159288072.xml"}, {"form_type": "4", "filings_date": "2017-11-28", "url": "https://www.sec.gov/Archives/edgar/data/0001288847/000128884717000142/xslF345X03/wf-form4_151191486430522.xml"}, {"form_type": "4", "filings_date": "2017-11-24", "url": "https://www.sec.gov/Archives/edgar/data/0001288847/000128884717000141/xslF345X03/wf-form4_151155498275571.xml"}, {"form_type": "4", "filings_date": "2017-11-21", "url": "https://www.sec.gov/Archives/edgar/data/0001288847/000128884717000140/xslF345X03/wf-form4_151131833339879.xml"}, {"form_type": "4", "filings_date": "2017-11-21", "url": "https://www.sec.gov/Archives/edgar/data/0001288847/000128884717000139/xslF345X03/wf-form4_151131724272880.xml"}, {"form_type": "4", "filings_date": "2017-11-21", "url": "https://www.sec.gov/Archives/edgar/data/0001288847/000128884717000138/xslF345X03/wf-form4_151131662878320.xml"}, {"form_type": "4", "filings_date": "2017-11-20", "url": "https://www.sec.gov/Archives/edgar/data/0001288847/000128884717000137/xslF345X03/wf-form4_151121245887509.xml"}, {"form_type": "4", "filings_date": "2017-11-17", "url": "https://www.sec.gov/Archives/edgar/data/0001288847/000128884717000135/xslF345X03/wf-form4_151095279962194.xml"}, {"form_type": "4", "filings_date": "2017-11-14", "url": "https://www.sec.gov/Archives/edgar/data/0001288847/000128884717000134/xslF345X03/wf-form4_151070065056213.xml"}, {"form_type": "10-Q", "filings_date": "2017-11-08", "url": "https://www.sec.gov/Archives/edgar/data/0001288847/000128884717000133/a09301710q.htm"}, {"form_type": "8-K", "filings_date": "2017-11-08", "url": "https://www.sec.gov/Archives/edgar/data/0001288847/000128884717000132/mburklandnovember82017.htm"}, {"form_type": "8-K", "filings_date": "2017-11-08", "url": "https://www.sec.gov/Archives/edgar/data/0001288847/000128884717000131/a0930178kearningsrelease.htm"}, {"form_type": "4", "filings_date": "2017-10-24", "url": "https://www.sec.gov/Archives/edgar/data/0001288847/000128884717000123/xslF345X03/wf-form4_150888194799407.xml"}, {"form_type": "4", "filings_date": "2017-10-04", "url": "https://www.sec.gov/Archives/edgar/data/0001288847/000128884717000122/xslF345X03/wf-form4_150715830286693.xml"}, {"form_type": "4", "filings_date": "2017-09-21", "url": "https://www.sec.gov/Archives/edgar/data/0001288847/000128884717000121/xslF345X03/wf-form4_150602934271432.xml"}, {"form_type": "4", "filings_date": "2017-09-07", "url": "https://www.sec.gov/Archives/edgar/data/0001288847/000128884717000120/xslF345X03/wf-form4_150482047569667.xml"}, {"form_type": "4", "filings_date": "2017-09-07", "url": "https://www.sec.gov/Archives/edgar/data/0001288847/000128884717000119/xslF345X03/wf-form4_150482033781648.xml"}, {"form_type": "4", "filings_date": "2017-09-07", "url": "https://www.sec.gov/Archives/edgar/data/0001288847/000128884717000118/xslF345X03/wf-form4_150482018541115.xml"}, {"form_type": "4", "filings_date": "2017-09-07", "url": "https://www.sec.gov/Archives/edgar/data/0001288847/000128884717000117/xslF345X03/wf-form4_150482005248121.xml"}, {"form_type": "4", "filings_date": "2017-09-07", "url": "https://www.sec.gov/Archives/edgar/data/0001288847/000128884717000116/xslF345X03/wf-form4_150481987438636.xml"}, {"form_type": "4", "filings_date": "2017-08-22", "url": "https://www.sec.gov/Archives/edgar/data/0001288847/000128884717000115/xslF345X03/wf-form4_150343408176815.xml"}, {"form_type": "4", "filings_date": "2017-08-17", "url": "https://www.sec.gov/Archives/edgar/data/0001288847/000128884717000114/xslF345X03/wf-form4_150301223992666.xml"}, {"form_type": "4", "filings_date": "2017-08-10", "url": "https://www.sec.gov/Archives/edgar/data/0001288847/000128884717000113/xslF345X03/wf-form4_150240014552045.xml"}, {"form_type": "4", "filings_date": "2017-08-10", "url": "https://www.sec.gov/Archives/edgar/data/0001288847/000128884717000112/xslF345X03/wf-form4_150240004317958.xml"}, {"form_type": "4", "filings_date": "2017-08-10", "url": "https://www.sec.gov/Archives/edgar/data/0001288847/000128884717000111/xslF345X03/wf-form4_150239994977704.xml"}, {"form_type": "4", "filings_date": "2017-08-10", "url": "https://www.sec.gov/Archives/edgar/data/0001288847/000128884717000110/xslF345X03/wf-form4_150239982821851.xml"}, {"form_type": "4", "filings_date": "2017-08-10", "url": "https://www.sec.gov/Archives/edgar/data/0001288847/000128884717000109/xslF345X03/wf-form4_150239973128571.xml"}, {"form_type": "4", "filings_date": "2017-08-10", "url": "https://www.sec.gov/Archives/edgar/data/0001288847/000128884717000108/xslF345X03/wf-form4_150239959804169.xml"}, {"form_type": "10-Q", "filings_date": "2017-08-03", "url": "https://www.sec.gov/Archives/edgar/data/0001288847/000128884717000107/a06301710q.htm"}, {"form_type": "8-K", "filings_date": "2017-08-03", "url": "https://www.sec.gov/Archives/edgar/data/0001288847/000128884717000106/a0630178kearningsrelease.htm"}, {"form_type": "4", "filings_date": "2017-08-02", "url": "https://www.sec.gov/Archives/edgar/data/0001288847/000128884717000102/xslF345X03/wf-form4_150170514331177.xml"}, {"form_type": "4", "filings_date": "2017-07-21", "url": "https://www.sec.gov/Archives/edgar/data/0001288847/000128884717000101/xslF345X03/wf-form4_150066764815990.xml"}, {"form_type": "4", "filings_date": "2017-07-14", "url": "https://www.sec.gov/Archives/edgar/data/0001288847/000128884717000100/xslF345X03/wf-form4_150006357565418.xml"}, {"form_type": "4", "filings_date": "2017-06-22", "url": "https://www.sec.gov/Archives/edgar/data/0001288847/000128884717000099/xslF345X03/wf-form4_149818105465836.xml"}, {"form_type": "4", "filings_date": "2017-06-16", "url": "https://www.sec.gov/Archives/edgar/data/0001288847/000128884717000097/xslF345X03/wf-form4_149764328051151.xml"}, {"form_type": "4", "filings_date": "2017-06-06", "url": "https://www.sec.gov/Archives/edgar/data/0001288847/000128884717000096/xslF345X03/wf-form4_149678737437877.xml"}, {"form_type": "4", "filings_date": "2017-06-06", "url": "https://www.sec.gov/Archives/edgar/data/0001288847/000128884717000095/xslF345X03/wf-form4_149678728225759.xml"}, {"form_type": "4", "filings_date": "2017-05-31", "url": "https://www.sec.gov/Archives/edgar/data/0001288847/000128884717000094/xslF345X03/wf-form4_149626258939379.xml"}, {"form_type": "4", "filings_date": "2017-05-25", "url": "https://www.sec.gov/Archives/edgar/data/0001288847/000128884717000093/xslF345X03/wf-form4_149575184099078.xml"}, {"form_type": "4", "filings_date": "2017-05-25", "url": "https://www.sec.gov/Archives/edgar/data/0001288847/000128884717000092/xslF345X03/wf-form4_149575160951088.xml"}, {"form_type": "4", "filings_date": "2017-05-23", "url": "https://www.sec.gov/Archives/edgar/data/0001288847/000128884717000091/xslF345X03/wf-form4_149558196333701.xml"}, {"form_type": "4", "filings_date": "2017-05-23", "url": "https://www.sec.gov/Archives/edgar/data/0001288847/000128884717000090/xslF345X03/wf-form4_149558179897826.xml"}, {"form_type": "4", "filings_date": "2017-05-17", "url": "https://www.sec.gov/Archives/edgar/data/0001288847/000128884717000089/xslF345X03/wf-form4_149504014701630.xml"}, {"form_type": "4", "filings_date": "2017-05-16", "url": "https://www.sec.gov/Archives/edgar/data/0001288847/000128884717000086/xslF345X03/wf-form4_149497948321662.xml"}, {"form_type": "4", "filings_date": "2017-05-16", "url": "https://www.sec.gov/Archives/edgar/data/0001288847/000128884717000084/xslF345X03/wf-form4_149497926377730.xml"}, {"form_type": "4", "filings_date": "2017-05-16", "url": "https://www.sec.gov/Archives/edgar/data/0001288847/000128884717000081/xslF345X03/wf-form4_149497869012541.xml"}, {"form_type": "4", "filings_date": "2017-05-16", "url": "https://www.sec.gov/Archives/edgar/data/0001288847/000128884717000079/xslF345X03/wf-form4_149497656965873.xml"}, {"form_type": "4", "filings_date": "2017-05-16", "url": "https://www.sec.gov/Archives/edgar/data/0001288847/000128884717000077/xslF345X03/wf-form4_149497628999967.xml"}, {"form_type": "4", "filings_date": "2017-05-16", "url": "https://www.sec.gov/Archives/edgar/data/0001288847/000128884717000076/xslF345X03/wf-form4_149497600691776.xml"}, {"form_type": "4", "filings_date": "2017-05-16", "url": "https://www.sec.gov/Archives/edgar/data/0001288847/000128884717000075/xslF345X03/wf-form4_149497588690429.xml"}, {"form_type": "8-K", "filings_date": "2017-05-16", "url": "https://www.sec.gov/Archives/edgar/data/0001288847/000128884717000074/form8-k2017annualmeetingvo.htm"}, {"form_type": "10-Q", "filings_date": "2017-05-03", "url": "https://www.sec.gov/Archives/edgar/data/0001288847/000128884717000072/a03311710q.htm"}, {"form_type": "8-K", "filings_date": "2017-05-03", "url": "https://www.sec.gov/Archives/edgar/data/0001288847/000128884717000070/a0331178kearningsrelease.htm"}, {"form_type": "4", "filings_date": "2017-04-21", "url": "https://www.sec.gov/Archives/edgar/data/0001288847/000128884717000068/xslF345X03/wf-form4_149280605442196.xml"}, {"form_type": "4", "filings_date": "2017-04-19", "url": "https://www.sec.gov/Archives/edgar/data/0001288847/000128884717000067/xslF345X03/wf-form4_149263266849892.xml"}, {"form_type": "DEFA14A", "filings_date": "2017-03-30", "url": "https://www.sec.gov/Archives/edgar/data/0001288847/000128884717000066/defa14a2017.htm"}, {"form_type": "DEF 14A", "filings_date": "2017-03-30", "url": "https://www.sec.gov/Archives/edgar/data/0001288847/000128884717000064/a2017proxy.htm"}, {"form_type": "4", "filings_date": "2017-03-21", "url": "https://www.sec.gov/Archives/edgar/data/0001288847/000128884717000062/xslF345X03/wf-form4_149012774786288.xml"}, {"form_type": "4", "filings_date": "2017-03-16", "url": "https://www.sec.gov/Archives/edgar/data/0001288847/000128884717000060/xslF345X03/wf-form4_148970378443228.xml"}, {"form_type": "4", "filings_date": "2017-03-13", "url": "https://www.sec.gov/Archives/edgar/data/0001288847/000128884717000058/xslF345X03/wf-form4_148945326328291.xml"}, {"form_type": "4", "filings_date": "2017-03-13", "url": "https://www.sec.gov/Archives/edgar/data/0001288847/000128884717000057/xslF345X03/wf-form4_148945319705562.xml"}, {"form_type": "4", "filings_date": "2017-03-13", "url": "https://www.sec.gov/Archives/edgar/data/0001288847/000128884717000056/xslF345X03/wf-form4_148945312776646.xml"}, {"form_type": "4", "filings_date": "2017-03-13", "url": "https://www.sec.gov/Archives/edgar/data/0001288847/000128884717000055/xslF345X03/wf-form4_148945303928024.xml"}, {"form_type": "4", "filings_date": "2017-03-13", "url": "https://www.sec.gov/Archives/edgar/data/0001288847/000128884717000054/xslF345X03/wf-form4_148945295485422.xml"}, {"form_type": "4", "filings_date": "2017-03-13", "url": "https://www.sec.gov/Archives/edgar/data/0001288847/000128884717000052/xslF345X03/wf-form4_148945274922545.xml"}, {"form_type": "4", "filings_date": "2017-03-13", "url": "https://www.sec.gov/Archives/edgar/data/0001288847/000128884717000050/xslF345X03/wf-form4_148945261584444.xml"}, {"form_type": "4", "filings_date": "2017-03-08", "url": "https://www.sec.gov/Archives/edgar/data/0001288847/000128884717000047/xslF345X03/wf-form4_148901893084588.xml"}, {"form_type": "4", "filings_date": "2017-03-07", "url": "https://www.sec.gov/Archives/edgar/data/0001288847/000128884717000045/xslF345X03/wf-form4_148892772229795.xml"}, {"form_type": "8-K", "filings_date": "2017-03-07", "url": "https://www.sec.gov/Archives/edgar/data/0001288847/000128884717000043/form8-kdirectorresignation.htm"}, {"form_type": "S-8", "filings_date": "2017-02-28", "url": "https://www.sec.gov/Archives/edgar/data/0001288847/000128884717000040/s-82017evergreenincreases.htm"}, {"form_type": "10-K", "filings_date": "2017-02-28", "url": "https://www.sec.gov/Archives/edgar/data/0001288847/000128884717000038/a12311610k.htm"}, {"form_type": "4", "filings_date": "2017-02-27", "url": "https://www.sec.gov/Archives/edgar/data/0001288847/000128884717000036/xslF345X03/wf-form4_148824883405224.xml"}, {"form_type": "4", "filings_date": "2017-02-27", "url": "https://www.sec.gov/Archives/edgar/data/0001288847/000128884717000034/xslF345X03/wf-form4_148824866430125.xml"}, {"form_type": "4", "filings_date": "2017-02-27", "url": "https://www.sec.gov/Archives/edgar/data/0001288847/000128884717000032/xslF345X03/wf-form4_148824851610187.xml"}, {"form_type": "4", "filings_date": "2017-02-27", "url": "https://www.sec.gov/Archives/edgar/data/0001288847/000128884717000030/xslF345X03/wf-form4_148824837538981.xml"}, {"form_type": "4", "filings_date": "2017-02-27", "url": "https://www.sec.gov/Archives/edgar/data/0001288847/000128884717000028/xslF345X03/wf-form4_148824809998955.xml"}, {"form_type": "4", "filings_date": "2017-02-27", "url": "https://www.sec.gov/Archives/edgar/data/0001288847/000128884717000026/xslF345X03/wf-form4_148824796002500.xml"}, {"form_type": "4", "filings_date": "2017-02-24", "url": "https://www.sec.gov/Archives/edgar/data/0001288847/000128884717000022/xslF345X03/wf-form4_148797388677880.xml"}, {"form_type": "4", "filings_date": "2017-02-22", "url": "https://www.sec.gov/Archives/edgar/data/0001288847/000128884717000020/xslF345X03/wf-form4_148781388435412.xml"}, {"form_type": "4", "filings_date": "2017-02-17", "url": "https://www.sec.gov/Archives/edgar/data/0001288847/000128884717000018/xslF345X03/wf-form4_148736803420431.xml"}, {"form_type": "8-K", "filings_date": "2017-02-16", "url": "https://www.sec.gov/Archives/edgar/data/0001288847/000128884717000016/a123116-8kearningsrelease.htm"}, {"form_type": "8-K", "filings_date": "2017-02-15", "url": "https://www.sec.gov/Archives/edgar/data/0001288847/000128884717000011/form8-k2017executivebonust.htm"}, {"form_type": "SC 13G/A", "filings_date": "2017-02-13", "url": "https://www.sec.gov/Archives/edgar/data/0001288847/000091476017000029/a80238_sc13a3gfive9.htm"}, {"form_type": "SC 13G/A", "filings_date": "2017-02-13", "url": "https://www.sec.gov/Archives/edgar/data/0001288847/000114420417007812/v459088_sc13g-a.htm"}, {"form_type": "SC 13G/A", "filings_date": "2017-02-07", "url": "https://www.sec.gov/Archives/edgar/data/0001288847/000008025517000974/fivn13gadec16.txt"}, {"form_type": "4", "filings_date": "2017-02-03", "url": "https://www.sec.gov/Archives/edgar/data/0001288847/000128884717000008/xslF345X03/wf-form4_148616014408248.xml"}, {"form_type": "4", "filings_date": "2017-01-19", "url": "https://www.sec.gov/Archives/edgar/data/0001288847/000128884717000006/xslF345X03/wf-form4_148486473504849.xml"}, {"form_type": "SC 13G/A", "filings_date": "2017-01-17", "url": "https://www.sec.gov/Archives/edgar/data/0001288847/000119312517011084/d328816dsc13ga.htm"}, {"form_type": "4", "filings_date": "2017-01-10", "url": "https://www.sec.gov/Archives/edgar/data/0001288847/000128884717000004/xslF345X03/wf-form4_148409690678356.xml"}, {"form_type": "4", "filings_date": "2017-01-05", "url": "https://www.sec.gov/Archives/edgar/data/0001288847/000128884717000002/xslF345X03/wf-form4_148365184319881.xml"}]}