{"company": {"cik": "0001021435", "name": "hopTo Inc.", "sic": "Services-Prepackaged Software", "state_incorp": "DE", "ticker": "HPTO", "mailing_addr": "1901 S. BASCOM AVENUE, CAMPBELL, CA, 95008", "category": "Non-accelerated filer<br>Smaller reporting company", "fiscal_year_end": "31, December"}, "filings": [{"form_type": "8-K", "filings_date": "2021-12-28", "url": "https://www.sec.gov/Archives/edgar/data/0001021435/000149315221032612/form8-k.htm"}, {"form_type": "DEF 14A", "filings_date": "2021-11-29", "url": "https://www.sec.gov/Archives/edgar/data/0001021435/000149315221030039/formdef14a.htm"}, {"form_type": "10-Q", "filings_date": "2021-11-15", "url": "https://www.sec.gov/Archives/edgar/data/0001021435/000149315221028712/form10-q.htm"}, {"form_type": "10-Q", "filings_date": "2021-08-16", "url": "https://www.sec.gov/Archives/edgar/data/0001021435/000149315221020265/form10-q.htm"}, {"form_type": "10-Q", "filings_date": "2021-05-17", "url": "https://www.sec.gov/Archives/edgar/data/0001021435/000149315221011959/form10-q.htm"}, {"form_type": "10-K", "filings_date": "2021-03-31", "url": "https://www.sec.gov/Archives/edgar/data/0001021435/000149315221007517/form10-k.htm"}, {"form_type": "8-K", "filings_date": "2021-02-19", "url": "https://www.sec.gov/Archives/edgar/data/0001021435/000149315221004428/form8-k.htm"}, {"form_type": "SC 13G/A", "filings_date": "2021-02-12", "url": "https://www.sec.gov/Archives/edgar/data/0001021435/000153526421000014/hopto13gt.txt"}, {"form_type": "SC 13G/A", "filings_date": "2021-01-08", "url": "https://www.sec.gov/Archives/edgar/data/0001021435/000117266121000036/hpto123120a7.htm"}, {"form_type": "8-K", "filings_date": "2020-12-22", "url": "https://www.sec.gov/Archives/edgar/data/0001021435/000149315220024147/form8-k.htm"}, {"form_type": "DEF 14A", "filings_date": "2020-11-24", "url": "https://www.sec.gov/Archives/edgar/data/0001021435/000149315220022355/def14a.htm"}, {"form_type": "10-Q", "filings_date": "2020-11-16", "url": "https://www.sec.gov/Archives/edgar/data/0001021435/000149315220021760/form10-q.htm"}, {"form_type": "PRE 14A", "filings_date": "2020-11-12", "url": "https://www.sec.gov/Archives/edgar/data/0001021435/000149315220021152/pre14a.htm"}, {"form_type": "SC 13G/A", "filings_date": "2020-10-29", "url": "https://www.sec.gov/Archives/edgar/data/0001021435/000117266120002041/hpto93020a7.htm"}, {"form_type": "8-K", "filings_date": "2020-10-06", "url": "https://www.sec.gov/Archives/edgar/data/0001021435/000149315220019038/form8-k.htm"}, {"form_type": "4", "filings_date": "2020-08-26", "url": "https://www.sec.gov/Archives/edgar/data/0001021435/000149315220016753/xslF345X03/ownership.xml"}, {"form_type": "4", "filings_date": "2020-08-20", "url": "https://www.sec.gov/Archives/edgar/data/0001021435/000149315220016446/xslF345X03/ownership.xml"}, {"form_type": "4", "filings_date": "2020-08-20", "url": "https://www.sec.gov/Archives/edgar/data/0001021435/000149315220016445/xslF345X03/ownership.xml"}, {"form_type": "4", "filings_date": "2020-08-20", "url": "https://www.sec.gov/Archives/edgar/data/0001021435/000149315220016443/xslF345X03/ownership.xml"}, {"form_type": "4", "filings_date": "2020-08-20", "url": "https://www.sec.gov/Archives/edgar/data/0001021435/000149315220016442/xslF345X03/ownership.xml"}, {"form_type": "SC 13D/A", "filings_date": "2020-08-20", "url": "https://www.sec.gov/Archives/edgar/data/0001021435/000149315220016428/sc13da.htm"}, {"form_type": "10-Q", "filings_date": "2020-08-14", "url": "https://www.sec.gov/Archives/edgar/data/0001021435/000149315220015970/form10-q.htm"}, {"form_type": "10-Q", "filings_date": "2020-05-20", "url": "https://www.sec.gov/Archives/edgar/data/0001021435/000149315220009566/form10-q.htm"}, {"form_type": "NT 10-Q", "filings_date": "2020-05-18", "url": "https://www.sec.gov/Archives/edgar/data/0001021435/000149315220009340/nt10-q.htm"}, {"form_type": "10-K", "filings_date": "2020-04-14", "url": "https://www.sec.gov/Archives/edgar/data/0001021435/000149315220006399/form10-k.htm"}, {"form_type": "8-K", "filings_date": "2020-04-06", "url": "https://www.sec.gov/Archives/edgar/data/0001021435/000149315220005902/form8-k.htm"}, {"form_type": "NT 10-K", "filings_date": "2020-03-31", "url": "https://www.sec.gov/Archives/edgar/data/0001021435/000149315220005454/formnt-10k.htm"}, {"form_type": "8-K", "filings_date": "2020-03-24", "url": "https://www.sec.gov/Archives/edgar/data/0001021435/000149315220004622/form8-k.htm"}, {"form_type": "EFFECT", "filings_date": "2020-03-04", "url": "https://www.sec.gov/Archives/edgar/data/0001021435/999999999520000461/xslEFFECTX01/primary_doc.xml"}, {"form_type": "424B2", "filings_date": "2020-03-04", "url": "https://www.sec.gov/Archives/edgar/data/0001021435/000149315220003359/form424b2.htm"}, {"form_type": "CORRESP", "filings_date": "2020-02-28", "url": "https://www.sec.gov/Archives/edgar/data/0001021435/000149315220003143/filename1.htm"}, {"form_type": "S-1/A", "filings_date": "2020-02-28", "url": "https://www.sec.gov/Archives/edgar/data/0001021435/000149315220003141/forms-1a.htm"}, {"form_type": "UPLOAD", "filings_date": "2020-02-07", "url": "https://www.sec.gov/Archives/edgar/data/0001021435/000000000020001194/filename1.pdf"}, {"form_type": "S-1", "filings_date": "2020-02-05", "url": "https://www.sec.gov/Archives/edgar/data/0001021435/000149315220001664/forms-1.htm"}, {"form_type": "4", "filings_date": "2019-11-20", "url": "https://www.sec.gov/Archives/edgar/data/0001021435/000149315219018132/xslF345X03/ownership.xml"}, {"form_type": "4", "filings_date": "2019-11-19", "url": "https://www.sec.gov/Archives/edgar/data/0001021435/000149315219018012/xslF345X03/ownership.xml"}, {"form_type": "8-K", "filings_date": "2019-11-15", "url": "https://www.sec.gov/Archives/edgar/data/0001021435/000149315219017754/form8-k.htm"}, {"form_type": "10-Q", "filings_date": "2019-11-14", "url": "https://www.sec.gov/Archives/edgar/data/0001021435/000149315219017560/form10-q.htm"}, {"form_type": "DEF 14A", "filings_date": "2019-10-25", "url": "https://www.sec.gov/Archives/edgar/data/0001021435/000149315219015921/def14-a.htm"}, {"form_type": "10-Q", "filings_date": "2019-08-14", "url": "https://www.sec.gov/Archives/edgar/data/0001021435/000149315219012640/form10-q.htm"}, {"form_type": "4", "filings_date": "2019-07-02", "url": "https://www.sec.gov/Archives/edgar/data/0001021435/000149315219010192/xslF345X03/ownership.xml"}, {"form_type": "4", "filings_date": "2019-07-02", "url": "https://www.sec.gov/Archives/edgar/data/0001021435/000149315219010191/xslF345X03/ownership.xml"}, {"form_type": "8-K", "filings_date": "2019-05-16", "url": "https://www.sec.gov/Archives/edgar/data/0001021435/000149315219007640/form8-k.htm"}, {"form_type": "10-Q", "filings_date": "2019-05-15", "url": "https://www.sec.gov/Archives/edgar/data/0001021435/000149315219007538/form10-q.htm"}, {"form_type": "8-K", "filings_date": "2019-05-03", "url": "https://www.sec.gov/Archives/edgar/data/0001021435/000149315219006381/form8-k.htm"}, {"form_type": "10-K", "filings_date": "2019-04-01", "url": "https://www.sec.gov/Archives/edgar/data/0001021435/000149315219004622/form10-k.htm"}, {"form_type": "SC 13G/A", "filings_date": "2019-02-13", "url": "https://www.sec.gov/Archives/edgar/data/0001021435/000153526419000030/hopto13gt9.txt"}, {"form_type": "SC 13G/A", "filings_date": "2019-01-23", "url": "https://www.sec.gov/Archives/edgar/data/0001021435/000117266119000229/hpto123118a6-jb.htm"}, {"form_type": "SC 13G/A", "filings_date": "2019-01-23", "url": "https://www.sec.gov/Archives/edgar/data/0001021435/000117266119000227/hpto123118a6.htm"}, {"form_type": "4", "filings_date": "2019-01-02", "url": "https://www.sec.gov/Archives/edgar/data/0001021435/000149315219000052/xslF345X03/ownership.xml"}, {"form_type": "4", "filings_date": "2019-01-02", "url": "https://www.sec.gov/Archives/edgar/data/0001021435/000149315219000051/xslF345X03/ownership.xml"}, {"form_type": "SC 13D/A", "filings_date": "2019-01-02", "url": "https://www.sec.gov/Archives/edgar/data/0001021435/000119312519000776/d663543dsc13da.htm"}, {"form_type": "8-K", "filings_date": "2019-01-02", "url": "https://www.sec.gov/Archives/edgar/data/0001021435/000149315219000049/form8-k.htm"}, {"form_type": "10-Q", "filings_date": "2018-11-14", "url": "https://www.sec.gov/Archives/edgar/data/0001021435/000149315218016186/form10-q.htm"}, {"form_type": "8-K", "filings_date": "2018-11-14", "url": "https://www.sec.gov/Archives/edgar/data/0001021435/000149315218016181/form8-k.htm"}, {"form_type": "8-K", "filings_date": "2018-11-02", "url": "https://www.sec.gov/Archives/edgar/data/0001021435/000149315218015139/form8-k.htm"}, {"form_type": "3", "filings_date": "2018-09-10", "url": "https://www.sec.gov/Archives/edgar/data/0001021435/000120919118050389/xslF345X02/doc3.xml"}, {"form_type": "8-K", "filings_date": "2018-09-07", "url": "https://www.sec.gov/Archives/edgar/data/0001021435/000149315218012993/form8-k.htm"}, {"form_type": "3", "filings_date": "2018-09-05", "url": "https://www.sec.gov/Archives/edgar/data/0001021435/000120919118049462/xslF345X02/doc3.xml"}, {"form_type": "3", "filings_date": "2018-09-04", "url": "https://www.sec.gov/Archives/edgar/data/0001021435/000120919118049401/xslF345X02/doc3.xml"}, {"form_type": "SC 13D/A", "filings_date": "2018-08-30", "url": "https://www.sec.gov/Archives/edgar/data/0001021435/000119312518263516/d618173dsc13da.htm"}, {"form_type": "8-K", "filings_date": "2018-08-29", "url": "https://www.sec.gov/Archives/edgar/data/0001021435/000149315218012676/form8-k.htm"}, {"form_type": "EFFECT", "filings_date": "2018-08-24", "url": "https://www.sec.gov/Archives/edgar/data/0001021435/999999999518002204/xslEFFECTX01/primary_doc.xml"}, {"form_type": "CORRESP", "filings_date": "2018-08-23", "url": "https://www.sec.gov/Archives/edgar/data/0001021435/000149315218012509/filename1.htm"}, {"form_type": "UPLOAD", "filings_date": "2018-08-20", "url": "https://www.sec.gov/Archives/edgar/data/0001021435/000000000018025762/filename1.pdf"}, {"form_type": "S-1", "filings_date": "2018-08-17", "url": "https://www.sec.gov/Archives/edgar/data/0001021435/000149315218012197/forms-1.htm"}, {"form_type": "10-Q", "filings_date": "2018-08-14", "url": "https://www.sec.gov/Archives/edgar/data/0001021435/000149315218011801/form10q.htm"}, {"form_type": "DEFA14A", "filings_date": "2018-08-14", "url": "https://www.sec.gov/Archives/edgar/data/0001021435/000149315218011794/defa14a.htm"}, {"form_type": "8-K", "filings_date": "2018-08-14", "url": "https://www.sec.gov/Archives/edgar/data/0001021435/000149315218011790/form8-k.htm"}, {"form_type": "DEF 14A", "filings_date": "2018-08-03", "url": "https://www.sec.gov/Archives/edgar/data/0001021435/000149315218010964/def14a.htm"}, {"form_type": "8-K", "filings_date": "2018-07-30", "url": "https://www.sec.gov/Archives/edgar/data/0001021435/000149315218010653/form8-k.htm"}, {"form_type": "4", "filings_date": "2018-07-25", "url": "https://www.sec.gov/Archives/edgar/data/0001021435/000120919118043961/xslF345X03/doc4.xml"}, {"form_type": "4", "filings_date": "2018-07-25", "url": "https://www.sec.gov/Archives/edgar/data/0001021435/000120919118043958/xslF345X03/doc4.xml"}, {"form_type": "PRE 14A", "filings_date": "2018-07-24", "url": "https://www.sec.gov/Archives/edgar/data/0001021435/000149315218010399/pre14a.htm"}, {"form_type": "8-K", "filings_date": "2018-06-08", "url": "https://www.sec.gov/Archives/edgar/data/0001021435/000149315218008383/form8-k.htm"}, {"form_type": "8-K", "filings_date": "2018-05-30", "url": "https://www.sec.gov/Archives/edgar/data/0001021435/000149315218007987/form8-k.htm"}, {"form_type": "10-Q", "filings_date": "2018-05-21", "url": "https://www.sec.gov/Archives/edgar/data/0001021435/000149315218007573/form10-q.htm"}, {"form_type": "8-K", "filings_date": "2018-05-21", "url": "https://www.sec.gov/Archives/edgar/data/0001021435/000149315218007571/form8-k.htm"}, {"form_type": "NT 10-Q", "filings_date": "2018-05-16", "url": "https://www.sec.gov/Archives/edgar/data/0001021435/000149315218007287/formnt-10q.htm"}, {"form_type": "EFFECT", "filings_date": "2018-05-14", "url": "https://www.sec.gov/Archives/edgar/data/0001021435/999999999518001232/xslEFFECTX01/primary_doc.xml"}, {"form_type": "8-K", "filings_date": "2018-05-11", "url": "https://www.sec.gov/Archives/edgar/data/0001021435/000149315218006593/form8-k.htm"}, {"form_type": "POS AM", "filings_date": "2018-05-08", "url": "https://www.sec.gov/Archives/edgar/data/0001021435/000149315218006421/posam.htm"}, {"form_type": "8-K", "filings_date": "2018-04-26", "url": "https://www.sec.gov/Archives/edgar/data/0001021435/000149315218005839/form8-k.htm"}, {"form_type": "424B3", "filings_date": "2018-04-18", "url": "https://www.sec.gov/Archives/edgar/data/0001021435/000149315218005421/form424b3.htm"}, {"form_type": "10-K", "filings_date": "2018-04-17", "url": "https://www.sec.gov/Archives/edgar/data/0001021435/000149315218005358/form10-k.htm"}, {"form_type": "8-K", "filings_date": "2018-04-17", "url": "https://www.sec.gov/Archives/edgar/data/0001021435/000149315218005324/form8-k.htm"}, {"form_type": "SC 13D", "filings_date": "2018-04-02", "url": "https://www.sec.gov/Archives/edgar/data/0001021435/000119312518104916/d454757dsc13d.htm"}, {"form_type": "NT 10-K", "filings_date": "2018-04-02", "url": "https://www.sec.gov/Archives/edgar/data/0001021435/000149315218004367/nt10k.htm"}, {"form_type": "8-A12G", "filings_date": "2018-02-16", "url": "https://www.sec.gov/Archives/edgar/data/0001021435/000149315218002288/form8a12g.htm"}, {"form_type": "8-K", "filings_date": "2018-02-16", "url": "https://www.sec.gov/Archives/edgar/data/0001021435/000149315218002286/form8-k.htm"}, {"form_type": "SC 13G/A", "filings_date": "2018-02-13", "url": "https://www.sec.gov/Archives/edgar/data/0001021435/000153526418000016/hopto13gt8.txt"}, {"form_type": "8-K", "filings_date": "2017-12-05", "url": "https://www.sec.gov/Archives/edgar/data/0001021435/000149315217014170/form8-k.htm"}, {"form_type": "8-K", "filings_date": "2017-11-14", "url": "https://www.sec.gov/Archives/edgar/data/0001021435/000149315217013209/form8-k.htm"}, {"form_type": "10-Q", "filings_date": "2017-11-14", "url": "https://www.sec.gov/Archives/edgar/data/0001021435/000149315217013212/form10-q.htm"}, {"form_type": "8-K", "filings_date": "2017-11-14", "url": "https://www.sec.gov/Archives/edgar/data/0001021435/000149315217013201/form8-k.htm"}, {"form_type": "8-K", "filings_date": "2017-10-16", "url": "https://www.sec.gov/Archives/edgar/data/0001021435/000149315217011671/form8-k.htm"}, {"form_type": "10-Q", "filings_date": "2017-08-14", "url": "https://www.sec.gov/Archives/edgar/data/0001021435/000149315217009234/form10-q.htm"}, {"form_type": "8-K", "filings_date": "2017-08-14", "url": "https://www.sec.gov/Archives/edgar/data/0001021435/000149315217009226/form8-k.htm"}, {"form_type": "8-K", "filings_date": "2017-08-07", "url": "https://www.sec.gov/Archives/edgar/data/0001021435/000149315217008576/form8-k.htm"}, {"form_type": "8-K", "filings_date": "2017-07-03", "url": "https://www.sec.gov/Archives/edgar/data/0001021435/000149315217007460/form8-k.htm"}, {"form_type": "8-K", "filings_date": "2017-06-20", "url": "https://www.sec.gov/Archives/edgar/data/0001021435/000149315217006909/form8-k.htm"}, {"form_type": "8-K", "filings_date": "2017-06-01", "url": "https://www.sec.gov/Archives/edgar/data/0001021435/000149315217006064/form8-k.htm"}, {"form_type": "8-K", "filings_date": "2017-05-23", "url": "https://www.sec.gov/Archives/edgar/data/0001021435/000149315217005781/form8-k.htm"}, {"form_type": "10-Q", "filings_date": "2017-05-22", "url": "https://www.sec.gov/Archives/edgar/data/0001021435/000149315217005754/form10q.htm"}, {"form_type": "NT 10-Q", "filings_date": "2017-05-16", "url": "https://www.sec.gov/Archives/edgar/data/0001021435/000149315217005418/nt10q.htm"}, {"form_type": "EFFECT", "filings_date": "2017-05-11", "url": "https://www.sec.gov/Archives/edgar/data/0001021435/999999999517001247/xslEFFECTX01/primary_doc.xml"}, {"form_type": "POS AM", "filings_date": "2017-05-11", "url": "https://www.sec.gov/Archives/edgar/data/0001021435/000149315217005005/posam.htm"}, {"form_type": "CORRESP", "filings_date": "2017-05-08", "url": "https://www.sec.gov/Archives/edgar/data/0001021435/000149315217004857/filename1.htm"}, {"form_type": "POS AM", "filings_date": "2017-05-08", "url": "https://www.sec.gov/Archives/edgar/data/0001021435/000149315217004856/posam.htm"}, {"form_type": "8-K", "filings_date": "2017-04-20", "url": "https://www.sec.gov/Archives/edgar/data/0001021435/000149315217004241/form8-k.htm"}, {"form_type": "POS AM", "filings_date": "2017-04-19", "url": "https://www.sec.gov/Archives/edgar/data/0001021435/000149315217004173/posam.htm"}, {"form_type": "10-K", "filings_date": "2017-04-07", "url": "https://www.sec.gov/Archives/edgar/data/0001021435/000149315217003667/form10-k.htm"}, {"form_type": "8-K", "filings_date": "2017-04-07", "url": "https://www.sec.gov/Archives/edgar/data/0001021435/000149315217003665/form8-k.htm"}, {"form_type": "NT 10-K", "filings_date": "2017-03-30", "url": "https://www.sec.gov/Archives/edgar/data/0001021435/000149315217003030/nt10k.htm"}, {"form_type": "SC 13G/A", "filings_date": "2017-02-14", "url": "https://www.sec.gov/Archives/edgar/data/0001021435/000117266117000713/hpto123116a4.htm"}, {"form_type": "SC 13G/A", "filings_date": "2017-02-10", "url": "https://www.sec.gov/Archives/edgar/data/0001021435/000153526417000013/hopto13gt7.txt"}, {"form_type": "SC 13G/A", "filings_date": "2017-02-01", "url": "https://www.sec.gov/Archives/edgar/data/0001021435/000117266117000192/hpto123116a5.htm"}, {"form_type": "SC 13G/A", "filings_date": "2017-01-30", "url": "https://www.sec.gov/Archives/edgar/data/0001021435/000117266117000190/hpto123116a5-jb.htm"}, {"form_type": "4", "filings_date": "2017-01-03", "url": "https://www.sec.gov/Archives/edgar/data/0001021435/000153526417000001/xslF345X03/primary_doc.xml"}]}