{"company": {"cik": "0001404655", "name": "HUBSPOT INC", "sic": "Services-Prepackaged Software", "state_incorp": "DE", "ticker": "HUBS", "mailing_addr": "25 FIRST STREET, CAMBRIDGE, MA, 02141", "category": "Large accelerated filer", "fiscal_year_end": "31, December"}, "filings": [{"form_type": "4", "filings_date": "2022-03-16", "url": "https://www.sec.gov/Archives/edgar/data/0001404655/000120919122019365/xslF345X03/doc4.xml"}, {"form_type": "4", "filings_date": "2022-03-02", "url": "https://www.sec.gov/Archives/edgar/data/0001404655/000120919122014912/xslF345X03/doc4.xml"}, {"form_type": "4", "filings_date": "2022-02-17", "url": "https://www.sec.gov/Archives/edgar/data/0001404655/000120919122010697/xslF345X03/doc4.xml"}, {"form_type": "S-8", "filings_date": "2022-02-14", "url": "https://www.sec.gov/Archives/edgar/data/0001404655/000156459022005000/hubs-s8.htm"}, {"form_type": "10-K", "filings_date": "2022-02-14", "url": "https://www.sec.gov/Archives/edgar/data/0001404655/000095017022001221/hubs-20211231.htm"}, {"form_type": "8-K", "filings_date": "2022-02-10", "url": "https://www.sec.gov/Archives/edgar/data/0001404655/000095017022001083/hubs-20220210.htm"}, {"form_type": "SC 13G/A", "filings_date": "2022-02-10", "url": "https://www.sec.gov/Archives/edgar/data/0001404655/000110465922017774/tv01116-hubspotinc.htm"}, {"form_type": "4", "filings_date": "2022-02-09", "url": "https://www.sec.gov/Archives/edgar/data/0001404655/000120919122008191/xslF345X03/doc4.xml"}, {"form_type": "4", "filings_date": "2022-02-09", "url": "https://www.sec.gov/Archives/edgar/data/0001404655/000120919122008186/xslF345X03/doc4.xml"}, {"form_type": "4", "filings_date": "2022-02-09", "url": "https://www.sec.gov/Archives/edgar/data/0001404655/000120919122008183/xslF345X03/doc4.xml"}, {"form_type": "4", "filings_date": "2022-02-09", "url": "https://www.sec.gov/Archives/edgar/data/0001404655/000120919122008179/xslF345X03/doc4.xml"}, {"form_type": "4", "filings_date": "2022-02-09", "url": "https://www.sec.gov/Archives/edgar/data/0001404655/000120919122008176/xslF345X03/doc4.xml"}, {"form_type": "SC 13G/A", "filings_date": "2022-02-09", "url": "https://www.sec.gov/Archives/edgar/data/0001404655/000031506622001001/filing.txt"}, {"form_type": "SC 13G/A", "filings_date": "2022-02-03", "url": "https://www.sec.gov/Archives/edgar/data/0001404655/000083423722005500/us4435731009_020222.txt"}, {"form_type": "8-K", "filings_date": "2022-01-27", "url": "https://www.sec.gov/Archives/edgar/data/0001404655/000095017022000528/hubs-20220126.htm"}, {"form_type": "4", "filings_date": "2022-01-19", "url": "https://www.sec.gov/Archives/edgar/data/0001404655/000120919122003772/xslF345X03/doc4.xml"}, {"form_type": "4", "filings_date": "2022-01-10", "url": "https://www.sec.gov/Archives/edgar/data/0001404655/000120919122002698/xslF345X03/doc4.xml"}, {"form_type": "SC 13G/A", "filings_date": "2022-01-10", "url": "https://www.sec.gov/Archives/edgar/data/0001404655/000008025522000013/hubs13gadec21.txt"}, {"form_type": "4", "filings_date": "2022-01-04", "url": "https://www.sec.gov/Archives/edgar/data/0001404655/000120919122000816/xslF345X03/doc4.xml"}, {"form_type": "4", "filings_date": "2022-01-04", "url": "https://www.sec.gov/Archives/edgar/data/0001404655/000120919122000810/xslF345X03/doc4.xml"}, {"form_type": "4", "filings_date": "2022-01-04", "url": "https://www.sec.gov/Archives/edgar/data/0001404655/000120919122000802/xslF345X03/doc4.xml"}, {"form_type": "4", "filings_date": "2022-01-04", "url": "https://www.sec.gov/Archives/edgar/data/0001404655/000120919122000797/xslF345X03/doc4.xml"}, {"form_type": "4", "filings_date": "2022-01-04", "url": "https://www.sec.gov/Archives/edgar/data/0001404655/000120919122000782/xslF345X03/doc4.xml"}, {"form_type": "4", "filings_date": "2021-12-22", "url": "https://www.sec.gov/Archives/edgar/data/0001404655/000120919121070929/xslF345X03/doc4.xml"}, {"form_type": "4", "filings_date": "2021-12-16", "url": "https://www.sec.gov/Archives/edgar/data/0001404655/000120919121069943/xslF345X03/doc4.xml"}, {"form_type": "4", "filings_date": "2021-12-16", "url": "https://www.sec.gov/Archives/edgar/data/0001404655/000120919121069941/xslF345X03/doc4.xml"}, {"form_type": "4", "filings_date": "2021-12-02", "url": "https://www.sec.gov/Archives/edgar/data/0001404655/000120919121067669/xslF345X03/doc4.xml"}, {"form_type": "4", "filings_date": "2021-11-29", "url": "https://www.sec.gov/Archives/edgar/data/0001404655/000120919121067003/xslF345X03/doc4.xml"}, {"form_type": "4", "filings_date": "2021-11-18", "url": "https://www.sec.gov/Archives/edgar/data/0001404655/000120919121065495/xslF345X03/doc4.xml"}, {"form_type": "4", "filings_date": "2021-11-18", "url": "https://www.sec.gov/Archives/edgar/data/0001404655/000120919121065491/xslF345X03/doc4.xml"}, {"form_type": "4", "filings_date": "2021-11-16", "url": "https://www.sec.gov/Archives/edgar/data/0001404655/000120919121064762/xslF345X03/doc4.xml"}, {"form_type": "4", "filings_date": "2021-11-16", "url": "https://www.sec.gov/Archives/edgar/data/0001404655/000120919121064760/xslF345X03/doc4.xml"}, {"form_type": "4", "filings_date": "2021-11-12", "url": "https://www.sec.gov/Archives/edgar/data/0001404655/000120919121064169/xslF345X03/doc4.xml"}, {"form_type": "10-Q", "filings_date": "2021-11-03", "url": "https://www.sec.gov/Archives/edgar/data/0001404655/000095017021002844/hubs-20210930.htm"}, {"form_type": "8-K", "filings_date": "2021-11-03", "url": "https://www.sec.gov/Archives/edgar/data/0001404655/000095017021002829/hubs-20211103.htm"}, {"form_type": "4", "filings_date": "2021-10-20", "url": "https://www.sec.gov/Archives/edgar/data/0001404655/000120919121061165/xslF345X03/doc4.xml"}, {"form_type": "4", "filings_date": "2021-10-15", "url": "https://www.sec.gov/Archives/edgar/data/0001404655/000120919121060534/xslF345X03/doc4.xml"}, {"form_type": "4", "filings_date": "2021-10-07", "url": "https://www.sec.gov/Archives/edgar/data/0001404655/000120919121060000/xslF345X03/doc4.xml"}, {"form_type": "4", "filings_date": "2021-10-07", "url": "https://www.sec.gov/Archives/edgar/data/0001404655/000120919121059939/xslF345X03/doc4.xml"}, {"form_type": "4", "filings_date": "2021-10-04", "url": "https://www.sec.gov/Archives/edgar/data/0001404655/000120919121059082/xslF345X03/doc4.xml"}, {"form_type": "4", "filings_date": "2021-10-04", "url": "https://www.sec.gov/Archives/edgar/data/0001404655/000120919121059078/xslF345X03/doc4.xml"}, {"form_type": "4", "filings_date": "2021-10-04", "url": "https://www.sec.gov/Archives/edgar/data/0001404655/000120919121059076/xslF345X03/doc4.xml"}, {"form_type": "4", "filings_date": "2021-10-04", "url": "https://www.sec.gov/Archives/edgar/data/0001404655/000120919121059073/xslF345X03/doc4.xml"}, {"form_type": "4", "filings_date": "2021-10-04", "url": "https://www.sec.gov/Archives/edgar/data/0001404655/000120919121059070/xslF345X03/doc4.xml"}, {"form_type": "4", "filings_date": "2021-09-22", "url": "https://www.sec.gov/Archives/edgar/data/0001404655/000120919121057285/xslF345X03/doc4.xml"}, {"form_type": "4", "filings_date": "2021-09-09", "url": "https://www.sec.gov/Archives/edgar/data/0001404655/000120919121055310/xslF345X03/doc4.xml"}, {"form_type": "4", "filings_date": "2021-08-18", "url": "https://www.sec.gov/Archives/edgar/data/0001404655/000120919121052233/xslF345X03/doc4.xml"}, {"form_type": "10-Q", "filings_date": "2021-08-04", "url": "https://www.sec.gov/Archives/edgar/data/0001404655/000095017021000805/hubs-20210630.htm"}, {"form_type": "8-K", "filings_date": "2021-08-04", "url": "https://www.sec.gov/Archives/edgar/data/0001404655/000095017021000794/hubs-20210804.htm"}, {"form_type": "4", "filings_date": "2021-08-03", "url": "https://www.sec.gov/Archives/edgar/data/0001404655/000120919121049489/xslF345X03/doc4.xml"}, {"form_type": "4", "filings_date": "2021-07-21", "url": "https://www.sec.gov/Archives/edgar/data/0001404655/000120919121047605/xslF345X03/doc4.xml"}, {"form_type": "4", "filings_date": "2021-07-07", "url": "https://www.sec.gov/Archives/edgar/data/0001404655/000120919121045859/xslF345X03/doc4.xml"}, {"form_type": "4", "filings_date": "2021-07-06", "url": "https://www.sec.gov/Archives/edgar/data/0001404655/000120919121045636/xslF345X03/doc4.xml"}, {"form_type": "4", "filings_date": "2021-07-02", "url": "https://www.sec.gov/Archives/edgar/data/0001404655/000120919121044938/xslF345X03/doc4.xml"}, {"form_type": "4", "filings_date": "2021-07-02", "url": "https://www.sec.gov/Archives/edgar/data/0001404655/000120919121044927/xslF345X03/doc4.xml"}, {"form_type": "4", "filings_date": "2021-07-02", "url": "https://www.sec.gov/Archives/edgar/data/0001404655/000120919121044914/xslF345X03/doc4.xml"}, {"form_type": "4", "filings_date": "2021-07-02", "url": "https://www.sec.gov/Archives/edgar/data/0001404655/000120919121044895/xslF345X03/doc4.xml"}, {"form_type": "4", "filings_date": "2021-07-02", "url": "https://www.sec.gov/Archives/edgar/data/0001404655/000120919121044871/xslF345X03/doc4.xml"}, {"form_type": "4", "filings_date": "2021-06-17", "url": "https://www.sec.gov/Archives/edgar/data/0001404655/000120919121041417/xslF345X03/doc4.xml"}, {"form_type": "4", "filings_date": "2021-06-16", "url": "https://www.sec.gov/Archives/edgar/data/0001404655/000120919121040951/xslF345X03/doc4.xml"}, {"form_type": "4", "filings_date": "2021-06-15", "url": "https://www.sec.gov/Archives/edgar/data/0001404655/000120919121040562/xslF345X03/doc4.xml"}, {"form_type": "8-K", "filings_date": "2021-06-08", "url": "https://www.sec.gov/Archives/edgar/data/0001404655/000156459021032119/hubs-8k_20210603.htm"}, {"form_type": "4", "filings_date": "2021-06-07", "url": "https://www.sec.gov/Archives/edgar/data/0001404655/000120919121038663/xslF345X03/doc4.xml"}, {"form_type": "4", "filings_date": "2021-06-07", "url": "https://www.sec.gov/Archives/edgar/data/0001404655/000120919121038661/xslF345X03/doc4.xml"}, {"form_type": "4", "filings_date": "2021-06-07", "url": "https://www.sec.gov/Archives/edgar/data/0001404655/000120919121038658/xslF345X03/doc4.xml"}, {"form_type": "4", "filings_date": "2021-06-07", "url": "https://www.sec.gov/Archives/edgar/data/0001404655/000120919121038654/xslF345X03/doc4.xml"}, {"form_type": "4", "filings_date": "2021-06-07", "url": "https://www.sec.gov/Archives/edgar/data/0001404655/000120919121038650/xslF345X03/doc4.xml"}, {"form_type": "4", "filings_date": "2021-06-07", "url": "https://www.sec.gov/Archives/edgar/data/0001404655/000120919121038644/xslF345X03/doc4.xml"}, {"form_type": "4", "filings_date": "2021-06-07", "url": "https://www.sec.gov/Archives/edgar/data/0001404655/000120919121038642/xslF345X03/doc4.xml"}, {"form_type": "4", "filings_date": "2021-05-19", "url": "https://www.sec.gov/Archives/edgar/data/0001404655/000120919121034138/xslF345X03/doc4.xml"}, {"form_type": "4", "filings_date": "2021-05-19", "url": "https://www.sec.gov/Archives/edgar/data/0001404655/000120919121034019/xslF345X03/doc4.xml"}, {"form_type": "4", "filings_date": "2021-05-18", "url": "https://www.sec.gov/Archives/edgar/data/0001404655/000120919121033658/xslF345X03/doc4.xml"}, {"form_type": "10-Q", "filings_date": "2021-05-05", "url": "https://www.sec.gov/Archives/edgar/data/0001404655/000156459021024171/hubs-10q_20210331.htm"}, {"form_type": "8-K", "filings_date": "2021-05-05", "url": "https://www.sec.gov/Archives/edgar/data/0001404655/000156459021024097/hubs-8k_20210505.htm"}, {"form_type": "DEFA14A", "filings_date": "2021-04-23", "url": "https://www.sec.gov/Archives/edgar/data/0001404655/000156459021020340/hubs-defa14a_20210603.htm"}, {"form_type": "DEF 14A", "filings_date": "2021-04-23", "url": "https://www.sec.gov/Archives/edgar/data/0001404655/000156459021020337/hubs-def14a_20210603.htm"}, {"form_type": "4", "filings_date": "2021-04-21", "url": "https://www.sec.gov/Archives/edgar/data/0001404655/000120919121027862/xslF345X03/doc4.xml"}, {"form_type": "4", "filings_date": "2021-04-08", "url": "https://www.sec.gov/Archives/edgar/data/0001404655/000120919121026083/xslF345X03/doc4.xml"}, {"form_type": "4", "filings_date": "2021-04-07", "url": "https://www.sec.gov/Archives/edgar/data/0001404655/000120919121025858/xslF345X03/doc4.xml"}, {"form_type": "4", "filings_date": "2021-04-05", "url": "https://www.sec.gov/Archives/edgar/data/0001404655/000120919121025298/xslF345X03/doc4.xml"}, {"form_type": "4", "filings_date": "2021-04-05", "url": "https://www.sec.gov/Archives/edgar/data/0001404655/000120919121025293/xslF345X03/doc4.xml"}, {"form_type": "4", "filings_date": "2021-04-05", "url": "https://www.sec.gov/Archives/edgar/data/0001404655/000120919121025288/xslF345X03/doc4.xml"}, {"form_type": "4", "filings_date": "2021-04-05", "url": "https://www.sec.gov/Archives/edgar/data/0001404655/000120919121025282/xslF345X03/doc4.xml"}, {"form_type": "4", "filings_date": "2021-04-05", "url": "https://www.sec.gov/Archives/edgar/data/0001404655/000120919121025279/xslF345X03/doc4.xml"}, {"form_type": "4", "filings_date": "2021-03-19", "url": "https://www.sec.gov/Archives/edgar/data/0001404655/000120919121021982/xslF345X03/doc4.xml"}, {"form_type": "4", "filings_date": "2021-02-18", "url": "https://www.sec.gov/Archives/edgar/data/0001404655/000120919121011945/xslF345X03/doc4.xml"}, {"form_type": "4", "filings_date": "2021-02-18", "url": "https://www.sec.gov/Archives/edgar/data/0001404655/000120919121011901/xslF345X03/doc4.xml"}, {"form_type": "4", "filings_date": "2021-02-18", "url": "https://www.sec.gov/Archives/edgar/data/0001404655/000120919121011899/xslF345X03/doc4.xml"}, {"form_type": "S-8", "filings_date": "2021-02-16", "url": "https://www.sec.gov/Archives/edgar/data/0001404655/000156459021006089/hubs-s8.htm"}, {"form_type": "10-K", "filings_date": "2021-02-16", "url": "https://www.sec.gov/Archives/edgar/data/0001404655/000156459021006083/hubs-10k_20201231.htm"}, {"form_type": "SC 13G", "filings_date": "2021-02-16", "url": "https://www.sec.gov/Archives/edgar/data/0001404655/000008025521001230/hubs13gdec20.txt"}, {"form_type": "5", "filings_date": "2021-02-12", "url": "https://www.sec.gov/Archives/edgar/data/0001404655/000120919121010217/xslF345X03/doc5.xml"}, {"form_type": "5", "filings_date": "2021-02-12", "url": "https://www.sec.gov/Archives/edgar/data/0001404655/000120919121010211/xslF345X03/doc5.xml"}, {"form_type": "8-K", "filings_date": "2021-02-11", "url": "https://www.sec.gov/Archives/edgar/data/0001404655/000156459021005546/hubs-8k_20210211.htm"}, {"form_type": "SC 13G/A", "filings_date": "2021-02-10", "url": "https://www.sec.gov/Archives/edgar/data/0001404655/000110465921018306/tv01089-hubspotinc.htm"}, {"form_type": "4", "filings_date": "2021-02-09", "url": "https://www.sec.gov/Archives/edgar/data/0001404655/000120919121008803/xslF345X03/doc4.xml"}, {"form_type": "4", "filings_date": "2021-02-08", "url": "https://www.sec.gov/Archives/edgar/data/0001404655/000120919121008626/xslF345X03/doc4.xml"}, {"form_type": "SC 13G", "filings_date": "2021-02-05", "url": "https://www.sec.gov/Archives/edgar/data/0001404655/000083423721007399/us4435731009_020421.txt"}, {"form_type": "4", "filings_date": "2021-02-03", "url": "https://www.sec.gov/Archives/edgar/data/0001404655/000120919121007523/xslF345X03/doc4.xml"}, {"form_type": "4", "filings_date": "2021-02-03", "url": "https://www.sec.gov/Archives/edgar/data/0001404655/000120919121007520/xslF345X03/doc4.xml"}, {"form_type": "4", "filings_date": "2021-02-03", "url": "https://www.sec.gov/Archives/edgar/data/0001404655/000120919121007517/xslF345X03/doc4.xml"}, {"form_type": "4", "filings_date": "2021-02-03", "url": "https://www.sec.gov/Archives/edgar/data/0001404655/000120919121007513/xslF345X03/doc4.xml"}, {"form_type": "4", "filings_date": "2021-02-03", "url": "https://www.sec.gov/Archives/edgar/data/0001404655/000120919121007508/xslF345X03/doc4.xml"}, {"form_type": "4", "filings_date": "2021-01-21", "url": "https://www.sec.gov/Archives/edgar/data/0001404655/000120919121004666/xslF345X03/doc4.xml"}, {"form_type": "4", "filings_date": "2021-01-19", "url": "https://www.sec.gov/Archives/edgar/data/0001404655/000120919121003997/xslF345X03/doc4.xml"}, {"form_type": "4", "filings_date": "2021-01-13", "url": "https://www.sec.gov/Archives/edgar/data/0001404655/000120919121003432/xslF345X03/doc4.xml"}, {"form_type": "3", "filings_date": "2021-01-13", "url": "https://www.sec.gov/Archives/edgar/data/0001404655/000120919121003430/xslF345X02/doc3.xml"}, {"form_type": "8-K", "filings_date": "2021-01-12", "url": "https://www.sec.gov/Archives/edgar/data/0001404655/000156459021001008/hubs-8k_20210106.htm"}, {"form_type": "SC 13G/A", "filings_date": "2021-01-11", "url": "https://www.sec.gov/Archives/edgar/data/0001404655/000031506621000021/filing.txt"}, {"form_type": "4", "filings_date": "2021-01-08", "url": "https://www.sec.gov/Archives/edgar/data/0001404655/000120919121002698/xslF345X03/doc4.xml"}, {"form_type": "4", "filings_date": "2021-01-06", "url": "https://www.sec.gov/Archives/edgar/data/0001404655/000120919121002207/xslF345X03/doc4.xml"}, {"form_type": "4", "filings_date": "2021-01-06", "url": "https://www.sec.gov/Archives/edgar/data/0001404655/000120919121002026/xslF345X03/doc4.xml"}, {"form_type": "4", "filings_date": "2021-01-06", "url": "https://www.sec.gov/Archives/edgar/data/0001404655/000120919121002024/xslF345X03/doc4.xml"}, {"form_type": "4", "filings_date": "2021-01-06", "url": "https://www.sec.gov/Archives/edgar/data/0001404655/000120919121002018/xslF345X03/doc4.xml"}, {"form_type": "4", "filings_date": "2021-01-06", "url": "https://www.sec.gov/Archives/edgar/data/0001404655/000120919121002005/xslF345X03/doc4.xml"}, {"form_type": "4", "filings_date": "2020-12-16", "url": "https://www.sec.gov/Archives/edgar/data/0001404655/000120919120063804/xslF345X03/doc4.xml"}, {"form_type": "4", "filings_date": "2020-12-14", "url": "https://www.sec.gov/Archives/edgar/data/0001404655/000120919120063258/xslF345X03/doc4.xml"}, {"form_type": "4", "filings_date": "2020-12-07", "url": "https://www.sec.gov/Archives/edgar/data/0001404655/000120919120061958/xslF345X03/doc4.xml"}, {"form_type": "4", "filings_date": "2020-12-02", "url": "https://www.sec.gov/Archives/edgar/data/0001404655/000120919120061143/xslF345X03/doc4.xml"}, {"form_type": "4", "filings_date": "2020-12-02", "url": "https://www.sec.gov/Archives/edgar/data/0001404655/000120919120061140/xslF345X03/doc4.xml"}, {"form_type": "4", "filings_date": "2020-12-02", "url": "https://www.sec.gov/Archives/edgar/data/0001404655/000120919120061131/xslF345X03/doc4.xml"}, {"form_type": "4", "filings_date": "2020-11-19", "url": "https://www.sec.gov/Archives/edgar/data/0001404655/000120919120059369/xslF345X03/doc4.xml"}, {"form_type": "4", "filings_date": "2020-11-19", "url": "https://www.sec.gov/Archives/edgar/data/0001404655/000120919120059365/xslF345X03/doc4.xml"}, {"form_type": "10-Q", "filings_date": "2020-11-05", "url": "https://www.sec.gov/Archives/edgar/data/0001404655/000156459020051449/hubs-10q_20200930.htm"}, {"form_type": "8-K", "filings_date": "2020-11-05", "url": "https://www.sec.gov/Archives/edgar/data/0001404655/000156459020051440/hubs-8k_20201105.htm"}, {"form_type": "4", "filings_date": "2020-11-03", "url": "https://www.sec.gov/Archives/edgar/data/0001404655/000120919120056597/xslF345X03/doc4.xml"}, {"form_type": "4", "filings_date": "2020-11-03", "url": "https://www.sec.gov/Archives/edgar/data/0001404655/000120919120056595/xslF345X03/doc4.xml"}, {"form_type": "4", "filings_date": "2020-11-03", "url": "https://www.sec.gov/Archives/edgar/data/0001404655/000120919120056594/xslF345X03/doc4.xml"}, {"form_type": "4", "filings_date": "2020-10-21", "url": "https://www.sec.gov/Archives/edgar/data/0001404655/000120919120055465/xslF345X03/doc4.xml"}, {"form_type": "4", "filings_date": "2020-10-16", "url": "https://www.sec.gov/Archives/edgar/data/0001404655/000120919120055053/xslF345X03/doc4.xml"}, {"form_type": "4", "filings_date": "2020-10-05", "url": "https://www.sec.gov/Archives/edgar/data/0001404655/000120919120053721/xslF345X03/doc4.xml"}, {"form_type": "4", "filings_date": "2020-10-05", "url": "https://www.sec.gov/Archives/edgar/data/0001404655/000120919120053716/xslF345X03/doc4.xml"}, {"form_type": "4", "filings_date": "2020-10-02", "url": "https://www.sec.gov/Archives/edgar/data/0001404655/000120919120053114/xslF345X03/doc4.xml"}, {"form_type": "4", "filings_date": "2020-10-02", "url": "https://www.sec.gov/Archives/edgar/data/0001404655/000120919120053112/xslF345X03/doc4.xml"}, {"form_type": "4", "filings_date": "2020-10-02", "url": "https://www.sec.gov/Archives/edgar/data/0001404655/000120919120053111/xslF345X03/doc4.xml"}, {"form_type": "4", "filings_date": "2020-10-02", "url": "https://www.sec.gov/Archives/edgar/data/0001404655/000120919120053109/xslF345X03/doc4.xml"}, {"form_type": "4", "filings_date": "2020-10-02", "url": "https://www.sec.gov/Archives/edgar/data/0001404655/000120919120053107/xslF345X03/doc4.xml"}, {"form_type": "8-K", "filings_date": "2020-09-21", "url": "https://www.sec.gov/Archives/edgar/data/0001404655/000119312520250192/d32232d8k.htm"}, {"form_type": "4", "filings_date": "2020-09-16", "url": "https://www.sec.gov/Archives/edgar/data/0001404655/000120919120050699/xslF345X03/doc4.xml"}, {"form_type": "4", "filings_date": "2020-09-16", "url": "https://www.sec.gov/Archives/edgar/data/0001404655/000120919120050697/xslF345X03/doc4.xml"}, {"form_type": "4", "filings_date": "2020-09-02", "url": "https://www.sec.gov/Archives/edgar/data/0001404655/000120919120049112/xslF345X03/doc4.xml"}, {"form_type": "4", "filings_date": "2020-09-02", "url": "https://www.sec.gov/Archives/edgar/data/0001404655/000120919120049111/xslF345X03/doc4.xml"}, {"form_type": "4", "filings_date": "2020-09-02", "url": "https://www.sec.gov/Archives/edgar/data/0001404655/000120919120049109/xslF345X03/doc4.xml"}, {"form_type": "4", "filings_date": "2020-08-19", "url": "https://www.sec.gov/Archives/edgar/data/0001404655/000120919120047486/xslF345X03/doc4.xml"}, {"form_type": "10-Q", "filings_date": "2020-08-05", "url": "https://www.sec.gov/Archives/edgar/data/0001404655/000156459020036906/hubs-10q_20200630.htm"}, {"form_type": "8-K", "filings_date": "2020-08-05", "url": "https://www.sec.gov/Archives/edgar/data/0001404655/000156459020036844/hubs-8k_20200805.htm"}, {"form_type": "4", "filings_date": "2020-08-05", "url": "https://www.sec.gov/Archives/edgar/data/0001404655/000120919120044923/xslF345X03/doc4.xml"}, {"form_type": "4", "filings_date": "2020-08-05", "url": "https://www.sec.gov/Archives/edgar/data/0001404655/000120919120044922/xslF345X03/doc4.xml"}, {"form_type": "4", "filings_date": "2020-08-05", "url": "https://www.sec.gov/Archives/edgar/data/0001404655/000120919120044921/xslF345X03/doc4.xml"}, {"form_type": "4", "filings_date": "2020-07-23", "url": "https://www.sec.gov/Archives/edgar/data/0001404655/000120919120043469/xslF345X03/doc4.xml"}, {"form_type": "4", "filings_date": "2020-07-06", "url": "https://www.sec.gov/Archives/edgar/data/0001404655/000120919120041142/xslF345X03/doc4.xml"}, {"form_type": "4", "filings_date": "2020-07-02", "url": "https://www.sec.gov/Archives/edgar/data/0001404655/000120919120040460/xslF345X03/doc4.xml"}, {"form_type": "4", "filings_date": "2020-07-02", "url": "https://www.sec.gov/Archives/edgar/data/0001404655/000120919120040449/xslF345X03/doc4.xml"}, {"form_type": "4", "filings_date": "2020-07-02", "url": "https://www.sec.gov/Archives/edgar/data/0001404655/000120919120040440/xslF345X03/doc4.xml"}, {"form_type": "4", "filings_date": "2020-07-02", "url": "https://www.sec.gov/Archives/edgar/data/0001404655/000120919120040425/xslF345X03/doc4.xml"}, {"form_type": "4", "filings_date": "2020-07-02", "url": "https://www.sec.gov/Archives/edgar/data/0001404655/000120919120040417/xslF345X03/doc4.xml"}, {"form_type": "4", "filings_date": "2020-07-02", "url": "https://www.sec.gov/Archives/edgar/data/0001404655/000120919120040411/xslF345X03/doc4.xml"}, {"form_type": "4", "filings_date": "2020-06-23", "url": "https://www.sec.gov/Archives/edgar/data/0001404655/000120919120038441/xslF345X03/doc4.xml"}, {"form_type": "4", "filings_date": "2020-06-18", "url": "https://www.sec.gov/Archives/edgar/data/0001404655/000120919120037631/xslF345X03/doc4.xml"}, {"form_type": "4", "filings_date": "2020-06-18", "url": "https://www.sec.gov/Archives/edgar/data/0001404655/000120919120037630/xslF345X03/doc4.xml"}, {"form_type": "4", "filings_date": "2020-06-18", "url": "https://www.sec.gov/Archives/edgar/data/0001404655/000120919120037629/xslF345X03/doc4.xml"}, {"form_type": "4", "filings_date": "2020-06-18", "url": "https://www.sec.gov/Archives/edgar/data/0001404655/000120919120037627/xslF345X03/doc4.xml"}, {"form_type": "4", "filings_date": "2020-06-18", "url": "https://www.sec.gov/Archives/edgar/data/0001404655/000120919120037625/xslF345X03/doc4.xml"}, {"form_type": "4", "filings_date": "2020-06-18", "url": "https://www.sec.gov/Archives/edgar/data/0001404655/000120919120037623/xslF345X03/doc4.xml"}, {"form_type": "4", "filings_date": "2020-06-17", "url": "https://www.sec.gov/Archives/edgar/data/0001404655/000120919120037227/xslF345X03/doc4.xml"}, {"form_type": "8-K", "filings_date": "2020-06-17", "url": "https://www.sec.gov/Archives/edgar/data/0001404655/000156459020029650/hubs-8k_20200617.htm"}, {"form_type": "8-K", "filings_date": "2020-06-05", "url": "https://www.sec.gov/Archives/edgar/data/0001404655/000119312520162234/d933656d8k.htm"}, {"form_type": "4", "filings_date": "2020-06-02", "url": "https://www.sec.gov/Archives/edgar/data/0001404655/000120919120033571/xslF345X03/doc4.xml"}, {"form_type": "4", "filings_date": "2020-06-02", "url": "https://www.sec.gov/Archives/edgar/data/0001404655/000120919120033568/xslF345X03/doc4.xml"}, {"form_type": "4", "filings_date": "2020-06-02", "url": "https://www.sec.gov/Archives/edgar/data/0001404655/000120919120033566/xslF345X03/doc4.xml"}, {"form_type": "4", "filings_date": "2020-06-02", "url": "https://www.sec.gov/Archives/edgar/data/0001404655/000120919120033563/xslF345X03/doc4.xml"}, {"form_type": "8-K", "filings_date": "2020-06-02", "url": "https://www.sec.gov/Archives/edgar/data/0001404655/000119312520157937/d830273d8k.htm"}, {"form_type": "DEFA14A", "filings_date": "2020-05-29", "url": "https://www.sec.gov/Archives/edgar/data/0001404655/000119312520155089/d934194ddefa14a.htm"}, {"form_type": "4", "filings_date": "2020-05-28", "url": "https://www.sec.gov/Archives/edgar/data/0001404655/000120919120032636/xslF345X03/doc4.xml"}, {"form_type": "4", "filings_date": "2020-05-21", "url": "https://www.sec.gov/Archives/edgar/data/0001404655/000120919120031328/xslF345X03/doc4.xml"}, {"form_type": "4", "filings_date": "2020-05-20", "url": "https://www.sec.gov/Archives/edgar/data/0001404655/000120919120030909/xslF345X03/doc4.xml"}, {"form_type": "4", "filings_date": "2020-05-11", "url": "https://www.sec.gov/Archives/edgar/data/0001404655/000120919120028260/xslF345X03/doc4.xml"}, {"form_type": "10-Q", "filings_date": "2020-05-06", "url": "https://www.sec.gov/Archives/edgar/data/0001404655/000156459020022045/hubs-10q_20200331.htm"}, {"form_type": "8-K", "filings_date": "2020-05-06", "url": "https://www.sec.gov/Archives/edgar/data/0001404655/000156459020021974/hubs-8k_20200501.htm"}, {"form_type": "4", "filings_date": "2020-05-04", "url": "https://www.sec.gov/Archives/edgar/data/0001404655/000120919120026768/xslF345X03/doc4.xml"}, {"form_type": "4", "filings_date": "2020-05-04", "url": "https://www.sec.gov/Archives/edgar/data/0001404655/000120919120026766/xslF345X03/doc4.xml"}, {"form_type": "4", "filings_date": "2020-05-04", "url": "https://www.sec.gov/Archives/edgar/data/0001404655/000120919120026764/xslF345X03/doc4.xml"}, {"form_type": "4", "filings_date": "2020-05-04", "url": "https://www.sec.gov/Archives/edgar/data/0001404655/000120919120026763/xslF345X03/doc4.xml"}, {"form_type": "4", "filings_date": "2020-04-29", "url": "https://www.sec.gov/Archives/edgar/data/0001404655/000120919120026236/xslF345X03/doc4.xml"}, {"form_type": "DEFA14A", "filings_date": "2020-04-24", "url": "https://www.sec.gov/Archives/edgar/data/0001404655/000156459020018498/hubs-defa14a_20200617.htm"}, {"form_type": "DEF 14A", "filings_date": "2020-04-24", "url": "https://www.sec.gov/Archives/edgar/data/0001404655/000156459020018485/hubs-def14a_20200617.htm"}, {"form_type": "4", "filings_date": "2020-04-22", "url": "https://www.sec.gov/Archives/edgar/data/0001404655/000120919120025340/xslF345X03/doc4.xml"}, {"form_type": "4", "filings_date": "2020-04-06", "url": "https://www.sec.gov/Archives/edgar/data/0001404655/000120919120023694/xslF345X03/doc4.xml"}, {"form_type": "4", "filings_date": "2020-04-02", "url": "https://www.sec.gov/Archives/edgar/data/0001404655/000120919120022665/xslF345X03/doc4.xml"}, {"form_type": "4", "filings_date": "2020-04-02", "url": "https://www.sec.gov/Archives/edgar/data/0001404655/000120919120022659/xslF345X03/doc4.xml"}, {"form_type": "4", "filings_date": "2020-04-02", "url": "https://www.sec.gov/Archives/edgar/data/0001404655/000120919120022655/xslF345X03/doc4.xml"}, {"form_type": "4", "filings_date": "2020-04-02", "url": "https://www.sec.gov/Archives/edgar/data/0001404655/000120919120022653/xslF345X03/doc4.xml"}, {"form_type": "4", "filings_date": "2020-04-02", "url": "https://www.sec.gov/Archives/edgar/data/0001404655/000120919120022641/xslF345X03/doc4.xml"}, {"form_type": "4", "filings_date": "2020-04-02", "url": "https://www.sec.gov/Archives/edgar/data/0001404655/000120919120022636/xslF345X03/doc4.xml"}, {"form_type": "4", "filings_date": "2020-03-19", "url": "https://www.sec.gov/Archives/edgar/data/0001404655/000120919120020263/xslF345X03/doc4.xml"}, {"form_type": "4", "filings_date": "2020-03-16", "url": "https://www.sec.gov/Archives/edgar/data/0001404655/000120919120019236/xslF345X03/doc4.xml"}, {"form_type": "4", "filings_date": "2020-03-04", "url": "https://www.sec.gov/Archives/edgar/data/0001404655/000120919120016038/xslF345X03/doc4.xml"}, {"form_type": "4", "filings_date": "2020-03-04", "url": "https://www.sec.gov/Archives/edgar/data/0001404655/000120919120016034/xslF345X03/doc4.xml"}, {"form_type": "4", "filings_date": "2020-03-04", "url": "https://www.sec.gov/Archives/edgar/data/0001404655/000120919120016032/xslF345X03/doc4.xml"}, {"form_type": "4", "filings_date": "2020-03-04", "url": "https://www.sec.gov/Archives/edgar/data/0001404655/000120919120016030/xslF345X03/doc4.xml"}, {"form_type": "4", "filings_date": "2020-02-19", "url": "https://www.sec.gov/Archives/edgar/data/0001404655/000120919120010485/xslF345X03/doc4.xml"}, {"form_type": "4", "filings_date": "2020-02-18", "url": "https://www.sec.gov/Archives/edgar/data/0001404655/000120919120010074/xslF345X03/doc4.xml"}, {"form_type": "SC 13G/A", "filings_date": "2020-02-14", "url": "https://www.sec.gov/Archives/edgar/data/0001404655/000142284820000050/edghubs.txt"}, {"form_type": "S-8", "filings_date": "2020-02-12", "url": "https://www.sec.gov/Archives/edgar/data/0001404655/000156459020004385/hubs-s8.htm"}, {"form_type": "10-K", "filings_date": "2020-02-12", "url": "https://www.sec.gov/Archives/edgar/data/0001404655/000156459020004381/hubs-10k_20191231.htm"}, {"form_type": "8-K", "filings_date": "2020-02-12", "url": "https://www.sec.gov/Archives/edgar/data/0001404655/000156459020004358/hubs-8k_20200212.htm"}, {"form_type": "SC 13G/A", "filings_date": "2020-02-12", "url": "https://www.sec.gov/Archives/edgar/data/0001404655/000110465920017881/tv01226-hubspotinc.htm"}, {"form_type": "SC 13G/A", "filings_date": "2020-02-07", "url": "https://www.sec.gov/Archives/edgar/data/0001404655/000031506620001004/filing.txt"}, {"form_type": "4", "filings_date": "2020-02-06", "url": "https://www.sec.gov/Archives/edgar/data/0001404655/000120919120007154/xslF345X03/doc4.xml"}, {"form_type": "4", "filings_date": "2020-02-05", "url": "https://www.sec.gov/Archives/edgar/data/0001404655/000120919120006857/xslF345X03/doc4.xml"}, {"form_type": "4", "filings_date": "2020-02-05", "url": "https://www.sec.gov/Archives/edgar/data/0001404655/000120919120006854/xslF345X03/doc4.xml"}, {"form_type": "4", "filings_date": "2020-02-05", "url": "https://www.sec.gov/Archives/edgar/data/0001404655/000120919120006853/xslF345X03/doc4.xml"}, {"form_type": "4", "filings_date": "2020-02-05", "url": "https://www.sec.gov/Archives/edgar/data/0001404655/000120919120006852/xslF345X03/doc4.xml"}, {"form_type": "4", "filings_date": "2020-02-05", "url": "https://www.sec.gov/Archives/edgar/data/0001404655/000120919120006851/xslF345X03/doc4.xml"}, {"form_type": "4", "filings_date": "2020-01-22", "url": "https://www.sec.gov/Archives/edgar/data/0001404655/000120919120004451/xslF345X03/doc4.xml"}, {"form_type": "4", "filings_date": "2020-01-21", "url": "https://www.sec.gov/Archives/edgar/data/0001404655/000120919120004252/xslF345X03/doc4.xml"}, {"form_type": "4", "filings_date": "2020-01-10", "url": "https://www.sec.gov/Archives/edgar/data/0001404655/000120919120003066/xslF345X03/doc4.xml"}, {"form_type": "3", "filings_date": "2020-01-10", "url": "https://www.sec.gov/Archives/edgar/data/0001404655/000120919120003062/xslF345X02/doc3.xml"}, {"form_type": "4", "filings_date": "2020-01-06", "url": "https://www.sec.gov/Archives/edgar/data/0001404655/000120919120001748/xslF345X03/doc4.xml"}, {"form_type": "4", "filings_date": "2020-01-06", "url": "https://www.sec.gov/Archives/edgar/data/0001404655/000120919120001747/xslF345X03/doc4.xml"}, {"form_type": "4", "filings_date": "2020-01-06", "url": "https://www.sec.gov/Archives/edgar/data/0001404655/000120919120001745/xslF345X03/doc4.xml"}, {"form_type": "4", "filings_date": "2020-01-06", "url": "https://www.sec.gov/Archives/edgar/data/0001404655/000120919120001742/xslF345X03/doc4.xml"}, {"form_type": "4", "filings_date": "2020-01-06", "url": "https://www.sec.gov/Archives/edgar/data/0001404655/000120919120001730/xslF345X03/doc4.xml"}, {"form_type": "4", "filings_date": "2019-12-26", "url": "https://www.sec.gov/Archives/edgar/data/0001404655/000120919119061935/xslF345X03/doc4.xml"}, {"form_type": "4", "filings_date": "2019-12-18", "url": "https://www.sec.gov/Archives/edgar/data/0001404655/000120919119061114/xslF345X03/doc4.xml"}, {"form_type": "4", "filings_date": "2019-12-18", "url": "https://www.sec.gov/Archives/edgar/data/0001404655/000120919119061111/xslF345X03/doc4.xml"}, {"form_type": "4", "filings_date": "2019-12-04", "url": "https://www.sec.gov/Archives/edgar/data/0001404655/000120919119059043/xslF345X03/doc4.xml"}, {"form_type": "4", "filings_date": "2019-12-04", "url": "https://www.sec.gov/Archives/edgar/data/0001404655/000120919119059042/xslF345X03/doc4.xml"}, {"form_type": "4", "filings_date": "2019-12-04", "url": "https://www.sec.gov/Archives/edgar/data/0001404655/000120919119059038/xslF345X03/doc4.xml"}, {"form_type": "4", "filings_date": "2019-12-04", "url": "https://www.sec.gov/Archives/edgar/data/0001404655/000120919119059036/xslF345X03/doc4.xml"}, {"form_type": "4", "filings_date": "2019-11-21", "url": "https://www.sec.gov/Archives/edgar/data/0001404655/000120919119057601/xslF345X03/doc4.xml"}, {"form_type": "10-Q", "filings_date": "2019-11-05", "url": "https://www.sec.gov/Archives/edgar/data/0001404655/000156459019040465/hubs-10q_20190930.htm"}, {"form_type": "8-K", "filings_date": "2019-11-05", "url": "https://www.sec.gov/Archives/edgar/data/0001404655/000156459019040451/hubs-8k_20191105.htm"}, {"form_type": "4", "filings_date": "2019-11-04", "url": "https://www.sec.gov/Archives/edgar/data/0001404655/000120919119055011/xslF345X03/doc4.xml"}, {"form_type": "4", "filings_date": "2019-11-04", "url": "https://www.sec.gov/Archives/edgar/data/0001404655/000120919119055009/xslF345X03/doc4.xml"}, {"form_type": "4", "filings_date": "2019-11-04", "url": "https://www.sec.gov/Archives/edgar/data/0001404655/000120919119055007/xslF345X03/doc4.xml"}, {"form_type": "4", "filings_date": "2019-11-04", "url": "https://www.sec.gov/Archives/edgar/data/0001404655/000120919119055005/xslF345X03/doc4.xml"}, {"form_type": "4", "filings_date": "2019-10-16", "url": "https://www.sec.gov/Archives/edgar/data/0001404655/000120919119053283/xslF345X03/doc4.xml"}, {"form_type": "4", "filings_date": "2019-10-03", "url": "https://www.sec.gov/Archives/edgar/data/0001404655/000120919119052119/xslF345X03/doc4.xml"}, {"form_type": "4", "filings_date": "2019-10-03", "url": "https://www.sec.gov/Archives/edgar/data/0001404655/000120919119052114/xslF345X03/doc4.xml"}, {"form_type": "4", "filings_date": "2019-10-03", "url": "https://www.sec.gov/Archives/edgar/data/0001404655/000120919119052110/xslF345X03/doc4.xml"}, {"form_type": "4", "filings_date": "2019-10-03", "url": "https://www.sec.gov/Archives/edgar/data/0001404655/000120919119052107/xslF345X03/doc4.xml"}, {"form_type": "4", "filings_date": "2019-10-03", "url": "https://www.sec.gov/Archives/edgar/data/0001404655/000120919119052105/xslF345X03/doc4.xml"}, {"form_type": "4", "filings_date": "2019-09-24", "url": "https://www.sec.gov/Archives/edgar/data/0001404655/000120919119050549/xslF345X03/doc4.xml"}, {"form_type": "4", "filings_date": "2019-09-19", "url": "https://www.sec.gov/Archives/edgar/data/0001404655/000120919119050215/xslF345X03/doc4.xml"}, {"form_type": "4", "filings_date": "2019-09-05", "url": "https://www.sec.gov/Archives/edgar/data/0001404655/000120919119048527/xslF345X03/doc4.xml"}, {"form_type": "4", "filings_date": "2019-09-05", "url": "https://www.sec.gov/Archives/edgar/data/0001404655/000120919119048523/xslF345X03/doc4.xml"}, {"form_type": "4", "filings_date": "2019-09-05", "url": "https://www.sec.gov/Archives/edgar/data/0001404655/000120919119048520/xslF345X03/doc4.xml"}, {"form_type": "4", "filings_date": "2019-09-05", "url": "https://www.sec.gov/Archives/edgar/data/0001404655/000120919119048517/xslF345X03/doc4.xml"}, {"form_type": "4", "filings_date": "2019-08-22", "url": "https://www.sec.gov/Archives/edgar/data/0001404655/000120919119047136/xslF345X03/doc4.xml"}, {"form_type": "4", "filings_date": "2019-08-09", "url": "https://www.sec.gov/Archives/edgar/data/0001404655/000120919119045343/xslF345X03/doc4.xml"}, {"form_type": "10-Q", "filings_date": "2019-08-06", "url": "https://www.sec.gov/Archives/edgar/data/0001404655/000156459019029455/hubs-10q_20190630.htm"}, {"form_type": "8-K", "filings_date": "2019-08-06", "url": "https://www.sec.gov/Archives/edgar/data/0001404655/000119312519214096/d786389d8k.htm"}, {"form_type": "4", "filings_date": "2019-08-05", "url": "https://www.sec.gov/Archives/edgar/data/0001404655/000120919119044504/xslF345X03/doc4.xml"}, {"form_type": "4", "filings_date": "2019-08-05", "url": "https://www.sec.gov/Archives/edgar/data/0001404655/000120919119044502/xslF345X03/doc4.xml"}, {"form_type": "4", "filings_date": "2019-08-05", "url": "https://www.sec.gov/Archives/edgar/data/0001404655/000120919119044499/xslF345X03/doc4.xml"}, {"form_type": "4", "filings_date": "2019-08-05", "url": "https://www.sec.gov/Archives/edgar/data/0001404655/000120919119044497/xslF345X03/doc4.xml"}, {"form_type": "4", "filings_date": "2019-07-18", "url": "https://www.sec.gov/Archives/edgar/data/0001404655/000120919119042615/xslF345X03/doc4.xml"}, {"form_type": "4", "filings_date": "2019-07-15", "url": "https://www.sec.gov/Archives/edgar/data/0001404655/000120919119042076/xslF345X03/doc4.xml"}, {"form_type": "4", "filings_date": "2019-07-12", "url": "https://www.sec.gov/Archives/edgar/data/0001404655/000120919119041917/xslF345X03/doc4.xml"}, {"form_type": "SC 13G/A", "filings_date": "2019-07-10", "url": "https://www.sec.gov/Archives/edgar/data/0001404655/000021545719008111/us4435731009_071019.txt"}, {"form_type": "4", "filings_date": "2019-07-03", "url": "https://www.sec.gov/Archives/edgar/data/0001404655/000120919119040828/xslF345X03/doc4.xml"}, {"form_type": "4", "filings_date": "2019-07-03", "url": "https://www.sec.gov/Archives/edgar/data/0001404655/000120919119040823/xslF345X03/doc4.xml"}, {"form_type": "4", "filings_date": "2019-07-03", "url": "https://www.sec.gov/Archives/edgar/data/0001404655/000120919119040820/xslF345X03/doc4.xml"}, {"form_type": "4", "filings_date": "2019-07-03", "url": "https://www.sec.gov/Archives/edgar/data/0001404655/000120919119040817/xslF345X03/doc4.xml"}, {"form_type": "4", "filings_date": "2019-07-03", "url": "https://www.sec.gov/Archives/edgar/data/0001404655/000120919119040816/xslF345X03/doc4.xml"}, {"form_type": "4", "filings_date": "2019-07-03", "url": "https://www.sec.gov/Archives/edgar/data/0001404655/000120919119040815/xslF345X03/doc4.xml"}, {"form_type": "4", "filings_date": "2019-06-25", "url": "https://www.sec.gov/Archives/edgar/data/0001404655/000120919119038923/xslF345X03/doc4.xml"}, {"form_type": "4", "filings_date": "2019-06-19", "url": "https://www.sec.gov/Archives/edgar/data/0001404655/000120919119038007/xslF345X03/doc4.xml"}, {"form_type": "4", "filings_date": "2019-06-07", "url": "https://www.sec.gov/Archives/edgar/data/0001404655/000120919119035370/xslF345X03/doc4.xml"}, {"form_type": "4", "filings_date": "2019-06-07", "url": "https://www.sec.gov/Archives/edgar/data/0001404655/000120919119035369/xslF345X03/doc4.xml"}, {"form_type": "4", "filings_date": "2019-06-07", "url": "https://www.sec.gov/Archives/edgar/data/0001404655/000120919119035368/xslF345X03/doc4.xml"}, {"form_type": "4", "filings_date": "2019-06-07", "url": "https://www.sec.gov/Archives/edgar/data/0001404655/000120919119035367/xslF345X03/doc4.xml"}, {"form_type": "4", "filings_date": "2019-06-07", "url": "https://www.sec.gov/Archives/edgar/data/0001404655/000120919119035366/xslF345X03/doc4.xml"}, {"form_type": "4", "filings_date": "2019-06-07", "url": "https://www.sec.gov/Archives/edgar/data/0001404655/000120919119035365/xslF345X03/doc4.xml"}, {"form_type": "4", "filings_date": "2019-06-07", "url": "https://www.sec.gov/Archives/edgar/data/0001404655/000120919119035364/xslF345X03/doc4.xml"}, {"form_type": "8-K", "filings_date": "2019-06-06", "url": "https://www.sec.gov/Archives/edgar/data/0001404655/000119312519167185/d725501d8k.htm"}, {"form_type": "4", "filings_date": "2019-06-05", "url": "https://www.sec.gov/Archives/edgar/data/0001404655/000120919119034772/xslF345X03/doc4.xml"}, {"form_type": "4", "filings_date": "2019-06-05", "url": "https://www.sec.gov/Archives/edgar/data/0001404655/000120919119034769/xslF345X03/doc4.xml"}, {"form_type": "4", "filings_date": "2019-06-05", "url": "https://www.sec.gov/Archives/edgar/data/0001404655/000120919119034767/xslF345X03/doc4.xml"}, {"form_type": "4", "filings_date": "2019-06-05", "url": "https://www.sec.gov/Archives/edgar/data/0001404655/000120919119034763/xslF345X03/doc4.xml"}, {"form_type": "4", "filings_date": "2019-06-05", "url": "https://www.sec.gov/Archives/edgar/data/0001404655/000120919119034761/xslF345X03/doc4.xml"}, {"form_type": "4", "filings_date": "2019-06-05", "url": "https://www.sec.gov/Archives/edgar/data/0001404655/000120919119034759/xslF345X03/doc4.xml"}, {"form_type": "8-K", "filings_date": "2019-06-04", "url": "https://www.sec.gov/Archives/edgar/data/0001404655/000119312519164683/d730805d8k.htm"}, {"form_type": "10-Q", "filings_date": "2019-05-07", "url": "https://www.sec.gov/Archives/edgar/data/0001404655/000156459019016599/hubs-10q_20190331.htm"}, {"form_type": "8-K", "filings_date": "2019-05-07", "url": "https://www.sec.gov/Archives/edgar/data/0001404655/000119312519139680/d745582d8k.htm"}, {"form_type": "4", "filings_date": "2019-05-03", "url": "https://www.sec.gov/Archives/edgar/data/0001404655/000120919119027313/xslF345X03/doc4.xml"}, {"form_type": "4", "filings_date": "2019-05-03", "url": "https://www.sec.gov/Archives/edgar/data/0001404655/000120919119027312/xslF345X03/doc4.xml"}, {"form_type": "4", "filings_date": "2019-05-03", "url": "https://www.sec.gov/Archives/edgar/data/0001404655/000120919119027307/xslF345X03/doc4.xml"}, {"form_type": "4", "filings_date": "2019-05-03", "url": "https://www.sec.gov/Archives/edgar/data/0001404655/000120919119027305/xslF345X03/doc4.xml"}, {"form_type": "4", "filings_date": "2019-05-03", "url": "https://www.sec.gov/Archives/edgar/data/0001404655/000120919119027301/xslF345X03/doc4.xml"}, {"form_type": "DEFA14A", "filings_date": "2019-04-24", "url": "https://www.sec.gov/Archives/edgar/data/0001404655/000156459019012708/hubs-defa14a_20190605.htm"}, {"form_type": "DEF 14A", "filings_date": "2019-04-24", "url": "https://www.sec.gov/Archives/edgar/data/0001404655/000156459019012705/hubs-def14a_20190605.htm"}, {"form_type": "4", "filings_date": "2019-04-03", "url": "https://www.sec.gov/Archives/edgar/data/0001404655/000120919119023169/xslF345X03/doc4.xml"}, {"form_type": "4", "filings_date": "2019-04-03", "url": "https://www.sec.gov/Archives/edgar/data/0001404655/000120919119023165/xslF345X03/doc4.xml"}, {"form_type": "4", "filings_date": "2019-04-03", "url": "https://www.sec.gov/Archives/edgar/data/0001404655/000120919119023162/xslF345X03/doc4.xml"}, {"form_type": "4", "filings_date": "2019-04-03", "url": "https://www.sec.gov/Archives/edgar/data/0001404655/000120919119023159/xslF345X03/doc4.xml"}, {"form_type": "4", "filings_date": "2019-04-03", "url": "https://www.sec.gov/Archives/edgar/data/0001404655/000120919119023152/xslF345X03/doc4.xml"}, {"form_type": "4", "filings_date": "2019-04-03", "url": "https://www.sec.gov/Archives/edgar/data/0001404655/000120919119023148/xslF345X03/doc4.xml"}, {"form_type": "4", "filings_date": "2019-03-27", "url": "https://www.sec.gov/Archives/edgar/data/0001404655/000089924319009021/xslF345X03/doc4.xml"}, {"form_type": "4", "filings_date": "2019-03-21", "url": "https://www.sec.gov/Archives/edgar/data/0001404655/000120919119020747/xslF345X03/doc4.xml"}, {"form_type": "4", "filings_date": "2019-03-04", "url": "https://www.sec.gov/Archives/edgar/data/0001404655/000120919119016061/xslF345X03/doc4.xml"}, {"form_type": "4", "filings_date": "2019-03-04", "url": "https://www.sec.gov/Archives/edgar/data/0001404655/000120919119016058/xslF345X03/doc4.xml"}, {"form_type": "4", "filings_date": "2019-03-04", "url": "https://www.sec.gov/Archives/edgar/data/0001404655/000120919119016056/xslF345X03/doc4.xml"}, {"form_type": "4", "filings_date": "2019-03-04", "url": "https://www.sec.gov/Archives/edgar/data/0001404655/000120919119016053/xslF345X03/doc4.xml"}, {"form_type": "4", "filings_date": "2019-03-04", "url": "https://www.sec.gov/Archives/edgar/data/0001404655/000120919119016051/xslF345X03/doc4.xml"}, {"form_type": "4", "filings_date": "2019-02-19", "url": "https://www.sec.gov/Archives/edgar/data/0001404655/000120919119010893/xslF345X03/doc4.xml"}, {"form_type": "8-K", "filings_date": "2019-02-15", "url": "https://www.sec.gov/Archives/edgar/data/0001404655/000119312519042578/d678156d8k.htm"}, {"form_type": "424B5", "filings_date": "2019-02-15", "url": "https://www.sec.gov/Archives/edgar/data/0001404655/000119312519042575/d676057d424b5.htm"}, {"form_type": "5", "filings_date": "2019-02-14", "url": "https://www.sec.gov/Archives/edgar/data/0001404655/000120919119010105/xslF345X03/doc5.xml"}, {"form_type": "SC 13G", "filings_date": "2019-02-14", "url": "https://www.sec.gov/Archives/edgar/data/0001404655/000142284819000062/edghubs.txt"}, {"form_type": "424B5", "filings_date": "2019-02-13", "url": "https://www.sec.gov/Archives/edgar/data/0001404655/000119312519038231/d676057d424b5.htm"}, {"form_type": "S-3ASR", "filings_date": "2019-02-13", "url": "https://www.sec.gov/Archives/edgar/data/0001404655/000119312519037906/d675395ds3asr.htm"}, {"form_type": "SC 13G/A", "filings_date": "2019-02-13", "url": "https://www.sec.gov/Archives/edgar/data/0001404655/000031506619001110/filing.txt"}, {"form_type": "4", "filings_date": "2019-02-12", "url": "https://www.sec.gov/Archives/edgar/data/0001404655/000120919119009479/xslF345X03/doc4.xml"}, {"form_type": "S-8", "filings_date": "2019-02-12", "url": "https://www.sec.gov/Archives/edgar/data/0001404655/000119312519036107/d653148ds8.htm"}, {"form_type": "10-K", "filings_date": "2019-02-12", "url": "https://www.sec.gov/Archives/edgar/data/0001404655/000156459019002699/hubs-10k_20181231.htm"}, {"form_type": "8-K", "filings_date": "2019-02-12", "url": "https://www.sec.gov/Archives/edgar/data/0001404655/000119312519035961/d704859d8k.htm"}, {"form_type": "SC 13G/A", "filings_date": "2019-02-12", "url": "https://www.sec.gov/Archives/edgar/data/0001404655/000093247119005904/hubspotinc.htm"}, {"form_type": "SC 13G/A", "filings_date": "2019-02-12", "url": "https://www.sec.gov/Archives/edgar/data/0001404655/000090221919000308/SEC13G_Filing.htm"}, {"form_type": "SC 13G/A", "filings_date": "2019-02-11", "url": "https://www.sec.gov/Archives/edgar/data/0001404655/000021545719007322/us4435731009_020819.txt"}, {"form_type": "4", "filings_date": "2019-02-06", "url": "https://www.sec.gov/Archives/edgar/data/0001404655/000120919119007768/xslF345X03/doc4.xml"}, {"form_type": "4", "filings_date": "2019-02-04", "url": "https://www.sec.gov/Archives/edgar/data/0001404655/000120919119007157/xslF345X03/doc4.xml"}, {"form_type": "4", "filings_date": "2019-02-04", "url": "https://www.sec.gov/Archives/edgar/data/0001404655/000120919119007156/xslF345X03/doc4.xml"}, {"form_type": "4", "filings_date": "2019-02-04", "url": "https://www.sec.gov/Archives/edgar/data/0001404655/000120919119007155/xslF345X03/doc4.xml"}, {"form_type": "4", "filings_date": "2019-02-04", "url": "https://www.sec.gov/Archives/edgar/data/0001404655/000120919119007154/xslF345X03/doc4.xml"}, {"form_type": "4", "filings_date": "2019-02-04", "url": "https://www.sec.gov/Archives/edgar/data/0001404655/000120919119007153/xslF345X03/doc4.xml"}, {"form_type": "4", "filings_date": "2019-02-04", "url": "https://www.sec.gov/Archives/edgar/data/0001404655/000120919119007152/xslF345X03/doc4.xml"}, {"form_type": "4", "filings_date": "2019-01-14", "url": "https://www.sec.gov/Archives/edgar/data/0001404655/000120919119003648/xslF345X03/doc4.xml"}, {"form_type": "4", "filings_date": "2019-01-11", "url": "https://www.sec.gov/Archives/edgar/data/0001404655/000120919119003402/xslF345X03/doc4.xml"}, {"form_type": "4", "filings_date": "2019-01-07", "url": "https://www.sec.gov/Archives/edgar/data/0001404655/000120919119002604/xslF345X03/doc4.xml"}, {"form_type": "4", "filings_date": "2019-01-07", "url": "https://www.sec.gov/Archives/edgar/data/0001404655/000120919119002602/xslF345X03/doc4.xml"}, {"form_type": "4", "filings_date": "2019-01-07", "url": "https://www.sec.gov/Archives/edgar/data/0001404655/000120919119002599/xslF345X03/doc4.xml"}, {"form_type": "4", "filings_date": "2019-01-07", "url": "https://www.sec.gov/Archives/edgar/data/0001404655/000120919119002595/xslF345X03/doc4.xml"}, {"form_type": "4", "filings_date": "2019-01-07", "url": "https://www.sec.gov/Archives/edgar/data/0001404655/000120919119002591/xslF345X03/doc4.xml"}, {"form_type": "4", "filings_date": "2019-01-07", "url": "https://www.sec.gov/Archives/edgar/data/0001404655/000120919119002588/xslF345X03/doc4.xml"}, {"form_type": "4", "filings_date": "2018-12-21", "url": "https://www.sec.gov/Archives/edgar/data/0001404655/000120919118063996/xslF345X03/doc4.xml"}, {"form_type": "4", "filings_date": "2018-12-18", "url": "https://www.sec.gov/Archives/edgar/data/0001404655/000120919118063147/xslF345X03/doc4.xml"}, {"form_type": "4", "filings_date": "2018-12-11", "url": "https://www.sec.gov/Archives/edgar/data/0001404655/000120919118061978/xslF345X03/doc4.xml"}, {"form_type": "4", "filings_date": "2018-12-06", "url": "https://www.sec.gov/Archives/edgar/data/0001404655/000120919118061257/xslF345X03/doc4.xml"}, {"form_type": "4", "filings_date": "2018-12-06", "url": "https://www.sec.gov/Archives/edgar/data/0001404655/000120919118061255/xslF345X03/doc4.xml"}, {"form_type": "4", "filings_date": "2018-12-06", "url": "https://www.sec.gov/Archives/edgar/data/0001404655/000120919118061254/xslF345X03/doc4.xml"}, {"form_type": "4", "filings_date": "2018-12-06", "url": "https://www.sec.gov/Archives/edgar/data/0001404655/000120919118061251/xslF345X03/doc4.xml"}, {"form_type": "4", "filings_date": "2018-12-06", "url": "https://www.sec.gov/Archives/edgar/data/0001404655/000120919118061246/xslF345X03/doc4.xml"}, {"form_type": "4", "filings_date": "2018-11-20", "url": "https://www.sec.gov/Archives/edgar/data/0001404655/000120919118059429/xslF345X03/doc4.xml"}, {"form_type": "4", "filings_date": "2018-11-16", "url": "https://www.sec.gov/Archives/edgar/data/0001404655/000120919118058961/xslF345X03/doc4.xml"}, {"form_type": "8-K", "filings_date": "2018-11-13", "url": "https://www.sec.gov/Archives/edgar/data/0001404655/000119312518325500/d649749d8k.htm"}, {"form_type": "4", "filings_date": "2018-11-13", "url": "https://www.sec.gov/Archives/edgar/data/0001404655/000120919118058193/xslF345X03/doc4.xml"}, {"form_type": "10-Q", "filings_date": "2018-11-07", "url": "https://www.sec.gov/Archives/edgar/data/0001404655/000156459018028116/hubs-10q_20180930.htm"}, {"form_type": "8-K", "filings_date": "2018-11-07", "url": "https://www.sec.gov/Archives/edgar/data/0001404655/000119312518320939/d635121d8k.htm"}, {"form_type": "4", "filings_date": "2018-11-05", "url": "https://www.sec.gov/Archives/edgar/data/0001404655/000120919118057223/xslF345X03/doc4.xml"}, {"form_type": "4", "filings_date": "2018-11-05", "url": "https://www.sec.gov/Archives/edgar/data/0001404655/000120919118057217/xslF345X03/doc4.xml"}, {"form_type": "4", "filings_date": "2018-11-05", "url": "https://www.sec.gov/Archives/edgar/data/0001404655/000120919118057206/xslF345X03/doc4.xml"}, {"form_type": "4", "filings_date": "2018-11-05", "url": "https://www.sec.gov/Archives/edgar/data/0001404655/000120919118057203/xslF345X03/doc4.xml"}, {"form_type": "4", "filings_date": "2018-11-05", "url": "https://www.sec.gov/Archives/edgar/data/0001404655/000120919118057201/xslF345X03/doc4.xml"}, {"form_type": "4", "filings_date": "2018-10-10", "url": "https://www.sec.gov/Archives/edgar/data/0001404655/000120919118054705/xslF345X03/doc4.xml"}, {"form_type": "4", "filings_date": "2018-10-02", "url": "https://www.sec.gov/Archives/edgar/data/0001404655/000120919118053445/xslF345X03/doc4.xml"}, {"form_type": "4", "filings_date": "2018-10-02", "url": "https://www.sec.gov/Archives/edgar/data/0001404655/000120919118053394/xslF345X03/doc4.xml"}, {"form_type": "4", "filings_date": "2018-10-02", "url": "https://www.sec.gov/Archives/edgar/data/0001404655/000120919118053393/xslF345X03/doc4.xml"}, {"form_type": "4", "filings_date": "2018-10-02", "url": "https://www.sec.gov/Archives/edgar/data/0001404655/000120919118053390/xslF345X03/doc4.xml"}, {"form_type": "4", "filings_date": "2018-10-02", "url": "https://www.sec.gov/Archives/edgar/data/0001404655/000120919118053388/xslF345X03/doc4.xml"}, {"form_type": "4", "filings_date": "2018-10-02", "url": "https://www.sec.gov/Archives/edgar/data/0001404655/000120919118053387/xslF345X03/doc4.xml"}, {"form_type": "4", "filings_date": "2018-10-02", "url": "https://www.sec.gov/Archives/edgar/data/0001404655/000120919118053385/xslF345X03/doc4.xml"}, {"form_type": "4", "filings_date": "2018-09-24", "url": "https://www.sec.gov/Archives/edgar/data/0001404655/000120919118052031/xslF345X03/doc4.xml"}, {"form_type": "4", "filings_date": "2018-09-18", "url": "https://www.sec.gov/Archives/edgar/data/0001404655/000120919118051485/xslF345X03/doc4.xml"}, {"form_type": "4", "filings_date": "2018-09-11", "url": "https://www.sec.gov/Archives/edgar/data/0001404655/000120919118050450/xslF345X03/doc4.xml"}, {"form_type": "4", "filings_date": "2018-09-06", "url": "https://www.sec.gov/Archives/edgar/data/0001404655/000120919118049831/xslF345X03/doc4.xml"}, {"form_type": "4", "filings_date": "2018-09-06", "url": "https://www.sec.gov/Archives/edgar/data/0001404655/000120919118049830/xslF345X03/doc4.xml"}, {"form_type": "4", "filings_date": "2018-09-06", "url": "https://www.sec.gov/Archives/edgar/data/0001404655/000120919118049829/xslF345X03/doc4.xml"}, {"form_type": "4", "filings_date": "2018-09-06", "url": "https://www.sec.gov/Archives/edgar/data/0001404655/000120919118049824/xslF345X03/doc4.xml"}, {"form_type": "4", "filings_date": "2018-09-06", "url": "https://www.sec.gov/Archives/edgar/data/0001404655/000120919118049817/xslF345X03/doc4.xml"}, {"form_type": "4", "filings_date": "2018-08-22", "url": "https://www.sec.gov/Archives/edgar/data/0001404655/000120919118047996/xslF345X03/doc4.xml"}, {"form_type": "8-K", "filings_date": "2018-08-20", "url": "https://www.sec.gov/Archives/edgar/data/0001404655/000119312518252459/d552384d8k.htm"}, {"form_type": "4", "filings_date": "2018-08-15", "url": "https://www.sec.gov/Archives/edgar/data/0001404655/000120919118046864/xslF345X03/doc4.xml"}, {"form_type": "4", "filings_date": "2018-08-08", "url": "https://www.sec.gov/Archives/edgar/data/0001404655/000120919118045826/xslF345X03/doc4.xml"}, {"form_type": "4", "filings_date": "2018-08-03", "url": "https://www.sec.gov/Archives/edgar/data/0001404655/000120919118045371/xslF345X03/doc4.xml"}, {"form_type": "4", "filings_date": "2018-08-03", "url": "https://www.sec.gov/Archives/edgar/data/0001404655/000120919118045366/xslF345X03/doc4.xml"}, {"form_type": "4", "filings_date": "2018-08-03", "url": "https://www.sec.gov/Archives/edgar/data/0001404655/000120919118045364/xslF345X03/doc4.xml"}, {"form_type": "4", "filings_date": "2018-08-03", "url": "https://www.sec.gov/Archives/edgar/data/0001404655/000120919118045362/xslF345X03/doc4.xml"}, {"form_type": "4", "filings_date": "2018-08-03", "url": "https://www.sec.gov/Archives/edgar/data/0001404655/000120919118045359/xslF345X03/doc4.xml"}, {"form_type": "10-Q", "filings_date": "2018-08-01", "url": "https://www.sec.gov/Archives/edgar/data/0001404655/000156459018018534/hubs-10q_20180630.htm"}, {"form_type": "8-K", "filings_date": "2018-08-01", "url": "https://www.sec.gov/Archives/edgar/data/0001404655/000119312518234967/d598556d8k.htm"}, {"form_type": "4", "filings_date": "2018-07-18", "url": "https://www.sec.gov/Archives/edgar/data/0001404655/000120919118043061/xslF345X03/doc4.xml"}, {"form_type": "4", "filings_date": "2018-07-18", "url": "https://www.sec.gov/Archives/edgar/data/0001404655/000120919118043058/xslF345X03/doc4.xml"}, {"form_type": "4", "filings_date": "2018-07-18", "url": "https://www.sec.gov/Archives/edgar/data/0001404655/000120919118043052/xslF345X03/doc4.xml"}, {"form_type": "4", "filings_date": "2018-07-18", "url": "https://www.sec.gov/Archives/edgar/data/0001404655/000120919118043050/xslF345X03/doc4.xml"}, {"form_type": "4", "filings_date": "2018-07-18", "url": "https://www.sec.gov/Archives/edgar/data/0001404655/000120919118043048/xslF345X03/doc4.xml"}, {"form_type": "4", "filings_date": "2018-07-09", "url": "https://www.sec.gov/Archives/edgar/data/0001404655/000120919118041984/xslF345X03/doc4.xml"}, {"form_type": "4", "filings_date": "2018-07-05", "url": "https://www.sec.gov/Archives/edgar/data/0001404655/000120919118041607/xslF345X03/doc4.xml"}, {"form_type": "4", "filings_date": "2018-06-28", "url": "https://www.sec.gov/Archives/edgar/data/0001404655/000120919118039855/xslF345X03/doc4.xml"}, {"form_type": "4", "filings_date": "2018-06-22", "url": "https://www.sec.gov/Archives/edgar/data/0001404655/000120919118039148/xslF345X03/doc4.xml"}, {"form_type": "4", "filings_date": "2018-06-18", "url": "https://www.sec.gov/Archives/edgar/data/0001404655/000120919118038448/xslF345X03/doc4.xml"}, {"form_type": "4", "filings_date": "2018-06-18", "url": "https://www.sec.gov/Archives/edgar/data/0001404655/000120919118038447/xslF345X03/doc4.xml"}, {"form_type": "4", "filings_date": "2018-06-18", "url": "https://www.sec.gov/Archives/edgar/data/0001404655/000120919118038446/xslF345X03/doc4.xml"}, {"form_type": "3", "filings_date": "2018-06-18", "url": "https://www.sec.gov/Archives/edgar/data/0001404655/000120919118038445/xslF345X02/doc3.xml"}, {"form_type": "8-K", "filings_date": "2018-06-13", "url": "https://www.sec.gov/Archives/edgar/data/0001404655/000119312518191656/d728936d8k.htm"}, {"form_type": "SC 13G/A", "filings_date": "2018-06-08", "url": "https://www.sec.gov/Archives/edgar/data/0001404655/000139077718000103/HubSpot.txt"}, {"form_type": "4", "filings_date": "2018-06-08", "url": "https://www.sec.gov/Archives/edgar/data/0001404655/000120919118036688/xslF345X03/doc4.xml"}, {"form_type": "4", "filings_date": "2018-06-08", "url": "https://www.sec.gov/Archives/edgar/data/0001404655/000120919118036686/xslF345X03/doc4.xml"}, {"form_type": "4", "filings_date": "2018-06-08", "url": "https://www.sec.gov/Archives/edgar/data/0001404655/000120919118036685/xslF345X03/doc4.xml"}, {"form_type": "4", "filings_date": "2018-06-08", "url": "https://www.sec.gov/Archives/edgar/data/0001404655/000120919118036684/xslF345X03/doc4.xml"}, {"form_type": "4", "filings_date": "2018-06-08", "url": "https://www.sec.gov/Archives/edgar/data/0001404655/000120919118036682/xslF345X03/doc4.xml"}, {"form_type": "4", "filings_date": "2018-06-08", "url": "https://www.sec.gov/Archives/edgar/data/0001404655/000120919118036681/xslF345X03/doc4.xml"}, {"form_type": "4", "filings_date": "2018-06-08", "url": "https://www.sec.gov/Archives/edgar/data/0001404655/000120919118036677/xslF345X03/doc4.xml"}, {"form_type": "8-K", "filings_date": "2018-06-07", "url": "https://www.sec.gov/Archives/edgar/data/0001404655/000119312518186799/d575308d8k.htm"}, {"form_type": "4", "filings_date": "2018-06-04", "url": "https://www.sec.gov/Archives/edgar/data/0001404655/000120919118035032/xslF345X03/doc4.xml"}, {"form_type": "4", "filings_date": "2018-06-04", "url": "https://www.sec.gov/Archives/edgar/data/0001404655/000120919118035029/xslF345X03/doc4.xml"}, {"form_type": "4", "filings_date": "2018-06-04", "url": "https://www.sec.gov/Archives/edgar/data/0001404655/000120919118035028/xslF345X03/doc4.xml"}, {"form_type": "4", "filings_date": "2018-06-04", "url": "https://www.sec.gov/Archives/edgar/data/0001404655/000120919118035026/xslF345X03/doc4.xml"}, {"form_type": "4", "filings_date": "2018-06-04", "url": "https://www.sec.gov/Archives/edgar/data/0001404655/000120919118035025/xslF345X03/doc4.xml"}, {"form_type": "4", "filings_date": "2018-06-04", "url": "https://www.sec.gov/Archives/edgar/data/0001404655/000120919118035023/xslF345X03/doc4.xml"}, {"form_type": "4", "filings_date": "2018-05-23", "url": "https://www.sec.gov/Archives/edgar/data/0001404655/000120919118032592/xslF345X03/doc4.xml"}, {"form_type": "4", "filings_date": "2018-05-16", "url": "https://www.sec.gov/Archives/edgar/data/0001404655/000120919118030508/xslF345X03/doc4.xml"}, {"form_type": "4", "filings_date": "2018-05-16", "url": "https://www.sec.gov/Archives/edgar/data/0001404655/000120919118030505/xslF345X03/doc4.xml"}, {"form_type": "10-Q", "filings_date": "2018-05-10", "url": "https://www.sec.gov/Archives/edgar/data/0001404655/000156459018013006/hubs-10q_20180331.htm"}, {"form_type": "8-K", "filings_date": "2018-05-10", "url": "https://www.sec.gov/Archives/edgar/data/0001404655/000119312518159233/d582733d8k.htm"}, {"form_type": "4", "filings_date": "2018-05-03", "url": "https://www.sec.gov/Archives/edgar/data/0001404655/000120919118027613/xslF345X03/doc4.xml"}, {"form_type": "4", "filings_date": "2018-05-02", "url": "https://www.sec.gov/Archives/edgar/data/0001404655/000120919118027357/xslF345X03/doc4.xml"}, {"form_type": "3", "filings_date": "2018-05-02", "url": "https://www.sec.gov/Archives/edgar/data/0001404655/000120919118027355/xslF345X02/doc3.xml"}, {"form_type": "4", "filings_date": "2018-05-02", "url": "https://www.sec.gov/Archives/edgar/data/0001404655/000120919118027354/xslF345X03/doc4.xml"}, {"form_type": "4", "filings_date": "2018-05-02", "url": "https://www.sec.gov/Archives/edgar/data/0001404655/000120919118027351/xslF345X03/doc4.xml"}, {"form_type": "4", "filings_date": "2018-05-02", "url": "https://www.sec.gov/Archives/edgar/data/0001404655/000120919118027349/xslF345X03/doc4.xml"}, {"form_type": "4", "filings_date": "2018-05-02", "url": "https://www.sec.gov/Archives/edgar/data/0001404655/000120919118027347/xslF345X03/doc4.xml"}, {"form_type": "4", "filings_date": "2018-05-02", "url": "https://www.sec.gov/Archives/edgar/data/0001404655/000120919118027343/xslF345X03/doc4.xml"}, {"form_type": "4", "filings_date": "2018-05-01", "url": "https://www.sec.gov/Archives/edgar/data/0001404655/000120919118027139/xslF345X03/doc4.xml"}, {"form_type": "DEFA14A", "filings_date": "2018-04-26", "url": "https://www.sec.gov/Archives/edgar/data/0001404655/000156459018009318/hubs-defa14a_20180606.htm"}, {"form_type": "DEF 14A", "filings_date": "2018-04-26", "url": "https://www.sec.gov/Archives/edgar/data/0001404655/000156459018009308/hubs-def14a_20180606.htm"}, {"form_type": "8-K", "filings_date": "2018-04-25", "url": "https://www.sec.gov/Archives/edgar/data/0001404655/000156459018009049/hubs-8k_20180423.htm"}, {"form_type": "4", "filings_date": "2018-04-17", "url": "https://www.sec.gov/Archives/edgar/data/0001404655/000120919118025228/xslF345X03/doc4.xml"}, {"form_type": "4", "filings_date": "2018-04-17", "url": "https://www.sec.gov/Archives/edgar/data/0001404655/000120919118025227/xslF345X03/doc4.xml"}, {"form_type": "4", "filings_date": "2018-04-04", "url": "https://www.sec.gov/Archives/edgar/data/0001404655/000120919118023721/xslF345X03/doc4.xml"}, {"form_type": "4", "filings_date": "2018-04-04", "url": "https://www.sec.gov/Archives/edgar/data/0001404655/000120919118023717/xslF345X03/doc4.xml"}, {"form_type": "4", "filings_date": "2018-04-04", "url": "https://www.sec.gov/Archives/edgar/data/0001404655/000120919118023715/xslF345X03/doc4.xml"}, {"form_type": "4", "filings_date": "2018-04-04", "url": "https://www.sec.gov/Archives/edgar/data/0001404655/000120919118023711/xslF345X03/doc4.xml"}, {"form_type": "4", "filings_date": "2018-04-04", "url": "https://www.sec.gov/Archives/edgar/data/0001404655/000120919118023708/xslF345X03/doc4.xml"}, {"form_type": "4", "filings_date": "2018-04-04", "url": "https://www.sec.gov/Archives/edgar/data/0001404655/000120919118023706/xslF345X03/doc4.xml"}, {"form_type": "4", "filings_date": "2018-03-27", "url": "https://www.sec.gov/Archives/edgar/data/0001404655/000120919118021740/xslF345X03/doc4.xml"}, {"form_type": "4", "filings_date": "2018-03-22", "url": "https://www.sec.gov/Archives/edgar/data/0001404655/000120919118021270/xslF345X03/doc4.xml"}, {"form_type": "4", "filings_date": "2018-03-22", "url": "https://www.sec.gov/Archives/edgar/data/0001404655/000120919118021269/xslF345X03/doc4.xml"}, {"form_type": "4", "filings_date": "2018-03-05", "url": "https://www.sec.gov/Archives/edgar/data/0001404655/000120919118016563/xslF345X03/doc4.xml"}, {"form_type": "4", "filings_date": "2018-03-05", "url": "https://www.sec.gov/Archives/edgar/data/0001404655/000120919118016559/xslF345X03/doc4.xml"}, {"form_type": "4", "filings_date": "2018-03-05", "url": "https://www.sec.gov/Archives/edgar/data/0001404655/000120919118016555/xslF345X03/doc4.xml"}, {"form_type": "4", "filings_date": "2018-03-05", "url": "https://www.sec.gov/Archives/edgar/data/0001404655/000120919118016550/xslF345X03/doc4.xml"}, {"form_type": "4", "filings_date": "2018-03-05", "url": "https://www.sec.gov/Archives/edgar/data/0001404655/000120919118016548/xslF345X03/doc4.xml"}, {"form_type": "4", "filings_date": "2018-03-05", "url": "https://www.sec.gov/Archives/edgar/data/0001404655/000120919118016545/xslF345X03/doc4.xml"}, {"form_type": "4", "filings_date": "2018-02-16", "url": "https://www.sec.gov/Archives/edgar/data/0001404655/000120919118010848/xslF345X03/doc4.xml"}, {"form_type": "4", "filings_date": "2018-02-16", "url": "https://www.sec.gov/Archives/edgar/data/0001404655/000120919118010845/xslF345X03/doc4.xml"}, {"form_type": "4", "filings_date": "2018-02-16", "url": "https://www.sec.gov/Archives/edgar/data/0001404655/000120919118010843/xslF345X03/doc4.xml"}, {"form_type": "S-8", "filings_date": "2018-02-13", "url": "https://www.sec.gov/Archives/edgar/data/0001404655/000119312518042876/d441891ds8.htm"}, {"form_type": "10-K", "filings_date": "2018-02-13", "url": "https://www.sec.gov/Archives/edgar/data/0001404655/000156459018001962/hubs-10k_20171231.htm"}, {"form_type": "8-K", "filings_date": "2018-02-13", "url": "https://www.sec.gov/Archives/edgar/data/0001404655/000119312518042559/d539555d8k.htm"}, {"form_type": "SC 13G/A", "filings_date": "2018-02-13", "url": "https://www.sec.gov/Archives/edgar/data/0001404655/000031506618001345/filing.txt"}, {"form_type": "SC 13G/A", "filings_date": "2018-02-09", "url": "https://www.sec.gov/Archives/edgar/data/0001404655/000119312518037994/d537305dsc13ga.htm"}, {"form_type": "SC 13G/A", "filings_date": "2018-02-09", "url": "https://www.sec.gov/Archives/edgar/data/0001404655/000093247118003389/hubspotinc.htm"}, {"form_type": "SC 13G/A", "filings_date": "2018-02-08", "url": "https://www.sec.gov/Archives/edgar/data/0001404655/000090221918000313/SEC13G_Filing.htm"}, {"form_type": "SC 13G", "filings_date": "2018-02-07", "url": "https://www.sec.gov/Archives/edgar/data/0001404655/000139077718000015/HubSpot_13G_Filing.txt"}, {"form_type": "4", "filings_date": "2018-02-05", "url": "https://www.sec.gov/Archives/edgar/data/0001404655/000120919118007435/xslF345X03/doc4.xml"}, {"form_type": "4", "filings_date": "2018-02-05", "url": "https://www.sec.gov/Archives/edgar/data/0001404655/000120919118007422/xslF345X03/doc4.xml"}, {"form_type": "4", "filings_date": "2018-02-05", "url": "https://www.sec.gov/Archives/edgar/data/0001404655/000120919118007420/xslF345X03/doc4.xml"}, {"form_type": "4", "filings_date": "2018-02-05", "url": "https://www.sec.gov/Archives/edgar/data/0001404655/000120919118007417/xslF345X03/doc4.xml"}, {"form_type": "4", "filings_date": "2018-02-05", "url": "https://www.sec.gov/Archives/edgar/data/0001404655/000120919118007413/xslF345X03/doc4.xml"}, {"form_type": "4", "filings_date": "2018-02-05", "url": "https://www.sec.gov/Archives/edgar/data/0001404655/000120919118007411/xslF345X03/doc4.xml"}, {"form_type": "SC 13G/A", "filings_date": "2018-01-25", "url": "https://www.sec.gov/Archives/edgar/data/0001404655/000021545718003098/us4435731009_012418.txt"}, {"form_type": "4", "filings_date": "2018-01-04", "url": "https://www.sec.gov/Archives/edgar/data/0001404655/000120919118001900/xslF345X03/doc4.xml"}, {"form_type": "4", "filings_date": "2018-01-04", "url": "https://www.sec.gov/Archives/edgar/data/0001404655/000120919118001896/xslF345X03/doc4.xml"}, {"form_type": "4", "filings_date": "2018-01-04", "url": "https://www.sec.gov/Archives/edgar/data/0001404655/000120919118001893/xslF345X03/doc4.xml"}, {"form_type": "4", "filings_date": "2018-01-04", "url": "https://www.sec.gov/Archives/edgar/data/0001404655/000120919118001890/xslF345X03/doc4.xml"}, {"form_type": "4", "filings_date": "2018-01-04", "url": "https://www.sec.gov/Archives/edgar/data/0001404655/000120919118001884/xslF345X03/doc4.xml"}, {"form_type": "4", "filings_date": "2018-01-04", "url": "https://www.sec.gov/Archives/edgar/data/0001404655/000120919118001879/xslF345X03/doc4.xml"}, {"form_type": "4", "filings_date": "2018-01-02", "url": "https://www.sec.gov/Archives/edgar/data/0001404655/000120919118000178/xslF345X03/doc4.xml"}, {"form_type": "4", "filings_date": "2017-12-26", "url": "https://www.sec.gov/Archives/edgar/data/0001404655/000120919117067209/xslF345X03/doc4.xml"}, {"form_type": "4", "filings_date": "2017-12-19", "url": "https://www.sec.gov/Archives/edgar/data/0001404655/000120919117066317/xslF345X03/doc4.xml"}, {"form_type": "4", "filings_date": "2017-12-05", "url": "https://www.sec.gov/Archives/edgar/data/0001404655/000120919117063931/xslF345X03/doc4.xml"}, {"form_type": "4", "filings_date": "2017-12-05", "url": "https://www.sec.gov/Archives/edgar/data/0001404655/000120919117063930/xslF345X03/doc4.xml"}, {"form_type": "4", "filings_date": "2017-12-05", "url": "https://www.sec.gov/Archives/edgar/data/0001404655/000120919117063928/xslF345X03/doc4.xml"}, {"form_type": "4", "filings_date": "2017-12-05", "url": "https://www.sec.gov/Archives/edgar/data/0001404655/000120919117063923/xslF345X03/doc4.xml"}, {"form_type": "4", "filings_date": "2017-12-05", "url": "https://www.sec.gov/Archives/edgar/data/0001404655/000120919117063922/xslF345X03/doc4.xml"}, {"form_type": "4", "filings_date": "2017-12-05", "url": "https://www.sec.gov/Archives/edgar/data/0001404655/000120919117063921/xslF345X03/doc4.xml"}, {"form_type": "4", "filings_date": "2017-11-13", "url": "https://www.sec.gov/Archives/edgar/data/0001404655/000120919117060270/xslF345X03/doc4.xml"}, {"form_type": "4", "filings_date": "2017-11-08", "url": "https://www.sec.gov/Archives/edgar/data/0001404655/000120919117059747/xslF345X03/doc4.xml"}, {"form_type": "4", "filings_date": "2017-11-08", "url": "https://www.sec.gov/Archives/edgar/data/0001404655/000120919117059745/xslF345X03/doc4.xml"}, {"form_type": "4", "filings_date": "2017-11-03", "url": "https://www.sec.gov/Archives/edgar/data/0001404655/000120919117059179/xslF345X03/doc4.xml"}, {"form_type": "4", "filings_date": "2017-11-03", "url": "https://www.sec.gov/Archives/edgar/data/0001404655/000120919117059177/xslF345X03/doc4.xml"}, {"form_type": "4", "filings_date": "2017-11-03", "url": "https://www.sec.gov/Archives/edgar/data/0001404655/000120919117059176/xslF345X03/doc4.xml"}, {"form_type": "4", "filings_date": "2017-11-03", "url": "https://www.sec.gov/Archives/edgar/data/0001404655/000120919117059175/xslF345X03/doc4.xml"}, {"form_type": "4", "filings_date": "2017-11-03", "url": "https://www.sec.gov/Archives/edgar/data/0001404655/000120919117059174/xslF345X03/doc4.xml"}, {"form_type": "4", "filings_date": "2017-11-03", "url": "https://www.sec.gov/Archives/edgar/data/0001404655/000120919117059173/xslF345X03/doc4.xml"}, {"form_type": "10-Q", "filings_date": "2017-11-01", "url": "https://www.sec.gov/Archives/edgar/data/0001404655/000156459017020828/hubs-10q_20170930.htm"}, {"form_type": "8-K", "filings_date": "2017-11-01", "url": "https://www.sec.gov/Archives/edgar/data/0001404655/000119312517329431/d487318d8k.htm"}, {"form_type": "4", "filings_date": "2017-10-18", "url": "https://www.sec.gov/Archives/edgar/data/0001404655/000120919117057298/xslF345X03/doc4.xml"}, {"form_type": "3", "filings_date": "2017-10-18", "url": "https://www.sec.gov/Archives/edgar/data/0001404655/000120919117057294/xslF345X02/doc3.xml"}, {"form_type": "8-K", "filings_date": "2017-10-17", "url": "https://www.sec.gov/Archives/edgar/data/0001404655/000119312517311796/d458533d8k.htm"}, {"form_type": "4", "filings_date": "2017-10-06", "url": "https://www.sec.gov/Archives/edgar/data/0001404655/000120919117056299/xslF345X03/doc4.xml"}, {"form_type": "4", "filings_date": "2017-10-04", "url": "https://www.sec.gov/Archives/edgar/data/0001404655/000120919117055837/xslF345X03/doc4.xml"}, {"form_type": "4", "filings_date": "2017-10-04", "url": "https://www.sec.gov/Archives/edgar/data/0001404655/000120919117055836/xslF345X03/doc4.xml"}, {"form_type": "4", "filings_date": "2017-10-04", "url": "https://www.sec.gov/Archives/edgar/data/0001404655/000120919117055834/xslF345X03/doc4.xml"}, {"form_type": "4", "filings_date": "2017-10-04", "url": "https://www.sec.gov/Archives/edgar/data/0001404655/000120919117055832/xslF345X03/doc4.xml"}, {"form_type": "4", "filings_date": "2017-10-04", "url": "https://www.sec.gov/Archives/edgar/data/0001404655/000120919117055829/xslF345X03/doc4.xml"}, {"form_type": "4", "filings_date": "2017-10-04", "url": "https://www.sec.gov/Archives/edgar/data/0001404655/000120919117055825/xslF345X03/doc4.xml"}, {"form_type": "4", "filings_date": "2017-09-29", "url": "https://www.sec.gov/Archives/edgar/data/0001404655/000120919117054421/xslF345X03/doc4.xml"}, {"form_type": "8-K", "filings_date": "2017-09-27", "url": "https://www.sec.gov/Archives/edgar/data/0001404655/000119312517294946/d396400d8k.htm"}, {"form_type": "4", "filings_date": "2017-09-25", "url": "https://www.sec.gov/Archives/edgar/data/0001404655/000120919117053824/xslF345X03/doc4.xml"}, {"form_type": "4", "filings_date": "2017-09-06", "url": "https://www.sec.gov/Archives/edgar/data/0001404655/000120919117051612/xslF345X03/doc4.xml"}, {"form_type": "4", "filings_date": "2017-09-06", "url": "https://www.sec.gov/Archives/edgar/data/0001404655/000120919117051611/xslF345X03/doc4.xml"}, {"form_type": "4", "filings_date": "2017-09-06", "url": "https://www.sec.gov/Archives/edgar/data/0001404655/000120919117051610/xslF345X03/doc4.xml"}, {"form_type": "4", "filings_date": "2017-09-06", "url": "https://www.sec.gov/Archives/edgar/data/0001404655/000120919117051609/xslF345X03/doc4.xml"}, {"form_type": "4", "filings_date": "2017-09-06", "url": "https://www.sec.gov/Archives/edgar/data/0001404655/000120919117051608/xslF345X03/doc4.xml"}, {"form_type": "4", "filings_date": "2017-09-06", "url": "https://www.sec.gov/Archives/edgar/data/0001404655/000120919117051607/xslF345X03/doc4.xml"}, {"form_type": "4", "filings_date": "2017-08-14", "url": "https://www.sec.gov/Archives/edgar/data/0001404655/000120919117048802/xslF345X03/doc4.xml"}, {"form_type": "4", "filings_date": "2017-08-08", "url": "https://www.sec.gov/Archives/edgar/data/0001404655/000120919117048090/xslF345X03/doc4.xml"}, {"form_type": "4", "filings_date": "2017-08-03", "url": "https://www.sec.gov/Archives/edgar/data/0001404655/000120919117047529/xslF345X03/doc4.xml"}, {"form_type": "4", "filings_date": "2017-08-03", "url": "https://www.sec.gov/Archives/edgar/data/0001404655/000120919117047528/xslF345X03/doc4.xml"}, {"form_type": "4", "filings_date": "2017-08-03", "url": "https://www.sec.gov/Archives/edgar/data/0001404655/000120919117047527/xslF345X03/doc4.xml"}, {"form_type": "4", "filings_date": "2017-08-03", "url": "https://www.sec.gov/Archives/edgar/data/0001404655/000120919117047526/xslF345X03/doc4.xml"}, {"form_type": "4", "filings_date": "2017-08-03", "url": "https://www.sec.gov/Archives/edgar/data/0001404655/000120919117047525/xslF345X03/doc4.xml"}, {"form_type": "4", "filings_date": "2017-08-03", "url": "https://www.sec.gov/Archives/edgar/data/0001404655/000120919117047524/xslF345X03/doc4.xml"}, {"form_type": "10-Q", "filings_date": "2017-08-02", "url": "https://www.sec.gov/Archives/edgar/data/0001404655/000156459017014974/hubs-10q_20170630.htm"}, {"form_type": "8-K", "filings_date": "2017-08-02", "url": "https://www.sec.gov/Archives/edgar/data/0001404655/000119312517245813/d401507d8k.htm"}, {"form_type": "4", "filings_date": "2017-07-06", "url": "https://www.sec.gov/Archives/edgar/data/0001404655/000120919117044258/xslF345X03/doc4.xml"}, {"form_type": "4", "filings_date": "2017-07-06", "url": "https://www.sec.gov/Archives/edgar/data/0001404655/000120919117044257/xslF345X03/doc4.xml"}, {"form_type": "4", "filings_date": "2017-07-06", "url": "https://www.sec.gov/Archives/edgar/data/0001404655/000120919117044256/xslF345X03/doc4.xml"}, {"form_type": "4", "filings_date": "2017-07-06", "url": "https://www.sec.gov/Archives/edgar/data/0001404655/000120919117044255/xslF345X03/doc4.xml"}, {"form_type": "4", "filings_date": "2017-07-06", "url": "https://www.sec.gov/Archives/edgar/data/0001404655/000120919117044254/xslF345X03/doc4.xml"}, {"form_type": "4", "filings_date": "2017-07-06", "url": "https://www.sec.gov/Archives/edgar/data/0001404655/000120919117044253/xslF345X03/doc4.xml"}, {"form_type": "4", "filings_date": "2017-07-03", "url": "https://www.sec.gov/Archives/edgar/data/0001404655/000120919117042892/xslF345X03/doc4.xml"}, {"form_type": "4", "filings_date": "2017-06-16", "url": "https://www.sec.gov/Archives/edgar/data/0001404655/000120919117040637/xslF345X03/doc4.xml"}, {"form_type": "8-K", "filings_date": "2017-06-13", "url": "https://www.sec.gov/Archives/edgar/data/0001404655/000119312517202453/d382661d8k.htm"}, {"form_type": "4", "filings_date": "2017-06-09", "url": "https://www.sec.gov/Archives/edgar/data/0001404655/000120919117038947/xslF345X03/doc4.xml"}, {"form_type": "4", "filings_date": "2017-06-09", "url": "https://www.sec.gov/Archives/edgar/data/0001404655/000120919117038946/xslF345X03/doc4.xml"}, {"form_type": "4", "filings_date": "2017-06-09", "url": "https://www.sec.gov/Archives/edgar/data/0001404655/000120919117038944/xslF345X03/doc4.xml"}, {"form_type": "4", "filings_date": "2017-06-09", "url": "https://www.sec.gov/Archives/edgar/data/0001404655/000120919117038943/xslF345X03/doc4.xml"}, {"form_type": "4", "filings_date": "2017-06-09", "url": "https://www.sec.gov/Archives/edgar/data/0001404655/000120919117038941/xslF345X03/doc4.xml"}, {"form_type": "4", "filings_date": "2017-06-09", "url": "https://www.sec.gov/Archives/edgar/data/0001404655/000120919117038939/xslF345X03/doc4.xml"}, {"form_type": "4", "filings_date": "2017-06-06", "url": "https://www.sec.gov/Archives/edgar/data/0001404655/000120919117038098/xslF345X03/doc4.xml"}, {"form_type": "4", "filings_date": "2017-06-05", "url": "https://www.sec.gov/Archives/edgar/data/0001404655/000120919117037676/xslF345X03/doc4.xml"}, {"form_type": "4", "filings_date": "2017-06-05", "url": "https://www.sec.gov/Archives/edgar/data/0001404655/000120919117037675/xslF345X03/doc4.xml"}, {"form_type": "4", "filings_date": "2017-06-05", "url": "https://www.sec.gov/Archives/edgar/data/0001404655/000120919117037673/xslF345X03/doc4.xml"}, {"form_type": "4", "filings_date": "2017-06-05", "url": "https://www.sec.gov/Archives/edgar/data/0001404655/000120919117037672/xslF345X03/doc4.xml"}, {"form_type": "4", "filings_date": "2017-06-05", "url": "https://www.sec.gov/Archives/edgar/data/0001404655/000120919117037671/xslF345X03/doc4.xml"}, {"form_type": "4", "filings_date": "2017-06-05", "url": "https://www.sec.gov/Archives/edgar/data/0001404655/000120919117037669/xslF345X03/doc4.xml"}, {"form_type": "4", "filings_date": "2017-05-16", "url": "https://www.sec.gov/Archives/edgar/data/0001404655/000120919117032770/xslF345X03/doc4.xml"}, {"form_type": "4", "filings_date": "2017-05-15", "url": "https://www.sec.gov/Archives/edgar/data/0001404655/000120919117032333/xslF345X03/doc4.xml"}, {"form_type": "8-K", "filings_date": "2017-05-10", "url": "https://www.sec.gov/Archives/edgar/data/0001404655/000119312517165870/d383013d8k.htm"}, {"form_type": "4", "filings_date": "2017-05-08", "url": "https://www.sec.gov/Archives/edgar/data/0001404655/000120919117030584/xslF345X03/doc4.xml"}, {"form_type": "8-K", "filings_date": "2017-05-05", "url": "https://www.sec.gov/Archives/edgar/data/0001404655/000119312517159815/d360322d8k.htm"}, {"form_type": "4", "filings_date": "2017-05-04", "url": "https://www.sec.gov/Archives/edgar/data/0001404655/000120919117030092/xslF345X03/doc4.xml"}, {"form_type": "4", "filings_date": "2017-05-04", "url": "https://www.sec.gov/Archives/edgar/data/0001404655/000120919117030090/xslF345X03/doc4.xml"}, {"form_type": "4", "filings_date": "2017-05-02", "url": "https://www.sec.gov/Archives/edgar/data/0001404655/000120919117029482/xslF345X03/doc4.xml"}, {"form_type": "4", "filings_date": "2017-05-02", "url": "https://www.sec.gov/Archives/edgar/data/0001404655/000120919117029481/xslF345X03/doc4.xml"}, {"form_type": "4", "filings_date": "2017-05-02", "url": "https://www.sec.gov/Archives/edgar/data/0001404655/000120919117029480/xslF345X03/doc4.xml"}, {"form_type": "4", "filings_date": "2017-05-02", "url": "https://www.sec.gov/Archives/edgar/data/0001404655/000120919117029479/xslF345X03/doc4.xml"}, {"form_type": "4", "filings_date": "2017-05-02", "url": "https://www.sec.gov/Archives/edgar/data/0001404655/000120919117029478/xslF345X03/doc4.xml"}, {"form_type": "4", "filings_date": "2017-05-02", "url": "https://www.sec.gov/Archives/edgar/data/0001404655/000120919117029477/xslF345X03/doc4.xml"}, {"form_type": "10-Q", "filings_date": "2017-05-02", "url": "https://www.sec.gov/Archives/edgar/data/0001404655/000156459017008140/hubs-10q_20170331.htm"}, {"form_type": "8-K", "filings_date": "2017-05-02", "url": "https://www.sec.gov/Archives/edgar/data/0001404655/000119312517154015/d386400d8k.htm"}, {"form_type": "4", "filings_date": "2017-04-27", "url": "https://www.sec.gov/Archives/edgar/data/0001404655/000120919117028488/xslF345X03/doc4.xml"}, {"form_type": "DEFA14A", "filings_date": "2017-04-25", "url": "https://www.sec.gov/Archives/edgar/data/0001404655/000156459017007158/hubs-defa14a_20170607.htm"}, {"form_type": "DEF 14A", "filings_date": "2017-04-25", "url": "https://www.sec.gov/Archives/edgar/data/0001404655/000156459017007153/hubs-def14a_20170607.htm"}, {"form_type": "4", "filings_date": "2017-04-05", "url": "https://www.sec.gov/Archives/edgar/data/0001404655/000120919117025665/xslF345X03/doc4.xml"}, {"form_type": "4", "filings_date": "2017-04-05", "url": "https://www.sec.gov/Archives/edgar/data/0001404655/000120919117025663/xslF345X03/doc4.xml"}, {"form_type": "4", "filings_date": "2017-04-05", "url": "https://www.sec.gov/Archives/edgar/data/0001404655/000120919117025662/xslF345X03/doc4.xml"}, {"form_type": "4", "filings_date": "2017-04-05", "url": "https://www.sec.gov/Archives/edgar/data/0001404655/000120919117025659/xslF345X03/doc4.xml"}, {"form_type": "4", "filings_date": "2017-04-05", "url": "https://www.sec.gov/Archives/edgar/data/0001404655/000120919117025658/xslF345X03/doc4.xml"}, {"form_type": "4", "filings_date": "2017-04-05", "url": "https://www.sec.gov/Archives/edgar/data/0001404655/000120919117025656/xslF345X03/doc4.xml"}, {"form_type": "4", "filings_date": "2017-03-24", "url": "https://www.sec.gov/Archives/edgar/data/0001404655/000120919117022757/xslF345X03/doc4.xml"}, {"form_type": "4", "filings_date": "2017-03-22", "url": "https://www.sec.gov/Archives/edgar/data/0001404655/000120919117022358/xslF345X03/doc4.xml"}, {"form_type": "4", "filings_date": "2017-03-17", "url": "https://www.sec.gov/Archives/edgar/data/0001404655/000120919117021351/xslF345X03/doc4.xml"}, {"form_type": "4", "filings_date": "2017-03-15", "url": "https://www.sec.gov/Archives/edgar/data/0001404655/000120919117020767/xslF345X03/doc4.xml"}, {"form_type": "SC 13G/A", "filings_date": "2017-03-10", "url": "https://www.sec.gov/Archives/edgar/data/0001404655/000090221917000509/SEC13G_Filing.htm"}, {"form_type": "SC 13G/A", "filings_date": "2017-03-10", "url": "https://www.sec.gov/Archives/edgar/data/0001404655/000090221917000513/SEC13G_Filing.htm"}, {"form_type": "4", "filings_date": "2017-03-07", "url": "https://www.sec.gov/Archives/edgar/data/0001404655/000120919117018747/xslF345X03/doc4.xml"}, {"form_type": "4", "filings_date": "2017-03-03", "url": "https://www.sec.gov/Archives/edgar/data/0001404655/000120919117017431/xslF345X03/doc4.xml"}, {"form_type": "4", "filings_date": "2017-03-03", "url": "https://www.sec.gov/Archives/edgar/data/0001404655/000120919117017425/xslF345X03/doc4.xml"}, {"form_type": "4", "filings_date": "2017-03-03", "url": "https://www.sec.gov/Archives/edgar/data/0001404655/000120919117017420/xslF345X03/doc4.xml"}, {"form_type": "4", "filings_date": "2017-03-03", "url": "https://www.sec.gov/Archives/edgar/data/0001404655/000120919117017415/xslF345X03/doc4.xml"}, {"form_type": "4", "filings_date": "2017-03-02", "url": "https://www.sec.gov/Archives/edgar/data/0001404655/000120919117016787/xslF345X03/doc4.xml"}, {"form_type": "4", "filings_date": "2017-03-02", "url": "https://www.sec.gov/Archives/edgar/data/0001404655/000120919117016785/xslF345X03/doc4.xml"}, {"form_type": "4", "filings_date": "2017-03-02", "url": "https://www.sec.gov/Archives/edgar/data/0001404655/000120919117016781/xslF345X03/doc4.xml"}, {"form_type": "4", "filings_date": "2017-03-02", "url": "https://www.sec.gov/Archives/edgar/data/0001404655/000120919117016779/xslF345X03/doc4.xml"}, {"form_type": "4", "filings_date": "2017-02-27", "url": "https://www.sec.gov/Archives/edgar/data/0001404655/000120919117014723/xslF345X03/doc4.xml"}, {"form_type": "4", "filings_date": "2017-02-23", "url": "https://www.sec.gov/Archives/edgar/data/0001404655/000120919117013838/xslF345X03/doc4.xml"}, {"form_type": "4", "filings_date": "2017-02-21", "url": "https://www.sec.gov/Archives/edgar/data/0001404655/000120919117012735/xslF345X03/doc4.xml"}, {"form_type": "4", "filings_date": "2017-02-17", "url": "https://www.sec.gov/Archives/edgar/data/0001404655/000120919117012311/xslF345X03/doc4.xml"}, {"form_type": "4", "filings_date": "2017-02-17", "url": "https://www.sec.gov/Archives/edgar/data/0001404655/000120919117012308/xslF345X03/doc4.xml"}, {"form_type": "S-8", "filings_date": "2017-02-16", "url": "https://www.sec.gov/Archives/edgar/data/0001404655/000119312517046760/d311352ds8.htm"}, {"form_type": "10-K", "filings_date": "2017-02-16", "url": "https://www.sec.gov/Archives/edgar/data/0001404655/000156459017001694/hubs-10k_20161231.htm"}, {"form_type": "8-K", "filings_date": "2017-02-14", "url": "https://www.sec.gov/Archives/edgar/data/0001404655/000119312517043454/d347883d8k.htm"}, {"form_type": "SC 13G/A", "filings_date": "2017-02-14", "url": "https://www.sec.gov/Archives/edgar/data/0001404655/000031506617001721/filing.txt"}, {"form_type": "SC 13G/A", "filings_date": "2017-02-14", "url": "https://www.sec.gov/Archives/edgar/data/0001404655/000114420417008200/v458505_sc13ga.htm"}, {"form_type": "SC 13G/A", "filings_date": "2017-02-13", "url": "https://www.sec.gov/Archives/edgar/data/0001404655/000119312517040490/d343229dsc13ga.htm"}, {"form_type": "SC 13G/A", "filings_date": "2017-02-13", "url": "https://www.sec.gov/Archives/edgar/data/0001404655/000119312517040357/d235990dsc13ga.htm"}, {"form_type": "SC 13G", "filings_date": "2017-02-13", "url": "https://www.sec.gov/Archives/edgar/data/0001404655/000093247117002835/hubspotinc.htm"}, {"form_type": "SC 13G/A", "filings_date": "2017-02-10", "url": "https://www.sec.gov/Archives/edgar/data/0001404655/000153215517000090/SEC13G_Filing.htm"}, {"form_type": "SC 13G/A", "filings_date": "2017-02-09", "url": "https://www.sec.gov/Archives/edgar/data/0001404655/000090221917000204/SEC13G_Filing.htm"}, {"form_type": "4", "filings_date": "2017-02-08", "url": "https://www.sec.gov/Archives/edgar/data/0001404655/000120919117008832/xslF345X03/doc4.xml"}, {"form_type": "4", "filings_date": "2017-02-08", "url": "https://www.sec.gov/Archives/edgar/data/0001404655/000120919117008826/xslF345X03/doc4.xml"}, {"form_type": "4", "filings_date": "2017-02-03", "url": "https://www.sec.gov/Archives/edgar/data/0001404655/000120919117007808/xslF345X03/doc4.xml"}, {"form_type": "4", "filings_date": "2017-02-03", "url": "https://www.sec.gov/Archives/edgar/data/0001404655/000120919117007807/xslF345X03/doc4.xml"}, {"form_type": "4", "filings_date": "2017-02-03", "url": "https://www.sec.gov/Archives/edgar/data/0001404655/000120919117007804/xslF345X03/doc4.xml"}, {"form_type": "4", "filings_date": "2017-02-03", "url": "https://www.sec.gov/Archives/edgar/data/0001404655/000120919117007803/xslF345X03/doc4.xml"}, {"form_type": "4", "filings_date": "2017-02-03", "url": "https://www.sec.gov/Archives/edgar/data/0001404655/000120919117007801/xslF345X03/doc4.xml"}, {"form_type": "4", "filings_date": "2017-02-03", "url": "https://www.sec.gov/Archives/edgar/data/0001404655/000120919117007799/xslF345X03/doc4.xml"}, {"form_type": "SC 13G/A", "filings_date": "2017-02-02", "url": "https://www.sec.gov/Archives/edgar/data/0001404655/000119312517029168/d330598dsc13ga.htm"}, {"form_type": "4", "filings_date": "2017-02-01", "url": "https://www.sec.gov/Archives/edgar/data/0001404655/000120919117006746/xslF345X03/doc4.xml"}, {"form_type": "SC 13G", "filings_date": "2017-01-30", "url": "https://www.sec.gov/Archives/edgar/data/0001404655/000021545717002320/hubspot.inc.txt"}, {"form_type": "4", "filings_date": "2017-01-27", "url": "https://www.sec.gov/Archives/edgar/data/0001404655/000120919117005850/xslF345X03/doc4.xml"}, {"form_type": "3", "filings_date": "2017-01-27", "url": "https://www.sec.gov/Archives/edgar/data/0001404655/000120919117005847/xslF345X02/doc3.xml"}, {"form_type": "8-K", "filings_date": "2017-01-25", "url": "https://www.sec.gov/Archives/edgar/data/0001404655/000119312517018105/d322507d8k.htm"}, {"form_type": "4", "filings_date": "2017-01-05", "url": "https://www.sec.gov/Archives/edgar/data/0001404655/000120919117002313/xslF345X03/doc4.xml"}, {"form_type": "4", "filings_date": "2017-01-05", "url": "https://www.sec.gov/Archives/edgar/data/0001404655/000120919117002310/xslF345X03/doc4.xml"}, {"form_type": "4", "filings_date": "2017-01-05", "url": "https://www.sec.gov/Archives/edgar/data/0001404655/000120919117002309/xslF345X03/doc4.xml"}, {"form_type": "4", "filings_date": "2017-01-05", "url": "https://www.sec.gov/Archives/edgar/data/0001404655/000120919117002308/xslF345X03/doc4.xml"}, {"form_type": "4", "filings_date": "2017-01-05", "url": "https://www.sec.gov/Archives/edgar/data/0001404655/000120919117002307/xslF345X03/doc4.xml"}, {"form_type": "4", "filings_date": "2017-01-05", "url": "https://www.sec.gov/Archives/edgar/data/0001404655/000120919117002306/xslF345X03/doc4.xml"}]}