{"company": {"cik": "0000941685", "name": "IMAGEWARE SYSTEMS INC", "sic": "Services-Prepackaged Software", "state_incorp": "DE", "ticker": "IWSY", "mailing_addr": "11440 W. BERNARDO COURT, SAN DIEGO, CA, 92127", "category": "Non-accelerated filer<br>Smaller reporting company", "fiscal_year_end": "31, December"}, "filings": [{"form_type": "SC 13D/A", "filings_date": "2022-01-06", "url": "https://www.sec.gov/Archives/edgar/data/0000941685/000110465922001930/tm222130d1_sc13da.htm"}, {"form_type": "8-K", "filings_date": "2022-01-04", "url": "https://www.sec.gov/Archives/edgar/data/0000941685/000143774922000307/iwsy20220103_8k.htm"}, {"form_type": "4", "filings_date": "2021-12-27", "url": "https://www.sec.gov/Archives/edgar/data/0000941685/000141588921006223/xslF345X03/form4-12272021_121233.xml"}, {"form_type": "4", "filings_date": "2021-11-19", "url": "https://www.sec.gov/Archives/edgar/data/0000941685/000141588921005327/xslF345X03/form4-11192021_031127.xml"}, {"form_type": "4", "filings_date": "2021-11-19", "url": "https://www.sec.gov/Archives/edgar/data/0000941685/000141588921005326/xslF345X03/form4-11192021_031159.xml"}, {"form_type": "4", "filings_date": "2021-11-19", "url": "https://www.sec.gov/Archives/edgar/data/0000941685/000141588921005325/xslF345X03/form4-11192021_031136.xml"}, {"form_type": "10-Q", "filings_date": "2021-11-15", "url": "https://www.sec.gov/Archives/edgar/data/0000941685/000143774921026754/iwsy20210930_10q.htm"}, {"form_type": "8-K", "filings_date": "2021-10-18", "url": "https://www.sec.gov/Archives/edgar/data/0000941685/000143774921023819/iwsy20211018b_8k.htm"}, {"form_type": "SC 13D", "filings_date": "2021-10-07", "url": "https://www.sec.gov/Archives/edgar/data/0000941685/000110465921124156/tm2129526d1_sc13d.htm"}, {"form_type": "8-K", "filings_date": "2021-10-05", "url": "https://www.sec.gov/Archives/edgar/data/0000941685/000165495421010785/iwsy_8k.htm"}, {"form_type": "4", "filings_date": "2021-09-22", "url": "https://www.sec.gov/Archives/edgar/data/0000941685/000141588921004533/xslF345X03/form4-09222021_050955.xml"}, {"form_type": "8-K", "filings_date": "2021-09-10", "url": "https://www.sec.gov/Archives/edgar/data/0000941685/000165495421009942/iwsy_8k.htm"}, {"form_type": "10-Q", "filings_date": "2021-08-23", "url": "https://www.sec.gov/Archives/edgar/data/0000941685/000165495421009368/iwsy_10q.htm"}, {"form_type": "NT 10-Q", "filings_date": "2021-08-16", "url": "https://www.sec.gov/Archives/edgar/data/0000941685/000141588921003930/form12b25-08162021_110800.htm"}, {"form_type": "EFFECT", "filings_date": "2021-07-23", "url": "https://www.sec.gov/Archives/edgar/data/0000941685/999999999521002898/xslEFFECTX01/primary_doc.xml"}, {"form_type": "424B3", "filings_date": "2021-07-23", "url": "https://www.sec.gov/Archives/edgar/data/0000941685/000165495421008174/iwsy424b3.htm"}, {"form_type": "CORRESP", "filings_date": "2021-07-22", "url": "https://www.sec.gov/Archives/edgar/data/0000941685/000165495421008138/filename1.htm"}, {"form_type": "S-1/A", "filings_date": "2021-07-14", "url": "https://www.sec.gov/Archives/edgar/data/0000941685/000165495421007873/iwsys1a.htm"}, {"form_type": "CORRESP", "filings_date": "2021-07-13", "url": "https://www.sec.gov/Archives/edgar/data/0000941685/000165495421007870/filename1.htm"}, {"form_type": "UPLOAD", "filings_date": "2021-06-25", "url": "https://www.sec.gov/Archives/edgar/data/0000941685/000000000021007857/filename1.pdf"}, {"form_type": "8-K", "filings_date": "2021-06-25", "url": "https://www.sec.gov/Archives/edgar/data/0000941685/000165495421007264/iwsy8k.htm"}, {"form_type": "S-1", "filings_date": "2021-06-16", "url": "https://www.sec.gov/Archives/edgar/data/0000941685/000165495421006938/iwsys1.htm"}, {"form_type": "SC 13D/A", "filings_date": "2021-06-10", "url": "https://www.sec.gov/Archives/edgar/data/0000941685/000110465921079401/tm2119406d1_sc13da.htm"}, {"form_type": "S-8", "filings_date": "2021-06-09", "url": "https://www.sec.gov/Archives/edgar/data/0000941685/000165495421006692/iwsys8_june2021.htm"}, {"form_type": "8-K", "filings_date": "2021-06-08", "url": "https://www.sec.gov/Archives/edgar/data/0000941685/000165495421006679/iwsy8k.htm"}, {"form_type": "8-K", "filings_date": "2021-06-04", "url": "https://www.sec.gov/Archives/edgar/data/0000941685/000165495421006614/iwsy8k.htm"}, {"form_type": "8-K", "filings_date": "2021-05-21", "url": "https://www.sec.gov/Archives/edgar/data/0000941685/000165495421006109/iwsy8k_may172021.htm"}, {"form_type": "10-Q", "filings_date": "2021-05-20", "url": "https://www.sec.gov/Archives/edgar/data/0000941685/000165495421006074/iwsy10q_mar312021.htm"}, {"form_type": "NT 10-Q", "filings_date": "2021-05-17", "url": "https://www.sec.gov/Archives/edgar/data/0000941685/000141588921002513/form12b25-05172021_050502.htm"}, {"form_type": "8-K", "filings_date": "2021-05-17", "url": "https://www.sec.gov/Archives/edgar/data/0000941685/000165495421005728/iwsy8k_may142021.htm"}, {"form_type": "4", "filings_date": "2021-05-14", "url": "https://www.sec.gov/Archives/edgar/data/0000941685/000141588921002488/xslF345X03/form4-05142021_030529.xml"}, {"form_type": "3", "filings_date": "2021-05-07", "url": "https://www.sec.gov/Archives/edgar/data/0000941685/000141588921002381/xslF345X02/form3-05072021_050517.xml"}, {"form_type": "8-K", "filings_date": "2021-04-26", "url": "https://www.sec.gov/Archives/edgar/data/0000941685/000165495421004640/iwsy8k_apr212021.htm"}, {"form_type": "4", "filings_date": "2021-04-26", "url": "https://www.sec.gov/Archives/edgar/data/0000941685/000141588921002076/xslF345X03/form4-04262021_060444.xml"}, {"form_type": "4", "filings_date": "2021-04-21", "url": "https://www.sec.gov/Archives/edgar/data/0000941685/000141588921002047/xslF345X03/form4-04212021_110402.xml"}, {"form_type": "4", "filings_date": "2021-04-21", "url": "https://www.sec.gov/Archives/edgar/data/0000941685/000141588921002045/xslF345X03/form4-04212021_100405.xml"}, {"form_type": "4", "filings_date": "2021-04-21", "url": "https://www.sec.gov/Archives/edgar/data/0000941685/000141588921002044/xslF345X03/form4-04212021_100406.xml"}, {"form_type": "SC 13D/A", "filings_date": "2021-04-12", "url": "https://www.sec.gov/Archives/edgar/data/0000941685/000110465921049352/tm2112760d2_sc13da.htm"}, {"form_type": "10-K", "filings_date": "2021-04-05", "url": "https://www.sec.gov/Archives/edgar/data/0000941685/000165495421003840/iwsy10k_12312020.htm"}, {"form_type": "NT 10-K", "filings_date": "2021-04-01", "url": "https://www.sec.gov/Archives/edgar/data/0000941685/000141588921001717/form12b25-03312021_030338.htm"}, {"form_type": "DEF 14C", "filings_date": "2021-03-31", "url": "https://www.sec.gov/Archives/edgar/data/0000941685/000165495421003638/iwsydef14c_mar2021.htm"}, {"form_type": "8-K", "filings_date": "2021-03-26", "url": "https://www.sec.gov/Archives/edgar/data/0000941685/000165495421003356/iwsy8k_03252021.htm"}, {"form_type": "PRE 14C", "filings_date": "2021-03-16", "url": "https://www.sec.gov/Archives/edgar/data/0000941685/000165495421002831/iwsypre14c_mar2021.htm"}, {"form_type": "SC 13D/A", "filings_date": "2021-03-08", "url": "https://www.sec.gov/Archives/edgar/data/0000941685/000110465921033237/tm219042d1_sc13da.htm"}, {"form_type": "8-K", "filings_date": "2021-02-26", "url": "https://www.sec.gov/Archives/edgar/data/0000941685/000165495421002131/iwsy8k_feb242021.htm"}, {"form_type": "424B3", "filings_date": "2021-02-18", "url": "https://www.sec.gov/Archives/edgar/data/0000941685/000165495421001829/iwsys424b3.htm"}, {"form_type": "3", "filings_date": "2021-02-16", "url": "https://www.sec.gov/Archives/edgar/data/0000941685/000141588921000698/xslF345X02/form3-02162021_100204.xml"}, {"form_type": "EFFECT", "filings_date": "2021-02-12", "url": "https://www.sec.gov/Archives/edgar/data/0000941685/999999999521000634/xslEFFECTX01/primary_doc.xml"}, {"form_type": "CORRESP", "filings_date": "2021-02-12", "url": "https://www.sec.gov/Archives/edgar/data/0000941685/000165495421001578/filename1.htm"}, {"form_type": "S-1/A", "filings_date": "2021-02-08", "url": "https://www.sec.gov/Archives/edgar/data/0000941685/000165495421001317/iwsys1a.htm"}, {"form_type": "CORRESP", "filings_date": "2021-02-08", "url": "https://www.sec.gov/Archives/edgar/data/0000941685/000165495421001316/filename1.htm"}, {"form_type": "UPLOAD", "filings_date": "2021-01-12", "url": "https://www.sec.gov/Archives/edgar/data/0000941685/000000000021000408/filename1.pdf"}, {"form_type": "8-K", "filings_date": "2021-01-08", "url": "https://www.sec.gov/Archives/edgar/data/0000941685/000165495421000280/iwsy8k_jan2021.htm"}, {"form_type": "S-8", "filings_date": "2021-01-06", "url": "https://www.sec.gov/Archives/edgar/data/0000941685/000165495421000196/iwsy_s8d12312020.htm"}, {"form_type": "8-K", "filings_date": "2020-12-31", "url": "https://www.sec.gov/Archives/edgar/data/0000941685/000165495420014050/iwsy8k.htm"}, {"form_type": "8-K", "filings_date": "2020-12-30", "url": "https://www.sec.gov/Archives/edgar/data/0000941685/000141588920003053/form8k-12292020_061241.htm"}, {"form_type": "S-1", "filings_date": "2020-12-22", "url": "https://www.sec.gov/Archives/edgar/data/0000941685/000165495420013809/iwsys1_dec2020.htm"}, {"form_type": "D", "filings_date": "2020-12-01", "url": "https://www.sec.gov/Archives/edgar/data/0000941685/000141588920002727/xslFormDX01/primary_doc.xml"}, {"form_type": "8-K", "filings_date": "2020-11-27", "url": "https://www.sec.gov/Archives/edgar/data/0000941685/000141588920002720/form8k-11252020_041151.htm"}, {"form_type": "10-Q", "filings_date": "2020-11-23", "url": "https://www.sec.gov/Archives/edgar/data/0000941685/000165495420012837/iwsy10q_sep302020.htm"}, {"form_type": "3", "filings_date": "2020-11-19", "url": "https://www.sec.gov/Archives/edgar/data/0000941685/000110465920127323/xslF345X02/tm2036475d2_form-3.xml"}, {"form_type": "SC 13D/A", "filings_date": "2020-11-19", "url": "https://www.sec.gov/Archives/edgar/data/0000941685/000110465920127321/tm2036475d1_sc13da.htm"}, {"form_type": "8-K", "filings_date": "2020-11-18", "url": "https://www.sec.gov/Archives/edgar/data/0000941685/000165495420012674/iwsy8knov122020.htm"}, {"form_type": "4", "filings_date": "2020-11-16", "url": "https://www.sec.gov/Archives/edgar/data/0000941685/000110465920126032/xslF345X03/tm2036202d1_4.xml"}, {"form_type": "3", "filings_date": "2020-11-16", "url": "https://www.sec.gov/Archives/edgar/data/0000941685/000141588920002644/xslF345X02/form3-11162020_021123.xml"}, {"form_type": "3", "filings_date": "2020-11-16", "url": "https://www.sec.gov/Archives/edgar/data/0000941685/000141588920002643/xslF345X02/form3-11162020_021128.xml"}, {"form_type": "NT 10-Q", "filings_date": "2020-11-13", "url": "https://www.sec.gov/Archives/edgar/data/0000941685/000141588920002609/form12b25-11132020_041101.htm"}, {"form_type": "SC 14F1/A", "filings_date": "2020-10-28", "url": "https://www.sec.gov/Archives/edgar/data/0000941685/000165495420011501/iwsy_sc14f1a.htm"}, {"form_type": "SC 14F1", "filings_date": "2020-10-27", "url": "https://www.sec.gov/Archives/edgar/data/0000941685/000165495420011495/iwsy_sc14f1.htm"}, {"form_type": "SC 13D/A", "filings_date": "2020-10-15", "url": "https://www.sec.gov/Archives/edgar/data/0000941685/000110465920115344/tm2033317d1_sc13da.htm"}, {"form_type": "3", "filings_date": "2020-10-15", "url": "https://www.sec.gov/Archives/edgar/data/0000941685/000110465920115341/xslF345X02/tm2033317d2_3.xml"}, {"form_type": "DEF 14C", "filings_date": "2020-10-13", "url": "https://www.sec.gov/Archives/edgar/data/0000941685/000165495420011072/iwsydef14c_oct2020.htm"}, {"form_type": "SC 13D/A", "filings_date": "2020-10-01", "url": "https://www.sec.gov/Archives/edgar/data/0000941685/000110465920110984/tm2032267d1_sc13da.htm"}, {"form_type": "PRE 14C", "filings_date": "2020-09-30", "url": "https://www.sec.gov/Archives/edgar/data/0000941685/000165495420010661/iwsypre14c_sep2020.htm"}, {"form_type": "8-K", "filings_date": "2020-09-30", "url": "https://www.sec.gov/Archives/edgar/data/0000941685/000165495420010626/iwsy8k_sep232020.htm"}, {"form_type": "SC 13D/A", "filings_date": "2020-08-28", "url": "https://www.sec.gov/Archives/edgar/data/0000941685/000110465920100156/tm2029806d1_sc13da.htm"}, {"form_type": "8-K", "filings_date": "2020-08-21", "url": "https://www.sec.gov/Archives/edgar/data/0000941685/000165495420009400/iwsy8k.htm"}, {"form_type": "4", "filings_date": "2020-08-19", "url": "https://www.sec.gov/Archives/edgar/data/0000941685/000141588920002167/xslF345X03/form4-08192020_050808.xml"}, {"form_type": "10-Q", "filings_date": "2020-08-19", "url": "https://www.sec.gov/Archives/edgar/data/0000941685/000165495420009362/iwsy10q_jun302020.htm"}, {"form_type": "NT 10-Q", "filings_date": "2020-08-14", "url": "https://www.sec.gov/Archives/edgar/data/0000941685/000141588920002127/form12b25-08142020_120837.htm"}, {"form_type": "4", "filings_date": "2020-08-10", "url": "https://www.sec.gov/Archives/edgar/data/0000941685/000141588920002085/xslF345X03/form4-08102020_030853.xml"}, {"form_type": "4", "filings_date": "2020-08-05", "url": "https://www.sec.gov/Archives/edgar/data/0000941685/000141588920002039/xslF345X03/form4-08052020_010804.xml"}, {"form_type": "8-K/A", "filings_date": "2020-07-29", "url": "https://www.sec.gov/Archives/edgar/data/0000941685/000165495420008133/iwsy8ka_july212020.htm"}, {"form_type": "8-K", "filings_date": "2020-07-28", "url": "https://www.sec.gov/Archives/edgar/data/0000941685/000141588920001962/form8k-07282020_080752.htm"}, {"form_type": "8-K", "filings_date": "2020-07-15", "url": "https://www.sec.gov/Archives/edgar/data/0000941685/000165495420007738/iwsy8k.htm"}, {"form_type": "SC 13D", "filings_date": "2020-07-15", "url": "https://www.sec.gov/Archives/edgar/data/0000941685/000110465920083679/tm2024888d1_sc13d.htm"}, {"form_type": "424B3", "filings_date": "2020-07-10", "url": "https://www.sec.gov/Archives/edgar/data/0000941685/000165495420007527/iwsy_424b.htm"}, {"form_type": "EFFECT", "filings_date": "2020-07-08", "url": "https://www.sec.gov/Archives/edgar/data/0000941685/999999999520001714/xslEFFECTX01/primary_doc.xml"}, {"form_type": "8-K", "filings_date": "2020-07-06", "url": "https://www.sec.gov/Archives/edgar/data/0000941685/000165495420007390/iwsy8k.htm"}, {"form_type": "CORRESP", "filings_date": "2020-07-06", "url": "https://www.sec.gov/Archives/edgar/data/0000941685/000165495420007383/filename1.htm"}, {"form_type": "S-1/A", "filings_date": "2020-07-06", "url": "https://www.sec.gov/Archives/edgar/data/0000941685/000165495420007347/iwsys1a_jun2020.htm"}, {"form_type": "8-K", "filings_date": "2020-07-01", "url": "https://www.sec.gov/Archives/edgar/data/0000941685/000165495420007237/iwsy8k_june252020.htm"}, {"form_type": "10-Q/A", "filings_date": "2020-06-29", "url": "https://www.sec.gov/Archives/edgar/data/0000941685/000165495420007028/iwsy10q_mar312020.htm"}, {"form_type": "8-K/A", "filings_date": "2020-06-26", "url": "https://www.sec.gov/Archives/edgar/data/0000941685/000165495420006974/iwsy8ka_apr302020.htm"}, {"form_type": "10-Q", "filings_date": "2020-06-26", "url": "https://www.sec.gov/Archives/edgar/data/0000941685/000165495420006972/iwsy10q_mar312020.htm"}, {"form_type": "UPLOAD", "filings_date": "2020-06-23", "url": "https://www.sec.gov/Archives/edgar/data/0000941685/000000000020005603/filename1.pdf"}, {"form_type": "S-1", "filings_date": "2020-06-15", "url": "https://www.sec.gov/Archives/edgar/data/0000941685/000165495420006634/iwsys1_jun2020.htm"}, {"form_type": "8-K", "filings_date": "2020-06-12", "url": "https://www.sec.gov/Archives/edgar/data/0000941685/000165495420006544/iwsy8k_june52020.htm"}, {"form_type": "8-K", "filings_date": "2020-06-08", "url": "https://www.sec.gov/Archives/edgar/data/0000941685/000165495420006372/iwsy8k_june52020.htm"}, {"form_type": "8-K", "filings_date": "2020-05-27", "url": "https://www.sec.gov/Archives/edgar/data/0000941685/000141588920001343/form8k-05272020_090506.htm"}, {"form_type": "10-K/A", "filings_date": "2020-05-19", "url": "https://www.sec.gov/Archives/edgar/data/0000941685/000165495420005752/iwsy10k_dec312019.htm"}, {"form_type": "10-K", "filings_date": "2020-05-15", "url": "https://www.sec.gov/Archives/edgar/data/0000941685/000165495420005674/iwsy10k_dec312019.htm"}, {"form_type": "8-K", "filings_date": "2020-05-11", "url": "https://www.sec.gov/Archives/edgar/data/0000941685/000141588920001161/form8k-05112020_020542.htm"}, {"form_type": "8-K", "filings_date": "2020-05-07", "url": "https://www.sec.gov/Archives/edgar/data/0000941685/000141588920001142/form8k-05062020_060554.htm"}, {"form_type": "3", "filings_date": "2020-05-06", "url": "https://www.sec.gov/Archives/edgar/data/0000941685/000141588920001140/xslF345X02/form3-05062020_060539.xml"}, {"form_type": "DEFR14A", "filings_date": "2020-05-01", "url": "https://www.sec.gov/Archives/edgar/data/0000941685/000165495420004744/iwsydefr14a.htm"}, {"form_type": "424B5", "filings_date": "2020-05-01", "url": "https://www.sec.gov/Archives/edgar/data/0000941685/000165495420004742/iwsy424b5_apr2020.htm"}, {"form_type": "8-K", "filings_date": "2020-05-01", "url": "https://www.sec.gov/Archives/edgar/data/0000941685/000165495420004734/iwsy8k.htm"}, {"form_type": "NT 10-K", "filings_date": "2020-04-30", "url": "https://www.sec.gov/Archives/edgar/data/0000941685/000141588920001097/form12b25-04302020_020430.htm"}, {"form_type": "DEF 14A", "filings_date": "2020-04-30", "url": "https://www.sec.gov/Archives/edgar/data/0000941685/000165495420004670/iwsydef14a_apr2020.htm"}, {"form_type": "UPLOAD", "filings_date": "2020-04-29", "url": "https://www.sec.gov/Archives/edgar/data/0000941685/000000000020003670/filename1.pdf"}, {"form_type": "PRER14A", "filings_date": "2020-04-29", "url": "https://www.sec.gov/Archives/edgar/data/0000941685/000165495420004569/iwsyprer14a_apr2020.htm"}, {"form_type": "3", "filings_date": "2020-04-20", "url": "https://www.sec.gov/Archives/edgar/data/0000941685/000141588920001034/xslF345X02/form3-04202020_120448.xml"}, {"form_type": "SC 13G", "filings_date": "2020-04-20", "url": "https://www.sec.gov/Archives/edgar/data/0000941685/000121390020009561/ea120754-sc13gtriton_image.htm"}, {"form_type": "PRE 14A", "filings_date": "2020-04-17", "url": "https://www.sec.gov/Archives/edgar/data/0000941685/000165495420004210/iwsypre14a_apr2020.htm"}, {"form_type": "8-K", "filings_date": "2020-04-15", "url": "https://www.sec.gov/Archives/edgar/data/0000941685/000141588920001004/form8k-04152020_120405.htm"}, {"form_type": "8-K", "filings_date": "2020-04-06", "url": "https://www.sec.gov/Archives/edgar/data/0000941685/000141588920000956/form8k-04062020_010435.htm"}, {"form_type": "8-K", "filings_date": "2020-03-16", "url": "https://www.sec.gov/Archives/edgar/data/0000941685/000141588920000761/form8k-03162020_020320.htm"}, {"form_type": "8-K", "filings_date": "2020-03-03", "url": "https://www.sec.gov/Archives/edgar/data/0000941685/000165495420002212/iwsy8k.htm"}, {"form_type": "8-K", "filings_date": "2020-02-27", "url": "https://www.sec.gov/Archives/edgar/data/0000941685/000141588920000542/form8k-02272020_020253.htm"}, {"form_type": "424B5", "filings_date": "2020-02-21", "url": "https://www.sec.gov/Archives/edgar/data/0000941685/000165495420001804/iwsy424b5_feb2020.htm"}, {"form_type": "SC 13G/A", "filings_date": "2020-02-14", "url": "https://www.sec.gov/Archives/edgar/data/0000941685/000110465920021225/tm207751-41_sc13ga.htm"}, {"form_type": "8-K", "filings_date": "2019-11-14", "url": "https://www.sec.gov/Archives/edgar/data/0000941685/000141588919001308/form8k-11142019_021121.htm"}, {"form_type": "10-Q", "filings_date": "2019-11-12", "url": "https://www.sec.gov/Archives/edgar/data/0000941685/000165495419012744/iwsy10q_sep302019.htm"}, {"form_type": "4", "filings_date": "2019-09-19", "url": "https://www.sec.gov/Archives/edgar/data/0000941685/000141588919001068/xslF345X03/form4-09192019_040942.xml"}, {"form_type": "10-Q", "filings_date": "2019-08-14", "url": "https://www.sec.gov/Archives/edgar/data/0000941685/000165495419009619/iwsy10q_june302019.htm"}, {"form_type": "NT 10-Q", "filings_date": "2019-08-09", "url": "https://www.sec.gov/Archives/edgar/data/0000941685/000141588919000915/form12b25-08092019_040802.htm"}, {"form_type": "8-K", "filings_date": "2019-05-14", "url": "https://www.sec.gov/Archives/edgar/data/0000941685/000165495419005807/iwsy8k_may132019.htm"}, {"form_type": "10-Q", "filings_date": "2019-05-09", "url": "https://www.sec.gov/Archives/edgar/data/0000941685/000165495419005569/iwsy10q_mar312019.htm"}, {"form_type": "8-K/A", "filings_date": "2019-05-09", "url": "https://www.sec.gov/Archives/edgar/data/0000941685/000165495419005537/iwsy8ka_may12019.htm"}, {"form_type": "8-K", "filings_date": "2019-05-06", "url": "https://www.sec.gov/Archives/edgar/data/0000941685/000165495419005344/iwsy8k_may12019.htm"}, {"form_type": "424B5", "filings_date": "2019-05-02", "url": "https://www.sec.gov/Archives/edgar/data/0000941685/000165495419005140/iwsy424b5_apr292019.htm"}, {"form_type": "4", "filings_date": "2019-04-08", "url": "https://www.sec.gov/Archives/edgar/data/0000941685/000141588919000443/xslF345X03/form4-04082019_040402.xml"}, {"form_type": "8-K", "filings_date": "2019-04-03", "url": "https://www.sec.gov/Archives/edgar/data/0000941685/000165495419004029/iwsy8k_apr12019.htm"}, {"form_type": "424B3", "filings_date": "2019-04-01", "url": "https://www.sec.gov/Archives/edgar/data/0000941685/000165495419003889/iwsy424b3.htm"}, {"form_type": "10-K", "filings_date": "2019-03-28", "url": "https://www.sec.gov/Archives/edgar/data/0000941685/000165495419003493/iwsy10k_20181231.htm"}, {"form_type": "NT 10-K", "filings_date": "2019-03-18", "url": "https://www.sec.gov/Archives/edgar/data/0000941685/000141588919000351/form12b25-03182019_040301.htm"}, {"form_type": "8-K", "filings_date": "2019-03-18", "url": "https://www.sec.gov/Archives/edgar/data/0000941685/000141588919000341/form8k-03182019_060302.htm"}, {"form_type": "8-K", "filings_date": "2019-02-22", "url": "https://www.sec.gov/Archives/edgar/data/0000941685/000141588919000211/form8k-02222019_090202.htm"}, {"form_type": "4", "filings_date": "2019-02-21", "url": "https://www.sec.gov/Archives/edgar/data/0000941685/000141588919000209/xslF345X03/form4-02212019_020243.xml"}, {"form_type": "4", "filings_date": "2019-02-21", "url": "https://www.sec.gov/Archives/edgar/data/0000941685/000141588919000208/xslF345X03/form4-02212019_020241.xml"}, {"form_type": "4", "filings_date": "2019-02-21", "url": "https://www.sec.gov/Archives/edgar/data/0000941685/000141588919000207/xslF345X03/form4-02212019_020241.xml"}, {"form_type": "4", "filings_date": "2019-02-21", "url": "https://www.sec.gov/Archives/edgar/data/0000941685/000141588919000206/xslF345X03/form4-02212019_020204.xml"}, {"form_type": "4", "filings_date": "2019-02-21", "url": "https://www.sec.gov/Archives/edgar/data/0000941685/000141588919000205/xslF345X03/form4-02212019_020230.xml"}, {"form_type": "4", "filings_date": "2019-02-21", "url": "https://www.sec.gov/Archives/edgar/data/0000941685/000141588919000204/xslF345X03/form4-02212019_020239.xml"}, {"form_type": "4", "filings_date": "2019-02-21", "url": "https://www.sec.gov/Archives/edgar/data/0000941685/000141588919000203/xslF345X03/form4-02212019_020209.xml"}, {"form_type": "4", "filings_date": "2019-02-21", "url": "https://www.sec.gov/Archives/edgar/data/0000941685/000141588919000202/xslF345X03/form4-02212019_020245.xml"}, {"form_type": "8-K", "filings_date": "2019-02-19", "url": "https://www.sec.gov/Archives/edgar/data/0000941685/000141588919000176/form8k-02152019_040203.htm"}, {"form_type": "SC 13G", "filings_date": "2019-02-14", "url": "https://www.sec.gov/Archives/edgar/data/0000941685/000114420419007959/tv513761_sc13g.htm"}, {"form_type": "8-K", "filings_date": "2019-02-01", "url": "https://www.sec.gov/Archives/edgar/data/0000941685/000165495419000974/iwsy8k_01302019.htm"}, {"form_type": "4", "filings_date": "2019-01-29", "url": "https://www.sec.gov/Archives/edgar/data/0000941685/000141588919000103/xslF345X03/form4-01292019_060103.xml"}, {"form_type": "4", "filings_date": "2019-01-29", "url": "https://www.sec.gov/Archives/edgar/data/0000941685/000141588919000102/xslF345X03/form4-01292019_060144.xml"}, {"form_type": "4", "filings_date": "2019-01-29", "url": "https://www.sec.gov/Archives/edgar/data/0000941685/000141588919000101/xslF345X03/form4-01292019_050107.xml"}, {"form_type": "4", "filings_date": "2019-01-16", "url": "https://www.sec.gov/Archives/edgar/data/0000941685/000141588919000057/xslF345X03/form4-01162019_020123.xml"}, {"form_type": "4", "filings_date": "2019-01-08", "url": "https://www.sec.gov/Archives/edgar/data/0000941685/000141588919000026/xslF345X03/form4-01082019_020151.xml"}, {"form_type": "4", "filings_date": "2018-12-12", "url": "https://www.sec.gov/Archives/edgar/data/0000941685/000141588918001753/xslF345X03/form4-12122018_111250.xml"}, {"form_type": "8-K", "filings_date": "2018-11-19", "url": "https://www.sec.gov/Archives/edgar/data/0000941685/000165495418012948/iwsy8k_nov142018.htm"}, {"form_type": "10-Q", "filings_date": "2018-11-14", "url": "https://www.sec.gov/Archives/edgar/data/0000941685/000165495418012766/iwsy10q_09302018.htm"}, {"form_type": "NT 10-Q", "filings_date": "2018-11-09", "url": "https://www.sec.gov/Archives/edgar/data/0000941685/000141588918001608/form12b25-11092018_021152.htm"}, {"form_type": "424B3", "filings_date": "2018-10-26", "url": "https://www.sec.gov/Archives/edgar/data/0000941685/000165495418011579/iwsy424b3.htm"}, {"form_type": "EFFECT", "filings_date": "2018-10-23", "url": "https://www.sec.gov/Archives/edgar/data/0000941685/999999999518002695/xslEFFECTX01/primary_doc.xml"}, {"form_type": "CORRESP", "filings_date": "2018-10-19", "url": "https://www.sec.gov/Archives/edgar/data/0000941685/000165495418011390/filename1.htm"}, {"form_type": "S-1/A", "filings_date": "2018-10-19", "url": "https://www.sec.gov/Archives/edgar/data/0000941685/000165495418011389/iwsys1_oct2018.htm"}, {"form_type": "UPLOAD", "filings_date": "2018-10-16", "url": "https://www.sec.gov/Archives/edgar/data/0000941685/000000000018032386/filename1.pdf"}, {"form_type": "S-1", "filings_date": "2018-10-11", "url": "https://www.sec.gov/Archives/edgar/data/0000941685/000165495418010961/iwsys1_oct2018.htm"}, {"form_type": "8-K", "filings_date": "2018-10-02", "url": "https://www.sec.gov/Archives/edgar/data/0000941685/000141588918001456/form8k-10022018_041001.htm"}, {"form_type": "D/A", "filings_date": "2018-09-26", "url": "https://www.sec.gov/Archives/edgar/data/0000941685/000141588918001432/xslFormDX01/primary_doc.xml"}, {"form_type": "8-K", "filings_date": "2018-09-25", "url": "https://www.sec.gov/Archives/edgar/data/0000941685/000141588918001422/form8k-09242018_030938.htm"}, {"form_type": "4", "filings_date": "2018-09-24", "url": "https://www.sec.gov/Archives/edgar/data/0000941685/000141588918001419/xslF345X03/form4-09242018_100954.xml"}, {"form_type": "4", "filings_date": "2018-09-21", "url": "https://www.sec.gov/Archives/edgar/data/0000941685/000141588918001415/xslF345X03/form4-09212018_060908.xml"}, {"form_type": "4", "filings_date": "2018-09-21", "url": "https://www.sec.gov/Archives/edgar/data/0000941685/000141588918001414/xslF345X03/form4-09212018_060954.xml"}, {"form_type": "4", "filings_date": "2018-09-21", "url": "https://www.sec.gov/Archives/edgar/data/0000941685/000141588918001413/xslF345X03/form4-09212018_060948.xml"}, {"form_type": "4", "filings_date": "2018-09-21", "url": "https://www.sec.gov/Archives/edgar/data/0000941685/000141588918001412/xslF345X03/form4-09212018_060938.xml"}, {"form_type": "4", "filings_date": "2018-09-21", "url": "https://www.sec.gov/Archives/edgar/data/0000941685/000141588918001411/xslF345X03/form4-09212018_060902.xml"}, {"form_type": "D", "filings_date": "2018-09-19", "url": "https://www.sec.gov/Archives/edgar/data/0000941685/000141588918001404/xslFormDX01/primary_doc.xml"}, {"form_type": "8-K", "filings_date": "2018-09-13", "url": "https://www.sec.gov/Archives/edgar/data/0000941685/000165495418010141/iwsy8k.htm"}, {"form_type": "10-Q", "filings_date": "2018-08-09", "url": "https://www.sec.gov/Archives/edgar/data/0000941685/000165495418008761/iwsy10q_june302018.htm"}, {"form_type": "EFFECT", "filings_date": "2018-07-10", "url": "https://www.sec.gov/Archives/edgar/data/0000941685/999999999518001750/xslEFFECTX01/primary_doc.xml"}, {"form_type": "S-3/A", "filings_date": "2018-07-09", "url": "https://www.sec.gov/Archives/edgar/data/0000941685/000165495418007411/iwsys3a_july62018.htm"}, {"form_type": "CORRESP", "filings_date": "2018-07-06", "url": "https://www.sec.gov/Archives/edgar/data/0000941685/000165495418007412/filename1.htm"}, {"form_type": "UPLOAD", "filings_date": "2018-07-06", "url": "https://www.sec.gov/Archives/edgar/data/0000941685/000000000018020746/filename1.pdf"}, {"form_type": "S-3", "filings_date": "2018-06-28", "url": "https://www.sec.gov/Archives/edgar/data/0000941685/000165495418007056/iwsys3_june2018.htm"}, {"form_type": "4", "filings_date": "2018-05-30", "url": "https://www.sec.gov/Archives/edgar/data/0000941685/000141588918000856/xslF345X03/form4-05302018_060539.xml"}, {"form_type": "10-Q", "filings_date": "2018-05-10", "url": "https://www.sec.gov/Archives/edgar/data/0000941685/000165495418005057/iwsy10q_mar312018.htm"}, {"form_type": "S-8", "filings_date": "2018-04-20", "url": "https://www.sec.gov/Archives/edgar/data/0000941685/000165495418004134/iwsys8_apr2018.htm"}, {"form_type": "10-K", "filings_date": "2018-03-19", "url": "https://www.sec.gov/Archives/edgar/data/0000941685/000165495418002780/iwsy10k_dec312017.htm"}, {"form_type": "NT 10-K", "filings_date": "2018-03-19", "url": "https://www.sec.gov/Archives/edgar/data/0000941685/000141588918000394/form12b25-03162018_020327.htm"}, {"form_type": "8-K", "filings_date": "2018-02-13", "url": "https://www.sec.gov/Archives/edgar/data/0000941685/000165495418001382/iwsy8k_feb072018.htm"}, {"form_type": "3", "filings_date": "2018-02-06", "url": "https://www.sec.gov/Archives/edgar/data/0000941685/000141588918000194/xslF345X02/form3-02062018_100221.xml"}, {"form_type": "4", "filings_date": "2018-02-02", "url": "https://www.sec.gov/Archives/edgar/data/0000941685/000141588918000178/xslF345X03/form4-02022018_020253.xml"}, {"form_type": "4", "filings_date": "2018-02-02", "url": "https://www.sec.gov/Archives/edgar/data/0000941685/000141588918000177/xslF345X03/form4-02022018_020254.xml"}, {"form_type": "4", "filings_date": "2018-02-02", "url": "https://www.sec.gov/Archives/edgar/data/0000941685/000141588918000176/xslF345X03/form4-02022018_020220.xml"}, {"form_type": "4", "filings_date": "2018-02-02", "url": "https://www.sec.gov/Archives/edgar/data/0000941685/000141588918000175/xslF345X03/form4-02022018_020242.xml"}, {"form_type": "4", "filings_date": "2018-02-02", "url": "https://www.sec.gov/Archives/edgar/data/0000941685/000141588918000174/xslF345X03/form4-02022018_020201.xml"}, {"form_type": "4", "filings_date": "2018-02-02", "url": "https://www.sec.gov/Archives/edgar/data/0000941685/000141588918000173/xslF345X03/form4-02022018_020231.xml"}, {"form_type": "4", "filings_date": "2018-02-02", "url": "https://www.sec.gov/Archives/edgar/data/0000941685/000141588918000172/xslF345X03/form4-02022018_020255.xml"}, {"form_type": "4", "filings_date": "2018-02-02", "url": "https://www.sec.gov/Archives/edgar/data/0000941685/000141588918000171/xslF345X03/form4-02022018_020221.xml"}, {"form_type": "4", "filings_date": "2018-02-02", "url": "https://www.sec.gov/Archives/edgar/data/0000941685/000141588918000170/xslF345X03/form4-02022018_020243.xml"}, {"form_type": "4", "filings_date": "2018-02-02", "url": "https://www.sec.gov/Archives/edgar/data/0000941685/000141588918000169/xslF345X03/form4-02022018_020249.xml"}, {"form_type": "4", "filings_date": "2018-02-02", "url": "https://www.sec.gov/Archives/edgar/data/0000941685/000141588918000168/xslF345X03/form4-02022018_020214.xml"}, {"form_type": "4", "filings_date": "2018-02-02", "url": "https://www.sec.gov/Archives/edgar/data/0000941685/000141588918000167/xslF345X03/form4-02022018_020240.xml"}, {"form_type": "4", "filings_date": "2018-02-02", "url": "https://www.sec.gov/Archives/edgar/data/0000941685/000141588918000166/xslF345X03/form4-02022018_020258.xml"}, {"form_type": "DEF 14A", "filings_date": "2018-01-04", "url": "https://www.sec.gov/Archives/edgar/data/0000941685/000165495418000074/iwsydef14a.htm"}, {"form_type": "PRE 14A", "filings_date": "2017-12-19", "url": "https://www.sec.gov/Archives/edgar/data/0000941685/000165495417011734/iwsypre14a_dec152017.htm"}, {"form_type": "4", "filings_date": "2017-12-11", "url": "https://www.sec.gov/Archives/edgar/data/0000941685/000141588917001931/xslF345X03/form4-12112017_021217.xml"}, {"form_type": "8-K", "filings_date": "2017-11-14", "url": "https://www.sec.gov/Archives/edgar/data/0000941685/000165495417010504/iwsy8k_nov92017.htm"}, {"form_type": "10-Q", "filings_date": "2017-11-09", "url": "https://www.sec.gov/Archives/edgar/data/0000941685/000165495417010332/iwsy10q_sept302017.htm"}, {"form_type": "8-K", "filings_date": "2017-10-19", "url": "https://www.sec.gov/Archives/edgar/data/0000941685/000141588917001681/form8k-10192017_121033.htm"}, {"form_type": "4", "filings_date": "2017-09-21", "url": "https://www.sec.gov/Archives/edgar/data/0000941685/000141588917001559/xslF345X03/form4-09212017_060915.xml"}, {"form_type": "4", "filings_date": "2017-09-21", "url": "https://www.sec.gov/Archives/edgar/data/0000941685/000141588917001557/xslF345X03/form4-09212017_060948.xml"}, {"form_type": "4", "filings_date": "2017-09-21", "url": "https://www.sec.gov/Archives/edgar/data/0000941685/000141588917001555/xslF345X03/form4-09212017_060921.xml"}, {"form_type": "4", "filings_date": "2017-09-21", "url": "https://www.sec.gov/Archives/edgar/data/0000941685/000141588917001553/xslF345X03/form4-09212017_060949.xml"}, {"form_type": "4", "filings_date": "2017-09-21", "url": "https://www.sec.gov/Archives/edgar/data/0000941685/000141588917001551/xslF345X03/form4-09212017_060917.xml"}, {"form_type": "3", "filings_date": "2017-09-21", "url": "https://www.sec.gov/Archives/edgar/data/0000941685/000141588917001549/xslF345X02/form3-09212017_060904.xml"}, {"form_type": "3", "filings_date": "2017-09-21", "url": "https://www.sec.gov/Archives/edgar/data/0000941685/000141588917001547/xslF345X02/form3-09212017_060937.xml"}, {"form_type": "8-K", "filings_date": "2017-09-19", "url": "https://www.sec.gov/Archives/edgar/data/0000941685/000165495417008553/iwsy8k_sep152017.htm"}, {"form_type": "424B5", "filings_date": "2017-09-18", "url": "https://www.sec.gov/Archives/edgar/data/0000941685/000165495417008511/iwsy-424b5_sept.htm"}, {"form_type": "8-K", "filings_date": "2017-08-16", "url": "https://www.sec.gov/Archives/edgar/data/0000941685/000165495417007676/iwsy8k_aug142017.htm"}, {"form_type": "10-Q", "filings_date": "2017-08-14", "url": "https://www.sec.gov/Archives/edgar/data/0000941685/000165495417007583/iwsy10q_june302017.htm"}, {"form_type": "NT 10-Q", "filings_date": "2017-08-09", "url": "https://www.sec.gov/Archives/edgar/data/0000941685/000141588917001357/form12b25-08092017_040802.htm"}, {"form_type": "8-K", "filings_date": "2017-05-16", "url": "https://www.sec.gov/Archives/edgar/data/0000941685/000165495417004797/iwsy8k_may102017.htm"}, {"form_type": "10-Q", "filings_date": "2017-05-12", "url": "https://www.sec.gov/Archives/edgar/data/0000941685/000165495417004473/iwsy10q_03312017.htm"}, {"form_type": "NT 10-Q", "filings_date": "2017-05-10", "url": "https://www.sec.gov/Archives/edgar/data/0000941685/000141588917000736/form12b25-05102017_050501.htm"}, {"form_type": "424B3", "filings_date": "2017-05-04", "url": "https://www.sec.gov/Archives/edgar/data/0000941685/000165495417004045/iwsys3214124-424b3.htm"}, {"form_type": "EFFECT", "filings_date": "2017-04-28", "url": "https://www.sec.gov/Archives/edgar/data/0000941685/999999999517001036/xslEFFECTX01/primary_doc.xml"}, {"form_type": "CORRESP", "filings_date": "2017-04-27", "url": "https://www.sec.gov/Archives/edgar/data/0000941685/000165495417003718/filename1.htm"}, {"form_type": "10-K/A", "filings_date": "2017-04-21", "url": "https://www.sec.gov/Archives/edgar/data/0000941685/000165495417003558/iwsy10ka_dec312016.htm"}, {"form_type": "S-3/A", "filings_date": "2017-03-31", "url": "https://www.sec.gov/Archives/edgar/data/0000941685/000165495417002803/iwsys3-am3_mar2017.htm"}, {"form_type": "10-K", "filings_date": "2017-03-31", "url": "https://www.sec.gov/Archives/edgar/data/0000941685/000165495417002786/iwsy10k_dec312016.htm"}, {"form_type": "CORRESP", "filings_date": "2017-03-30", "url": "https://www.sec.gov/Archives/edgar/data/0000941685/000165495417002802/filename1.htm"}, {"form_type": "NT 10-K", "filings_date": "2017-03-15", "url": "https://www.sec.gov/Archives/edgar/data/0000941685/000141588917000430/form12b25-03152017_020303.htm"}, {"form_type": "8-K", "filings_date": "2017-02-16", "url": "https://www.sec.gov/Archives/edgar/data/0000941685/000141588917000277/form8k-02162017_110243.htm"}, {"form_type": "UPLOAD", "filings_date": "2017-02-10", "url": "https://www.sec.gov/Archives/edgar/data/0000941685/000000000017004736/filename1.pdf"}, {"form_type": "S-3/A", "filings_date": "2017-01-27", "url": "https://www.sec.gov/Archives/edgar/data/0000941685/000165495417000561/iwsys3-am2_jan272017.htm"}, {"form_type": "8-K", "filings_date": "2017-01-26", "url": "https://www.sec.gov/Archives/edgar/data/0000941685/000141588917000132/form8k-01252017_030125.htm"}, {"form_type": "D", "filings_date": "2017-01-04", "url": "https://www.sec.gov/Archives/edgar/data/0000941685/000141588917000007/xslFormDX01/primary_doc.xml"}]}