{"company": {"cik": "0001470550", "name": "INTERNATIONAL LEADERS CAPITAL Corp", "sic": "Blank Checks", "state_incorp": "NV", "ticker": "", "mailing_addr": "9811 W. CHARLESTON BLVD, LAS VEGAS, NV, 89117", "category": "", "fiscal_year_end": "30, June"}, "filings": [{"form_type": "REVOKED", "filings_date": "2021-08-16", "url": "https://www.sec.gov/Archives/edgar/data/0001470550/999999999721004529/filename1.pdf"}, {"form_type": "8-K", "filings_date": "2019-08-29", "url": "https://www.sec.gov/Archives/edgar/data/0001470550/000126246319000297/illc8k82019.htm"}, {"form_type": "NT 10-Q", "filings_date": "2019-05-15", "url": "https://www.sec.gov/Archives/edgar/data/0001470550/000126246319000144/ilccnt10q33119.htm"}, {"form_type": "8-K", "filings_date": "2019-03-20", "url": "https://www.sec.gov/Archives/edgar/data/0001470550/000126246319000066/illc8k32019.htm"}, {"form_type": "10-Q", "filings_date": "2019-02-19", "url": "https://www.sec.gov/Archives/edgar/data/0001470550/000126246319000041/ilcc123118q.htm"}, {"form_type": "NT 10-Q", "filings_date": "2019-02-14", "url": "https://www.sec.gov/Archives/edgar/data/0001470550/000126246319000038/ilccnt10q123118.htm"}, {"form_type": "10-Q", "filings_date": "2018-11-19", "url": "https://www.sec.gov/Archives/edgar/data/0001470550/000126246318000364/ilcc93018.htm"}, {"form_type": "NT 10-Q", "filings_date": "2018-11-14", "url": "https://www.sec.gov/Archives/edgar/data/0001470550/000126246318000343/ilccnt10q.htm"}, {"form_type": "10-K", "filings_date": "2018-09-28", "url": "https://www.sec.gov/Archives/edgar/data/0001470550/000126246318000299/ilcc201810k.htm"}, {"form_type": "NT 10-K", "filings_date": "2018-09-28", "url": "https://www.sec.gov/Archives/edgar/data/0001470550/000126246318000294/ilccnt10k92818.htm"}, {"form_type": "8-K", "filings_date": "2018-09-12", "url": "https://www.sec.gov/Archives/edgar/data/0001470550/000126246318000279/illc8k9718.htm"}, {"form_type": "SC 13D", "filings_date": "2018-08-31", "url": "https://www.sec.gov/Archives/edgar/data/0001470550/000126246318000266/sch13d.htm"}, {"form_type": "4", "filings_date": "2018-08-03", "url": "https://www.sec.gov/Archives/edgar/data/0001470550/000126246318000230/xslF345X03/ownership.xml"}, {"form_type": "4", "filings_date": "2018-08-03", "url": "https://www.sec.gov/Archives/edgar/data/0001470550/000126246318000229/xslF345X03/ownership.xml"}, {"form_type": "5", "filings_date": "2018-08-03", "url": "https://www.sec.gov/Archives/edgar/data/0001470550/000126246318000228/xslF345X03/ownership.xml"}, {"form_type": "5", "filings_date": "2018-08-03", "url": "https://www.sec.gov/Archives/edgar/data/0001470550/000126246318000227/xslF345X03/ownership.xml"}, {"form_type": "8-K", "filings_date": "2018-07-26", "url": "https://www.sec.gov/Archives/edgar/data/0001470550/000126246318000222/illc8k71718.htm"}, {"form_type": "3", "filings_date": "2018-07-18", "url": "https://www.sec.gov/Archives/edgar/data/0001470550/000126246318000218/xslF345X02/ownership.xml"}, {"form_type": "3", "filings_date": "2018-07-13", "url": "https://www.sec.gov/Archives/edgar/data/0001470550/000126246318000213/xslF345X02/ownership.xml"}, {"form_type": "8-K", "filings_date": "2018-06-29", "url": "https://www.sec.gov/Archives/edgar/data/0001470550/000126246318000197/illc8k62918.htm"}, {"form_type": "8-K", "filings_date": "2018-06-22", "url": "https://www.sec.gov/Archives/edgar/data/0001470550/000126246318000191/illc8k61818.htm"}, {"form_type": "DEF 14C", "filings_date": "2018-06-08", "url": "https://www.sec.gov/Archives/edgar/data/0001470550/000126246318000162/ilccdef14c62018.htm"}, {"form_type": "PRE 14C", "filings_date": "2018-05-29", "url": "https://www.sec.gov/Archives/edgar/data/0001470550/000126246318000151/ilccpre14c52018.htm"}, {"form_type": "10-Q", "filings_date": "2018-05-15", "url": "https://www.sec.gov/Archives/edgar/data/0001470550/000126246318000136/illc33118.htm"}, {"form_type": "10-Q", "filings_date": "2018-02-14", "url": "https://www.sec.gov/Archives/edgar/data/0001470550/000126246318000035/ilcc123117.htm"}, {"form_type": "8-K", "filings_date": "2017-12-07", "url": "https://www.sec.gov/Archives/edgar/data/0001470550/000126246317000337/illc8k12717.htm"}, {"form_type": "10-Q", "filings_date": "2017-11-13", "url": "https://www.sec.gov/Archives/edgar/data/0001470550/000126246317000288/ilcc9301710q.htm"}, {"form_type": "8-K", "filings_date": "2017-10-05", "url": "https://www.sec.gov/Archives/edgar/data/0001470550/000126246317000252/ilcc8k102017.htm"}, {"form_type": "10-K", "filings_date": "2017-09-26", "url": "https://www.sec.gov/Archives/edgar/data/0001470550/000126246317000245/ilcc2017k.htm"}, {"form_type": "UPLOAD", "filings_date": "2017-09-01", "url": "https://www.sec.gov/Archives/edgar/data/0001470550/000000000017031154/filename1.pdf"}, {"form_type": "DEF 14C", "filings_date": "2017-08-30", "url": "https://www.sec.gov/Archives/edgar/data/0001470550/000126246317000216/scpddef14c.htm"}, {"form_type": "PRE 14C", "filings_date": "2017-08-10", "url": "https://www.sec.gov/Archives/edgar/data/0001470550/000126246317000154/scpd14c.htm"}, {"form_type": "3", "filings_date": "2017-07-07", "url": "https://www.sec.gov/Archives/edgar/data/0001470550/000126246317000083/xslF345X02/mleung72017.xml"}, {"form_type": "3", "filings_date": "2017-07-07", "url": "https://www.sec.gov/Archives/edgar/data/0001470550/000126246317000082/xslF345X02/chuang72017.xml"}, {"form_type": "3", "filings_date": "2017-07-07", "url": "https://www.sec.gov/Archives/edgar/data/0001470550/000126246317000081/xslF345X02/cwang72017.xml"}, {"form_type": "8-K", "filings_date": "2017-06-02", "url": "https://www.sec.gov/Archives/edgar/data/0001470550/000126246317000073/scpd8k.htm"}, {"form_type": "10-Q/A", "filings_date": "2017-05-03", "url": "https://www.sec.gov/Archives/edgar/data/0001470550/000126246317000044/scpdq32017.htm"}, {"form_type": "10-Q", "filings_date": "2017-04-25", "url": "https://www.sec.gov/Archives/edgar/data/0001470550/000126246317000042/scpdq32017.htm"}, {"form_type": "10-Q", "filings_date": "2017-02-09", "url": "https://www.sec.gov/Archives/edgar/data/0001470550/000126246317000014/scpd123116.htm"}]}