{"company": {"cik": "0001285170", "name": "INTERMAP TECHNOLOGIES CORP", "sic": "", "state_incorp": "A0", "ticker": "", "mailing_addr": "1200, 555 - 4TH AVENUE S.W., CALGARY, A0, T2P 3E7", "category": "", "fiscal_year_end": ""}, "filings": [{"form_type": "D", "filings_date": "2022-03-07", "url": "https://www.sec.gov/Archives/edgar/data/0001285170/000128517022000001/xslFormDX01/primary_doc.xml"}, {"form_type": "D", "filings_date": "2021-05-03", "url": "https://www.sec.gov/Archives/edgar/data/0001285170/000110465921059301/xslFormDX01/primary_doc.xml"}]}