{"company": {"cik": "0001455926", "name": "IRONCLAD ENCRYPTION Corp", "sic": "Services-Prepackaged Software", "state_incorp": "DE", "ticker": "", "mailing_addr": "1 RIVERWAY, HOUSTON, TX, 77056", "category": "", "fiscal_year_end": "31, March"}, "filings": [{"form_type": "REVOKED", "filings_date": "2022-02-16", "url": "https://www.sec.gov/Archives/edgar/data/0001455926/999999999722000442/filename1.pdf"}, {"form_type": "8-K", "filings_date": "2021-03-29", "url": "https://www.sec.gov/Archives/edgar/data/0001455926/000105291821000083/irnc8kmar17-21.htm"}, {"form_type": "8-K", "filings_date": "2020-09-02", "url": "https://www.sec.gov/Archives/edgar/data/0001455926/000105291820000228/irnc8ksep2-20v4.htm"}, {"form_type": "8-K", "filings_date": "2020-09-01", "url": "https://www.sec.gov/Archives/edgar/data/0001455926/000105291820000220/irnc8ksept1-20.htm"}, {"form_type": "NT 10-Q", "filings_date": "2020-08-18", "url": "https://www.sec.gov/Archives/edgar/data/0001455926/000105291820000213/iec12b25aug17-20.htm"}, {"form_type": "NT 10-K", "filings_date": "2020-08-14", "url": "https://www.sec.gov/Archives/edgar/data/0001455926/000105291820000202/irnc12b-25aug13-20.htm"}, {"form_type": "8-K", "filings_date": "2020-06-26", "url": "https://www.sec.gov/Archives/edgar/data/0001455926/000105291820000164/irnc8kjun25-20.htm"}, {"form_type": "8-K", "filings_date": "2020-05-27", "url": "https://www.sec.gov/Archives/edgar/data/0001455926/000105291820000138/irnc8kmay27-20.htm"}, {"form_type": "8-K", "filings_date": "2020-05-14", "url": "https://www.sec.gov/Archives/edgar/data/0001455926/000105291820000123/irnc8kmay14-20v3.htm"}, {"form_type": "8-K", "filings_date": "2020-05-04", "url": "https://www.sec.gov/Archives/edgar/data/0001455926/000105291820000110/irnc8kmay4-20.htm"}, {"form_type": "8-K", "filings_date": "2020-04-02", "url": "https://www.sec.gov/Archives/edgar/data/0001455926/000105291820000069/irnc8kapr1-20.htm"}, {"form_type": "PRE 14C", "filings_date": "2020-03-09", "url": "https://www.sec.gov/Archives/edgar/data/0001455926/000105291820000050/iecpre14cmar6-20.htm"}, {"form_type": "10-Q", "filings_date": "2020-02-19", "url": "https://www.sec.gov/Archives/edgar/data/0001455926/000105291820000025/iec10qfeb16-20ev5.htm"}, {"form_type": "NT 10-Q", "filings_date": "2020-02-14", "url": "https://www.sec.gov/Archives/edgar/data/0001455926/000105291820000021/iec12b25feb14-20.htm"}, {"form_type": "4", "filings_date": "2019-12-06", "url": "https://www.sec.gov/Archives/edgar/data/0001455926/000145592619000001/xslF345X03/primary_doc.xml"}, {"form_type": "10-Q", "filings_date": "2019-11-19", "url": "https://www.sec.gov/Archives/edgar/data/0001455926/000105291819000330/iec10qnov16-19ev7.htm"}, {"form_type": "NT 10-Q", "filings_date": "2019-11-12", "url": "https://www.sec.gov/Archives/edgar/data/0001455926/000105291819000319/iec12b15nov12-19ev2.htm"}, {"form_type": "8-K", "filings_date": "2019-11-12", "url": "https://www.sec.gov/Archives/edgar/data/0001455926/000105291819000312/iec8knov12-19.ev2.htm"}, {"form_type": "DEF 14C", "filings_date": "2019-11-08", "url": "https://www.sec.gov/Archives/edgar/data/0001455926/000105291819000310/irncsch14cnov6-19.htm"}, {"form_type": "DEF 14C", "filings_date": "2019-10-03", "url": "https://www.sec.gov/Archives/edgar/data/0001455926/000105291819000277/irncsch14coct2-19.htm"}, {"form_type": "10-Q", "filings_date": "2019-08-19", "url": "https://www.sec.gov/Archives/edgar/data/0001455926/000105291819000255/iec10qaug15-19ev4.htm"}, {"form_type": "NT 10-Q", "filings_date": "2019-08-14", "url": "https://www.sec.gov/Archives/edgar/data/0001455926/000105291819000248/iec12b15aug13-19.htm"}, {"form_type": "8-K", "filings_date": "2019-07-23", "url": "https://www.sec.gov/Archives/edgar/data/0001455926/000105291819000223/irnc8kjuly22019.htm"}, {"form_type": "10-K", "filings_date": "2019-07-16", "url": "https://www.sec.gov/Archives/edgar/data/0001455926/000105291819000219/iec10kjuly16-19final.htm"}, {"form_type": "NT 10-K", "filings_date": "2019-06-27", "url": "https://www.sec.gov/Archives/edgar/data/0001455926/000105291819000207/iec12b25jun27-19.htm"}, {"form_type": "8-K", "filings_date": "2019-04-16", "url": "https://www.sec.gov/Archives/edgar/data/0001455926/000105291819000097/ironclad8kapr16-19.htm"}, {"form_type": "8-K", "filings_date": "2019-04-16", "url": "https://www.sec.gov/Archives/edgar/data/0001455926/000105291819000095/ironclad8kapr15-19.htm"}, {"form_type": "SC 13G", "filings_date": "2019-04-15", "url": "https://www.sec.gov/Archives/edgar/data/0001455926/000114420419019628/tv518863_sc13g.htm"}, {"form_type": "DEF 14C", "filings_date": "2019-02-26", "url": "https://www.sec.gov/Archives/edgar/data/0001455926/000105291819000040/iecdef14cfeb26-19.htm"}, {"form_type": "10-Q", "filings_date": "2019-02-19", "url": "https://www.sec.gov/Archives/edgar/data/0001455926/000105291819000034/iec10qfeb15-19.ev7.htm"}, {"form_type": "NT 10-Q", "filings_date": "2019-02-08", "url": "https://www.sec.gov/Archives/edgar/data/0001455926/000105291819000018/iec12b-25feb8-19.htm"}, {"form_type": "DEF 14C", "filings_date": "2019-01-22", "url": "https://www.sec.gov/Archives/edgar/data/0001455926/000105291819000007/irc14cjan21-19.htm"}, {"form_type": "4", "filings_date": "2018-12-20", "url": "https://www.sec.gov/Archives/edgar/data/0001455926/000145592618000013/xslF345X03/primary_doc.xml"}, {"form_type": "10-Q", "filings_date": "2018-11-19", "url": "https://www.sec.gov/Archives/edgar/data/0001455926/000105291818000441/iec10qnov19-18v2.htm"}, {"form_type": "NT 10-Q", "filings_date": "2018-11-09", "url": "https://www.sec.gov/Archives/edgar/data/0001455926/000105291818000411/iec12b25nov8-18.htm"}, {"form_type": "4", "filings_date": "2018-09-17", "url": "https://www.sec.gov/Archives/edgar/data/0001455926/000145592618000012/xslF345X03/primary_doc.xml"}, {"form_type": "4", "filings_date": "2018-09-14", "url": "https://www.sec.gov/Archives/edgar/data/0001455926/000145592618000011/xslF345X03/primary_doc.xml"}, {"form_type": "4", "filings_date": "2018-08-28", "url": "https://www.sec.gov/Archives/edgar/data/0001455926/000145592618000009/xslF345X03/primary_doc.xml"}, {"form_type": "4", "filings_date": "2018-08-24", "url": "https://www.sec.gov/Archives/edgar/data/0001455926/000145592618000008/xslF345X03/primary_doc.xml"}, {"form_type": "4", "filings_date": "2018-08-21", "url": "https://www.sec.gov/Archives/edgar/data/0001455926/000145592618000007/xslF345X03/primary_doc.xml"}, {"form_type": "10-Q", "filings_date": "2018-08-20", "url": "https://www.sec.gov/Archives/edgar/data/0001455926/000105291818000346/iec10qaug20-18.v5.htm"}, {"form_type": "4", "filings_date": "2018-08-17", "url": "https://www.sec.gov/Archives/edgar/data/0001455926/000145592618000006/xslF345X03/primary_doc.xml"}, {"form_type": "NT 10-Q", "filings_date": "2018-08-10", "url": "https://www.sec.gov/Archives/edgar/data/0001455926/000105291818000309/iec12b-25aug10-18.htm"}, {"form_type": "8-K", "filings_date": "2018-07-25", "url": "https://www.sec.gov/Archives/edgar/data/0001455926/000105291818000299/irnc8kjul25-18.htm"}, {"form_type": "8-K", "filings_date": "2018-07-23", "url": "https://www.sec.gov/Archives/edgar/data/0001455926/000105291818000283/irnc8kjul23-18.htm"}, {"form_type": "10-KT", "filings_date": "2018-07-16", "url": "https://www.sec.gov/Archives/edgar/data/0001455926/000105291818000274/irnc10ktjune14-18ev13-clean.htm"}, {"form_type": "8-K", "filings_date": "2018-07-11", "url": "https://www.sec.gov/Archives/edgar/data/0001455926/000105291818000268/irnc8kjun11-18.htm"}, {"form_type": "8-K", "filings_date": "2018-07-02", "url": "https://www.sec.gov/Archives/edgar/data/0001455926/000105291818000262/irnc8kjul2-18.htm"}, {"form_type": "NT 10-K", "filings_date": "2018-06-27", "url": "https://www.sec.gov/Archives/edgar/data/0001455926/000105291818000254/irc12b25jun26-18.htm"}, {"form_type": "8-K", "filings_date": "2018-06-05", "url": "https://www.sec.gov/Archives/edgar/data/0001455926/000105291818000217/irnc8kjun5-18.htm"}, {"form_type": "8-K", "filings_date": "2018-06-05", "url": "https://www.sec.gov/Archives/edgar/data/0001455926/000105291818000215/irnc8kjun4-18.htm"}, {"form_type": "8-K", "filings_date": "2018-05-16", "url": "https://www.sec.gov/Archives/edgar/data/0001455926/000105291818000188/ironclad8kmay15-18.htm"}, {"form_type": "8-K", "filings_date": "2018-05-10", "url": "https://www.sec.gov/Archives/edgar/data/0001455926/000105291818000166/irnc8kmay10-18.htm"}, {"form_type": "10-K/A", "filings_date": "2018-04-30", "url": "https://www.sec.gov/Archives/edgar/data/0001455926/000105291818000144/ironclad10ka1apr30-18v3sec.htm"}, {"form_type": "10-K", "filings_date": "2018-04-17", "url": "https://www.sec.gov/Archives/edgar/data/0001455926/000105291818000123/iec10kapr16-18v3.htm"}, {"form_type": "NT 10-K", "filings_date": "2018-03-30", "url": "https://www.sec.gov/Archives/edgar/data/0001455926/000105291818000094/iec12b25mar30-18final.htm"}, {"form_type": "4", "filings_date": "2018-03-26", "url": "https://www.sec.gov/Archives/edgar/data/0001455926/000145592618000005/xslF345X03/primary_doc.xml"}, {"form_type": "8-K", "filings_date": "2018-03-26", "url": "https://www.sec.gov/Archives/edgar/data/0001455926/000105291818000080/ice8kmar23-18.htm"}, {"form_type": "4", "filings_date": "2018-03-08", "url": "https://www.sec.gov/Archives/edgar/data/0001455926/000145592618000004/xslF345X03/primary_doc.xml"}, {"form_type": "4", "filings_date": "2018-03-08", "url": "https://www.sec.gov/Archives/edgar/data/0001455926/000145592618000003/xslF345X03/primary_doc.xml"}, {"form_type": "3", "filings_date": "2018-03-08", "url": "https://www.sec.gov/Archives/edgar/data/0001455926/000145592618000002/xslF345X02/primary_doc.xml"}, {"form_type": "8-K", "filings_date": "2018-03-02", "url": "https://www.sec.gov/Archives/edgar/data/0001455926/000105291818000056/irnc8kfeb28-18v2.htm"}, {"form_type": "8-K", "filings_date": "2018-03-02", "url": "https://www.sec.gov/Archives/edgar/data/0001455926/000105291818000055/irnc8kfeb27-18v3.htm"}, {"form_type": "4", "filings_date": "2018-01-29", "url": "https://www.sec.gov/Archives/edgar/data/0001455926/000145592618000001/xslF345X03/primary_doc.xml"}, {"form_type": "4", "filings_date": "2017-12-29", "url": "https://www.sec.gov/Archives/edgar/data/0001455926/000145592617000028/xslF345X03/primary_doc.xml"}, {"form_type": "4", "filings_date": "2017-12-29", "url": "https://www.sec.gov/Archives/edgar/data/0001455926/000145592617000027/xslF345X03/primary_doc.xml"}, {"form_type": "EFFECT", "filings_date": "2017-12-18", "url": "https://www.sec.gov/Archives/edgar/data/0001455926/999999999517003245/xslEFFECTX01/primary_doc.xml"}, {"form_type": "CORRESP", "filings_date": "2017-12-14", "url": "https://www.sec.gov/Archives/edgar/data/0001455926/000105291817000594/filename1.htm"}, {"form_type": "S-8", "filings_date": "2017-11-28", "url": "https://www.sec.gov/Archives/edgar/data/0001455926/000105291817000583/irncforms8nov2817.htm"}, {"form_type": "S-1/A", "filings_date": "2017-11-28", "url": "https://www.sec.gov/Archives/edgar/data/0001455926/000114420417061216/tv480166_s1a.htm"}, {"form_type": "CORRESP", "filings_date": "2017-11-28", "url": "https://www.sec.gov/Archives/edgar/data/0001455926/000114420417061211/filename1.htm"}, {"form_type": "4", "filings_date": "2017-11-28", "url": "https://www.sec.gov/Archives/edgar/data/0001455926/000145592617000026/xslF345X03/primary_doc.xml"}, {"form_type": "4/A", "filings_date": "2017-11-28", "url": "https://www.sec.gov/Archives/edgar/data/0001455926/000145592617000025/xslF345X03/primary_doc.xml"}, {"form_type": "10-Q", "filings_date": "2017-11-20", "url": "https://www.sec.gov/Archives/edgar/data/0001455926/000105291817000572/iec10qnov1817ev6.htm"}, {"form_type": "UPLOAD", "filings_date": "2017-11-14", "url": "https://www.sec.gov/Archives/edgar/data/0001455926/000000000017040203/filename1.pdf"}, {"form_type": "NT 10-Q", "filings_date": "2017-11-14", "url": "https://www.sec.gov/Archives/edgar/data/0001455926/000105291817000550/ice12b25nov1417.htm"}, {"form_type": "8-K", "filings_date": "2017-10-24", "url": "https://www.sec.gov/Archives/edgar/data/0001455926/000105291817000517/irnc8koct2317.htm"}, {"form_type": "S-1/A", "filings_date": "2017-10-24", "url": "https://www.sec.gov/Archives/edgar/data/0001455926/000114420417053698/tv477181_s1a.htm"}, {"form_type": "S-1", "filings_date": "2017-10-17", "url": "https://www.sec.gov/Archives/edgar/data/0001455926/000114420417052874/tv476927_s1.htm"}, {"form_type": "8-K", "filings_date": "2017-10-17", "url": "https://www.sec.gov/Archives/edgar/data/0001455926/000114420417052793/tv476777_8k.htm"}, {"form_type": "8-K/A", "filings_date": "2017-10-16", "url": "https://www.sec.gov/Archives/edgar/data/0001455926/000114420417052536/tv476776_8ka.htm"}, {"form_type": "4", "filings_date": "2017-10-10", "url": "https://www.sec.gov/Archives/edgar/data/0001455926/000145592617000024/xslF345X03/primary_doc.xml"}, {"form_type": "4/A", "filings_date": "2017-10-05", "url": "https://www.sec.gov/Archives/edgar/data/0001455926/000145592617000023/xslF345X03/primary_doc.xml"}, {"form_type": "4", "filings_date": "2017-09-29", "url": "https://www.sec.gov/Archives/edgar/data/0001455926/000145592617000022/xslF345X03/primary_doc.xml"}, {"form_type": "4", "filings_date": "2017-09-28", "url": "https://www.sec.gov/Archives/edgar/data/0001455926/000145592617000021/xslF345X03/primary_doc.xml"}, {"form_type": "DEF 14C", "filings_date": "2017-09-25", "url": "https://www.sec.gov/Archives/edgar/data/0001455926/000105291817000472/irncsch14csep2217.htm"}, {"form_type": "8-K", "filings_date": "2017-09-13", "url": "https://www.sec.gov/Archives/edgar/data/0001455926/000105291817000460/irnc8ksep1317.htm"}, {"form_type": "3", "filings_date": "2017-09-13", "url": "https://www.sec.gov/Archives/edgar/data/0001455926/000145592617000020/xslF345X02/primary_doc.xml"}, {"form_type": "4", "filings_date": "2017-09-06", "url": "https://www.sec.gov/Archives/edgar/data/0001455926/000145592617000019/xslF345X03/primary_doc.xml"}, {"form_type": "3/A", "filings_date": "2017-09-01", "url": "https://www.sec.gov/Archives/edgar/data/0001455926/000145592617000018/xslF345X02/primary_doc.xml"}, {"form_type": "3", "filings_date": "2017-09-01", "url": "https://www.sec.gov/Archives/edgar/data/0001455926/000145592617000017/xslF345X02/primary_doc.xml"}, {"form_type": "8-K", "filings_date": "2017-08-28", "url": "https://www.sec.gov/Archives/edgar/data/0001455926/000105291817000452/irnc8kaug28-17.htm"}, {"form_type": "DEF 14C", "filings_date": "2017-08-23", "url": "https://www.sec.gov/Archives/edgar/data/0001455926/000105291817000448/irncsch14caug23-17.htm"}, {"form_type": "10-Q/A", "filings_date": "2017-08-23", "url": "https://www.sec.gov/Archives/edgar/data/0001455926/000105291817000446/iec10qa1aug23-17.htm"}, {"form_type": "10-Q", "filings_date": "2017-08-21", "url": "https://www.sec.gov/Archives/edgar/data/0001455926/000105291817000433/iec10qaug2117ev2.htm"}, {"form_type": "NT 10-Q", "filings_date": "2017-08-14", "url": "https://www.sec.gov/Archives/edgar/data/0001455926/000105291817000405/iec12b25aug1417.htm"}, {"form_type": "DEF 14C", "filings_date": "2017-07-19", "url": "https://www.sec.gov/Archives/edgar/data/0001455926/000105291817000360/icesch14cjul1917.htm"}, {"form_type": "10-Q", "filings_date": "2017-05-22", "url": "https://www.sec.gov/Archives/edgar/data/0001455926/000105291817000284/ironclad10qmay2017final.htm"}, {"form_type": "8-K", "filings_date": "2017-05-18", "url": "https://www.sec.gov/Archives/edgar/data/0001455926/000105291817000279/ice8kmay1817.htm"}, {"form_type": "NT 10-Q", "filings_date": "2017-05-15", "url": "https://www.sec.gov/Archives/edgar/data/0001455926/000105291817000269/irncnt10qmay1517.htm"}, {"form_type": "8-K/A", "filings_date": "2017-03-31", "url": "https://www.sec.gov/Archives/edgar/data/0001455926/000105291817000188/ironclad8ka1mar3117.htm"}, {"form_type": "10-K", "filings_date": "2017-03-31", "url": "https://www.sec.gov/Archives/edgar/data/0001455926/000105291817000186/ironclad10kmar3117v4.htm"}, {"form_type": "8-K", "filings_date": "2017-03-14", "url": "https://www.sec.gov/Archives/edgar/data/0001455926/000105291817000147/ironclad8kmar1417.htm"}, {"form_type": "8-K", "filings_date": "2017-03-02", "url": "https://www.sec.gov/Archives/edgar/data/0001455926/000105291817000129/irnc8kmar217.htm"}, {"form_type": "D", "filings_date": "2017-02-13", "url": "https://www.sec.gov/Archives/edgar/data/0001455926/000145592617000016/xslFormDX01/primary_doc.xml"}, {"form_type": "8-K", "filings_date": "2017-02-13", "url": "https://www.sec.gov/Archives/edgar/data/0001455926/000105291817000096/ironclad8kfeb1317.htm"}, {"form_type": "4", "filings_date": "2017-02-07", "url": "https://www.sec.gov/Archives/edgar/data/0001455926/000145592617000014/xslF345X03/primary_doc.xml"}, {"form_type": "3", "filings_date": "2017-02-03", "url": "https://www.sec.gov/Archives/edgar/data/0001455926/000145592617000013/xslF345X02/primary_doc.xml"}, {"form_type": "3/A", "filings_date": "2017-02-03", "url": "https://www.sec.gov/Archives/edgar/data/0001455926/000145592617000012/xslF345X02/primary_doc.xml"}, {"form_type": "8-K", "filings_date": "2017-01-24", "url": "https://www.sec.gov/Archives/edgar/data/0001455926/000105291817000060/ironclad8kjan2417.htm"}, {"form_type": "3/A", "filings_date": "2017-01-23", "url": "https://www.sec.gov/Archives/edgar/data/0001455926/000145592617000011/xslF345X02/primary_doc.xml"}, {"form_type": "3/A", "filings_date": "2017-01-23", "url": "https://www.sec.gov/Archives/edgar/data/0001455926/000145592617000010/xslF345X02/primary_doc.xml"}, {"form_type": "3/A", "filings_date": "2017-01-20", "url": "https://www.sec.gov/Archives/edgar/data/0001455926/000145592617000009/xslF345X02/primary_doc.xml"}, {"form_type": "3", "filings_date": "2017-01-13", "url": "https://www.sec.gov/Archives/edgar/data/0001455926/000145592617000008/xslF345X02/primary_doc.xml"}, {"form_type": "3", "filings_date": "2017-01-13", "url": "https://www.sec.gov/Archives/edgar/data/0001455926/000145592617000007/xslF345X02/primary_doc.xml"}, {"form_type": "3", "filings_date": "2017-01-13", "url": "https://www.sec.gov/Archives/edgar/data/0001455926/000145592617000006/xslF345X02/primary_doc.xml"}, {"form_type": "3", "filings_date": "2017-01-13", "url": "https://www.sec.gov/Archives/edgar/data/0001455926/000145592617000005/xslF345X02/primary_doc.xml"}, {"form_type": "3", "filings_date": "2017-01-13", "url": "https://www.sec.gov/Archives/edgar/data/0001455926/000145592617000004/xslF345X02/primary_doc.xml"}, {"form_type": "3", "filings_date": "2017-01-13", "url": "https://www.sec.gov/Archives/edgar/data/0001455926/000145592617000003/xslF345X02/primary_doc.xml"}, {"form_type": "SC 14F1", "filings_date": "2017-01-12", "url": "https://www.sec.gov/Archives/edgar/data/0001455926/000105291817000028/ironcladsch14f.htm"}, {"form_type": "8-K", "filings_date": "2017-01-12", "url": "https://www.sec.gov/Archives/edgar/data/0001455926/000105291817000024/ironclad8kjan1217.htm"}, {"form_type": "8-K", "filings_date": "2017-01-06", "url": "https://www.sec.gov/Archives/edgar/data/0001455926/000105291817000011/butte8kjan516final.htm"}]}