{"company": {"cik": "0000727634", "name": "iSign Solutions Inc.", "sic": "Services-Prepackaged Software", "state_incorp": "DE", "ticker": "ISIGN, ISGN", "mailing_addr": "2033 GATEWAY PLACE, SAN JOSE, CA, 95110", "category": "Non-accelerated filer<br>Smaller reporting company", "fiscal_year_end": "31, December"}, "filings": [{"form_type": "10-Q", "filings_date": "2021-11-15", "url": "https://www.sec.gov/Archives/edgar/data/0000727634/000121390021059154/f10q0921_isignsolutions.htm"}, {"form_type": "10-Q", "filings_date": "2021-08-16", "url": "https://www.sec.gov/Archives/edgar/data/0000727634/000121390021042866/f10q0621_isignsolutions.htm"}, {"form_type": "4", "filings_date": "2021-07-06", "url": "https://www.sec.gov/Archives/edgar/data/0000727634/000121390021035654/xslF345X03/ownership.xml"}, {"form_type": "8-K", "filings_date": "2021-06-11", "url": "https://www.sec.gov/Archives/edgar/data/0000727634/000121390021032095/ea142622-8k_isignsolutions.htm"}, {"form_type": "10-Q", "filings_date": "2021-05-17", "url": "https://www.sec.gov/Archives/edgar/data/0000727634/000121390021026878/f10q0321_isignsolutions.htm"}, {"form_type": "10-K", "filings_date": "2021-04-07", "url": "https://www.sec.gov/Archives/edgar/data/0000727634/000121390021020616/f10k2020_isignsolutions.htm"}, {"form_type": "NT 10-K", "filings_date": "2021-03-31", "url": "https://www.sec.gov/Archives/edgar/data/0000727634/000121390021019060/ea138771-nt10k_isignsolu.htm"}, {"form_type": "8-K", "filings_date": "2021-02-19", "url": "https://www.sec.gov/Archives/edgar/data/0000727634/000121390021010551/ea136102-8k_isign.htm"}, {"form_type": "10-Q", "filings_date": "2020-11-16", "url": "https://www.sec.gov/Archives/edgar/data/0000727634/000121390020037234/f10q0920_isignsolutions.htm"}, {"form_type": "10-Q", "filings_date": "2020-08-14", "url": "https://www.sec.gov/Archives/edgar/data/0000727634/000121390020022163/f10q0620_isignsolutions.htm"}, {"form_type": "8-K", "filings_date": "2020-06-26", "url": "https://www.sec.gov/Archives/edgar/data/0000727634/000121390020015857/ea123476-8k_isign.htm"}, {"form_type": "8-K", "filings_date": "2020-06-26", "url": "https://www.sec.gov/Archives/edgar/data/0000727634/000121390020015856/ea123474-8k_isignsolutions.htm"}, {"form_type": "10-Q", "filings_date": "2020-05-15", "url": "https://www.sec.gov/Archives/edgar/data/0000727634/000121390020012525/f10q0320_isignsolutions.htm"}, {"form_type": "8-K", "filings_date": "2020-05-12", "url": "https://www.sec.gov/Archives/edgar/data/0000727634/000121390020011733/ea121605-8k_isignsolutions.htm"}, {"form_type": "10-K", "filings_date": "2020-03-30", "url": "https://www.sec.gov/Archives/edgar/data/0000727634/000121390020007926/f10k2019_isignsolutions.htm"}, {"form_type": "8-K", "filings_date": "2020-03-26", "url": "https://www.sec.gov/Archives/edgar/data/0000727634/000121390020007464/ea120041-8k_isign.htm"}, {"form_type": "10-Q", "filings_date": "2019-11-14", "url": "https://www.sec.gov/Archives/edgar/data/0000727634/000121390019023447/f10q0919_isignsolutions.htm"}, {"form_type": "10-Q", "filings_date": "2019-08-14", "url": "https://www.sec.gov/Archives/edgar/data/0000727634/000121390019015704/f10q0619_isignsolutionsinc.htm"}, {"form_type": "SC 13G/A", "filings_date": "2019-06-07", "url": "https://www.sec.gov/Archives/edgar/data/0000727634/000162828019007686/virt13gaisignsolutionsinc.htm"}, {"form_type": "10-Q", "filings_date": "2019-05-15", "url": "https://www.sec.gov/Archives/edgar/data/0000727634/000121390019008766/f10q0319_isignsolutions.htm"}, {"form_type": "SC 13G", "filings_date": "2019-04-10", "url": "https://www.sec.gov/Archives/edgar/data/0000727634/000145771619000027/virt13gisignsolutionsinc.htm"}, {"form_type": "10-K", "filings_date": "2019-04-01", "url": "https://www.sec.gov/Archives/edgar/data/0000727634/000121390019005445/f10k2018_isignsolutions.htm"}, {"form_type": "8-K", "filings_date": "2018-12-31", "url": "https://www.sec.gov/Archives/edgar/data/0000727634/000121390018018015/f8k122718_isignsolutions.htm"}, {"form_type": "10-Q", "filings_date": "2018-11-14", "url": "https://www.sec.gov/Archives/edgar/data/0000727634/000121390018015742/f10q0918_isignsolutions.htm"}, {"form_type": "10-Q", "filings_date": "2018-08-14", "url": "https://www.sec.gov/Archives/edgar/data/0000727634/000121390018010956/f10q0618_isignsolutions.htm"}, {"form_type": "8-K", "filings_date": "2018-08-08", "url": "https://www.sec.gov/Archives/edgar/data/0000727634/000121390018010424/f8k081018_isignsolutions.htm"}, {"form_type": "10-Q", "filings_date": "2018-05-15", "url": "https://www.sec.gov/Archives/edgar/data/0000727634/000121390018006268/f10q0318_isignsolutionsinc.htm"}, {"form_type": "10-K", "filings_date": "2018-04-02", "url": "https://www.sec.gov/Archives/edgar/data/0000727634/000121390018003811/f10k2017_isignsolutions.htm"}, {"form_type": "8-K", "filings_date": "2017-12-18", "url": "https://www.sec.gov/Archives/edgar/data/0000727634/000121390017013373/f8k121517_isignsolutions.htm"}, {"form_type": "10-Q", "filings_date": "2017-11-14", "url": "https://www.sec.gov/Archives/edgar/data/0000727634/000121390017012034/f10q0917_isignsolutions.htm"}, {"form_type": "10-Q", "filings_date": "2017-08-14", "url": "https://www.sec.gov/Archives/edgar/data/0000727634/000121390017008684/f10q0617_isignsolutions.htm"}, {"form_type": "8-K", "filings_date": "2017-05-26", "url": "https://www.sec.gov/Archives/edgar/data/0000727634/000121390017005898/f8k052317isignsolutions.htm"}, {"form_type": "8-K", "filings_date": "2017-05-16", "url": "https://www.sec.gov/Archives/edgar/data/0000727634/000121390017005360/f8k051017_isignsolutions.htm"}, {"form_type": "10-Q", "filings_date": "2017-05-15", "url": "https://www.sec.gov/Archives/edgar/data/0000727634/000121390017005187/f10q0317_isignsolutions.htm"}, {"form_type": "10-K", "filings_date": "2017-03-31", "url": "https://www.sec.gov/Archives/edgar/data/0000727634/000121390017003126/f10k2016_isignsolutionsinc.htm"}, {"form_type": "8-K", "filings_date": "2017-02-02", "url": "https://www.sec.gov/Archives/edgar/data/0000727634/000121390017000877/f8k013017_isignsolutions.htm"}]}