{"company": {"cik": "0000843006", "name": "ISSUER DIRECT CORP", "sic": "Commercial Printing", "state_incorp": "", "ticker": "ISDR", "mailing_addr": "1 GLENWOOD AVE., RALEIGH, NC, 27603", "category": "Non-accelerated filer<br>Smaller reporting company", "fiscal_year_end": "31, December"}, "filings": [{"form_type": "4", "filings_date": "2022-03-17", "url": "https://www.sec.gov/Archives/edgar/data/0000843006/000165495422003380/xslF345X03/section16.xml"}, {"form_type": "10-K", "filings_date": "2022-03-03", "url": "https://www.sec.gov/Archives/edgar/data/0000843006/000165495422002481/isdr_10k.htm"}, {"form_type": "8-K", "filings_date": "2022-03-03", "url": "https://www.sec.gov/Archives/edgar/data/0000843006/000165495422002477/isdr_8k.htm"}, {"form_type": "SC 13G/A", "filings_date": "2022-02-15", "url": "https://www.sec.gov/Archives/edgar/data/0000843006/000165495422001650/isdr_sc13ga.htm"}, {"form_type": "SC 13G", "filings_date": "2022-02-14", "url": "https://www.sec.gov/Archives/edgar/data/0000843006/000110465922023244/tm226701d1_sc13g.htm"}, {"form_type": "SC 13G/A", "filings_date": "2022-02-10", "url": "https://www.sec.gov/Archives/edgar/data/0000843006/000110465922017864/tv01204-issuerdirectcorp.htm"}, {"form_type": "5", "filings_date": "2022-02-08", "url": "https://www.sec.gov/Archives/edgar/data/0000843006/000165495422001301/xslF345X03/section16.xml"}, {"form_type": "3", "filings_date": "2022-01-25", "url": "https://www.sec.gov/Archives/edgar/data/0000843006/000165495422000767/xslF345X02/section16.xml"}, {"form_type": "8-K", "filings_date": "2022-01-19", "url": "https://www.sec.gov/Archives/edgar/data/0000843006/000165495422000636/isdr_8k.htm"}, {"form_type": "SC 13D/A", "filings_date": "2022-01-05", "url": "https://www.sec.gov/Archives/edgar/data/0000843006/000165495422000218/york_sc13da.htm"}, {"form_type": "10-Q", "filings_date": "2021-11-04", "url": "https://www.sec.gov/Archives/edgar/data/0000843006/000165495421011699/isdr_10q.htm"}, {"form_type": "8-K", "filings_date": "2021-11-04", "url": "https://www.sec.gov/Archives/edgar/data/0000843006/000165495421011685/isdr_8k.htm"}, {"form_type": "SC 13G/A", "filings_date": "2021-10-08", "url": "https://www.sec.gov/Archives/edgar/data/0000843006/000165495421010925/forager_sc13ga.htm"}, {"form_type": "SC 13G", "filings_date": "2021-10-08", "url": "https://www.sec.gov/Archives/edgar/data/0000843006/000165495421010902/FORAGER_13G.htm"}, {"form_type": "10-Q", "filings_date": "2021-08-05", "url": "https://www.sec.gov/Archives/edgar/data/0000843006/000165495421008567/isdr_10q.htm"}, {"form_type": "8-K", "filings_date": "2021-08-05", "url": "https://www.sec.gov/Archives/edgar/data/0000843006/000165495421008559/isdr_8k.htm"}, {"form_type": "4", "filings_date": "2021-06-14", "url": "https://www.sec.gov/Archives/edgar/data/0000843006/000165495421006876/xslF345X03/section16.xml"}, {"form_type": "4", "filings_date": "2021-06-14", "url": "https://www.sec.gov/Archives/edgar/data/0000843006/000165495421006875/xslF345X03/section16.xml"}, {"form_type": "4", "filings_date": "2021-06-14", "url": "https://www.sec.gov/Archives/edgar/data/0000843006/000165495421006874/xslF345X03/section16.xml"}, {"form_type": "4", "filings_date": "2021-06-14", "url": "https://www.sec.gov/Archives/edgar/data/0000843006/000165495421006873/xslF345X03/section16.xml"}, {"form_type": "3", "filings_date": "2021-06-14", "url": "https://www.sec.gov/Archives/edgar/data/0000843006/000165495421006871/xslF345X02/section16.xml"}, {"form_type": "4", "filings_date": "2021-06-14", "url": "https://www.sec.gov/Archives/edgar/data/0000843006/000165495421006870/xslF345X03/section16.xml"}, {"form_type": "3", "filings_date": "2021-06-14", "url": "https://www.sec.gov/Archives/edgar/data/0000843006/000165495421006869/xslF345X02/section16.xml"}, {"form_type": "SC 13D/A", "filings_date": "2021-06-14", "url": "https://www.sec.gov/Archives/edgar/data/0000843006/000165495421006858/isdr_sc13d.htm"}, {"form_type": "8-K", "filings_date": "2021-06-14", "url": "https://www.sec.gov/Archives/edgar/data/0000843006/000165495421006852/isdr-20211231.htm"}, {"form_type": "4", "filings_date": "2021-05-21", "url": "https://www.sec.gov/Archives/edgar/data/0000843006/000165495421006168/xslF345X03/section16.xml"}, {"form_type": "10-Q", "filings_date": "2021-05-06", "url": "https://www.sec.gov/Archives/edgar/data/0000843006/000165495421005233/isdr_10q.htm"}, {"form_type": "8-K", "filings_date": "2021-05-06", "url": "https://www.sec.gov/Archives/edgar/data/0000843006/000165495421005217/isdr-20210506.htm"}, {"form_type": "DEFA14A", "filings_date": "2021-04-27", "url": "https://www.sec.gov/Archives/edgar/data/0000843006/000165495421004692/isdr_defa14a.htm"}, {"form_type": "DEF 14A", "filings_date": "2021-04-27", "url": "https://www.sec.gov/Archives/edgar/data/0000843006/000165495421004690/isdr_def14a.htm"}, {"form_type": "4", "filings_date": "2021-03-24", "url": "https://www.sec.gov/Archives/edgar/data/0000843006/000165495421003238/xslF345X03/section16.xml"}, {"form_type": "8-K/A", "filings_date": "2021-03-05", "url": "https://www.sec.gov/Archives/edgar/data/0000843006/000165495421002406/isdr_8k.htm"}, {"form_type": "10-K", "filings_date": "2021-03-04", "url": "https://www.sec.gov/Archives/edgar/data/0000843006/000165495421002389/isdr_10k.htm"}, {"form_type": "8-K", "filings_date": "2021-03-04", "url": "https://www.sec.gov/Archives/edgar/data/0000843006/000165495421002359/isdr_8k.htm"}, {"form_type": "8-K", "filings_date": "2021-02-24", "url": "https://www.sec.gov/Archives/edgar/data/0000843006/000165495421002058/isdr_8k.htm"}, {"form_type": "SC 13G", "filings_date": "2021-02-16", "url": "https://www.sec.gov/Archives/edgar/data/0000843006/000165495421001687/forager_sc13g-isdr.htm"}, {"form_type": "5", "filings_date": "2021-02-10", "url": "https://www.sec.gov/Archives/edgar/data/0000843006/000165495421001453/xslF345X03/section16.xml"}, {"form_type": "SC 13G", "filings_date": "2021-02-10", "url": "https://www.sec.gov/Archives/edgar/data/0000843006/000110465921018397/tv01173-issuerdirectcorp.htm"}, {"form_type": "SC 13G/A", "filings_date": "2021-02-09", "url": "https://www.sec.gov/Archives/edgar/data/0000843006/000106299321001040/formsc13ga.htm"}, {"form_type": "SC 13G/A", "filings_date": "2021-01-08", "url": "https://www.sec.gov/Archives/edgar/data/0000843006/000165495421000250/york_sc13ga.htm"}, {"form_type": "4", "filings_date": "2020-11-13", "url": "https://www.sec.gov/Archives/edgar/data/0000843006/000165495420012382/xslF345X03/section16.xml"}, {"form_type": "4", "filings_date": "2020-11-12", "url": "https://www.sec.gov/Archives/edgar/data/0000843006/000165495420012291/xslF345X03/section16.xml"}, {"form_type": "4", "filings_date": "2020-11-12", "url": "https://www.sec.gov/Archives/edgar/data/0000843006/000165495420012290/xslF345X03/section16.xml"}, {"form_type": "4", "filings_date": "2020-11-05", "url": "https://www.sec.gov/Archives/edgar/data/0000843006/000165495420011912/xslF345X03/section16.xml"}, {"form_type": "10-Q", "filings_date": "2020-10-29", "url": "https://www.sec.gov/Archives/edgar/data/0000843006/000165495420011606/isdr_10q.htm"}, {"form_type": "8-K", "filings_date": "2020-10-29", "url": "https://www.sec.gov/Archives/edgar/data/0000843006/000165495420011593/isdr_8k.htm"}, {"form_type": "4", "filings_date": "2020-08-24", "url": "https://www.sec.gov/Archives/edgar/data/0000843006/000165495420009466/xslF345X03/section16.xml"}, {"form_type": "4", "filings_date": "2020-08-11", "url": "https://www.sec.gov/Archives/edgar/data/0000843006/000165495420008870/xslF345X03/section16.xml"}, {"form_type": "4", "filings_date": "2020-08-10", "url": "https://www.sec.gov/Archives/edgar/data/0000843006/000165495420008738/xslF345X03/section16.xml"}, {"form_type": "10-Q", "filings_date": "2020-07-30", "url": "https://www.sec.gov/Archives/edgar/data/0000843006/000165495420008201/isdr_10q.htm"}, {"form_type": "8-K", "filings_date": "2020-07-30", "url": "https://www.sec.gov/Archives/edgar/data/0000843006/000165495420008193/isdr_8k.htm"}, {"form_type": "4", "filings_date": "2020-06-18", "url": "https://www.sec.gov/Archives/edgar/data/0000843006/000165495420006765/xslF345X03/section16.xml"}, {"form_type": "4", "filings_date": "2020-06-18", "url": "https://www.sec.gov/Archives/edgar/data/0000843006/000165495420006764/xslF345X03/section16.xml"}, {"form_type": "4", "filings_date": "2020-06-18", "url": "https://www.sec.gov/Archives/edgar/data/0000843006/000165495420006763/xslF345X03/section16.xml"}, {"form_type": "8-K", "filings_date": "2020-06-18", "url": "https://www.sec.gov/Archives/edgar/data/0000843006/000165495420006759/isdr_8k.htm"}, {"form_type": "10-Q", "filings_date": "2020-04-30", "url": "https://www.sec.gov/Archives/edgar/data/0000843006/000165495420004723/isdr_10q.htm"}, {"form_type": "8-K", "filings_date": "2020-04-30", "url": "https://www.sec.gov/Archives/edgar/data/0000843006/000165495420004710/isdr_8k.htm"}, {"form_type": "DEFA14A", "filings_date": "2020-04-28", "url": "https://www.sec.gov/Archives/edgar/data/0000843006/000165495420004512/isdr_defa14a.htm"}, {"form_type": "DEF 14A", "filings_date": "2020-04-28", "url": "https://www.sec.gov/Archives/edgar/data/0000843006/000165495420004510/isdr_def14a.htm"}, {"form_type": "4", "filings_date": "2020-03-16", "url": "https://www.sec.gov/Archives/edgar/data/0000843006/000165495420002712/xslF345X03/section16.xml"}, {"form_type": "8-K", "filings_date": "2020-03-16", "url": "https://www.sec.gov/Archives/edgar/data/0000843006/000165495420002654/isdr_8k.htm"}, {"form_type": "4", "filings_date": "2020-03-10", "url": "https://www.sec.gov/Archives/edgar/data/0000843006/000165495420002444/xslF345X03/section16.xml"}, {"form_type": "10-K", "filings_date": "2020-02-27", "url": "https://www.sec.gov/Archives/edgar/data/0000843006/000165495420001999/isdr_10k.htm"}, {"form_type": "8-K", "filings_date": "2020-02-27", "url": "https://www.sec.gov/Archives/edgar/data/0000843006/000165495420001990/isdr_8k.htm"}, {"form_type": "5", "filings_date": "2020-02-14", "url": "https://www.sec.gov/Archives/edgar/data/0000843006/000165495420001648/xslF345X03/section16.xml"}, {"form_type": "SC 13G", "filings_date": "2020-02-14", "url": "https://www.sec.gov/Archives/edgar/data/0000843006/000165495420001561/forager_ec13g-isdr.htm"}, {"form_type": "SC 13G/A", "filings_date": "2020-02-11", "url": "https://www.sec.gov/Archives/edgar/data/0000843006/000106299320000608/formsc13ga-issuerdirect.htm"}, {"form_type": "SC 13G/A", "filings_date": "2020-01-15", "url": "https://www.sec.gov/Archives/edgar/data/0000843006/000165495420000465/york_sc13g.htm"}, {"form_type": "4", "filings_date": "2019-11-15", "url": "https://www.sec.gov/Archives/edgar/data/0000843006/000165495419013092/xslF345X03/section16.xml"}, {"form_type": "10-Q", "filings_date": "2019-10-31", "url": "https://www.sec.gov/Archives/edgar/data/0000843006/000165495419012189/isdr_10q.htm"}, {"form_type": "8-K", "filings_date": "2019-10-31", "url": "https://www.sec.gov/Archives/edgar/data/0000843006/000165495419012187/isdr_8k.htm"}, {"form_type": "8-K", "filings_date": "2019-08-07", "url": "https://www.sec.gov/Archives/edgar/data/0000843006/000165495419008958/isdr_8k.htm"}, {"form_type": "10-Q", "filings_date": "2019-08-01", "url": "https://www.sec.gov/Archives/edgar/data/0000843006/000165495419008751/isdr_10q.htm"}, {"form_type": "8-K", "filings_date": "2019-08-01", "url": "https://www.sec.gov/Archives/edgar/data/0000843006/000165495419008746/isdr_8k.htm"}, {"form_type": "4", "filings_date": "2019-06-13", "url": "https://www.sec.gov/Archives/edgar/data/0000843006/000165495419007311/xslF345X03/section16.xml"}, {"form_type": "4", "filings_date": "2019-06-13", "url": "https://www.sec.gov/Archives/edgar/data/0000843006/000165495419007310/xslF345X03/section16.xml"}, {"form_type": "4", "filings_date": "2019-06-13", "url": "https://www.sec.gov/Archives/edgar/data/0000843006/000165495419007309/xslF345X03/section16.xml"}, {"form_type": "4", "filings_date": "2019-06-13", "url": "https://www.sec.gov/Archives/edgar/data/0000843006/000165495419007308/xslF345X03/section16.xml"}, {"form_type": "8-K", "filings_date": "2019-06-13", "url": "https://www.sec.gov/Archives/edgar/data/0000843006/000165495419007307/isdr_8k.htm"}, {"form_type": "10-Q", "filings_date": "2019-05-02", "url": "https://www.sec.gov/Archives/edgar/data/0000843006/000165495419005205/isdr_10q.htm"}, {"form_type": "8-K", "filings_date": "2019-05-02", "url": "https://www.sec.gov/Archives/edgar/data/0000843006/000165495419005196/isdr_8k.htm"}, {"form_type": "DEFA14A", "filings_date": "2019-04-23", "url": "https://www.sec.gov/Archives/edgar/data/0000843006/000165495419004698/isdr_defa14a.htm"}, {"form_type": "DEF 14A", "filings_date": "2019-04-23", "url": "https://www.sec.gov/Archives/edgar/data/0000843006/000165495419004697/isdr_proxy.htm"}, {"form_type": "8-K/A", "filings_date": "2019-03-18", "url": "https://www.sec.gov/Archives/edgar/data/0000843006/000165495419002840/isdr_8ka.htm"}, {"form_type": "4", "filings_date": "2019-03-01", "url": "https://www.sec.gov/Archives/edgar/data/0000843006/000165495419002196/xslF345X03/section16.xml"}, {"form_type": "10-K", "filings_date": "2019-02-28", "url": "https://www.sec.gov/Archives/edgar/data/0000843006/000165495419002109/isdr_10k.htm"}, {"form_type": "8-K", "filings_date": "2019-02-28", "url": "https://www.sec.gov/Archives/edgar/data/0000843006/000165495419002095/isdr_8k.htm"}, {"form_type": "SC 13G", "filings_date": "2019-02-11", "url": "https://www.sec.gov/Archives/edgar/data/0000843006/000106299319000604/sc13g_issuerdirect.htm"}, {"form_type": "SC 13G/A", "filings_date": "2019-01-11", "url": "https://www.sec.gov/Archives/edgar/data/0000843006/000165495419000394/yorkmont_sc13ga.htm"}, {"form_type": "5", "filings_date": "2019-01-04", "url": "https://www.sec.gov/Archives/edgar/data/0000843006/000165495419000137/xslF345X03/section16.xml"}, {"form_type": "8-K", "filings_date": "2019-01-03", "url": "https://www.sec.gov/Archives/edgar/data/0000843006/000165495419000080/isdr_8k.htm"}, {"form_type": "SC 13D/A", "filings_date": "2018-12-06", "url": "https://www.sec.gov/Archives/edgar/data/0000843006/000147793218005888/isdr_sc13da.htm"}, {"form_type": "8-K", "filings_date": "2018-12-06", "url": "https://www.sec.gov/Archives/edgar/data/0000843006/000165495418013630/isdr_8k.htm"}, {"form_type": "8-K", "filings_date": "2018-12-04", "url": "https://www.sec.gov/Archives/edgar/data/0000843006/000165495418013562/isdr_8k.htm"}, {"form_type": "SC 13D/A", "filings_date": "2018-11-09", "url": "https://www.sec.gov/Archives/edgar/data/0000843006/000147793218005376/isdr_sc13da.htm"}, {"form_type": "SC 13D/A", "filings_date": "2018-11-09", "url": "https://www.sec.gov/Archives/edgar/data/0000843006/000147793218005374/isdr_sc13da.htm"}, {"form_type": "10-Q", "filings_date": "2018-11-01", "url": "https://www.sec.gov/Archives/edgar/data/0000843006/000165495418011875/isdr_10q.htm"}, {"form_type": "8-K", "filings_date": "2018-11-01", "url": "https://www.sec.gov/Archives/edgar/data/0000843006/000165495418011863/isdr_8k.htm"}, {"form_type": "8-K", "filings_date": "2018-10-11", "url": "https://www.sec.gov/Archives/edgar/data/0000843006/000165495418011025/isdr_8k.htm"}, {"form_type": "4", "filings_date": "2018-08-28", "url": "https://www.sec.gov/Archives/edgar/data/0000843006/000165495418009620/xslF345X03/section16.xml"}, {"form_type": "8-K", "filings_date": "2018-08-27", "url": "https://www.sec.gov/Archives/edgar/data/0000843006/000165495418009594/isdr_8k.htm"}, {"form_type": "8-K", "filings_date": "2018-08-17", "url": "https://www.sec.gov/Archives/edgar/data/0000843006/000165495418009349/isdr_8k.htm"}, {"form_type": "424B5", "filings_date": "2018-08-17", "url": "https://www.sec.gov/Archives/edgar/data/0000843006/000165495418009348/isdr_final424b5.htm"}, {"form_type": "424B5", "filings_date": "2018-08-16", "url": "https://www.sec.gov/Archives/edgar/data/0000843006/000165495418009267/isdr_424b5.htm"}, {"form_type": "EFFECT", "filings_date": "2018-08-13", "url": "https://www.sec.gov/Archives/edgar/data/0000843006/999999999518002089/xslEFFECTX01/primary_doc.xml"}, {"form_type": "UPLOAD", "filings_date": "2018-08-10", "url": "https://www.sec.gov/Archives/edgar/data/0000843006/000000000018024837/filename1.pdf"}, {"form_type": "CORRESP", "filings_date": "2018-08-10", "url": "https://www.sec.gov/Archives/edgar/data/0000843006/000165495418008775/filename1.htm"}, {"form_type": "S-3", "filings_date": "2018-08-02", "url": "https://www.sec.gov/Archives/edgar/data/0000843006/000165495418008385/isdr_s3.htm"}, {"form_type": "10-Q", "filings_date": "2018-08-02", "url": "https://www.sec.gov/Archives/edgar/data/0000843006/000165495418008384/isdr_10q.htm"}, {"form_type": "8-K", "filings_date": "2018-08-02", "url": "https://www.sec.gov/Archives/edgar/data/0000843006/000165495418008365/isdr_8k.htm"}, {"form_type": "8-K", "filings_date": "2018-07-09", "url": "https://www.sec.gov/Archives/edgar/data/0000843006/000165495418007414/isdr_8k.htm"}, {"form_type": "8-K", "filings_date": "2018-07-05", "url": "https://www.sec.gov/Archives/edgar/data/0000843006/000165495418007350/isdr_8k.htm"}, {"form_type": "4", "filings_date": "2018-06-04", "url": "https://www.sec.gov/Archives/edgar/data/0000843006/000165495418006265/xslF345X03/section16.xml"}, {"form_type": "4", "filings_date": "2018-06-01", "url": "https://www.sec.gov/Archives/edgar/data/0000843006/000165495418006203/xslF345X03/section16.xml"}, {"form_type": "4", "filings_date": "2018-06-01", "url": "https://www.sec.gov/Archives/edgar/data/0000843006/000165495418006202/xslF345X03/section16.xml"}, {"form_type": "4", "filings_date": "2018-06-01", "url": "https://www.sec.gov/Archives/edgar/data/0000843006/000165495418006201/xslF345X03/section16.xml"}, {"form_type": "4", "filings_date": "2018-06-01", "url": "https://www.sec.gov/Archives/edgar/data/0000843006/000165495418006200/xslF345X03/section16.xml"}, {"form_type": "8-K", "filings_date": "2018-06-01", "url": "https://www.sec.gov/Archives/edgar/data/0000843006/000165495418006199/isdr_8k.htm"}, {"form_type": "4", "filings_date": "2018-05-31", "url": "https://www.sec.gov/Archives/edgar/data/0000843006/000165495418006118/xslF345X03/section16.xml"}, {"form_type": "10-Q", "filings_date": "2018-05-03", "url": "https://www.sec.gov/Archives/edgar/data/0000843006/000165495418004721/isdr_10q.htm"}, {"form_type": "8-K", "filings_date": "2018-05-03", "url": "https://www.sec.gov/Archives/edgar/data/0000843006/000165495418004706/isdr_8k.htm"}, {"form_type": "DEFA14A", "filings_date": "2018-04-20", "url": "https://www.sec.gov/Archives/edgar/data/0000843006/000165495418004214/isdr_defa14a.htm"}, {"form_type": "DEF 14A", "filings_date": "2018-04-20", "url": "https://www.sec.gov/Archives/edgar/data/0000843006/000165495418004212/isdr_proxy.htm"}, {"form_type": "4", "filings_date": "2018-03-23", "url": "https://www.sec.gov/Archives/edgar/data/0000843006/000165495418003030/xslF345X03/section16.xml"}, {"form_type": "4", "filings_date": "2018-03-12", "url": "https://www.sec.gov/Archives/edgar/data/0000843006/000165495418002415/xslF345X03/section16.xml"}, {"form_type": "4", "filings_date": "2018-03-08", "url": "https://www.sec.gov/Archives/edgar/data/0000843006/000165495418002296/xslF345X03/section16.xml"}, {"form_type": "10-K/A", "filings_date": "2018-03-05", "url": "https://www.sec.gov/Archives/edgar/data/0000843006/000165495418002154/isdr_10k.htm"}, {"form_type": "10-K", "filings_date": "2018-03-01", "url": "https://www.sec.gov/Archives/edgar/data/0000843006/000165495418002057/isdr_10k.htm"}, {"form_type": "8-K", "filings_date": "2018-03-01", "url": "https://www.sec.gov/Archives/edgar/data/0000843006/000165495418002050/isdr_8k.htm"}, {"form_type": "SC 13G/A", "filings_date": "2018-01-04", "url": "https://www.sec.gov/Archives/edgar/data/0000843006/000165495418000090/yorkmont_sc13ga.htm"}, {"form_type": "4", "filings_date": "2017-12-26", "url": "https://www.sec.gov/Archives/edgar/data/0000843006/000165495417011854/xslF345X03/section16.xml"}, {"form_type": "8-K/A", "filings_date": "2017-12-13", "url": "https://www.sec.gov/Archives/edgar/data/0000843006/000165495417011579/isdr_8ka.htm"}, {"form_type": "4", "filings_date": "2017-11-24", "url": "https://www.sec.gov/Archives/edgar/data/0000843006/000165495417011035/xslF345X03/section16.xml"}, {"form_type": "4", "filings_date": "2017-11-17", "url": "https://www.sec.gov/Archives/edgar/data/0000843006/000165495417010854/xslF345X03/section16.xml"}, {"form_type": "4", "filings_date": "2017-11-15", "url": "https://www.sec.gov/Archives/edgar/data/0000843006/000165495417010746/xslF345X03/section16.xml"}, {"form_type": "8-K/A", "filings_date": "2017-11-03", "url": "https://www.sec.gov/Archives/edgar/data/0000843006/000165495417010003/isdr_8ka.htm"}, {"form_type": "10-Q", "filings_date": "2017-11-02", "url": "https://www.sec.gov/Archives/edgar/data/0000843006/000165495417009990/isdr_10q.htm"}, {"form_type": "8-K", "filings_date": "2017-11-02", "url": "https://www.sec.gov/Archives/edgar/data/0000843006/000165495417009984/isdr_8k.htm"}, {"form_type": "SC 13G", "filings_date": "2017-10-18", "url": "https://www.sec.gov/Archives/edgar/data/0000843006/000108514617002086/isdr_101117.htm"}, {"form_type": "SC 13G/A", "filings_date": "2017-10-11", "url": "https://www.sec.gov/Archives/edgar/data/0000843006/000132553317000028/isdr2017100613ga2.htm"}, {"form_type": "SC 13G/A", "filings_date": "2017-10-06", "url": "https://www.sec.gov/Archives/edgar/data/0000843006/000132553317000027/isdr2017100413ga1.htm"}, {"form_type": "8-K", "filings_date": "2017-10-03", "url": "https://www.sec.gov/Archives/edgar/data/0000843006/000165495417009070/isdr_8k.htm"}, {"form_type": "4", "filings_date": "2017-10-02", "url": "https://www.sec.gov/Archives/edgar/data/0000843006/000165495417009013/xslF345X03/section16.xml"}, {"form_type": "4", "filings_date": "2017-10-02", "url": "https://www.sec.gov/Archives/edgar/data/0000843006/000165495417009011/xslF345X03/section16.xml"}, {"form_type": "3", "filings_date": "2017-10-02", "url": "https://www.sec.gov/Archives/edgar/data/0000843006/000165495417009010/xslF345X02/section16.xml"}, {"form_type": "3", "filings_date": "2017-10-02", "url": "https://www.sec.gov/Archives/edgar/data/0000843006/000165495417009009/xslF345X02/section16.xml"}, {"form_type": "8-K", "filings_date": "2017-10-02", "url": "https://www.sec.gov/Archives/edgar/data/0000843006/000165495417009008/isdr_8k.htm"}, {"form_type": "SC 13D/A", "filings_date": "2017-09-26", "url": "https://www.sec.gov/Archives/edgar/data/0000843006/000114036117036489/formsc13da.htm"}, {"form_type": "SC 13D/A", "filings_date": "2017-09-11", "url": "https://www.sec.gov/Archives/edgar/data/0000843006/000114036117035032/sc13da.htm"}, {"form_type": "SC 13D", "filings_date": "2017-08-25", "url": "https://www.sec.gov/Archives/edgar/data/0000843006/000114036117033285/formsc13d.htm"}, {"form_type": "DEFR14A", "filings_date": "2017-08-22", "url": "https://www.sec.gov/Archives/edgar/data/0000843006/000165495417007832/isdr_defr14a.htm"}, {"form_type": "DEFA14A", "filings_date": "2017-08-08", "url": "https://www.sec.gov/Archives/edgar/data/0000843006/000165495417007041/isdr_defa14a.htm"}, {"form_type": "DEF 14A", "filings_date": "2017-08-07", "url": "https://www.sec.gov/Archives/edgar/data/0000843006/000165495417007002/isdr_def14a.htm"}, {"form_type": "10-Q", "filings_date": "2017-08-03", "url": "https://www.sec.gov/Archives/edgar/data/0000843006/000165495417006924/isdr_10q.htm"}, {"form_type": "8-K", "filings_date": "2017-08-03", "url": "https://www.sec.gov/Archives/edgar/data/0000843006/000165495417006917/isdr_8k.htm"}, {"form_type": "4", "filings_date": "2017-06-02", "url": "https://www.sec.gov/Archives/edgar/data/0000843006/000132553317000021/xslF345X03/primary_doc.xml"}, {"form_type": "424B3", "filings_date": "2017-05-25", "url": "https://www.sec.gov/Archives/edgar/data/0000843006/000165495417005079/isdr_424b3.htm"}, {"form_type": "EFFECT", "filings_date": "2017-05-24", "url": "https://www.sec.gov/Archives/edgar/data/0000843006/999999999517001377/xslEFFECTX01/primary_doc.xml"}, {"form_type": "CORRESP", "filings_date": "2017-05-19", "url": "https://www.sec.gov/Archives/edgar/data/0000843006/000165495417004946/filename1.htm"}, {"form_type": "UPLOAD", "filings_date": "2017-05-17", "url": "https://www.sec.gov/Archives/edgar/data/0000843006/000000000017017404/filename1.pdf"}, {"form_type": "S-3", "filings_date": "2017-05-10", "url": "https://www.sec.gov/Archives/edgar/data/0000843006/000165495417004314/isdr_s3.htm"}, {"form_type": "SC 13G", "filings_date": "2017-05-05", "url": "https://www.sec.gov/Archives/edgar/data/0000843006/000132553317000020/isdr2017050513g.htm"}, {"form_type": "8-K", "filings_date": "2017-05-05", "url": "https://www.sec.gov/Archives/edgar/data/0000843006/000165495417004146/isdr_8k.htm"}, {"form_type": "10-Q", "filings_date": "2017-05-04", "url": "https://www.sec.gov/Archives/edgar/data/0000843006/000165495417004071/isdr_10q.htm"}, {"form_type": "8-K", "filings_date": "2017-05-04", "url": "https://www.sec.gov/Archives/edgar/data/0000843006/000165495417004062/isdr_8k.htm"}, {"form_type": "4", "filings_date": "2017-05-02", "url": "https://www.sec.gov/Archives/edgar/data/0000843006/000132553317000019/xslF345X03/primary_doc.xml"}, {"form_type": "SC 13D/A", "filings_date": "2017-05-02", "url": "https://www.sec.gov/Archives/edgar/data/0000843006/000132553317000018/isdr2017050213da7.htm"}, {"form_type": "10-K/A", "filings_date": "2017-04-28", "url": "https://www.sec.gov/Archives/edgar/data/0000843006/000165495417003811/isdr_10ka.htm"}, {"form_type": "SC 13D/A", "filings_date": "2017-04-13", "url": "https://www.sec.gov/Archives/edgar/data/0000843006/000132553317000016/isdr2017041013da6.htm"}, {"form_type": "4", "filings_date": "2017-04-12", "url": "https://www.sec.gov/Archives/edgar/data/0000843006/000132553317000015/xslF345X03/primary_doc.xml"}, {"form_type": "4", "filings_date": "2017-04-07", "url": "https://www.sec.gov/Archives/edgar/data/0000843006/000132553317000013/xslF345X03/primary_doc.xml"}, {"form_type": "4", "filings_date": "2017-04-05", "url": "https://www.sec.gov/Archives/edgar/data/0000843006/000132553317000012/xslF345X03/primary_doc.xml"}, {"form_type": "4", "filings_date": "2017-04-03", "url": "https://www.sec.gov/Archives/edgar/data/0000843006/000132553317000011/xslF345X03/primary_doc.xml"}, {"form_type": "4", "filings_date": "2017-03-24", "url": "https://www.sec.gov/Archives/edgar/data/0000843006/000132553317000010/xslF345X03/primary_doc.xml"}, {"form_type": "4", "filings_date": "2017-03-21", "url": "https://www.sec.gov/Archives/edgar/data/0000843006/000132553317000009/xslF345X03/primary_doc.xml"}, {"form_type": "SC 13D/A", "filings_date": "2017-03-21", "url": "https://www.sec.gov/Archives/edgar/data/0000843006/000132553317000008/isdr2017031713da5.htm"}, {"form_type": "10-K", "filings_date": "2017-03-14", "url": "https://www.sec.gov/Archives/edgar/data/0000843006/000165495417001989/isdr_10k.htm"}, {"form_type": "4", "filings_date": "2017-03-06", "url": "https://www.sec.gov/Archives/edgar/data/0000843006/000132553317000007/xslF345X03/primary_doc.xml"}, {"form_type": "8-K", "filings_date": "2017-03-02", "url": "https://www.sec.gov/Archives/edgar/data/0000843006/000165495417001621/isdr_8k.htm"}, {"form_type": "DEF 14C", "filings_date": "2017-02-28", "url": "https://www.sec.gov/Archives/edgar/data/0000843006/000165495417001475/isdr_def14c.htm"}, {"form_type": "4", "filings_date": "2017-02-24", "url": "https://www.sec.gov/Archives/edgar/data/0000843006/000132553317000006/xslF345X03/primary_doc.xml"}, {"form_type": "4", "filings_date": "2017-02-21", "url": "https://www.sec.gov/Archives/edgar/data/0000843006/000132553317000005/xslF345X03/primary_doc.xml"}, {"form_type": "SC 13D/A", "filings_date": "2017-02-21", "url": "https://www.sec.gov/Archives/edgar/data/0000843006/000132553317000004/isdr2017021613da4.htm"}, {"form_type": "PRE 14C", "filings_date": "2017-02-17", "url": "https://www.sec.gov/Archives/edgar/data/0000843006/000165495417001179/isdr_pre14c.htm"}, {"form_type": "SC 13G/A", "filings_date": "2017-01-06", "url": "https://www.sec.gov/Archives/edgar/data/0000843006/000165495417000095/yorkmont_sc13ga.htm"}]}