{"company": {"cik": "0001397183", "name": "Iveda Solutions, Inc.", "sic": "Services-Prepackaged Software", "state_incorp": "NV", "ticker": "IVDA", "mailing_addr": "1744 S. VAL VISTA DRIVE, MESA, AZ, 85204", "category": "Non-accelerated filer<br>Smaller reporting company", "fiscal_year_end": "31, December"}, "filings": [{"form_type": "S-1/A", "filings_date": "2022-03-15", "url": "https://www.sec.gov/Archives/edgar/data/0001397183/000149315222006915/forms-1a.htm"}, {"form_type": "8-K", "filings_date": "2022-01-25", "url": "https://www.sec.gov/Archives/edgar/data/0001397183/000149315222002192/form8-k.htm"}, {"form_type": "4", "filings_date": "2022-01-03", "url": "https://www.sec.gov/Archives/edgar/data/0001397183/000149315222000202/xslF345X03/ownership.xml"}, {"form_type": "4", "filings_date": "2022-01-03", "url": "https://www.sec.gov/Archives/edgar/data/0001397183/000149315222000201/xslF345X03/ownership.xml"}, {"form_type": "4", "filings_date": "2022-01-03", "url": "https://www.sec.gov/Archives/edgar/data/0001397183/000149315222000200/xslF345X03/ownership.xml"}, {"form_type": "4", "filings_date": "2022-01-03", "url": "https://www.sec.gov/Archives/edgar/data/0001397183/000149315222000199/xslF345X03/ownership.xml"}, {"form_type": "4", "filings_date": "2022-01-03", "url": "https://www.sec.gov/Archives/edgar/data/0001397183/000149315222000198/xslF345X03/ownership.xml"}, {"form_type": "4", "filings_date": "2022-01-03", "url": "https://www.sec.gov/Archives/edgar/data/0001397183/000149315222000197/xslF345X03/ownership.xml"}, {"form_type": "4", "filings_date": "2022-01-03", "url": "https://www.sec.gov/Archives/edgar/data/0001397183/000149315222000196/xslF345X03/ownership.xml"}, {"form_type": "4", "filings_date": "2022-01-03", "url": "https://www.sec.gov/Archives/edgar/data/0001397183/000149315222000195/xslF345X03/ownership.xml"}, {"form_type": "S-1", "filings_date": "2021-12-30", "url": "https://www.sec.gov/Archives/edgar/data/0001397183/000149315221032910/forms-1.htm"}, {"form_type": "DEF 14A", "filings_date": "2021-12-21", "url": "https://www.sec.gov/Archives/edgar/data/0001397183/000149315221032202/formdef14a.htm"}, {"form_type": "PRE 14A", "filings_date": "2021-12-08", "url": "https://www.sec.gov/Archives/edgar/data/0001397183/000149315221030859/formpre14a.htm"}, {"form_type": "10-Q", "filings_date": "2021-11-15", "url": "https://www.sec.gov/Archives/edgar/data/0001397183/000149315221028289/form10-q.htm"}, {"form_type": "SEC STAFF ACTION", "filings_date": "2021-11-12", "url": "https://www.sec.gov/Archives/edgar/data/0001397183/999999999721005705/filename1.pdf"}, {"form_type": "CORRESP", "filings_date": "2021-11-10", "url": "https://www.sec.gov/Archives/edgar/data/0001397183/000149315221027805/filename1.htm"}, {"form_type": "10-12G/A", "filings_date": "2021-11-10", "url": "https://www.sec.gov/Archives/edgar/data/0001397183/000149315221027711/form10-12ga.htm"}, {"form_type": "CORRESP", "filings_date": "2021-11-09", "url": "https://www.sec.gov/Archives/edgar/data/0001397183/000149315221027713/filename1.htm"}, {"form_type": "UPLOAD", "filings_date": "2021-11-09", "url": "https://www.sec.gov/Archives/edgar/data/0001397183/000000000021013578/filename1.pdf"}, {"form_type": "CORRESP", "filings_date": "2021-11-04", "url": "https://www.sec.gov/Archives/edgar/data/0001397183/000149315221027178/filename1.htm"}, {"form_type": "10-12G/A", "filings_date": "2021-11-04", "url": "https://www.sec.gov/Archives/edgar/data/0001397183/000149315221027176/form10-12ga.htm"}, {"form_type": "UPLOAD", "filings_date": "2021-11-03", "url": "https://www.sec.gov/Archives/edgar/data/0001397183/000000000021013342/filename1.pdf"}, {"form_type": "CORRESP", "filings_date": "2021-10-25", "url": "https://www.sec.gov/Archives/edgar/data/0001397183/000149315221026221/filename1.htm"}, {"form_type": "10-12G/A", "filings_date": "2021-10-25", "url": "https://www.sec.gov/Archives/edgar/data/0001397183/000149315221026165/form10-12ga.htm"}, {"form_type": "UPLOAD", "filings_date": "2021-10-20", "url": "https://www.sec.gov/Archives/edgar/data/0001397183/000000000021012699/filename1.pdf"}, {"form_type": "4", "filings_date": "2021-09-27", "url": "https://www.sec.gov/Archives/edgar/data/0001397183/000149315221023791/xslF345X03/ownership.xml"}, {"form_type": "4", "filings_date": "2021-09-27", "url": "https://www.sec.gov/Archives/edgar/data/0001397183/000149315221023790/xslF345X03/ownership.xml"}, {"form_type": "4", "filings_date": "2021-09-27", "url": "https://www.sec.gov/Archives/edgar/data/0001397183/000149315221023789/xslF345X03/ownership.xml"}, {"form_type": "4", "filings_date": "2021-09-27", "url": "https://www.sec.gov/Archives/edgar/data/0001397183/000149315221023788/xslF345X03/ownership.xml"}, {"form_type": "4", "filings_date": "2021-09-27", "url": "https://www.sec.gov/Archives/edgar/data/0001397183/000149315221023786/xslF345X03/ownership.xml"}, {"form_type": "4", "filings_date": "2021-09-27", "url": "https://www.sec.gov/Archives/edgar/data/0001397183/000149315221023785/xslF345X03/ownership.xml"}, {"form_type": "4", "filings_date": "2021-09-27", "url": "https://www.sec.gov/Archives/edgar/data/0001397183/000149315221023782/xslF345X03/ownership.xml"}, {"form_type": "3", "filings_date": "2021-09-27", "url": "https://www.sec.gov/Archives/edgar/data/0001397183/000149315221023775/xslF345X02/ownership.xml"}, {"form_type": "10-12G", "filings_date": "2021-09-23", "url": "https://www.sec.gov/Archives/edgar/data/0001397183/000149315221023439/form10-12g.htm"}, {"form_type": "15-12G", "filings_date": "2018-03-02", "url": "https://www.sec.gov/Archives/edgar/data/0001397183/000149315218002836/form15-12g.htm"}, {"form_type": "SC 13G/A", "filings_date": "2018-02-14", "url": "https://www.sec.gov/Archives/edgar/data/0001397183/000114036118008071/formsc13ga.htm"}, {"form_type": "SC 13G/A", "filings_date": "2017-02-13", "url": "https://www.sec.gov/Archives/edgar/data/0001397183/000114036117006177/formsc13ga.htm"}, {"form_type": "4", "filings_date": "2017-01-03", "url": "https://www.sec.gov/Archives/edgar/data/0001397183/000149315217000087/xslF345X03/form4.xml"}, {"form_type": "4", "filings_date": "2017-01-03", "url": "https://www.sec.gov/Archives/edgar/data/0001397183/000149315217000086/xslF345X03/form4.xml"}, {"form_type": "4", "filings_date": "2017-01-03", "url": "https://www.sec.gov/Archives/edgar/data/0001397183/000149315217000085/xslF345X03/form4.xml"}, {"form_type": "4", "filings_date": "2017-01-03", "url": "https://www.sec.gov/Archives/edgar/data/0001397183/000149315217000084/xslF345X03/form4.xml"}, {"form_type": "4", "filings_date": "2017-01-03", "url": "https://www.sec.gov/Archives/edgar/data/0001397183/000149315217000083/xslF345X03/form4.xml"}, {"form_type": "4", "filings_date": "2017-01-03", "url": "https://www.sec.gov/Archives/edgar/data/0001397183/000149315217000082/xslF345X03/form4.xml"}, {"form_type": "4", "filings_date": "2017-01-03", "url": "https://www.sec.gov/Archives/edgar/data/0001397183/000149315217000081/xslF345X03/form4.xml"}, {"form_type": "4", "filings_date": "2017-01-03", "url": "https://www.sec.gov/Archives/edgar/data/0001397183/000149315217000080/xslF345X03/form4.xml"}]}