{"company": {"cik": "0001084048", "name": "ZIFF DAVIS, INC.", "sic": "Telegraph & Other Message Communications", "state_incorp": "", "ticker": "ZD", "mailing_addr": "114 5TH AVENUE, NEW YORK, NY, 10011", "category": "Large accelerated filer", "fiscal_year_end": "31, December"}, "filings": [{"form_type": "4", "filings_date": "2022-03-15", "url": "https://www.sec.gov/Archives/edgar/data/0001084048/000121465922003983/xslF345X03/marketforms-55795.xml"}, {"form_type": "4", "filings_date": "2022-03-15", "url": "https://www.sec.gov/Archives/edgar/data/0001084048/000121465922003980/xslF345X03/marketforms-55796.xml"}, {"form_type": "10-K", "filings_date": "2022-03-15", "url": "https://www.sec.gov/Archives/edgar/data/0001084048/000108404822000015/jcom-20211231.htm"}, {"form_type": "4", "filings_date": "2022-03-07", "url": "https://www.sec.gov/Archives/edgar/data/0001084048/000121465922003717/xslF345X03/marketforms-55729.xml"}, {"form_type": "4", "filings_date": "2022-03-07", "url": "https://www.sec.gov/Archives/edgar/data/0001084048/000121465922003716/xslF345X03/marketforms-55731.xml"}, {"form_type": "4", "filings_date": "2022-03-07", "url": "https://www.sec.gov/Archives/edgar/data/0001084048/000121465922003715/xslF345X03/marketforms-55730.xml"}, {"form_type": "8-K", "filings_date": "2022-03-04", "url": "https://www.sec.gov/Archives/edgar/data/0001084048/000108404822000011/jcom-20220304.htm"}, {"form_type": "NT 10-K", "filings_date": "2022-03-01", "url": "https://www.sec.gov/Archives/edgar/data/0001084048/000108404822000009/zd-form12bx25.htm"}, {"form_type": "8-K", "filings_date": "2022-02-15", "url": "https://www.sec.gov/Archives/edgar/data/0001084048/000108404822000005/jcom-20220215.htm"}, {"form_type": "SC 13G/A", "filings_date": "2022-02-14", "url": "https://www.sec.gov/Archives/edgar/data/0001084048/000117266122000689/arrowmark-jcom123121a1.htm"}, {"form_type": "SC 13G", "filings_date": "2022-02-11", "url": "https://www.sec.gov/Archives/edgar/data/0001084048/000127417322000064/zd2102022.txt"}, {"form_type": "SC 13G/A", "filings_date": "2022-02-10", "url": "https://www.sec.gov/Archives/edgar/data/0001084048/000110465922018954/tv02277-ziffdavisinc.htm"}, {"form_type": "SC 13G/A", "filings_date": "2022-01-28", "url": "https://www.sec.gov/Archives/edgar/data/0001084048/000083423722003192/us48123v1026_012822.txt"}, {"form_type": "8-K", "filings_date": "2022-01-12", "url": "https://www.sec.gov/Archives/edgar/data/0001084048/000108404822000002/jcom-20220112.htm"}, {"form_type": "4", "filings_date": "2022-01-04", "url": "https://www.sec.gov/Archives/edgar/data/0001084048/000121465922000287/xslF345X03/marketforms-54955.xml"}, {"form_type": "3", "filings_date": "2022-01-04", "url": "https://www.sec.gov/Archives/edgar/data/0001084048/000121465922000286/xslF345X02/marketforms-54946.xml"}, {"form_type": "3", "filings_date": "2022-01-04", "url": "https://www.sec.gov/Archives/edgar/data/0001084048/000121465922000285/xslF345X02/marketforms-54946.xml"}, {"form_type": "4", "filings_date": "2022-01-04", "url": "https://www.sec.gov/Archives/edgar/data/0001084048/000121465922000238/xslF345X03/marketforms-54869.xml"}, {"form_type": "4", "filings_date": "2021-12-14", "url": "https://www.sec.gov/Archives/edgar/data/0001084048/000121465921013087/xslF345X03/marketforms-54618.xml"}, {"form_type": "4", "filings_date": "2021-12-14", "url": "https://www.sec.gov/Archives/edgar/data/0001084048/000121465921013086/xslF345X03/marketforms-54622.xml"}, {"form_type": "4", "filings_date": "2021-12-14", "url": "https://www.sec.gov/Archives/edgar/data/0001084048/000121465921013085/xslF345X03/marketforms-54623.xml"}, {"form_type": "8-K", "filings_date": "2021-12-09", "url": "https://www.sec.gov/Archives/edgar/data/0001084048/000108404821000074/jcom-20211209.htm"}, {"form_type": "4", "filings_date": "2021-12-07", "url": "https://www.sec.gov/Archives/edgar/data/0001084048/000121465921012785/xslF345X03/marketforms-54503.xml"}, {"form_type": "4", "filings_date": "2021-11-23", "url": "https://www.sec.gov/Archives/edgar/data/0001084048/000121465921012207/xslF345X03/marketforms-54392.xml"}, {"form_type": "4", "filings_date": "2021-11-23", "url": "https://www.sec.gov/Archives/edgar/data/0001084048/000121465921012206/xslF345X03/marketforms-54391.xml"}, {"form_type": "4", "filings_date": "2021-11-23", "url": "https://www.sec.gov/Archives/edgar/data/0001084048/000121465921012205/xslF345X03/marketforms-54393.xml"}, {"form_type": "8-K", "filings_date": "2021-11-16", "url": "https://www.sec.gov/Archives/edgar/data/0001084048/000108404821000071/jcom-20211116.htm"}, {"form_type": "4", "filings_date": "2021-11-09", "url": "https://www.sec.gov/Archives/edgar/data/0001084048/000121465921011352/xslF345X03/marketforms-54177.xml"}, {"form_type": "10-Q", "filings_date": "2021-11-09", "url": "https://www.sec.gov/Archives/edgar/data/0001084048/000108404821000069/jcom-20210930.htm"}, {"form_type": "8-K", "filings_date": "2021-11-04", "url": "https://www.sec.gov/Archives/edgar/data/0001084048/000108404821000066/jcom-20211104.htm"}, {"form_type": "4", "filings_date": "2021-10-12", "url": "https://www.sec.gov/Archives/edgar/data/0001084048/000089924321039905/xslF345X03/doc4.xml"}, {"form_type": "8-K", "filings_date": "2021-10-08", "url": "https://www.sec.gov/Archives/edgar/data/0001084048/000119312521294838/d218119d8k.htm"}, {"form_type": "4", "filings_date": "2021-10-04", "url": "https://www.sec.gov/Archives/edgar/data/0001084048/000121465921010219/xslF345X03/marketforms-53956.xml"}, {"form_type": "8-K", "filings_date": "2021-09-28", "url": "https://www.sec.gov/Archives/edgar/data/0001084048/000119312521284623/d234331d8k.htm"}, {"form_type": "3", "filings_date": "2021-09-23", "url": "https://www.sec.gov/Archives/edgar/data/0001084048/000089924321037419/xslF345X02/doc3.xml"}, {"form_type": "8-K", "filings_date": "2021-09-22", "url": "https://www.sec.gov/Archives/edgar/data/0001084048/000119312521278816/d210365d8k.htm"}, {"form_type": "4/A", "filings_date": "2021-09-14", "url": "https://www.sec.gov/Archives/edgar/data/0001084048/000121465921009497/xslF345X03/marketforms-53807.xml"}, {"form_type": "4", "filings_date": "2021-09-10", "url": "https://www.sec.gov/Archives/edgar/data/0001084048/000121465921009429/xslF345X03/marketforms-53753.xml"}, {"form_type": "8-K", "filings_date": "2021-09-09", "url": "https://www.sec.gov/Archives/edgar/data/0001084048/000108404821000062/jcom-20210909.htm"}, {"form_type": "8-K", "filings_date": "2021-09-09", "url": "https://www.sec.gov/Archives/edgar/data/0001084048/000108404821000059/jcom-20210909.htm"}, {"form_type": "4", "filings_date": "2021-08-25", "url": "https://www.sec.gov/Archives/edgar/data/0001084048/000121465921008996/xslF345X03/marketforms-53647.xml"}, {"form_type": "8-K", "filings_date": "2021-08-17", "url": "https://www.sec.gov/Archives/edgar/data/0001084048/000119312521248743/d207618d8k.htm"}, {"form_type": "8-K", "filings_date": "2021-08-11", "url": "https://www.sec.gov/Archives/edgar/data/0001084048/000108404821000057/jcom-20210811.htm"}, {"form_type": "4", "filings_date": "2021-08-11", "url": "https://www.sec.gov/Archives/edgar/data/0001084048/000121465921008340/xslF345X03/marketforms-53563.xml"}, {"form_type": "10-Q", "filings_date": "2021-08-09", "url": "https://www.sec.gov/Archives/edgar/data/0001084048/000108404821000055/jcom-20210630.htm"}, {"form_type": "8-K/A", "filings_date": "2021-08-06", "url": "https://www.sec.gov/Archives/edgar/data/0001084048/000108404821000053/jcom-20210805.htm"}, {"form_type": "8-K", "filings_date": "2021-08-05", "url": "https://www.sec.gov/Archives/edgar/data/0001084048/000108404821000050/jcom-20210805.htm"}, {"form_type": "4", "filings_date": "2021-07-27", "url": "https://www.sec.gov/Archives/edgar/data/0001084048/000121465921007873/xslF345X03/marketforms-53482.xml"}, {"form_type": "4", "filings_date": "2021-07-27", "url": "https://www.sec.gov/Archives/edgar/data/0001084048/000121465921007871/xslF345X03/marketforms-53481.xml"}, {"form_type": "4", "filings_date": "2021-07-27", "url": "https://www.sec.gov/Archives/edgar/data/0001084048/000121465921007870/xslF345X03/marketforms-53480.xml"}, {"form_type": "4", "filings_date": "2021-07-15", "url": "https://www.sec.gov/Archives/edgar/data/0001084048/000121465921007539/xslF345X03/marketforms-53396.xml"}, {"form_type": "4", "filings_date": "2021-07-15", "url": "https://www.sec.gov/Archives/edgar/data/0001084048/000121465921007508/xslF345X03/marketforms-53392.xml"}, {"form_type": "4", "filings_date": "2021-07-15", "url": "https://www.sec.gov/Archives/edgar/data/0001084048/000121465921007509/xslF345X03/marketforms-53393.xml"}, {"form_type": "4", "filings_date": "2021-07-15", "url": "https://www.sec.gov/Archives/edgar/data/0001084048/000121465921007507/xslF345X03/marketforms-53390.xml"}, {"form_type": "4", "filings_date": "2021-07-15", "url": "https://www.sec.gov/Archives/edgar/data/0001084048/000121465921007506/xslF345X03/marketforms-53391.xml"}, {"form_type": "8-K", "filings_date": "2021-07-13", "url": "https://www.sec.gov/Archives/edgar/data/0001084048/000108404821000047/jcom-20210713.htm"}, {"form_type": "4/A", "filings_date": "2021-07-06", "url": "https://www.sec.gov/Archives/edgar/data/0001084048/000121465921007309/xslF345X03/marketforms-53358.xml"}, {"form_type": "4/A", "filings_date": "2021-07-06", "url": "https://www.sec.gov/Archives/edgar/data/0001084048/000121465921007308/xslF345X03/marketforms-53354.xml"}, {"form_type": "4/A", "filings_date": "2021-07-06", "url": "https://www.sec.gov/Archives/edgar/data/0001084048/000121465921007307/xslF345X03/marketforms-53359.xml"}, {"form_type": "4", "filings_date": "2021-07-02", "url": "https://www.sec.gov/Archives/edgar/data/0001084048/000121465921007178/xslF345X03/marketforms-53329.xml"}, {"form_type": "4", "filings_date": "2021-07-02", "url": "https://www.sec.gov/Archives/edgar/data/0001084048/000121465921007177/xslF345X03/marketforms-53328.xml"}, {"form_type": "4", "filings_date": "2021-07-02", "url": "https://www.sec.gov/Archives/edgar/data/0001084048/000121465921007176/xslF345X03/marketforms-53327.xml"}, {"form_type": "4", "filings_date": "2021-06-22", "url": "https://www.sec.gov/Archives/edgar/data/0001084048/000121465921006834/xslF345X03/marketforms-53178.xml"}, {"form_type": "3", "filings_date": "2021-06-22", "url": "https://www.sec.gov/Archives/edgar/data/0001084048/000121465921006833/xslF345X02/marketforms-53177.xml"}, {"form_type": "8-K", "filings_date": "2021-06-21", "url": "https://www.sec.gov/Archives/edgar/data/0001084048/000108404821000044/jcom-20210621.htm"}, {"form_type": "4", "filings_date": "2021-06-15", "url": "https://www.sec.gov/Archives/edgar/data/0001084048/000121465921006616/xslF345X03/marketforms-53145.xml"}, {"form_type": "SC TO-I/A", "filings_date": "2021-06-15", "url": "https://www.sec.gov/Archives/edgar/data/0001084048/000119312521191268/d175589dsctoia.htm"}, {"form_type": "4", "filings_date": "2021-06-14", "url": "https://www.sec.gov/Archives/edgar/data/0001084048/000121465921006586/xslF345X03/marketforms-53114.xml"}, {"form_type": "4", "filings_date": "2021-06-14", "url": "https://www.sec.gov/Archives/edgar/data/0001084048/000121465921006585/xslF345X03/marketforms-53116.xml"}, {"form_type": "4", "filings_date": "2021-06-14", "url": "https://www.sec.gov/Archives/edgar/data/0001084048/000121465921006584/xslF345X03/marketforms-53115.xml"}, {"form_type": "8-K", "filings_date": "2021-06-09", "url": "https://www.sec.gov/Archives/edgar/data/0001084048/000108404821000042/jcom-20210609.htm"}, {"form_type": "4", "filings_date": "2021-06-09", "url": "https://www.sec.gov/Archives/edgar/data/0001084048/000121465921006393/xslF345X03/marketforms-53094.xml"}, {"form_type": "8-K", "filings_date": "2021-06-03", "url": "https://www.sec.gov/Archives/edgar/data/0001084048/000108404821000040/jcom-20210602.htm"}, {"form_type": "8-K", "filings_date": "2021-06-01", "url": "https://www.sec.gov/Archives/edgar/data/0001084048/000108404821000037/jcom-20210601.htm"}, {"form_type": "4", "filings_date": "2021-05-25", "url": "https://www.sec.gov/Archives/edgar/data/0001084048/000121465921005893/xslF345X03/marketforms-52872.xml"}, {"form_type": "8-K", "filings_date": "2021-05-17", "url": "https://www.sec.gov/Archives/edgar/data/0001084048/000108404821000034/jcom-20210517.htm"}, {"form_type": "4", "filings_date": "2021-05-14", "url": "https://www.sec.gov/Archives/edgar/data/0001084048/000121465921005459/xslF345X03/marketforms-52759.xml"}, {"form_type": "SC TO-I", "filings_date": "2021-05-14", "url": "https://www.sec.gov/Archives/edgar/data/0001084048/000119312521162088/d524790dsctoi.htm"}, {"form_type": "4", "filings_date": "2021-05-11", "url": "https://www.sec.gov/Archives/edgar/data/0001084048/000121465921005186/xslF345X03/marketforms-52730.xml"}, {"form_type": "4", "filings_date": "2021-05-11", "url": "https://www.sec.gov/Archives/edgar/data/0001084048/000121465921005185/xslF345X03/marketforms-52729.xml"}, {"form_type": "4", "filings_date": "2021-05-11", "url": "https://www.sec.gov/Archives/edgar/data/0001084048/000121465921005184/xslF345X03/marketforms-52727.xml"}, {"form_type": "4", "filings_date": "2021-05-11", "url": "https://www.sec.gov/Archives/edgar/data/0001084048/000121465921005183/xslF345X03/marketforms-52728.xml"}, {"form_type": "4", "filings_date": "2021-05-10", "url": "https://www.sec.gov/Archives/edgar/data/0001084048/000121465921005139/xslF345X03/marketforms-52721.xml"}, {"form_type": "4", "filings_date": "2021-05-10", "url": "https://www.sec.gov/Archives/edgar/data/0001084048/000121465921005138/xslF345X03/marketforms-52720.xml"}, {"form_type": "4", "filings_date": "2021-05-10", "url": "https://www.sec.gov/Archives/edgar/data/0001084048/000121465921005137/xslF345X03/marketforms-52711.xml"}, {"form_type": "4", "filings_date": "2021-05-10", "url": "https://www.sec.gov/Archives/edgar/data/0001084048/000121465921005136/xslF345X03/marketforms-52710.xml"}, {"form_type": "4", "filings_date": "2021-05-10", "url": "https://www.sec.gov/Archives/edgar/data/0001084048/000121465921005135/xslF345X03/marketforms-52709.xml"}, {"form_type": "4", "filings_date": "2021-05-10", "url": "https://www.sec.gov/Archives/edgar/data/0001084048/000121465921005134/xslF345X03/marketforms-52708.xml"}, {"form_type": "4", "filings_date": "2021-05-10", "url": "https://www.sec.gov/Archives/edgar/data/0001084048/000121465921005133/xslF345X03/marketforms-52707.xml"}, {"form_type": "4", "filings_date": "2021-05-10", "url": "https://www.sec.gov/Archives/edgar/data/0001084048/000121465921005132/xslF345X03/marketforms-52706.xml"}, {"form_type": "10-Q", "filings_date": "2021-05-10", "url": "https://www.sec.gov/Archives/edgar/data/0001084048/000108404821000032/jcom-20210331.htm"}, {"form_type": "8-K", "filings_date": "2021-05-10", "url": "https://www.sec.gov/Archives/edgar/data/0001084048/000108404821000030/jcom-20210510.htm"}, {"form_type": "4", "filings_date": "2021-05-06", "url": "https://www.sec.gov/Archives/edgar/data/0001084048/000121465921005016/xslF345X03/marketforms-52686.xml"}, {"form_type": "4", "filings_date": "2021-05-06", "url": "https://www.sec.gov/Archives/edgar/data/0001084048/000121465921005015/xslF345X03/marketforms-52687.xml"}, {"form_type": "4", "filings_date": "2021-05-06", "url": "https://www.sec.gov/Archives/edgar/data/0001084048/000121465921005014/xslF345X03/marketforms-52685.xml"}, {"form_type": "4", "filings_date": "2021-05-06", "url": "https://www.sec.gov/Archives/edgar/data/0001084048/000121465921005013/xslF345X03/marketforms-52684.xml"}, {"form_type": "4", "filings_date": "2021-05-05", "url": "https://www.sec.gov/Archives/edgar/data/0001084048/000121465921004956/xslF345X03/marketforms-52681.xml"}, {"form_type": "4", "filings_date": "2021-05-05", "url": "https://www.sec.gov/Archives/edgar/data/0001084048/000121465921004957/xslF345X03/marketforms-52680.xml"}, {"form_type": "4", "filings_date": "2021-05-05", "url": "https://www.sec.gov/Archives/edgar/data/0001084048/000121465921004955/xslF345X03/marketforms-52662.xml"}, {"form_type": "4", "filings_date": "2021-05-05", "url": "https://www.sec.gov/Archives/edgar/data/0001084048/000121465921004954/xslF345X03/marketforms-52661.xml"}, {"form_type": "4", "filings_date": "2021-04-26", "url": "https://www.sec.gov/Archives/edgar/data/0001084048/000121465921004495/xslF345X03/marketforms-52355.xml"}, {"form_type": "4", "filings_date": "2021-04-26", "url": "https://www.sec.gov/Archives/edgar/data/0001084048/000121465921004494/xslF345X03/marketforms-52354.xml"}, {"form_type": "4", "filings_date": "2021-04-26", "url": "https://www.sec.gov/Archives/edgar/data/0001084048/000121465921004493/xslF345X03/marketforms-52353.xml"}, {"form_type": "4", "filings_date": "2021-04-26", "url": "https://www.sec.gov/Archives/edgar/data/0001084048/000121465921004492/xslF345X03/marketforms-52352.xml"}, {"form_type": "8-K", "filings_date": "2021-04-20", "url": "https://www.sec.gov/Archives/edgar/data/0001084048/000108404821000025/jcom-20210419.htm"}, {"form_type": "4", "filings_date": "2021-04-14", "url": "https://www.sec.gov/Archives/edgar/data/0001084048/000121465921004190/xslF345X03/marketforms-52262.xml"}, {"form_type": "4", "filings_date": "2021-04-12", "url": "https://www.sec.gov/Archives/edgar/data/0001084048/000121465921004123/xslF345X03/marketforms-52240.xml"}, {"form_type": "4", "filings_date": "2021-04-12", "url": "https://www.sec.gov/Archives/edgar/data/0001084048/000121465921004121/xslF345X03/marketforms-52238.xml"}, {"form_type": "4", "filings_date": "2021-04-12", "url": "https://www.sec.gov/Archives/edgar/data/0001084048/000121465921004122/xslF345X03/marketforms-52239.xml"}, {"form_type": "8-K", "filings_date": "2021-04-09", "url": "https://www.sec.gov/Archives/edgar/data/0001084048/000108404821000022/jcom-20210407.htm"}, {"form_type": "4", "filings_date": "2021-03-31", "url": "https://www.sec.gov/Archives/edgar/data/0001084048/000121465921003736/xslF345X03/marketforms-52108.xml"}, {"form_type": "4", "filings_date": "2021-03-31", "url": "https://www.sec.gov/Archives/edgar/data/0001084048/000121465921003735/xslF345X03/marketforms-52107.xml"}, {"form_type": "4", "filings_date": "2021-03-31", "url": "https://www.sec.gov/Archives/edgar/data/0001084048/000121465921003734/xslF345X03/marketforms-52109.xml"}, {"form_type": "DEFA14A", "filings_date": "2021-03-26", "url": "https://www.sec.gov/Archives/edgar/data/0001084048/000108404821000020/jcomdefa14a2021.htm"}, {"form_type": "DEF 14A", "filings_date": "2021-03-26", "url": "https://www.sec.gov/Archives/edgar/data/0001084048/000108404821000018/jcomdef14a2021.htm"}, {"form_type": "4", "filings_date": "2021-03-25", "url": "https://www.sec.gov/Archives/edgar/data/0001084048/000121465921003462/xslF345X03/marketforms-52090.xml"}, {"form_type": "4", "filings_date": "2021-03-25", "url": "https://www.sec.gov/Archives/edgar/data/0001084048/000121465921003461/xslF345X03/marketforms-52091.xml"}, {"form_type": "4", "filings_date": "2021-03-25", "url": "https://www.sec.gov/Archives/edgar/data/0001084048/000121465921003460/xslF345X03/marketforms-52089.xml"}, {"form_type": "4", "filings_date": "2021-03-25", "url": "https://www.sec.gov/Archives/edgar/data/0001084048/000121465921003459/xslF345X03/marketforms-52046.xml"}, {"form_type": "4", "filings_date": "2021-03-16", "url": "https://www.sec.gov/Archives/edgar/data/0001084048/000121465921003210/xslF345X03/marketforms-51896.xml"}, {"form_type": "4", "filings_date": "2021-03-16", "url": "https://www.sec.gov/Archives/edgar/data/0001084048/000121465921003209/xslF345X03/marketforms-51895.xml"}, {"form_type": "4", "filings_date": "2021-03-16", "url": "https://www.sec.gov/Archives/edgar/data/0001084048/000121465921003208/xslF345X03/marketforms-51894.xml"}, {"form_type": "4", "filings_date": "2021-03-12", "url": "https://www.sec.gov/Archives/edgar/data/0001084048/000121465921003102/xslF345X03/marketforms-51890.xml"}, {"form_type": "4", "filings_date": "2021-03-12", "url": "https://www.sec.gov/Archives/edgar/data/0001084048/000121465921003100/xslF345X03/marketforms-51888.xml"}, {"form_type": "4", "filings_date": "2021-03-12", "url": "https://www.sec.gov/Archives/edgar/data/0001084048/000121465921003101/xslF345X03/marketforms-51889.xml"}, {"form_type": "4/A", "filings_date": "2021-03-09", "url": "https://www.sec.gov/Archives/edgar/data/0001084048/000121465921002967/xslF345X03/marketforms-51855.xml"}, {"form_type": "4/A", "filings_date": "2021-03-09", "url": "https://www.sec.gov/Archives/edgar/data/0001084048/000121465921002966/xslF345X03/marketforms-51856.xml"}, {"form_type": "4/A", "filings_date": "2021-03-09", "url": "https://www.sec.gov/Archives/edgar/data/0001084048/000121465921002965/xslF345X03/marketforms-51854.xml"}, {"form_type": "4", "filings_date": "2021-03-09", "url": "https://www.sec.gov/Archives/edgar/data/0001084048/000121465921002963/xslF345X03/marketforms-51852.xml"}, {"form_type": "4", "filings_date": "2021-03-09", "url": "https://www.sec.gov/Archives/edgar/data/0001084048/000121465921002962/xslF345X03/marketforms-51843.xml"}, {"form_type": "4", "filings_date": "2021-03-09", "url": "https://www.sec.gov/Archives/edgar/data/0001084048/000121465921002961/xslF345X03/marketforms-51845.xml"}, {"form_type": "4", "filings_date": "2021-03-09", "url": "https://www.sec.gov/Archives/edgar/data/0001084048/000121465921002960/xslF345X03/marketforms-51851.xml"}, {"form_type": "4", "filings_date": "2021-03-05", "url": "https://www.sec.gov/Archives/edgar/data/0001084048/000121465921002834/xslF345X03/marketforms-51776.xml"}, {"form_type": "4/A", "filings_date": "2021-03-05", "url": "https://www.sec.gov/Archives/edgar/data/0001084048/000121465921002833/xslF345X03/marketforms-51777.xml"}, {"form_type": "4", "filings_date": "2021-03-05", "url": "https://www.sec.gov/Archives/edgar/data/0001084048/000121465921002826/xslF345X03/marketforms-51778.xml"}, {"form_type": "4", "filings_date": "2021-03-05", "url": "https://www.sec.gov/Archives/edgar/data/0001084048/000121465921002825/xslF345X03/marketforms-51779.xml"}, {"form_type": "4", "filings_date": "2021-03-05", "url": "https://www.sec.gov/Archives/edgar/data/0001084048/000121465921002824/xslF345X03/marketforms-51780.xml"}, {"form_type": "4/A", "filings_date": "2021-03-05", "url": "https://www.sec.gov/Archives/edgar/data/0001084048/000121465921002823/xslF345X03/marketforms-51768.xml"}, {"form_type": "4/A", "filings_date": "2021-03-05", "url": "https://www.sec.gov/Archives/edgar/data/0001084048/000121465921002822/xslF345X03/marketforms-51765.xml"}, {"form_type": "4/A", "filings_date": "2021-03-05", "url": "https://www.sec.gov/Archives/edgar/data/0001084048/000121465921002821/xslF345X03/marketforms-51763.xml"}, {"form_type": "10-K", "filings_date": "2021-03-01", "url": "https://www.sec.gov/Archives/edgar/data/0001084048/000108404821000012/jcom-20201231.htm"}, {"form_type": "8-K", "filings_date": "2021-03-01", "url": "https://www.sec.gov/Archives/edgar/data/0001084048/000108404821000006/jcom-20210301.htm"}, {"form_type": "4", "filings_date": "2021-02-25", "url": "https://www.sec.gov/Archives/edgar/data/0001084048/000121465921002355/xslF345X03/marketforms-51638.xml"}, {"form_type": "4", "filings_date": "2021-02-25", "url": "https://www.sec.gov/Archives/edgar/data/0001084048/000121465921002354/xslF345X03/marketforms-51636.xml"}, {"form_type": "4", "filings_date": "2021-02-25", "url": "https://www.sec.gov/Archives/edgar/data/0001084048/000121465921002353/xslF345X03/marketforms-51639.xml"}, {"form_type": "4", "filings_date": "2021-02-25", "url": "https://www.sec.gov/Archives/edgar/data/0001084048/000121465921002352/xslF345X03/marketforms-51640.xml"}, {"form_type": "4", "filings_date": "2021-02-18", "url": "https://www.sec.gov/Archives/edgar/data/0001084048/000121465921002067/xslF345X03/marketforms-51497.xml"}, {"form_type": "SC 13G", "filings_date": "2021-02-16", "url": "https://www.sec.gov/Archives/edgar/data/0001084048/000117266121000630/arrowmark-jcom123120.htm"}, {"form_type": "8-K", "filings_date": "2021-02-12", "url": "https://www.sec.gov/Archives/edgar/data/0001084048/000108404821000004/jcom-20210211.htm"}, {"form_type": "5", "filings_date": "2021-02-11", "url": "https://www.sec.gov/Archives/edgar/data/0001084048/000121465921001589/xslF345X03/marketforms-50932.xml"}, {"form_type": "SC 13G/A", "filings_date": "2021-02-11", "url": "https://www.sec.gov/Archives/edgar/data/0001084048/000110465921020592/tm216055-10_sc13ga.htm"}, {"form_type": "SC 13G/A", "filings_date": "2021-02-10", "url": "https://www.sec.gov/Archives/edgar/data/0001084048/000110465921018405/tv01181-j2globalinc.htm"}, {"form_type": "SC 13G/A", "filings_date": "2021-01-27", "url": "https://www.sec.gov/Archives/edgar/data/0001084048/000083423721002065/us48123v1026_012621.txt"}, {"form_type": "5", "filings_date": "2021-01-14", "url": "https://www.sec.gov/Archives/edgar/data/0001084048/000121465921000505/xslF345X03/marketforms-50931.xml"}, {"form_type": "4", "filings_date": "2021-01-05", "url": "https://www.sec.gov/Archives/edgar/data/0001084048/000121465921000113/xslF345X03/marketforms-50833.xml"}, {"form_type": "8-K", "filings_date": "2021-01-05", "url": "https://www.sec.gov/Archives/edgar/data/0001084048/000108404821000002/jcom-20210105.htm"}, {"form_type": "8-K", "filings_date": "2020-12-28", "url": "https://www.sec.gov/Archives/edgar/data/0001084048/000108404820000058/jcom-20201222.htm"}, {"form_type": "4", "filings_date": "2020-12-16", "url": "https://www.sec.gov/Archives/edgar/data/0001084048/000121465920010489/xslF345X03/marketforms-50623.xml"}, {"form_type": "4", "filings_date": "2020-12-14", "url": "https://www.sec.gov/Archives/edgar/data/0001084048/000121465920010391/xslF345X03/marketforms-50584.xml"}, {"form_type": "4/A", "filings_date": "2020-12-02", "url": "https://www.sec.gov/Archives/edgar/data/0001084048/000121465920010127/xslF345X03/marketforms-50517.xml"}, {"form_type": "8-K", "filings_date": "2020-12-01", "url": "https://www.sec.gov/Archives/edgar/data/0001084048/000108404820000056/jcom-20201201.htm"}, {"form_type": "4", "filings_date": "2020-11-30", "url": "https://www.sec.gov/Archives/edgar/data/0001084048/000121465920010007/xslF345X03/marketforms-50353.xml"}, {"form_type": "4", "filings_date": "2020-11-23", "url": "https://www.sec.gov/Archives/edgar/data/0001084048/000121465920009837/xslF345X03/marketforms-50235.xml"}, {"form_type": "8-K/A", "filings_date": "2020-11-18", "url": "https://www.sec.gov/Archives/edgar/data/0001084048/000108404820000054/jcom-20201118.htm"}, {"form_type": "8-K", "filings_date": "2020-11-18", "url": "https://www.sec.gov/Archives/edgar/data/0001084048/000108404820000052/jcom-20201118.htm"}, {"form_type": "4", "filings_date": "2020-11-10", "url": "https://www.sec.gov/Archives/edgar/data/0001084048/000121465920009275/xslF345X03/marketforms-50105.xml"}, {"form_type": "10-Q", "filings_date": "2020-11-09", "url": "https://www.sec.gov/Archives/edgar/data/0001084048/000108404820000050/jcom-20200930.htm"}, {"form_type": "8-K", "filings_date": "2020-11-03", "url": "https://www.sec.gov/Archives/edgar/data/0001084048/000108404820000048/jcom-20201103.htm"}, {"form_type": "4", "filings_date": "2020-10-28", "url": "https://www.sec.gov/Archives/edgar/data/0001084048/000121465920008900/xslF345X03/marketforms-49911.xml"}, {"form_type": "3", "filings_date": "2020-10-28", "url": "https://www.sec.gov/Archives/edgar/data/0001084048/000121465920008899/xslF345X02/marketforms-49910.xml"}, {"form_type": "8-K", "filings_date": "2020-10-13", "url": "https://www.sec.gov/Archives/edgar/data/0001084048/000108404820000046/jcom-20201012.htm"}, {"form_type": "8-K", "filings_date": "2020-10-07", "url": "https://www.sec.gov/Archives/edgar/data/0001084048/000119312520265657/d32863d8k.htm"}, {"form_type": "8-K", "filings_date": "2020-10-02", "url": "https://www.sec.gov/Archives/edgar/data/0001084048/000119312520262656/d939284d8k.htm"}, {"form_type": "8-K", "filings_date": "2020-10-01", "url": "https://www.sec.gov/Archives/edgar/data/0001084048/000119312520261389/d910666d8k.htm"}, {"form_type": "8-K", "filings_date": "2020-09-24", "url": "https://www.sec.gov/Archives/edgar/data/0001084048/000108404820000043/jcom-20200924.htm"}, {"form_type": "4", "filings_date": "2020-09-10", "url": "https://www.sec.gov/Archives/edgar/data/0001084048/000121465920007774/xslF345X03/marketforms-49662.xml"}, {"form_type": "8-K", "filings_date": "2020-09-08", "url": "https://www.sec.gov/Archives/edgar/data/0001084048/000108404820000041/jcom-20200908.htm"}, {"form_type": "4", "filings_date": "2020-08-10", "url": "https://www.sec.gov/Archives/edgar/data/0001084048/000121465920006935/xslF345X03/marketforms-49431.xml"}, {"form_type": "3", "filings_date": "2020-08-10", "url": "https://www.sec.gov/Archives/edgar/data/0001084048/000121465920006934/xslF345X02/marketforms-49430.xml"}, {"form_type": "10-Q", "filings_date": "2020-08-10", "url": "https://www.sec.gov/Archives/edgar/data/0001084048/000108404820000039/jcom-20200630.htm"}, {"form_type": "8-K", "filings_date": "2020-08-10", "url": "https://www.sec.gov/Archives/edgar/data/0001084048/000108404820000038/jcom-20200810.htm"}, {"form_type": "8-K", "filings_date": "2020-08-10", "url": "https://www.sec.gov/Archives/edgar/data/0001084048/000108404820000034/jcom-20200810.htm"}, {"form_type": "8-K", "filings_date": "2020-07-06", "url": "https://www.sec.gov/Archives/edgar/data/0001084048/000108404820000032/jcom-20200702.htm"}, {"form_type": "8-K", "filings_date": "2020-06-25", "url": "https://www.sec.gov/Archives/edgar/data/0001084048/000108404820000030/jcom-20200625.htm"}, {"form_type": "4", "filings_date": "2020-06-03", "url": "https://www.sec.gov/Archives/edgar/data/0001084048/000121465920005380/xslF345X03/marketforms-48766.xml"}, {"form_type": "4", "filings_date": "2020-06-03", "url": "https://www.sec.gov/Archives/edgar/data/0001084048/000121465920005379/xslF345X03/marketforms-48767.xml"}, {"form_type": "4", "filings_date": "2020-06-03", "url": "https://www.sec.gov/Archives/edgar/data/0001084048/000121465920005378/xslF345X03/marketforms-48768.xml"}, {"form_type": "4", "filings_date": "2020-06-03", "url": "https://www.sec.gov/Archives/edgar/data/0001084048/000121465920005377/xslF345X03/marketforms-48769.xml"}, {"form_type": "8-K", "filings_date": "2020-06-02", "url": "https://www.sec.gov/Archives/edgar/data/0001084048/000108404820000028/jcom-20200602.htm"}, {"form_type": "10-Q", "filings_date": "2020-05-11", "url": "https://www.sec.gov/Archives/edgar/data/0001084048/000108404820000026/jcom-20200331.htm"}, {"form_type": "8-K", "filings_date": "2020-05-11", "url": "https://www.sec.gov/Archives/edgar/data/0001084048/000108404820000025/jcom-20200511.htm"}, {"form_type": "4", "filings_date": "2020-05-08", "url": "https://www.sec.gov/Archives/edgar/data/0001084048/000121465920004237/xslF345X03/marketforms-48732.xml"}, {"form_type": "4", "filings_date": "2020-05-08", "url": "https://www.sec.gov/Archives/edgar/data/0001084048/000121465920004236/xslF345X03/marketforms-48731.xml"}, {"form_type": "4", "filings_date": "2020-05-08", "url": "https://www.sec.gov/Archives/edgar/data/0001084048/000121465920004235/xslF345X03/marketforms-48730.xml"}, {"form_type": "4", "filings_date": "2020-05-08", "url": "https://www.sec.gov/Archives/edgar/data/0001084048/000121465920004234/xslF345X03/marketforms-48729.xml"}, {"form_type": "4", "filings_date": "2020-05-08", "url": "https://www.sec.gov/Archives/edgar/data/0001084048/000121465920004233/xslF345X03/marketforms-48728.xml"}, {"form_type": "4", "filings_date": "2020-05-08", "url": "https://www.sec.gov/Archives/edgar/data/0001084048/000121465920004232/xslF345X03/marketforms-48727.xml"}, {"form_type": "4", "filings_date": "2020-05-08", "url": "https://www.sec.gov/Archives/edgar/data/0001084048/000121465920004231/xslF345X03/marketforms-48733.xml"}, {"form_type": "4", "filings_date": "2020-05-05", "url": "https://www.sec.gov/Archives/edgar/data/0001084048/000121465920004100/xslF345X03/marketforms-48698.xml"}, {"form_type": "4", "filings_date": "2020-05-05", "url": "https://www.sec.gov/Archives/edgar/data/0001084048/000121465920004099/xslF345X03/marketforms-48699.xml"}, {"form_type": "4", "filings_date": "2020-05-05", "url": "https://www.sec.gov/Archives/edgar/data/0001084048/000121465920004090/xslF345X03/marketforms-48683.xml"}, {"form_type": "4", "filings_date": "2020-05-05", "url": "https://www.sec.gov/Archives/edgar/data/0001084048/000121465920004089/xslF345X03/marketforms-48681.xml"}, {"form_type": "4", "filings_date": "2020-05-05", "url": "https://www.sec.gov/Archives/edgar/data/0001084048/000121465920004088/xslF345X03/marketforms-48685.xml"}, {"form_type": "4", "filings_date": "2020-05-05", "url": "https://www.sec.gov/Archives/edgar/data/0001084048/000121465920004087/xslF345X03/marketforms-48686.xml"}, {"form_type": "4", "filings_date": "2020-05-05", "url": "https://www.sec.gov/Archives/edgar/data/0001084048/000121465920004082/xslF345X03/marketforms-48684.xml"}, {"form_type": "4", "filings_date": "2020-05-05", "url": "https://www.sec.gov/Archives/edgar/data/0001084048/000121465920004081/xslF345X03/marketforms-48682.xml"}, {"form_type": "4", "filings_date": "2020-05-05", "url": "https://www.sec.gov/Archives/edgar/data/0001084048/000121465920004080/xslF345X03/marketforms-48679.xml"}, {"form_type": "4", "filings_date": "2020-04-24", "url": "https://www.sec.gov/Archives/edgar/data/0001084048/000121465920003711/xslF345X03/marketforms-48294.xml"}, {"form_type": "5/A", "filings_date": "2020-04-24", "url": "https://www.sec.gov/Archives/edgar/data/0001084048/000121465920003710/xslF345X03/marketforms-48456.xml"}, {"form_type": "DEFA14A", "filings_date": "2020-03-26", "url": "https://www.sec.gov/Archives/edgar/data/0001084048/000108404820000019/jcomdefa14a2020.htm"}, {"form_type": "DEF 14A", "filings_date": "2020-03-26", "url": "https://www.sec.gov/Archives/edgar/data/0001084048/000108404820000016/j22020proxystatement.htm"}, {"form_type": "4/A", "filings_date": "2020-03-19", "url": "https://www.sec.gov/Archives/edgar/data/0001084048/000121465920002777/xslF345X03/marketforms-48382.xml"}, {"form_type": "4/A", "filings_date": "2020-03-19", "url": "https://www.sec.gov/Archives/edgar/data/0001084048/000121465920002776/xslF345X03/marketforms-48383.xml"}, {"form_type": "4/A", "filings_date": "2020-03-19", "url": "https://www.sec.gov/Archives/edgar/data/0001084048/000121465920002775/xslF345X03/marketforms-48385.xml"}, {"form_type": "4", "filings_date": "2020-03-17", "url": "https://www.sec.gov/Archives/edgar/data/0001084048/000121465920002692/xslF345X03/marketforms-48356.xml"}, {"form_type": "4", "filings_date": "2020-03-17", "url": "https://www.sec.gov/Archives/edgar/data/0001084048/000121465920002691/xslF345X03/marketforms-48357.xml"}, {"form_type": "4", "filings_date": "2020-03-17", "url": "https://www.sec.gov/Archives/edgar/data/0001084048/000121465920002690/xslF345X03/marketforms-48358.xml"}, {"form_type": "4", "filings_date": "2020-03-16", "url": "https://www.sec.gov/Archives/edgar/data/0001084048/000121465920002671/xslF345X03/marketforms-48337.xml"}, {"form_type": "4", "filings_date": "2020-03-16", "url": "https://www.sec.gov/Archives/edgar/data/0001084048/000121465920002670/xslF345X03/marketforms-48336.xml"}, {"form_type": "4", "filings_date": "2020-03-16", "url": "https://www.sec.gov/Archives/edgar/data/0001084048/000121465920002669/xslF345X03/marketforms-48335.xml"}, {"form_type": "4", "filings_date": "2020-03-13", "url": "https://www.sec.gov/Archives/edgar/data/0001084048/000121465920002611/xslF345X03/marketforms-48326.xml"}, {"form_type": "4/A", "filings_date": "2020-03-13", "url": "https://www.sec.gov/Archives/edgar/data/0001084048/000121465920002606/xslF345X03/marketforms-47517.xml"}, {"form_type": "4", "filings_date": "2020-03-11", "url": "https://www.sec.gov/Archives/edgar/data/0001084048/000121465920002535/xslF345X03/marketforms-48291.xml"}, {"form_type": "4", "filings_date": "2020-03-04", "url": "https://www.sec.gov/Archives/edgar/data/0001084048/000121465920002233/xslF345X03/marketforms-48131.xml"}, {"form_type": "8-K", "filings_date": "2020-03-03", "url": "https://www.sec.gov/Archives/edgar/data/0001084048/000108404820000014/form8kdatedmarch32020.htm"}, {"form_type": "10-K", "filings_date": "2020-03-02", "url": "https://www.sec.gov/Archives/edgar/data/0001084048/000108404820000012/jcom2019123110-k.htm"}, {"form_type": "8-K", "filings_date": "2020-02-24", "url": "https://www.sec.gov/Archives/edgar/data/0001084048/000108404820000009/form8kdatedfebruary242.htm"}, {"form_type": "4", "filings_date": "2020-02-20", "url": "https://www.sec.gov/Archives/edgar/data/0001084048/000121465920001624/xslF345X03/marketforms-47817.xml"}, {"form_type": "4", "filings_date": "2020-02-20", "url": "https://www.sec.gov/Archives/edgar/data/0001084048/000121465920001622/xslF345X03/marketforms-47815.xml"}, {"form_type": "4", "filings_date": "2020-02-14", "url": "https://www.sec.gov/Archives/edgar/data/0001084048/000121465920001505/xslF345X03/marketforms-47755.xml"}, {"form_type": "SC 13G/A", "filings_date": "2020-02-12", "url": "https://www.sec.gov/Archives/edgar/data/0001084048/000110465920017883/tv01228-j2globalinc.htm"}, {"form_type": "8-K", "filings_date": "2020-02-11", "url": "https://www.sec.gov/Archives/edgar/data/0001084048/000108404820000006/form8kdatedfebruary102.htm"}, {"form_type": "SC 13G", "filings_date": "2020-02-10", "url": "https://www.sec.gov/Archives/edgar/data/0001084048/000110465920013162/tm207001-14_sc13g.htm"}, {"form_type": "SC 13G/A", "filings_date": "2020-02-10", "url": "https://www.sec.gov/Archives/edgar/data/0001084048/000083423720008738/us48123v1026_020720.txt"}, {"form_type": "SC 13G/A", "filings_date": "2020-02-07", "url": "https://www.sec.gov/Archives/edgar/data/0001084048/000031506620001026/filing.txt"}, {"form_type": "5", "filings_date": "2020-02-06", "url": "https://www.sec.gov/Archives/edgar/data/0001084048/000121465920000996/xslF345X03/marketforms-47476.xml"}, {"form_type": "5", "filings_date": "2020-02-06", "url": "https://www.sec.gov/Archives/edgar/data/0001084048/000121465920000995/xslF345X03/marketforms-47570.xml"}, {"form_type": "5", "filings_date": "2020-02-06", "url": "https://www.sec.gov/Archives/edgar/data/0001084048/000121465920000986/xslF345X03/marketforms-47418.xml"}, {"form_type": "4", "filings_date": "2020-02-03", "url": "https://www.sec.gov/Archives/edgar/data/0001084048/000121465920000831/xslF345X03/marketforms-47615.xml"}, {"form_type": "4", "filings_date": "2020-02-03", "url": "https://www.sec.gov/Archives/edgar/data/0001084048/000121465920000830/xslF345X03/marketforms-47613.xml"}, {"form_type": "4", "filings_date": "2020-02-03", "url": "https://www.sec.gov/Archives/edgar/data/0001084048/000121465920000829/xslF345X03/marketforms-47612.xml"}, {"form_type": "4", "filings_date": "2020-02-03", "url": "https://www.sec.gov/Archives/edgar/data/0001084048/000121465920000814/xslF345X03/marketforms-47616.xml"}, {"form_type": "8-K", "filings_date": "2020-01-29", "url": "https://www.sec.gov/Archives/edgar/data/0001084048/000108404820000004/form8kdatedjanuary2820.htm"}, {"form_type": "8-K", "filings_date": "2020-01-07", "url": "https://www.sec.gov/Archives/edgar/data/0001084048/000108404820000002/form8kdatedjanuary62020.htm"}, {"form_type": "4", "filings_date": "2020-01-03", "url": "https://www.sec.gov/Archives/edgar/data/0001084048/000121465920000065/xslF345X03/marketforms-47055.xml"}, {"form_type": "4", "filings_date": "2019-12-05", "url": "https://www.sec.gov/Archives/edgar/data/0001084048/000121465919007584/xslF345X03/marketforms-46787.xml"}, {"form_type": "8-K", "filings_date": "2019-12-03", "url": "https://www.sec.gov/Archives/edgar/data/0001084048/000108404819000035/form8kdateddecember220.htm"}, {"form_type": "8-K", "filings_date": "2019-11-27", "url": "https://www.sec.gov/Archives/edgar/data/0001084048/000119312519302578/d840450d8k.htm"}, {"form_type": "4", "filings_date": "2019-11-22", "url": "https://www.sec.gov/Archives/edgar/data/0001084048/000121465919007379/xslF345X03/marketforms-46416.xml"}, {"form_type": "4", "filings_date": "2019-11-22", "url": "https://www.sec.gov/Archives/edgar/data/0001084048/000121465919007378/xslF345X03/marketforms-46415.xml"}, {"form_type": "4", "filings_date": "2019-11-22", "url": "https://www.sec.gov/Archives/edgar/data/0001084048/000121465919007377/xslF345X03/marketforms-46414.xml"}, {"form_type": "8-K", "filings_date": "2019-11-20", "url": "https://www.sec.gov/Archives/edgar/data/0001084048/000108404819000032/form8kdatednovember202.htm"}, {"form_type": "8-K", "filings_date": "2019-11-15", "url": "https://www.sec.gov/Archives/edgar/data/0001084048/000119312519293553/d836382d8k.htm"}, {"form_type": "8-K", "filings_date": "2019-11-12", "url": "https://www.sec.gov/Archives/edgar/data/0001084048/000119312519289094/d817870d8k.htm"}, {"form_type": "10-Q", "filings_date": "2019-11-08", "url": "https://www.sec.gov/Archives/edgar/data/0001084048/000108404819000029/jcom2019093010-q.htm"}, {"form_type": "4", "filings_date": "2019-11-08", "url": "https://www.sec.gov/Archives/edgar/data/0001084048/000121465919006962/xslF345X03/marketforms-46110.xml"}, {"form_type": "4", "filings_date": "2019-11-06", "url": "https://www.sec.gov/Archives/edgar/data/0001084048/000121465919006923/xslF345X03/marketforms-46054.xml"}, {"form_type": "8-K", "filings_date": "2019-11-01", "url": "https://www.sec.gov/Archives/edgar/data/0001084048/000108404819000027/form8kdatedseptember52.htm"}, {"form_type": "4", "filings_date": "2019-09-09", "url": "https://www.sec.gov/Archives/edgar/data/0001084048/000121465919005768/xslF345X03/marketforms-45745.xml"}, {"form_type": "8-K", "filings_date": "2019-09-04", "url": "https://www.sec.gov/Archives/edgar/data/0001084048/000108404819000023/form8kdatedseptember42.htm"}, {"form_type": "4", "filings_date": "2019-08-20", "url": "https://www.sec.gov/Archives/edgar/data/0001084048/000121465919005393/xslF345X03/marketforms-45523.xml"}, {"form_type": "8-K", "filings_date": "2019-08-16", "url": "https://www.sec.gov/Archives/edgar/data/0001084048/000119312519223528/d775283d8k.htm"}, {"form_type": "8-K", "filings_date": "2019-08-12", "url": "https://www.sec.gov/Archives/edgar/data/0001084048/000108404819000019/form8kdatedaugust122019.htm"}, {"form_type": "10-Q", "filings_date": "2019-08-09", "url": "https://www.sec.gov/Archives/edgar/data/0001084048/000108404819000016/jcom2019063010-q.htm"}, {"form_type": "8-K", "filings_date": "2019-08-07", "url": "https://www.sec.gov/Archives/edgar/data/0001084048/000108404819000014/form8-kdatedaugust62019.htm"}, {"form_type": "4", "filings_date": "2019-08-06", "url": "https://www.sec.gov/Archives/edgar/data/0001084048/000121465919005027/xslF345X03/marketforms-45417.xml"}, {"form_type": "8-K", "filings_date": "2019-07-01", "url": "https://www.sec.gov/Archives/edgar/data/0001084048/000119312519187431/d774891d8k.htm"}, {"form_type": "8-K", "filings_date": "2019-06-04", "url": "https://www.sec.gov/Archives/edgar/data/0001084048/000108404819000011/form8-kdatedjune42019.htm"}, {"form_type": "4", "filings_date": "2019-05-21", "url": "https://www.sec.gov/Archives/edgar/data/0001084048/000121465919003732/xslF345X03/marketforms-44985.xml"}, {"form_type": "4", "filings_date": "2019-05-21", "url": "https://www.sec.gov/Archives/edgar/data/0001084048/000121465919003731/xslF345X03/marketforms-44984.xml"}, {"form_type": "8-K", "filings_date": "2019-05-21", "url": "https://www.sec.gov/Archives/edgar/data/0001084048/000108404819000009/form8-kdatedmay212019.htm"}, {"form_type": "4", "filings_date": "2019-05-20", "url": "https://www.sec.gov/Archives/edgar/data/0001084048/000121465919003694/xslF345X03/marketforms-44982.xml"}, {"form_type": "4", "filings_date": "2019-05-20", "url": "https://www.sec.gov/Archives/edgar/data/0001084048/000121465919003684/xslF345X03/marketforms-44974.xml"}, {"form_type": "4", "filings_date": "2019-05-15", "url": "https://www.sec.gov/Archives/edgar/data/0001084048/000121465919003614/xslF345X03/marketforms-44964.xml"}, {"form_type": "4", "filings_date": "2019-05-15", "url": "https://www.sec.gov/Archives/edgar/data/0001084048/000121465919003613/xslF345X03/marketforms-44967.xml"}, {"form_type": "4", "filings_date": "2019-05-15", "url": "https://www.sec.gov/Archives/edgar/data/0001084048/000121465919003612/xslF345X03/marketforms-44966.xml"}, {"form_type": "4", "filings_date": "2019-05-13", "url": "https://www.sec.gov/Archives/edgar/data/0001084048/000121465919003418/xslF345X03/marketforms-44930.xml"}, {"form_type": "4", "filings_date": "2019-05-13", "url": "https://www.sec.gov/Archives/edgar/data/0001084048/000121465919003417/xslF345X03/marketforms-44931.xml"}, {"form_type": "4", "filings_date": "2019-05-13", "url": "https://www.sec.gov/Archives/edgar/data/0001084048/000121465919003416/xslF345X03/marketforms-44932.xml"}, {"form_type": "4", "filings_date": "2019-05-13", "url": "https://www.sec.gov/Archives/edgar/data/0001084048/000121465919003415/xslF345X03/marketforms-44933.xml"}, {"form_type": "10-Q", "filings_date": "2019-05-10", "url": "https://www.sec.gov/Archives/edgar/data/0001084048/000108404819000007/jcom2019033110-q.htm"}, {"form_type": "4", "filings_date": "2019-05-08", "url": "https://www.sec.gov/Archives/edgar/data/0001084048/000121465919003302/xslF345X03/marketforms-44916.xml"}, {"form_type": "4", "filings_date": "2019-05-08", "url": "https://www.sec.gov/Archives/edgar/data/0001084048/000121465919003301/xslF345X03/marketforms-44917.xml"}, {"form_type": "4", "filings_date": "2019-05-08", "url": "https://www.sec.gov/Archives/edgar/data/0001084048/000121465919003300/xslF345X03/marketforms-44918.xml"}, {"form_type": "4", "filings_date": "2019-05-08", "url": "https://www.sec.gov/Archives/edgar/data/0001084048/000121465919003299/xslF345X03/marketforms-44919.xml"}, {"form_type": "8-K", "filings_date": "2019-05-08", "url": "https://www.sec.gov/Archives/edgar/data/0001084048/000108404819000004/form8-kdatedmay72019.htm"}, {"form_type": "4", "filings_date": "2019-05-07", "url": "https://www.sec.gov/Archives/edgar/data/0001084048/000121465919003261/xslF345X03/marketforms-44898.xml"}, {"form_type": "4", "filings_date": "2019-05-07", "url": "https://www.sec.gov/Archives/edgar/data/0001084048/000121465919003260/xslF345X03/marketforms-44899.xml"}, {"form_type": "4", "filings_date": "2019-05-07", "url": "https://www.sec.gov/Archives/edgar/data/0001084048/000121465919003259/xslF345X03/marketforms-44902.xml"}, {"form_type": "4", "filings_date": "2019-05-07", "url": "https://www.sec.gov/Archives/edgar/data/0001084048/000121465919003258/xslF345X03/marketforms-44906.xml"}, {"form_type": "4", "filings_date": "2019-05-07", "url": "https://www.sec.gov/Archives/edgar/data/0001084048/000121465919003257/xslF345X03/marketforms-44907.xml"}, {"form_type": "4", "filings_date": "2019-05-07", "url": "https://www.sec.gov/Archives/edgar/data/0001084048/000121465919003256/xslF345X03/marketforms-44910.xml"}, {"form_type": "4", "filings_date": "2019-05-07", "url": "https://www.sec.gov/Archives/edgar/data/0001084048/000121465919003255/xslF345X03/marketforms-44904.xml"}, {"form_type": "4", "filings_date": "2019-05-07", "url": "https://www.sec.gov/Archives/edgar/data/0001084048/000121465919003253/xslF345X03/marketforms-44893.xml"}, {"form_type": "4", "filings_date": "2019-05-07", "url": "https://www.sec.gov/Archives/edgar/data/0001084048/000121465919003252/xslF345X03/marketforms-44896.xml"}, {"form_type": "4", "filings_date": "2019-05-07", "url": "https://www.sec.gov/Archives/edgar/data/0001084048/000121465919003251/xslF345X03/marketforms-44892.xml"}, {"form_type": "DEFA14A", "filings_date": "2019-03-22", "url": "https://www.sec.gov/Archives/edgar/data/0001084048/000107261319000141/def14a_18300.htm"}, {"form_type": "DEF 14A", "filings_date": "2019-03-22", "url": "https://www.sec.gov/Archives/edgar/data/0001084048/000107261319000140/def14a_18300.htm"}, {"form_type": "4", "filings_date": "2019-03-13", "url": "https://www.sec.gov/Archives/edgar/data/0001084048/000121465919002107/xslF345X03/marketforms-44577.xml"}, {"form_type": "8-K", "filings_date": "2019-03-12", "url": "https://www.sec.gov/Archives/edgar/data/0001084048/000107261319000130/j2form8-k_18292.htm"}, {"form_type": "10-K", "filings_date": "2019-03-01", "url": "https://www.sec.gov/Archives/edgar/data/0001084048/000108404819000002/jcom2018123110-k.htm"}, {"form_type": "4", "filings_date": "2019-02-27", "url": "https://www.sec.gov/Archives/edgar/data/0001084048/000121465919001617/xslF345X03/marketforms-44271.xml"}, {"form_type": "4", "filings_date": "2019-02-26", "url": "https://www.sec.gov/Archives/edgar/data/0001084048/000121465919001534/xslF345X03/marketforms-44256.xml"}, {"form_type": "8-K", "filings_date": "2019-02-26", "url": "https://www.sec.gov/Archives/edgar/data/0001084048/000107261319000115/j2form8-k_18292.htm"}, {"form_type": "4", "filings_date": "2019-02-22", "url": "https://www.sec.gov/Archives/edgar/data/0001084048/000121465919001422/xslF345X03/marketforms-44187.xml"}, {"form_type": "4", "filings_date": "2019-02-20", "url": "https://www.sec.gov/Archives/edgar/data/0001084048/000121465919001389/xslF345X03/marketforms-44177.xml"}, {"form_type": "4", "filings_date": "2019-02-19", "url": "https://www.sec.gov/Archives/edgar/data/0001084048/000121465919001337/xslF345X03/marketforms-44150.xml"}, {"form_type": "4", "filings_date": "2019-02-19", "url": "https://www.sec.gov/Archives/edgar/data/0001084048/000121465919001336/xslF345X03/marketforms-44151.xml"}, {"form_type": "SC 13G/A", "filings_date": "2019-02-13", "url": "https://www.sec.gov/Archives/edgar/data/0001084048/000031506619001109/filing.txt"}, {"form_type": "SC 13G/A", "filings_date": "2019-02-13", "url": "https://www.sec.gov/Archives/edgar/data/0001084048/000093247119006104/j2globalinc.htm"}, {"form_type": "8-K", "filings_date": "2019-02-13", "url": "https://www.sec.gov/Archives/edgar/data/0001084048/000107261319000068/j2form8-k_18277.htm"}, {"form_type": "SC 13G/A", "filings_date": "2019-01-31", "url": "https://www.sec.gov/Archives/edgar/data/0001084048/000021545719002303/us48123v1026_012919.txt"}, {"form_type": "8-K", "filings_date": "2019-01-15", "url": "https://www.sec.gov/Archives/edgar/data/0001084048/000107261319000012/j2form8-k_18277.htm"}, {"form_type": "8-K", "filings_date": "2019-01-09", "url": "https://www.sec.gov/Archives/edgar/data/0001084048/000119312519005318/d682456d8k.htm"}, {"form_type": "4", "filings_date": "2019-01-04", "url": "https://www.sec.gov/Archives/edgar/data/0001084048/000121465919000136/xslF345X03/marketforms-43656.xml"}, {"form_type": "4", "filings_date": "2018-12-18", "url": "https://www.sec.gov/Archives/edgar/data/0001084048/000121465918007728/xslF345X03/marketforms-43524.xml"}, {"form_type": "8-K", "filings_date": "2018-12-04", "url": "https://www.sec.gov/Archives/edgar/data/0001084048/000107261318000555/j2form8-k_18246.htm"}, {"form_type": "4", "filings_date": "2018-11-19", "url": "https://www.sec.gov/Archives/edgar/data/0001084048/000121465918007227/xslF345X03/marketforms-43212.xml"}, {"form_type": "8-K", "filings_date": "2018-11-13", "url": "https://www.sec.gov/Archives/edgar/data/0001084048/000107261318000526/j2form8-k_18246.htm"}, {"form_type": "10-Q", "filings_date": "2018-11-09", "url": "https://www.sec.gov/Archives/edgar/data/0001084048/000108404818000008/jcom2018093010-q.htm"}, {"form_type": "8-K", "filings_date": "2018-11-06", "url": "https://www.sec.gov/Archives/edgar/data/0001084048/000107261318000523/j2form8-k_18246.htm"}, {"form_type": "4", "filings_date": "2018-10-16", "url": "https://www.sec.gov/Archives/edgar/data/0001084048/000121465918006552/xslF345X03/marketforms-43057.xml"}, {"form_type": "4", "filings_date": "2018-09-19", "url": "https://www.sec.gov/Archives/edgar/data/0001084048/000121465918006088/xslF345X03/marketforms-42947.xml"}, {"form_type": "8-K", "filings_date": "2018-09-05", "url": "https://www.sec.gov/Archives/edgar/data/0001084048/000107261318000466/j2form8-k_18246.htm"}, {"form_type": "4", "filings_date": "2018-08-30", "url": "https://www.sec.gov/Archives/edgar/data/0001084048/000121465918005825/xslF345X03/marketforms-42816.xml"}, {"form_type": "4", "filings_date": "2018-08-22", "url": "https://www.sec.gov/Archives/edgar/data/0001084048/000121465918005669/xslF345X03/marketforms-42774.xml"}, {"form_type": "4", "filings_date": "2018-08-16", "url": "https://www.sec.gov/Archives/edgar/data/0001084048/000121465918005589/xslF345X03/marketforms-42756.xml"}, {"form_type": "SC 13G/A", "filings_date": "2018-08-10", "url": "https://www.sec.gov/Archives/edgar/data/0001084048/000031506618002165/filing.txt"}, {"form_type": "8-K", "filings_date": "2018-08-10", "url": "https://www.sec.gov/Archives/edgar/data/0001084048/000107261318000436/j2form8-k_18233.htm"}, {"form_type": "10-Q", "filings_date": "2018-08-09", "url": "https://www.sec.gov/Archives/edgar/data/0001084048/000108404818000006/jcom2018063010-q.htm"}, {"form_type": "4", "filings_date": "2018-07-18", "url": "https://www.sec.gov/Archives/edgar/data/0001084048/000121465918004901/xslF345X03/marketforms-42471.xml"}, {"form_type": "4", "filings_date": "2018-07-02", "url": "https://www.sec.gov/Archives/edgar/data/0001084048/000121465918004721/xslF345X03/marketforms-42384.xml"}, {"form_type": "4", "filings_date": "2018-07-02", "url": "https://www.sec.gov/Archives/edgar/data/0001084048/000121465918004720/xslF345X03/marketforms-42388.xml"}, {"form_type": "4", "filings_date": "2018-07-02", "url": "https://www.sec.gov/Archives/edgar/data/0001084048/000121465918004719/xslF345X03/marketforms-42389.xml"}, {"form_type": "4", "filings_date": "2018-07-02", "url": "https://www.sec.gov/Archives/edgar/data/0001084048/000121465918004718/xslF345X03/marketforms-42390.xml"}, {"form_type": "4", "filings_date": "2018-06-15", "url": "https://www.sec.gov/Archives/edgar/data/0001084048/000121465918004501/xslF345X03/marketforms-42283.xml"}, {"form_type": "4", "filings_date": "2018-06-15", "url": "https://www.sec.gov/Archives/edgar/data/0001084048/000121465918004499/xslF345X03/marketforms-42282.xml"}, {"form_type": "8-K", "filings_date": "2018-06-06", "url": "https://www.sec.gov/Archives/edgar/data/0001084048/000107261318000377/j2form8-k_18218.htm"}, {"form_type": "4", "filings_date": "2018-05-22", "url": "https://www.sec.gov/Archives/edgar/data/0001084048/000121465918003963/xslF345X03/marketforms-42066.xml"}, {"form_type": "4", "filings_date": "2018-05-16", "url": "https://www.sec.gov/Archives/edgar/data/0001084048/000121465918003816/xslF345X03/marketforms-42013.xml"}, {"form_type": "4", "filings_date": "2018-05-11", "url": "https://www.sec.gov/Archives/edgar/data/0001084048/000121465918003634/xslF345X03/marketforms-41988.xml"}, {"form_type": "4", "filings_date": "2018-05-11", "url": "https://www.sec.gov/Archives/edgar/data/0001084048/000121465918003632/xslF345X03/marketforms-41989.xml"}, {"form_type": "4", "filings_date": "2018-05-11", "url": "https://www.sec.gov/Archives/edgar/data/0001084048/000121465918003630/xslF345X03/marketforms-42001.xml"}, {"form_type": "4", "filings_date": "2018-05-11", "url": "https://www.sec.gov/Archives/edgar/data/0001084048/000121465918003628/xslF345X03/marketforms-42000.xml"}, {"form_type": "4", "filings_date": "2018-05-11", "url": "https://www.sec.gov/Archives/edgar/data/0001084048/000121465918003626/xslF345X03/marketforms-41986.xml"}, {"form_type": "4", "filings_date": "2018-05-11", "url": "https://www.sec.gov/Archives/edgar/data/0001084048/000121465918003624/xslF345X03/marketforms-41985.xml"}, {"form_type": "10-Q", "filings_date": "2018-05-10", "url": "https://www.sec.gov/Archives/edgar/data/0001084048/000108404818000003/jcom2018033110-q.htm"}, {"form_type": "8-K", "filings_date": "2018-05-10", "url": "https://www.sec.gov/Archives/edgar/data/0001084048/000107261318000325/j2form8-k_18204.htm"}, {"form_type": "4", "filings_date": "2018-05-08", "url": "https://www.sec.gov/Archives/edgar/data/0001084048/000121465918003448/xslF345X03/marketforms-41906.xml"}, {"form_type": "8-K", "filings_date": "2018-05-08", "url": "https://www.sec.gov/Archives/edgar/data/0001084048/000107261318000317/j2form8-k_18201.htm"}, {"form_type": "4", "filings_date": "2018-05-07", "url": "https://www.sec.gov/Archives/edgar/data/0001084048/000121465918003406/xslF345X03/marketforms-41909.xml"}, {"form_type": "4", "filings_date": "2018-05-07", "url": "https://www.sec.gov/Archives/edgar/data/0001084048/000121465918003404/xslF345X03/marketforms-41908.xml"}, {"form_type": "4", "filings_date": "2018-05-07", "url": "https://www.sec.gov/Archives/edgar/data/0001084048/000121465918003402/xslF345X03/marketforms-41898.xml"}, {"form_type": "4", "filings_date": "2018-05-07", "url": "https://www.sec.gov/Archives/edgar/data/0001084048/000121465918003398/xslF345X03/marketforms-41900.xml"}, {"form_type": "4", "filings_date": "2018-05-07", "url": "https://www.sec.gov/Archives/edgar/data/0001084048/000121465918003397/xslF345X03/marketforms-41907.xml"}, {"form_type": "4", "filings_date": "2018-05-07", "url": "https://www.sec.gov/Archives/edgar/data/0001084048/000121465918003394/xslF345X03/marketforms-41897.xml"}, {"form_type": "4", "filings_date": "2018-05-07", "url": "https://www.sec.gov/Archives/edgar/data/0001084048/000121465918003392/xslF345X03/marketforms-41905.xml"}, {"form_type": "4", "filings_date": "2018-05-07", "url": "https://www.sec.gov/Archives/edgar/data/0001084048/000121465918003389/xslF345X03/marketforms-41902.xml"}, {"form_type": "4", "filings_date": "2018-05-07", "url": "https://www.sec.gov/Archives/edgar/data/0001084048/000121465918003387/xslF345X03/marketforms-41903.xml"}, {"form_type": "4", "filings_date": "2018-05-07", "url": "https://www.sec.gov/Archives/edgar/data/0001084048/000121465918003383/xslF345X03/marketforms-41901.xml"}, {"form_type": "4", "filings_date": "2018-04-19", "url": "https://www.sec.gov/Archives/edgar/data/0001084048/000121465918002915/xslF345X03/marketforms-41756.xml"}, {"form_type": "4", "filings_date": "2018-04-17", "url": "https://www.sec.gov/Archives/edgar/data/0001084048/000121465918002866/xslF345X03/marketforms-41749.xml"}, {"form_type": "4", "filings_date": "2018-04-12", "url": "https://www.sec.gov/Archives/edgar/data/0001084048/000121465918002769/xslF345X03/marketforms-41735.xml"}, {"form_type": "DEFA14A", "filings_date": "2018-03-23", "url": "https://www.sec.gov/Archives/edgar/data/0001084048/000107261318000233/defa14a_18187.htm"}, {"form_type": "DEF 14A", "filings_date": "2018-03-23", "url": "https://www.sec.gov/Archives/edgar/data/0001084048/000107261318000232/j2def14a_18187.htm"}, {"form_type": "4", "filings_date": "2018-03-16", "url": "https://www.sec.gov/Archives/edgar/data/0001084048/000121465918002204/xslF345X03/marketforms-41498.xml"}, {"form_type": "4", "filings_date": "2018-03-15", "url": "https://www.sec.gov/Archives/edgar/data/0001084048/000121465918002175/xslF345X03/marketforms-41474.xml"}, {"form_type": "4", "filings_date": "2018-03-14", "url": "https://www.sec.gov/Archives/edgar/data/0001084048/000121465918002144/xslF345X03/marketforms-41396.xml"}, {"form_type": "10-K", "filings_date": "2018-03-01", "url": "https://www.sec.gov/Archives/edgar/data/0001084048/000108404818000001/jcom2017123110-k.htm"}, {"form_type": "8-K", "filings_date": "2018-02-27", "url": "https://www.sec.gov/Archives/edgar/data/0001084048/000107261318000169/j2form8-k_18180.htm"}, {"form_type": "4", "filings_date": "2018-02-20", "url": "https://www.sec.gov/Archives/edgar/data/0001084048/000121465918001413/xslF345X03/marketforms-41057.xml"}, {"form_type": "4", "filings_date": "2018-02-15", "url": "https://www.sec.gov/Archives/edgar/data/0001084048/000121465918001332/xslF345X03/marketforms-41028.xml"}, {"form_type": "SC 13G/A", "filings_date": "2018-02-13", "url": "https://www.sec.gov/Archives/edgar/data/0001084048/000114420418007799/tv485415_sc13ga.htm"}, {"form_type": "SC 13G/A", "filings_date": "2018-02-13", "url": "https://www.sec.gov/Archives/edgar/data/0001084048/000031506618001329/filing.txt"}, {"form_type": "SC 13G/A", "filings_date": "2018-02-09", "url": "https://www.sec.gov/Archives/edgar/data/0001084048/000093247118003612/j2globalinc.htm"}, {"form_type": "8-K", "filings_date": "2018-02-08", "url": "https://www.sec.gov/Archives/edgar/data/0001084048/000107261318000091/j2form8-k_18152.htm"}, {"form_type": "3", "filings_date": "2018-02-07", "url": "https://www.sec.gov/Archives/edgar/data/0001084048/000121465918000984/xslF345X02/marketforms-40932.xml"}, {"form_type": "8-K", "filings_date": "2018-02-07", "url": "https://www.sec.gov/Archives/edgar/data/0001084048/000107261318000087/j2form8-k_18162.htm"}, {"form_type": "SC 13G/A", "filings_date": "2018-01-19", "url": "https://www.sec.gov/Archives/edgar/data/0001084048/000021545718001597/us48123v1026_011718.txt"}, {"form_type": "8-K", "filings_date": "2018-01-18", "url": "https://www.sec.gov/Archives/edgar/data/0001084048/000107261318000035/j2form8-k_18152.htm"}, {"form_type": "4", "filings_date": "2018-01-17", "url": "https://www.sec.gov/Archives/edgar/data/0001084048/000121465918000484/xslF345X03/marketforms-40795.xml"}, {"form_type": "4", "filings_date": "2018-01-02", "url": "https://www.sec.gov/Archives/edgar/data/0001084048/000121465918000063/xslF345X03/marketforms-40500.xml"}, {"form_type": "3", "filings_date": "2018-01-02", "url": "https://www.sec.gov/Archives/edgar/data/0001084048/000121465918000061/xslF345X02/marketforms-40499.xml"}, {"form_type": "4", "filings_date": "2018-01-02", "url": "https://www.sec.gov/Archives/edgar/data/0001084048/000121465918000057/xslF345X03/marketforms-40540.xml"}, {"form_type": "8-K", "filings_date": "2017-12-27", "url": "https://www.sec.gov/Archives/edgar/data/0001084048/000119312517380109/d467319d8k.htm"}, {"form_type": "4", "filings_date": "2017-12-13", "url": "https://www.sec.gov/Archives/edgar/data/0001084048/000121465917007299/xslF345X03/marketforms-40467.xml"}, {"form_type": "8-K", "filings_date": "2017-12-05", "url": "https://www.sec.gov/Archives/edgar/data/0001084048/000107261317000615/j2form8-k_18126.htm"}, {"form_type": "8-K", "filings_date": "2017-11-30", "url": "https://www.sec.gov/Archives/edgar/data/0001084048/000107261317000605/j2form8-k_18126.htm"}, {"form_type": "4", "filings_date": "2017-11-21", "url": "https://www.sec.gov/Archives/edgar/data/0001084048/000121465917006886/xslF345X03/marketforms-40194.xml"}, {"form_type": "4", "filings_date": "2017-11-13", "url": "https://www.sec.gov/Archives/edgar/data/0001084048/000121465917006624/xslF345X03/marketforms-40115.xml"}, {"form_type": "10-Q", "filings_date": "2017-11-09", "url": "https://www.sec.gov/Archives/edgar/data/0001084048/000108404817000012/jcom2017093010-q.htm"}, {"form_type": "4", "filings_date": "2017-11-08", "url": "https://www.sec.gov/Archives/edgar/data/0001084048/000121465917006547/xslF345X03/marketforms-40104.xml"}, {"form_type": "8-K", "filings_date": "2017-11-07", "url": "https://www.sec.gov/Archives/edgar/data/0001084048/000107261317000551/j2form8-k_18126.htm"}, {"form_type": "8-K", "filings_date": "2017-11-03", "url": "https://www.sec.gov/Archives/edgar/data/0001084048/000107261317000544/j2form8-k_18124.htm"}, {"form_type": "8-K", "filings_date": "2017-10-12", "url": "https://www.sec.gov/Archives/edgar/data/0001084048/000119312517308426/d458009d8k.htm"}, {"form_type": "8-K", "filings_date": "2017-09-28", "url": "https://www.sec.gov/Archives/edgar/data/0001084048/000119312517296718/d456234d8k.htm"}, {"form_type": "8-K", "filings_date": "2017-09-13", "url": "https://www.sec.gov/Archives/edgar/data/0001084048/000107261317000479/j2form8-k_18112.htm"}, {"form_type": "8-K", "filings_date": "2017-09-07", "url": "https://www.sec.gov/Archives/edgar/data/0001084048/000107261317000467/j2form8-k_18112.htm"}, {"form_type": "4", "filings_date": "2017-08-15", "url": "https://www.sec.gov/Archives/edgar/data/0001084048/000121465917005157/xslF345X03/marketforms-39449.xml"}, {"form_type": "4", "filings_date": "2017-08-15", "url": "https://www.sec.gov/Archives/edgar/data/0001084048/000121465917005155/xslF345X03/marketforms-39448.xml"}, {"form_type": "10-Q", "filings_date": "2017-08-09", "url": "https://www.sec.gov/Archives/edgar/data/0001084048/000108404817000009/jcom2017063010-q.htm"}, {"form_type": "4", "filings_date": "2017-08-07", "url": "https://www.sec.gov/Archives/edgar/data/0001084048/000121465917004838/xslF345X03/marketforms-39374.xml"}, {"form_type": "8-K", "filings_date": "2017-08-04", "url": "https://www.sec.gov/Archives/edgar/data/0001084048/000107261317000412/j2form8-k_18095.htm"}, {"form_type": "8-K", "filings_date": "2017-06-27", "url": "https://www.sec.gov/Archives/edgar/data/0001084048/000119312517215017/d404529d8k.htm"}, {"form_type": "8-K", "filings_date": "2017-06-22", "url": "https://www.sec.gov/Archives/edgar/data/0001084048/000119312517210633/d383685d8k.htm"}, {"form_type": "4", "filings_date": "2017-06-16", "url": "https://www.sec.gov/Archives/edgar/data/0001084048/000121465917004058/xslF345X03/marketforms-39082.xml"}, {"form_type": "8-K", "filings_date": "2017-06-16", "url": "https://www.sec.gov/Archives/edgar/data/0001084048/000119312517205480/d372527d8k.htm"}, {"form_type": "8-K", "filings_date": "2017-06-14", "url": "https://www.sec.gov/Archives/edgar/data/0001084048/000107261317000363/j2form8-k_18080.htm"}, {"form_type": "4", "filings_date": "2017-06-13", "url": "https://www.sec.gov/Archives/edgar/data/0001084048/000121465917004000/xslF345X03/marketforms-39055.xml"}, {"form_type": "4", "filings_date": "2017-06-07", "url": "https://www.sec.gov/Archives/edgar/data/0001084048/000121465917003899/xslF345X03/marketforms-39032.xml"}, {"form_type": "8-K", "filings_date": "2017-06-07", "url": "https://www.sec.gov/Archives/edgar/data/0001084048/000107261317000350/j2form8-k_18080.htm"}, {"form_type": "4", "filings_date": "2017-06-05", "url": "https://www.sec.gov/Archives/edgar/data/0001084048/000121465917003871/xslF345X03/marketforms-38972.xml"}, {"form_type": "4", "filings_date": "2017-06-01", "url": "https://www.sec.gov/Archives/edgar/data/0001084048/000121465917003769/xslF345X03/marketforms-38970.xml"}, {"form_type": "4", "filings_date": "2017-05-12", "url": "https://www.sec.gov/Archives/edgar/data/0001084048/000121465917003294/xslF345X03/marketforms-38829.xml"}, {"form_type": "4", "filings_date": "2017-05-11", "url": "https://www.sec.gov/Archives/edgar/data/0001084048/000121465917003249/xslF345X03/marketforms-38825.xml"}, {"form_type": "4", "filings_date": "2017-05-11", "url": "https://www.sec.gov/Archives/edgar/data/0001084048/000121465917003247/xslF345X03/marketforms-38826.xml"}, {"form_type": "4", "filings_date": "2017-05-11", "url": "https://www.sec.gov/Archives/edgar/data/0001084048/000121465917003245/xslF345X03/marketforms-38827.xml"}, {"form_type": "4", "filings_date": "2017-05-11", "url": "https://www.sec.gov/Archives/edgar/data/0001084048/000121465917003243/xslF345X03/marketforms-38823.xml"}, {"form_type": "8-K", "filings_date": "2017-05-10", "url": "https://www.sec.gov/Archives/edgar/data/0001084048/000107261317000287/j2form8-k_18066.htm"}, {"form_type": "10-Q", "filings_date": "2017-05-10", "url": "https://www.sec.gov/Archives/edgar/data/0001084048/000108404817000007/jcom2017033110-q.htm"}, {"form_type": "8-K", "filings_date": "2017-05-09", "url": "https://www.sec.gov/Archives/edgar/data/0001084048/000107261317000279/j2form8-k_18060.htm"}, {"form_type": "4", "filings_date": "2017-05-08", "url": "https://www.sec.gov/Archives/edgar/data/0001084048/000121465917003098/xslF345X03/marketforms-38766.xml"}, {"form_type": "4", "filings_date": "2017-05-08", "url": "https://www.sec.gov/Archives/edgar/data/0001084048/000121465917003096/xslF345X03/marketforms-38767.xml"}, {"form_type": "4", "filings_date": "2017-05-08", "url": "https://www.sec.gov/Archives/edgar/data/0001084048/000121465917003094/xslF345X03/marketforms-38765.xml"}, {"form_type": "4", "filings_date": "2017-05-08", "url": "https://www.sec.gov/Archives/edgar/data/0001084048/000121465917003091/xslF345X03/marketforms-38771.xml"}, {"form_type": "4", "filings_date": "2017-05-08", "url": "https://www.sec.gov/Archives/edgar/data/0001084048/000121465917003090/xslF345X03/marketforms-38768.xml"}, {"form_type": "4", "filings_date": "2017-05-08", "url": "https://www.sec.gov/Archives/edgar/data/0001084048/000121465917003087/xslF345X03/marketforms-38770.xml"}, {"form_type": "4", "filings_date": "2017-05-08", "url": "https://www.sec.gov/Archives/edgar/data/0001084048/000121465917003081/xslF345X03/marketforms-38777.xml"}, {"form_type": "4", "filings_date": "2017-05-08", "url": "https://www.sec.gov/Archives/edgar/data/0001084048/000121465917003079/xslF345X03/marketforms-38773.xml"}, {"form_type": "4", "filings_date": "2017-05-08", "url": "https://www.sec.gov/Archives/edgar/data/0001084048/000121465917003077/xslF345X03/marketforms-38774.xml"}, {"form_type": "4", "filings_date": "2017-05-08", "url": "https://www.sec.gov/Archives/edgar/data/0001084048/000121465917003075/xslF345X03/marketforms-38776.xml"}, {"form_type": "SC 13G/A", "filings_date": "2017-04-10", "url": "https://www.sec.gov/Archives/edgar/data/0001084048/000021545717003026/j2.global.inc.txt"}, {"form_type": "DEFA14A", "filings_date": "2017-03-23", "url": "https://www.sec.gov/Archives/edgar/data/0001084048/000107261317000201/j2defa14a_18050b.htm"}, {"form_type": "DEF 14A", "filings_date": "2017-03-23", "url": "https://www.sec.gov/Archives/edgar/data/0001084048/000107261317000199/j2def14a_18050.htm"}, {"form_type": "4", "filings_date": "2017-03-14", "url": "https://www.sec.gov/Archives/edgar/data/0001084048/000121465917001944/xslF345X03/marketforms-38360.xml"}, {"form_type": "10-K", "filings_date": "2017-03-01", "url": "https://www.sec.gov/Archives/edgar/data/0001084048/000108404817000003/jcom2016123110-k.htm"}, {"form_type": "8-K", "filings_date": "2017-02-28", "url": "https://www.sec.gov/Archives/edgar/data/0001084048/000107261317000170/j2form8-k_18044.htm"}, {"form_type": "4", "filings_date": "2017-02-27", "url": "https://www.sec.gov/Archives/edgar/data/0001084048/000121465917001468/xslF345X03/marketforms-38084.xml"}, {"form_type": "SC 13G", "filings_date": "2017-02-24", "url": "https://www.sec.gov/Archives/edgar/data/0001084048/000114420417010756/v460336_sc13g.htm"}, {"form_type": "8-K/A", "filings_date": "2017-02-22", "url": "https://www.sec.gov/Archives/edgar/data/0001084048/000107261317000163/j2form8-k_18041.htm"}, {"form_type": "4", "filings_date": "2017-02-14", "url": "https://www.sec.gov/Archives/edgar/data/0001084048/000121465917001159/xslF345X03/marketforms-37962.xml"}, {"form_type": "SC 13G", "filings_date": "2017-02-14", "url": "https://www.sec.gov/Archives/edgar/data/0001084048/000114420417008713/v459225_sc13g.htm"}, {"form_type": "SC 13G/A", "filings_date": "2017-02-14", "url": "https://www.sec.gov/Archives/edgar/data/0001084048/000031506617001772/filing.txt"}, {"form_type": "SC 13G/A", "filings_date": "2017-02-10", "url": "https://www.sec.gov/Archives/edgar/data/0001084048/000093247117001156/j2globalinc.htm"}, {"form_type": "8-K", "filings_date": "2017-02-10", "url": "https://www.sec.gov/Archives/edgar/data/0001084048/000107261317000064/j2form8-k_18033.htm"}, {"form_type": "SC 13G/A", "filings_date": "2017-01-25", "url": "https://www.sec.gov/Archives/edgar/data/0001084048/000035348017001096/j2.global.inc.txt"}, {"form_type": "8-K", "filings_date": "2017-01-12", "url": "https://www.sec.gov/Archives/edgar/data/0001084048/000107261317000019/j2form8-k_18022.htm"}]}