{"company": {"cik": "0001056696", "name": "MANHATTAN ASSOCIATES INC", "sic": "Services-Prepackaged Software", "state_incorp": "GA", "ticker": "MANH", "mailing_addr": "2300 WINDY RIDGE PARKWAY TENTH FLOOR, ATLANTA, GA, 30339", "category": "Large accelerated filer", "fiscal_year_end": "31, December"}, "filings": [{"form_type": "8-K", "filings_date": "2022-03-09", "url": "https://www.sec.gov/Archives/edgar/data/0001056696/000156459022009294/manh-8k_20190718.htm"}, {"form_type": "4", "filings_date": "2022-03-01", "url": "https://www.sec.gov/Archives/edgar/data/0001056696/000120919122013985/xslF345X03/doc4.xml"}, {"form_type": "4", "filings_date": "2022-03-01", "url": "https://www.sec.gov/Archives/edgar/data/0001056696/000120919122013982/xslF345X03/doc4.xml"}, {"form_type": "4", "filings_date": "2022-03-01", "url": "https://www.sec.gov/Archives/edgar/data/0001056696/000120919122013980/xslF345X03/doc4.xml"}, {"form_type": "4", "filings_date": "2022-03-01", "url": "https://www.sec.gov/Archives/edgar/data/0001056696/000120919122013978/xslF345X03/doc4.xml"}, {"form_type": "4", "filings_date": "2022-03-01", "url": "https://www.sec.gov/Archives/edgar/data/0001056696/000120919122013976/xslF345X03/doc4.xml"}, {"form_type": "SC 13G/A", "filings_date": "2022-02-14", "url": "https://www.sec.gov/Archives/edgar/data/0001056696/000139834422003282/fp0072372_sc13ga.htm"}, {"form_type": "SC 13G/A", "filings_date": "2022-02-14", "url": "https://www.sec.gov/Archives/edgar/data/0001056696/000156761922003954/doc1.htm"}, {"form_type": "SC 13G", "filings_date": "2022-02-14", "url": "https://www.sec.gov/Archives/edgar/data/0001056696/000091420822000252/SEC13G_Filing.htm"}, {"form_type": "SC 13G/A", "filings_date": "2022-02-10", "url": "https://www.sec.gov/Archives/edgar/data/0001056696/000110465922018027/tv01366-manhattanassociatesi.htm"}, {"form_type": "10-K", "filings_date": "2022-02-07", "url": "https://www.sec.gov/Archives/edgar/data/0001056696/000156459022004100/manh-10k_20211231.htm"}, {"form_type": "4", "filings_date": "2022-02-02", "url": "https://www.sec.gov/Archives/edgar/data/0001056696/000120919122006447/xslF345X03/doc4.xml"}, {"form_type": "4", "filings_date": "2022-02-02", "url": "https://www.sec.gov/Archives/edgar/data/0001056696/000120919122006432/xslF345X03/doc4.xml"}, {"form_type": "4", "filings_date": "2022-02-02", "url": "https://www.sec.gov/Archives/edgar/data/0001056696/000120919122006411/xslF345X03/doc4.xml"}, {"form_type": "4", "filings_date": "2022-02-02", "url": "https://www.sec.gov/Archives/edgar/data/0001056696/000120919122006396/xslF345X03/doc4.xml"}, {"form_type": "4", "filings_date": "2022-02-02", "url": "https://www.sec.gov/Archives/edgar/data/0001056696/000120919122006365/xslF345X03/doc4.xml"}, {"form_type": "SC 13G/A", "filings_date": "2022-02-01", "url": "https://www.sec.gov/Archives/edgar/data/0001056696/000083423722004447/us5627501092_020122.txt"}, {"form_type": "8-K", "filings_date": "2022-02-01", "url": "https://www.sec.gov/Archives/edgar/data/0001056696/000156459022003361/manh-8k_20220201.htm"}, {"form_type": "4/A", "filings_date": "2022-01-31", "url": "https://www.sec.gov/Archives/edgar/data/0001056696/000120919122005743/xslF345X03/doc4a.xml"}, {"form_type": "4", "filings_date": "2022-01-31", "url": "https://www.sec.gov/Archives/edgar/data/0001056696/000120919122005731/xslF345X03/doc4.xml"}, {"form_type": "4", "filings_date": "2022-01-31", "url": "https://www.sec.gov/Archives/edgar/data/0001056696/000120919122005717/xslF345X03/doc4.xml"}, {"form_type": "4", "filings_date": "2022-01-31", "url": "https://www.sec.gov/Archives/edgar/data/0001056696/000120919122005684/xslF345X03/doc4.xml"}, {"form_type": "4", "filings_date": "2022-01-31", "url": "https://www.sec.gov/Archives/edgar/data/0001056696/000120919122005631/xslF345X03/doc4.xml"}, {"form_type": "4", "filings_date": "2022-01-31", "url": "https://www.sec.gov/Archives/edgar/data/0001056696/000120919122005591/xslF345X03/doc4.xml"}, {"form_type": "4", "filings_date": "2021-12-20", "url": "https://www.sec.gov/Archives/edgar/data/0001056696/000120919121070577/xslF345X03/doc4.xml"}, {"form_type": "SC 13G/A", "filings_date": "2021-12-14", "url": "https://www.sec.gov/Archives/edgar/data/0001056696/000035079721000164/manh.txt"}, {"form_type": "10-Q", "filings_date": "2021-10-28", "url": "https://www.sec.gov/Archives/edgar/data/0001056696/000156459021052706/manh-10q_20210930.htm"}, {"form_type": "8-K", "filings_date": "2021-10-26", "url": "https://www.sec.gov/Archives/edgar/data/0001056696/000156459021051988/manh-8k_20211026.htm"}, {"form_type": "4", "filings_date": "2021-08-31", "url": "https://www.sec.gov/Archives/edgar/data/0001056696/000120919121054113/xslF345X03/doc4.xml"}, {"form_type": "4", "filings_date": "2021-08-12", "url": "https://www.sec.gov/Archives/edgar/data/0001056696/000120919121051083/xslF345X03/doc4.xml"}, {"form_type": "4", "filings_date": "2021-08-06", "url": "https://www.sec.gov/Archives/edgar/data/0001056696/000120919121050190/xslF345X03/doc4.xml"}, {"form_type": "4", "filings_date": "2021-08-03", "url": "https://www.sec.gov/Archives/edgar/data/0001056696/000120919121049347/xslF345X03/doc4.xml"}, {"form_type": "4", "filings_date": "2021-08-03", "url": "https://www.sec.gov/Archives/edgar/data/0001056696/000120919121049346/xslF345X03/doc4.xml"}, {"form_type": "10-Q", "filings_date": "2021-07-29", "url": "https://www.sec.gov/Archives/edgar/data/0001056696/000156459021039189/manh-10q_20210630.htm"}, {"form_type": "8-K", "filings_date": "2021-07-27", "url": "https://www.sec.gov/Archives/edgar/data/0001056696/000156459021038310/manh-8k_20210727.htm"}, {"form_type": "4", "filings_date": "2021-06-14", "url": "https://www.sec.gov/Archives/edgar/data/0001056696/000120919121040227/xslF345X03/doc4.xml"}, {"form_type": "4", "filings_date": "2021-05-17", "url": "https://www.sec.gov/Archives/edgar/data/0001056696/000120919121033169/xslF345X03/doc4.xml"}, {"form_type": "4", "filings_date": "2021-05-17", "url": "https://www.sec.gov/Archives/edgar/data/0001056696/000120919121033153/xslF345X03/doc4.xml"}, {"form_type": "4", "filings_date": "2021-05-17", "url": "https://www.sec.gov/Archives/edgar/data/0001056696/000120919121033150/xslF345X03/doc4.xml"}, {"form_type": "4", "filings_date": "2021-05-17", "url": "https://www.sec.gov/Archives/edgar/data/0001056696/000120919121033147/xslF345X03/doc4.xml"}, {"form_type": "4", "filings_date": "2021-05-17", "url": "https://www.sec.gov/Archives/edgar/data/0001056696/000120919121033145/xslF345X03/doc4.xml"}, {"form_type": "4", "filings_date": "2021-05-17", "url": "https://www.sec.gov/Archives/edgar/data/0001056696/000120919121033143/xslF345X03/doc4.xml"}, {"form_type": "4", "filings_date": "2021-05-17", "url": "https://www.sec.gov/Archives/edgar/data/0001056696/000120919121033141/xslF345X03/doc4.xml"}, {"form_type": "8-K", "filings_date": "2021-05-13", "url": "https://www.sec.gov/Archives/edgar/data/0001056696/000156459021027519/manh-8k_20210513.htm"}, {"form_type": "10-Q", "filings_date": "2021-04-29", "url": "https://www.sec.gov/Archives/edgar/data/0001056696/000156459021022006/manh-10q_20210331.htm"}, {"form_type": "8-K", "filings_date": "2021-04-27", "url": "https://www.sec.gov/Archives/edgar/data/0001056696/000156459021020887/manh-8k_20210427.htm"}, {"form_type": "DEFA14A", "filings_date": "2021-03-31", "url": "https://www.sec.gov/Archives/edgar/data/0001056696/000156459021017008/manh-defa14a_20210513.htm"}, {"form_type": "DEF 14A", "filings_date": "2021-03-31", "url": "https://www.sec.gov/Archives/edgar/data/0001056696/000156459021017007/manh-def14a_20210513.htm"}, {"form_type": "4", "filings_date": "2021-03-02", "url": "https://www.sec.gov/Archives/edgar/data/0001056696/000120919121016227/xslF345X03/doc4.xml"}, {"form_type": "4", "filings_date": "2021-03-02", "url": "https://www.sec.gov/Archives/edgar/data/0001056696/000120919121016217/xslF345X03/doc4.xml"}, {"form_type": "4", "filings_date": "2021-03-02", "url": "https://www.sec.gov/Archives/edgar/data/0001056696/000120919121016207/xslF345X03/doc4.xml"}, {"form_type": "4", "filings_date": "2021-03-02", "url": "https://www.sec.gov/Archives/edgar/data/0001056696/000120919121016204/xslF345X03/doc4.xml"}, {"form_type": "4", "filings_date": "2021-03-02", "url": "https://www.sec.gov/Archives/edgar/data/0001056696/000120919121016201/xslF345X03/doc4.xml"}, {"form_type": "SC 13G/A", "filings_date": "2021-02-12", "url": "https://www.sec.gov/Archives/edgar/data/0001056696/000139834421003221/fp0061801_sc13ga.htm"}, {"form_type": "SC 13G/A", "filings_date": "2021-02-12", "url": "https://www.sec.gov/Archives/edgar/data/0001056696/000094039421000353/manhattanassoc13ga7.txt"}, {"form_type": "4", "filings_date": "2021-02-11", "url": "https://www.sec.gov/Archives/edgar/data/0001056696/000120919121009644/xslF345X03/doc4.xml"}, {"form_type": "SC 13G/A", "filings_date": "2021-02-11", "url": "https://www.sec.gov/Archives/edgar/data/0001056696/000156761921003056/doc1.htm"}, {"form_type": "SC 13G/A", "filings_date": "2021-02-10", "url": "https://www.sec.gov/Archives/edgar/data/0001056696/000110465921018567/tv01327-manhattanassociatesi.htm"}, {"form_type": "4", "filings_date": "2021-02-08", "url": "https://www.sec.gov/Archives/edgar/data/0001056696/000120919121008453/xslF345X03/doc4.xml"}, {"form_type": "10-K", "filings_date": "2021-02-05", "url": "https://www.sec.gov/Archives/edgar/data/0001056696/000156459021004542/manh-10k_20201231.htm"}, {"form_type": "4", "filings_date": "2021-02-02", "url": "https://www.sec.gov/Archives/edgar/data/0001056696/000120919121006777/xslF345X03/doc4.xml"}, {"form_type": "4", "filings_date": "2021-02-02", "url": "https://www.sec.gov/Archives/edgar/data/0001056696/000120919121006772/xslF345X03/doc4.xml"}, {"form_type": "4", "filings_date": "2021-02-02", "url": "https://www.sec.gov/Archives/edgar/data/0001056696/000120919121006769/xslF345X03/doc4.xml"}, {"form_type": "4", "filings_date": "2021-02-02", "url": "https://www.sec.gov/Archives/edgar/data/0001056696/000120919121006763/xslF345X03/doc4.xml"}, {"form_type": "4", "filings_date": "2021-02-02", "url": "https://www.sec.gov/Archives/edgar/data/0001056696/000120919121006757/xslF345X03/doc4.xml"}, {"form_type": "8-K", "filings_date": "2021-02-02", "url": "https://www.sec.gov/Archives/edgar/data/0001056696/000156459021003846/manh-8k_20210202.htm"}, {"form_type": "4", "filings_date": "2021-02-01", "url": "https://www.sec.gov/Archives/edgar/data/0001056696/000120919121006485/xslF345X03/doc4.xml"}, {"form_type": "4", "filings_date": "2021-02-01", "url": "https://www.sec.gov/Archives/edgar/data/0001056696/000120919121006480/xslF345X03/doc4.xml"}, {"form_type": "4", "filings_date": "2021-02-01", "url": "https://www.sec.gov/Archives/edgar/data/0001056696/000120919121006476/xslF345X03/doc4.xml"}, {"form_type": "4", "filings_date": "2021-02-01", "url": "https://www.sec.gov/Archives/edgar/data/0001056696/000120919121006472/xslF345X03/doc4.xml"}, {"form_type": "4", "filings_date": "2021-02-01", "url": "https://www.sec.gov/Archives/edgar/data/0001056696/000120919121006468/xslF345X03/doc4.xml"}, {"form_type": "SC 13G/A", "filings_date": "2021-01-29", "url": "https://www.sec.gov/Archives/edgar/data/0001056696/000083423721004680/us5627501092_012921.txt"}, {"form_type": "4", "filings_date": "2020-12-08", "url": "https://www.sec.gov/Archives/edgar/data/0001056696/000120919120062249/xslF345X03/doc4.xml"}, {"form_type": "4", "filings_date": "2020-12-04", "url": "https://www.sec.gov/Archives/edgar/data/0001056696/000120919120061792/xslF345X03/doc4.xml"}, {"form_type": "10-Q", "filings_date": "2020-11-02", "url": "https://www.sec.gov/Archives/edgar/data/0001056696/000156459020049685/manh-10q_20200930.htm"}, {"form_type": "8-K", "filings_date": "2020-10-22", "url": "https://www.sec.gov/Archives/edgar/data/0001056696/000156459020047265/manh-8k_20201022.htm"}, {"form_type": "4", "filings_date": "2020-08-31", "url": "https://www.sec.gov/Archives/edgar/data/0001056696/000120919120048794/xslF345X03/doc4.xml"}, {"form_type": "10-Q", "filings_date": "2020-07-27", "url": "https://www.sec.gov/Archives/edgar/data/0001056696/000156459020033600/manh-10q_20200630.htm"}, {"form_type": "8-K", "filings_date": "2020-07-23", "url": "https://www.sec.gov/Archives/edgar/data/0001056696/000156459020033248/manh-8k_20200723.htm"}, {"form_type": "4", "filings_date": "2020-06-01", "url": "https://www.sec.gov/Archives/edgar/data/0001056696/000120919120033181/xslF345X03/doc4.xml"}, {"form_type": "4", "filings_date": "2020-06-01", "url": "https://www.sec.gov/Archives/edgar/data/0001056696/000120919120033179/xslF345X03/doc4.xml"}, {"form_type": "4", "filings_date": "2020-05-28", "url": "https://www.sec.gov/Archives/edgar/data/0001056696/000120919120032602/xslF345X03/doc4.xml"}, {"form_type": "S-8", "filings_date": "2020-05-19", "url": "https://www.sec.gov/Archives/edgar/data/0001056696/000156459020026164/manh-s8.htm"}, {"form_type": "S-8 POS", "filings_date": "2020-05-19", "url": "https://www.sec.gov/Archives/edgar/data/0001056696/000156459020026150/manh-s8pos.htm"}, {"form_type": "S-8 POS", "filings_date": "2020-05-19", "url": "https://www.sec.gov/Archives/edgar/data/0001056696/000156459020026148/manh-s8pos.htm"}, {"form_type": "S-8 POS", "filings_date": "2020-05-19", "url": "https://www.sec.gov/Archives/edgar/data/0001056696/000156459020026144/manh-s8pos.htm"}, {"form_type": "8-K", "filings_date": "2020-05-18", "url": "https://www.sec.gov/Archives/edgar/data/0001056696/000156459020025996/manh-8k_20200514.htm"}, {"form_type": "4", "filings_date": "2020-05-14", "url": "https://www.sec.gov/Archives/edgar/data/0001056696/000120919120029177/xslF345X03/doc4.xml"}, {"form_type": "4", "filings_date": "2020-05-14", "url": "https://www.sec.gov/Archives/edgar/data/0001056696/000120919120029174/xslF345X03/doc4.xml"}, {"form_type": "4", "filings_date": "2020-05-14", "url": "https://www.sec.gov/Archives/edgar/data/0001056696/000120919120029171/xslF345X03/doc4.xml"}, {"form_type": "4", "filings_date": "2020-05-14", "url": "https://www.sec.gov/Archives/edgar/data/0001056696/000120919120029168/xslF345X03/doc4.xml"}, {"form_type": "4", "filings_date": "2020-05-14", "url": "https://www.sec.gov/Archives/edgar/data/0001056696/000120919120029166/xslF345X03/doc4.xml"}, {"form_type": "4", "filings_date": "2020-05-14", "url": "https://www.sec.gov/Archives/edgar/data/0001056696/000120919120029161/xslF345X03/doc4.xml"}, {"form_type": "10-Q", "filings_date": "2020-05-01", "url": "https://www.sec.gov/Archives/edgar/data/0001056696/000156459020020456/manh-10q_20200331.htm"}, {"form_type": "4", "filings_date": "2020-04-30", "url": "https://www.sec.gov/Archives/edgar/data/0001056696/000120919120026300/xslF345X03/doc4.xml"}, {"form_type": "8-K", "filings_date": "2020-04-21", "url": "https://www.sec.gov/Archives/edgar/data/0001056696/000156459020017688/manh-8k_20200421.htm"}, {"form_type": "8-K", "filings_date": "2020-04-03", "url": "https://www.sec.gov/Archives/edgar/data/0001056696/000156459020015136/manh-8k_20200330.htm"}, {"form_type": "DEFA14A", "filings_date": "2020-03-30", "url": "https://www.sec.gov/Archives/edgar/data/0001056696/000156459020013962/manh-defa14a_20191231.htm"}, {"form_type": "DEF 14A", "filings_date": "2020-03-30", "url": "https://www.sec.gov/Archives/edgar/data/0001056696/000156459020013959/manh-def14a_20200514.htm"}, {"form_type": "4", "filings_date": "2020-03-03", "url": "https://www.sec.gov/Archives/edgar/data/0001056696/000120919120015185/xslF345X03/doc4.xml"}, {"form_type": "4", "filings_date": "2020-03-03", "url": "https://www.sec.gov/Archives/edgar/data/0001056696/000120919120015181/xslF345X03/doc4.xml"}, {"form_type": "4", "filings_date": "2020-03-03", "url": "https://www.sec.gov/Archives/edgar/data/0001056696/000120919120015173/xslF345X03/doc4.xml"}, {"form_type": "4", "filings_date": "2020-03-03", "url": "https://www.sec.gov/Archives/edgar/data/0001056696/000120919120015167/xslF345X03/doc4.xml"}, {"form_type": "4", "filings_date": "2020-03-03", "url": "https://www.sec.gov/Archives/edgar/data/0001056696/000120919120015162/xslF345X03/doc4.xml"}, {"form_type": "SC 13G/A", "filings_date": "2020-02-14", "url": "https://www.sec.gov/Archives/edgar/data/0001056696/000139834420003424/fp0050124_sc13ga.htm"}, {"form_type": "SC 13G/A", "filings_date": "2020-02-13", "url": "https://www.sec.gov/Archives/edgar/data/0001056696/000156761920003248/doc1.htm"}, {"form_type": "SC 13G/A", "filings_date": "2020-02-12", "url": "https://www.sec.gov/Archives/edgar/data/0001056696/000035079720000023/manhattanassoc13ga6.txt"}, {"form_type": "SC 13G/A", "filings_date": "2020-02-12", "url": "https://www.sec.gov/Archives/edgar/data/0001056696/000110465920017100/tv0600-manhattanassociatesin.htm"}, {"form_type": "4", "filings_date": "2020-02-10", "url": "https://www.sec.gov/Archives/edgar/data/0001056696/000120919120007883/xslF345X03/doc4.xml"}, {"form_type": "4", "filings_date": "2020-02-10", "url": "https://www.sec.gov/Archives/edgar/data/0001056696/000120919120007881/xslF345X03/doc4.xml"}, {"form_type": "4", "filings_date": "2020-02-10", "url": "https://www.sec.gov/Archives/edgar/data/0001056696/000120919120007880/xslF345X03/doc4.xml"}, {"form_type": "4", "filings_date": "2020-02-10", "url": "https://www.sec.gov/Archives/edgar/data/0001056696/000120919120007877/xslF345X03/doc4.xml"}, {"form_type": "4", "filings_date": "2020-02-10", "url": "https://www.sec.gov/Archives/edgar/data/0001056696/000120919120007873/xslF345X03/doc4.xml"}, {"form_type": "10-K", "filings_date": "2020-02-10", "url": "https://www.sec.gov/Archives/edgar/data/0001056696/000156459020003915/manh-10k_20191231.htm"}, {"form_type": "4", "filings_date": "2020-02-04", "url": "https://www.sec.gov/Archives/edgar/data/0001056696/000120919120006314/xslF345X03/doc4.xml"}, {"form_type": "4", "filings_date": "2020-02-04", "url": "https://www.sec.gov/Archives/edgar/data/0001056696/000120919120006310/xslF345X03/doc4.xml"}, {"form_type": "4", "filings_date": "2020-02-04", "url": "https://www.sec.gov/Archives/edgar/data/0001056696/000120919120006308/xslF345X03/doc4.xml"}, {"form_type": "4", "filings_date": "2020-02-04", "url": "https://www.sec.gov/Archives/edgar/data/0001056696/000120919120006305/xslF345X03/doc4.xml"}, {"form_type": "4", "filings_date": "2020-02-04", "url": "https://www.sec.gov/Archives/edgar/data/0001056696/000120919120006302/xslF345X03/doc4.xml"}, {"form_type": "8-K", "filings_date": "2020-02-04", "url": "https://www.sec.gov/Archives/edgar/data/0001056696/000156459020003246/manh-8k_20200204.htm"}, {"form_type": "4", "filings_date": "2020-01-31", "url": "https://www.sec.gov/Archives/edgar/data/0001056696/000120919120005777/xslF345X03/doc4.xml"}, {"form_type": "4", "filings_date": "2020-01-31", "url": "https://www.sec.gov/Archives/edgar/data/0001056696/000120919120005776/xslF345X03/doc4.xml"}, {"form_type": "4", "filings_date": "2020-01-31", "url": "https://www.sec.gov/Archives/edgar/data/0001056696/000120919120005775/xslF345X03/doc4.xml"}, {"form_type": "4", "filings_date": "2020-01-31", "url": "https://www.sec.gov/Archives/edgar/data/0001056696/000120919120005773/xslF345X03/doc4.xml"}, {"form_type": "4", "filings_date": "2020-01-31", "url": "https://www.sec.gov/Archives/edgar/data/0001056696/000120919120005770/xslF345X03/doc4.xml"}, {"form_type": "SC 13G/A", "filings_date": "2020-01-10", "url": "https://www.sec.gov/Archives/edgar/data/0001056696/000083423720000052/us5627501092_011020.txt"}, {"form_type": "4", "filings_date": "2019-12-16", "url": "https://www.sec.gov/Archives/edgar/data/0001056696/000120919119060702/xslF345X03/doc4.xml"}, {"form_type": "10-Q", "filings_date": "2019-10-24", "url": "https://www.sec.gov/Archives/edgar/data/0001056696/000156459019037771/manh-10q_20190930.htm"}, {"form_type": "8-K", "filings_date": "2019-10-22", "url": "https://www.sec.gov/Archives/edgar/data/0001056696/000156459019037387/manh-8k_20191022.htm"}, {"form_type": "4", "filings_date": "2019-08-12", "url": "https://www.sec.gov/Archives/edgar/data/0001056696/000120919119045521/xslF345X03/doc4.xml"}, {"form_type": "4", "filings_date": "2019-08-12", "url": "https://www.sec.gov/Archives/edgar/data/0001056696/000120919119045517/xslF345X03/doc4.xml"}, {"form_type": "4", "filings_date": "2019-07-31", "url": "https://www.sec.gov/Archives/edgar/data/0001056696/000120919119043851/xslF345X03/doc4.xml"}, {"form_type": "10-Q", "filings_date": "2019-07-25", "url": "https://www.sec.gov/Archives/edgar/data/0001056696/000156459019026152/manh-10q_20190630.htm"}, {"form_type": "8-K", "filings_date": "2019-07-23", "url": "https://www.sec.gov/Archives/edgar/data/0001056696/000156459019025622/manh-8k_20190723.htm"}, {"form_type": "4", "filings_date": "2019-05-16", "url": "https://www.sec.gov/Archives/edgar/data/0001056696/000120919119030367/xslF345X03/doc4.xml"}, {"form_type": "4", "filings_date": "2019-05-16", "url": "https://www.sec.gov/Archives/edgar/data/0001056696/000120919119030362/xslF345X03/doc4.xml"}, {"form_type": "4", "filings_date": "2019-05-16", "url": "https://www.sec.gov/Archives/edgar/data/0001056696/000120919119030358/xslF345X03/doc4.xml"}, {"form_type": "4", "filings_date": "2019-05-16", "url": "https://www.sec.gov/Archives/edgar/data/0001056696/000120919119030354/xslF345X03/doc4.xml"}, {"form_type": "4", "filings_date": "2019-05-16", "url": "https://www.sec.gov/Archives/edgar/data/0001056696/000120919119030352/xslF345X03/doc4.xml"}, {"form_type": "4", "filings_date": "2019-05-16", "url": "https://www.sec.gov/Archives/edgar/data/0001056696/000120919119030351/xslF345X03/doc4.xml"}, {"form_type": "8-K", "filings_date": "2019-05-14", "url": "https://www.sec.gov/Archives/edgar/data/0001056696/000156459019019182/manh-8k_20190514.htm"}, {"form_type": "10-Q", "filings_date": "2019-04-25", "url": "https://www.sec.gov/Archives/edgar/data/0001056696/000156459019013103/manh-10q_20190331.htm"}, {"form_type": "8-K", "filings_date": "2019-04-23", "url": "https://www.sec.gov/Archives/edgar/data/0001056696/000156459019012504/manh-8k_20190423.htm"}, {"form_type": "DEFA14A", "filings_date": "2019-03-28", "url": "https://www.sec.gov/Archives/edgar/data/0001056696/000156459019009731/manh-defa14a_20190514.htm"}, {"form_type": "DEF 14A", "filings_date": "2019-03-28", "url": "https://www.sec.gov/Archives/edgar/data/0001056696/000156459019009730/manh-def14a_20190514.htm"}, {"form_type": "4", "filings_date": "2019-03-18", "url": "https://www.sec.gov/Archives/edgar/data/0001056696/000120919119020025/xslF345X03/doc4.xml"}, {"form_type": "10-K/A", "filings_date": "2019-03-15", "url": "https://www.sec.gov/Archives/edgar/data/0001056696/000156459019008024/manh-10ka_20181231.htm"}, {"form_type": "SC 13G/A", "filings_date": "2019-03-11", "url": "https://www.sec.gov/Archives/edgar/data/0001056696/000093247119006535/manhattanassociatesinc.htm"}, {"form_type": "4", "filings_date": "2019-03-06", "url": "https://www.sec.gov/Archives/edgar/data/0001056696/000120919119017314/xslF345X03/doc4.xml"}, {"form_type": "4", "filings_date": "2019-03-04", "url": "https://www.sec.gov/Archives/edgar/data/0001056696/000120919119015625/xslF345X03/doc4.xml"}, {"form_type": "4", "filings_date": "2019-03-04", "url": "https://www.sec.gov/Archives/edgar/data/0001056696/000120919119015619/xslF345X03/doc4.xml"}, {"form_type": "4", "filings_date": "2019-03-04", "url": "https://www.sec.gov/Archives/edgar/data/0001056696/000120919119015610/xslF345X03/doc4.xml"}, {"form_type": "4", "filings_date": "2019-03-04", "url": "https://www.sec.gov/Archives/edgar/data/0001056696/000120919119015601/xslF345X03/doc4.xml"}, {"form_type": "4", "filings_date": "2019-03-04", "url": "https://www.sec.gov/Archives/edgar/data/0001056696/000120919119015591/xslF345X03/doc4.xml"}, {"form_type": "SC 13G/A", "filings_date": "2019-02-14", "url": "https://www.sec.gov/Archives/edgar/data/0001056696/000094039419000251/manhattanassoc13ga5.htm"}, {"form_type": "SC 13G/A", "filings_date": "2019-02-14", "url": "https://www.sec.gov/Archives/edgar/data/0001056696/000139834419002726/fp0039130_sc13ga.htm"}, {"form_type": "SC 13G/A", "filings_date": "2019-02-13", "url": "https://www.sec.gov/Archives/edgar/data/0001056696/000156761919003586/doc1.htm"}, {"form_type": "SC 13G/A", "filings_date": "2019-02-11", "url": "https://www.sec.gov/Archives/edgar/data/0001056696/000093247119005117/manhattanassociatesinc.htm"}, {"form_type": "10-K", "filings_date": "2019-02-08", "url": "https://www.sec.gov/Archives/edgar/data/0001056696/000156459019002439/manh-10k_20181231.htm"}, {"form_type": "SC 13G/A", "filings_date": "2019-02-06", "url": "https://www.sec.gov/Archives/edgar/data/0001056696/000021545719004971/us5627501092_020519.txt"}, {"form_type": "8-K", "filings_date": "2019-02-05", "url": "https://www.sec.gov/Archives/edgar/data/0001056696/000156459019001995/manh-8k_20190205.htm"}, {"form_type": "4", "filings_date": "2019-02-04", "url": "https://www.sec.gov/Archives/edgar/data/0001056696/000120919119007078/xslF345X03/doc4.xml"}, {"form_type": "4", "filings_date": "2019-02-04", "url": "https://www.sec.gov/Archives/edgar/data/0001056696/000120919119006756/xslF345X03/doc4.xml"}, {"form_type": "4", "filings_date": "2019-02-04", "url": "https://www.sec.gov/Archives/edgar/data/0001056696/000120919119006754/xslF345X03/doc4.xml"}, {"form_type": "4", "filings_date": "2019-02-04", "url": "https://www.sec.gov/Archives/edgar/data/0001056696/000120919119006748/xslF345X03/doc4.xml"}, {"form_type": "4", "filings_date": "2019-02-04", "url": "https://www.sec.gov/Archives/edgar/data/0001056696/000120919119006746/xslF345X03/doc4.xml"}, {"form_type": "4", "filings_date": "2019-02-04", "url": "https://www.sec.gov/Archives/edgar/data/0001056696/000120919119006745/xslF345X03/doc4.xml"}, {"form_type": "4", "filings_date": "2019-01-30", "url": "https://www.sec.gov/Archives/edgar/data/0001056696/000120919119006006/xslF345X03/doc4.xml"}, {"form_type": "4", "filings_date": "2019-01-30", "url": "https://www.sec.gov/Archives/edgar/data/0001056696/000120919119006005/xslF345X03/doc4.xml"}, {"form_type": "4", "filings_date": "2019-01-30", "url": "https://www.sec.gov/Archives/edgar/data/0001056696/000120919119006003/xslF345X03/doc4.xml"}, {"form_type": "4", "filings_date": "2019-01-30", "url": "https://www.sec.gov/Archives/edgar/data/0001056696/000120919119006002/xslF345X03/doc4.xml"}, {"form_type": "10-Q", "filings_date": "2018-10-25", "url": "https://www.sec.gov/Archives/edgar/data/0001056696/000156459018025118/manh-10q_20180930.htm"}, {"form_type": "8-K", "filings_date": "2018-10-25", "url": "https://www.sec.gov/Archives/edgar/data/0001056696/000156459018024939/manh-8k_20181023.htm"}, {"form_type": "8-K", "filings_date": "2018-10-23", "url": "https://www.sec.gov/Archives/edgar/data/0001056696/000156459018024761/manh-8k_20181023.htm"}, {"form_type": "4", "filings_date": "2018-08-28", "url": "https://www.sec.gov/Archives/edgar/data/0001056696/000120919118048701/xslF345X03/doc4.xml"}, {"form_type": "4", "filings_date": "2018-08-20", "url": "https://www.sec.gov/Archives/edgar/data/0001056696/000120919118047623/xslF345X03/doc4.xml"}, {"form_type": "4", "filings_date": "2018-08-07", "url": "https://www.sec.gov/Archives/edgar/data/0001056696/000120919118045664/xslF345X03/doc4.xml"}, {"form_type": "10-Q", "filings_date": "2018-07-26", "url": "https://www.sec.gov/Archives/edgar/data/0001056696/000156459018017565/manh-10q_20180630.htm"}, {"form_type": "8-K", "filings_date": "2018-07-24", "url": "https://www.sec.gov/Archives/edgar/data/0001056696/000156459018017297/manh-8k_20180724.htm"}, {"form_type": "UPLOAD", "filings_date": "2018-07-10", "url": "https://www.sec.gov/Archives/edgar/data/0001056696/000000000018021120/filename1.pdf"}, {"form_type": "CORRESP", "filings_date": "2018-06-26", "url": "https://www.sec.gov/Archives/edgar/data/0001056696/000156459018016187/filename1.htm"}, {"form_type": "UPLOAD", "filings_date": "2018-06-13", "url": "https://www.sec.gov/Archives/edgar/data/0001056696/000000000018018153/filename1.pdf"}, {"form_type": "4", "filings_date": "2018-05-21", "url": "https://www.sec.gov/Archives/edgar/data/0001056696/000120919118031949/xslF345X03/doc4.xml"}, {"form_type": "4", "filings_date": "2018-05-21", "url": "https://www.sec.gov/Archives/edgar/data/0001056696/000120919118031944/xslF345X03/doc4.xml"}, {"form_type": "4", "filings_date": "2018-05-21", "url": "https://www.sec.gov/Archives/edgar/data/0001056696/000120919118031943/xslF345X03/doc4.xml"}, {"form_type": "4", "filings_date": "2018-05-21", "url": "https://www.sec.gov/Archives/edgar/data/0001056696/000120919118031939/xslF345X03/doc4.xml"}, {"form_type": "4", "filings_date": "2018-05-21", "url": "https://www.sec.gov/Archives/edgar/data/0001056696/000120919118031936/xslF345X03/doc4.xml"}, {"form_type": "4", "filings_date": "2018-05-21", "url": "https://www.sec.gov/Archives/edgar/data/0001056696/000120919118031934/xslF345X03/doc4.xml"}, {"form_type": "4", "filings_date": "2018-05-21", "url": "https://www.sec.gov/Archives/edgar/data/0001056696/000120919118031931/xslF345X03/doc4.xml"}, {"form_type": "3", "filings_date": "2018-05-18", "url": "https://www.sec.gov/Archives/edgar/data/0001056696/000120919118031395/xslF345X02/doc3.xml"}, {"form_type": "8-K", "filings_date": "2018-05-17", "url": "https://www.sec.gov/Archives/edgar/data/0001056696/000156459018013868/manh-8k_20180517.htm"}, {"form_type": "4", "filings_date": "2018-05-11", "url": "https://www.sec.gov/Archives/edgar/data/0001056696/000120919118029526/xslF345X03/doc4.xml"}, {"form_type": "10-Q", "filings_date": "2018-04-27", "url": "https://www.sec.gov/Archives/edgar/data/0001056696/000156459018009530/manh-10q_20180331.htm"}, {"form_type": "8-K", "filings_date": "2018-04-24", "url": "https://www.sec.gov/Archives/edgar/data/0001056696/000156459018008876/manh-8k_20180424.htm"}, {"form_type": "DEFA14A", "filings_date": "2018-04-04", "url": "https://www.sec.gov/Archives/edgar/data/0001056696/000156459018007589/manh-defa14a_20180517.htm"}, {"form_type": "DEF 14A", "filings_date": "2018-04-04", "url": "https://www.sec.gov/Archives/edgar/data/0001056696/000156459018007588/manh-def14a_20180517.htm"}, {"form_type": "4", "filings_date": "2018-03-15", "url": "https://www.sec.gov/Archives/edgar/data/0001056696/000120919118019885/xslF345X03/doc4.xml"}, {"form_type": "4", "filings_date": "2018-03-15", "url": "https://www.sec.gov/Archives/edgar/data/0001056696/000120919118019884/xslF345X03/doc4.xml"}, {"form_type": "SC 13G/A", "filings_date": "2018-02-15", "url": "https://www.sec.gov/Archives/edgar/data/0001056696/000114036118008460/doc1.htm"}, {"form_type": "SC 13G/A", "filings_date": "2018-02-14", "url": "https://www.sec.gov/Archives/edgar/data/0001056696/000094039418000268/manhattanassoc13ga4.txt"}, {"form_type": "SC 13G/A", "filings_date": "2018-02-14", "url": "https://www.sec.gov/Archives/edgar/data/0001056696/000139834418002261/fp0030624_sc13ga.htm"}, {"form_type": "10-K", "filings_date": "2018-02-09", "url": "https://www.sec.gov/Archives/edgar/data/0001056696/000156459018001747/manh-10k_20171231.htm"}, {"form_type": "SC 13G/A", "filings_date": "2018-02-09", "url": "https://www.sec.gov/Archives/edgar/data/0001056696/000093247118003908/manhattanassociatesinc.htm"}, {"form_type": "8-K", "filings_date": "2018-02-06", "url": "https://www.sec.gov/Archives/edgar/data/0001056696/000156459018001401/manh-8k_20180206.htm"}, {"form_type": "4", "filings_date": "2018-02-05", "url": "https://www.sec.gov/Archives/edgar/data/0001056696/000120919118007433/xslF345X03/doc4.xml"}, {"form_type": "4", "filings_date": "2018-02-05", "url": "https://www.sec.gov/Archives/edgar/data/0001056696/000120919118007432/xslF345X03/doc4.xml"}, {"form_type": "4", "filings_date": "2018-02-05", "url": "https://www.sec.gov/Archives/edgar/data/0001056696/000120919118007429/xslF345X03/doc4.xml"}, {"form_type": "4", "filings_date": "2018-02-05", "url": "https://www.sec.gov/Archives/edgar/data/0001056696/000120919118007423/xslF345X03/doc4.xml"}, {"form_type": "4", "filings_date": "2018-02-05", "url": "https://www.sec.gov/Archives/edgar/data/0001056696/000120919118007421/xslF345X03/doc4.xml"}, {"form_type": "4", "filings_date": "2018-02-02", "url": "https://www.sec.gov/Archives/edgar/data/0001056696/000120919118006828/xslF345X03/doc4.xml"}, {"form_type": "4", "filings_date": "2018-02-02", "url": "https://www.sec.gov/Archives/edgar/data/0001056696/000120919118006826/xslF345X03/doc4.xml"}, {"form_type": "4", "filings_date": "2018-02-02", "url": "https://www.sec.gov/Archives/edgar/data/0001056696/000120919118006820/xslF345X03/doc4.xml"}, {"form_type": "4", "filings_date": "2018-02-02", "url": "https://www.sec.gov/Archives/edgar/data/0001056696/000120919118006818/xslF345X03/doc4.xml"}, {"form_type": "4", "filings_date": "2018-02-02", "url": "https://www.sec.gov/Archives/edgar/data/0001056696/000120919118006813/xslF345X03/doc4.xml"}, {"form_type": "4", "filings_date": "2018-02-01", "url": "https://www.sec.gov/Archives/edgar/data/0001056696/000120919118006455/xslF345X03/doc4.xml"}, {"form_type": "4", "filings_date": "2018-02-01", "url": "https://www.sec.gov/Archives/edgar/data/0001056696/000120919118006453/xslF345X03/doc4.xml"}, {"form_type": "4", "filings_date": "2018-02-01", "url": "https://www.sec.gov/Archives/edgar/data/0001056696/000120919118006451/xslF345X03/doc4.xml"}, {"form_type": "4", "filings_date": "2018-02-01", "url": "https://www.sec.gov/Archives/edgar/data/0001056696/000120919118006448/xslF345X03/doc4.xml"}, {"form_type": "4", "filings_date": "2018-01-31", "url": "https://www.sec.gov/Archives/edgar/data/0001056696/000120919118006241/xslF345X03/doc4.xml"}, {"form_type": "4", "filings_date": "2018-01-31", "url": "https://www.sec.gov/Archives/edgar/data/0001056696/000120919118006240/xslF345X03/doc4.xml"}, {"form_type": "4", "filings_date": "2018-01-31", "url": "https://www.sec.gov/Archives/edgar/data/0001056696/000120919118006239/xslF345X03/doc4.xml"}, {"form_type": "4", "filings_date": "2018-01-31", "url": "https://www.sec.gov/Archives/edgar/data/0001056696/000120919118006238/xslF345X03/doc4.xml"}, {"form_type": "SC 13G/A", "filings_date": "2018-01-25", "url": "https://www.sec.gov/Archives/edgar/data/0001056696/000021545718003083/us5627501092_012418.txt"}, {"form_type": "4", "filings_date": "2018-01-24", "url": "https://www.sec.gov/Archives/edgar/data/0001056696/000120919118005098/xslF345X03/doc4.xml"}, {"form_type": "4", "filings_date": "2018-01-24", "url": "https://www.sec.gov/Archives/edgar/data/0001056696/000120919118005096/xslF345X03/doc4.xml"}, {"form_type": "4", "filings_date": "2017-11-03", "url": "https://www.sec.gov/Archives/edgar/data/0001056696/000120919117059166/xslF345X03/doc4.xml"}, {"form_type": "10-Q", "filings_date": "2017-10-30", "url": "https://www.sec.gov/Archives/edgar/data/0001056696/000156459017020362/manh-10q_20170930.htm"}, {"form_type": "8-K", "filings_date": "2017-10-24", "url": "https://www.sec.gov/Archives/edgar/data/0001056696/000156459017019859/manh-8k_20171024.htm"}, {"form_type": "SC 13G/A", "filings_date": "2017-10-10", "url": "https://www.sec.gov/Archives/edgar/data/0001056696/000139834417012906/fp0028465_sc13ga.htm"}, {"form_type": "10-Q", "filings_date": "2017-07-24", "url": "https://www.sec.gov/Archives/edgar/data/0001056696/000156459017013865/manh-10q_20170630.htm"}, {"form_type": "8-K", "filings_date": "2017-07-20", "url": "https://www.sec.gov/Archives/edgar/data/0001056696/000156459017013723/manh-8k_20170720.htm"}, {"form_type": "SC 13G/A", "filings_date": "2017-07-10", "url": "https://www.sec.gov/Archives/edgar/data/0001056696/000139834417008492/fp0026681_sc13ga.htm"}, {"form_type": "4", "filings_date": "2017-05-22", "url": "https://www.sec.gov/Archives/edgar/data/0001056696/000120919117034374/xslF345X03/doc4.xml"}, {"form_type": "4", "filings_date": "2017-05-22", "url": "https://www.sec.gov/Archives/edgar/data/0001056696/000120919117034373/xslF345X03/doc4.xml"}, {"form_type": "4", "filings_date": "2017-05-22", "url": "https://www.sec.gov/Archives/edgar/data/0001056696/000120919117034372/xslF345X03/doc4.xml"}, {"form_type": "4", "filings_date": "2017-05-22", "url": "https://www.sec.gov/Archives/edgar/data/0001056696/000120919117034371/xslF345X03/doc4.xml"}, {"form_type": "4", "filings_date": "2017-05-22", "url": "https://www.sec.gov/Archives/edgar/data/0001056696/000120919117034370/xslF345X03/doc4.xml"}, {"form_type": "4", "filings_date": "2017-05-22", "url": "https://www.sec.gov/Archives/edgar/data/0001056696/000120919117034369/xslF345X03/doc4.xml"}, {"form_type": "3", "filings_date": "2017-05-22", "url": "https://www.sec.gov/Archives/edgar/data/0001056696/000120919117034368/xslF345X02/doc3.xml"}, {"form_type": "8-K", "filings_date": "2017-05-19", "url": "https://www.sec.gov/Archives/edgar/data/0001056696/000156459017011329/manh-8k_20170518.htm"}, {"form_type": "10-Q", "filings_date": "2017-04-24", "url": "https://www.sec.gov/Archives/edgar/data/0001056696/000156459017007008/manh-10q_20170331.htm"}, {"form_type": "8-K", "filings_date": "2017-04-20", "url": "https://www.sec.gov/Archives/edgar/data/0001056696/000156459017006777/manh-8k_20170420.htm"}, {"form_type": "DEFA14A", "filings_date": "2017-03-31", "url": "https://www.sec.gov/Archives/edgar/data/0001056696/000156459017005731/manh-defa14a_20170518.htm"}, {"form_type": "DEF 14A", "filings_date": "2017-03-31", "url": "https://www.sec.gov/Archives/edgar/data/0001056696/000156459017005729/manh-def14a_20170518.htm"}, {"form_type": "4", "filings_date": "2017-03-02", "url": "https://www.sec.gov/Archives/edgar/data/0001056696/000120919117016523/xslF345X03/doc4.xml"}, {"form_type": "4", "filings_date": "2017-03-02", "url": "https://www.sec.gov/Archives/edgar/data/0001056696/000120919117016519/xslF345X03/doc4.xml"}, {"form_type": "4", "filings_date": "2017-03-02", "url": "https://www.sec.gov/Archives/edgar/data/0001056696/000120919117016515/xslF345X03/doc4.xml"}, {"form_type": "4", "filings_date": "2017-03-02", "url": "https://www.sec.gov/Archives/edgar/data/0001056696/000120919117016511/xslF345X03/doc4.xml"}, {"form_type": "SC 13G/A", "filings_date": "2017-02-15", "url": "https://www.sec.gov/Archives/edgar/data/0001056696/000035079717000041/manhattanassoc13ga3.txt"}, {"form_type": "SC 13G", "filings_date": "2017-02-14", "url": "https://www.sec.gov/Archives/edgar/data/0001056696/000114036117006857/doc1.htm"}, {"form_type": "SC 13G/A", "filings_date": "2017-02-10", "url": "https://www.sec.gov/Archives/edgar/data/0001056696/000093247117001688/manhattanassociatesinc.htm"}, {"form_type": "SC 13G/A", "filings_date": "2017-02-09", "url": "https://www.sec.gov/Archives/edgar/data/0001056696/000139834417001676/fp0023897_sc13ga.htm"}, {"form_type": "10-K", "filings_date": "2017-02-03", "url": "https://www.sec.gov/Archives/edgar/data/0001056696/000156459017000938/manh-10k_20161231.htm"}, {"form_type": "4", "filings_date": "2017-02-02", "url": "https://www.sec.gov/Archives/edgar/data/0001056696/000120919117007098/xslF345X03/doc4.xml"}, {"form_type": "4", "filings_date": "2017-02-02", "url": "https://www.sec.gov/Archives/edgar/data/0001056696/000120919117007095/xslF345X03/doc4.xml"}, {"form_type": "4", "filings_date": "2017-02-02", "url": "https://www.sec.gov/Archives/edgar/data/0001056696/000120919117007089/xslF345X03/doc4.xml"}, {"form_type": "4", "filings_date": "2017-02-02", "url": "https://www.sec.gov/Archives/edgar/data/0001056696/000120919117007086/xslF345X03/doc4.xml"}, {"form_type": "4", "filings_date": "2017-02-02", "url": "https://www.sec.gov/Archives/edgar/data/0001056696/000120919117007082/xslF345X03/doc4.xml"}, {"form_type": "4", "filings_date": "2017-01-31", "url": "https://www.sec.gov/Archives/edgar/data/0001056696/000120919117006391/xslF345X03/doc4.xml"}, {"form_type": "4", "filings_date": "2017-01-31", "url": "https://www.sec.gov/Archives/edgar/data/0001056696/000120919117006389/xslF345X03/doc4.xml"}, {"form_type": "4", "filings_date": "2017-01-31", "url": "https://www.sec.gov/Archives/edgar/data/0001056696/000120919117006386/xslF345X03/doc4.xml"}, {"form_type": "4", "filings_date": "2017-01-31", "url": "https://www.sec.gov/Archives/edgar/data/0001056696/000120919117006383/xslF345X03/doc4.xml"}, {"form_type": "8-K", "filings_date": "2017-01-31", "url": "https://www.sec.gov/Archives/edgar/data/0001056696/000156459017000775/manh-8k_20170131.htm"}, {"form_type": "4", "filings_date": "2017-01-30", "url": "https://www.sec.gov/Archives/edgar/data/0001056696/000120919117006156/xslF345X03/doc4.xml"}, {"form_type": "4", "filings_date": "2017-01-30", "url": "https://www.sec.gov/Archives/edgar/data/0001056696/000120919117006154/xslF345X03/doc4.xml"}, {"form_type": "4", "filings_date": "2017-01-30", "url": "https://www.sec.gov/Archives/edgar/data/0001056696/000120919117006152/xslF345X03/doc4.xml"}, {"form_type": "4", "filings_date": "2017-01-30", "url": "https://www.sec.gov/Archives/edgar/data/0001056696/000120919117006151/xslF345X03/doc4.xml"}, {"form_type": "4", "filings_date": "2017-01-30", "url": "https://www.sec.gov/Archives/edgar/data/0001056696/000120919117006150/xslF345X03/doc4.xml"}, {"form_type": "4", "filings_date": "2017-01-25", "url": "https://www.sec.gov/Archives/edgar/data/0001056696/000120919117005544/xslF345X03/doc4.xml"}, {"form_type": "4", "filings_date": "2017-01-25", "url": "https://www.sec.gov/Archives/edgar/data/0001056696/000120919117005542/xslF345X03/doc4.xml"}, {"form_type": "4", "filings_date": "2017-01-25", "url": "https://www.sec.gov/Archives/edgar/data/0001056696/000120919117005540/xslF345X03/doc4.xml"}, {"form_type": "4", "filings_date": "2017-01-25", "url": "https://www.sec.gov/Archives/edgar/data/0001056696/000120919117005539/xslF345X03/doc4.xml"}, {"form_type": "SC 13G/A", "filings_date": "2017-01-25", "url": "https://www.sec.gov/Archives/edgar/data/0001056696/000035348017001184/manhattan.associat.txt"}]}