{"company": {"cik": "0001540184", "name": "Medallia, Inc.", "sic": "Services-Computer Programming, Data Processing, Etc.", "state_incorp": "DE", "ticker": "", "mailing_addr": "575 MARKET STREET, SAN FRANCISCO, CA, 94105", "category": "Large accelerated filer", "fiscal_year_end": "31, January"}, "filings": [{"form_type": "SC 13G/A", "filings_date": "2022-02-11", "url": "https://www.sec.gov/Archives/edgar/data/0001540184/000131547822000020/MDLA_123121.txt"}, {"form_type": "15-12B", "filings_date": "2021-11-09", "url": "https://www.sec.gov/Archives/edgar/data/0001540184/000114036121037081/brhc10030195_1512b.htm"}, {"form_type": "4", "filings_date": "2021-11-02", "url": "https://www.sec.gov/Archives/edgar/data/0001540184/000089924321042517/xslF345X03/doc4.xml"}, {"form_type": "4", "filings_date": "2021-11-02", "url": "https://www.sec.gov/Archives/edgar/data/0001540184/000089924321042516/xslF345X03/doc4.xml"}, {"form_type": "4", "filings_date": "2021-11-02", "url": "https://www.sec.gov/Archives/edgar/data/0001540184/000089924321042514/xslF345X03/doc4.xml"}, {"form_type": "4", "filings_date": "2021-11-02", "url": "https://www.sec.gov/Archives/edgar/data/0001540184/000089924321042512/xslF345X03/doc4.xml"}, {"form_type": "4", "filings_date": "2021-11-02", "url": "https://www.sec.gov/Archives/edgar/data/0001540184/000089924321042511/xslF345X03/doc4.xml"}, {"form_type": "4", "filings_date": "2021-11-02", "url": "https://www.sec.gov/Archives/edgar/data/0001540184/000089924321042510/xslF345X03/doc4.xml"}, {"form_type": "4", "filings_date": "2021-11-02", "url": "https://www.sec.gov/Archives/edgar/data/0001540184/000089924321042509/xslF345X03/doc4.xml"}, {"form_type": "4", "filings_date": "2021-11-02", "url": "https://www.sec.gov/Archives/edgar/data/0001540184/000089924321042507/xslF345X03/doc4.xml"}, {"form_type": "4", "filings_date": "2021-11-02", "url": "https://www.sec.gov/Archives/edgar/data/0001540184/000089924321042506/xslF345X03/doc4.xml"}, {"form_type": "4", "filings_date": "2021-11-02", "url": "https://www.sec.gov/Archives/edgar/data/0001540184/000089924321042504/xslF345X03/doc4.xml"}, {"form_type": "4", "filings_date": "2021-11-02", "url": "https://www.sec.gov/Archives/edgar/data/0001540184/000089924321042494/xslF345X03/doc4.xml"}, {"form_type": "4", "filings_date": "2021-11-02", "url": "https://www.sec.gov/Archives/edgar/data/0001540184/000089924321042492/xslF345X03/doc4.xml"}, {"form_type": "4", "filings_date": "2021-11-02", "url": "https://www.sec.gov/Archives/edgar/data/0001540184/000089924321042489/xslF345X03/doc4.xml"}, {"form_type": "4", "filings_date": "2021-11-02", "url": "https://www.sec.gov/Archives/edgar/data/0001540184/000106299321010146/xslF345X03/form4.xml"}, {"form_type": "4", "filings_date": "2021-11-02", "url": "https://www.sec.gov/Archives/edgar/data/0001540184/000106299321010145/xslF345X03/form4.xml"}, {"form_type": "S-8 POS", "filings_date": "2021-11-02", "url": "https://www.sec.gov/Archives/edgar/data/0001540184/000114036121036210/brhc10030053_s8pos.htm"}, {"form_type": "S-8 POS", "filings_date": "2021-11-02", "url": "https://www.sec.gov/Archives/edgar/data/0001540184/000114036121036209/brhc10030053_s8pos.htm"}, {"form_type": "S-8 POS", "filings_date": "2021-11-02", "url": "https://www.sec.gov/Archives/edgar/data/0001540184/000114036121036208/brhc10030053_s8pos.htm"}, {"form_type": "8-K", "filings_date": "2021-11-02", "url": "https://www.sec.gov/Archives/edgar/data/0001540184/000114036121036206/brhc10030210_8k.htm"}, {"form_type": "8-K", "filings_date": "2021-11-02", "url": "https://www.sec.gov/Archives/edgar/data/0001540184/000114036121036202/brhc10030210_8k.htm"}, {"form_type": "25-NSE", "filings_date": "2021-10-29", "url": "https://www.sec.gov/Archives/edgar/data/0001540184/000087666121001555/xslF25X02/primary_doc.xml"}, {"form_type": "4", "filings_date": "2021-10-25", "url": "https://www.sec.gov/Archives/edgar/data/0001540184/000120919121061552/xslF345X03/doc4.xml"}, {"form_type": "4", "filings_date": "2021-10-25", "url": "https://www.sec.gov/Archives/edgar/data/0001540184/000120919121061550/xslF345X03/doc4.xml"}, {"form_type": "4", "filings_date": "2021-10-25", "url": "https://www.sec.gov/Archives/edgar/data/0001540184/000120919121061546/xslF345X03/doc4.xml"}, {"form_type": "4", "filings_date": "2021-10-25", "url": "https://www.sec.gov/Archives/edgar/data/0001540184/000120919121061544/xslF345X03/doc4.xml"}, {"form_type": "4", "filings_date": "2021-10-25", "url": "https://www.sec.gov/Archives/edgar/data/0001540184/000120919121061541/xslF345X03/doc4.xml"}, {"form_type": "4", "filings_date": "2021-10-25", "url": "https://www.sec.gov/Archives/edgar/data/0001540184/000120919121061539/xslF345X03/doc4.xml"}, {"form_type": "4", "filings_date": "2021-10-25", "url": "https://www.sec.gov/Archives/edgar/data/0001540184/000120919121061536/xslF345X03/doc4.xml"}, {"form_type": "4", "filings_date": "2021-10-25", "url": "https://www.sec.gov/Archives/edgar/data/0001540184/000120919121061532/xslF345X03/doc4.xml"}, {"form_type": "4", "filings_date": "2021-10-21", "url": "https://www.sec.gov/Archives/edgar/data/0001540184/000120919121061300/xslF345X03/doc4.xml"}, {"form_type": "4", "filings_date": "2021-10-21", "url": "https://www.sec.gov/Archives/edgar/data/0001540184/000120919121061298/xslF345X03/doc4.xml"}, {"form_type": "4", "filings_date": "2021-10-18", "url": "https://www.sec.gov/Archives/edgar/data/0001540184/000120919121060769/xslF345X03/doc4.xml"}, {"form_type": "4", "filings_date": "2021-10-18", "url": "https://www.sec.gov/Archives/edgar/data/0001540184/000120919121060763/xslF345X03/doc4.xml"}, {"form_type": "4", "filings_date": "2021-10-18", "url": "https://www.sec.gov/Archives/edgar/data/0001540184/000120919121060758/xslF345X03/doc4.xml"}, {"form_type": "8-K", "filings_date": "2021-10-15", "url": "https://www.sec.gov/Archives/edgar/data/0001540184/000114036121034572/brhc10029836_8k.htm"}, {"form_type": "DEFR14A", "filings_date": "2021-10-07", "url": "https://www.sec.gov/Archives/edgar/data/0001540184/000114036121034023/ny20000950x1_defr14a.htm"}, {"form_type": "4", "filings_date": "2021-10-06", "url": "https://www.sec.gov/Archives/edgar/data/0001540184/000120919121059836/xslF345X03/doc4.xml"}, {"form_type": "4", "filings_date": "2021-09-21", "url": "https://www.sec.gov/Archives/edgar/data/0001540184/000120919121057075/xslF345X03/doc4.xml"}, {"form_type": "4", "filings_date": "2021-09-16", "url": "https://www.sec.gov/Archives/edgar/data/0001540184/000120919121056456/xslF345X03/doc4.xml"}, {"form_type": "4", "filings_date": "2021-09-16", "url": "https://www.sec.gov/Archives/edgar/data/0001540184/000120919121056453/xslF345X03/doc4.xml"}, {"form_type": "4", "filings_date": "2021-09-16", "url": "https://www.sec.gov/Archives/edgar/data/0001540184/000120919121056448/xslF345X03/doc4.xml"}, {"form_type": "4", "filings_date": "2021-09-16", "url": "https://www.sec.gov/Archives/edgar/data/0001540184/000120919121056446/xslF345X03/doc4.xml"}, {"form_type": "DEFM14A", "filings_date": "2021-09-14", "url": "https://www.sec.gov/Archives/edgar/data/0001540184/000114036121031243/ny20000194x7_defm14a.htm"}, {"form_type": "DEFA14A", "filings_date": "2021-09-09", "url": "https://www.sec.gov/Archives/edgar/data/0001540184/000114036121030807/ny20000194x6_defa14a.htm"}, {"form_type": "8-K", "filings_date": "2021-09-09", "url": "https://www.sec.gov/Archives/edgar/data/0001540184/000114036121030805/ny20000194x5_8k.htm"}, {"form_type": "SC 13G/A", "filings_date": "2021-09-08", "url": "https://www.sec.gov/Archives/edgar/data/0001540184/000081413321000093/mdla921.txt"}, {"form_type": "DEFA14A", "filings_date": "2021-09-07", "url": "https://www.sec.gov/Archives/edgar/data/0001540184/000114036121030563/ny20000194x3_8k.htm"}, {"form_type": "8-K", "filings_date": "2021-09-07", "url": "https://www.sec.gov/Archives/edgar/data/0001540184/000114036121030562/ny20000194x3_8k.htm"}, {"form_type": "PREM14A", "filings_date": "2021-09-03", "url": "https://www.sec.gov/Archives/edgar/data/0001540184/000114036121030396/ny20000194x1_prem14a.htm"}, {"form_type": "10-Q", "filings_date": "2021-09-03", "url": "https://www.sec.gov/Archives/edgar/data/0001540184/000154018421000021/mdla-20210731.htm"}, {"form_type": "8-K", "filings_date": "2021-09-02", "url": "https://www.sec.gov/Archives/edgar/data/0001540184/000154018421000019/mdla-20210902.htm"}, {"form_type": "4", "filings_date": "2021-08-23", "url": "https://www.sec.gov/Archives/edgar/data/0001540184/000120919121053040/xslF345X03/doc4.xml"}, {"form_type": "4", "filings_date": "2021-08-18", "url": "https://www.sec.gov/Archives/edgar/data/0001540184/000120919121052425/xslF345X03/doc4.xml"}, {"form_type": "4", "filings_date": "2021-08-17", "url": "https://www.sec.gov/Archives/edgar/data/0001540184/000120919121052104/xslF345X03/doc4.xml"}, {"form_type": "4", "filings_date": "2021-08-17", "url": "https://www.sec.gov/Archives/edgar/data/0001540184/000120919121052102/xslF345X03/doc4.xml"}, {"form_type": "4", "filings_date": "2021-08-17", "url": "https://www.sec.gov/Archives/edgar/data/0001540184/000120919121052100/xslF345X03/doc4.xml"}, {"form_type": "4", "filings_date": "2021-08-17", "url": "https://www.sec.gov/Archives/edgar/data/0001540184/000120919121052098/xslF345X03/doc4.xml"}, {"form_type": "4", "filings_date": "2021-08-17", "url": "https://www.sec.gov/Archives/edgar/data/0001540184/000120919121052096/xslF345X03/doc4.xml"}, {"form_type": "4", "filings_date": "2021-08-17", "url": "https://www.sec.gov/Archives/edgar/data/0001540184/000120919121052094/xslF345X03/doc4.xml"}, {"form_type": "4", "filings_date": "2021-08-17", "url": "https://www.sec.gov/Archives/edgar/data/0001540184/000120919121052092/xslF345X03/doc4.xml"}, {"form_type": "4", "filings_date": "2021-08-17", "url": "https://www.sec.gov/Archives/edgar/data/0001540184/000120919121052090/xslF345X03/doc4.xml"}, {"form_type": "DEFA14A", "filings_date": "2021-08-10", "url": "https://www.sec.gov/Archives/edgar/data/0001540184/000114036121027793/ny20000194x2_defa14a.htm"}, {"form_type": "4", "filings_date": "2021-08-06", "url": "https://www.sec.gov/Archives/edgar/data/0001540184/000120919121050195/xslF345X03/doc4.xml"}, {"form_type": "4", "filings_date": "2021-08-03", "url": "https://www.sec.gov/Archives/edgar/data/0001540184/000120919121049359/xslF345X03/doc4.xml"}, {"form_type": "4", "filings_date": "2021-07-27", "url": "https://www.sec.gov/Archives/edgar/data/0001540184/000120919121048302/xslF345X03/doc4.xml"}, {"form_type": "DEFA14A", "filings_date": "2021-07-27", "url": "https://www.sec.gov/Archives/edgar/data/0001540184/000119312521225815/d148042ddefa14a.htm"}, {"form_type": "8-K", "filings_date": "2021-07-27", "url": "https://www.sec.gov/Archives/edgar/data/0001540184/000119312521225759/d148042d8k.htm"}, {"form_type": "DEFA14A", "filings_date": "2021-07-27", "url": "https://www.sec.gov/Archives/edgar/data/0001540184/000119312521224544/d145862ddefa14a.htm"}, {"form_type": "DEFA14A", "filings_date": "2021-07-27", "url": "https://www.sec.gov/Archives/edgar/data/0001540184/000119312521224539/d149035ddefa14a.htm"}, {"form_type": "DEFA14A", "filings_date": "2021-07-27", "url": "https://www.sec.gov/Archives/edgar/data/0001540184/000119312521224536/d148836ddefa14a.htm"}, {"form_type": "DEFA14A", "filings_date": "2021-07-27", "url": "https://www.sec.gov/Archives/edgar/data/0001540184/000119312521224528/d148808ddefa14a.htm"}, {"form_type": "DEFA14A", "filings_date": "2021-07-27", "url": "https://www.sec.gov/Archives/edgar/data/0001540184/000119312521224527/d148804ddefa14a.htm"}, {"form_type": "DEFA14A", "filings_date": "2021-07-27", "url": "https://www.sec.gov/Archives/edgar/data/0001540184/000119312521224526/d146905ddefa14a.htm"}, {"form_type": "8-K", "filings_date": "2021-07-27", "url": "https://www.sec.gov/Archives/edgar/data/0001540184/000119312521224523/d146905d8k.htm"}, {"form_type": "4", "filings_date": "2021-07-23", "url": "https://www.sec.gov/Archives/edgar/data/0001540184/000120919121047966/xslF345X03/doc4.xml"}, {"form_type": "4", "filings_date": "2021-07-21", "url": "https://www.sec.gov/Archives/edgar/data/0001540184/000120919121047593/xslF345X03/doc4.xml"}, {"form_type": "4", "filings_date": "2021-07-21", "url": "https://www.sec.gov/Archives/edgar/data/0001540184/000120919121047590/xslF345X03/doc4.xml"}, {"form_type": "4", "filings_date": "2021-07-19", "url": "https://www.sec.gov/Archives/edgar/data/0001540184/000120919121047181/xslF345X03/doc4.xml"}, {"form_type": "4", "filings_date": "2021-07-19", "url": "https://www.sec.gov/Archives/edgar/data/0001540184/000120919121047178/xslF345X03/doc4.xml"}, {"form_type": "4", "filings_date": "2021-07-19", "url": "https://www.sec.gov/Archives/edgar/data/0001540184/000120919121047162/xslF345X03/doc4.xml"}, {"form_type": "4", "filings_date": "2021-07-19", "url": "https://www.sec.gov/Archives/edgar/data/0001540184/000120919121047156/xslF345X03/doc4.xml"}, {"form_type": "4", "filings_date": "2021-06-25", "url": "https://www.sec.gov/Archives/edgar/data/0001540184/000120919121043339/xslF345X03/doc4.xml"}, {"form_type": "4", "filings_date": "2021-06-22", "url": "https://www.sec.gov/Archives/edgar/data/0001540184/000120919121042532/xslF345X03/doc4.xml"}, {"form_type": "4", "filings_date": "2021-06-16", "url": "https://www.sec.gov/Archives/edgar/data/0001540184/000120919121041178/xslF345X03/doc4.xml"}, {"form_type": "4", "filings_date": "2021-06-16", "url": "https://www.sec.gov/Archives/edgar/data/0001540184/000120919121041165/xslF345X03/doc4.xml"}, {"form_type": "4", "filings_date": "2021-06-16", "url": "https://www.sec.gov/Archives/edgar/data/0001540184/000120919121041155/xslF345X03/doc4.xml"}, {"form_type": "4", "filings_date": "2021-06-16", "url": "https://www.sec.gov/Archives/edgar/data/0001540184/000120919121041148/xslF345X03/doc4.xml"}, {"form_type": "4", "filings_date": "2021-06-14", "url": "https://www.sec.gov/Archives/edgar/data/0001540184/000120919121040452/xslF345X03/doc4.xml"}, {"form_type": "10-Q", "filings_date": "2021-06-04", "url": "https://www.sec.gov/Archives/edgar/data/0001540184/000154018421000017/mdla-20210430.htm"}, {"form_type": "8-K", "filings_date": "2021-06-04", "url": "https://www.sec.gov/Archives/edgar/data/0001540184/000154018421000015/mdla-20210528.htm"}, {"form_type": "4", "filings_date": "2021-06-02", "url": "https://www.sec.gov/Archives/edgar/data/0001540184/000120919121037398/xslF345X03/doc4.xml"}, {"form_type": "4", "filings_date": "2021-06-02", "url": "https://www.sec.gov/Archives/edgar/data/0001540184/000120919121037396/xslF345X03/doc4.xml"}, {"form_type": "4", "filings_date": "2021-06-02", "url": "https://www.sec.gov/Archives/edgar/data/0001540184/000120919121037392/xslF345X03/doc4.xml"}, {"form_type": "4", "filings_date": "2021-06-02", "url": "https://www.sec.gov/Archives/edgar/data/0001540184/000120919121037385/xslF345X03/doc4.xml"}, {"form_type": "4", "filings_date": "2021-06-02", "url": "https://www.sec.gov/Archives/edgar/data/0001540184/000120919121037378/xslF345X03/doc4.xml"}, {"form_type": "4", "filings_date": "2021-06-02", "url": "https://www.sec.gov/Archives/edgar/data/0001540184/000120919121037374/xslF345X03/doc4.xml"}, {"form_type": "4", "filings_date": "2021-06-02", "url": "https://www.sec.gov/Archives/edgar/data/0001540184/000120919121037366/xslF345X03/doc4.xml"}, {"form_type": "4", "filings_date": "2021-06-02", "url": "https://www.sec.gov/Archives/edgar/data/0001540184/000120919121037364/xslF345X03/doc4.xml"}, {"form_type": "4", "filings_date": "2021-06-01", "url": "https://www.sec.gov/Archives/edgar/data/0001540184/000106299321005258/xslF345X03/form4.xml"}, {"form_type": "4", "filings_date": "2021-06-01", "url": "https://www.sec.gov/Archives/edgar/data/0001540184/000106299321005257/xslF345X03/form4.xml"}, {"form_type": "4", "filings_date": "2021-06-01", "url": "https://www.sec.gov/Archives/edgar/data/0001540184/000106299321005256/xslF345X03/form4.xml"}, {"form_type": "8-K", "filings_date": "2021-06-01", "url": "https://www.sec.gov/Archives/edgar/data/0001540184/000154018421000012/mdla-20210601.htm"}, {"form_type": "4", "filings_date": "2021-05-21", "url": "https://www.sec.gov/Archives/edgar/data/0001540184/000120919121035038/xslF345X03/doc4.xml"}, {"form_type": "4", "filings_date": "2021-05-18", "url": "https://www.sec.gov/Archives/edgar/data/0001540184/000120919121033814/xslF345X03/doc4.xml"}, {"form_type": "4", "filings_date": "2021-05-18", "url": "https://www.sec.gov/Archives/edgar/data/0001540184/000120919121033805/xslF345X03/doc4.xml"}, {"form_type": "4", "filings_date": "2021-05-18", "url": "https://www.sec.gov/Archives/edgar/data/0001540184/000120919121033801/xslF345X03/doc4.xml"}, {"form_type": "4", "filings_date": "2021-05-18", "url": "https://www.sec.gov/Archives/edgar/data/0001540184/000120919121033794/xslF345X03/doc4.xml"}, {"form_type": "4", "filings_date": "2021-05-18", "url": "https://www.sec.gov/Archives/edgar/data/0001540184/000120919121033787/xslF345X03/doc4.xml"}, {"form_type": "4", "filings_date": "2021-05-18", "url": "https://www.sec.gov/Archives/edgar/data/0001540184/000120919121033758/xslF345X03/doc4.xml"}, {"form_type": "4", "filings_date": "2021-05-18", "url": "https://www.sec.gov/Archives/edgar/data/0001540184/000120919121033746/xslF345X03/doc4.xml"}, {"form_type": "4", "filings_date": "2021-05-18", "url": "https://www.sec.gov/Archives/edgar/data/0001540184/000120919121033736/xslF345X03/doc4.xml"}, {"form_type": "SC 13G/A", "filings_date": "2021-05-10", "url": "https://www.sec.gov/Archives/edgar/data/0001540184/000139077721000050/Medallia13G_Filing_A.txt"}, {"form_type": "4", "filings_date": "2021-05-06", "url": "https://www.sec.gov/Archives/edgar/data/0001540184/000120919121030637/xslF345X03/doc4.xml"}, {"form_type": "4", "filings_date": "2021-04-28", "url": "https://www.sec.gov/Archives/edgar/data/0001540184/000120919121028825/xslF345X03/doc4.xml"}, {"form_type": "4", "filings_date": "2021-04-26", "url": "https://www.sec.gov/Archives/edgar/data/0001540184/000120919121028392/xslF345X03/doc4.xml"}, {"form_type": "4", "filings_date": "2021-04-21", "url": "https://www.sec.gov/Archives/edgar/data/0001540184/000120919121027764/xslF345X03/doc4.xml"}, {"form_type": "4", "filings_date": "2021-04-16", "url": "https://www.sec.gov/Archives/edgar/data/0001540184/000120919121027062/xslF345X03/doc4.xml"}, {"form_type": "4", "filings_date": "2021-04-16", "url": "https://www.sec.gov/Archives/edgar/data/0001540184/000120919121027060/xslF345X03/doc4.xml"}, {"form_type": "4", "filings_date": "2021-04-16", "url": "https://www.sec.gov/Archives/edgar/data/0001540184/000120919121027058/xslF345X03/doc4.xml"}, {"form_type": "4", "filings_date": "2021-04-16", "url": "https://www.sec.gov/Archives/edgar/data/0001540184/000120919121027055/xslF345X03/doc4.xml"}, {"form_type": "DEFA14A", "filings_date": "2021-04-13", "url": "https://www.sec.gov/Archives/edgar/data/0001540184/000154018421000010/medallia2021notice.htm"}, {"form_type": "DEF 14A", "filings_date": "2021-04-13", "url": "https://www.sec.gov/Archives/edgar/data/0001540184/000154018421000008/medallia2021proxy.htm"}, {"form_type": "4", "filings_date": "2021-03-24", "url": "https://www.sec.gov/Archives/edgar/data/0001540184/000120919121022918/xslF345X03/doc4.xml"}, {"form_type": "S-8", "filings_date": "2021-03-22", "url": "https://www.sec.gov/Archives/edgar/data/0001540184/000154018421000006/medallia2021evergreens-8_2.htm"}, {"form_type": "10-K", "filings_date": "2021-03-22", "url": "https://www.sec.gov/Archives/edgar/data/0001540184/000154018421000004/mdla-20210131.htm"}, {"form_type": "4", "filings_date": "2021-03-17", "url": "https://www.sec.gov/Archives/edgar/data/0001540184/000120919121021501/xslF345X03/doc4.xml"}, {"form_type": "4", "filings_date": "2021-03-17", "url": "https://www.sec.gov/Archives/edgar/data/0001540184/000120919121021499/xslF345X03/doc4.xml"}, {"form_type": "4", "filings_date": "2021-03-17", "url": "https://www.sec.gov/Archives/edgar/data/0001540184/000120919121021494/xslF345X03/doc4.xml"}, {"form_type": "4", "filings_date": "2021-03-17", "url": "https://www.sec.gov/Archives/edgar/data/0001540184/000120919121021492/xslF345X03/doc4.xml"}, {"form_type": "8-K", "filings_date": "2021-03-15", "url": "https://www.sec.gov/Archives/edgar/data/0001540184/000162828021004689/medallia-form8xkdecibel.htm"}, {"form_type": "4", "filings_date": "2021-03-12", "url": "https://www.sec.gov/Archives/edgar/data/0001540184/000106299321002681/xslF345X03/form4.xml"}, {"form_type": "4", "filings_date": "2021-03-09", "url": "https://www.sec.gov/Archives/edgar/data/0001540184/000120919121019211/xslF345X03/doc4.xml"}, {"form_type": "8-K", "filings_date": "2021-03-04", "url": "https://www.sec.gov/Archives/edgar/data/0001540184/000115752321000300/a52390630.htm"}, {"form_type": "4", "filings_date": "2021-02-24", "url": "https://www.sec.gov/Archives/edgar/data/0001540184/000120919121013778/xslF345X03/doc4.xml"}, {"form_type": "4", "filings_date": "2021-02-17", "url": "https://www.sec.gov/Archives/edgar/data/0001540184/000120919121011265/xslF345X03/doc4.xml"}, {"form_type": "SC 13G/A", "filings_date": "2021-02-16", "url": "https://www.sec.gov/Archives/edgar/data/0001540184/000119312521044898/d113811dsc13ga.htm"}, {"form_type": "SC 13G", "filings_date": "2021-02-12", "url": "https://www.sec.gov/Archives/edgar/data/0001540184/000131547821000015/MDLA_123120.txt"}, {"form_type": "4", "filings_date": "2021-02-11", "url": "https://www.sec.gov/Archives/edgar/data/0001540184/000120919121009721/xslF345X03/doc4.xml"}, {"form_type": "SC 13G", "filings_date": "2021-02-11", "url": "https://www.sec.gov/Archives/edgar/data/0001540184/000081413321000018/mdla221.txt"}, {"form_type": "4", "filings_date": "2021-02-10", "url": "https://www.sec.gov/Archives/edgar/data/0001540184/000120919121009429/xslF345X03/doc4.xml"}, {"form_type": "SC 13G", "filings_date": "2021-02-09", "url": "https://www.sec.gov/Archives/edgar/data/0001540184/000081413321000017/mdla221.txt"}, {"form_type": "4", "filings_date": "2021-02-08", "url": "https://www.sec.gov/Archives/edgar/data/0001540184/000120919121008532/xslF345X03/doc4.xml"}, {"form_type": "4", "filings_date": "2021-02-02", "url": "https://www.sec.gov/Archives/edgar/data/0001540184/000120919121006948/xslF345X03/doc4.xml"}, {"form_type": "SC 13G", "filings_date": "2021-02-01", "url": "https://www.sec.gov/Archives/edgar/data/0001540184/000139077721000011/Medallia13G_Filing.txt"}, {"form_type": "4", "filings_date": "2021-01-28", "url": "https://www.sec.gov/Archives/edgar/data/0001540184/000120919121005982/xslF345X03/doc4.xml"}, {"form_type": "4", "filings_date": "2021-01-26", "url": "https://www.sec.gov/Archives/edgar/data/0001540184/000120919121005533/xslF345X03/doc4.xml"}, {"form_type": "4", "filings_date": "2021-01-26", "url": "https://www.sec.gov/Archives/edgar/data/0001540184/000120919121005529/xslF345X03/doc4.xml"}, {"form_type": "4", "filings_date": "2021-01-26", "url": "https://www.sec.gov/Archives/edgar/data/0001540184/000124636021000179/xslF345X03/form.xml"}, {"form_type": "4", "filings_date": "2021-01-26", "url": "https://www.sec.gov/Archives/edgar/data/0001540184/000120919121005526/xslF345X03/doc4.xml"}, {"form_type": "4", "filings_date": "2021-01-21", "url": "https://www.sec.gov/Archives/edgar/data/0001540184/000120919121004764/xslF345X03/doc4.xml"}, {"form_type": "4", "filings_date": "2021-01-21", "url": "https://www.sec.gov/Archives/edgar/data/0001540184/000120919121004760/xslF345X03/doc4.xml"}, {"form_type": "4", "filings_date": "2021-01-21", "url": "https://www.sec.gov/Archives/edgar/data/0001540184/000120919121004758/xslF345X03/doc4.xml"}, {"form_type": "4", "filings_date": "2021-01-21", "url": "https://www.sec.gov/Archives/edgar/data/0001540184/000124636021000108/xslF345X03/form.xml"}, {"form_type": "4", "filings_date": "2021-01-19", "url": "https://www.sec.gov/Archives/edgar/data/0001540184/000120919121004123/xslF345X03/doc4.xml"}, {"form_type": "4", "filings_date": "2021-01-19", "url": "https://www.sec.gov/Archives/edgar/data/0001540184/000120919121004063/xslF345X03/doc4.xml"}, {"form_type": "4", "filings_date": "2021-01-19", "url": "https://www.sec.gov/Archives/edgar/data/0001540184/000120919121004057/xslF345X03/doc4.xml"}, {"form_type": "4", "filings_date": "2021-01-19", "url": "https://www.sec.gov/Archives/edgar/data/0001540184/000124636021000082/xslF345X03/form.xml"}, {"form_type": "4", "filings_date": "2020-12-28", "url": "https://www.sec.gov/Archives/edgar/data/0001540184/000089924320035192/xslF345X03/doc4.xml"}, {"form_type": "4", "filings_date": "2020-12-23", "url": "https://www.sec.gov/Archives/edgar/data/0001540184/000120919120065053/xslF345X03/doc4.xml"}, {"form_type": "3", "filings_date": "2020-12-23", "url": "https://www.sec.gov/Archives/edgar/data/0001540184/000120919120065052/xslF345X02/doc3.xml"}, {"form_type": "4", "filings_date": "2020-12-23", "url": "https://www.sec.gov/Archives/edgar/data/0001540184/000120919120065047/xslF345X03/doc4.xml"}, {"form_type": "4", "filings_date": "2020-12-23", "url": "https://www.sec.gov/Archives/edgar/data/0001540184/000120919120065041/xslF345X03/doc4.xml"}, {"form_type": "4", "filings_date": "2020-12-17", "url": "https://www.sec.gov/Archives/edgar/data/0001540184/000124636020001965/xslF345X03/form.xml"}, {"form_type": "4", "filings_date": "2020-12-17", "url": "https://www.sec.gov/Archives/edgar/data/0001540184/000124636020001964/xslF345X03/form.xml"}, {"form_type": "10-Q", "filings_date": "2020-12-09", "url": "https://www.sec.gov/Archives/edgar/data/0001540184/000154018420000041/mdla-20201031.htm"}, {"form_type": "8-K", "filings_date": "2020-12-03", "url": "https://www.sec.gov/Archives/edgar/data/0001540184/000115752320001564/a52341994.htm"}, {"form_type": "4", "filings_date": "2020-11-20", "url": "https://www.sec.gov/Archives/edgar/data/0001540184/000120919120059721/xslF345X03/doc4.xml"}, {"form_type": "4", "filings_date": "2020-11-20", "url": "https://www.sec.gov/Archives/edgar/data/0001540184/000120919120059714/xslF345X03/doc4.xml"}, {"form_type": "4", "filings_date": "2020-11-06", "url": "https://www.sec.gov/Archives/edgar/data/0001540184/000120919120057335/xslF345X03/doc4.xml"}, {"form_type": "4", "filings_date": "2020-11-04", "url": "https://www.sec.gov/Archives/edgar/data/0001540184/000120919120056983/xslF345X03/doc4.xml"}, {"form_type": "4", "filings_date": "2020-10-27", "url": "https://www.sec.gov/Archives/edgar/data/0001540184/000120919120055921/xslF345X03/doc4.xml"}, {"form_type": "4", "filings_date": "2020-10-22", "url": "https://www.sec.gov/Archives/edgar/data/0001540184/000120919120055587/xslF345X03/doc4.xml"}, {"form_type": "4", "filings_date": "2020-10-16", "url": "https://www.sec.gov/Archives/edgar/data/0001540184/000120919120055149/xslF345X03/doc4.xml"}, {"form_type": "4", "filings_date": "2020-10-16", "url": "https://www.sec.gov/Archives/edgar/data/0001540184/000124636020001637/xslF345X03/form.xml"}, {"form_type": "4", "filings_date": "2020-09-25", "url": "https://www.sec.gov/Archives/edgar/data/0001540184/000120919120052139/xslF345X03/doc4.xml"}, {"form_type": "4", "filings_date": "2020-09-23", "url": "https://www.sec.gov/Archives/edgar/data/0001540184/000120919120051705/xslF345X03/doc4.xml"}, {"form_type": "8-K", "filings_date": "2020-09-18", "url": "https://www.sec.gov/Archives/edgar/data/0001540184/000119312520249164/d41429d8k.htm"}, {"form_type": "4", "filings_date": "2020-09-17", "url": "https://www.sec.gov/Archives/edgar/data/0001540184/000124636020001534/xslF345X03/form.xml"}, {"form_type": "4", "filings_date": "2020-09-17", "url": "https://www.sec.gov/Archives/edgar/data/0001540184/000124636020001531/xslF345X03/form.xml"}, {"form_type": "4", "filings_date": "2020-09-17", "url": "https://www.sec.gov/Archives/edgar/data/0001540184/000124636020001530/xslF345X03/form.xml"}, {"form_type": "10-Q", "filings_date": "2020-09-09", "url": "https://www.sec.gov/Archives/edgar/data/0001540184/000154018420000036/mdla-20200731.htm"}, {"form_type": "8-K", "filings_date": "2020-09-08", "url": "https://www.sec.gov/Archives/edgar/data/0001540184/000154018420000032/medallia-form8xkprojec.htm"}, {"form_type": "4", "filings_date": "2020-09-04", "url": "https://www.sec.gov/Archives/edgar/data/0001540184/000120919120049639/xslF345X03/doc4.xml"}, {"form_type": "4", "filings_date": "2020-09-04", "url": "https://www.sec.gov/Archives/edgar/data/0001540184/000120919120049632/xslF345X03/doc4.xml"}, {"form_type": "8-K", "filings_date": "2020-09-03", "url": "https://www.sec.gov/Archives/edgar/data/0001540184/000115752320001230/a52278880.htm"}, {"form_type": "4", "filings_date": "2020-08-28", "url": "https://www.sec.gov/Archives/edgar/data/0001540184/000120919120048656/xslF345X03/doc4.xml"}, {"form_type": "4", "filings_date": "2020-08-28", "url": "https://www.sec.gov/Archives/edgar/data/0001540184/000124636020001496/xslF345X03/form.xml"}, {"form_type": "4", "filings_date": "2020-08-21", "url": "https://www.sec.gov/Archives/edgar/data/0001540184/000120919120048022/xslF345X03/doc4.xml"}, {"form_type": "4", "filings_date": "2020-08-21", "url": "https://www.sec.gov/Archives/edgar/data/0001540184/000120919120048001/xslF345X03/doc4.xml"}, {"form_type": "4", "filings_date": "2020-08-20", "url": "https://www.sec.gov/Archives/edgar/data/0001540184/000120919120047858/xslF345X03/doc4.xml"}, {"form_type": "4/A", "filings_date": "2020-08-20", "url": "https://www.sec.gov/Archives/edgar/data/0001540184/000120919120047856/xslF345X03/doc4a.xml"}, {"form_type": "4", "filings_date": "2020-08-17", "url": "https://www.sec.gov/Archives/edgar/data/0001540184/000120919120046973/xslF345X03/doc4.xml"}, {"form_type": "4", "filings_date": "2020-08-10", "url": "https://www.sec.gov/Archives/edgar/data/0001540184/000120919120046003/xslF345X03/doc4.xml"}, {"form_type": "4", "filings_date": "2020-08-05", "url": "https://www.sec.gov/Archives/edgar/data/0001540184/000120919120045285/xslF345X03/doc4.xml"}, {"form_type": "4", "filings_date": "2020-08-05", "url": "https://www.sec.gov/Archives/edgar/data/0001540184/000120919120045280/xslF345X03/doc4.xml"}, {"form_type": "4", "filings_date": "2020-08-05", "url": "https://www.sec.gov/Archives/edgar/data/0001540184/000120919120045276/xslF345X03/doc4.xml"}, {"form_type": "4", "filings_date": "2020-07-30", "url": "https://www.sec.gov/Archives/edgar/data/0001540184/000120919120044102/xslF345X03/doc4.xml"}, {"form_type": "4", "filings_date": "2020-07-29", "url": "https://www.sec.gov/Archives/edgar/data/0001540184/000120919120043980/xslF345X03/doc4.xml"}, {"form_type": "4", "filings_date": "2020-07-27", "url": "https://www.sec.gov/Archives/edgar/data/0001540184/000120919120043766/xslF345X03/doc4.xml"}, {"form_type": "4", "filings_date": "2020-07-22", "url": "https://www.sec.gov/Archives/edgar/data/0001540184/000120919120043372/xslF345X03/doc4.xml"}, {"form_type": "4", "filings_date": "2020-07-22", "url": "https://www.sec.gov/Archives/edgar/data/0001540184/000120919120043371/xslF345X03/doc4.xml"}, {"form_type": "4", "filings_date": "2020-07-16", "url": "https://www.sec.gov/Archives/edgar/data/0001540184/000120919120042644/xslF345X03/doc4.xml"}, {"form_type": "4", "filings_date": "2020-07-16", "url": "https://www.sec.gov/Archives/edgar/data/0001540184/000120919120042643/xslF345X03/doc4.xml"}, {"form_type": "4", "filings_date": "2020-07-16", "url": "https://www.sec.gov/Archives/edgar/data/0001540184/000120919120042642/xslF345X03/doc4.xml"}, {"form_type": "4", "filings_date": "2020-07-02", "url": "https://www.sec.gov/Archives/edgar/data/0001540184/000120919120040291/xslF345X03/doc4.xml"}, {"form_type": "4", "filings_date": "2020-06-29", "url": "https://www.sec.gov/Archives/edgar/data/0001540184/000089924320017822/xslF345X03/doc4.xml"}, {"form_type": "4", "filings_date": "2020-06-24", "url": "https://www.sec.gov/Archives/edgar/data/0001540184/000120919120038762/xslF345X03/doc4.xml"}, {"form_type": "4", "filings_date": "2020-06-24", "url": "https://www.sec.gov/Archives/edgar/data/0001540184/000124636020001451/xslF345X03/form.xml"}, {"form_type": "3", "filings_date": "2020-06-24", "url": "https://www.sec.gov/Archives/edgar/data/0001540184/000124636020001449/xslF345X02/form.xml"}, {"form_type": "8-K", "filings_date": "2020-06-23", "url": "https://www.sec.gov/Archives/edgar/data/0001540184/000154018420000030/form8-kjameswhite.htm"}, {"form_type": "4", "filings_date": "2020-06-17", "url": "https://www.sec.gov/Archives/edgar/data/0001540184/000120919120037300/xslF345X03/doc4.xml"}, {"form_type": "10-Q", "filings_date": "2020-06-09", "url": "https://www.sec.gov/Archives/edgar/data/0001540184/000154018420000028/mdla-20200430.htm"}, {"form_type": "8-K", "filings_date": "2020-06-02", "url": "https://www.sec.gov/Archives/edgar/data/0001540184/000115752320000847/a52228821.htm"}, {"form_type": "4", "filings_date": "2020-05-29", "url": "https://www.sec.gov/Archives/edgar/data/0001540184/000120919120033100/xslF345X03/doc4.xml"}, {"form_type": "4", "filings_date": "2020-05-29", "url": "https://www.sec.gov/Archives/edgar/data/0001540184/000089924320014642/xslF345X03/doc4.xml"}, {"form_type": "4", "filings_date": "2020-05-29", "url": "https://www.sec.gov/Archives/edgar/data/0001540184/000120919120033096/xslF345X03/doc4.xml"}, {"form_type": "4", "filings_date": "2020-05-29", "url": "https://www.sec.gov/Archives/edgar/data/0001540184/000120919120033094/xslF345X03/doc4.xml"}, {"form_type": "4", "filings_date": "2020-05-29", "url": "https://www.sec.gov/Archives/edgar/data/0001540184/000120919120033092/xslF345X03/doc4.xml"}, {"form_type": "4", "filings_date": "2020-05-29", "url": "https://www.sec.gov/Archives/edgar/data/0001540184/000120919120033090/xslF345X03/doc4.xml"}, {"form_type": "4", "filings_date": "2020-05-29", "url": "https://www.sec.gov/Archives/edgar/data/0001540184/000120919120033088/xslF345X03/doc4.xml"}, {"form_type": "8-K", "filings_date": "2020-05-29", "url": "https://www.sec.gov/Archives/edgar/data/0001540184/000154018420000023/form8-k2020annualmeeti.htm"}, {"form_type": "4", "filings_date": "2020-05-22", "url": "https://www.sec.gov/Archives/edgar/data/0001540184/000120919120031730/xslF345X03/doc4.xml"}, {"form_type": "4", "filings_date": "2020-05-22", "url": "https://www.sec.gov/Archives/edgar/data/0001540184/000120919120031717/xslF345X03/doc4.xml"}, {"form_type": "4", "filings_date": "2020-05-06", "url": "https://www.sec.gov/Archives/edgar/data/0001540184/000120919120027530/xslF345X03/doc4.xml"}, {"form_type": "4", "filings_date": "2020-04-21", "url": "https://www.sec.gov/Archives/edgar/data/0001540184/000120919120025299/xslF345X03/doc4.xml"}, {"form_type": "4", "filings_date": "2020-04-17", "url": "https://www.sec.gov/Archives/edgar/data/0001540184/000120919120024906/xslF345X03/doc4.xml"}, {"form_type": "4", "filings_date": "2020-04-17", "url": "https://www.sec.gov/Archives/edgar/data/0001540184/000120919120024893/xslF345X03/doc4.xml"}, {"form_type": "DEFA14A", "filings_date": "2020-04-16", "url": "https://www.sec.gov/Archives/edgar/data/0001540184/000154018420000018/medallia2020notice.htm"}, {"form_type": "DEF 14A", "filings_date": "2020-04-16", "url": "https://www.sec.gov/Archives/edgar/data/0001540184/000154018420000015/medallia2020proxy.htm"}, {"form_type": "4", "filings_date": "2020-03-27", "url": "https://www.sec.gov/Archives/edgar/data/0001540184/000089924320009620/xslF345X03/doc4.xml"}, {"form_type": "4", "filings_date": "2020-03-24", "url": "https://www.sec.gov/Archives/edgar/data/0001540184/000120919120020916/xslF345X03/doc4.xml"}, {"form_type": "S-8", "filings_date": "2020-03-19", "url": "https://www.sec.gov/Archives/edgar/data/0001540184/000154018420000013/forms-8march192020.htm"}, {"form_type": "10-K", "filings_date": "2020-03-19", "url": "https://www.sec.gov/Archives/edgar/data/0001540184/000154018420000011/mdla-20200131.htm"}, {"form_type": "4", "filings_date": "2020-03-18", "url": "https://www.sec.gov/Archives/edgar/data/0001540184/000120919120020145/xslF345X03/doc4.xml"}, {"form_type": "4", "filings_date": "2020-03-16", "url": "https://www.sec.gov/Archives/edgar/data/0001540184/000120919120019271/xslF345X03/doc4.xml"}, {"form_type": "4", "filings_date": "2020-03-16", "url": "https://www.sec.gov/Archives/edgar/data/0001540184/000120919120019257/xslF345X03/doc4.xml"}, {"form_type": "4", "filings_date": "2020-03-16", "url": "https://www.sec.gov/Archives/edgar/data/0001540184/000089924320008441/xslF345X03/doc4.xml"}, {"form_type": "8-K", "filings_date": "2020-03-12", "url": "https://www.sec.gov/Archives/edgar/data/0001540184/000154018420000004/earningsreleaseform8kf.htm"}, {"form_type": "4", "filings_date": "2020-02-21", "url": "https://www.sec.gov/Archives/edgar/data/0001540184/000120919120011631/xslF345X03/doc4.xml"}, {"form_type": "4", "filings_date": "2020-02-21", "url": "https://www.sec.gov/Archives/edgar/data/0001540184/000120919120011580/xslF345X03/doc4.xml"}, {"form_type": "SC 13G", "filings_date": "2020-02-14", "url": "https://www.sec.gov/Archives/edgar/data/0001540184/000119312520038174/d883872dsc13g.htm"}, {"form_type": "SC 13G", "filings_date": "2020-02-14", "url": "https://www.sec.gov/Archives/edgar/data/0001540184/000119312520037670/d888321dsc13g.htm"}, {"form_type": "4", "filings_date": "2020-02-07", "url": "https://www.sec.gov/Archives/edgar/data/0001540184/000120919120007658/xslF345X03/doc4.xml"}, {"form_type": "4", "filings_date": "2020-01-24", "url": "https://www.sec.gov/Archives/edgar/data/0001540184/000120919120004934/xslF345X03/doc4.xml"}, {"form_type": "4", "filings_date": "2020-01-21", "url": "https://www.sec.gov/Archives/edgar/data/0001540184/000120919120004376/xslF345X03/doc4.xml"}, {"form_type": "4", "filings_date": "2020-01-17", "url": "https://www.sec.gov/Archives/edgar/data/0001540184/000120919120004092/xslF345X03/doc4.xml"}, {"form_type": "4", "filings_date": "2019-12-23", "url": "https://www.sec.gov/Archives/edgar/data/0001540184/000120919119061792/xslF345X03/doc4.xml"}, {"form_type": "4", "filings_date": "2019-12-12", "url": "https://www.sec.gov/Archives/edgar/data/0001540184/000120919119060288/xslF345X03/doc4.xml"}, {"form_type": "4", "filings_date": "2019-12-12", "url": "https://www.sec.gov/Archives/edgar/data/0001540184/000120919119060286/xslF345X03/doc4.xml"}, {"form_type": "10-Q", "filings_date": "2019-12-11", "url": "https://www.sec.gov/Archives/edgar/data/0001540184/000156459019045749/mdla-10q_20191031.htm"}, {"form_type": "8-K", "filings_date": "2019-12-05", "url": "https://www.sec.gov/Archives/edgar/data/0001540184/000115752319002329/a52140455.htm"}, {"form_type": "4", "filings_date": "2019-11-21", "url": "https://www.sec.gov/Archives/edgar/data/0001540184/000120919119057650/xslF345X03/doc4.xml"}, {"form_type": "4", "filings_date": "2019-10-22", "url": "https://www.sec.gov/Archives/edgar/data/0001540184/000120919119053774/xslF345X03/doc4.xml"}, {"form_type": "8-K", "filings_date": "2019-09-26", "url": "https://www.sec.gov/Archives/edgar/data/0001540184/000119312519255015/d805967d8k.htm"}, {"form_type": "4", "filings_date": "2019-09-23", "url": "https://www.sec.gov/Archives/edgar/data/0001540184/000089924319024047/xslF345X03/doc4.xml"}, {"form_type": "4", "filings_date": "2019-09-12", "url": "https://www.sec.gov/Archives/edgar/data/0001540184/000089924319023425/xslF345X03/doc4.xml"}, {"form_type": "10-Q", "filings_date": "2019-09-12", "url": "https://www.sec.gov/Archives/edgar/data/0001540184/000156459019034600/mdla-10q_20190731.htm"}, {"form_type": "8-K", "filings_date": "2019-09-05", "url": "https://www.sec.gov/Archives/edgar/data/0001540184/000115752319001950/a52088606.htm"}, {"form_type": "4", "filings_date": "2019-08-22", "url": "https://www.sec.gov/Archives/edgar/data/0001540184/000089924319022283/xslF345X03/doc4.xml"}, {"form_type": "D", "filings_date": "2019-08-05", "url": "https://www.sec.gov/Archives/edgar/data/0001540184/000154018419000007/xslFormDX01/primary_doc.xml"}, {"form_type": "4", "filings_date": "2019-07-25", "url": "https://www.sec.gov/Archives/edgar/data/0001540184/000089924319020417/xslF345X03/doc4.xml"}, {"form_type": "4", "filings_date": "2019-07-25", "url": "https://www.sec.gov/Archives/edgar/data/0001540184/000089924319020416/xslF345X03/doc4.xml"}, {"form_type": "4", "filings_date": "2019-07-25", "url": "https://www.sec.gov/Archives/edgar/data/0001540184/000089924319020415/xslF345X03/doc4.xml"}, {"form_type": "4", "filings_date": "2019-07-23", "url": "https://www.sec.gov/Archives/edgar/data/0001540184/000089924319020173/xslF345X03/doc4.xml"}, {"form_type": "4", "filings_date": "2019-07-23", "url": "https://www.sec.gov/Archives/edgar/data/0001540184/000089924319020171/xslF345X03/doc4.xml"}, {"form_type": "4", "filings_date": "2019-07-23", "url": "https://www.sec.gov/Archives/edgar/data/0001540184/000089924319020170/xslF345X03/doc4.xml"}, {"form_type": "4", "filings_date": "2019-07-23", "url": "https://www.sec.gov/Archives/edgar/data/0001540184/000089924319020167/xslF345X03/doc4.xml"}, {"form_type": "4", "filings_date": "2019-07-23", "url": "https://www.sec.gov/Archives/edgar/data/0001540184/000089924319020166/xslF345X03/doc4.xml"}, {"form_type": "4", "filings_date": "2019-07-23", "url": "https://www.sec.gov/Archives/edgar/data/0001540184/000089924319020165/xslF345X03/doc4.xml"}, {"form_type": "4", "filings_date": "2019-07-23", "url": "https://www.sec.gov/Archives/edgar/data/0001540184/000089924319020163/xslF345X03/doc4.xml"}, {"form_type": "4", "filings_date": "2019-07-23", "url": "https://www.sec.gov/Archives/edgar/data/0001540184/000089924319020161/xslF345X03/doc4.xml"}, {"form_type": "4", "filings_date": "2019-07-23", "url": "https://www.sec.gov/Archives/edgar/data/0001540184/000089924319020157/xslF345X03/doc4.xml"}, {"form_type": "4", "filings_date": "2019-07-23", "url": "https://www.sec.gov/Archives/edgar/data/0001540184/000089924319020155/xslF345X03/doc4.xml"}, {"form_type": "S-8", "filings_date": "2019-07-19", "url": "https://www.sec.gov/Archives/edgar/data/0001540184/000119312519197300/d778919ds8.htm"}, {"form_type": "424B4", "filings_date": "2019-07-19", "url": "https://www.sec.gov/Archives/edgar/data/0001540184/000119312519197188/d727772d424b4.htm"}, {"form_type": "EFFECT", "filings_date": "2019-07-18", "url": "https://www.sec.gov/Archives/edgar/data/0001540184/999999999519001640/xslEFFECTX01/primary_doc.xml"}, {"form_type": "S-1MEF", "filings_date": "2019-07-18", "url": "https://www.sec.gov/Archives/edgar/data/0001540184/000119312519196761/d774547ds1mef.htm"}, {"form_type": "3", "filings_date": "2019-07-18", "url": "https://www.sec.gov/Archives/edgar/data/0001540184/000089924319019943/xslF345X02/doc3.xml"}, {"form_type": "3", "filings_date": "2019-07-18", "url": "https://www.sec.gov/Archives/edgar/data/0001540184/000089924319019941/xslF345X02/doc3.xml"}, {"form_type": "3", "filings_date": "2019-07-18", "url": "https://www.sec.gov/Archives/edgar/data/0001540184/000089924319019937/xslF345X02/doc3.xml"}, {"form_type": "3", "filings_date": "2019-07-18", "url": "https://www.sec.gov/Archives/edgar/data/0001540184/000089924319019927/xslF345X02/doc3.xml"}, {"form_type": "3", "filings_date": "2019-07-18", "url": "https://www.sec.gov/Archives/edgar/data/0001540184/000089924319019926/xslF345X02/doc3.xml"}, {"form_type": "3", "filings_date": "2019-07-18", "url": "https://www.sec.gov/Archives/edgar/data/0001540184/000089924319019925/xslF345X02/doc3.xml"}, {"form_type": "3", "filings_date": "2019-07-18", "url": "https://www.sec.gov/Archives/edgar/data/0001540184/000089924319019924/xslF345X02/doc3.xml"}, {"form_type": "3", "filings_date": "2019-07-18", "url": "https://www.sec.gov/Archives/edgar/data/0001540184/000089924319019923/xslF345X02/doc3.xml"}, {"form_type": "3", "filings_date": "2019-07-18", "url": "https://www.sec.gov/Archives/edgar/data/0001540184/000089924319019921/xslF345X02/doc3.xml"}, {"form_type": "3", "filings_date": "2019-07-18", "url": "https://www.sec.gov/Archives/edgar/data/0001540184/000089924319019919/xslF345X02/doc3.xml"}, {"form_type": "3", "filings_date": "2019-07-18", "url": "https://www.sec.gov/Archives/edgar/data/0001540184/000089924319019918/xslF345X02/doc3.xml"}, {"form_type": "3", "filings_date": "2019-07-18", "url": "https://www.sec.gov/Archives/edgar/data/0001540184/000089924319019915/xslF345X02/doc3.xml"}, {"form_type": "3", "filings_date": "2019-07-18", "url": "https://www.sec.gov/Archives/edgar/data/0001540184/000089924319019913/xslF345X02/doc3.xml"}, {"form_type": "CERT", "filings_date": "2019-07-16", "url": "https://www.sec.gov/Archives/edgar/data/0001540184/000087666119000752/MDLA8A071619.pdf"}, {"form_type": "CORRESP", "filings_date": "2019-07-16", "url": "https://www.sec.gov/Archives/edgar/data/0001540184/000119312519194433/filename1.htm"}, {"form_type": "CORRESP", "filings_date": "2019-07-16", "url": "https://www.sec.gov/Archives/edgar/data/0001540184/000119312519194427/filename1.htm"}, {"form_type": "8-A12B", "filings_date": "2019-07-15", "url": "https://www.sec.gov/Archives/edgar/data/0001540184/000119312519194094/d750025d8a12b.htm"}, {"form_type": "S-1/A", "filings_date": "2019-07-08", "url": "https://www.sec.gov/Archives/edgar/data/0001540184/000119312519189938/d727772ds1a.htm"}, {"form_type": "CORRESP", "filings_date": "2019-06-28", "url": "https://www.sec.gov/Archives/edgar/data/0001540184/000119312519186215/filename1.htm"}, {"form_type": "CORRESP", "filings_date": "2019-06-28", "url": "https://www.sec.gov/Archives/edgar/data/0001540184/000119312519186208/filename1.htm"}, {"form_type": "S-1/A", "filings_date": "2019-06-28", "url": "https://www.sec.gov/Archives/edgar/data/0001540184/000119312519186202/d727772ds1a.htm"}, {"form_type": "UPLOAD", "filings_date": "2019-06-25", "url": "https://www.sec.gov/Archives/edgar/data/0001540184/000000000019010311/filename1.pdf"}, {"form_type": "CORRESP", "filings_date": "2019-06-21", "url": "https://www.sec.gov/Archives/edgar/data/0001540184/000119312519178938/filename1.htm"}, {"form_type": "S-1", "filings_date": "2019-06-21", "url": "https://www.sec.gov/Archives/edgar/data/0001540184/000119312519178931/d727772ds1.htm"}, {"form_type": "UPLOAD", "filings_date": "2019-06-14", "url": "https://www.sec.gov/Archives/edgar/data/0001540184/000000000019009891/filename1.pdf"}, {"form_type": "DRS/A", "filings_date": "2019-06-07", "url": "https://www.sec.gov/Archives/edgar/data/0001540184/000095012319005868/filename1.htm"}, {"form_type": "DRSLTR", "filings_date": "2019-06-06", "url": "https://www.sec.gov/Archives/edgar/data/0001540184/000095012319005869/filename1.htm"}, {"form_type": "UPLOAD", "filings_date": "2019-05-28", "url": "https://www.sec.gov/Archives/edgar/data/0001540184/000000000019008950/filename1.pdf"}, {"form_type": "DRS/A", "filings_date": "2019-05-16", "url": "https://www.sec.gov/Archives/edgar/data/0001540184/000095012319005564/filename1.htm"}, {"form_type": "DRSLTR", "filings_date": "2019-05-15", "url": "https://www.sec.gov/Archives/edgar/data/0001540184/000095012319005565/filename1.htm"}, {"form_type": "UPLOAD", "filings_date": "2019-05-02", "url": "https://www.sec.gov/Archives/edgar/data/0001540184/000000000019008003/filename1.pdf"}, {"form_type": "DRS", "filings_date": "2019-04-05", "url": "https://www.sec.gov/Archives/edgar/data/0001540184/000095012319003089/filename1.htm"}, {"form_type": "D", "filings_date": "2019-03-06", "url": "https://www.sec.gov/Archives/edgar/data/0001540184/000154018419000004/xslFormDX01/primary_doc.xml"}]}