{"company": {"cik": "0001001601", "name": "MGT CAPITAL INVESTMENTS, INC.", "sic": "Services-Computer Processing & Data Preparation", "state_incorp": "DE", "ticker": "MGTI", "mailing_addr": "150 FAYETTEVILLE STREET,, RALEIGH, NC, 27601", "category": "Non-accelerated filer<br>Smaller reporting company", "fiscal_year_end": "31, December"}, "filings": [{"form_type": "8-K", "filings_date": "2022-01-25", "url": "https://www.sec.gov/Archives/edgar/data/0001001601/000149315222002197/form8-k.htm"}, {"form_type": "10-Q", "filings_date": "2021-11-12", "url": "https://www.sec.gov/Archives/edgar/data/0001001601/000149315221028042/form10-q.htm"}, {"form_type": "8-K", "filings_date": "2021-10-04", "url": "https://www.sec.gov/Archives/edgar/data/0001001601/000149315221024437/form8-k.htm"}, {"form_type": "8-K", "filings_date": "2021-09-17", "url": "https://www.sec.gov/Archives/edgar/data/0001001601/000149315221022988/form8-k.htm"}, {"form_type": "10-Q", "filings_date": "2021-08-17", "url": "https://www.sec.gov/Archives/edgar/data/0001001601/000149315221020358/form10-q.htm"}, {"form_type": "NT 10-Q", "filings_date": "2021-08-17", "url": "https://www.sec.gov/Archives/edgar/data/0001001601/000149315221020344/formnt10-q.htm"}, {"form_type": "EFFECT", "filings_date": "2021-08-09", "url": "https://www.sec.gov/Archives/edgar/data/0001001601/999999999521003113/xslEFFECTX01/primary_doc.xml"}, {"form_type": "424B3", "filings_date": "2021-08-09", "url": "https://www.sec.gov/Archives/edgar/data/0001001601/000149315221019039/form-424b3.htm"}, {"form_type": "CORRESP", "filings_date": "2021-08-05", "url": "https://www.sec.gov/Archives/edgar/data/0001001601/000149315221018728/filename1.htm"}, {"form_type": "S-1/A", "filings_date": "2021-08-04", "url": "https://www.sec.gov/Archives/edgar/data/0001001601/000149315221018607/form-s1a.htm"}, {"form_type": "UPLOAD", "filings_date": "2021-08-04", "url": "https://www.sec.gov/Archives/edgar/data/0001001601/000000000021009569/filename1.pdf"}, {"form_type": "S-1", "filings_date": "2021-07-29", "url": "https://www.sec.gov/Archives/edgar/data/0001001601/000149315221018107/form-s1.htm"}, {"form_type": "SC 13G", "filings_date": "2021-07-27", "url": "https://www.sec.gov/Archives/edgar/data/0001001601/000156761921014029/doc1.htm"}, {"form_type": "8-K", "filings_date": "2021-07-27", "url": "https://www.sec.gov/Archives/edgar/data/0001001601/000149315221017867/form8-k.htm"}, {"form_type": "10-Q", "filings_date": "2021-05-24", "url": "https://www.sec.gov/Archives/edgar/data/0001001601/000149315221012749/form10-q.htm"}, {"form_type": "NT 10-Q", "filings_date": "2021-05-17", "url": "https://www.sec.gov/Archives/edgar/data/0001001601/000149315221011881/formnt10-q.htm"}, {"form_type": "10-K", "filings_date": "2021-04-15", "url": "https://www.sec.gov/Archives/edgar/data/0001001601/000149315221008913/form10-k.htm"}, {"form_type": "NT 10-K", "filings_date": "2021-03-31", "url": "https://www.sec.gov/Archives/edgar/data/0001001601/000149315221007471/nt10-k.htm"}, {"form_type": "8-K", "filings_date": "2021-03-08", "url": "https://www.sec.gov/Archives/edgar/data/0001001601/000149315221005533/form8-k.htm"}, {"form_type": "8-K", "filings_date": "2021-02-24", "url": "https://www.sec.gov/Archives/edgar/data/0001001601/000149315221004723/form8-k.htm"}, {"form_type": "10-Q", "filings_date": "2021-01-27", "url": "https://www.sec.gov/Archives/edgar/data/0001001601/000149315221001870/form10-q.htm"}, {"form_type": "10-Q", "filings_date": "2021-01-12", "url": "https://www.sec.gov/Archives/edgar/data/0001001601/000149315221000819/form10-q.htm"}, {"form_type": "8-K", "filings_date": "2020-12-14", "url": "https://www.sec.gov/Archives/edgar/data/0001001601/000149315220023567/form8-k.htm"}, {"form_type": "NT 10-Q/A", "filings_date": "2020-08-17", "url": "https://www.sec.gov/Archives/edgar/data/0001001601/000149315220016010/formnt10-qa.htm"}, {"form_type": "NT 10-Q", "filings_date": "2020-08-14", "url": "https://www.sec.gov/Archives/edgar/data/0001001601/000149315220015904/formnt10-q.htm"}, {"form_type": "EFFECT", "filings_date": "2020-07-02", "url": "https://www.sec.gov/Archives/edgar/data/0001001601/999999999520001627/xslEFFECTX01/primary_doc.xml"}, {"form_type": "8-K", "filings_date": "2020-07-02", "url": "https://www.sec.gov/Archives/edgar/data/0001001601/000149315220012517/form8-k.htm"}, {"form_type": "8-K", "filings_date": "2020-06-30", "url": "https://www.sec.gov/Archives/edgar/data/0001001601/000149315220012286/form8-k.htm"}, {"form_type": "POS AM", "filings_date": "2020-06-25", "url": "https://www.sec.gov/Archives/edgar/data/0001001601/000149315220011822/formposam.htm"}, {"form_type": "8-K", "filings_date": "2020-06-10", "url": "https://www.sec.gov/Archives/edgar/data/0001001601/000149315220010935/form8k.htm"}, {"form_type": "8-K", "filings_date": "2020-05-26", "url": "https://www.sec.gov/Archives/edgar/data/0001001601/000149315220009847/form8-k.htm"}, {"form_type": "8-K", "filings_date": "2020-05-15", "url": "https://www.sec.gov/Archives/edgar/data/0001001601/000149315220008932/form8-k.htm"}, {"form_type": "10-Q", "filings_date": "2020-05-14", "url": "https://www.sec.gov/Archives/edgar/data/0001001601/000149315220008756/form10-q.htm"}, {"form_type": "8-K", "filings_date": "2020-05-04", "url": "https://www.sec.gov/Archives/edgar/data/0001001601/000149315220007666/form8-k.htm"}, {"form_type": "SC 13G/A", "filings_date": "2020-04-29", "url": "https://www.sec.gov/Archives/edgar/data/0001001601/000156761920008612/doc1.htm"}, {"form_type": "10-K", "filings_date": "2020-03-30", "url": "https://www.sec.gov/Archives/edgar/data/0001001601/000149315220005218/form10-k.htm"}, {"form_type": "8-K", "filings_date": "2020-03-18", "url": "https://www.sec.gov/Archives/edgar/data/0001001601/000149315220004273/form8-k.htm"}, {"form_type": "8-K", "filings_date": "2020-03-16", "url": "https://www.sec.gov/Archives/edgar/data/0001001601/000149315220004025/form8-k.htm"}, {"form_type": "8-K", "filings_date": "2020-02-03", "url": "https://www.sec.gov/Archives/edgar/data/0001001601/000149315220001511/form8-k.htm"}, {"form_type": "8-K", "filings_date": "2020-01-03", "url": "https://www.sec.gov/Archives/edgar/data/0001001601/000149315220000127/form8k.htm"}, {"form_type": "8-K", "filings_date": "2019-11-15", "url": "https://www.sec.gov/Archives/edgar/data/0001001601/000149315219017748/form8-k.htm"}, {"form_type": "10-Q", "filings_date": "2019-11-14", "url": "https://www.sec.gov/Archives/edgar/data/0001001601/000149315219017474/form10-q.htm"}, {"form_type": "8-K", "filings_date": "2019-11-06", "url": "https://www.sec.gov/Archives/edgar/data/0001001601/000149315219016553/form8-k.htm"}, {"form_type": "8-K", "filings_date": "2019-10-31", "url": "https://www.sec.gov/Archives/edgar/data/0001001601/000149315219016277/form8-k.htm"}, {"form_type": "8-K", "filings_date": "2019-10-28", "url": "https://www.sec.gov/Archives/edgar/data/0001001601/000149315219016051/form8-k.htm"}, {"form_type": "8-K", "filings_date": "2019-10-02", "url": "https://www.sec.gov/Archives/edgar/data/0001001601/000149315219014883/form8-k.htm"}, {"form_type": "8-K", "filings_date": "2019-09-06", "url": "https://www.sec.gov/Archives/edgar/data/0001001601/000149315219013813/form8-k.htm"}, {"form_type": "10-Q", "filings_date": "2019-08-14", "url": "https://www.sec.gov/Archives/edgar/data/0001001601/000149315219012321/form10-q.htm"}, {"form_type": "8-K", "filings_date": "2019-08-06", "url": "https://www.sec.gov/Archives/edgar/data/0001001601/000149315219011728/form8-k.htm"}, {"form_type": "8-K", "filings_date": "2019-07-18", "url": "https://www.sec.gov/Archives/edgar/data/0001001601/000149315219010764/form8-k.htm"}, {"form_type": "8-K", "filings_date": "2019-07-10", "url": "https://www.sec.gov/Archives/edgar/data/0001001601/000149315219010430/form8-k.htm"}, {"form_type": "424B3", "filings_date": "2019-06-26", "url": "https://www.sec.gov/Archives/edgar/data/0001001601/000149315219009747/form424b3.htm"}, {"form_type": "EFFECT", "filings_date": "2019-06-25", "url": "https://www.sec.gov/Archives/edgar/data/0001001601/999999999519001438/xslEFFECTX01/primary_doc.xml"}, {"form_type": "CORRESP", "filings_date": "2019-06-24", "url": "https://www.sec.gov/Archives/edgar/data/0001001601/000149315219009627/filename1.htm"}, {"form_type": "CORRESP", "filings_date": "2019-06-19", "url": "https://www.sec.gov/Archives/edgar/data/0001001601/000149315219009455/filename1.htm"}, {"form_type": "S-1/A", "filings_date": "2019-06-19", "url": "https://www.sec.gov/Archives/edgar/data/0001001601/000149315219009451/forms-1a.htm"}, {"form_type": "UPLOAD", "filings_date": "2019-06-18", "url": "https://www.sec.gov/Archives/edgar/data/0001001601/000000000019009941/filename1.pdf"}, {"form_type": "S-1", "filings_date": "2019-06-04", "url": "https://www.sec.gov/Archives/edgar/data/0001001601/000149315219008597/forms-1.htm"}, {"form_type": "8-K", "filings_date": "2019-06-04", "url": "https://www.sec.gov/Archives/edgar/data/0001001601/000149315219008595/form8-k.htm"}, {"form_type": "10-Q", "filings_date": "2019-05-17", "url": "https://www.sec.gov/Archives/edgar/data/0001001601/000149315219007725/form10-q.htm"}, {"form_type": "NT 10-Q", "filings_date": "2019-05-15", "url": "https://www.sec.gov/Archives/edgar/data/0001001601/000149315219007424/formnt10-q.htm"}, {"form_type": "8-K", "filings_date": "2019-05-15", "url": "https://www.sec.gov/Archives/edgar/data/0001001601/000149315219007139/form8-k.htm"}, {"form_type": "8-K", "filings_date": "2019-05-07", "url": "https://www.sec.gov/Archives/edgar/data/0001001601/000149315219006520/form8-k.htm"}, {"form_type": "10-K/A", "filings_date": "2019-04-22", "url": "https://www.sec.gov/Archives/edgar/data/0001001601/000149315219005718/form10-ka.htm"}, {"form_type": "8-K", "filings_date": "2019-04-18", "url": "https://www.sec.gov/Archives/edgar/data/0001001601/000149315219005588/form8-k.htm"}, {"form_type": "10-K", "filings_date": "2019-04-16", "url": "https://www.sec.gov/Archives/edgar/data/0001001601/000149315219005484/form10-k.htm"}, {"form_type": "424B5", "filings_date": "2019-04-16", "url": "https://www.sec.gov/Archives/edgar/data/0001001601/000149315219005379/form424b5.htm"}, {"form_type": "SC 13G", "filings_date": "2019-04-15", "url": "https://www.sec.gov/Archives/edgar/data/0001001601/000156761919008772/doc1.htm"}, {"form_type": "NT 10-K", "filings_date": "2019-04-01", "url": "https://www.sec.gov/Archives/edgar/data/0001001601/000149315219004537/nt10-k.htm"}, {"form_type": "8-K", "filings_date": "2019-02-28", "url": "https://www.sec.gov/Archives/edgar/data/0001001601/000149315219002700/form8-k.htm"}, {"form_type": "DEF 14A", "filings_date": "2019-02-04", "url": "https://www.sec.gov/Archives/edgar/data/0001001601/000149315219001312/def14a.htm"}, {"form_type": "PRE 14A", "filings_date": "2019-01-24", "url": "https://www.sec.gov/Archives/edgar/data/0001001601/000149315219000877/pre14a.htm"}, {"form_type": "8-K", "filings_date": "2019-01-24", "url": "https://www.sec.gov/Archives/edgar/data/0001001601/000149315219000875/form8-k.htm"}, {"form_type": "8-K", "filings_date": "2019-01-14", "url": "https://www.sec.gov/Archives/edgar/data/0001001601/000149315219000600/form8-k.htm"}, {"form_type": "8-K", "filings_date": "2019-01-09", "url": "https://www.sec.gov/Archives/edgar/data/0001001601/000149315219000368/form8-k.htm"}, {"form_type": "4", "filings_date": "2019-01-03", "url": "https://www.sec.gov/Archives/edgar/data/0001001601/000149315219000130/xslF345X03/ownership.xml"}, {"form_type": "4", "filings_date": "2019-01-03", "url": "https://www.sec.gov/Archives/edgar/data/0001001601/000149315219000127/xslF345X03/ownership.xml"}, {"form_type": "4", "filings_date": "2019-01-03", "url": "https://www.sec.gov/Archives/edgar/data/0001001601/000149315219000128/xslF345X03/ownership.xml"}, {"form_type": "4", "filings_date": "2019-01-03", "url": "https://www.sec.gov/Archives/edgar/data/0001001601/000149315219000131/xslF345X03/ownership.xml"}, {"form_type": "8-K", "filings_date": "2018-12-14", "url": "https://www.sec.gov/Archives/edgar/data/0001001601/000149315218017539/form8-k.htm"}, {"form_type": "424B2", "filings_date": "2018-12-03", "url": "https://www.sec.gov/Archives/edgar/data/0001001601/000149315218016969/form424b2.htm"}, {"form_type": "8-K", "filings_date": "2018-12-03", "url": "https://www.sec.gov/Archives/edgar/data/0001001601/000149315218016968/form8-k.htm"}, {"form_type": "10-Q", "filings_date": "2018-11-19", "url": "https://www.sec.gov/Archives/edgar/data/0001001601/000149315218016509/form10-q.htm"}, {"form_type": "CT ORDER", "filings_date": "2018-11-15", "url": "https://www.sec.gov/Archives/edgar/data/0001001601/999999999718008993/filename1.pdf"}, {"form_type": "NT 10-Q", "filings_date": "2018-11-14", "url": "https://www.sec.gov/Archives/edgar/data/0001001601/000149315218016124/formnt10-q.htm"}, {"form_type": "8-K", "filings_date": "2018-10-31", "url": "https://www.sec.gov/Archives/edgar/data/0001001601/000149315218015046/form8-k.htm"}, {"form_type": "8-K", "filings_date": "2018-10-29", "url": "https://www.sec.gov/Archives/edgar/data/0001001601/000149315218014924/form8-k.htm"}, {"form_type": "8-K", "filings_date": "2018-09-28", "url": "https://www.sec.gov/Archives/edgar/data/0001001601/000149315218013848/form8-k.htm"}, {"form_type": "8-K", "filings_date": "2018-09-12", "url": "https://www.sec.gov/Archives/edgar/data/0001001601/000149315218013130/form8-k.htm"}, {"form_type": "8-K", "filings_date": "2018-09-10", "url": "https://www.sec.gov/Archives/edgar/data/0001001601/000149315218013038/form8-k.htm"}, {"form_type": "8-K", "filings_date": "2018-08-30", "url": "https://www.sec.gov/Archives/edgar/data/0001001601/000149315218012761/form8-k.htm"}, {"form_type": "424B2", "filings_date": "2018-08-30", "url": "https://www.sec.gov/Archives/edgar/data/0001001601/000149315218012758/form-424b2.htm"}, {"form_type": "8-K", "filings_date": "2018-08-15", "url": "https://www.sec.gov/Archives/edgar/data/0001001601/000149315218012057/form8-k.htm"}, {"form_type": "4", "filings_date": "2018-08-15", "url": "https://www.sec.gov/Archives/edgar/data/0001001601/000149315218012022/xslF345X03/ownership.xml"}, {"form_type": "10-Q", "filings_date": "2018-08-14", "url": "https://www.sec.gov/Archives/edgar/data/0001001601/000149315218011858/form10-q.htm"}, {"form_type": "EFFECT", "filings_date": "2018-08-10", "url": "https://www.sec.gov/Archives/edgar/data/0001001601/999999999518002071/xslEFFECTX01/primary_doc.xml"}, {"form_type": "CORRESP", "filings_date": "2018-08-09", "url": "https://www.sec.gov/Archives/edgar/data/0001001601/000149315218011275/filename1.htm"}, {"form_type": "S-3/A", "filings_date": "2018-08-07", "url": "https://www.sec.gov/Archives/edgar/data/0001001601/000149315218011108/forms-3a.htm"}, {"form_type": "UPLOAD", "filings_date": "2018-08-06", "url": "https://www.sec.gov/Archives/edgar/data/0001001601/000000000018024205/filename1.pdf"}, {"form_type": "4", "filings_date": "2018-08-03", "url": "https://www.sec.gov/Archives/edgar/data/0001001601/000149315218010953/xslF345X03/ownership.xml"}, {"form_type": "SC 13D/A", "filings_date": "2018-07-26", "url": "https://www.sec.gov/Archives/edgar/data/0001001601/000149315218010517/formsc13da.htm"}, {"form_type": "S-3/A", "filings_date": "2018-07-23", "url": "https://www.sec.gov/Archives/edgar/data/0001001601/000149315218010368/forms-3a.htm"}, {"form_type": "3", "filings_date": "2018-07-23", "url": "https://www.sec.gov/Archives/edgar/data/0001001601/000149315218010344/xslF345X02/ownership.xml"}, {"form_type": "8-K", "filings_date": "2018-07-17", "url": "https://www.sec.gov/Archives/edgar/data/0001001601/000149315218010109/form8-k.htm"}, {"form_type": "4", "filings_date": "2018-06-19", "url": "https://www.sec.gov/Archives/edgar/data/0001001601/000149315218008945/xslF345X03/form4.xml"}, {"form_type": "8-K", "filings_date": "2018-06-13", "url": "https://www.sec.gov/Archives/edgar/data/0001001601/000149315218008600/form8-k.htm"}, {"form_type": "S-3", "filings_date": "2018-06-13", "url": "https://www.sec.gov/Archives/edgar/data/0001001601/000149315218008562/forms-3.htm"}, {"form_type": "8-K", "filings_date": "2018-06-07", "url": "https://www.sec.gov/Archives/edgar/data/0001001601/000149315218008334/form8-k.htm"}, {"form_type": "4", "filings_date": "2018-05-31", "url": "https://www.sec.gov/Archives/edgar/data/0001001601/000149315218008092/xslF345X03/form4.xml"}, {"form_type": "8-K", "filings_date": "2018-05-31", "url": "https://www.sec.gov/Archives/edgar/data/0001001601/000149315218008068/form8-k.htm"}, {"form_type": "8-K", "filings_date": "2018-05-25", "url": "https://www.sec.gov/Archives/edgar/data/0001001601/000149315218007873/form8-k.htm"}, {"form_type": "8-K", "filings_date": "2018-05-10", "url": "https://www.sec.gov/Archives/edgar/data/0001001601/000149315218006565/form8-k.htm"}, {"form_type": "10-Q", "filings_date": "2018-05-10", "url": "https://www.sec.gov/Archives/edgar/data/0001001601/000149315218006508/form10-q.htm"}, {"form_type": "8-K", "filings_date": "2018-04-12", "url": "https://www.sec.gov/Archives/edgar/data/0001001601/000149315218005059/form8-k.htm"}, {"form_type": "4", "filings_date": "2018-04-10", "url": "https://www.sec.gov/Archives/edgar/data/0001001601/000149315218004991/xslF345X03/form4.xml"}, {"form_type": "4", "filings_date": "2018-04-10", "url": "https://www.sec.gov/Archives/edgar/data/0001001601/000149315218004990/xslF345X03/form4.xml"}, {"form_type": "4", "filings_date": "2018-04-10", "url": "https://www.sec.gov/Archives/edgar/data/0001001601/000149315218004989/xslF345X03/form4.xml"}, {"form_type": "4", "filings_date": "2018-04-10", "url": "https://www.sec.gov/Archives/edgar/data/0001001601/000149315218004988/xslF345X03/form4.xml"}, {"form_type": "SC 13G/A", "filings_date": "2018-04-06", "url": "https://www.sec.gov/Archives/edgar/data/0001001601/000165495418003700/brauser_sch13ga.htm"}, {"form_type": "8-K", "filings_date": "2018-04-03", "url": "https://www.sec.gov/Archives/edgar/data/0001001601/000149315218004672/form8-k.htm"}, {"form_type": "10-K", "filings_date": "2018-04-02", "url": "https://www.sec.gov/Archives/edgar/data/0001001601/000149315218004538/form10-k.htm"}, {"form_type": "8-K/A", "filings_date": "2018-04-02", "url": "https://www.sec.gov/Archives/edgar/data/0001001601/000149315218004447/form8-ka.htm"}, {"form_type": "8-K", "filings_date": "2018-03-23", "url": "https://www.sec.gov/Archives/edgar/data/0001001601/000149315218003840/form8-k.htm"}, {"form_type": "8-K", "filings_date": "2018-03-19", "url": "https://www.sec.gov/Archives/edgar/data/0001001601/000149315218003542/form8-k.htm"}, {"form_type": "4", "filings_date": "2018-03-09", "url": "https://www.sec.gov/Archives/edgar/data/0001001601/000149315218003165/xslF345X03/form-4.xml"}, {"form_type": "3", "filings_date": "2018-03-09", "url": "https://www.sec.gov/Archives/edgar/data/0001001601/000149315218003163/xslF345X02/form-3.xml"}, {"form_type": "8-K", "filings_date": "2018-03-09", "url": "https://www.sec.gov/Archives/edgar/data/0001001601/000149315218003137/form8k.htm"}, {"form_type": "8-K", "filings_date": "2018-02-28", "url": "https://www.sec.gov/Archives/edgar/data/0001001601/000149315218002700/form8-k.htm"}, {"form_type": "DEF 14A", "filings_date": "2018-02-27", "url": "https://www.sec.gov/Archives/edgar/data/0001001601/000149315218002669/def14a.htm"}, {"form_type": "PRE 14A", "filings_date": "2018-02-13", "url": "https://www.sec.gov/Archives/edgar/data/0001001601/000149315218001987/pre14a.htm"}, {"form_type": "SC 13G", "filings_date": "2018-02-09", "url": "https://www.sec.gov/Archives/edgar/data/0001001601/000110465918008092/a18-5804_1sc13g.htm"}, {"form_type": "8-K", "filings_date": "2018-02-09", "url": "https://www.sec.gov/Archives/edgar/data/0001001601/000149315218001716/form8-k.htm"}, {"form_type": "4", "filings_date": "2018-01-05", "url": "https://www.sec.gov/Archives/edgar/data/0001001601/000149315218000261/xslF345X03/form4.xml"}, {"form_type": "8-K/A", "filings_date": "2017-12-27", "url": "https://www.sec.gov/Archives/edgar/data/0001001601/000149315217015116/form8-ka.htm"}, {"form_type": "8-K", "filings_date": "2017-12-22", "url": "https://www.sec.gov/Archives/edgar/data/0001001601/000149315217015008/form8-k.htm"}, {"form_type": "144", "filings_date": "2017-12-22", "url": "https://www.sec.gov/Archives/edgar/data/0001001601/000149315217014995/form144.htm"}, {"form_type": "8-K", "filings_date": "2017-12-21", "url": "https://www.sec.gov/Archives/edgar/data/0001001601/000149315217014954/form8-k.htm"}, {"form_type": "4", "filings_date": "2017-12-21", "url": "https://www.sec.gov/Archives/edgar/data/0001001601/000149315217014942/xslF345X03/form4.xml"}, {"form_type": "8-K", "filings_date": "2017-12-14", "url": "https://www.sec.gov/Archives/edgar/data/0001001601/000149315217014620/form8-k.htm"}, {"form_type": "10-Q", "filings_date": "2017-11-09", "url": "https://www.sec.gov/Archives/edgar/data/0001001601/000149315217012711/form10-q.htm"}, {"form_type": "D", "filings_date": "2017-10-30", "url": "https://www.sec.gov/Archives/edgar/data/0001001601/000149315217012165/xslFormDX01/primary_doc.xml"}, {"form_type": "DEF 14A", "filings_date": "2017-10-26", "url": "https://www.sec.gov/Archives/edgar/data/0001001601/000149315217012104/def14a.htm"}, {"form_type": "8-K", "filings_date": "2017-10-16", "url": "https://www.sec.gov/Archives/edgar/data/0001001601/000149315217011689/form8-k.htm"}, {"form_type": "SC 13D/A", "filings_date": "2017-10-16", "url": "https://www.sec.gov/Archives/edgar/data/0001001601/000149315217011654/sc13da.htm"}, {"form_type": "PRE 14A", "filings_date": "2017-10-13", "url": "https://www.sec.gov/Archives/edgar/data/0001001601/000149315217011611/pre14a.htm"}, {"form_type": "SC 13G", "filings_date": "2017-09-14", "url": "https://www.sec.gov/Archives/edgar/data/0001001601/000121390017009673/sc13g0917l2capital_mgtcapit.htm"}, {"form_type": "8-K", "filings_date": "2017-09-12", "url": "https://www.sec.gov/Archives/edgar/data/0001001601/000149315217010492/form8-k.htm"}, {"form_type": "8-K", "filings_date": "2017-09-06", "url": "https://www.sec.gov/Archives/edgar/data/0001001601/000149315217010265/form8-k.htm"}, {"form_type": "4", "filings_date": "2017-09-01", "url": "https://www.sec.gov/Archives/edgar/data/0001001601/000149315217010183/xslF345X03/form4.xml"}, {"form_type": "8-K", "filings_date": "2017-08-28", "url": "https://www.sec.gov/Archives/edgar/data/0001001601/000149315217009953/form8-k.htm"}, {"form_type": "4", "filings_date": "2017-08-28", "url": "https://www.sec.gov/Archives/edgar/data/0001001601/000149315217009945/xslF345X03/form4.xml"}, {"form_type": "8-K", "filings_date": "2017-08-25", "url": "https://www.sec.gov/Archives/edgar/data/0001001601/000149315217009875/form8-k.htm"}, {"form_type": "4", "filings_date": "2017-08-21", "url": "https://www.sec.gov/Archives/edgar/data/0001001601/000149315217009695/xslF345X03/form4.xml"}, {"form_type": "8-K", "filings_date": "2017-08-21", "url": "https://www.sec.gov/Archives/edgar/data/0001001601/000149315217009687/form8-k.htm"}, {"form_type": "10-Q", "filings_date": "2017-08-09", "url": "https://www.sec.gov/Archives/edgar/data/0001001601/000149315217008773/form10-q.htm"}, {"form_type": "8-K", "filings_date": "2017-07-07", "url": "https://www.sec.gov/Archives/edgar/data/0001001601/000149315217007571/form8-k.htm"}, {"form_type": "SC 13D/A", "filings_date": "2017-07-06", "url": "https://www.sec.gov/Archives/edgar/data/0001001601/000149315217007502/sc13da.htm"}, {"form_type": "4", "filings_date": "2017-06-27", "url": "https://www.sec.gov/Archives/edgar/data/0001001601/000149315217007213/xslF345X03/form4.xml"}, {"form_type": "4", "filings_date": "2017-06-27", "url": "https://www.sec.gov/Archives/edgar/data/0001001601/000149315217007211/xslF345X03/form4.xml"}, {"form_type": "4", "filings_date": "2017-06-27", "url": "https://www.sec.gov/Archives/edgar/data/0001001601/000149315217007209/xslF345X03/form4.xml"}, {"form_type": "4", "filings_date": "2017-06-09", "url": "https://www.sec.gov/Archives/edgar/data/0001001601/000149315217006446/xslF345X03/form4.xml"}, {"form_type": "4", "filings_date": "2017-06-02", "url": "https://www.sec.gov/Archives/edgar/data/0001001601/000149315217006145/xslF345X03/form4.xml"}, {"form_type": "144", "filings_date": "2017-06-02", "url": "https://www.sec.gov/Archives/edgar/data/0001001601/000149315217006109/form144.htm"}, {"form_type": "8-K", "filings_date": "2017-05-24", "url": "https://www.sec.gov/Archives/edgar/data/0001001601/000149315217005858/form8-k.htm"}, {"form_type": "10-Q", "filings_date": "2017-05-18", "url": "https://www.sec.gov/Archives/edgar/data/0001001601/000149315217005575/form10q.htm"}, {"form_type": "NT 10-Q", "filings_date": "2017-05-11", "url": "https://www.sec.gov/Archives/edgar/data/0001001601/000149315217005048/formnt10-q.htm"}, {"form_type": "8-K", "filings_date": "2017-05-09", "url": "https://www.sec.gov/Archives/edgar/data/0001001601/000149315217004878/form8-k.htm"}, {"form_type": "S-8", "filings_date": "2017-05-04", "url": "https://www.sec.gov/Archives/edgar/data/0001001601/000149315217004748/forms-8.htm"}, {"form_type": "10-K", "filings_date": "2017-04-20", "url": "https://www.sec.gov/Archives/edgar/data/0001001601/000149315217004179/form10-k.htm"}, {"form_type": "8-K", "filings_date": "2017-04-04", "url": "https://www.sec.gov/Archives/edgar/data/0001001601/000149315217003439/form8-k.htm"}, {"form_type": "NT 10-K/A", "filings_date": "2017-04-03", "url": "https://www.sec.gov/Archives/edgar/data/0001001601/000149315217003410/nt10-ka.htm"}, {"form_type": "SC 13G", "filings_date": "2017-03-22", "url": "https://www.sec.gov/Archives/edgar/data/0001001601/000110465917018580/a17-9038_1sc13g.htm"}, {"form_type": "8-K", "filings_date": "2017-03-20", "url": "https://www.sec.gov/Archives/edgar/data/0001001601/000149315217002638/form8-k.htm"}, {"form_type": "8-K", "filings_date": "2017-03-20", "url": "https://www.sec.gov/Archives/edgar/data/0001001601/000149315217002625/form8-k.htm"}, {"form_type": "NT 10-K", "filings_date": "2017-03-16", "url": "https://www.sec.gov/Archives/edgar/data/0001001601/000149315217002518/nt10-k.htm"}, {"form_type": "8-K", "filings_date": "2017-03-09", "url": "https://www.sec.gov/Archives/edgar/data/0001001601/000149315217002293/form8-k.htm"}, {"form_type": "SC 13D/A", "filings_date": "2017-03-08", "url": "https://www.sec.gov/Archives/edgar/data/0001001601/000149315217002235/sc13da.htm"}, {"form_type": "8-K", "filings_date": "2017-02-24", "url": "https://www.sec.gov/Archives/edgar/data/0001001601/000149315217001906/form8-k.htm"}, {"form_type": "SC 13G/A", "filings_date": "2017-02-14", "url": "https://www.sec.gov/Archives/edgar/data/0001001601/000119380517000256/e615780_sc13ga-mgt.htm"}, {"form_type": "8-K", "filings_date": "2017-01-27", "url": "https://www.sec.gov/Archives/edgar/data/0001001601/000149315217000891/form8-k.htm"}, {"form_type": "8-K", "filings_date": "2017-01-09", "url": "https://www.sec.gov/Archives/edgar/data/0001001601/000149315217000303/form8-k.htm"}]}