{"company": {"cik": "0001470099", "name": "MOBILEIRON, INC.", "sic": "Services-Prepackaged Software", "state_incorp": "DE", "ticker": "", "mailing_addr": "490 EAST MIDDLEFIELD ROAD, MOUNTAIN VIEW, CA, 94043", "category": "Large Accelerated", "fiscal_year_end": "31, December"}, "filings": [{"form_type": "SC 13G/A", "filings_date": "2021-01-19", "url": "https://www.sec.gov/Archives/edgar/data/0001470099/000101143821000037/form_sc13ga-mobileiron.htm"}, {"form_type": "15-12B", "filings_date": "2020-12-09", "url": "https://www.sec.gov/Archives/edgar/data/0001470099/000114036120027867/brhc10017802_1512b.htm"}, {"form_type": "4", "filings_date": "2020-12-03", "url": "https://www.sec.gov/Archives/edgar/data/0001470099/000120919120061564/xslF345X03/doc4.xml"}, {"form_type": "4", "filings_date": "2020-12-03", "url": "https://www.sec.gov/Archives/edgar/data/0001470099/000120919120061563/xslF345X03/doc4.xml"}, {"form_type": "4", "filings_date": "2020-12-03", "url": "https://www.sec.gov/Archives/edgar/data/0001470099/000120919120061559/xslF345X03/doc4.xml"}, {"form_type": "4", "filings_date": "2020-12-03", "url": "https://www.sec.gov/Archives/edgar/data/0001470099/000120919120061558/xslF345X03/doc4.xml"}, {"form_type": "4", "filings_date": "2020-12-03", "url": "https://www.sec.gov/Archives/edgar/data/0001470099/000120919120061555/xslF345X03/doc4.xml"}, {"form_type": "4", "filings_date": "2020-12-03", "url": "https://www.sec.gov/Archives/edgar/data/0001470099/000120919120061554/xslF345X03/doc4.xml"}, {"form_type": "4", "filings_date": "2020-12-03", "url": "https://www.sec.gov/Archives/edgar/data/0001470099/000120919120061551/xslF345X03/doc4.xml"}, {"form_type": "4", "filings_date": "2020-12-03", "url": "https://www.sec.gov/Archives/edgar/data/0001470099/000120919120061548/xslF345X03/doc4.xml"}, {"form_type": "4", "filings_date": "2020-12-03", "url": "https://www.sec.gov/Archives/edgar/data/0001470099/000090266420004127/xslF345X03/ownership.xml"}, {"form_type": "S-8 POS", "filings_date": "2020-12-01", "url": "https://www.sec.gov/Archives/edgar/data/0001470099/000114036120027014/brhc10017478_s8pos.htm"}, {"form_type": "S-8 POS", "filings_date": "2020-12-01", "url": "https://www.sec.gov/Archives/edgar/data/0001470099/000114036120027013/brhc10017478_s8pos.htm"}, {"form_type": "S-8 POS", "filings_date": "2020-12-01", "url": "https://www.sec.gov/Archives/edgar/data/0001470099/000114036120027012/brhc10017478_s8pos.htm"}, {"form_type": "S-8 POS", "filings_date": "2020-12-01", "url": "https://www.sec.gov/Archives/edgar/data/0001470099/000114036120027011/brhc10017478_s8pos.htm"}, {"form_type": "S-8 POS", "filings_date": "2020-12-01", "url": "https://www.sec.gov/Archives/edgar/data/0001470099/000114036120027010/brhc10017478_s8pos.htm"}, {"form_type": "S-8 POS", "filings_date": "2020-12-01", "url": "https://www.sec.gov/Archives/edgar/data/0001470099/000114036120027009/brhc10017478_s8pos.htm"}, {"form_type": "S-8 POS", "filings_date": "2020-12-01", "url": "https://www.sec.gov/Archives/edgar/data/0001470099/000114036120027008/brhc10017478_s8pos.htm"}, {"form_type": "S-8 POS", "filings_date": "2020-12-01", "url": "https://www.sec.gov/Archives/edgar/data/0001470099/000114036120027006/brhc10017478_s8pos.htm"}, {"form_type": "8-K", "filings_date": "2020-12-01", "url": "https://www.sec.gov/Archives/edgar/data/0001470099/000114036120027005/brhc10017477_8k.htm"}, {"form_type": "25-NSE", "filings_date": "2020-12-01", "url": "https://www.sec.gov/Archives/edgar/data/0001470099/000135445720000732/xslF25X02/primary_doc.xml"}, {"form_type": "4", "filings_date": "2020-11-25", "url": "https://www.sec.gov/Archives/edgar/data/0001470099/000090266420004082/xslF345X03/ownership.xml"}, {"form_type": "8-K", "filings_date": "2020-11-25", "url": "https://www.sec.gov/Archives/edgar/data/0001470099/000114036120026608/brhc10017378_8k.htm"}, {"form_type": "4", "filings_date": "2020-11-24", "url": "https://www.sec.gov/Archives/edgar/data/0001470099/000120919120060260/xslF345X03/doc4.xml"}, {"form_type": "4", "filings_date": "2020-11-24", "url": "https://www.sec.gov/Archives/edgar/data/0001470099/000120919120060256/xslF345X03/doc4.xml"}, {"form_type": "4", "filings_date": "2020-11-24", "url": "https://www.sec.gov/Archives/edgar/data/0001470099/000120919120060254/xslF345X03/doc4.xml"}, {"form_type": "4", "filings_date": "2020-11-24", "url": "https://www.sec.gov/Archives/edgar/data/0001470099/000120919120060252/xslF345X03/doc4.xml"}, {"form_type": "4", "filings_date": "2020-11-20", "url": "https://www.sec.gov/Archives/edgar/data/0001470099/000090266420004049/xslF345X03/ownership.xml"}, {"form_type": "4", "filings_date": "2020-11-18", "url": "https://www.sec.gov/Archives/edgar/data/0001470099/000120919120059110/xslF345X03/doc4.xml"}, {"form_type": "4", "filings_date": "2020-11-17", "url": "https://www.sec.gov/Archives/edgar/data/0001470099/000090266420004008/xslF345X03/ownership.xml"}, {"form_type": "4", "filings_date": "2020-11-12", "url": "https://www.sec.gov/Archives/edgar/data/0001470099/000090266420003912/xslF345X03/ownership.xml"}, {"form_type": "4", "filings_date": "2020-11-09", "url": "https://www.sec.gov/Archives/edgar/data/0001470099/000090266420003862/xslF345X03/ownership.xml"}, {"form_type": "SC 13D/A", "filings_date": "2020-11-06", "url": "https://www.sec.gov/Archives/edgar/data/0001470099/000090266420003851/p20-1966sc13da.htm"}, {"form_type": "4", "filings_date": "2020-11-05", "url": "https://www.sec.gov/Archives/edgar/data/0001470099/000090266420003822/xslF345X03/ownership.xml"}, {"form_type": "DEFA14A", "filings_date": "2020-11-04", "url": "https://www.sec.gov/Archives/edgar/data/0001470099/000114036120024540/defa14a.htm"}, {"form_type": "8-K", "filings_date": "2020-11-04", "url": "https://www.sec.gov/Archives/edgar/data/0001470099/000114036120024539/brhc10016593_8k.htm"}, {"form_type": "10-Q", "filings_date": "2020-10-30", "url": "https://www.sec.gov/Archives/edgar/data/0001470099/000155837020012159/mobl-20200930x10q.htm"}, {"form_type": "SC 13D", "filings_date": "2020-10-29", "url": "https://www.sec.gov/Archives/edgar/data/0001470099/000110465920119572/a20-34569_1sc13d.htm"}, {"form_type": "8-K", "filings_date": "2020-10-28", "url": "https://www.sec.gov/Archives/edgar/data/0001470099/000147009920000021/mobl-20201028x8k.htm"}, {"form_type": "DEFM14A", "filings_date": "2020-10-26", "url": "https://www.sec.gov/Archives/edgar/data/0001470099/000114036120023709/nt10015783x2_defm14a.htm"}, {"form_type": "4", "filings_date": "2020-10-21", "url": "https://www.sec.gov/Archives/edgar/data/0001470099/000120919120055463/xslF345X03/doc4.xml"}, {"form_type": "PREM14A", "filings_date": "2020-10-14", "url": "https://www.sec.gov/Archives/edgar/data/0001470099/000114036120022992/nt10015783x1_prem14a.htm"}, {"form_type": "DEFA14A", "filings_date": "2020-10-06", "url": "https://www.sec.gov/Archives/edgar/data/0001470099/000110465920112683/a20-31846_6defa14a.htm"}, {"form_type": "DEFA14A", "filings_date": "2020-10-01", "url": "https://www.sec.gov/Archives/edgar/data/0001470099/000110465920111093/a20-31846_5defa14a.htm"}, {"form_type": "DEFA14A", "filings_date": "2020-09-30", "url": "https://www.sec.gov/Archives/edgar/data/0001470099/000110465920110077/a20-31846_4defa14a.htm"}, {"form_type": "DEFA14A", "filings_date": "2020-09-28", "url": "https://www.sec.gov/Archives/edgar/data/0001470099/000110465920109359/a20-31846_3defa14a.htm"}, {"form_type": "DEFA14A", "filings_date": "2020-09-28", "url": "https://www.sec.gov/Archives/edgar/data/0001470099/000110465920109090/tm2031846d2_8k.htm"}, {"form_type": "8-K", "filings_date": "2020-09-28", "url": "https://www.sec.gov/Archives/edgar/data/0001470099/000110465920109089/tm2031846d1_8k.htm"}, {"form_type": "4", "filings_date": "2020-08-24", "url": "https://www.sec.gov/Archives/edgar/data/0001470099/000120919120048114/xslF345X03/doc4.xml"}, {"form_type": "4", "filings_date": "2020-08-24", "url": "https://www.sec.gov/Archives/edgar/data/0001470099/000120919120048113/xslF345X03/doc4.xml"}, {"form_type": "4", "filings_date": "2020-08-24", "url": "https://www.sec.gov/Archives/edgar/data/0001470099/000120919120048111/xslF345X03/doc4.xml"}, {"form_type": "4", "filings_date": "2020-08-24", "url": "https://www.sec.gov/Archives/edgar/data/0001470099/000120919120048110/xslF345X03/doc4.xml"}, {"form_type": "4", "filings_date": "2020-08-14", "url": "https://www.sec.gov/Archives/edgar/data/0001470099/000120919120046858/xslF345X03/doc4.xml"}, {"form_type": "4", "filings_date": "2020-08-04", "url": "https://www.sec.gov/Archives/edgar/data/0001470099/000120919120044904/xslF345X03/doc4.xml"}, {"form_type": "4", "filings_date": "2020-07-31", "url": "https://www.sec.gov/Archives/edgar/data/0001470099/000120919120044390/xslF345X03/doc4.xml"}, {"form_type": "8-K/A", "filings_date": "2020-07-31", "url": "https://www.sec.gov/Archives/edgar/data/0001470099/000110465920089148/tm2025967-1_8ka.htm"}, {"form_type": "10-Q", "filings_date": "2020-07-31", "url": "https://www.sec.gov/Archives/edgar/data/0001470099/000155837020008905/tmb-20200630x10q.htm"}, {"form_type": "4", "filings_date": "2020-07-29", "url": "https://www.sec.gov/Archives/edgar/data/0001470099/000120919120043997/xslF345X03/doc4.xml"}, {"form_type": "3", "filings_date": "2020-07-29", "url": "https://www.sec.gov/Archives/edgar/data/0001470099/000120919120043995/xslF345X02/doc3.xml"}, {"form_type": "8-K", "filings_date": "2020-07-29", "url": "https://www.sec.gov/Archives/edgar/data/0001470099/000147009920000014/c099-20200729x8k.htm"}, {"form_type": "8-K", "filings_date": "2020-07-23", "url": "https://www.sec.gov/Archives/edgar/data/0001470099/000110465920086024/a20-25486_18k.htm"}, {"form_type": "8-K", "filings_date": "2020-06-26", "url": "https://www.sec.gov/Archives/edgar/data/0001470099/000106299320003038/form8k.htm"}, {"form_type": "4", "filings_date": "2020-06-25", "url": "https://www.sec.gov/Archives/edgar/data/0001470099/000120919120039015/xslF345X03/doc4.xml"}, {"form_type": "4", "filings_date": "2020-06-25", "url": "https://www.sec.gov/Archives/edgar/data/0001470099/000120919120039006/xslF345X03/doc4.xml"}, {"form_type": "4", "filings_date": "2020-06-25", "url": "https://www.sec.gov/Archives/edgar/data/0001470099/000120919120038994/xslF345X03/doc4.xml"}, {"form_type": "4", "filings_date": "2020-06-25", "url": "https://www.sec.gov/Archives/edgar/data/0001470099/000120919120038992/xslF345X03/doc4.xml"}, {"form_type": "4", "filings_date": "2020-06-25", "url": "https://www.sec.gov/Archives/edgar/data/0001470099/000120919120038991/xslF345X03/doc4.xml"}, {"form_type": "4", "filings_date": "2020-06-25", "url": "https://www.sec.gov/Archives/edgar/data/0001470099/000090266420002513/xslF345X03/ownership.xml"}, {"form_type": "4", "filings_date": "2020-05-20", "url": "https://www.sec.gov/Archives/edgar/data/0001470099/000120919120031075/xslF345X03/doc4.xml"}, {"form_type": "4", "filings_date": "2020-05-20", "url": "https://www.sec.gov/Archives/edgar/data/0001470099/000120919120031074/xslF345X03/doc4.xml"}, {"form_type": "4", "filings_date": "2020-05-20", "url": "https://www.sec.gov/Archives/edgar/data/0001470099/000120919120031073/xslF345X03/doc4.xml"}, {"form_type": "4", "filings_date": "2020-05-20", "url": "https://www.sec.gov/Archives/edgar/data/0001470099/000120919120031072/xslF345X03/doc4.xml"}, {"form_type": "4", "filings_date": "2020-05-06", "url": "https://www.sec.gov/Archives/edgar/data/0001470099/000120919120027541/xslF345X03/doc4.xml"}, {"form_type": "10-Q", "filings_date": "2020-05-01", "url": "https://www.sec.gov/Archives/edgar/data/0001470099/000155837020004924/mobl-20200331x10q.htm"}, {"form_type": "8-K", "filings_date": "2020-04-29", "url": "https://www.sec.gov/Archives/edgar/data/0001470099/000147009920000010/c099-20200429x8k.htm"}, {"form_type": "DEFA14A", "filings_date": "2020-04-29", "url": "https://www.sec.gov/Archives/edgar/data/0001470099/000114036120010029/formdefa14a.htm"}, {"form_type": "DEF 14A", "filings_date": "2020-04-29", "url": "https://www.sec.gov/Archives/edgar/data/0001470099/000114036120010028/formdef14a.htm"}, {"form_type": "3", "filings_date": "2020-04-24", "url": "https://www.sec.gov/Archives/edgar/data/0001470099/000120919120025602/xslF345X02/doc3.xml"}, {"form_type": "4", "filings_date": "2020-04-16", "url": "https://www.sec.gov/Archives/edgar/data/0001470099/000120919120024679/xslF345X03/doc4.xml"}, {"form_type": "3", "filings_date": "2020-04-16", "url": "https://www.sec.gov/Archives/edgar/data/0001470099/000090266420001818/xslF345X02/ownership.xml"}, {"form_type": "SC 13D/A", "filings_date": "2020-04-15", "url": "https://www.sec.gov/Archives/edgar/data/0001470099/000090266420001809/p20-0892sc13da.htm"}, {"form_type": "8-K", "filings_date": "2020-04-15", "url": "https://www.sec.gov/Archives/edgar/data/0001470099/000106299320001813/form8k.htm"}, {"form_type": "SC 13G/A", "filings_date": "2020-04-06", "url": "https://www.sec.gov/Archives/edgar/data/0001470099/000131586320000329/sc_13ga_mobileiron.htm"}, {"form_type": "4", "filings_date": "2020-03-18", "url": "https://www.sec.gov/Archives/edgar/data/0001470099/000120919120020153/xslF345X03/doc4.xml"}, {"form_type": "4", "filings_date": "2020-03-18", "url": "https://www.sec.gov/Archives/edgar/data/0001470099/000120919120020152/xslF345X03/doc4.xml"}, {"form_type": "8-K", "filings_date": "2020-03-18", "url": "https://www.sec.gov/Archives/edgar/data/0001470099/000106299320001391/form8k.htm"}, {"form_type": "4", "filings_date": "2020-03-16", "url": "https://www.sec.gov/Archives/edgar/data/0001470099/000120919120019420/xslF345X03/doc4.xml"}, {"form_type": "8-K", "filings_date": "2020-03-12", "url": "https://www.sec.gov/Archives/edgar/data/0001470099/000106299320001329/form8k.htm"}, {"form_type": "10-K", "filings_date": "2020-03-06", "url": "https://www.sec.gov/Archives/edgar/data/0001470099/000155837020002145/mobl-20191231x10k.htm"}, {"form_type": "8-K/A", "filings_date": "2020-03-04", "url": "https://www.sec.gov/Archives/edgar/data/0001470099/000106299320001245/form8ka.htm"}, {"form_type": "4", "filings_date": "2020-02-26", "url": "https://www.sec.gov/Archives/edgar/data/0001470099/000120919120013281/xslF345X03/doc4.xml"}, {"form_type": "4", "filings_date": "2020-02-21", "url": "https://www.sec.gov/Archives/edgar/data/0001470099/000120919120011657/xslF345X03/doc4.xml"}, {"form_type": "4", "filings_date": "2020-02-21", "url": "https://www.sec.gov/Archives/edgar/data/0001470099/000120919120011653/xslF345X03/doc4.xml"}, {"form_type": "4", "filings_date": "2020-02-21", "url": "https://www.sec.gov/Archives/edgar/data/0001470099/000120919120011652/xslF345X03/doc4.xml"}, {"form_type": "4", "filings_date": "2020-02-21", "url": "https://www.sec.gov/Archives/edgar/data/0001470099/000120919120011650/xslF345X03/doc4.xml"}, {"form_type": "8-K", "filings_date": "2020-02-14", "url": "https://www.sec.gov/Archives/edgar/data/0001470099/000106299320000998/form8k.htm"}, {"form_type": "SC 13G", "filings_date": "2020-02-14", "url": "https://www.sec.gov/Archives/edgar/data/0001470099/000131586320000173/sc_13g_mobileiron.htm"}, {"form_type": "SC 13G/A", "filings_date": "2020-02-14", "url": "https://www.sec.gov/Archives/edgar/data/0001470099/000119312520037639/d885249dsc13ga.htm"}, {"form_type": "SC 13G/A", "filings_date": "2020-02-14", "url": "https://www.sec.gov/Archives/edgar/data/0001470099/000110465920020640/tm207711d1_sc13ga.htm"}, {"form_type": "S-8", "filings_date": "2020-02-12", "url": "https://www.sec.gov/Archives/edgar/data/0001470099/000106299320000721/forms8.htm"}, {"form_type": "SC 13G", "filings_date": "2020-02-11", "url": "https://www.sec.gov/Archives/edgar/data/0001470099/000110465920016379/tv0076-mobileironinc.htm"}, {"form_type": "SC 13G", "filings_date": "2020-02-07", "url": "https://www.sec.gov/Archives/edgar/data/0001470099/000083423720008233/us60739u2042_020620.txt"}, {"form_type": "8-K", "filings_date": "2020-02-06", "url": "https://www.sec.gov/Archives/edgar/data/0001470099/000147009920000005/c099-20200206x8k.htm"}, {"form_type": "4", "filings_date": "2020-02-04", "url": "https://www.sec.gov/Archives/edgar/data/0001470099/000120919120006440/xslF345X03/doc4.xml"}, {"form_type": "SC 13G/A", "filings_date": "2020-02-04", "url": "https://www.sec.gov/Archives/edgar/data/0001470099/000119312520024153/d880131dsc13ga.htm"}, {"form_type": "4", "filings_date": "2019-12-13", "url": "https://www.sec.gov/Archives/edgar/data/0001470099/000120919119060481/xslF345X03/doc4.xml"}, {"form_type": "4", "filings_date": "2019-12-13", "url": "https://www.sec.gov/Archives/edgar/data/0001470099/000120919119060471/xslF345X03/doc4.xml"}, {"form_type": "4", "filings_date": "2019-11-22", "url": "https://www.sec.gov/Archives/edgar/data/0001470099/000120919119057841/xslF345X03/doc4.xml"}, {"form_type": "4", "filings_date": "2019-11-22", "url": "https://www.sec.gov/Archives/edgar/data/0001470099/000120919119057840/xslF345X03/doc4.xml"}, {"form_type": "4", "filings_date": "2019-11-22", "url": "https://www.sec.gov/Archives/edgar/data/0001470099/000120919119057837/xslF345X03/doc4.xml"}, {"form_type": "4", "filings_date": "2019-11-22", "url": "https://www.sec.gov/Archives/edgar/data/0001470099/000120919119057835/xslF345X03/doc4.xml"}, {"form_type": "10-Q", "filings_date": "2019-11-01", "url": "https://www.sec.gov/Archives/edgar/data/0001470099/000155837019009708/mobl-20190930x10q.htm"}, {"form_type": "8-K", "filings_date": "2019-10-31", "url": "https://www.sec.gov/Archives/edgar/data/0001470099/000147009919000028/mobl-20191031x8k.htm"}, {"form_type": "4", "filings_date": "2019-09-17", "url": "https://www.sec.gov/Archives/edgar/data/0001470099/000120919119049834/xslF345X03/doc4.xml"}, {"form_type": "3", "filings_date": "2019-09-17", "url": "https://www.sec.gov/Archives/edgar/data/0001470099/000120919119049833/xslF345X02/doc3.xml"}, {"form_type": "8-K", "filings_date": "2019-09-17", "url": "https://www.sec.gov/Archives/edgar/data/0001470099/000147009919000020/c099-20190917x8k.htm"}, {"form_type": "4", "filings_date": "2019-08-22", "url": "https://www.sec.gov/Archives/edgar/data/0001470099/000120919119047173/xslF345X03/doc4.xml"}, {"form_type": "4", "filings_date": "2019-08-22", "url": "https://www.sec.gov/Archives/edgar/data/0001470099/000120919119047172/xslF345X03/doc4.xml"}, {"form_type": "4", "filings_date": "2019-08-22", "url": "https://www.sec.gov/Archives/edgar/data/0001470099/000120919119047171/xslF345X03/doc4.xml"}, {"form_type": "4", "filings_date": "2019-08-22", "url": "https://www.sec.gov/Archives/edgar/data/0001470099/000120919119047170/xslF345X03/doc4.xml"}, {"form_type": "4", "filings_date": "2019-08-08", "url": "https://www.sec.gov/Archives/edgar/data/0001470099/000120919119045250/xslF345X03/doc4.xml"}, {"form_type": "10-Q", "filings_date": "2019-08-02", "url": "https://www.sec.gov/Archives/edgar/data/0001470099/000147009919000018/mobl-20190630x10q.htm"}, {"form_type": "8-K", "filings_date": "2019-08-01", "url": "https://www.sec.gov/Archives/edgar/data/0001470099/000155837019006836/mobl-20190801x8k.htm"}, {"form_type": "4", "filings_date": "2019-07-05", "url": "https://www.sec.gov/Archives/edgar/data/0001470099/000120919119041316/xslF345X03/doc4.xml"}, {"form_type": "4", "filings_date": "2019-06-28", "url": "https://www.sec.gov/Archives/edgar/data/0001470099/000120919119039561/xslF345X03/doc4.xml"}, {"form_type": "8-K", "filings_date": "2019-06-17", "url": "https://www.sec.gov/Archives/edgar/data/0001470099/000110465919035954/a19-11614_18k.htm"}, {"form_type": "4", "filings_date": "2019-06-14", "url": "https://www.sec.gov/Archives/edgar/data/0001470099/000120919119037297/xslF345X03/doc4.xml"}, {"form_type": "4", "filings_date": "2019-06-14", "url": "https://www.sec.gov/Archives/edgar/data/0001470099/000120919119037186/xslF345X03/doc4.xml"}, {"form_type": "4", "filings_date": "2019-06-14", "url": "https://www.sec.gov/Archives/edgar/data/0001470099/000120919119037184/xslF345X03/doc4.xml"}, {"form_type": "4", "filings_date": "2019-06-14", "url": "https://www.sec.gov/Archives/edgar/data/0001470099/000120919119037182/xslF345X03/doc4.xml"}, {"form_type": "4", "filings_date": "2019-06-14", "url": "https://www.sec.gov/Archives/edgar/data/0001470099/000120919119037181/xslF345X03/doc4.xml"}, {"form_type": "4", "filings_date": "2019-05-22", "url": "https://www.sec.gov/Archives/edgar/data/0001470099/000120919119032163/xslF345X03/doc4.xml"}, {"form_type": "4", "filings_date": "2019-05-22", "url": "https://www.sec.gov/Archives/edgar/data/0001470099/000120919119032161/xslF345X03/doc4.xml"}, {"form_type": "4", "filings_date": "2019-05-22", "url": "https://www.sec.gov/Archives/edgar/data/0001470099/000120919119032159/xslF345X03/doc4.xml"}, {"form_type": "4", "filings_date": "2019-05-22", "url": "https://www.sec.gov/Archives/edgar/data/0001470099/000120919119032157/xslF345X03/doc4.xml"}, {"form_type": "4", "filings_date": "2019-05-07", "url": "https://www.sec.gov/Archives/edgar/data/0001470099/000120919119028029/xslF345X03/doc4.xml"}, {"form_type": "4", "filings_date": "2019-05-07", "url": "https://www.sec.gov/Archives/edgar/data/0001470099/000120919119028028/xslF345X03/doc4.xml"}, {"form_type": "10-Q", "filings_date": "2019-05-02", "url": "https://www.sec.gov/Archives/edgar/data/0001470099/000155837019003886/mobl-20190331x10q.htm"}, {"form_type": "8-K/A", "filings_date": "2019-04-30", "url": "https://www.sec.gov/Archives/edgar/data/0001470099/000110465919025344/a19-9111_18ka.htm"}, {"form_type": "DEFA14A", "filings_date": "2019-04-26", "url": "https://www.sec.gov/Archives/edgar/data/0001470099/000114036119007709/nc10001288x2_defa14a.htm"}, {"form_type": "DEF 14A", "filings_date": "2019-04-26", "url": "https://www.sec.gov/Archives/edgar/data/0001470099/000114036119007703/nc10001288x1_def14a.htm"}, {"form_type": "8-K", "filings_date": "2019-04-25", "url": "https://www.sec.gov/Archives/edgar/data/0001470099/000147009919000008/c099-20190425x8k.htm"}, {"form_type": "CT ORDER", "filings_date": "2019-04-16", "url": "https://www.sec.gov/Archives/edgar/data/0001470099/999999999719002959/filename1.pdf"}, {"form_type": "4", "filings_date": "2019-03-19", "url": "https://www.sec.gov/Archives/edgar/data/0001470099/000120919119020423/xslF345X03/doc4.xml"}, {"form_type": "SC 13G/A", "filings_date": "2019-03-08", "url": "https://www.sec.gov/Archives/edgar/data/0001470099/000021545719007605/us60739u2042_030819.txt"}, {"form_type": "4", "filings_date": "2019-02-28", "url": "https://www.sec.gov/Archives/edgar/data/0001470099/000120919119014665/xslF345X03/doc4.xml"}, {"form_type": "3", "filings_date": "2019-02-28", "url": "https://www.sec.gov/Archives/edgar/data/0001470099/000120919119014662/xslF345X02/doc3.xml"}, {"form_type": "8-K", "filings_date": "2019-02-28", "url": "https://www.sec.gov/Archives/edgar/data/0001470099/000110465919011612/a19-5615_18k.htm"}, {"form_type": "4", "filings_date": "2019-02-28", "url": "https://www.sec.gov/Archives/edgar/data/0001470099/000120919119014492/xslF345X03/doc4.xml"}, {"form_type": "4", "filings_date": "2019-02-28", "url": "https://www.sec.gov/Archives/edgar/data/0001470099/000120919119014488/xslF345X03/doc4.xml"}, {"form_type": "4", "filings_date": "2019-02-28", "url": "https://www.sec.gov/Archives/edgar/data/0001470099/000120919119014485/xslF345X03/doc4.xml"}, {"form_type": "4", "filings_date": "2019-02-25", "url": "https://www.sec.gov/Archives/edgar/data/0001470099/000120919119013135/xslF345X03/doc4.xml"}, {"form_type": "4", "filings_date": "2019-02-25", "url": "https://www.sec.gov/Archives/edgar/data/0001470099/000120919119013134/xslF345X03/doc4.xml"}, {"form_type": "4", "filings_date": "2019-02-25", "url": "https://www.sec.gov/Archives/edgar/data/0001470099/000120919119013133/xslF345X03/doc4.xml"}, {"form_type": "10-K", "filings_date": "2019-02-22", "url": "https://www.sec.gov/Archives/edgar/data/0001470099/000155837019000918/mobl-20181231x10k.htm"}, {"form_type": "4", "filings_date": "2019-02-21", "url": "https://www.sec.gov/Archives/edgar/data/0001470099/000120919119012239/xslF345X03/doc4.xml"}, {"form_type": "4", "filings_date": "2019-02-21", "url": "https://www.sec.gov/Archives/edgar/data/0001470099/000120919119012236/xslF345X03/doc4.xml"}, {"form_type": "4", "filings_date": "2019-02-21", "url": "https://www.sec.gov/Archives/edgar/data/0001470099/000120919119012233/xslF345X03/doc4.xml"}, {"form_type": "8-K", "filings_date": "2019-02-21", "url": "https://www.sec.gov/Archives/edgar/data/0001470099/000110465919009861/a19-5101_18k.htm"}, {"form_type": "SC 13G/A", "filings_date": "2019-02-14", "url": "https://www.sec.gov/Archives/edgar/data/0001470099/000119312519040061/d626905dsc13ga.htm"}, {"form_type": "SC 13G/A", "filings_date": "2019-02-13", "url": "https://www.sec.gov/Archives/edgar/data/0001470099/000114420419007127/tv513127_sc13ga.htm"}, {"form_type": "S-8", "filings_date": "2019-02-12", "url": "https://www.sec.gov/Archives/edgar/data/0001470099/000110465919007520/a19-4532_1s8.htm"}, {"form_type": "SC 13G", "filings_date": "2019-02-08", "url": "https://www.sec.gov/Archives/edgar/data/0001470099/000021545719006558/us60739u2042_020719.txt"}, {"form_type": "8-K", "filings_date": "2019-02-07", "url": "https://www.sec.gov/Archives/edgar/data/0001470099/000147009919000003/c099-20190207x8k.htm"}, {"form_type": "8-K", "filings_date": "2019-01-30", "url": "https://www.sec.gov/Archives/edgar/data/0001470099/000110465919004147/a19-3635_18k.htm"}, {"form_type": "SC 13G/A", "filings_date": "2019-01-29", "url": "https://www.sec.gov/Archives/edgar/data/0001470099/000119312519020085/d700337dsc13ga.htm"}, {"form_type": "4", "filings_date": "2019-01-28", "url": "https://www.sec.gov/Archives/edgar/data/0001470099/000120919119005536/xslF345X03/doc4.xml"}, {"form_type": "4", "filings_date": "2019-01-28", "url": "https://www.sec.gov/Archives/edgar/data/0001470099/000120919119005534/xslF345X03/doc4.xml"}, {"form_type": "4", "filings_date": "2019-01-28", "url": "https://www.sec.gov/Archives/edgar/data/0001470099/000120919119005531/xslF345X03/doc4.xml"}, {"form_type": "4", "filings_date": "2019-01-28", "url": "https://www.sec.gov/Archives/edgar/data/0001470099/000120919119005530/xslF345X03/doc4.xml"}, {"form_type": "4", "filings_date": "2018-12-12", "url": "https://www.sec.gov/Archives/edgar/data/0001470099/000120919118062178/xslF345X03/doc4.xml"}, {"form_type": "4", "filings_date": "2018-11-23", "url": "https://www.sec.gov/Archives/edgar/data/0001470099/000120919118059848/xslF345X03/doc4.xml"}, {"form_type": "4", "filings_date": "2018-11-23", "url": "https://www.sec.gov/Archives/edgar/data/0001470099/000120919118059847/xslF345X03/doc4.xml"}, {"form_type": "4", "filings_date": "2018-11-15", "url": "https://www.sec.gov/Archives/edgar/data/0001470099/000120919118058780/xslF345X03/doc4.xml"}, {"form_type": "10-Q", "filings_date": "2018-11-01", "url": "https://www.sec.gov/Archives/edgar/data/0001470099/000155837018008276/mobl-20180930x10q.htm"}, {"form_type": "8-K", "filings_date": "2018-10-30", "url": "https://www.sec.gov/Archives/edgar/data/0001470099/000147009918000023/c099-20181030x8k.htm"}, {"form_type": "4", "filings_date": "2018-08-24", "url": "https://www.sec.gov/Archives/edgar/data/0001470099/000120919118048414/xslF345X03/doc4.xml"}, {"form_type": "10-Q", "filings_date": "2018-08-02", "url": "https://www.sec.gov/Archives/edgar/data/0001470099/000155837018006245/mobl-20180630x10q.htm"}, {"form_type": "8-K", "filings_date": "2018-07-31", "url": "https://www.sec.gov/Archives/edgar/data/0001470099/000147009918000017/c099-20180731x8k.htm"}, {"form_type": "4", "filings_date": "2018-07-10", "url": "https://www.sec.gov/Archives/edgar/data/0001470099/000120919118042178/xslF345X03/doc4.xml"}, {"form_type": "3", "filings_date": "2018-07-10", "url": "https://www.sec.gov/Archives/edgar/data/0001470099/000120919118042176/xslF345X02/doc3.xml"}, {"form_type": "8-K", "filings_date": "2018-07-10", "url": "https://www.sec.gov/Archives/edgar/data/0001470099/000147009918000012/c099-20180710x8k.htm"}, {"form_type": "4", "filings_date": "2018-06-21", "url": "https://www.sec.gov/Archives/edgar/data/0001470099/000120919118038977/xslF345X03/doc4.xml"}, {"form_type": "4", "filings_date": "2018-06-21", "url": "https://www.sec.gov/Archives/edgar/data/0001470099/000120919118038958/xslF345X03/doc4.xml"}, {"form_type": "4", "filings_date": "2018-06-21", "url": "https://www.sec.gov/Archives/edgar/data/0001470099/000120919118038955/xslF345X03/doc4.xml"}, {"form_type": "4", "filings_date": "2018-06-21", "url": "https://www.sec.gov/Archives/edgar/data/0001470099/000120919118038953/xslF345X03/doc4.xml"}, {"form_type": "4", "filings_date": "2018-06-21", "url": "https://www.sec.gov/Archives/edgar/data/0001470099/000120919118038952/xslF345X03/doc4.xml"}, {"form_type": "4", "filings_date": "2018-06-21", "url": "https://www.sec.gov/Archives/edgar/data/0001470099/000120919118038951/xslF345X03/doc4.xml"}, {"form_type": "4", "filings_date": "2018-06-21", "url": "https://www.sec.gov/Archives/edgar/data/0001470099/000120919118038940/xslF345X03/doc4.xml"}, {"form_type": "8-K", "filings_date": "2018-06-21", "url": "https://www.sec.gov/Archives/edgar/data/0001470099/000147009918000009/c099-20180620x8k.htm"}, {"form_type": "4", "filings_date": "2018-05-29", "url": "https://www.sec.gov/Archives/edgar/data/0001470099/000120919118033834/xslF345X03/doc4.xml"}, {"form_type": "4", "filings_date": "2018-05-29", "url": "https://www.sec.gov/Archives/edgar/data/0001470099/000120919118033832/xslF345X03/doc4.xml"}, {"form_type": "4", "filings_date": "2018-05-10", "url": "https://www.sec.gov/Archives/edgar/data/0001470099/000089924318012437/xslF345X03/doc4.xml"}, {"form_type": "10-Q", "filings_date": "2018-05-04", "url": "https://www.sec.gov/Archives/edgar/data/0001470099/000155837018004035/mobl-20180331x10q.htm"}, {"form_type": "DEFA14A", "filings_date": "2018-04-27", "url": "https://www.sec.gov/Archives/edgar/data/0001470099/000110465918027340/a18-12153_2defa14a.htm"}, {"form_type": "DEF 14A", "filings_date": "2018-04-27", "url": "https://www.sec.gov/Archives/edgar/data/0001470099/000110465918027338/a18-12153_1def14a.htm"}, {"form_type": "8-K", "filings_date": "2018-04-26", "url": "https://www.sec.gov/Archives/edgar/data/0001470099/000147009918000007/c099-20180331x8k.htm"}, {"form_type": "8-K", "filings_date": "2018-04-25", "url": "https://www.sec.gov/Archives/edgar/data/0001470099/000110465918026658/a18-12184_18k.htm"}, {"form_type": "4", "filings_date": "2018-03-19", "url": "https://www.sec.gov/Archives/edgar/data/0001470099/000120919118020615/xslF345X03/doc4.xml"}, {"form_type": "3", "filings_date": "2018-03-19", "url": "https://www.sec.gov/Archives/edgar/data/0001470099/000120919118020599/xslF345X02/doc3.xml"}, {"form_type": "4", "filings_date": "2018-03-16", "url": "https://www.sec.gov/Archives/edgar/data/0001470099/000120919118020330/xslF345X03/doc4.xml"}, {"form_type": "8-K", "filings_date": "2018-03-16", "url": "https://www.sec.gov/Archives/edgar/data/0001470099/000110465918018360/a18-8492_18k.htm"}, {"form_type": "10-K", "filings_date": "2018-03-12", "url": "https://www.sec.gov/Archives/edgar/data/0001470099/000155837018001924/mobl-20171231x10k.htm"}, {"form_type": "4", "filings_date": "2018-03-12", "url": "https://www.sec.gov/Archives/edgar/data/0001470099/000089924318007091/xslF345X03/doc4.xml"}, {"form_type": "4", "filings_date": "2018-03-07", "url": "https://www.sec.gov/Archives/edgar/data/0001470099/000089924318006758/xslF345X03/doc4.xml"}, {"form_type": "4", "filings_date": "2018-03-02", "url": "https://www.sec.gov/Archives/edgar/data/0001470099/000089924318006267/xslF345X03/doc4.xml"}, {"form_type": "4", "filings_date": "2018-03-01", "url": "https://www.sec.gov/Archives/edgar/data/0001470099/000120919118015059/xslF345X03/doc4.xml"}, {"form_type": "4", "filings_date": "2018-02-27", "url": "https://www.sec.gov/Archives/edgar/data/0001470099/000089924318005729/xslF345X03/doc4.xml"}, {"form_type": "4", "filings_date": "2018-02-26", "url": "https://www.sec.gov/Archives/edgar/data/0001470099/000120919118013700/xslF345X03/doc4.xml"}, {"form_type": "4", "filings_date": "2018-02-26", "url": "https://www.sec.gov/Archives/edgar/data/0001470099/000120919118013699/xslF345X03/doc4.xml"}, {"form_type": "4", "filings_date": "2018-02-26", "url": "https://www.sec.gov/Archives/edgar/data/0001470099/000120919118013697/xslF345X03/doc4.xml"}, {"form_type": "8-K", "filings_date": "2018-02-26", "url": "https://www.sec.gov/Archives/edgar/data/0001470099/000147009918000005/c099-20180223x8k.htm"}, {"form_type": "4", "filings_date": "2018-02-22", "url": "https://www.sec.gov/Archives/edgar/data/0001470099/000089924318005212/xslF345X03/doc4.xml"}, {"form_type": "4", "filings_date": "2018-02-22", "url": "https://www.sec.gov/Archives/edgar/data/0001470099/000120919118012315/xslF345X03/doc4.xml"}, {"form_type": "SC 13G/A", "filings_date": "2018-02-14", "url": "https://www.sec.gov/Archives/edgar/data/0001470099/000114420418009076/tv485595_sc13ga.htm"}, {"form_type": "SC 13G/A", "filings_date": "2018-02-14", "url": "https://www.sec.gov/Archives/edgar/data/0001470099/000119312518044656/d389883dsc13ga.htm"}, {"form_type": "8-K", "filings_date": "2018-02-08", "url": "https://www.sec.gov/Archives/edgar/data/0001470099/000147009918000003/c099-20180208x8k.htm"}, {"form_type": "S-8", "filings_date": "2018-01-26", "url": "https://www.sec.gov/Archives/edgar/data/0001470099/000119312518021595/d530179ds8.htm"}, {"form_type": "SC 13G/A", "filings_date": "2018-01-18", "url": "https://www.sec.gov/Archives/edgar/data/0001470099/000119312518013260/d463769dsc13ga.htm"}, {"form_type": "4", "filings_date": "2017-11-27", "url": "https://www.sec.gov/Archives/edgar/data/0001470099/000120919117062642/xslF345X03/doc4.xml"}, {"form_type": "4", "filings_date": "2017-11-27", "url": "https://www.sec.gov/Archives/edgar/data/0001470099/000120919117062641/xslF345X03/doc4.xml"}, {"form_type": "4", "filings_date": "2017-11-27", "url": "https://www.sec.gov/Archives/edgar/data/0001470099/000120919117062640/xslF345X03/doc4.xml"}, {"form_type": "4", "filings_date": "2017-11-22", "url": "https://www.sec.gov/Archives/edgar/data/0001470099/000120919117062376/xslF345X03/doc4.xml"}, {"form_type": "10-Q", "filings_date": "2017-11-03", "url": "https://www.sec.gov/Archives/edgar/data/0001470099/000155837017008129/mobl-20170930x10q.htm"}, {"form_type": "4", "filings_date": "2017-11-02", "url": "https://www.sec.gov/Archives/edgar/data/0001470099/000120919117058881/xslF345X03/doc4.xml"}, {"form_type": "3", "filings_date": "2017-11-02", "url": "https://www.sec.gov/Archives/edgar/data/0001470099/000120919117058877/xslF345X02/doc3.xml"}, {"form_type": "4", "filings_date": "2017-11-02", "url": "https://www.sec.gov/Archives/edgar/data/0001470099/000120919117058873/xslF345X03/doc4.xml"}, {"form_type": "4", "filings_date": "2017-11-02", "url": "https://www.sec.gov/Archives/edgar/data/0001470099/000120919117058874/xslF345X03/doc4.xml"}, {"form_type": "SC 13D/A", "filings_date": "2017-10-31", "url": "https://www.sec.gov/Archives/edgar/data/0001470099/000090266417004122/p17-2120sc13da.htm"}, {"form_type": "8-K", "filings_date": "2017-10-31", "url": "https://www.sec.gov/Archives/edgar/data/0001470099/000147009917000032/c099-20171031x8k.htm"}, {"form_type": "3", "filings_date": "2017-10-19", "url": "https://www.sec.gov/Archives/edgar/data/0001470099/000120919117057501/xslF345X02/doc3.xml"}, {"form_type": "8-K", "filings_date": "2017-10-17", "url": "https://www.sec.gov/Archives/edgar/data/0001470099/000147009917000029/c099-20171017x8k.htm"}, {"form_type": "SC 13D", "filings_date": "2017-10-04", "url": "https://www.sec.gov/Archives/edgar/data/0001470099/000090266417003905/p17-2020sc13d.htm"}, {"form_type": "4", "filings_date": "2017-09-08", "url": "https://www.sec.gov/Archives/edgar/data/0001470099/000120919117052156/xslF345X03/doc4.xml"}, {"form_type": "4", "filings_date": "2017-08-28", "url": "https://www.sec.gov/Archives/edgar/data/0001470099/000120919117050385/xslF345X03/doc4.xml"}, {"form_type": "4", "filings_date": "2017-08-28", "url": "https://www.sec.gov/Archives/edgar/data/0001470099/000120919117050382/xslF345X03/doc4.xml"}, {"form_type": "4", "filings_date": "2017-08-28", "url": "https://www.sec.gov/Archives/edgar/data/0001470099/000120919117050380/xslF345X03/doc4.xml"}, {"form_type": "10-Q", "filings_date": "2017-08-01", "url": "https://www.sec.gov/Archives/edgar/data/0001470099/000147009917000026/c099-20170630x10q.htm"}, {"form_type": "S-8", "filings_date": "2017-08-01", "url": "https://www.sec.gov/Archives/edgar/data/0001470099/000155837017005618/s-8.htm"}, {"form_type": "4/A", "filings_date": "2017-07-31", "url": "https://www.sec.gov/Archives/edgar/data/0001470099/000120919117046791/xslF345X03/doc4a.xml"}, {"form_type": "8-K", "filings_date": "2017-07-27", "url": "https://www.sec.gov/Archives/edgar/data/0001470099/000147009917000024/c099-20170727x8k.htm"}, {"form_type": "4", "filings_date": "2017-06-23", "url": "https://www.sec.gov/Archives/edgar/data/0001470099/000120919117041786/xslF345X03/doc4.xml"}, {"form_type": "4", "filings_date": "2017-06-23", "url": "https://www.sec.gov/Archives/edgar/data/0001470099/000120919117041785/xslF345X03/doc4.xml"}, {"form_type": "4", "filings_date": "2017-06-21", "url": "https://www.sec.gov/Archives/edgar/data/0001470099/000120919117041196/xslF345X03/doc4.xml"}, {"form_type": "4", "filings_date": "2017-06-16", "url": "https://www.sec.gov/Archives/edgar/data/0001470099/000120919117040651/xslF345X03/doc4.xml"}, {"form_type": "4", "filings_date": "2017-06-16", "url": "https://www.sec.gov/Archives/edgar/data/0001470099/000120919117040534/xslF345X03/doc4.xml"}, {"form_type": "4", "filings_date": "2017-06-16", "url": "https://www.sec.gov/Archives/edgar/data/0001470099/000120919117040532/xslF345X03/doc4.xml"}, {"form_type": "4", "filings_date": "2017-06-16", "url": "https://www.sec.gov/Archives/edgar/data/0001470099/000120919117040530/xslF345X03/doc4.xml"}, {"form_type": "4", "filings_date": "2017-06-16", "url": "https://www.sec.gov/Archives/edgar/data/0001470099/000120919117040526/xslF345X03/doc4.xml"}, {"form_type": "4", "filings_date": "2017-06-16", "url": "https://www.sec.gov/Archives/edgar/data/0001470099/000120919117040523/xslF345X03/doc4.xml"}, {"form_type": "4", "filings_date": "2017-06-16", "url": "https://www.sec.gov/Archives/edgar/data/0001470099/000120919117040460/xslF345X03/doc4.xml"}, {"form_type": "8-K", "filings_date": "2017-06-15", "url": "https://www.sec.gov/Archives/edgar/data/0001470099/000147009917000019/c099-20170615x8k.htm"}, {"form_type": "4", "filings_date": "2017-06-13", "url": "https://www.sec.gov/Archives/edgar/data/0001470099/000120919117039734/xslF345X03/doc4.xml"}, {"form_type": "4", "filings_date": "2017-06-01", "url": "https://www.sec.gov/Archives/edgar/data/0001470099/000120919117036962/xslF345X03/doc4.xml"}, {"form_type": "4", "filings_date": "2017-06-01", "url": "https://www.sec.gov/Archives/edgar/data/0001470099/000089924317014995/xslF345X03/doc4.xml"}, {"form_type": "4", "filings_date": "2017-05-26", "url": "https://www.sec.gov/Archives/edgar/data/0001470099/000120919117035991/xslF345X03/doc4.xml"}, {"form_type": "4", "filings_date": "2017-05-26", "url": "https://www.sec.gov/Archives/edgar/data/0001470099/000120919117035989/xslF345X03/doc4.xml"}, {"form_type": "4", "filings_date": "2017-05-26", "url": "https://www.sec.gov/Archives/edgar/data/0001470099/000120919117035988/xslF345X03/doc4.xml"}, {"form_type": "4", "filings_date": "2017-05-26", "url": "https://www.sec.gov/Archives/edgar/data/0001470099/000120919117035986/xslF345X03/doc4.xml"}, {"form_type": "4", "filings_date": "2017-05-26", "url": "https://www.sec.gov/Archives/edgar/data/0001470099/000089924317014522/xslF345X03/doc4.xml"}, {"form_type": "4", "filings_date": "2017-05-26", "url": "https://www.sec.gov/Archives/edgar/data/0001470099/000089924317014521/xslF345X03/doc4.xml"}, {"form_type": "4", "filings_date": "2017-05-11", "url": "https://www.sec.gov/Archives/edgar/data/0001470099/000120919117031615/xslF345X03/doc4.xml"}, {"form_type": "4", "filings_date": "2017-05-11", "url": "https://www.sec.gov/Archives/edgar/data/0001470099/000120919117031613/xslF345X03/doc4.xml"}, {"form_type": "4", "filings_date": "2017-05-09", "url": "https://www.sec.gov/Archives/edgar/data/0001470099/000089924317012519/xslF345X03/doc4.xml"}, {"form_type": "4", "filings_date": "2017-05-09", "url": "https://www.sec.gov/Archives/edgar/data/0001470099/000089924317012517/xslF345X03/doc4.xml"}, {"form_type": "10-Q", "filings_date": "2017-05-02", "url": "https://www.sec.gov/Archives/edgar/data/0001470099/000155837017003274/mobl-20170331x10q.htm"}, {"form_type": "DEF 14A", "filings_date": "2017-04-28", "url": "https://www.sec.gov/Archives/edgar/data/0001470099/000155837017003020/def14a.htm"}, {"form_type": "8-K", "filings_date": "2017-04-27", "url": "https://www.sec.gov/Archives/edgar/data/0001470099/000147009917000015/c099-20170427x8k.htm"}, {"form_type": "8-K", "filings_date": "2017-04-25", "url": "https://www.sec.gov/Archives/edgar/data/0001470099/000147009917000012/c099-20170425x8k.htm"}, {"form_type": "8-K", "filings_date": "2017-03-14", "url": "https://www.sec.gov/Archives/edgar/data/0001470099/000147009917000008/c099-20170314x8k.htm"}, {"form_type": "4", "filings_date": "2017-03-10", "url": "https://www.sec.gov/Archives/edgar/data/0001470099/000120919117019912/xslF345X03/doc4.xml"}, {"form_type": "3", "filings_date": "2017-03-10", "url": "https://www.sec.gov/Archives/edgar/data/0001470099/000120919117019910/xslF345X02/doc3.xml"}, {"form_type": "CT ORDER", "filings_date": "2017-03-07", "url": "https://www.sec.gov/Archives/edgar/data/0001470099/999999999717001649/filename1.pdf"}, {"form_type": "8-K", "filings_date": "2017-03-03", "url": "https://www.sec.gov/Archives/edgar/data/0001470099/000147009917000005/c099-20170302x8k.htm"}, {"form_type": "4", "filings_date": "2017-03-01", "url": "https://www.sec.gov/Archives/edgar/data/0001470099/000120919117016173/xslF345X03/doc4.xml"}, {"form_type": "4", "filings_date": "2017-03-01", "url": "https://www.sec.gov/Archives/edgar/data/0001470099/000120919117016097/xslF345X03/doc4.xml"}, {"form_type": "4", "filings_date": "2017-02-28", "url": "https://www.sec.gov/Archives/edgar/data/0001470099/000120919117015550/xslF345X03/doc4.xml"}, {"form_type": "4", "filings_date": "2017-02-28", "url": "https://www.sec.gov/Archives/edgar/data/0001470099/000120919117015549/xslF345X03/doc4.xml"}, {"form_type": "4", "filings_date": "2017-02-28", "url": "https://www.sec.gov/Archives/edgar/data/0001470099/000120919117015548/xslF345X03/doc4.xml"}, {"form_type": "S-8", "filings_date": "2017-02-14", "url": "https://www.sec.gov/Archives/edgar/data/0001470099/000155837017000596/mobl-20170214xs8.htm"}, {"form_type": "10-K", "filings_date": "2017-02-14", "url": "https://www.sec.gov/Archives/edgar/data/0001470099/000155837017000593/mobl-20161231x10k.htm"}, {"form_type": "SC 13G/A", "filings_date": "2017-02-14", "url": "https://www.sec.gov/Archives/edgar/data/0001470099/000119312517043144/d349807dsc13ga.htm"}, {"form_type": "SC 13G/A", "filings_date": "2017-02-14", "url": "https://www.sec.gov/Archives/edgar/data/0001470099/000114420417008194/v459012_sc13ga.htm"}, {"form_type": "4", "filings_date": "2017-02-10", "url": "https://www.sec.gov/Archives/edgar/data/0001470099/000120919117009788/xslF345X03/doc4.xml"}, {"form_type": "8-K", "filings_date": "2017-02-07", "url": "https://www.sec.gov/Archives/edgar/data/0001470099/000155837017000372/mobl-20170207x8k.htm"}, {"form_type": "8-K", "filings_date": "2017-02-06", "url": "https://www.sec.gov/Archives/edgar/data/0001470099/000155837017000349/mobl-20170131x8k.htm"}, {"form_type": "4", "filings_date": "2017-02-02", "url": "https://www.sec.gov/Archives/edgar/data/0001470099/000120919117007324/xslF345X03/doc4.xml"}, {"form_type": "4", "filings_date": "2017-02-02", "url": "https://www.sec.gov/Archives/edgar/data/0001470099/000120919117007322/xslF345X03/doc4.xml"}, {"form_type": "4", "filings_date": "2017-02-02", "url": "https://www.sec.gov/Archives/edgar/data/0001470099/000120919117007321/xslF345X03/doc4.xml"}, {"form_type": "4", "filings_date": "2017-02-02", "url": "https://www.sec.gov/Archives/edgar/data/0001470099/000120919117007320/xslF345X03/doc4.xml"}, {"form_type": "8-K", "filings_date": "2017-01-10", "url": "https://www.sec.gov/Archives/edgar/data/0001470099/000147009917000002/c099-20161231x8k.htm"}]}