{"company": {"cik": "0001118417", "name": "MODEL N, INC.", "sic": "Services-Computer Programming, Data Processing, Etc.", "state_incorp": "DE", "ticker": "MODN", "mailing_addr": "777 MARINERS ISLAND BOULEVARD, SAN MATEO, CA, 94404", "category": "Large accelerated filer", "fiscal_year_end": "30, September"}, "filings": [{"form_type": "4", "filings_date": "2022-02-23", "url": "https://www.sec.gov/Archives/edgar/data/0001118417/000111841722000057/xslF345X03/wf-form4_164565249284531.xml"}, {"form_type": "4", "filings_date": "2022-02-23", "url": "https://www.sec.gov/Archives/edgar/data/0001118417/000111841722000056/xslF345X03/wf-form4_164565248196637.xml"}, {"form_type": "4", "filings_date": "2022-02-23", "url": "https://www.sec.gov/Archives/edgar/data/0001118417/000111841722000055/xslF345X03/wf-form4_164565247011287.xml"}, {"form_type": "4", "filings_date": "2022-02-23", "url": "https://www.sec.gov/Archives/edgar/data/0001118417/000111841722000054/xslF345X03/wf-form4_164565245716559.xml"}, {"form_type": "8-K", "filings_date": "2022-02-23", "url": "https://www.sec.gov/Archives/edgar/data/0001118417/000111841722000049/modn-20220218.htm"}, {"form_type": "4", "filings_date": "2022-02-18", "url": "https://www.sec.gov/Archives/edgar/data/0001118417/000111841722000047/xslF345X03/wf-form4_164523704604296.xml"}, {"form_type": "4", "filings_date": "2022-02-18", "url": "https://www.sec.gov/Archives/edgar/data/0001118417/000111841722000046/xslF345X03/wf-form4_164523697519867.xml"}, {"form_type": "4", "filings_date": "2022-02-18", "url": "https://www.sec.gov/Archives/edgar/data/0001118417/000111841722000045/xslF345X03/wf-form4_164523694021768.xml"}, {"form_type": "4", "filings_date": "2022-02-18", "url": "https://www.sec.gov/Archives/edgar/data/0001118417/000111841722000044/xslF345X03/wf-form4_164523686596528.xml"}, {"form_type": "4", "filings_date": "2022-02-18", "url": "https://www.sec.gov/Archives/edgar/data/0001118417/000111841722000043/xslF345X03/wf-form4_164523682844288.xml"}, {"form_type": "4", "filings_date": "2022-02-18", "url": "https://www.sec.gov/Archives/edgar/data/0001118417/000111841722000042/xslF345X03/wf-form4_164523677860926.xml"}, {"form_type": "4", "filings_date": "2022-02-18", "url": "https://www.sec.gov/Archives/edgar/data/0001118417/000111841722000041/xslF345X03/wf-form4_164523670473067.xml"}, {"form_type": "4", "filings_date": "2022-02-18", "url": "https://www.sec.gov/Archives/edgar/data/0001118417/000111841722000040/xslF345X03/wf-form4_164523665634592.xml"}, {"form_type": "4", "filings_date": "2022-02-18", "url": "https://www.sec.gov/Archives/edgar/data/0001118417/000111841722000031/xslF345X03/wf-form4_164523602850170.xml"}, {"form_type": "4", "filings_date": "2022-02-18", "url": "https://www.sec.gov/Archives/edgar/data/0001118417/000111841722000030/xslF345X03/wf-form4_164523562512933.xml"}, {"form_type": "4", "filings_date": "2022-02-18", "url": "https://www.sec.gov/Archives/edgar/data/0001118417/000111841722000029/xslF345X03/wf-form4_164523557029793.xml"}, {"form_type": "4", "filings_date": "2022-02-18", "url": "https://www.sec.gov/Archives/edgar/data/0001118417/000111841722000028/xslF345X03/wf-form4_164523550152896.xml"}, {"form_type": "4", "filings_date": "2022-02-18", "url": "https://www.sec.gov/Archives/edgar/data/0001118417/000111841722000027/xslF345X03/wf-form4_164523545190147.xml"}, {"form_type": "4", "filings_date": "2022-02-18", "url": "https://www.sec.gov/Archives/edgar/data/0001118417/000111841722000026/xslF345X03/wf-form4_164523536653086.xml"}, {"form_type": "4", "filings_date": "2022-02-18", "url": "https://www.sec.gov/Archives/edgar/data/0001118417/000111841722000025/xslF345X03/wf-form4_164523528481566.xml"}, {"form_type": "SC 13G/A", "filings_date": "2022-02-14", "url": "https://www.sec.gov/Archives/edgar/data/0001118417/000138713122001926/modn-sc13ga_123121.htm"}, {"form_type": "SC 13G/A", "filings_date": "2022-02-14", "url": "https://www.sec.gov/Archives/edgar/data/0001118417/000156761922003956/doc1.htm"}, {"form_type": "SC 13G", "filings_date": "2022-02-10", "url": "https://www.sec.gov/Archives/edgar/data/0001118417/000134888322000026/mode21in1.htm"}, {"form_type": "SC 13G/A", "filings_date": "2022-02-10", "url": "https://www.sec.gov/Archives/edgar/data/0001118417/000110465922018109/tv01445-modelninc.htm"}, {"form_type": "10-Q", "filings_date": "2022-02-09", "url": "https://www.sec.gov/Archives/edgar/data/0001118417/000111841722000017/modn-20211231.htm"}, {"form_type": "8-K", "filings_date": "2022-02-08", "url": "https://www.sec.gov/Archives/edgar/data/0001118417/000111841722000015/modn-20220208.htm"}, {"form_type": "SC 13G/A", "filings_date": "2022-02-04", "url": "https://www.sec.gov/Archives/edgar/data/0001118417/000119312522027590/d264010dsc13ga.txt"}, {"form_type": "SC 13G/A", "filings_date": "2022-02-03", "url": "https://www.sec.gov/Archives/edgar/data/0001118417/000083423722005321/us6075251024_020222.txt"}, {"form_type": "SC 13G/A", "filings_date": "2022-01-10", "url": "https://www.sec.gov/Archives/edgar/data/0001118417/000108514622000063/modna2_11022.htm"}, {"form_type": "DEFA14A", "filings_date": "2022-01-07", "url": "https://www.sec.gov/Archives/edgar/data/0001118417/000111841722000007/modndefa14aproxynoticecard.htm"}, {"form_type": "DEF 14A", "filings_date": "2022-01-07", "url": "https://www.sec.gov/Archives/edgar/data/0001118417/000111841722000006/modndef14a2022annualmeetin.htm"}, {"form_type": "4", "filings_date": "2022-01-04", "url": "https://www.sec.gov/Archives/edgar/data/0001118417/000111841722000002/xslF345X03/wf-form4_164134899085796.xml"}, {"form_type": "10-K", "filings_date": "2021-11-19", "url": "https://www.sec.gov/Archives/edgar/data/0001118417/000111841721000166/modn-20210930.htm"}, {"form_type": "4", "filings_date": "2021-11-17", "url": "https://www.sec.gov/Archives/edgar/data/0001118417/000111841721000164/xslF345X03/wf-form4_163719973246537.xml"}, {"form_type": "4", "filings_date": "2021-11-17", "url": "https://www.sec.gov/Archives/edgar/data/0001118417/000111841721000163/xslF345X03/wf-form4_163719969790123.xml"}, {"form_type": "4", "filings_date": "2021-11-17", "url": "https://www.sec.gov/Archives/edgar/data/0001118417/000111841721000162/xslF345X03/wf-form4_163719967050313.xml"}, {"form_type": "4", "filings_date": "2021-11-17", "url": "https://www.sec.gov/Archives/edgar/data/0001118417/000111841721000161/xslF345X03/wf-form4_163719964246736.xml"}, {"form_type": "4", "filings_date": "2021-11-17", "url": "https://www.sec.gov/Archives/edgar/data/0001118417/000111841721000160/xslF345X03/wf-form4_163719960345926.xml"}, {"form_type": "4", "filings_date": "2021-11-17", "url": "https://www.sec.gov/Archives/edgar/data/0001118417/000111841721000159/xslF345X03/wf-form4_163719957566265.xml"}, {"form_type": "4", "filings_date": "2021-11-17", "url": "https://www.sec.gov/Archives/edgar/data/0001118417/000111841721000158/xslF345X03/wf-form4_163719954071359.xml"}, {"form_type": "3", "filings_date": "2021-11-10", "url": "https://www.sec.gov/Archives/edgar/data/0001118417/000189181021000009/xslF345X02/wf-form3_163659599930570.xml"}, {"form_type": "8-K", "filings_date": "2021-11-09", "url": "https://www.sec.gov/Archives/edgar/data/0001118417/000111841721000150/modn-20211109.htm"}, {"form_type": "8-K", "filings_date": "2021-10-14", "url": "https://www.sec.gov/Archives/edgar/data/0001118417/000111841721000148/modn-20211012.htm"}, {"form_type": "4", "filings_date": "2021-10-01", "url": "https://www.sec.gov/Archives/edgar/data/0001118417/000111841721000145/xslF345X03/wf-form4_163313227960583.xml"}, {"form_type": "4", "filings_date": "2021-08-30", "url": "https://www.sec.gov/Archives/edgar/data/0001118417/000111841721000143/xslF345X03/wf-form4_163036738395590.xml"}, {"form_type": "4", "filings_date": "2021-08-26", "url": "https://www.sec.gov/Archives/edgar/data/0001118417/000111841721000141/xslF345X03/wf-form4_163002053240836.xml"}, {"form_type": "4", "filings_date": "2021-08-20", "url": "https://www.sec.gov/Archives/edgar/data/0001118417/000111841721000139/xslF345X03/wf-form4_162950215518796.xml"}, {"form_type": "4", "filings_date": "2021-08-20", "url": "https://www.sec.gov/Archives/edgar/data/0001118417/000111841721000138/xslF345X03/wf-form4_162950204797770.xml"}, {"form_type": "4", "filings_date": "2021-08-20", "url": "https://www.sec.gov/Archives/edgar/data/0001118417/000111841721000137/xslF345X03/wf-form4_162950198883849.xml"}, {"form_type": "4", "filings_date": "2021-08-18", "url": "https://www.sec.gov/Archives/edgar/data/0001118417/000111841721000133/xslF345X03/wf-form4_162933068658723.xml"}, {"form_type": "4", "filings_date": "2021-08-18", "url": "https://www.sec.gov/Archives/edgar/data/0001118417/000111841721000131/xslF345X03/wf-form4_162933053105288.xml"}, {"form_type": "4", "filings_date": "2021-08-18", "url": "https://www.sec.gov/Archives/edgar/data/0001118417/000111841721000129/xslF345X03/wf-form4_162933033896546.xml"}, {"form_type": "4", "filings_date": "2021-08-18", "url": "https://www.sec.gov/Archives/edgar/data/0001118417/000111841721000127/xslF345X03/wf-form4_162933021270862.xml"}, {"form_type": "4", "filings_date": "2021-08-18", "url": "https://www.sec.gov/Archives/edgar/data/0001118417/000111841721000125/xslF345X03/wf-form4_162933007777932.xml"}, {"form_type": "4", "filings_date": "2021-08-18", "url": "https://www.sec.gov/Archives/edgar/data/0001118417/000111841721000123/xslF345X03/wf-form4_162932373726733.xml"}, {"form_type": "10-Q", "filings_date": "2021-08-09", "url": "https://www.sec.gov/Archives/edgar/data/0001118417/000111841721000121/modn-20210630.htm"}, {"form_type": "8-K", "filings_date": "2021-08-09", "url": "https://www.sec.gov/Archives/edgar/data/0001118417/000111841721000120/modn-20210809.htm"}, {"form_type": "4", "filings_date": "2021-07-01", "url": "https://www.sec.gov/Archives/edgar/data/0001118417/000111841721000114/xslF345X03/wf-form4_162517810323191.xml"}, {"form_type": "4", "filings_date": "2021-05-19", "url": "https://www.sec.gov/Archives/edgar/data/0001118417/000111841721000112/xslF345X03/wf-form4_162146748354948.xml"}, {"form_type": "4", "filings_date": "2021-05-19", "url": "https://www.sec.gov/Archives/edgar/data/0001118417/000111841721000110/xslF345X03/wf-form4_162146734233226.xml"}, {"form_type": "4", "filings_date": "2021-05-19", "url": "https://www.sec.gov/Archives/edgar/data/0001118417/000111841721000108/xslF345X03/wf-form4_162146720173721.xml"}, {"form_type": "4", "filings_date": "2021-05-19", "url": "https://www.sec.gov/Archives/edgar/data/0001118417/000111841721000106/xslF345X03/wf-form4_162146706101737.xml"}, {"form_type": "4", "filings_date": "2021-05-19", "url": "https://www.sec.gov/Archives/edgar/data/0001118417/000111841721000104/xslF345X03/wf-form4_162146682122154.xml"}, {"form_type": "4", "filings_date": "2021-05-19", "url": "https://www.sec.gov/Archives/edgar/data/0001118417/000111841721000102/xslF345X03/wf-form4_162146660589761.xml"}, {"form_type": "10-Q", "filings_date": "2021-05-10", "url": "https://www.sec.gov/Archives/edgar/data/0001118417/000111841721000100/modn-20210331.htm"}, {"form_type": "8-K", "filings_date": "2021-05-10", "url": "https://www.sec.gov/Archives/edgar/data/0001118417/000111841721000099/modn-20210510.htm"}, {"form_type": "4", "filings_date": "2021-05-05", "url": "https://www.sec.gov/Archives/edgar/data/0001118417/000111841721000095/xslF345X03/wf-form4_162025569368423.xml"}, {"form_type": "SC 13G/A", "filings_date": "2021-04-09", "url": "https://www.sec.gov/Archives/edgar/data/0001118417/000119312521111631/d129065dsc13ga.htm"}, {"form_type": "4", "filings_date": "2021-03-11", "url": "https://www.sec.gov/Archives/edgar/data/0001118417/000111841721000093/xslF345X03/wf-form4_161550727413391.xml"}, {"form_type": "S-8", "filings_date": "2021-03-04", "url": "https://www.sec.gov/Archives/edgar/data/0001118417/000111841721000091/modn-s8_030421.htm"}, {"form_type": "S-8 POS", "filings_date": "2021-03-04", "url": "https://www.sec.gov/Archives/edgar/data/0001118417/000111841721000088/modn-s8pos_03042021.htm"}, {"form_type": "S-8 POS", "filings_date": "2021-03-04", "url": "https://www.sec.gov/Archives/edgar/data/0001118417/000111841721000087/modn-s8pos_03042021.htm"}, {"form_type": "S-8 POS", "filings_date": "2021-03-04", "url": "https://www.sec.gov/Archives/edgar/data/0001118417/000111841721000086/modn-s8pos_03042021.htm"}, {"form_type": "S-8 POS", "filings_date": "2021-03-04", "url": "https://www.sec.gov/Archives/edgar/data/0001118417/000111841721000085/modn-s8pos_03042021.htm"}, {"form_type": "S-8 POS", "filings_date": "2021-03-04", "url": "https://www.sec.gov/Archives/edgar/data/0001118417/000111841721000084/modn-s8pos_03042021.htm"}, {"form_type": "S-8 POS", "filings_date": "2021-03-04", "url": "https://www.sec.gov/Archives/edgar/data/0001118417/000111841721000083/modn-s8pos_03042021.htm"}, {"form_type": "S-8 POS", "filings_date": "2021-03-04", "url": "https://www.sec.gov/Archives/edgar/data/0001118417/000111841721000082/modn-s8pos_03042021.htm"}, {"form_type": "S-8 POS", "filings_date": "2021-03-04", "url": "https://www.sec.gov/Archives/edgar/data/0001118417/000111841721000081/modn-s8pos_03042021.htm"}, {"form_type": "S-8 POS", "filings_date": "2021-03-04", "url": "https://www.sec.gov/Archives/edgar/data/0001118417/000111841721000080/modn-s8pos_03042021.htm"}, {"form_type": "S-8 POS", "filings_date": "2021-03-04", "url": "https://www.sec.gov/Archives/edgar/data/0001118417/000111841721000079/modn-s8pos_03042021.htm"}, {"form_type": "8-K", "filings_date": "2021-02-25", "url": "https://www.sec.gov/Archives/edgar/data/0001118417/000111841721000066/modn-20210219.htm"}, {"form_type": "4", "filings_date": "2021-02-19", "url": "https://www.sec.gov/Archives/edgar/data/0001118417/000111841721000064/xslF345X03/wf-form4_161378396772757.xml"}, {"form_type": "4", "filings_date": "2021-02-19", "url": "https://www.sec.gov/Archives/edgar/data/0001118417/000111841721000062/xslF345X03/wf-form4_161378386133484.xml"}, {"form_type": "4", "filings_date": "2021-02-19", "url": "https://www.sec.gov/Archives/edgar/data/0001118417/000111841721000060/xslF345X03/wf-form4_161378374641195.xml"}, {"form_type": "4", "filings_date": "2021-02-19", "url": "https://www.sec.gov/Archives/edgar/data/0001118417/000111841721000058/xslF345X03/wf-form4_161378361098550.xml"}, {"form_type": "4", "filings_date": "2021-02-19", "url": "https://www.sec.gov/Archives/edgar/data/0001118417/000111841721000056/xslF345X03/wf-form4_161378349537536.xml"}, {"form_type": "4", "filings_date": "2021-02-19", "url": "https://www.sec.gov/Archives/edgar/data/0001118417/000111841721000054/xslF345X03/wf-form4_161378336236184.xml"}, {"form_type": "4", "filings_date": "2021-02-19", "url": "https://www.sec.gov/Archives/edgar/data/0001118417/000111841721000052/xslF345X03/wf-form4_161378319380194.xml"}, {"form_type": "4", "filings_date": "2021-02-19", "url": "https://www.sec.gov/Archives/edgar/data/0001118417/000111841721000050/xslF345X03/wf-form4_161378306437981.xml"}, {"form_type": "4", "filings_date": "2021-02-19", "url": "https://www.sec.gov/Archives/edgar/data/0001118417/000111841721000048/xslF345X03/wf-form4_161378295747081.xml"}, {"form_type": "4", "filings_date": "2021-02-19", "url": "https://www.sec.gov/Archives/edgar/data/0001118417/000111841721000046/xslF345X03/wf-form4_161378269315511.xml"}, {"form_type": "4", "filings_date": "2021-02-19", "url": "https://www.sec.gov/Archives/edgar/data/0001118417/000111841721000044/xslF345X03/wf-form4_161378258288577.xml"}, {"form_type": "4", "filings_date": "2021-02-19", "url": "https://www.sec.gov/Archives/edgar/data/0001118417/000111841721000042/xslF345X03/wf-form4_161378228612540.xml"}, {"form_type": "4", "filings_date": "2021-02-17", "url": "https://www.sec.gov/Archives/edgar/data/0001118417/000111841721000040/xslF345X03/wf-form4_161361382418643.xml"}, {"form_type": "4", "filings_date": "2021-02-17", "url": "https://www.sec.gov/Archives/edgar/data/0001118417/000111841721000039/xslF345X03/wf-form4_161361370312524.xml"}, {"form_type": "4", "filings_date": "2021-02-17", "url": "https://www.sec.gov/Archives/edgar/data/0001118417/000111841721000038/xslF345X03/wf-form4_161361358688724.xml"}, {"form_type": "4", "filings_date": "2021-02-17", "url": "https://www.sec.gov/Archives/edgar/data/0001118417/000111841721000037/xslF345X03/wf-form4_161361347236730.xml"}, {"form_type": "4", "filings_date": "2021-02-17", "url": "https://www.sec.gov/Archives/edgar/data/0001118417/000111841721000036/xslF345X03/wf-form4_161361341475809.xml"}, {"form_type": "4", "filings_date": "2021-02-17", "url": "https://www.sec.gov/Archives/edgar/data/0001118417/000111841721000035/xslF345X03/wf-form4_161361334351125.xml"}, {"form_type": "SC 13G", "filings_date": "2021-02-16", "url": "https://www.sec.gov/Archives/edgar/data/0001118417/000119312521045075/d113501dsc13g.htm"}, {"form_type": "4", "filings_date": "2021-02-11", "url": "https://www.sec.gov/Archives/edgar/data/0001118417/000111841721000028/xslF345X03/wf-form4_161308280197312.xml"}, {"form_type": "SC 13G", "filings_date": "2021-02-11", "url": "https://www.sec.gov/Archives/edgar/data/0001118417/000156761921003067/doc1.htm"}, {"form_type": "SC 13G/A", "filings_date": "2021-02-11", "url": "https://www.sec.gov/Archives/edgar/data/0001118417/000108514621000636/modna1_21121.htm"}, {"form_type": "SC 13G/A", "filings_date": "2021-02-11", "url": "https://www.sec.gov/Archives/edgar/data/0001118417/000103738921000119/modn-13g_20201231.txt"}, {"form_type": "SC 13G", "filings_date": "2021-02-10", "url": "https://www.sec.gov/Archives/edgar/data/0001118417/000110465921018646/tv01406-modelninc.htm"}, {"form_type": "SC 13G", "filings_date": "2021-02-10", "url": "https://www.sec.gov/Archives/edgar/data/0001118417/000119312521035236/d51808dsc13g.txt"}, {"form_type": "10-Q", "filings_date": "2021-02-09", "url": "https://www.sec.gov/Archives/edgar/data/0001118417/000111841721000026/modn-20201231.htm"}, {"form_type": "8-K", "filings_date": "2021-02-09", "url": "https://www.sec.gov/Archives/edgar/data/0001118417/000111841721000025/modn-20210209.htm"}, {"form_type": "SC 13G/A", "filings_date": "2021-01-29", "url": "https://www.sec.gov/Archives/edgar/data/0001118417/000083423721004794/us6075251024_012921.txt"}, {"form_type": "DEFA14A", "filings_date": "2021-01-25", "url": "https://www.sec.gov/Archives/edgar/data/0001118417/000111841721000019/modn-defa14a2021.htm"}, {"form_type": "4", "filings_date": "2021-01-12", "url": "https://www.sec.gov/Archives/edgar/data/0001118417/000111841721000014/xslF345X03/wf-form4_161050008346783.xml"}, {"form_type": "3", "filings_date": "2021-01-12", "url": "https://www.sec.gov/Archives/edgar/data/0001118417/000111841721000012/xslF345X02/wf-form3_161049993258921.xml"}, {"form_type": "DEFA14A", "filings_date": "2021-01-08", "url": "https://www.sec.gov/Archives/edgar/data/0001118417/000111841721000010/modn-defa14aproxynoticecar.htm"}, {"form_type": "DEF 14A", "filings_date": "2021-01-08", "url": "https://www.sec.gov/Archives/edgar/data/0001118417/000111841721000009/modndef14a2021annualmeetin.htm"}, {"form_type": "8-K", "filings_date": "2021-01-07", "url": "https://www.sec.gov/Archives/edgar/data/0001118417/000111841721000006/modn-20201231.htm"}, {"form_type": "SC 13G/A", "filings_date": "2021-01-07", "url": "https://www.sec.gov/Archives/edgar/data/0001118417/000114036121000439/brhc10018732_sc13ga.htm"}, {"form_type": "SC 13G", "filings_date": "2021-01-06", "url": "https://www.sec.gov/Archives/edgar/data/0001118417/000108514621000008/modn_10621.htm"}, {"form_type": "8-K", "filings_date": "2020-12-29", "url": "https://www.sec.gov/Archives/edgar/data/0001118417/000111841720000167/modn-20201223.htm"}, {"form_type": "8-K", "filings_date": "2020-12-23", "url": "https://www.sec.gov/Archives/edgar/data/0001118417/000111841720000165/modn-20201217.htm"}, {"form_type": "4", "filings_date": "2020-12-16", "url": "https://www.sec.gov/Archives/edgar/data/0001118417/000111841720000160/xslF345X03/wf-form4_160816736216890.xml"}, {"form_type": "4", "filings_date": "2020-12-15", "url": "https://www.sec.gov/Archives/edgar/data/0001118417/000111841720000158/xslF345X03/wf-form4_160807259162208.xml"}, {"form_type": "3", "filings_date": "2020-12-15", "url": "https://www.sec.gov/Archives/edgar/data/0001118417/000111841720000157/xslF345X02/wf-form3_160807215545037.xml"}, {"form_type": "8-K", "filings_date": "2020-12-15", "url": "https://www.sec.gov/Archives/edgar/data/0001118417/000111841720000154/modn-20201211.htm"}, {"form_type": "4", "filings_date": "2020-12-07", "url": "https://www.sec.gov/Archives/edgar/data/0001118417/000111841720000149/xslF345X03/wf-form4_160739489381829.xml"}, {"form_type": "4", "filings_date": "2020-12-07", "url": "https://www.sec.gov/Archives/edgar/data/0001118417/000111841720000147/xslF345X03/wf-form4_160739440586796.xml"}, {"form_type": "4", "filings_date": "2020-12-07", "url": "https://www.sec.gov/Archives/edgar/data/0001118417/000111841720000145/xslF345X03/wf-form4_160739426147278.xml"}, {"form_type": "4", "filings_date": "2020-12-07", "url": "https://www.sec.gov/Archives/edgar/data/0001118417/000111841720000143/xslF345X03/wf-form4_160739411325140.xml"}, {"form_type": "4", "filings_date": "2020-12-07", "url": "https://www.sec.gov/Archives/edgar/data/0001118417/000111841720000141/xslF345X03/wf-form4_160739399705090.xml"}, {"form_type": "4", "filings_date": "2020-12-07", "url": "https://www.sec.gov/Archives/edgar/data/0001118417/000111841720000139/xslF345X03/wf-form4_160739385935799.xml"}, {"form_type": "4", "filings_date": "2020-12-07", "url": "https://www.sec.gov/Archives/edgar/data/0001118417/000111841720000137/xslF345X03/wf-form4_160739374987016.xml"}, {"form_type": "3", "filings_date": "2020-11-24", "url": "https://www.sec.gov/Archives/edgar/data/0001118417/000111841720000134/xslF345X02/wf-form3_160626967435294.xml"}, {"form_type": "S-8", "filings_date": "2020-11-23", "url": "https://www.sec.gov/Archives/edgar/data/0001118417/000111841720000131/modn-s8_11202020.htm"}, {"form_type": "10-K", "filings_date": "2020-11-23", "url": "https://www.sec.gov/Archives/edgar/data/0001118417/000111841720000129/modn-20200930.htm"}, {"form_type": "4", "filings_date": "2020-11-18", "url": "https://www.sec.gov/Archives/edgar/data/0001118417/000111841720000125/xslF345X03/wf-form4_160575094692719.xml"}, {"form_type": "4", "filings_date": "2020-11-18", "url": "https://www.sec.gov/Archives/edgar/data/0001118417/000111841720000123/xslF345X03/wf-form4_160575071963131.xml"}, {"form_type": "4", "filings_date": "2020-11-18", "url": "https://www.sec.gov/Archives/edgar/data/0001118417/000111841720000121/xslF345X03/wf-form4_160575047643184.xml"}, {"form_type": "4", "filings_date": "2020-11-18", "url": "https://www.sec.gov/Archives/edgar/data/0001118417/000111841720000119/xslF345X03/wf-form4_160575026292767.xml"}, {"form_type": "4", "filings_date": "2020-11-18", "url": "https://www.sec.gov/Archives/edgar/data/0001118417/000111841720000117/xslF345X03/wf-form4_160575015927656.xml"}, {"form_type": "4", "filings_date": "2020-11-18", "url": "https://www.sec.gov/Archives/edgar/data/0001118417/000111841720000115/xslF345X03/wf-form4_160574999121427.xml"}, {"form_type": "8-K", "filings_date": "2020-11-10", "url": "https://www.sec.gov/Archives/edgar/data/0001118417/000111841720000113/modn-20201110.htm"}, {"form_type": "8-K", "filings_date": "2020-10-08", "url": "https://www.sec.gov/Archives/edgar/data/0001118417/000162828020014393/modn2020-10x088xk.htm"}, {"form_type": "4", "filings_date": "2020-09-15", "url": "https://www.sec.gov/Archives/edgar/data/0001118417/000111841720000103/xslF345X03/wf-form4_160021987706798.xml"}, {"form_type": "4", "filings_date": "2020-08-27", "url": "https://www.sec.gov/Archives/edgar/data/0001118417/000111841720000101/xslF345X03/wf-form4_159856756936408.xml"}, {"form_type": "4", "filings_date": "2020-08-21", "url": "https://www.sec.gov/Archives/edgar/data/0001118417/000111841720000099/xslF345X03/wf-form4_159806138093854.xml"}, {"form_type": "4", "filings_date": "2020-08-21", "url": "https://www.sec.gov/Archives/edgar/data/0001118417/000111841720000098/xslF345X03/wf-form4_159806118445250.xml"}, {"form_type": "4", "filings_date": "2020-08-17", "url": "https://www.sec.gov/Archives/edgar/data/0001118417/000111841720000097/xslF345X03/wf-form4_159771542014753.xml"}, {"form_type": "4", "filings_date": "2020-08-17", "url": "https://www.sec.gov/Archives/edgar/data/0001118417/000111841720000095/xslF345X03/wf-form4_159771500629694.xml"}, {"form_type": "4", "filings_date": "2020-08-17", "url": "https://www.sec.gov/Archives/edgar/data/0001118417/000111841720000093/xslF345X03/wf-form4_159771481094087.xml"}, {"form_type": "4", "filings_date": "2020-08-17", "url": "https://www.sec.gov/Archives/edgar/data/0001118417/000111841720000091/xslF345X03/wf-form4_159771461790711.xml"}, {"form_type": "4", "filings_date": "2020-08-17", "url": "https://www.sec.gov/Archives/edgar/data/0001118417/000111841720000089/xslF345X03/wf-form4_159771439656873.xml"}, {"form_type": "4", "filings_date": "2020-08-17", "url": "https://www.sec.gov/Archives/edgar/data/0001118417/000111841720000087/xslF345X03/wf-form4_159771424996289.xml"}, {"form_type": "SC 13G", "filings_date": "2020-08-10", "url": "https://www.sec.gov/Archives/edgar/data/0001118417/000119312520214450/d20388dsc13g.htm"}, {"form_type": "10-Q", "filings_date": "2020-08-05", "url": "https://www.sec.gov/Archives/edgar/data/0001118417/000111841720000085/modnq32010q.htm"}, {"form_type": "8-K", "filings_date": "2020-08-04", "url": "https://www.sec.gov/Archives/edgar/data/0001118417/000111841720000084/modnq3208-k.htm"}, {"form_type": "4", "filings_date": "2020-06-24", "url": "https://www.sec.gov/Archives/edgar/data/0001118417/000111841720000080/xslF345X03/wf-form4_159304454230659.xml"}, {"form_type": "8-K", "filings_date": "2020-05-22", "url": "https://www.sec.gov/Archives/edgar/data/0001118417/000111841720000078/modn8-k052220.htm"}, {"form_type": "8-K", "filings_date": "2020-05-20", "url": "https://www.sec.gov/Archives/edgar/data/0001118417/000111841720000076/modn8-k051920.htm"}, {"form_type": "4", "filings_date": "2020-05-19", "url": "https://www.sec.gov/Archives/edgar/data/0001118417/000111841720000075/xslF345X03/wf-form4_158993897596312.xml"}, {"form_type": "4", "filings_date": "2020-05-19", "url": "https://www.sec.gov/Archives/edgar/data/0001118417/000111841720000074/xslF345X03/wf-form4_158993891011770.xml"}, {"form_type": "4", "filings_date": "2020-05-19", "url": "https://www.sec.gov/Archives/edgar/data/0001118417/000111841720000073/xslF345X03/wf-form4_158993886134510.xml"}, {"form_type": "4", "filings_date": "2020-05-19", "url": "https://www.sec.gov/Archives/edgar/data/0001118417/000111841720000072/xslF345X03/wf-form4_158993880604799.xml"}, {"form_type": "4", "filings_date": "2020-05-19", "url": "https://www.sec.gov/Archives/edgar/data/0001118417/000111841720000071/xslF345X03/wf-form4_158993874610300.xml"}, {"form_type": "4", "filings_date": "2020-05-19", "url": "https://www.sec.gov/Archives/edgar/data/0001118417/000111841720000070/xslF345X03/wf-form4_158993869111170.xml"}, {"form_type": "4", "filings_date": "2020-05-19", "url": "https://www.sec.gov/Archives/edgar/data/0001118417/000111841720000069/xslF345X03/wf-form4_158993862874169.xml"}, {"form_type": "4", "filings_date": "2020-05-19", "url": "https://www.sec.gov/Archives/edgar/data/0001118417/000111841720000068/xslF345X03/wf-form4_158993857014652.xml"}, {"form_type": "4", "filings_date": "2020-05-19", "url": "https://www.sec.gov/Archives/edgar/data/0001118417/000111841720000067/xslF345X03/wf-form4_158993851904663.xml"}, {"form_type": "10-Q", "filings_date": "2020-05-06", "url": "https://www.sec.gov/Archives/edgar/data/0001118417/000111841720000056/modnq22010q.htm"}, {"form_type": "8-K", "filings_date": "2020-05-05", "url": "https://www.sec.gov/Archives/edgar/data/0001118417/000111841720000053/modnq2208-k.htm"}, {"form_type": "4", "filings_date": "2020-04-03", "url": "https://www.sec.gov/Archives/edgar/data/0001118417/000111841720000050/xslF345X03/wf-form4_158596031884737.xml"}, {"form_type": "4", "filings_date": "2020-03-10", "url": "https://www.sec.gov/Archives/edgar/data/0001118417/000111841720000048/xslF345X03/wf-form4_158389118168170.xml"}, {"form_type": "UPLOAD", "filings_date": "2020-03-06", "url": "https://www.sec.gov/Archives/edgar/data/0001118417/000000000020002064/filename1.pdf"}, {"form_type": "CORRESP", "filings_date": "2020-02-28", "url": "https://www.sec.gov/Archives/edgar/data/0001118417/000111841720000046/filename1.htm"}, {"form_type": "8-K", "filings_date": "2020-02-20", "url": "https://www.sec.gov/Archives/edgar/data/0001118417/000111841720000034/a8-kannualmeeting.htm"}, {"form_type": "4", "filings_date": "2020-02-19", "url": "https://www.sec.gov/Archives/edgar/data/0001118417/000111841720000044/xslF345X03/wf-form4_158216127249733.xml"}, {"form_type": "4", "filings_date": "2020-02-19", "url": "https://www.sec.gov/Archives/edgar/data/0001118417/000111841720000042/xslF345X03/wf-form4_158216097154340.xml"}, {"form_type": "4", "filings_date": "2020-02-19", "url": "https://www.sec.gov/Archives/edgar/data/0001118417/000111841720000040/xslF345X03/wf-form4_158216062411871.xml"}, {"form_type": "4", "filings_date": "2020-02-19", "url": "https://www.sec.gov/Archives/edgar/data/0001118417/000111841720000038/xslF345X03/wf-form4_158216037640292.xml"}, {"form_type": "4", "filings_date": "2020-02-19", "url": "https://www.sec.gov/Archives/edgar/data/0001118417/000111841720000036/xslF345X03/wf-form4_158216005955363.xml"}, {"form_type": "UPLOAD", "filings_date": "2020-02-19", "url": "https://www.sec.gov/Archives/edgar/data/0001118417/000000000020001535/filename1.pdf"}, {"form_type": "4", "filings_date": "2020-02-14", "url": "https://www.sec.gov/Archives/edgar/data/0001118417/000111841720000031/xslF345X03/wf-form4_158172981855521.xml"}, {"form_type": "4", "filings_date": "2020-02-14", "url": "https://www.sec.gov/Archives/edgar/data/0001118417/000111841720000029/xslF345X03/wf-form4_158172951728900.xml"}, {"form_type": "4", "filings_date": "2020-02-14", "url": "https://www.sec.gov/Archives/edgar/data/0001118417/000111841720000027/xslF345X03/wf-form4_158172929900020.xml"}, {"form_type": "4", "filings_date": "2020-02-14", "url": "https://www.sec.gov/Archives/edgar/data/0001118417/000111841720000025/xslF345X03/wf-form4_158172901854790.xml"}, {"form_type": "4", "filings_date": "2020-02-14", "url": "https://www.sec.gov/Archives/edgar/data/0001118417/000111841720000023/xslF345X03/wf-form4_158172875837681.xml"}, {"form_type": "4", "filings_date": "2020-02-14", "url": "https://www.sec.gov/Archives/edgar/data/0001118417/000111841720000021/xslF345X03/wf-form4_158172851348503.xml"}, {"form_type": "4", "filings_date": "2020-02-14", "url": "https://www.sec.gov/Archives/edgar/data/0001118417/000111841720000019/xslF345X03/wf-form4_158172805780380.xml"}, {"form_type": "SC 13G", "filings_date": "2020-02-14", "url": "https://www.sec.gov/Archives/edgar/data/0001118417/000138713120001819/modn-sc13g_123119.htm"}, {"form_type": "DEFA14A", "filings_date": "2020-02-13", "url": "https://www.sec.gov/Archives/edgar/data/0001118417/000111841720000017/modndefa14a.htm"}, {"form_type": "SC 13G", "filings_date": "2020-02-13", "url": "https://www.sec.gov/Archives/edgar/data/0001118417/000114036120003042/formsc13g.htm"}, {"form_type": "SC 13G/A", "filings_date": "2020-02-12", "url": "https://www.sec.gov/Archives/edgar/data/0001118417/000110465920019242/a20-7402_4sc13ga.htm"}, {"form_type": "SC 13G", "filings_date": "2020-02-12", "url": "https://www.sec.gov/Archives/edgar/data/0001118417/000103738920000017/modn-13g_20191231.txt"}, {"form_type": "SC 13G/A", "filings_date": "2020-02-05", "url": "https://www.sec.gov/Archives/edgar/data/0001118417/000083423720006022/us6075251024_020520.txt"}, {"form_type": "10-Q", "filings_date": "2020-02-05", "url": "https://www.sec.gov/Archives/edgar/data/0001118417/000111841720000015/modnq12010q.htm"}, {"form_type": "8-K", "filings_date": "2020-02-04", "url": "https://www.sec.gov/Archives/edgar/data/0001118417/000111841720000013/modnq1208-k.htm"}, {"form_type": "4", "filings_date": "2020-01-15", "url": "https://www.sec.gov/Archives/edgar/data/0001118417/000111841720000010/xslF345X03/wf-form4_157912623453276.xml"}, {"form_type": "3", "filings_date": "2020-01-15", "url": "https://www.sec.gov/Archives/edgar/data/0001118417/000111841720000009/xslF345X02/wf-form3_157912570473762.xml"}, {"form_type": "8-K", "filings_date": "2020-01-15", "url": "https://www.sec.gov/Archives/edgar/data/0001118417/000111841720000008/modn8-k.htm"}, {"form_type": "DEFA14A", "filings_date": "2020-01-02", "url": "https://www.sec.gov/Archives/edgar/data/0001118417/000111841720000002/modndefa14a2020annualmeeti.htm"}, {"form_type": "DEF 14A", "filings_date": "2020-01-02", "url": "https://www.sec.gov/Archives/edgar/data/0001118417/000111841720000001/modndef14a2020annualmeetin.htm"}, {"form_type": "4", "filings_date": "2019-12-02", "url": "https://www.sec.gov/Archives/edgar/data/0001118417/000111841719000126/xslF345X03/wf-form4_157533819789090.xml"}, {"form_type": "4", "filings_date": "2019-12-02", "url": "https://www.sec.gov/Archives/edgar/data/0001118417/000111841719000124/xslF345X03/wf-form4_157533798824694.xml"}, {"form_type": "4", "filings_date": "2019-12-02", "url": "https://www.sec.gov/Archives/edgar/data/0001118417/000111841719000122/xslF345X03/wf-form4_157533784703165.xml"}, {"form_type": "4", "filings_date": "2019-12-02", "url": "https://www.sec.gov/Archives/edgar/data/0001118417/000111841719000120/xslF345X03/wf-form4_157533766516336.xml"}, {"form_type": "4", "filings_date": "2019-12-02", "url": "https://www.sec.gov/Archives/edgar/data/0001118417/000111841719000118/xslF345X03/wf-form4_157533730845220.xml"}, {"form_type": "4", "filings_date": "2019-11-22", "url": "https://www.sec.gov/Archives/edgar/data/0001118417/000111841719000116/xslF345X03/wf-form4_157447215270584.xml"}, {"form_type": "4", "filings_date": "2019-11-22", "url": "https://www.sec.gov/Archives/edgar/data/0001118417/000111841719000115/xslF345X03/wf-form4_157447161069749.xml"}, {"form_type": "4", "filings_date": "2019-11-22", "url": "https://www.sec.gov/Archives/edgar/data/0001118417/000111841719000114/xslF345X03/wf-form4_157447139856905.xml"}, {"form_type": "4", "filings_date": "2019-11-22", "url": "https://www.sec.gov/Archives/edgar/data/0001118417/000111841719000113/xslF345X03/wf-form4_157447123849899.xml"}, {"form_type": "4", "filings_date": "2019-11-22", "url": "https://www.sec.gov/Archives/edgar/data/0001118417/000111841719000112/xslF345X03/wf-form4_157447112798922.xml"}, {"form_type": "4", "filings_date": "2019-11-22", "url": "https://www.sec.gov/Archives/edgar/data/0001118417/000111841719000111/xslF345X03/wf-form4_157447096495190.xml"}, {"form_type": "4", "filings_date": "2019-11-20", "url": "https://www.sec.gov/Archives/edgar/data/0001118417/000111841719000104/xslF345X03/wf-form4_157428675846911.xml"}, {"form_type": "4", "filings_date": "2019-11-20", "url": "https://www.sec.gov/Archives/edgar/data/0001118417/000111841719000103/xslF345X03/wf-form4_157428658770332.xml"}, {"form_type": "4", "filings_date": "2019-11-20", "url": "https://www.sec.gov/Archives/edgar/data/0001118417/000111841719000102/xslF345X03/wf-form4_157428647373595.xml"}, {"form_type": "4", "filings_date": "2019-11-20", "url": "https://www.sec.gov/Archives/edgar/data/0001118417/000111841719000098/xslF345X03/wf-form4_157428301538070.xml"}, {"form_type": "S-8", "filings_date": "2019-11-15", "url": "https://www.sec.gov/Archives/edgar/data/0001118417/000111841719000096/modn-s8_11152019.htm"}, {"form_type": "10-K", "filings_date": "2019-11-15", "url": "https://www.sec.gov/Archives/edgar/data/0001118417/000111841719000095/modn10-k2019x09x30.htm"}, {"form_type": "3", "filings_date": "2019-11-13", "url": "https://www.sec.gov/Archives/edgar/data/0001118417/000111841719000091/xslF345X02/wf-form3_157368758111777.xml"}, {"form_type": "8-K", "filings_date": "2019-11-05", "url": "https://www.sec.gov/Archives/edgar/data/0001118417/000111841719000088/modn2019q48-k.htm"}, {"form_type": "3", "filings_date": "2019-10-08", "url": "https://www.sec.gov/Archives/edgar/data/0001118417/000111841719000085/xslF345X02/wf-form3_157057746137510.xml"}, {"form_type": "8-K", "filings_date": "2019-09-17", "url": "https://www.sec.gov/Archives/edgar/data/0001118417/000111841719000082/modn8-kreneerajandsureshxm.htm"}, {"form_type": "4", "filings_date": "2019-08-19", "url": "https://www.sec.gov/Archives/edgar/data/0001118417/000111841719000080/xslF345X03/wf-form4_156626138199342.xml"}, {"form_type": "4", "filings_date": "2019-08-19", "url": "https://www.sec.gov/Archives/edgar/data/0001118417/000111841719000078/xslF345X03/wf-form4_156626124794100.xml"}, {"form_type": "4/A", "filings_date": "2019-08-16", "url": "https://www.sec.gov/Archives/edgar/data/0001118417/000111841719000076/xslF345X03/wf-form4a_156600314393106.xml"}, {"form_type": "4/A", "filings_date": "2019-08-16", "url": "https://www.sec.gov/Archives/edgar/data/0001118417/000111841719000074/xslF345X03/wf-form4a_156600290949463.xml"}, {"form_type": "4", "filings_date": "2019-08-16", "url": "https://www.sec.gov/Archives/edgar/data/0001118417/000111841719000072/xslF345X03/wf-form4_156600274896996.xml"}, {"form_type": "4/A", "filings_date": "2019-08-16", "url": "https://www.sec.gov/Archives/edgar/data/0001118417/000111841719000070/xslF345X03/wf-form4a_156600250240342.xml"}, {"form_type": "4", "filings_date": "2019-08-16", "url": "https://www.sec.gov/Archives/edgar/data/0001118417/000111841719000068/xslF345X03/wf-form4_156600218652442.xml"}, {"form_type": "4/A", "filings_date": "2019-08-16", "url": "https://www.sec.gov/Archives/edgar/data/0001118417/000111841719000066/xslF345X03/wf-form4a_156600196917182.xml"}, {"form_type": "4", "filings_date": "2019-08-16", "url": "https://www.sec.gov/Archives/edgar/data/0001118417/000111841719000064/xslF345X03/wf-form4_156600181452710.xml"}, {"form_type": "4/A", "filings_date": "2019-08-16", "url": "https://www.sec.gov/Archives/edgar/data/0001118417/000111841719000062/xslF345X03/wf-form4a_156600161834687.xml"}, {"form_type": "4", "filings_date": "2019-08-16", "url": "https://www.sec.gov/Archives/edgar/data/0001118417/000111841719000060/xslF345X03/wf-form4_156600136538371.xml"}, {"form_type": "10-Q", "filings_date": "2019-08-07", "url": "https://www.sec.gov/Archives/edgar/data/0001118417/000111841719000056/modn2019q310q.htm"}, {"form_type": "4", "filings_date": "2019-08-06", "url": "https://www.sec.gov/Archives/edgar/data/0001118417/000111841719000058/xslF345X03/wf-form4_156513712298461.xml"}, {"form_type": "8-K", "filings_date": "2019-08-06", "url": "https://www.sec.gov/Archives/edgar/data/0001118417/000111841719000054/modn2019q38-k.htm"}, {"form_type": "4", "filings_date": "2019-06-14", "url": "https://www.sec.gov/Archives/edgar/data/0001118417/000111841719000049/xslF345X03/wf-form4_156056033211171.xml"}, {"form_type": "4", "filings_date": "2019-05-17", "url": "https://www.sec.gov/Archives/edgar/data/0001118417/000111841719000047/xslF345X03/wf-form4_155813635789918.xml"}, {"form_type": "4", "filings_date": "2019-05-17", "url": "https://www.sec.gov/Archives/edgar/data/0001118417/000111841719000046/xslF345X03/wf-form4_155813632485463.xml"}, {"form_type": "4", "filings_date": "2019-05-17", "url": "https://www.sec.gov/Archives/edgar/data/0001118417/000111841719000045/xslF345X03/wf-form4_155813629186004.xml"}, {"form_type": "4", "filings_date": "2019-05-17", "url": "https://www.sec.gov/Archives/edgar/data/0001118417/000111841719000044/xslF345X03/wf-form4_155813625832000.xml"}, {"form_type": "4", "filings_date": "2019-05-14", "url": "https://www.sec.gov/Archives/edgar/data/0001118417/000111841719000039/xslF345X03/wf-form4_155787204070661.xml"}, {"form_type": "8-K", "filings_date": "2019-05-09", "url": "https://www.sec.gov/Archives/edgar/data/0001118417/000111841719000036/draftform8-kreamendedsevan.htm"}, {"form_type": "10-Q", "filings_date": "2019-05-08", "url": "https://www.sec.gov/Archives/edgar/data/0001118417/000111841719000033/modn2019q210q.htm"}, {"form_type": "4", "filings_date": "2019-05-07", "url": "https://www.sec.gov/Archives/edgar/data/0001118417/000111841719000031/xslF345X03/wf-form4_155726510930997.xml"}, {"form_type": "3", "filings_date": "2019-05-07", "url": "https://www.sec.gov/Archives/edgar/data/0001118417/000111841719000029/xslF345X02/wf-form3_155726384109809.xml"}, {"form_type": "8-K", "filings_date": "2019-05-07", "url": "https://www.sec.gov/Archives/edgar/data/0001118417/000111841719000027/modn8-krescottreesexmndraft.htm"}, {"form_type": "8-K", "filings_date": "2019-05-07", "url": "https://www.sec.gov/Archives/edgar/data/0001118417/000111841719000025/modn2019q28-k.htm"}, {"form_type": "3", "filings_date": "2019-04-10", "url": "https://www.sec.gov/Archives/edgar/data/0001118417/000111841719000017/xslF345X02/wf-form3_155494130299044.xml"}, {"form_type": "8-K", "filings_date": "2019-04-02", "url": "https://www.sec.gov/Archives/edgar/data/0001118417/000111841719000015/modn8-k.htm"}, {"form_type": "4", "filings_date": "2019-02-22", "url": "https://www.sec.gov/Archives/edgar/data/0001118417/000167170419000004/xslF345X03/wf-form4_155089008425468.xml"}, {"form_type": "4", "filings_date": "2019-02-22", "url": "https://www.sec.gov/Archives/edgar/data/0001118417/000171439519000004/xslF345X03/wf-form4_155088945033979.xml"}, {"form_type": "4", "filings_date": "2019-02-22", "url": "https://www.sec.gov/Archives/edgar/data/0001118417/000169294019000004/xslF345X03/wf-form4_155088571588003.xml"}, {"form_type": "4", "filings_date": "2019-02-22", "url": "https://www.sec.gov/Archives/edgar/data/0001118417/000170667219000004/xslF345X03/wf-form4_155088485421455.xml"}, {"form_type": "8-K", "filings_date": "2019-02-22", "url": "https://www.sec.gov/Archives/edgar/data/0001118417/000111841719000013/a8k_master-annualmeeting20.htm"}, {"form_type": "4", "filings_date": "2019-02-21", "url": "https://www.sec.gov/Archives/edgar/data/0001118417/000162828019001723/xslF345X03/wf-form4_155080020132333.xml"}, {"form_type": "4", "filings_date": "2019-02-21", "url": "https://www.sec.gov/Archives/edgar/data/0001118417/000171439519000002/xslF345X03/wf-form4_155080000085742.xml"}, {"form_type": "4", "filings_date": "2019-02-21", "url": "https://www.sec.gov/Archives/edgar/data/0001118417/000149909219000002/xslF345X03/wf-form4_155079985341623.xml"}, {"form_type": "4", "filings_date": "2019-02-21", "url": "https://www.sec.gov/Archives/edgar/data/0001118417/000167170419000002/xslF345X03/wf-form4_155079974122219.xml"}, {"form_type": "4", "filings_date": "2019-02-21", "url": "https://www.sec.gov/Archives/edgar/data/0001118417/000170667219000002/xslF345X03/wf-form4_155079963076678.xml"}, {"form_type": "4", "filings_date": "2019-02-21", "url": "https://www.sec.gov/Archives/edgar/data/0001118417/000169294019000002/xslF345X03/wf-form4_155079950871655.xml"}, {"form_type": "4", "filings_date": "2019-02-15", "url": "https://www.sec.gov/Archives/edgar/data/0001118417/000175894719000002/xslF345X03/wf-form4_155027825678849.xml"}, {"form_type": "4", "filings_date": "2019-02-15", "url": "https://www.sec.gov/Archives/edgar/data/0001118417/000162828019001509/xslF345X03/wf-form4_155027815948738.xml"}, {"form_type": "4", "filings_date": "2019-02-15", "url": "https://www.sec.gov/Archives/edgar/data/0001118417/000162828019001508/xslF345X03/wf-form4_155027810958034.xml"}, {"form_type": "4", "filings_date": "2019-02-15", "url": "https://www.sec.gov/Archives/edgar/data/0001118417/000162828019001507/xslF345X03/wf-form4_155027804339998.xml"}, {"form_type": "4", "filings_date": "2019-02-15", "url": "https://www.sec.gov/Archives/edgar/data/0001118417/000162828019001506/xslF345X03/wf-form4_155027798631262.xml"}, {"form_type": "SC 13G", "filings_date": "2019-02-14", "url": "https://www.sec.gov/Archives/edgar/data/0001118417/000110465919008720/a19-4315_6sc13g.htm"}, {"form_type": "SC 13G", "filings_date": "2019-02-14", "url": "https://www.sec.gov/Archives/edgar/data/0001118417/000138713119001257/flam-sc13g_123118.htm"}, {"form_type": "SC 13G", "filings_date": "2019-02-08", "url": "https://www.sec.gov/Archives/edgar/data/0001118417/000021545719006778/us6075251024_020719.txt"}, {"form_type": "10-Q", "filings_date": "2019-02-06", "url": "https://www.sec.gov/Archives/edgar/data/0001118417/000111841719000011/modn-10q_q12019.htm"}, {"form_type": "8-K", "filings_date": "2019-02-05", "url": "https://www.sec.gov/Archives/edgar/data/0001118417/000111841719000009/modnq1fy198kr45020519.htm"}, {"form_type": "DEFA14A", "filings_date": "2019-01-03", "url": "https://www.sec.gov/Archives/edgar/data/0001118417/000111841719000004/modndefa14a2019annualmeeti.htm"}, {"form_type": "DEF 14A", "filings_date": "2019-01-03", "url": "https://www.sec.gov/Archives/edgar/data/0001118417/000111841719000003/modndef14a2019annualmeeting.htm"}, {"form_type": "4", "filings_date": "2018-12-13", "url": "https://www.sec.gov/Archives/edgar/data/0001118417/000175894718000004/xslF345X03/wf-form4_154475298424996.xml"}, {"form_type": "3", "filings_date": "2018-12-13", "url": "https://www.sec.gov/Archives/edgar/data/0001118417/000175894718000003/xslF345X02/wf-form3_154475298075883.xml"}, {"form_type": "4", "filings_date": "2018-12-12", "url": "https://www.sec.gov/Archives/edgar/data/0001118417/000167170418000004/xslF345X03/wf-form4_154466774741822.xml"}, {"form_type": "4", "filings_date": "2018-12-12", "url": "https://www.sec.gov/Archives/edgar/data/0001118417/000170667218000004/xslF345X03/wf-form4_154466765688100.xml"}, {"form_type": "4", "filings_date": "2018-12-12", "url": "https://www.sec.gov/Archives/edgar/data/0001118417/000171439518000004/xslF345X03/wf-form4_154466756601903.xml"}, {"form_type": "4", "filings_date": "2018-12-12", "url": "https://www.sec.gov/Archives/edgar/data/0001118417/000149909218000005/xslF345X03/wf-form4_154466746348975.xml"}, {"form_type": "4", "filings_date": "2018-12-12", "url": "https://www.sec.gov/Archives/edgar/data/0001118417/000175856718000005/xslF345X03/wf-form4_154466736160580.xml"}, {"form_type": "4", "filings_date": "2018-12-12", "url": "https://www.sec.gov/Archives/edgar/data/0001118417/000169294018000004/xslF345X03/wf-form4_154466725198967.xml"}, {"form_type": "8-K", "filings_date": "2018-12-11", "url": "https://www.sec.gov/Archives/edgar/data/0001118417/000111841718000012/modn8-kredaveyarnold.htm"}, {"form_type": "SC 13D", "filings_date": "2018-12-10", "url": "https://www.sec.gov/Archives/edgar/data/0001118417/000114036118044842/formsc13d.htm"}, {"form_type": "4", "filings_date": "2018-11-20", "url": "https://www.sec.gov/Archives/edgar/data/0001118417/000171439518000002/xslF345X03/wf-form4_154275141146468.xml"}, {"form_type": "4", "filings_date": "2018-11-20", "url": "https://www.sec.gov/Archives/edgar/data/0001118417/000170667218000002/xslF345X03/wf-form4_154275130710225.xml"}, {"form_type": "4", "filings_date": "2018-11-20", "url": "https://www.sec.gov/Archives/edgar/data/0001118417/000169294018000002/xslF345X03/wf-form4_154275120275086.xml"}, {"form_type": "4", "filings_date": "2018-11-20", "url": "https://www.sec.gov/Archives/edgar/data/0001118417/000167170418000002/xslF345X03/wf-form4_154275109137092.xml"}, {"form_type": "S-8", "filings_date": "2018-11-16", "url": "https://www.sec.gov/Archives/edgar/data/0001118417/000111841718000010/modn-s8_11162018.htm"}, {"form_type": "10-K", "filings_date": "2018-11-16", "url": "https://www.sec.gov/Archives/edgar/data/0001118417/000111841718000009/modn10-k2018x09x30.htm"}, {"form_type": "3", "filings_date": "2018-11-13", "url": "https://www.sec.gov/Archives/edgar/data/0001118417/000175856718000003/xslF345X02/wf-form3_154215812777367.xml"}, {"form_type": "8-K", "filings_date": "2018-11-06", "url": "https://www.sec.gov/Archives/edgar/data/0001118417/000111841718000003/modnq48-k1162018.htm"}, {"form_type": "4", "filings_date": "2018-10-02", "url": "https://www.sec.gov/Archives/edgar/data/0001118417/000120919118053327/xslF345X03/doc4.xml"}, {"form_type": "4", "filings_date": "2018-08-17", "url": "https://www.sec.gov/Archives/edgar/data/0001118417/000166773118000221/xslF345X03/rmellottform4stc20180816.xml"}, {"form_type": "4", "filings_date": "2018-08-17", "url": "https://www.sec.gov/Archives/edgar/data/0001118417/000166773118000219/xslF345X03/ngokhaleform4stc20180816.xml"}, {"form_type": "4", "filings_date": "2018-08-17", "url": "https://www.sec.gov/Archives/edgar/data/0001118417/000166773118000217/xslF345X03/dbarterform4stc20180816.xml"}, {"form_type": "4", "filings_date": "2018-08-17", "url": "https://www.sec.gov/Archives/edgar/data/0001118417/000166773118000215/xslF345X03/mandersonstc20180817.xml"}, {"form_type": "10-Q", "filings_date": "2018-08-08", "url": "https://www.sec.gov/Archives/edgar/data/0001118417/000156459018020134/modn-10q_20180630.htm"}, {"form_type": "8-K", "filings_date": "2018-08-07", "url": "https://www.sec.gov/Archives/edgar/data/0001118417/000156459018019963/modn-8k_20180807.htm"}, {"form_type": "4", "filings_date": "2018-06-26", "url": "https://www.sec.gov/Archives/edgar/data/0001118417/000120919118039502/xslF345X03/doc4.xml"}, {"form_type": "4", "filings_date": "2018-06-13", "url": "https://www.sec.gov/Archives/edgar/data/0001118417/000120919118037535/xslF345X03/doc4.xml"}, {"form_type": "4", "filings_date": "2018-06-11", "url": "https://www.sec.gov/Archives/edgar/data/0001118417/000166773118000198/xslF345X03/jasonblessingform4grant.xml"}, {"form_type": "4", "filings_date": "2018-06-11", "url": "https://www.sec.gov/Archives/edgar/data/0001118417/000120919118037132/xslF345X03/doc4.xml"}, {"form_type": "4", "filings_date": "2018-05-18", "url": "https://www.sec.gov/Archives/edgar/data/0001118417/000120919118031384/xslF345X03/doc4.xml"}, {"form_type": "4", "filings_date": "2018-05-17", "url": "https://www.sec.gov/Archives/edgar/data/0001118417/000166773118000189/xslF345X03/barterform4stc20180516.xml"}, {"form_type": "4", "filings_date": "2018-05-17", "url": "https://www.sec.gov/Archives/edgar/data/0001118417/000166773118000188/xslF345X03/mellottform4stc20180516.xml"}, {"form_type": "4", "filings_date": "2018-05-17", "url": "https://www.sec.gov/Archives/edgar/data/0001118417/000166773118000187/xslF345X03/gokhaleform4stc20180516.xml"}, {"form_type": "4", "filings_date": "2018-05-17", "url": "https://www.sec.gov/Archives/edgar/data/0001118417/000166773118000186/xslF345X03/andersonmarkform4stc20180516.xml"}, {"form_type": "3", "filings_date": "2018-05-16", "url": "https://www.sec.gov/Archives/edgar/data/0001118417/000166773118000181/xslF345X02/blessingjasonform3.xml"}, {"form_type": "10-Q", "filings_date": "2018-05-09", "url": "https://www.sec.gov/Archives/edgar/data/0001118417/000156459018012069/modn-10q_20180331.htm"}, {"form_type": "8-K", "filings_date": "2018-05-08", "url": "https://www.sec.gov/Archives/edgar/data/0001118417/000156459018011854/modn-8k_20180506.htm"}, {"form_type": "8-K", "filings_date": "2018-05-08", "url": "https://www.sec.gov/Archives/edgar/data/0001118417/000156459018011848/modn-8k_20180504.htm"}, {"form_type": "S-8", "filings_date": "2018-03-30", "url": "https://www.sec.gov/Archives/edgar/data/0001118417/000156459018007254/modn-s8.htm"}, {"form_type": "4/A", "filings_date": "2018-03-16", "url": "https://www.sec.gov/Archives/edgar/data/0001118417/000166773118000160/xslF345X03/zrinatamendmentform420180316.xml"}, {"form_type": "4", "filings_date": "2018-03-13", "url": "https://www.sec.gov/Archives/edgar/data/0001118417/000166773118000145/xslF345X03/mandersonform420180313.xml"}, {"form_type": "4", "filings_date": "2018-03-13", "url": "https://www.sec.gov/Archives/edgar/data/0001118417/000166773118000144/xslF345X03/dbarterform420180313.xml"}, {"form_type": "4", "filings_date": "2018-03-13", "url": "https://www.sec.gov/Archives/edgar/data/0001118417/000166773118000143/xslF345X03/russmellotform420180313.xml"}, {"form_type": "4", "filings_date": "2018-03-13", "url": "https://www.sec.gov/Archives/edgar/data/0001118417/000166773118000142/xslF345X03/neerajgokhaleform420180313.xml"}, {"form_type": "4", "filings_date": "2018-03-13", "url": "https://www.sec.gov/Archives/edgar/data/0001118417/000166773118000141/xslF345X03/zrinatform420180313.xml"}, {"form_type": "4", "filings_date": "2018-02-26", "url": "https://www.sec.gov/Archives/edgar/data/0001118417/000166773118000088/xslF345X03/andersonfrm4pbrsustc20180226.xml"}, {"form_type": "8-K", "filings_date": "2018-02-23", "url": "https://www.sec.gov/Archives/edgar/data/0001118417/000156459018002948/modn-8k_20180216.htm"}, {"form_type": "4", "filings_date": "2018-02-21", "url": "https://www.sec.gov/Archives/edgar/data/0001118417/000166773118000079/xslF345X03/timadamsform420180220.xml"}, {"form_type": "4", "filings_date": "2018-02-21", "url": "https://www.sec.gov/Archives/edgar/data/0001118417/000166773118000077/xslF345X03/davidbonnetteform420180220.xml"}, {"form_type": "4", "filings_date": "2018-02-21", "url": "https://www.sec.gov/Archives/edgar/data/0001118417/000166773118000075/xslF345X03/dailbaljitform420180220.xml"}, {"form_type": "4", "filings_date": "2018-02-21", "url": "https://www.sec.gov/Archives/edgar/data/0001118417/000166773118000073/xslF345X03/melissafisherform420180220.xml"}, {"form_type": "4", "filings_date": "2018-02-21", "url": "https://www.sec.gov/Archives/edgar/data/0001118417/000166773118000071/xslF345X03/chuckrobelform420180220.xml"}, {"form_type": "4", "filings_date": "2018-02-21", "url": "https://www.sec.gov/Archives/edgar/data/0001118417/000166773118000069/xslF345X03/alanhenricksform420180220.xml"}, {"form_type": "4", "filings_date": "2018-02-20", "url": "https://www.sec.gov/Archives/edgar/data/0001118417/000166773118000062/xslF345X03/ngokhaleform4stc20180220.xml"}, {"form_type": "4", "filings_date": "2018-02-20", "url": "https://www.sec.gov/Archives/edgar/data/0001118417/000166773118000060/xslF345X03/markandersonfrom4stc20180220.xml"}, {"form_type": "SC 13G/A", "filings_date": "2018-02-14", "url": "https://www.sec.gov/Archives/edgar/data/0001118417/000132395318000011/MODN-13GA-2017.txt"}, {"form_type": "SC 13G/A", "filings_date": "2018-02-14", "url": "https://www.sec.gov/Archives/edgar/data/0001118417/000093583618000129/modeln13ga1.htm"}, {"form_type": "SC 13G/A", "filings_date": "2018-02-13", "url": "https://www.sec.gov/Archives/edgar/data/0001118417/000101143818000060/form_sc13ga-modeln.htm"}, {"form_type": "SC 13G", "filings_date": "2018-02-13", "url": "https://www.sec.gov/Archives/edgar/data/0001118417/000156459018001910/cik0001571039-sc13g.htm"}, {"form_type": "10-Q", "filings_date": "2018-02-07", "url": "https://www.sec.gov/Archives/edgar/data/0001118417/000156459018001442/modn-10q_20171231.htm"}, {"form_type": "8-K", "filings_date": "2018-02-06", "url": "https://www.sec.gov/Archives/edgar/data/0001118417/000156459018001411/modn-8k_20180206.htm"}, {"form_type": "DEFA14A", "filings_date": "2018-01-04", "url": "https://www.sec.gov/Archives/edgar/data/0001118417/000156459018000078/modn-defa14a_20180216.htm"}, {"form_type": "DEF 14A", "filings_date": "2018-01-04", "url": "https://www.sec.gov/Archives/edgar/data/0001118417/000156459018000076/modn-def14a_20180216.htm"}, {"form_type": "4", "filings_date": "2017-12-27", "url": "https://www.sec.gov/Archives/edgar/data/0001118417/000166773117000236/xslF345X03/rinat20171219.xml"}, {"form_type": "10-K", "filings_date": "2017-11-15", "url": "https://www.sec.gov/Archives/edgar/data/0001118417/000156459017023880/modn-10k_20170930.htm"}, {"form_type": "S-8", "filings_date": "2017-11-15", "url": "https://www.sec.gov/Archives/edgar/data/0001118417/000156459017023877/modn-s8.htm"}, {"form_type": "4", "filings_date": "2017-11-14", "url": "https://www.sec.gov/Archives/edgar/data/0001118417/000089924317026253/xslF345X03/doc4.xml"}, {"form_type": "4", "filings_date": "2017-11-07", "url": "https://www.sec.gov/Archives/edgar/data/0001118417/000166773117000215/xslF345X03/adams3.xml"}, {"form_type": "4", "filings_date": "2017-11-07", "url": "https://www.sec.gov/Archives/edgar/data/0001118417/000166773117000213/xslF345X03/dail2.xml"}, {"form_type": "8-K", "filings_date": "2017-11-07", "url": "https://www.sec.gov/Archives/edgar/data/0001118417/000156459017022266/modn-8k_20171107.htm"}, {"form_type": "4", "filings_date": "2017-11-02", "url": "https://www.sec.gov/Archives/edgar/data/0001118417/000166773117000211/xslF345X03/barter112.xml"}, {"form_type": "4", "filings_date": "2017-09-12", "url": "https://www.sec.gov/Archives/edgar/data/0001118417/000166773117000201/xslF345X03/rinat20170908.xml"}, {"form_type": "4", "filings_date": "2017-09-12", "url": "https://www.sec.gov/Archives/edgar/data/0001118417/000166773117000199/xslF345X03/neerajform420170908.xml"}, {"form_type": "4", "filings_date": "2017-09-07", "url": "https://www.sec.gov/Archives/edgar/data/0001118417/000166773117000197/xslF345X03/ameliasept05.xml"}, {"form_type": "4", "filings_date": "2017-08-16", "url": "https://www.sec.gov/Archives/edgar/data/0001118417/000166773117000187/xslF345X03/generalisamelia.xml"}, {"form_type": "3", "filings_date": "2017-08-09", "url": "https://www.sec.gov/Archives/edgar/data/0001118417/000166773117000182/xslF345X02/gokhaleneeraj.xml"}, {"form_type": "10-Q", "filings_date": "2017-08-09", "url": "https://www.sec.gov/Archives/edgar/data/0001118417/000156459017016695/modn-10q_20170630.htm"}, {"form_type": "8-K", "filings_date": "2017-08-08", "url": "https://www.sec.gov/Archives/edgar/data/0001118417/000156459017016548/modn-8k_20170808.htm"}, {"form_type": "4", "filings_date": "2017-07-25", "url": "https://www.sec.gov/Archives/edgar/data/0001118417/000166773117000176/xslF345X03/form4anderson.xml"}, {"form_type": "4", "filings_date": "2017-05-24", "url": "https://www.sec.gov/Archives/edgar/data/0001118417/000166773117000156/xslF345X03/form4anderson.xml"}, {"form_type": "4", "filings_date": "2017-05-24", "url": "https://www.sec.gov/Archives/edgar/data/0001118417/000166773117000152/xslF345X03/form4barter.xml"}, {"form_type": "3", "filings_date": "2017-05-18", "url": "https://www.sec.gov/Archives/edgar/data/0001118417/000166773117000144/xslF345X02/form3_davidbarter.xml"}, {"form_type": "10-Q", "filings_date": "2017-05-09", "url": "https://www.sec.gov/Archives/edgar/data/0001118417/000156459017009923/modn-10q_20170331.htm"}, {"form_type": "4", "filings_date": "2017-05-08", "url": "https://www.sec.gov/Archives/edgar/data/0001118417/000166773117000141/xslF345X03/form4dail.xml"}, {"form_type": "3", "filings_date": "2017-05-08", "url": "https://www.sec.gov/Archives/edgar/data/0001118417/000166773117000139/xslF345X02/form3_dail20170805.xml"}, {"form_type": "8-K", "filings_date": "2017-05-08", "url": "https://www.sec.gov/Archives/edgar/data/0001118417/000156459017009405/modn-8k_20170504.htm"}, {"form_type": "8-K/A", "filings_date": "2017-03-17", "url": "https://www.sec.gov/Archives/edgar/data/0001118417/000156459017004710/modn-8ka_20170105.htm"}, {"form_type": "4", "filings_date": "2017-03-01", "url": "https://www.sec.gov/Archives/edgar/data/0001118417/000166773117000104/xslF345X03/rinat20170301.xml"}, {"form_type": "4", "filings_date": "2017-02-23", "url": "https://www.sec.gov/Archives/edgar/data/0001118417/000166773117000085/xslF345X03/tisdel20170223.xml"}, {"form_type": "4", "filings_date": "2017-02-23", "url": "https://www.sec.gov/Archives/edgar/data/0001118417/000166773117000081/xslF345X03/mellott20170223.xml"}, {"form_type": "8-K", "filings_date": "2017-02-23", "url": "https://www.sec.gov/Archives/edgar/data/0001118417/000156459017002152/modn-8k_20170217.htm"}, {"form_type": "4", "filings_date": "2017-02-22", "url": "https://www.sec.gov/Archives/edgar/data/0001118417/000166773117000079/xslF345X03/tisdel20170222.xml"}, {"form_type": "4", "filings_date": "2017-02-17", "url": "https://www.sec.gov/Archives/edgar/data/0001118417/000166773117000074/xslF345X03/chuck201702172.xml"}, {"form_type": "4", "filings_date": "2017-02-17", "url": "https://www.sec.gov/Archives/edgar/data/0001118417/000166773117000072/xslF345X03/adams20170217.xml"}, {"form_type": "4", "filings_date": "2017-02-17", "url": "https://www.sec.gov/Archives/edgar/data/0001118417/000166773117000070/xslF345X03/fisher20170217.xml"}, {"form_type": "4", "filings_date": "2017-02-17", "url": "https://www.sec.gov/Archives/edgar/data/0001118417/000166773117000068/xslF345X03/henricks20170217.xml"}, {"form_type": "4", "filings_date": "2017-02-17", "url": "https://www.sec.gov/Archives/edgar/data/0001118417/000166773117000066/xslF345X03/bonnette20170217.xml"}, {"form_type": "4", "filings_date": "2017-02-17", "url": "https://www.sec.gov/Archives/edgar/data/0001118417/000166773117000064/xslF345X03/chuckrobel20170217.xml"}, {"form_type": "4", "filings_date": "2017-02-14", "url": "https://www.sec.gov/Archives/edgar/data/0001118417/000166773117000061/xslF345X03/russmellot20170214.xml"}, {"form_type": "SC 13G/A", "filings_date": "2017-02-14", "url": "https://www.sec.gov/Archives/edgar/data/0001118417/000101143817000147/form_sc13ga-model.htm"}, {"form_type": "SC 13G/A", "filings_date": "2017-02-14", "url": "https://www.sec.gov/Archives/edgar/data/0001118417/000132395317000008/RGMmodn13ga2016.txt"}, {"form_type": "SC 13G/A", "filings_date": "2017-02-13", "url": "https://www.sec.gov/Archives/edgar/data/0001118417/000091957417001381/d7408193_13g-a.htm"}, {"form_type": "SC 13G", "filings_date": "2017-02-13", "url": "https://www.sec.gov/Archives/edgar/data/0001118417/000156459017001418/cik0001571039-sc13g.htm"}, {"form_type": "4", "filings_date": "2017-02-10", "url": "https://www.sec.gov/Archives/edgar/data/0001118417/000089924317003653/xslF345X03/doc4.xml"}, {"form_type": "10-Q", "filings_date": "2017-02-08", "url": "https://www.sec.gov/Archives/edgar/data/0001118417/000156459017001183/modn-10q_20161231.htm"}, {"form_type": "SC 13G", "filings_date": "2017-02-06", "url": "https://www.sec.gov/Archives/edgar/data/0001118417/000093583617000070/modeln13g.htm"}, {"form_type": "8-K", "filings_date": "2017-02-06", "url": "https://www.sec.gov/Archives/edgar/data/0001118417/000156459017001024/modn-8k_20170201.htm"}, {"form_type": "SC 13G/A", "filings_date": "2017-02-03", "url": "https://www.sec.gov/Archives/edgar/data/0001118417/000091293817000092/modeln4.htm"}, {"form_type": "8-K", "filings_date": "2017-01-05", "url": "https://www.sec.gov/Archives/edgar/data/0001118417/000156459017000103/modn-8k_20170105.htm"}, {"form_type": "3", "filings_date": "2017-01-04", "url": "https://www.sec.gov/Archives/edgar/data/0001118417/000166773117000049/xslF345X02/form3_russmellott.xml"}, {"form_type": "4", "filings_date": "2017-01-04", "url": "https://www.sec.gov/Archives/edgar/data/0001118417/000166773117000047/xslF345X03/form4_rinat20161230.xml"}, {"form_type": "DEFA14A", "filings_date": "2017-01-04", "url": "https://www.sec.gov/Archives/edgar/data/0001118417/000156459017000058/modn-defa14a_20170217.htm"}, {"form_type": "DEF 14A", "filings_date": "2017-01-04", "url": "https://www.sec.gov/Archives/edgar/data/0001118417/000156459017000057/modn-def14a_20170217.htm"}]}