{"company": {"cik": "0001902733", "name": "nCino, Inc.", "sic": "Services-Prepackaged Software", "state_incorp": "DE", "ticker": "NCNO", "mailing_addr": "6770 PARKER FARM DRIVE, WILMINGTON, NC, 28405", "category": "", "fiscal_year_end": "31, January"}, "filings": [{"form_type": "SC 13G/A", "filings_date": "2022-02-14", "url": "https://www.sec.gov/Archives/edgar/data/0001902733/000146902622000006/ncno_13g.htm"}, {"form_type": "8-K", "filings_date": "2022-02-14", "url": "https://www.sec.gov/Archives/edgar/data/0001902733/000119312522041613/d319370d8k.htm"}, {"form_type": "SC 13G/A", "filings_date": "2022-02-14", "url": "https://www.sec.gov/Archives/edgar/data/0001902733/000008025522002215/ncno13gadec21.txt"}, {"form_type": "SC 13G/A", "filings_date": "2022-02-11", "url": "https://www.sec.gov/Archives/edgar/data/0001902733/000119312522037309/d633571dsc13ga.htm"}, {"form_type": "SC 13G", "filings_date": "2022-02-10", "url": "https://www.sec.gov/Archives/edgar/data/0001902733/000110465922018160/tv01496-ncinoinc.htm"}, {"form_type": "4", "filings_date": "2022-02-03", "url": "https://www.sec.gov/Archives/edgar/data/0001902733/000156761922002463/xslF345X03/doc1.xml"}, {"form_type": "4", "filings_date": "2022-02-03", "url": "https://www.sec.gov/Archives/edgar/data/0001902733/000156761922002462/xslF345X03/doc1.xml"}, {"form_type": "4", "filings_date": "2022-02-03", "url": "https://www.sec.gov/Archives/edgar/data/0001902733/000156761922002460/xslF345X03/doc1.xml"}, {"form_type": "4", "filings_date": "2022-02-03", "url": "https://www.sec.gov/Archives/edgar/data/0001902733/000156761922002459/xslF345X03/doc1.xml"}, {"form_type": "4", "filings_date": "2022-02-03", "url": "https://www.sec.gov/Archives/edgar/data/0001902733/000156761922002458/xslF345X03/doc1.xml"}, {"form_type": "4", "filings_date": "2022-02-03", "url": "https://www.sec.gov/Archives/edgar/data/0001902733/000156761922002457/xslF345X03/doc1.xml"}, {"form_type": "D", "filings_date": "2022-01-21", "url": "https://www.sec.gov/Archives/edgar/data/0001902733/000190273322000004/xslFormDX01/primary_doc.xml"}, {"form_type": "SC 13D", "filings_date": "2022-01-18", "url": "https://www.sec.gov/Archives/edgar/data/0001902733/000089914022000084/i49334879.htm"}, {"form_type": "4", "filings_date": "2022-01-11", "url": "https://www.sec.gov/Archives/edgar/data/0001902733/000156761922001061/xslF345X03/doc1.xml"}, {"form_type": "4", "filings_date": "2022-01-11", "url": "https://www.sec.gov/Archives/edgar/data/0001902733/000156761922001060/xslF345X03/doc1.xml"}, {"form_type": "4", "filings_date": "2022-01-11", "url": "https://www.sec.gov/Archives/edgar/data/0001902733/000156761922001059/xslF345X03/doc1.xml"}, {"form_type": "4", "filings_date": "2022-01-11", "url": "https://www.sec.gov/Archives/edgar/data/0001902733/000156761922001058/xslF345X03/doc1.xml"}, {"form_type": "3", "filings_date": "2022-01-11", "url": "https://www.sec.gov/Archives/edgar/data/0001902733/000156761922001057/xslF345X02/doc1.xml"}, {"form_type": "3", "filings_date": "2022-01-11", "url": "https://www.sec.gov/Archives/edgar/data/0001902733/000156761922001056/xslF345X02/doc1.xml"}, {"form_type": "3", "filings_date": "2022-01-11", "url": "https://www.sec.gov/Archives/edgar/data/0001902733/000156761922001055/xslF345X02/doc1.xml"}, {"form_type": "3", "filings_date": "2022-01-11", "url": "https://www.sec.gov/Archives/edgar/data/0001902733/000156761922001054/xslF345X02/doc1.xml"}, {"form_type": "4", "filings_date": "2022-01-11", "url": "https://www.sec.gov/Archives/edgar/data/0001902733/000114036122001363/xslF345X03/form4.xml"}, {"form_type": "4", "filings_date": "2022-01-11", "url": "https://www.sec.gov/Archives/edgar/data/0001902733/000114036122001362/xslF345X03/form4.xml"}, {"form_type": "4", "filings_date": "2022-01-11", "url": "https://www.sec.gov/Archives/edgar/data/0001902733/000114036122001361/xslF345X03/form4.xml"}, {"form_type": "4", "filings_date": "2022-01-11", "url": "https://www.sec.gov/Archives/edgar/data/0001902733/000114036122001360/xslF345X03/form4.xml"}, {"form_type": "4", "filings_date": "2022-01-11", "url": "https://www.sec.gov/Archives/edgar/data/0001902733/000114036122001359/xslF345X03/form4.xml"}, {"form_type": "4", "filings_date": "2022-01-11", "url": "https://www.sec.gov/Archives/edgar/data/0001902733/000114036122001358/xslF345X03/form4.xml"}, {"form_type": "4", "filings_date": "2022-01-11", "url": "https://www.sec.gov/Archives/edgar/data/0001902733/000114036122001357/xslF345X03/form4.xml"}, {"form_type": "4", "filings_date": "2022-01-11", "url": "https://www.sec.gov/Archives/edgar/data/0001902733/000114036122001356/xslF345X03/form4.xml"}, {"form_type": "4", "filings_date": "2022-01-11", "url": "https://www.sec.gov/Archives/edgar/data/0001902733/000114036122001355/xslF345X03/form4.xml"}, {"form_type": "4", "filings_date": "2022-01-11", "url": "https://www.sec.gov/Archives/edgar/data/0001902733/000114036122001354/xslF345X03/form4.xml"}, {"form_type": "4", "filings_date": "2022-01-11", "url": "https://www.sec.gov/Archives/edgar/data/0001902733/000114036122001353/xslF345X03/form4.xml"}, {"form_type": "4", "filings_date": "2022-01-11", "url": "https://www.sec.gov/Archives/edgar/data/0001902733/000114036122001352/xslF345X03/form4.xml"}, {"form_type": "3", "filings_date": "2022-01-11", "url": "https://www.sec.gov/Archives/edgar/data/0001902733/000114036122001349/xslF345X02/form3.xml"}, {"form_type": "3", "filings_date": "2022-01-11", "url": "https://www.sec.gov/Archives/edgar/data/0001902733/000114036122001350/xslF345X02/form3.xml"}, {"form_type": "3", "filings_date": "2022-01-11", "url": "https://www.sec.gov/Archives/edgar/data/0001902733/000114036122001348/xslF345X02/form3.xml"}, {"form_type": "3", "filings_date": "2022-01-11", "url": "https://www.sec.gov/Archives/edgar/data/0001902733/000114036122001343/xslF345X02/form3.xml"}, {"form_type": "3", "filings_date": "2022-01-11", "url": "https://www.sec.gov/Archives/edgar/data/0001902733/000114036122001347/xslF345X02/form3.xml"}, {"form_type": "3", "filings_date": "2022-01-11", "url": "https://www.sec.gov/Archives/edgar/data/0001902733/000114036122001342/xslF345X02/form3.xml"}, {"form_type": "3", "filings_date": "2022-01-11", "url": "https://www.sec.gov/Archives/edgar/data/0001902733/000114036122001346/xslF345X02/form3.xml"}, {"form_type": "3", "filings_date": "2022-01-11", "url": "https://www.sec.gov/Archives/edgar/data/0001902733/000114036122001345/xslF345X02/form3.xml"}, {"form_type": "3", "filings_date": "2022-01-11", "url": "https://www.sec.gov/Archives/edgar/data/0001902733/000114036122001344/xslF345X02/form3.xml"}, {"form_type": "3", "filings_date": "2022-01-11", "url": "https://www.sec.gov/Archives/edgar/data/0001902733/000114036122001341/xslF345X02/form3.xml"}, {"form_type": "3", "filings_date": "2022-01-11", "url": "https://www.sec.gov/Archives/edgar/data/0001902733/000114036122001340/xslF345X02/form3.xml"}, {"form_type": "3", "filings_date": "2022-01-11", "url": "https://www.sec.gov/Archives/edgar/data/0001902733/000114036122001339/xslF345X02/form3.xml"}, {"form_type": "S-3ASR", "filings_date": "2022-01-10", "url": "https://www.sec.gov/Archives/edgar/data/0001902733/000119312522005652/d304065ds3asr.htm"}, {"form_type": "S-8 POS", "filings_date": "2022-01-10", "url": "https://www.sec.gov/Archives/edgar/data/0001902733/000119312522005466/d902706ds8pos.htm"}, {"form_type": "S-8 POS", "filings_date": "2022-01-10", "url": "https://www.sec.gov/Archives/edgar/data/0001902733/000119312522005462/d902706ds8pos.htm"}, {"form_type": "8-K12B", "filings_date": "2022-01-10", "url": "https://www.sec.gov/Archives/edgar/data/0001902733/000119312522005239/d246602d8k12b.htm"}]}