{"company": {"cik": "0001448056", "name": "NEW RELIC, INC.", "sic": "Services-Prepackaged Software", "state_incorp": "DE", "ticker": "NEWR", "mailing_addr": "188 SPEAR STREET, STE. 1000, SAN FRANCISCO, CA, 94105", "category": "Large accelerated filer", "fiscal_year_end": "31, March"}, "filings": [{"form_type": "4", "filings_date": "2022-03-09", "url": "https://www.sec.gov/Archives/edgar/data/0001448056/000162392022000008/xslF345X03/wf-form4_164686091926383.xml"}, {"form_type": "SC 13G/A", "filings_date": "2022-02-24", "url": "https://www.sec.gov/Archives/edgar/data/0001448056/000083423722008753/us64829b1008_022422.txt"}, {"form_type": "4", "filings_date": "2022-02-18", "url": "https://www.sec.gov/Archives/edgar/data/0001448056/000186954522000004/xslF345X03/wf-form4_164522665797169.xml"}, {"form_type": "SC 13G/A", "filings_date": "2022-02-18", "url": "https://www.sec.gov/Archives/edgar/data/0001448056/000090266422001886/p22-0952sc13ga.htm"}, {"form_type": "4", "filings_date": "2022-02-16", "url": "https://www.sec.gov/Archives/edgar/data/0001448056/000175006122000003/xslF345X03/wf-form4_164506186391789.xml"}, {"form_type": "4", "filings_date": "2022-02-16", "url": "https://www.sec.gov/Archives/edgar/data/0001448056/000186211322000002/xslF345X03/wf-form4_164505929837340.xml"}, {"form_type": "4", "filings_date": "2022-02-16", "url": "https://www.sec.gov/Archives/edgar/data/0001448056/000186954522000002/xslF345X03/wf-form4_164505882746685.xml"}, {"form_type": "4", "filings_date": "2022-02-16", "url": "https://www.sec.gov/Archives/edgar/data/0001448056/000162392022000006/xslF345X03/wf-form4_164505864609092.xml"}, {"form_type": "4", "filings_date": "2022-02-16", "url": "https://www.sec.gov/Archives/edgar/data/0001448056/000162828022002911/xslF345X03/wf-form4_164505843061350.xml"}, {"form_type": "4", "filings_date": "2022-02-16", "url": "https://www.sec.gov/Archives/edgar/data/0001448056/000162394422000002/xslF345X03/wf-form4_164505824811339.xml"}, {"form_type": "4", "filings_date": "2022-02-16", "url": "https://www.sec.gov/Archives/edgar/data/0001448056/000162828022002908/xslF345X03/wf-form4_164505799006800.xml"}, {"form_type": "4", "filings_date": "2022-02-14", "url": "https://www.sec.gov/Archives/edgar/data/0001448056/000162392022000004/xslF345X03/wf-form4_164488673881809.xml"}, {"form_type": "SC 13G/A", "filings_date": "2022-02-14", "url": "https://www.sec.gov/Archives/edgar/data/0001448056/000090266422001673/p22-0319sc13ga.htm"}, {"form_type": "SC 13G/A", "filings_date": "2022-02-14", "url": "https://www.sec.gov/Archives/edgar/data/0001448056/000090266422001611/p22-0249sc13ga.htm"}, {"form_type": "SC 13G/A", "filings_date": "2022-02-11", "url": "https://www.sec.gov/Archives/edgar/data/0001448056/000131547822000044/NEWR_123121.txt"}, {"form_type": "SC 13G/A", "filings_date": "2022-02-10", "url": "https://www.sec.gov/Archives/edgar/data/0001448056/000110465922018174/tv01510-newrelicinc.htm"}, {"form_type": "SC 13G/A", "filings_date": "2022-02-09", "url": "https://www.sec.gov/Archives/edgar/data/0001448056/000144805622000009/newrsc13ga2022.htm"}, {"form_type": "10-Q", "filings_date": "2022-02-08", "url": "https://www.sec.gov/Archives/edgar/data/0001448056/000144805622000005/newr-20211231.htm"}, {"form_type": "8-K", "filings_date": "2022-02-08", "url": "https://www.sec.gov/Archives/edgar/data/0001448056/000144805622000004/newr-20220208.htm"}, {"form_type": "4", "filings_date": "2022-01-04", "url": "https://www.sec.gov/Archives/edgar/data/0001448056/000162392022000002/xslF345X03/wf-form4_164133346917294.xml"}, {"form_type": "4", "filings_date": "2021-12-27", "url": "https://www.sec.gov/Archives/edgar/data/0001448056/000120919121071306/xslF345X03/doc4.xml"}, {"form_type": "4", "filings_date": "2021-12-16", "url": "https://www.sec.gov/Archives/edgar/data/0001448056/000120919121070031/xslF345X03/doc4.xml"}, {"form_type": "3", "filings_date": "2021-12-16", "url": "https://www.sec.gov/Archives/edgar/data/0001448056/000120919121070030/xslF345X02/doc3.xml"}, {"form_type": "8-K", "filings_date": "2021-12-16", "url": "https://www.sec.gov/Archives/edgar/data/0001448056/000144805621000074/newr-20211214.htm"}, {"form_type": "4", "filings_date": "2021-12-02", "url": "https://www.sec.gov/Archives/edgar/data/0001448056/000162392021000033/xslF345X03/wf-form4_163849344584016.xml"}, {"form_type": "4", "filings_date": "2021-11-18", "url": "https://www.sec.gov/Archives/edgar/data/0001448056/000186954521000006/xslF345X03/wf-form4_163728450442621.xml"}, {"form_type": "4", "filings_date": "2021-11-17", "url": "https://www.sec.gov/Archives/edgar/data/0001448056/000162828021023755/xslF345X03/wf-form4_163719359490064.xml"}, {"form_type": "4", "filings_date": "2021-11-17", "url": "https://www.sec.gov/Archives/edgar/data/0001448056/000162394421000006/xslF345X03/wf-form4_163719279645228.xml"}, {"form_type": "4", "filings_date": "2021-11-17", "url": "https://www.sec.gov/Archives/edgar/data/0001448056/000162828021023752/xslF345X03/wf-form4_163719261595414.xml"}, {"form_type": "4", "filings_date": "2021-11-17", "url": "https://www.sec.gov/Archives/edgar/data/0001448056/000162392021000031/xslF345X03/wf-form4_163719249119300.xml"}, {"form_type": "4", "filings_date": "2021-11-17", "url": "https://www.sec.gov/Archives/edgar/data/0001448056/000162828021023750/xslF345X03/wf-form4_163719214107593.xml"}, {"form_type": "4", "filings_date": "2021-11-17", "url": "https://www.sec.gov/Archives/edgar/data/0001448056/000162828021023748/xslF345X03/wf-form4_163719203652309.xml"}, {"form_type": "4", "filings_date": "2021-11-17", "url": "https://www.sec.gov/Archives/edgar/data/0001448056/000162828021023745/xslF345X03/wf-form4_163719190535820.xml"}, {"form_type": "10-Q", "filings_date": "2021-11-08", "url": "https://www.sec.gov/Archives/edgar/data/0001448056/000144805621000070/newr-20210930.htm"}, {"form_type": "8-K", "filings_date": "2021-11-08", "url": "https://www.sec.gov/Archives/edgar/data/0001448056/000144805621000068/newr-20211108.htm"}, {"form_type": "4", "filings_date": "2021-11-02", "url": "https://www.sec.gov/Archives/edgar/data/0001448056/000162392021000029/xslF345X03/wf-form4_163588765385798.xml"}, {"form_type": "4", "filings_date": "2021-10-04", "url": "https://www.sec.gov/Archives/edgar/data/0001448056/000162392021000027/xslF345X03/wf-form4_163339281492472.xml"}, {"form_type": "4", "filings_date": "2021-09-02", "url": "https://www.sec.gov/Archives/edgar/data/0001448056/000162392021000025/xslF345X03/wf-form4_163061584525306.xml"}, {"form_type": "4", "filings_date": "2021-08-19", "url": "https://www.sec.gov/Archives/edgar/data/0001448056/000162828021017372/xslF345X03/wf-form4_162941396737862.xml"}, {"form_type": "4", "filings_date": "2021-08-19", "url": "https://www.sec.gov/Archives/edgar/data/0001448056/000162828021017370/xslF345X03/wf-form4_162941380218515.xml"}, {"form_type": "4", "filings_date": "2021-08-19", "url": "https://www.sec.gov/Archives/edgar/data/0001448056/000162828021017367/xslF345X03/wf-form4_162941361694877.xml"}, {"form_type": "4", "filings_date": "2021-08-19", "url": "https://www.sec.gov/Archives/edgar/data/0001448056/000162828021017363/xslF345X03/wf-form4_162941350475869.xml"}, {"form_type": "4", "filings_date": "2021-08-19", "url": "https://www.sec.gov/Archives/edgar/data/0001448056/000162828021017361/xslF345X03/wf-form4_162941336925204.xml"}, {"form_type": "4", "filings_date": "2021-08-19", "url": "https://www.sec.gov/Archives/edgar/data/0001448056/000162828021017358/xslF345X03/wf-form4_162941317389628.xml"}, {"form_type": "4", "filings_date": "2021-08-19", "url": "https://www.sec.gov/Archives/edgar/data/0001448056/000162828021017356/xslF345X03/wf-form4_162941306059715.xml"}, {"form_type": "4", "filings_date": "2021-08-19", "url": "https://www.sec.gov/Archives/edgar/data/0001448056/000186954621000004/xslF345X03/wf-form4_162941291825080.xml"}, {"form_type": "8-K", "filings_date": "2021-08-19", "url": "https://www.sec.gov/Archives/edgar/data/0001448056/000144805621000060/newr-20210818.htm"}, {"form_type": "4", "filings_date": "2021-08-18", "url": "https://www.sec.gov/Archives/edgar/data/0001448056/000186954521000004/xslF345X03/wf-form4_162932639428499.xml"}, {"form_type": "4", "filings_date": "2021-08-17", "url": "https://www.sec.gov/Archives/edgar/data/0001448056/000162828021017210/xslF345X03/wf-form4_162923798966681.xml"}, {"form_type": "4", "filings_date": "2021-08-17", "url": "https://www.sec.gov/Archives/edgar/data/0001448056/000162828021017206/xslF345X03/wf-form4_162923708833748.xml"}, {"form_type": "4", "filings_date": "2021-08-17", "url": "https://www.sec.gov/Archives/edgar/data/0001448056/000162828021017204/xslF345X03/wf-form4_162923689930276.xml"}, {"form_type": "4", "filings_date": "2021-08-17", "url": "https://www.sec.gov/Archives/edgar/data/0001448056/000162828021017202/xslF345X03/wf-form4_162923675802680.xml"}, {"form_type": "4", "filings_date": "2021-08-17", "url": "https://www.sec.gov/Archives/edgar/data/0001448056/000162828021017200/xslF345X03/wf-form4_162923659395837.xml"}, {"form_type": "4", "filings_date": "2021-08-17", "url": "https://www.sec.gov/Archives/edgar/data/0001448056/000162828021017198/xslF345X03/wf-form4_162923647798884.xml"}, {"form_type": "4", "filings_date": "2021-08-17", "url": "https://www.sec.gov/Archives/edgar/data/0001448056/000162828021017196/xslF345X03/wf-form4_162923634475030.xml"}, {"form_type": "4", "filings_date": "2021-08-17", "url": "https://www.sec.gov/Archives/edgar/data/0001448056/000162828021017194/xslF345X03/wf-form4_162923622563059.xml"}, {"form_type": "4", "filings_date": "2021-08-17", "url": "https://www.sec.gov/Archives/edgar/data/0001448056/000162394421000004/xslF345X03/wf-form4_162923420218509.xml"}, {"form_type": "4", "filings_date": "2021-08-17", "url": "https://www.sec.gov/Archives/edgar/data/0001448056/000186211321000002/xslF345X03/wf-form4_162923360269374.xml"}, {"form_type": "4", "filings_date": "2021-08-17", "url": "https://www.sec.gov/Archives/edgar/data/0001448056/000186954621000002/xslF345X03/wf-form4_162923337900780.xml"}, {"form_type": "4", "filings_date": "2021-08-17", "url": "https://www.sec.gov/Archives/edgar/data/0001448056/000186954521000002/xslF345X03/wf-form4_162923312923023.xml"}, {"form_type": "4", "filings_date": "2021-08-17", "url": "https://www.sec.gov/Archives/edgar/data/0001448056/000162392021000023/xslF345X03/wf-form4_162923222849441.xml"}, {"form_type": "4", "filings_date": "2021-08-05", "url": "https://www.sec.gov/Archives/edgar/data/0001448056/000162392021000021/xslF345X03/wf-form4_162820520366957.xml"}, {"form_type": "10-Q", "filings_date": "2021-08-04", "url": "https://www.sec.gov/Archives/edgar/data/0001448056/000144805621000057/newr-20210630.htm"}, {"form_type": "4", "filings_date": "2021-08-03", "url": "https://www.sec.gov/Archives/edgar/data/0001448056/000162392021000019/xslF345X03/wf-form4_162802473767152.xml"}, {"form_type": "8-K", "filings_date": "2021-08-03", "url": "https://www.sec.gov/Archives/edgar/data/0001448056/000144805621000054/newr-20210803.htm"}, {"form_type": "DEFA14A", "filings_date": "2021-07-19", "url": "https://www.sec.gov/Archives/edgar/data/0001448056/000144805621000047/jul-19x21defa14a.htm"}, {"form_type": "SC 13D", "filings_date": "2021-07-06", "url": "https://www.sec.gov/Archives/edgar/data/0001448056/000146902621000009/13d_newr.htm"}, {"form_type": "DEFA14A", "filings_date": "2021-07-06", "url": "https://www.sec.gov/Archives/edgar/data/0001448056/000144805621000044/a2021defa14a.htm"}, {"form_type": "DEF 14A", "filings_date": "2021-07-06", "url": "https://www.sec.gov/Archives/edgar/data/0001448056/000144805621000042/a2021proxy.htm"}, {"form_type": "4", "filings_date": "2021-07-02", "url": "https://www.sec.gov/Archives/edgar/data/0001448056/000162392021000017/xslF345X03/wf-form4_162525708340600.xml"}, {"form_type": "3", "filings_date": "2021-07-01", "url": "https://www.sec.gov/Archives/edgar/data/0001448056/000120919121044626/xslF345X02/doc3.xml"}, {"form_type": "4", "filings_date": "2021-06-25", "url": "https://www.sec.gov/Archives/edgar/data/0001448056/000120919121043312/xslF345X03/doc4.xml"}, {"form_type": "3", "filings_date": "2021-06-25", "url": "https://www.sec.gov/Archives/edgar/data/0001448056/000120919121043309/xslF345X02/doc3.xml"}, {"form_type": "PRE 14A", "filings_date": "2021-06-25", "url": "https://www.sec.gov/Archives/edgar/data/0001448056/000144805621000038/a2021proxy.htm"}, {"form_type": "8-K", "filings_date": "2021-06-25", "url": "https://www.sec.gov/Archives/edgar/data/0001448056/000144805621000036/newr-20210624.htm"}, {"form_type": "4", "filings_date": "2021-06-03", "url": "https://www.sec.gov/Archives/edgar/data/0001448056/000162392021000015/xslF345X03/wf-form4_162276335043898.xml"}, {"form_type": "4", "filings_date": "2021-06-02", "url": "https://www.sec.gov/Archives/edgar/data/0001448056/000162392021000013/xslF345X03/wf-form4_162267671460130.xml"}, {"form_type": "4", "filings_date": "2021-05-18", "url": "https://www.sec.gov/Archives/edgar/data/0001448056/000162828021010621/xslF345X03/wf-form4_162137480950253.xml"}, {"form_type": "4", "filings_date": "2021-05-18", "url": "https://www.sec.gov/Archives/edgar/data/0001448056/000162828021010619/xslF345X03/wf-form4_162137459766711.xml"}, {"form_type": "4", "filings_date": "2021-05-18", "url": "https://www.sec.gov/Archives/edgar/data/0001448056/000131933121000006/xslF345X03/wf-form4_162137445227538.xml"}, {"form_type": "4", "filings_date": "2021-05-18", "url": "https://www.sec.gov/Archives/edgar/data/0001448056/000162392021000011/xslF345X03/wf-form4_162137423002598.xml"}, {"form_type": "4", "filings_date": "2021-05-18", "url": "https://www.sec.gov/Archives/edgar/data/0001448056/000162828021010617/xslF345X03/wf-form4_162137407294117.xml"}, {"form_type": "4", "filings_date": "2021-05-18", "url": "https://www.sec.gov/Archives/edgar/data/0001448056/000120919121033637/xslF345X03/doc4.xml"}, {"form_type": "3", "filings_date": "2021-05-18", "url": "https://www.sec.gov/Archives/edgar/data/0001448056/000120919121033632/xslF345X02/doc3.xml"}, {"form_type": "4", "filings_date": "2021-05-18", "url": "https://www.sec.gov/Archives/edgar/data/0001448056/000162828021010614/xslF345X03/wf-form4_162137374940944.xml"}, {"form_type": "S-8", "filings_date": "2021-05-14", "url": "https://www.sec.gov/Archives/edgar/data/0001448056/000144805621000028/s-8fy2021.htm"}, {"form_type": "10-K", "filings_date": "2021-05-14", "url": "https://www.sec.gov/Archives/edgar/data/0001448056/000144805621000025/newr-20210331.htm"}, {"form_type": "8-K", "filings_date": "2021-05-13", "url": "https://www.sec.gov/Archives/edgar/data/0001448056/000144805621000020/newr-20210508.htm"}, {"form_type": "4", "filings_date": "2021-05-04", "url": "https://www.sec.gov/Archives/edgar/data/0001448056/000162392021000009/xslF345X03/wf-form4_162016939693825.xml"}, {"form_type": "4", "filings_date": "2021-04-07", "url": "https://www.sec.gov/Archives/edgar/data/0001448056/000120919121025898/xslF345X03/doc4.xml"}, {"form_type": "8-K", "filings_date": "2021-04-06", "url": "https://www.sec.gov/Archives/edgar/data/0001448056/000144805621000011/newr-20210406.htm"}, {"form_type": "4", "filings_date": "2021-04-05", "url": "https://www.sec.gov/Archives/edgar/data/0001448056/000120919121025275/xslF345X03/doc4.xml"}, {"form_type": "4", "filings_date": "2021-03-03", "url": "https://www.sec.gov/Archives/edgar/data/0001448056/000120919121017253/xslF345X03/doc4.xml"}, {"form_type": "4", "filings_date": "2021-02-18", "url": "https://www.sec.gov/Archives/edgar/data/0001448056/000120919121011953/xslF345X03/doc4.xml"}, {"form_type": "4", "filings_date": "2021-02-17", "url": "https://www.sec.gov/Archives/edgar/data/0001448056/000120919121011472/xslF345X03/doc4.xml"}, {"form_type": "4", "filings_date": "2021-02-17", "url": "https://www.sec.gov/Archives/edgar/data/0001448056/000120919121011361/xslF345X03/doc4.xml"}, {"form_type": "4", "filings_date": "2021-02-17", "url": "https://www.sec.gov/Archives/edgar/data/0001448056/000120919121011357/xslF345X03/doc4.xml"}, {"form_type": "4", "filings_date": "2021-02-17", "url": "https://www.sec.gov/Archives/edgar/data/0001448056/000120919121011350/xslF345X03/doc4.xml"}, {"form_type": "4", "filings_date": "2021-02-17", "url": "https://www.sec.gov/Archives/edgar/data/0001448056/000120919121011346/xslF345X03/doc4.xml"}, {"form_type": "SC 13G/A", "filings_date": "2021-02-17", "url": "https://www.sec.gov/Archives/edgar/data/0001448056/000146902621000007/20210216NewRelic13g.txt"}, {"form_type": "SC 13G/A", "filings_date": "2021-02-16", "url": "https://www.sec.gov/Archives/edgar/data/0001448056/000090266421001369/p21-0511sc13ga.htm"}, {"form_type": "SC 13G", "filings_date": "2021-02-16", "url": "https://www.sec.gov/Archives/edgar/data/0001448056/000090266421001347/p21-0673sc13g.htm"}, {"form_type": "SC 13G/A", "filings_date": "2021-02-12", "url": "https://www.sec.gov/Archives/edgar/data/0001448056/000131547821000017/NEWR_123120.txt"}, {"form_type": "SC 13G/A", "filings_date": "2021-02-10", "url": "https://www.sec.gov/Archives/edgar/data/0001448056/000110465921018715/tv01475-newrelicinc.htm"}, {"form_type": "SC 13G/A", "filings_date": "2021-02-09", "url": "https://www.sec.gov/Archives/edgar/data/0001448056/000162392021000002/newrsc13ga2021.htm"}, {"form_type": "SC 13G", "filings_date": "2021-02-05", "url": "https://www.sec.gov/Archives/edgar/data/0001448056/000083423721007370/us64829b1008_020421.txt"}, {"form_type": "10-Q", "filings_date": "2021-02-05", "url": "https://www.sec.gov/Archives/edgar/data/0001448056/000144805621000008/newr-20201231.htm"}, {"form_type": "8-K", "filings_date": "2021-02-04", "url": "https://www.sec.gov/Archives/edgar/data/0001448056/000144805621000006/newr-20210204.htm"}, {"form_type": "8-K", "filings_date": "2021-01-08", "url": "https://www.sec.gov/Archives/edgar/data/0001448056/000144805621000003/newr-20210105.htm"}, {"form_type": "4", "filings_date": "2021-01-06", "url": "https://www.sec.gov/Archives/edgar/data/0001448056/000120919121002300/xslF345X03/doc4.xml"}, {"form_type": "8-K/A", "filings_date": "2020-12-22", "url": "https://www.sec.gov/Archives/edgar/data/0001448056/000144805620000047/newr-20201208.htm"}, {"form_type": "8-K", "filings_date": "2020-12-10", "url": "https://www.sec.gov/Archives/edgar/data/0001448056/000144805620000044/newr-20201208.htm"}, {"form_type": "4", "filings_date": "2020-12-03", "url": "https://www.sec.gov/Archives/edgar/data/0001448056/000120919120061533/xslF345X03/doc4.xml"}, {"form_type": "4", "filings_date": "2020-11-17", "url": "https://www.sec.gov/Archives/edgar/data/0001448056/000120919120058867/xslF345X03/doc4.xml"}, {"form_type": "4", "filings_date": "2020-11-17", "url": "https://www.sec.gov/Archives/edgar/data/0001448056/000120919120058866/xslF345X03/doc4.xml"}, {"form_type": "4", "filings_date": "2020-11-17", "url": "https://www.sec.gov/Archives/edgar/data/0001448056/000120919120058862/xslF345X03/doc4.xml"}, {"form_type": "4", "filings_date": "2020-11-17", "url": "https://www.sec.gov/Archives/edgar/data/0001448056/000120919120058860/xslF345X03/doc4.xml"}, {"form_type": "4", "filings_date": "2020-11-10", "url": "https://www.sec.gov/Archives/edgar/data/0001448056/000120919120057776/xslF345X03/doc4.xml"}, {"form_type": "10-Q", "filings_date": "2020-11-06", "url": "https://www.sec.gov/Archives/edgar/data/0001448056/000144805620000041/newr-20200930.htm"}, {"form_type": "8-K", "filings_date": "2020-11-05", "url": "https://www.sec.gov/Archives/edgar/data/0001448056/000144805620000039/newr-20201103.htm"}, {"form_type": "4", "filings_date": "2020-11-04", "url": "https://www.sec.gov/Archives/edgar/data/0001448056/000120919120056917/xslF345X03/doc4.xml"}, {"form_type": "4", "filings_date": "2020-10-02", "url": "https://www.sec.gov/Archives/edgar/data/0001448056/000120919120053309/xslF345X03/doc4.xml"}, {"form_type": "4", "filings_date": "2020-09-03", "url": "https://www.sec.gov/Archives/edgar/data/0001448056/000120919120049486/xslF345X03/doc4.xml"}, {"form_type": "4", "filings_date": "2020-08-28", "url": "https://www.sec.gov/Archives/edgar/data/0001448056/000120919120048660/xslF345X03/doc4.xml"}, {"form_type": "4", "filings_date": "2020-08-21", "url": "https://www.sec.gov/Archives/edgar/data/0001448056/000120919120047979/xslF345X03/doc4.xml"}, {"form_type": "4", "filings_date": "2020-08-21", "url": "https://www.sec.gov/Archives/edgar/data/0001448056/000120919120047977/xslF345X03/doc4.xml"}, {"form_type": "3", "filings_date": "2020-08-21", "url": "https://www.sec.gov/Archives/edgar/data/0001448056/000120919120047974/xslF345X02/doc3.xml"}, {"form_type": "3", "filings_date": "2020-08-21", "url": "https://www.sec.gov/Archives/edgar/data/0001448056/000120919120047972/xslF345X02/doc3.xml"}, {"form_type": "4", "filings_date": "2020-08-21", "url": "https://www.sec.gov/Archives/edgar/data/0001448056/000120919120047970/xslF345X03/doc4.xml"}, {"form_type": "4", "filings_date": "2020-08-21", "url": "https://www.sec.gov/Archives/edgar/data/0001448056/000120919120047969/xslF345X03/doc4.xml"}, {"form_type": "4", "filings_date": "2020-08-21", "url": "https://www.sec.gov/Archives/edgar/data/0001448056/000120919120047967/xslF345X03/doc4.xml"}, {"form_type": "4", "filings_date": "2020-08-21", "url": "https://www.sec.gov/Archives/edgar/data/0001448056/000120919120047966/xslF345X03/doc4.xml"}, {"form_type": "4", "filings_date": "2020-08-21", "url": "https://www.sec.gov/Archives/edgar/data/0001448056/000120919120047964/xslF345X03/doc4.xml"}, {"form_type": "8-K", "filings_date": "2020-08-19", "url": "https://www.sec.gov/Archives/edgar/data/0001448056/000144805620000035/newr-20200819.htm"}, {"form_type": "4", "filings_date": "2020-08-19", "url": "https://www.sec.gov/Archives/edgar/data/0001448056/000120919120047512/xslF345X03/doc4.xml"}, {"form_type": "4", "filings_date": "2020-08-18", "url": "https://www.sec.gov/Archives/edgar/data/0001448056/000120919120047282/xslF345X03/doc4.xml"}, {"form_type": "4", "filings_date": "2020-08-18", "url": "https://www.sec.gov/Archives/edgar/data/0001448056/000120919120047277/xslF345X03/doc4.xml"}, {"form_type": "4", "filings_date": "2020-08-18", "url": "https://www.sec.gov/Archives/edgar/data/0001448056/000120919120047276/xslF345X03/doc4.xml"}, {"form_type": "4", "filings_date": "2020-08-18", "url": "https://www.sec.gov/Archives/edgar/data/0001448056/000120919120047273/xslF345X03/doc4.xml"}, {"form_type": "4", "filings_date": "2020-08-18", "url": "https://www.sec.gov/Archives/edgar/data/0001448056/000120919120047271/xslF345X03/doc4.xml"}, {"form_type": "4", "filings_date": "2020-08-18", "url": "https://www.sec.gov/Archives/edgar/data/0001448056/000120919120047270/xslF345X03/doc4.xml"}, {"form_type": "4", "filings_date": "2020-08-18", "url": "https://www.sec.gov/Archives/edgar/data/0001448056/000120919120047268/xslF345X03/doc4.xml"}, {"form_type": "4", "filings_date": "2020-08-18", "url": "https://www.sec.gov/Archives/edgar/data/0001448056/000120919120047267/xslF345X03/doc4.xml"}, {"form_type": "SC 13G", "filings_date": "2020-08-17", "url": "https://www.sec.gov/Archives/edgar/data/0001448056/000146902620000006/NewRelic13g082020.txt"}, {"form_type": "4", "filings_date": "2020-08-07", "url": "https://www.sec.gov/Archives/edgar/data/0001448056/000120919120045764/xslF345X03/doc4.xml"}, {"form_type": "10-Q", "filings_date": "2020-08-05", "url": "https://www.sec.gov/Archives/edgar/data/0001448056/000144805620000032/newr-20200630.htm"}, {"form_type": "4", "filings_date": "2020-08-04", "url": "https://www.sec.gov/Archives/edgar/data/0001448056/000120919120044814/xslF345X03/doc4.xml"}, {"form_type": "8-K", "filings_date": "2020-08-04", "url": "https://www.sec.gov/Archives/edgar/data/0001448056/000144805620000030/newr-20200804.htm"}, {"form_type": "DEFA14A", "filings_date": "2020-07-07", "url": "https://www.sec.gov/Archives/edgar/data/0001448056/000144805620000025/a2020defa14a.htm"}, {"form_type": "DEF 14A", "filings_date": "2020-07-07", "url": "https://www.sec.gov/Archives/edgar/data/0001448056/000144805620000023/a2020proxy.htm"}, {"form_type": "4", "filings_date": "2020-07-02", "url": "https://www.sec.gov/Archives/edgar/data/0001448056/000120919120040490/xslF345X03/doc4.xml"}, {"form_type": "8-K", "filings_date": "2020-06-24", "url": "https://www.sec.gov/Archives/edgar/data/0001448056/000144805620000019/newr-20200622.htm"}, {"form_type": "4", "filings_date": "2020-06-02", "url": "https://www.sec.gov/Archives/edgar/data/0001448056/000120919120033636/xslF345X03/doc4.xml"}, {"form_type": "4", "filings_date": "2020-05-19", "url": "https://www.sec.gov/Archives/edgar/data/0001448056/000120919120030522/xslF345X03/doc4.xml"}, {"form_type": "4", "filings_date": "2020-05-19", "url": "https://www.sec.gov/Archives/edgar/data/0001448056/000120919120030521/xslF345X03/doc4.xml"}, {"form_type": "4", "filings_date": "2020-05-19", "url": "https://www.sec.gov/Archives/edgar/data/0001448056/000120919120030519/xslF345X03/doc4.xml"}, {"form_type": "4", "filings_date": "2020-05-19", "url": "https://www.sec.gov/Archives/edgar/data/0001448056/000120919120030516/xslF345X03/doc4.xml"}, {"form_type": "4", "filings_date": "2020-05-19", "url": "https://www.sec.gov/Archives/edgar/data/0001448056/000120919120030512/xslF345X03/doc4.xml"}, {"form_type": "S-8", "filings_date": "2020-05-15", "url": "https://www.sec.gov/Archives/edgar/data/0001448056/000144805620000016/s-8fy2020.htm"}, {"form_type": "10-K", "filings_date": "2020-05-15", "url": "https://www.sec.gov/Archives/edgar/data/0001448056/000144805620000014/newr-20200331.htm"}, {"form_type": "8-K", "filings_date": "2020-05-14", "url": "https://www.sec.gov/Archives/edgar/data/0001448056/000144805620000012/newr-20200514.htm"}, {"form_type": "4", "filings_date": "2020-05-05", "url": "https://www.sec.gov/Archives/edgar/data/0001448056/000120919120027288/xslF345X03/doc4.xml"}, {"form_type": "4", "filings_date": "2020-04-16", "url": "https://www.sec.gov/Archives/edgar/data/0001448056/000120919120024667/xslF345X03/doc4.xml"}, {"form_type": "4", "filings_date": "2020-04-16", "url": "https://www.sec.gov/Archives/edgar/data/0001448056/000120919120024665/xslF345X03/doc4.xml"}, {"form_type": "4", "filings_date": "2020-04-16", "url": "https://www.sec.gov/Archives/edgar/data/0001448056/000120919120024663/xslF345X03/doc4.xml"}, {"form_type": "4", "filings_date": "2020-04-03", "url": "https://www.sec.gov/Archives/edgar/data/0001448056/000120919120023465/xslF345X03/doc4.xml"}, {"form_type": "4", "filings_date": "2020-03-13", "url": "https://www.sec.gov/Archives/edgar/data/0001448056/000120919120018920/xslF345X03/doc4.xml"}, {"form_type": "4", "filings_date": "2020-03-03", "url": "https://www.sec.gov/Archives/edgar/data/0001448056/000120919120015220/xslF345X03/doc4.xml"}, {"form_type": "3/A", "filings_date": "2020-02-20", "url": "https://www.sec.gov/Archives/edgar/data/0001448056/000120919120011152/xslF345X02/doc3a.xml"}, {"form_type": "4", "filings_date": "2020-02-19", "url": "https://www.sec.gov/Archives/edgar/data/0001448056/000120919120010814/xslF345X03/doc4.xml"}, {"form_type": "3", "filings_date": "2020-02-19", "url": "https://www.sec.gov/Archives/edgar/data/0001448056/000120919120010813/xslF345X02/doc3.xml"}, {"form_type": "4", "filings_date": "2020-02-19", "url": "https://www.sec.gov/Archives/edgar/data/0001448056/000120919120010811/xslF345X03/doc4.xml"}, {"form_type": "4", "filings_date": "2020-02-19", "url": "https://www.sec.gov/Archives/edgar/data/0001448056/000120919120010810/xslF345X03/doc4.xml"}, {"form_type": "4", "filings_date": "2020-02-19", "url": "https://www.sec.gov/Archives/edgar/data/0001448056/000120919120010808/xslF345X03/doc4.xml"}, {"form_type": "SC 13G", "filings_date": "2020-02-13", "url": "https://www.sec.gov/Archives/edgar/data/0001448056/000131547820000025/NEWR_123119.txt"}, {"form_type": "SC 13G/A", "filings_date": "2020-02-12", "url": "https://www.sec.gov/Archives/edgar/data/0001448056/000110465920018301/tv01598-newrelicinc.htm"}, {"form_type": "4", "filings_date": "2020-02-11", "url": "https://www.sec.gov/Archives/edgar/data/0001448056/000120919120008296/xslF345X03/doc4.xml"}, {"form_type": "SC 13G/A", "filings_date": "2020-02-10", "url": "https://www.sec.gov/Archives/edgar/data/0001448056/000162392020000003/newrsc13ga2020.htm"}, {"form_type": "10-Q", "filings_date": "2020-02-05", "url": "https://www.sec.gov/Archives/edgar/data/0001448056/000144805620000007/newr-20191231.htm"}, {"form_type": "8-K", "filings_date": "2020-02-04", "url": "https://www.sec.gov/Archives/edgar/data/0001448056/000144805620000005/newr-20200204.htm"}, {"form_type": "SC 13G/A", "filings_date": "2020-01-10", "url": "https://www.sec.gov/Archives/edgar/data/0001448056/000008025520000012/newr13gadec19.txt"}, {"form_type": "4", "filings_date": "2020-01-03", "url": "https://www.sec.gov/Archives/edgar/data/0001448056/000120919120001374/xslF345X03/doc4.xml"}, {"form_type": "4", "filings_date": "2019-12-05", "url": "https://www.sec.gov/Archives/edgar/data/0001448056/000120919119059401/xslF345X03/doc4.xml"}, {"form_type": "4", "filings_date": "2019-11-19", "url": "https://www.sec.gov/Archives/edgar/data/0001448056/000120919119057164/xslF345X03/doc4.xml"}, {"form_type": "4", "filings_date": "2019-11-19", "url": "https://www.sec.gov/Archives/edgar/data/0001448056/000120919119057162/xslF345X03/doc4.xml"}, {"form_type": "4", "filings_date": "2019-11-19", "url": "https://www.sec.gov/Archives/edgar/data/0001448056/000120919119057161/xslF345X03/doc4.xml"}, {"form_type": "4", "filings_date": "2019-11-19", "url": "https://www.sec.gov/Archives/edgar/data/0001448056/000120919119057159/xslF345X03/doc4.xml"}, {"form_type": "SC 13G/A", "filings_date": "2019-11-12", "url": "https://www.sec.gov/Archives/edgar/data/0001448056/000031506619001761/filing.txt"}, {"form_type": "4", "filings_date": "2019-11-06", "url": "https://www.sec.gov/Archives/edgar/data/0001448056/000120919119055508/xslF345X03/doc4.xml"}, {"form_type": "10-Q", "filings_date": "2019-11-06", "url": "https://www.sec.gov/Archives/edgar/data/0001448056/000144805619000049/newr-20190930.htm"}, {"form_type": "8-K", "filings_date": "2019-11-05", "url": "https://www.sec.gov/Archives/edgar/data/0001448056/000144805619000048/newr-20191105.htm"}, {"form_type": "4", "filings_date": "2019-10-04", "url": "https://www.sec.gov/Archives/edgar/data/0001448056/000120919119052558/xslF345X03/doc4.xml"}, {"form_type": "8-K", "filings_date": "2019-09-25", "url": "https://www.sec.gov/Archives/edgar/data/0001448056/000144805619000045/newr-20190924.htm"}, {"form_type": "8-K", "filings_date": "2019-09-16", "url": "https://www.sec.gov/Archives/edgar/data/0001448056/000144805619000043/newr-20190912.htm"}, {"form_type": "4", "filings_date": "2019-09-12", "url": "https://www.sec.gov/Archives/edgar/data/0001448056/000120919119049303/xslF345X03/doc4.xml"}, {"form_type": "4", "filings_date": "2019-09-05", "url": "https://www.sec.gov/Archives/edgar/data/0001448056/000120919119048560/xslF345X03/doc4.xml"}, {"form_type": "4", "filings_date": "2019-08-23", "url": "https://www.sec.gov/Archives/edgar/data/0001448056/000120919119047377/xslF345X03/doc4.xml"}, {"form_type": "4", "filings_date": "2019-08-23", "url": "https://www.sec.gov/Archives/edgar/data/0001448056/000120919119047376/xslF345X03/doc4.xml"}, {"form_type": "4", "filings_date": "2019-08-23", "url": "https://www.sec.gov/Archives/edgar/data/0001448056/000120919119047375/xslF345X03/doc4.xml"}, {"form_type": "4", "filings_date": "2019-08-23", "url": "https://www.sec.gov/Archives/edgar/data/0001448056/000120919119047374/xslF345X03/doc4.xml"}, {"form_type": "4", "filings_date": "2019-08-23", "url": "https://www.sec.gov/Archives/edgar/data/0001448056/000120919119047373/xslF345X03/doc4.xml"}, {"form_type": "4", "filings_date": "2019-08-23", "url": "https://www.sec.gov/Archives/edgar/data/0001448056/000120919119047372/xslF345X03/doc4.xml"}, {"form_type": "4", "filings_date": "2019-08-23", "url": "https://www.sec.gov/Archives/edgar/data/0001448056/000120919119047371/xslF345X03/doc4.xml"}, {"form_type": "4", "filings_date": "2019-08-23", "url": "https://www.sec.gov/Archives/edgar/data/0001448056/000120919119047370/xslF345X03/doc4.xml"}, {"form_type": "8-K", "filings_date": "2019-08-23", "url": "https://www.sec.gov/Archives/edgar/data/0001448056/000144805619000040/newr-20190822.htm"}, {"form_type": "4", "filings_date": "2019-08-19", "url": "https://www.sec.gov/Archives/edgar/data/0001448056/000120919119046687/xslF345X03/doc4.xml"}, {"form_type": "4", "filings_date": "2019-08-19", "url": "https://www.sec.gov/Archives/edgar/data/0001448056/000120919119046604/xslF345X03/doc4.xml"}, {"form_type": "4", "filings_date": "2019-08-19", "url": "https://www.sec.gov/Archives/edgar/data/0001448056/000120919119046600/xslF345X03/doc4.xml"}, {"form_type": "4", "filings_date": "2019-08-19", "url": "https://www.sec.gov/Archives/edgar/data/0001448056/000120919119046597/xslF345X03/doc4.xml"}, {"form_type": "4", "filings_date": "2019-08-19", "url": "https://www.sec.gov/Archives/edgar/data/0001448056/000120919119046590/xslF345X03/doc4.xml"}, {"form_type": "4", "filings_date": "2019-08-19", "url": "https://www.sec.gov/Archives/edgar/data/0001448056/000120919119046588/xslF345X03/doc4.xml"}, {"form_type": "4", "filings_date": "2019-08-19", "url": "https://www.sec.gov/Archives/edgar/data/0001448056/000120919119046585/xslF345X03/doc4.xml"}, {"form_type": "4", "filings_date": "2019-08-19", "url": "https://www.sec.gov/Archives/edgar/data/0001448056/000120919119046582/xslF345X03/doc4.xml"}, {"form_type": "4", "filings_date": "2019-08-19", "url": "https://www.sec.gov/Archives/edgar/data/0001448056/000120919119046579/xslF345X03/doc4.xml"}, {"form_type": "4", "filings_date": "2019-08-19", "url": "https://www.sec.gov/Archives/edgar/data/0001448056/000120919119046577/xslF345X03/doc4.xml"}, {"form_type": "4", "filings_date": "2019-08-19", "url": "https://www.sec.gov/Archives/edgar/data/0001448056/000120919119046572/xslF345X03/doc4.xml"}, {"form_type": "4", "filings_date": "2019-08-14", "url": "https://www.sec.gov/Archives/edgar/data/0001448056/000120919119045936/xslF345X03/doc4.xml"}, {"form_type": "4", "filings_date": "2019-08-14", "url": "https://www.sec.gov/Archives/edgar/data/0001448056/000120919119045933/xslF345X03/doc4.xml"}, {"form_type": "SC 13G", "filings_date": "2019-08-12", "url": "https://www.sec.gov/Archives/edgar/data/0001448056/000008025519002895/newr13gjul19.txt"}, {"form_type": "10-Q", "filings_date": "2019-08-07", "url": "https://www.sec.gov/Archives/edgar/data/0001448056/000144805619000037/newr6301910q.htm"}, {"form_type": "8-K", "filings_date": "2019-08-06", "url": "https://www.sec.gov/Archives/edgar/data/0001448056/000144805619000035/q18k2020.htm"}, {"form_type": "4", "filings_date": "2019-08-05", "url": "https://www.sec.gov/Archives/edgar/data/0001448056/000120919119044718/xslF345X03/doc4.xml"}, {"form_type": "4", "filings_date": "2019-07-15", "url": "https://www.sec.gov/Archives/edgar/data/0001448056/000120919119042112/xslF345X03/doc4.xml"}, {"form_type": "4", "filings_date": "2019-07-10", "url": "https://www.sec.gov/Archives/edgar/data/0001448056/000120919119041752/xslF345X03/doc4.xml"}, {"form_type": "DEFA14A", "filings_date": "2019-07-10", "url": "https://www.sec.gov/Archives/edgar/data/0001448056/000144805619000030/a2019defa14a.htm"}, {"form_type": "DEF 14A", "filings_date": "2019-07-10", "url": "https://www.sec.gov/Archives/edgar/data/0001448056/000144805619000029/a2019proxy.htm"}, {"form_type": "SC 13G/A", "filings_date": "2019-07-10", "url": "https://www.sec.gov/Archives/edgar/data/0001448056/000021545719008100/us64829b1008_071019.txt"}, {"form_type": "4", "filings_date": "2019-07-09", "url": "https://www.sec.gov/Archives/edgar/data/0001448056/000120919119041561/xslF345X03/doc4.xml"}, {"form_type": "4", "filings_date": "2019-07-03", "url": "https://www.sec.gov/Archives/edgar/data/0001448056/000120919119041248/xslF345X03/doc4.xml"}, {"form_type": "8-K", "filings_date": "2019-07-02", "url": "https://www.sec.gov/Archives/edgar/data/0001448056/000144805619000025/a8k722019.htm"}, {"form_type": "4", "filings_date": "2019-06-19", "url": "https://www.sec.gov/Archives/edgar/data/0001448056/000120919119038064/xslF345X03/doc4.xml"}, {"form_type": "4", "filings_date": "2019-06-14", "url": "https://www.sec.gov/Archives/edgar/data/0001448056/000120919119037283/xslF345X03/doc4.xml"}, {"form_type": "4", "filings_date": "2019-06-12", "url": "https://www.sec.gov/Archives/edgar/data/0001448056/000120919119036579/xslF345X03/doc4.xml"}, {"form_type": "4", "filings_date": "2019-06-06", "url": "https://www.sec.gov/Archives/edgar/data/0001448056/000120919119035084/xslF345X03/doc4.xml"}, {"form_type": "4", "filings_date": "2019-05-23", "url": "https://www.sec.gov/Archives/edgar/data/0001448056/000120919119032299/xslF345X03/doc4.xml"}, {"form_type": "4", "filings_date": "2019-05-22", "url": "https://www.sec.gov/Archives/edgar/data/0001448056/000120919119032009/xslF345X03/doc4.xml"}, {"form_type": "4", "filings_date": "2019-05-21", "url": "https://www.sec.gov/Archives/edgar/data/0001448056/000120919119031769/xslF345X03/doc4.xml"}, {"form_type": "4", "filings_date": "2019-05-17", "url": "https://www.sec.gov/Archives/edgar/data/0001448056/000120919119031100/xslF345X03/doc4.xml"}, {"form_type": "4", "filings_date": "2019-05-17", "url": "https://www.sec.gov/Archives/edgar/data/0001448056/000120919119030991/xslF345X03/doc4.xml"}, {"form_type": "4", "filings_date": "2019-05-17", "url": "https://www.sec.gov/Archives/edgar/data/0001448056/000120919119030988/xslF345X03/doc4.xml"}, {"form_type": "4", "filings_date": "2019-05-17", "url": "https://www.sec.gov/Archives/edgar/data/0001448056/000120919119030980/xslF345X03/doc4.xml"}, {"form_type": "4", "filings_date": "2019-05-17", "url": "https://www.sec.gov/Archives/edgar/data/0001448056/000120919119030970/xslF345X03/doc4.xml"}, {"form_type": "4", "filings_date": "2019-05-17", "url": "https://www.sec.gov/Archives/edgar/data/0001448056/000120919119030967/xslF345X03/doc4.xml"}, {"form_type": "4", "filings_date": "2019-05-17", "url": "https://www.sec.gov/Archives/edgar/data/0001448056/000120919119030962/xslF345X03/doc4.xml"}, {"form_type": "S-8", "filings_date": "2019-05-15", "url": "https://www.sec.gov/Archives/edgar/data/0001448056/000144805619000022/s-81.htm"}, {"form_type": "10-K", "filings_date": "2019-05-15", "url": "https://www.sec.gov/Archives/edgar/data/0001448056/000144805619000020/newr10k3312019.htm"}, {"form_type": "4", "filings_date": "2019-05-14", "url": "https://www.sec.gov/Archives/edgar/data/0001448056/000120919119029626/xslF345X03/doc4.xml"}, {"form_type": "8-K", "filings_date": "2019-05-14", "url": "https://www.sec.gov/Archives/edgar/data/0001448056/000144805619000018/q4form8-k2019.htm"}, {"form_type": "8-K", "filings_date": "2019-05-07", "url": "https://www.sec.gov/Archives/edgar/data/0001448056/000144805619000011/newr8k522019.htm"}, {"form_type": "4", "filings_date": "2019-05-06", "url": "https://www.sec.gov/Archives/edgar/data/0001448056/000120919119027703/xslF345X03/doc4.xml"}, {"form_type": "4", "filings_date": "2019-05-03", "url": "https://www.sec.gov/Archives/edgar/data/0001448056/000120919119027334/xslF345X03/doc4.xml"}, {"form_type": "4", "filings_date": "2019-04-17", "url": "https://www.sec.gov/Archives/edgar/data/0001448056/000120919119025028/xslF345X03/doc4.xml"}, {"form_type": "4", "filings_date": "2019-04-17", "url": "https://www.sec.gov/Archives/edgar/data/0001448056/000120919119025025/xslF345X03/doc4.xml"}, {"form_type": "4", "filings_date": "2019-04-17", "url": "https://www.sec.gov/Archives/edgar/data/0001448056/000120919119025019/xslF345X03/doc4.xml"}, {"form_type": "4", "filings_date": "2019-04-16", "url": "https://www.sec.gov/Archives/edgar/data/0001448056/000120919119024779/xslF345X03/doc4.xml"}, {"form_type": "4", "filings_date": "2019-04-10", "url": "https://www.sec.gov/Archives/edgar/data/0001448056/000120919119024264/xslF345X03/doc4.xml"}, {"form_type": "4", "filings_date": "2019-04-04", "url": "https://www.sec.gov/Archives/edgar/data/0001448056/000120919119023682/xslF345X03/doc4.xml"}, {"form_type": "4", "filings_date": "2019-03-19", "url": "https://www.sec.gov/Archives/edgar/data/0001448056/000120919119020280/xslF345X03/doc4.xml"}, {"form_type": "4", "filings_date": "2019-03-13", "url": "https://www.sec.gov/Archives/edgar/data/0001448056/000120919119019185/xslF345X03/doc4.xml"}, {"form_type": "4", "filings_date": "2019-03-05", "url": "https://www.sec.gov/Archives/edgar/data/0001448056/000120919119017042/xslF345X03/doc4.xml"}, {"form_type": "4", "filings_date": "2019-02-22", "url": "https://www.sec.gov/Archives/edgar/data/0001448056/000120919119012618/xslF345X03/doc4.xml"}, {"form_type": "4", "filings_date": "2019-02-20", "url": "https://www.sec.gov/Archives/edgar/data/0001448056/000120919119011833/xslF345X03/doc4.xml"}, {"form_type": "4", "filings_date": "2019-02-20", "url": "https://www.sec.gov/Archives/edgar/data/0001448056/000120919119011826/xslF345X03/doc4.xml"}, {"form_type": "4", "filings_date": "2019-02-20", "url": "https://www.sec.gov/Archives/edgar/data/0001448056/000120919119011824/xslF345X03/doc4.xml"}, {"form_type": "4", "filings_date": "2019-02-20", "url": "https://www.sec.gov/Archives/edgar/data/0001448056/000120919119011823/xslF345X03/doc4.xml"}, {"form_type": "4", "filings_date": "2019-02-20", "url": "https://www.sec.gov/Archives/edgar/data/0001448056/000120919119011797/xslF345X03/doc4.xml"}, {"form_type": "4", "filings_date": "2019-02-20", "url": "https://www.sec.gov/Archives/edgar/data/0001448056/000120919119011793/xslF345X03/doc4.xml"}, {"form_type": "SC 13G/A", "filings_date": "2019-02-14", "url": "https://www.sec.gov/Archives/edgar/data/0001448056/000090266419000980/p19-0374sc13ga.htm"}, {"form_type": "4", "filings_date": "2019-02-13", "url": "https://www.sec.gov/Archives/edgar/data/0001448056/000120919119009834/xslF345X03/doc4.xml"}, {"form_type": "SC 13G/A", "filings_date": "2019-02-13", "url": "https://www.sec.gov/Archives/edgar/data/0001448056/000031506619001219/filing.txt"}, {"form_type": "4", "filings_date": "2019-02-11", "url": "https://www.sec.gov/Archives/edgar/data/0001448056/000120919119009131/xslF345X03/doc4.xml"}, {"form_type": "SC 13G/A", "filings_date": "2019-02-11", "url": "https://www.sec.gov/Archives/edgar/data/0001448056/000144805619000009/newrsc13ga2019.htm"}, {"form_type": "SC 13G/A", "filings_date": "2019-02-11", "url": "https://www.sec.gov/Archives/edgar/data/0001448056/000093247119005541/newrelicinc.htm"}, {"form_type": "SC 13G", "filings_date": "2019-02-11", "url": "https://www.sec.gov/Archives/edgar/data/0001448056/000021545719007305/us64829b1008_020819.txt"}, {"form_type": "10-Q", "filings_date": "2019-02-07", "url": "https://www.sec.gov/Archives/edgar/data/0001448056/000144805619000007/newr12311810q.htm"}, {"form_type": "8-K", "filings_date": "2019-02-06", "url": "https://www.sec.gov/Archives/edgar/data/0001448056/000144805619000004/q38k2019.htm"}, {"form_type": "4", "filings_date": "2019-02-05", "url": "https://www.sec.gov/Archives/edgar/data/0001448056/000120919119007344/xslF345X03/doc4.xml"}, {"form_type": "4", "filings_date": "2019-01-23", "url": "https://www.sec.gov/Archives/edgar/data/0001448056/000120919119004964/xslF345X03/doc4.xml"}, {"form_type": "4", "filings_date": "2019-01-16", "url": "https://www.sec.gov/Archives/edgar/data/0001448056/000120919119003999/xslF345X03/doc4.xml"}, {"form_type": "4", "filings_date": "2019-01-14", "url": "https://www.sec.gov/Archives/edgar/data/0001448056/000120919119003590/xslF345X03/doc4.xml"}, {"form_type": "4", "filings_date": "2019-01-11", "url": "https://www.sec.gov/Archives/edgar/data/0001448056/000120919119003439/xslF345X03/doc4.xml"}, {"form_type": "4", "filings_date": "2019-01-04", "url": "https://www.sec.gov/Archives/edgar/data/0001448056/000120919119002044/xslF345X03/doc4.xml"}, {"form_type": "4", "filings_date": "2018-12-20", "url": "https://www.sec.gov/Archives/edgar/data/0001448056/000120919118063715/xslF345X03/doc4.xml"}, {"form_type": "4", "filings_date": "2018-12-20", "url": "https://www.sec.gov/Archives/edgar/data/0001448056/000120919118063709/xslF345X03/doc4.xml"}, {"form_type": "4", "filings_date": "2018-12-18", "url": "https://www.sec.gov/Archives/edgar/data/0001448056/000120919118063172/xslF345X03/doc4.xml"}, {"form_type": "4", "filings_date": "2018-12-18", "url": "https://www.sec.gov/Archives/edgar/data/0001448056/000120919118063168/xslF345X03/doc4.xml"}, {"form_type": "4", "filings_date": "2018-12-18", "url": "https://www.sec.gov/Archives/edgar/data/0001448056/000120919118063165/xslF345X03/doc4.xml"}, {"form_type": "4", "filings_date": "2018-12-12", "url": "https://www.sec.gov/Archives/edgar/data/0001448056/000120919118062230/xslF345X03/doc4.xml"}, {"form_type": "4", "filings_date": "2018-12-07", "url": "https://www.sec.gov/Archives/edgar/data/0001448056/000120919118061491/xslF345X03/doc4.xml"}, {"form_type": "4", "filings_date": "2018-12-06", "url": "https://www.sec.gov/Archives/edgar/data/0001448056/000120919118061281/xslF345X03/doc4.xml"}, {"form_type": "4", "filings_date": "2018-11-26", "url": "https://www.sec.gov/Archives/edgar/data/0001448056/000120919118059936/xslF345X03/doc4.xml"}, {"form_type": "4", "filings_date": "2018-11-20", "url": "https://www.sec.gov/Archives/edgar/data/0001448056/000120919118059523/xslF345X03/doc4.xml"}, {"form_type": "4", "filings_date": "2018-11-20", "url": "https://www.sec.gov/Archives/edgar/data/0001448056/000120919118059522/xslF345X03/doc4.xml"}, {"form_type": "4", "filings_date": "2018-11-19", "url": "https://www.sec.gov/Archives/edgar/data/0001448056/000120919118059300/xslF345X03/doc4.xml"}, {"form_type": "4", "filings_date": "2018-11-19", "url": "https://www.sec.gov/Archives/edgar/data/0001448056/000120919118059299/xslF345X03/doc4.xml"}, {"form_type": "4", "filings_date": "2018-11-19", "url": "https://www.sec.gov/Archives/edgar/data/0001448056/000120919118059298/xslF345X03/doc4.xml"}, {"form_type": "4", "filings_date": "2018-11-19", "url": "https://www.sec.gov/Archives/edgar/data/0001448056/000120919118059296/xslF345X03/doc4.xml"}, {"form_type": "4", "filings_date": "2018-11-19", "url": "https://www.sec.gov/Archives/edgar/data/0001448056/000120919118059294/xslF345X03/doc4.xml"}, {"form_type": "4", "filings_date": "2018-11-19", "url": "https://www.sec.gov/Archives/edgar/data/0001448056/000120919118059291/xslF345X03/doc4.xml"}, {"form_type": "4", "filings_date": "2018-11-14", "url": "https://www.sec.gov/Archives/edgar/data/0001448056/000120919118058563/xslF345X03/doc4.xml"}, {"form_type": "4", "filings_date": "2018-11-13", "url": "https://www.sec.gov/Archives/edgar/data/0001448056/000120919118058209/xslF345X03/doc4.xml"}, {"form_type": "4", "filings_date": "2018-11-08", "url": "https://www.sec.gov/Archives/edgar/data/0001448056/000120919118057790/xslF345X03/doc4.xml"}, {"form_type": "10-Q", "filings_date": "2018-11-07", "url": "https://www.sec.gov/Archives/edgar/data/0001448056/000144805618000038/newr09301810q.htm"}, {"form_type": "8-K", "filings_date": "2018-11-06", "url": "https://www.sec.gov/Archives/edgar/data/0001448056/000144805618000035/q28k2019.htm"}, {"form_type": "4", "filings_date": "2018-11-05", "url": "https://www.sec.gov/Archives/edgar/data/0001448056/000120919118057161/xslF345X03/doc4.xml"}, {"form_type": "4", "filings_date": "2018-10-17", "url": "https://www.sec.gov/Archives/edgar/data/0001448056/000120919118055399/xslF345X03/doc4.xml"}, {"form_type": "4", "filings_date": "2018-10-15", "url": "https://www.sec.gov/Archives/edgar/data/0001448056/000120919118054995/xslF345X03/doc4.xml"}, {"form_type": "4", "filings_date": "2018-10-15", "url": "https://www.sec.gov/Archives/edgar/data/0001448056/000120919118054994/xslF345X03/doc4.xml"}, {"form_type": "4", "filings_date": "2018-10-10", "url": "https://www.sec.gov/Archives/edgar/data/0001448056/000120919118054725/xslF345X03/doc4.xml"}, {"form_type": "SC 13G/A", "filings_date": "2018-10-10", "url": "https://www.sec.gov/Archives/edgar/data/0001448056/000031506618002418/filing.txt"}, {"form_type": "4", "filings_date": "2018-10-04", "url": "https://www.sec.gov/Archives/edgar/data/0001448056/000120919118054283/xslF345X03/doc4.xml"}, {"form_type": "4", "filings_date": "2018-10-03", "url": "https://www.sec.gov/Archives/edgar/data/0001448056/000120919118053691/xslF345X03/doc4.xml"}, {"form_type": "4", "filings_date": "2018-09-20", "url": "https://www.sec.gov/Archives/edgar/data/0001448056/000120919118051811/xslF345X03/doc4.xml"}, {"form_type": "4", "filings_date": "2018-09-17", "url": "https://www.sec.gov/Archives/edgar/data/0001448056/000120919118051264/xslF345X03/doc4.xml"}, {"form_type": "4", "filings_date": "2018-09-17", "url": "https://www.sec.gov/Archives/edgar/data/0001448056/000120919118051263/xslF345X03/doc4.xml"}, {"form_type": "4", "filings_date": "2018-09-17", "url": "https://www.sec.gov/Archives/edgar/data/0001448056/000120919118051262/xslF345X03/doc4.xml"}, {"form_type": "4", "filings_date": "2018-09-13", "url": "https://www.sec.gov/Archives/edgar/data/0001448056/000120919118050981/xslF345X03/doc4.xml"}, {"form_type": "4", "filings_date": "2018-09-12", "url": "https://www.sec.gov/Archives/edgar/data/0001448056/000120919118050674/xslF345X03/doc4.xml"}, {"form_type": "4", "filings_date": "2018-09-06", "url": "https://www.sec.gov/Archives/edgar/data/0001448056/000120919118049842/xslF345X03/doc4.xml"}, {"form_type": "4", "filings_date": "2018-09-06", "url": "https://www.sec.gov/Archives/edgar/data/0001448056/000120919118049840/xslF345X03/doc4.xml"}, {"form_type": "4", "filings_date": "2018-08-23", "url": "https://www.sec.gov/Archives/edgar/data/0001448056/000120919118048242/xslF345X03/doc4.xml"}, {"form_type": "4", "filings_date": "2018-08-23", "url": "https://www.sec.gov/Archives/edgar/data/0001448056/000120919118048241/xslF345X03/doc4.xml"}, {"form_type": "4", "filings_date": "2018-08-23", "url": "https://www.sec.gov/Archives/edgar/data/0001448056/000120919118048240/xslF345X03/doc4.xml"}, {"form_type": "4", "filings_date": "2018-08-23", "url": "https://www.sec.gov/Archives/edgar/data/0001448056/000120919118048239/xslF345X03/doc4.xml"}, {"form_type": "4", "filings_date": "2018-08-23", "url": "https://www.sec.gov/Archives/edgar/data/0001448056/000120919118048238/xslF345X03/doc4.xml"}, {"form_type": "4", "filings_date": "2018-08-23", "url": "https://www.sec.gov/Archives/edgar/data/0001448056/000120919118048237/xslF345X03/doc4.xml"}, {"form_type": "4", "filings_date": "2018-08-23", "url": "https://www.sec.gov/Archives/edgar/data/0001448056/000120919118048235/xslF345X03/doc4.xml"}, {"form_type": "4", "filings_date": "2018-08-23", "url": "https://www.sec.gov/Archives/edgar/data/0001448056/000120919118048233/xslF345X03/doc4.xml"}, {"form_type": "3", "filings_date": "2018-08-23", "url": "https://www.sec.gov/Archives/edgar/data/0001448056/000120919118048228/xslF345X02/doc3.xml"}, {"form_type": "3", "filings_date": "2018-08-23", "url": "https://www.sec.gov/Archives/edgar/data/0001448056/000120919118048224/xslF345X02/doc3.xml"}, {"form_type": "8-K", "filings_date": "2018-08-23", "url": "https://www.sec.gov/Archives/edgar/data/0001448056/000144805618000032/a8-23x18form8xk.htm"}, {"form_type": "4", "filings_date": "2018-08-20", "url": "https://www.sec.gov/Archives/edgar/data/0001448056/000120919118047693/xslF345X03/doc4.xml"}, {"form_type": "4", "filings_date": "2018-08-20", "url": "https://www.sec.gov/Archives/edgar/data/0001448056/000120919118047692/xslF345X03/doc4.xml"}, {"form_type": "4", "filings_date": "2018-08-17", "url": "https://www.sec.gov/Archives/edgar/data/0001448056/000120919118047458/xslF345X03/doc4.xml"}, {"form_type": "4", "filings_date": "2018-08-17", "url": "https://www.sec.gov/Archives/edgar/data/0001448056/000120919118047456/xslF345X03/doc4.xml"}, {"form_type": "4", "filings_date": "2018-08-17", "url": "https://www.sec.gov/Archives/edgar/data/0001448056/000120919118047454/xslF345X03/doc4.xml"}, {"form_type": "4", "filings_date": "2018-08-17", "url": "https://www.sec.gov/Archives/edgar/data/0001448056/000120919118047452/xslF345X03/doc4.xml"}, {"form_type": "4", "filings_date": "2018-08-17", "url": "https://www.sec.gov/Archives/edgar/data/0001448056/000120919118047451/xslF345X03/doc4.xml"}, {"form_type": "4", "filings_date": "2018-08-17", "url": "https://www.sec.gov/Archives/edgar/data/0001448056/000120919118047448/xslF345X03/doc4.xml"}, {"form_type": "4", "filings_date": "2018-08-17", "url": "https://www.sec.gov/Archives/edgar/data/0001448056/000120919118047445/xslF345X03/doc4.xml"}, {"form_type": "4", "filings_date": "2018-08-17", "url": "https://www.sec.gov/Archives/edgar/data/0001448056/000120919118047442/xslF345X03/doc4.xml"}, {"form_type": "4", "filings_date": "2018-08-17", "url": "https://www.sec.gov/Archives/edgar/data/0001448056/000120919118047439/xslF345X03/doc4.xml"}, {"form_type": "4", "filings_date": "2018-08-13", "url": "https://www.sec.gov/Archives/edgar/data/0001448056/000120919118046465/xslF345X03/doc4.xml"}, {"form_type": "4", "filings_date": "2018-08-09", "url": "https://www.sec.gov/Archives/edgar/data/0001448056/000120919118046031/xslF345X03/doc4.xml"}, {"form_type": "10-Q", "filings_date": "2018-08-08", "url": "https://www.sec.gov/Archives/edgar/data/0001448056/000144805618000027/newr06301810q.htm"}, {"form_type": "8-K", "filings_date": "2018-08-07", "url": "https://www.sec.gov/Archives/edgar/data/0001448056/000144805618000025/q18k2019.htm"}, {"form_type": "4", "filings_date": "2018-08-03", "url": "https://www.sec.gov/Archives/edgar/data/0001448056/000120919118045294/xslF345X03/doc4.xml"}, {"form_type": "4", "filings_date": "2018-07-16", "url": "https://www.sec.gov/Archives/edgar/data/0001448056/000120919118042642/xslF345X03/doc4.xml"}, {"form_type": "4", "filings_date": "2018-07-16", "url": "https://www.sec.gov/Archives/edgar/data/0001448056/000120919118042640/xslF345X03/doc4.xml"}, {"form_type": "4", "filings_date": "2018-07-12", "url": "https://www.sec.gov/Archives/edgar/data/0001448056/000120919118042488/xslF345X03/doc4.xml"}, {"form_type": "DEFA14A", "filings_date": "2018-07-11", "url": "https://www.sec.gov/Archives/edgar/data/0001448056/000119312518215762/d606271ddefa14a.htm"}, {"form_type": "DEF 14A", "filings_date": "2018-07-11", "url": "https://www.sec.gov/Archives/edgar/data/0001448056/000119312518215760/d619223ddef14a.htm"}, {"form_type": "8-K", "filings_date": "2018-07-06", "url": "https://www.sec.gov/Archives/edgar/data/0001448056/000144805618000020/a7-1x18form8xk.htm"}, {"form_type": "4", "filings_date": "2018-07-05", "url": "https://www.sec.gov/Archives/edgar/data/0001448056/000120919118041623/xslF345X03/doc4.xml"}, {"form_type": "4", "filings_date": "2018-07-03", "url": "https://www.sec.gov/Archives/edgar/data/0001448056/000120919118041251/xslF345X03/doc4.xml"}, {"form_type": "4", "filings_date": "2018-06-20", "url": "https://www.sec.gov/Archives/edgar/data/0001448056/000120919118038793/xslF345X03/doc4.xml"}, {"form_type": "4", "filings_date": "2018-06-19", "url": "https://www.sec.gov/Archives/edgar/data/0001448056/000120919118038635/xslF345X03/doc4.xml"}, {"form_type": "4", "filings_date": "2018-06-19", "url": "https://www.sec.gov/Archives/edgar/data/0001448056/000120919118038632/xslF345X03/doc4.xml"}, {"form_type": "4", "filings_date": "2018-06-19", "url": "https://www.sec.gov/Archives/edgar/data/0001448056/000120919118038628/xslF345X03/doc4.xml"}, {"form_type": "4", "filings_date": "2018-06-13", "url": "https://www.sec.gov/Archives/edgar/data/0001448056/000120919118037506/xslF345X03/doc4.xml"}, {"form_type": "4", "filings_date": "2018-06-07", "url": "https://www.sec.gov/Archives/edgar/data/0001448056/000120919118036324/xslF345X03/doc4.xml"}, {"form_type": "4", "filings_date": "2018-06-05", "url": "https://www.sec.gov/Archives/edgar/data/0001448056/000120919118035705/xslF345X03/doc4.xml"}, {"form_type": "4", "filings_date": "2018-05-21", "url": "https://www.sec.gov/Archives/edgar/data/0001448056/000120919118032093/xslF345X03/doc4.xml"}, {"form_type": "4", "filings_date": "2018-05-18", "url": "https://www.sec.gov/Archives/edgar/data/0001448056/000120919118031525/xslF345X03/doc4.xml"}, {"form_type": "4", "filings_date": "2018-05-18", "url": "https://www.sec.gov/Archives/edgar/data/0001448056/000120919118031521/xslF345X03/doc4.xml"}, {"form_type": "8-K", "filings_date": "2018-05-18", "url": "https://www.sec.gov/Archives/edgar/data/0001448056/000119312518168178/d592000d8k.htm"}, {"form_type": "4", "filings_date": "2018-05-16", "url": "https://www.sec.gov/Archives/edgar/data/0001448056/000120919118030671/xslF345X03/doc4.xml"}, {"form_type": "4", "filings_date": "2018-05-16", "url": "https://www.sec.gov/Archives/edgar/data/0001448056/000120919118030667/xslF345X03/doc4.xml"}, {"form_type": "4", "filings_date": "2018-05-16", "url": "https://www.sec.gov/Archives/edgar/data/0001448056/000120919118030665/xslF345X03/doc4.xml"}, {"form_type": "8-K", "filings_date": "2018-05-16", "url": "https://www.sec.gov/Archives/edgar/data/0001448056/000119312518164673/d589376d8k.htm"}, {"form_type": "4", "filings_date": "2018-05-14", "url": "https://www.sec.gov/Archives/edgar/data/0001448056/000120919118029832/xslF345X03/doc4.xml"}, {"form_type": "S-8", "filings_date": "2018-05-11", "url": "https://www.sec.gov/Archives/edgar/data/0001448056/000144805618000018/s-8.htm"}, {"form_type": "10-K", "filings_date": "2018-05-11", "url": "https://www.sec.gov/Archives/edgar/data/0001448056/000144805618000016/newr10k3312018.htm"}, {"form_type": "4", "filings_date": "2018-05-09", "url": "https://www.sec.gov/Archives/edgar/data/0001448056/000120919118029029/xslF345X03/doc4.xml"}, {"form_type": "8-K", "filings_date": "2018-05-08", "url": "https://www.sec.gov/Archives/edgar/data/0001448056/000144805618000012/q4form8-k2018.htm"}, {"form_type": "4", "filings_date": "2018-05-03", "url": "https://www.sec.gov/Archives/edgar/data/0001448056/000120919118027636/xslF345X03/doc4.xml"}, {"form_type": "4", "filings_date": "2018-05-02", "url": "https://www.sec.gov/Archives/edgar/data/0001448056/000120919118027471/xslF345X03/doc4.xml"}, {"form_type": "4", "filings_date": "2018-05-02", "url": "https://www.sec.gov/Archives/edgar/data/0001448056/000120919118027409/xslF345X03/doc4.xml"}, {"form_type": "3", "filings_date": "2018-05-02", "url": "https://www.sec.gov/Archives/edgar/data/0001448056/000120919118027406/xslF345X02/doc3.xml"}, {"form_type": "8-K", "filings_date": "2018-05-02", "url": "https://www.sec.gov/Archives/edgar/data/0001448056/000144805618000009/a5-2x18form8xk.htm"}, {"form_type": "4", "filings_date": "2018-04-23", "url": "https://www.sec.gov/Archives/edgar/data/0001448056/000120919118025909/xslF345X03/doc4.xml"}, {"form_type": "4", "filings_date": "2018-04-18", "url": "https://www.sec.gov/Archives/edgar/data/0001448056/000120919118025359/xslF345X03/doc4.xml"}, {"form_type": "4", "filings_date": "2018-04-18", "url": "https://www.sec.gov/Archives/edgar/data/0001448056/000120919118025358/xslF345X03/doc4.xml"}, {"form_type": "4", "filings_date": "2018-04-18", "url": "https://www.sec.gov/Archives/edgar/data/0001448056/000120919118025356/xslF345X03/doc4.xml"}, {"form_type": "4", "filings_date": "2018-04-18", "url": "https://www.sec.gov/Archives/edgar/data/0001448056/000120919118025353/xslF345X03/doc4.xml"}, {"form_type": "4", "filings_date": "2018-04-16", "url": "https://www.sec.gov/Archives/edgar/data/0001448056/000120919118025046/xslF345X03/doc4.xml"}, {"form_type": "3", "filings_date": "2018-04-16", "url": "https://www.sec.gov/Archives/edgar/data/0001448056/000120919118025045/xslF345X02/doc3.xml"}, {"form_type": "4", "filings_date": "2018-04-11", "url": "https://www.sec.gov/Archives/edgar/data/0001448056/000120919118024620/xslF345X03/doc4.xml"}, {"form_type": "4", "filings_date": "2018-04-05", "url": "https://www.sec.gov/Archives/edgar/data/0001448056/000120919118024124/xslF345X03/doc4.xml"}, {"form_type": "4", "filings_date": "2018-04-04", "url": "https://www.sec.gov/Archives/edgar/data/0001448056/000120919118023949/xslF345X03/doc4.xml"}, {"form_type": "4", "filings_date": "2018-04-04", "url": "https://www.sec.gov/Archives/edgar/data/0001448056/000120919118023592/xslF345X03/doc4.xml"}, {"form_type": "4", "filings_date": "2018-03-20", "url": "https://www.sec.gov/Archives/edgar/data/0001448056/000120919118020865/xslF345X03/doc4.xml"}, {"form_type": "4", "filings_date": "2018-03-19", "url": "https://www.sec.gov/Archives/edgar/data/0001448056/000120919118020660/xslF345X03/doc4.xml"}, {"form_type": "4", "filings_date": "2018-03-16", "url": "https://www.sec.gov/Archives/edgar/data/0001448056/000120919118020291/xslF345X03/doc4.xml"}, {"form_type": "4", "filings_date": "2018-03-16", "url": "https://www.sec.gov/Archives/edgar/data/0001448056/000120919118020288/xslF345X03/doc4.xml"}, {"form_type": "4", "filings_date": "2018-03-14", "url": "https://www.sec.gov/Archives/edgar/data/0001448056/000120919118019586/xslF345X03/doc4.xml"}, {"form_type": "4", "filings_date": "2018-03-12", "url": "https://www.sec.gov/Archives/edgar/data/0001448056/000120919118018954/xslF345X03/doc4.xml"}, {"form_type": "4", "filings_date": "2018-03-08", "url": "https://www.sec.gov/Archives/edgar/data/0001448056/000120919118017995/xslF345X03/doc4.xml"}, {"form_type": "4", "filings_date": "2018-03-05", "url": "https://www.sec.gov/Archives/edgar/data/0001448056/000120919118016543/xslF345X03/doc4.xml"}, {"form_type": "4", "filings_date": "2018-02-21", "url": "https://www.sec.gov/Archives/edgar/data/0001448056/000120919118012113/xslF345X03/doc4.xml"}, {"form_type": "4/A", "filings_date": "2018-02-21", "url": "https://www.sec.gov/Archives/edgar/data/0001448056/000120919118011884/xslF345X03/doc4a.xml"}, {"form_type": "4", "filings_date": "2018-02-20", "url": "https://www.sec.gov/Archives/edgar/data/0001448056/000120919118011515/xslF345X03/doc4.xml"}, {"form_type": "4", "filings_date": "2018-02-20", "url": "https://www.sec.gov/Archives/edgar/data/0001448056/000120919118011512/xslF345X03/doc4.xml"}, {"form_type": "4", "filings_date": "2018-02-20", "url": "https://www.sec.gov/Archives/edgar/data/0001448056/000120919118011511/xslF345X03/doc4.xml"}, {"form_type": "4", "filings_date": "2018-02-15", "url": "https://www.sec.gov/Archives/edgar/data/0001448056/000120919118010566/xslF345X03/doc4.xml"}, {"form_type": "4", "filings_date": "2018-02-15", "url": "https://www.sec.gov/Archives/edgar/data/0001448056/000120919118010361/xslF345X03/doc4.xml"}, {"form_type": "SC 13G/A", "filings_date": "2018-02-14", "url": "https://www.sec.gov/Archives/edgar/data/0001448056/000090266418001156/p18-0435sc13ga.htm"}, {"form_type": "SC 13G/A", "filings_date": "2018-02-14", "url": "https://www.sec.gov/Archives/edgar/data/0001448056/000008025518002582/newr13gadec17.txt"}, {"form_type": "SC 13G/A", "filings_date": "2018-02-14", "url": "https://www.sec.gov/Archives/edgar/data/0001448056/000090266418001029/p18-0300sc13ga.htm"}, {"form_type": "4", "filings_date": "2018-02-13", "url": "https://www.sec.gov/Archives/edgar/data/0001448056/000120919118009819/xslF345X03/doc4.xml"}, {"form_type": "SC 13G/A", "filings_date": "2018-02-13", "url": "https://www.sec.gov/Archives/edgar/data/0001448056/000031506618001433/filing.txt"}, {"form_type": "4", "filings_date": "2018-02-12", "url": "https://www.sec.gov/Archives/edgar/data/0001448056/000120919118009375/xslF345X03/doc4.xml"}, {"form_type": "SC 13G/A", "filings_date": "2018-02-09", "url": "https://www.sec.gov/Archives/edgar/data/0001448056/000119312518037996/d532847dsc13ga.htm"}, {"form_type": "SC 13G", "filings_date": "2018-02-09", "url": "https://www.sec.gov/Archives/edgar/data/0001448056/000093247118003653/newrelicinc.htm"}, {"form_type": "4", "filings_date": "2018-02-08", "url": "https://www.sec.gov/Archives/edgar/data/0001448056/000120919118008445/xslF345X03/doc4.xml"}, {"form_type": "4", "filings_date": "2018-02-07", "url": "https://www.sec.gov/Archives/edgar/data/0001448056/000120919118008180/xslF345X03/doc4.xml"}, {"form_type": "4", "filings_date": "2018-02-07", "url": "https://www.sec.gov/Archives/edgar/data/0001448056/000120919118008179/xslF345X03/doc4.xml"}, {"form_type": "10-Q", "filings_date": "2018-02-07", "url": "https://www.sec.gov/Archives/edgar/data/0001448056/000144805618000007/newr12311710q.htm"}, {"form_type": "8-K", "filings_date": "2018-02-06", "url": "https://www.sec.gov/Archives/edgar/data/0001448056/000144805618000005/q38k2018.htm"}, {"form_type": "4", "filings_date": "2018-01-30", "url": "https://www.sec.gov/Archives/edgar/data/0001448056/000120919118006098/xslF345X03/doc4.xml"}, {"form_type": "4", "filings_date": "2018-01-22", "url": "https://www.sec.gov/Archives/edgar/data/0001448056/000120919118004798/xslF345X03/doc4.xml"}, {"form_type": "4", "filings_date": "2018-01-17", "url": "https://www.sec.gov/Archives/edgar/data/0001448056/000120919118004049/xslF345X03/doc4.xml"}, {"form_type": "4", "filings_date": "2018-01-12", "url": "https://www.sec.gov/Archives/edgar/data/0001448056/000120919118003447/xslF345X03/doc4.xml"}, {"form_type": "4", "filings_date": "2018-01-08", "url": "https://www.sec.gov/Archives/edgar/data/0001448056/000120919118002715/xslF345X03/doc4.xml"}, {"form_type": "4", "filings_date": "2018-01-04", "url": "https://www.sec.gov/Archives/edgar/data/0001448056/000120919118002078/xslF345X03/doc4.xml"}, {"form_type": "4", "filings_date": "2017-12-20", "url": "https://www.sec.gov/Archives/edgar/data/0001448056/000120919117066664/xslF345X03/doc4.xml"}, {"form_type": "4", "filings_date": "2017-12-20", "url": "https://www.sec.gov/Archives/edgar/data/0001448056/000120919117066661/xslF345X03/doc4.xml"}, {"form_type": "4", "filings_date": "2017-12-19", "url": "https://www.sec.gov/Archives/edgar/data/0001448056/000120919117066366/xslF345X03/doc4.xml"}, {"form_type": "4", "filings_date": "2017-12-19", "url": "https://www.sec.gov/Archives/edgar/data/0001448056/000120919117066364/xslF345X03/doc4.xml"}, {"form_type": "4", "filings_date": "2017-12-19", "url": "https://www.sec.gov/Archives/edgar/data/0001448056/000120919117066360/xslF345X03/doc4.xml"}, {"form_type": "4", "filings_date": "2017-12-13", "url": "https://www.sec.gov/Archives/edgar/data/0001448056/000120919117065508/xslF345X03/doc4.xml"}, {"form_type": "4", "filings_date": "2017-12-11", "url": "https://www.sec.gov/Archives/edgar/data/0001448056/000120919117065067/xslF345X03/doc4.xml"}, {"form_type": "SC 13G/A", "filings_date": "2017-12-11", "url": "https://www.sec.gov/Archives/edgar/data/0001448056/000031506617002941/filing.txt"}, {"form_type": "8-K", "filings_date": "2017-12-08", "url": "https://www.sec.gov/Archives/edgar/data/0001448056/000144805617000026/a12-8x17form8xk.htm"}, {"form_type": "4", "filings_date": "2017-12-07", "url": "https://www.sec.gov/Archives/edgar/data/0001448056/000120919117064445/xslF345X03/doc4.xml"}, {"form_type": "4", "filings_date": "2017-12-07", "url": "https://www.sec.gov/Archives/edgar/data/0001448056/000120919117064441/xslF345X03/doc4.xml"}, {"form_type": "4", "filings_date": "2017-11-27", "url": "https://www.sec.gov/Archives/edgar/data/0001448056/000120919117062631/xslF345X03/doc4.xml"}, {"form_type": "4", "filings_date": "2017-11-20", "url": "https://www.sec.gov/Archives/edgar/data/0001448056/000120919117061864/xslF345X03/doc4.xml"}, {"form_type": "4", "filings_date": "2017-11-20", "url": "https://www.sec.gov/Archives/edgar/data/0001448056/000120919117061863/xslF345X03/doc4.xml"}, {"form_type": "4", "filings_date": "2017-11-16", "url": "https://www.sec.gov/Archives/edgar/data/0001448056/000120919117061287/xslF345X03/doc4.xml"}, {"form_type": "4", "filings_date": "2017-11-16", "url": "https://www.sec.gov/Archives/edgar/data/0001448056/000120919117061285/xslF345X03/doc4.xml"}, {"form_type": "4", "filings_date": "2017-11-16", "url": "https://www.sec.gov/Archives/edgar/data/0001448056/000120919117061283/xslF345X03/doc4.xml"}, {"form_type": "4", "filings_date": "2017-11-13", "url": "https://www.sec.gov/Archives/edgar/data/0001448056/000120919117060465/xslF345X03/doc4.xml"}, {"form_type": "4", "filings_date": "2017-11-09", "url": "https://www.sec.gov/Archives/edgar/data/0001448056/000120919117060042/xslF345X03/doc4.xml"}, {"form_type": "10-Q", "filings_date": "2017-11-08", "url": "https://www.sec.gov/Archives/edgar/data/0001448056/000144805617000024/newr9301710q.htm"}, {"form_type": "4", "filings_date": "2017-11-07", "url": "https://www.sec.gov/Archives/edgar/data/0001448056/000120919117059651/xslF345X03/doc4.xml"}, {"form_type": "8-K", "filings_date": "2017-11-07", "url": "https://www.sec.gov/Archives/edgar/data/0001448056/000144805617000022/q28k2018.htm"}, {"form_type": "4", "filings_date": "2017-10-23", "url": "https://www.sec.gov/Archives/edgar/data/0001448056/000120919117057774/xslF345X03/doc4.xml"}, {"form_type": "4", "filings_date": "2017-10-18", "url": "https://www.sec.gov/Archives/edgar/data/0001448056/000120919117057296/xslF345X03/doc4.xml"}, {"form_type": "4", "filings_date": "2017-10-12", "url": "https://www.sec.gov/Archives/edgar/data/0001448056/000120919117056784/xslF345X03/doc4.xml"}, {"form_type": "4", "filings_date": "2017-10-10", "url": "https://www.sec.gov/Archives/edgar/data/0001448056/000120919117056564/xslF345X03/doc4.xml"}, {"form_type": "4", "filings_date": "2017-10-10", "url": "https://www.sec.gov/Archives/edgar/data/0001448056/000120919117056562/xslF345X03/doc4.xml"}, {"form_type": "SC 13G/A", "filings_date": "2017-10-10", "url": "https://www.sec.gov/Archives/edgar/data/0001448056/000031506617002827/filing.txt"}, {"form_type": "4", "filings_date": "2017-10-05", "url": "https://www.sec.gov/Archives/edgar/data/0001448056/000120919117056210/xslF345X03/doc4.xml"}, {"form_type": "4", "filings_date": "2017-10-03", "url": "https://www.sec.gov/Archives/edgar/data/0001448056/000120919117054986/xslF345X03/doc4.xml"}, {"form_type": "4", "filings_date": "2017-09-25", "url": "https://www.sec.gov/Archives/edgar/data/0001448056/000120919117053881/xslF345X03/doc4.xml"}, {"form_type": "4", "filings_date": "2017-09-20", "url": "https://www.sec.gov/Archives/edgar/data/0001448056/000120919117053491/xslF345X03/doc4.xml"}, {"form_type": "4", "filings_date": "2017-09-20", "url": "https://www.sec.gov/Archives/edgar/data/0001448056/000120919117053490/xslF345X03/doc4.xml"}, {"form_type": "4", "filings_date": "2017-09-18", "url": "https://www.sec.gov/Archives/edgar/data/0001448056/000120919117053217/xslF345X03/doc4.xml"}, {"form_type": "4", "filings_date": "2017-09-18", "url": "https://www.sec.gov/Archives/edgar/data/0001448056/000120919117053216/xslF345X03/doc4.xml"}, {"form_type": "4", "filings_date": "2017-09-18", "url": "https://www.sec.gov/Archives/edgar/data/0001448056/000120919117053215/xslF345X03/doc4.xml"}, {"form_type": "4", "filings_date": "2017-09-13", "url": "https://www.sec.gov/Archives/edgar/data/0001448056/000120919117052712/xslF345X03/doc4.xml"}, {"form_type": "4", "filings_date": "2017-09-13", "url": "https://www.sec.gov/Archives/edgar/data/0001448056/000120919117052710/xslF345X03/doc4.xml"}, {"form_type": "4", "filings_date": "2017-09-07", "url": "https://www.sec.gov/Archives/edgar/data/0001448056/000120919117051964/xslF345X03/doc4.xml"}, {"form_type": "4", "filings_date": "2017-09-07", "url": "https://www.sec.gov/Archives/edgar/data/0001448056/000120919117051963/xslF345X03/doc4.xml"}, {"form_type": "8-K", "filings_date": "2017-08-23", "url": "https://www.sec.gov/Archives/edgar/data/0001448056/000144805617000018/a8-22x17form8xk.htm"}, {"form_type": "4", "filings_date": "2017-08-23", "url": "https://www.sec.gov/Archives/edgar/data/0001448056/000120919117049952/xslF345X03/doc4.xml"}, {"form_type": "4", "filings_date": "2017-08-23", "url": "https://www.sec.gov/Archives/edgar/data/0001448056/000120919117049950/xslF345X03/doc4.xml"}, {"form_type": "4", "filings_date": "2017-08-23", "url": "https://www.sec.gov/Archives/edgar/data/0001448056/000120919117049948/xslF345X03/doc4.xml"}, {"form_type": "4", "filings_date": "2017-08-23", "url": "https://www.sec.gov/Archives/edgar/data/0001448056/000120919117049946/xslF345X03/doc4.xml"}, {"form_type": "4", "filings_date": "2017-08-21", "url": "https://www.sec.gov/Archives/edgar/data/0001448056/000120919117049713/xslF345X03/doc4.xml"}, {"form_type": "4", "filings_date": "2017-08-18", "url": "https://www.sec.gov/Archives/edgar/data/0001448056/000120919117049620/xslF345X03/doc4.xml"}, {"form_type": "4", "filings_date": "2017-08-16", "url": "https://www.sec.gov/Archives/edgar/data/0001448056/000120919117049301/xslF345X03/doc4.xml"}, {"form_type": "4", "filings_date": "2017-08-16", "url": "https://www.sec.gov/Archives/edgar/data/0001448056/000120919117049300/xslF345X03/doc4.xml"}, {"form_type": "4", "filings_date": "2017-08-16", "url": "https://www.sec.gov/Archives/edgar/data/0001448056/000120919117049299/xslF345X03/doc4.xml"}, {"form_type": "4", "filings_date": "2017-08-16", "url": "https://www.sec.gov/Archives/edgar/data/0001448056/000120919117049298/xslF345X03/doc4.xml"}, {"form_type": "4", "filings_date": "2017-08-16", "url": "https://www.sec.gov/Archives/edgar/data/0001448056/000120919117049297/xslF345X03/doc4.xml"}, {"form_type": "SC 13G", "filings_date": "2017-08-14", "url": "https://www.sec.gov/Archives/edgar/data/0001448056/000090266417003316/p17-1681sc13g.htm"}, {"form_type": "4", "filings_date": "2017-08-09", "url": "https://www.sec.gov/Archives/edgar/data/0001448056/000120919117048252/xslF345X03/doc4.xml"}, {"form_type": "4", "filings_date": "2017-08-07", "url": "https://www.sec.gov/Archives/edgar/data/0001448056/000120919117047870/xslF345X03/doc4.xml"}, {"form_type": "10-Q", "filings_date": "2017-08-04", "url": "https://www.sec.gov/Archives/edgar/data/0001448056/000144805617000016/newr6301710q.htm"}, {"form_type": "4", "filings_date": "2017-08-03", "url": "https://www.sec.gov/Archives/edgar/data/0001448056/000120919117047463/xslF345X03/doc4.xml"}, {"form_type": "8-K", "filings_date": "2017-08-03", "url": "https://www.sec.gov/Archives/edgar/data/0001448056/000144805617000014/q18k2018.htm"}, {"form_type": "4", "filings_date": "2017-08-02", "url": "https://www.sec.gov/Archives/edgar/data/0001448056/000120919117047098/xslF345X03/doc4.xml"}, {"form_type": "4", "filings_date": "2017-07-18", "url": "https://www.sec.gov/Archives/edgar/data/0001448056/000120919117045556/xslF345X03/doc4.xml"}, {"form_type": "4", "filings_date": "2017-07-12", "url": "https://www.sec.gov/Archives/edgar/data/0001448056/000120919117044907/xslF345X03/doc4.xml"}, {"form_type": "4", "filings_date": "2017-07-12", "url": "https://www.sec.gov/Archives/edgar/data/0001448056/000120919117044905/xslF345X03/doc4.xml"}, {"form_type": "4", "filings_date": "2017-07-12", "url": "https://www.sec.gov/Archives/edgar/data/0001448056/000120919117044904/xslF345X03/doc4.xml"}, {"form_type": "4", "filings_date": "2017-07-11", "url": "https://www.sec.gov/Archives/edgar/data/0001448056/000120919117044786/xslF345X03/doc4.xml"}, {"form_type": "4", "filings_date": "2017-07-10", "url": "https://www.sec.gov/Archives/edgar/data/0001448056/000120919117044669/xslF345X03/doc4.xml"}, {"form_type": "4", "filings_date": "2017-07-10", "url": "https://www.sec.gov/Archives/edgar/data/0001448056/000120919117044667/xslF345X03/doc4.xml"}, {"form_type": "DEFA14A", "filings_date": "2017-07-07", "url": "https://www.sec.gov/Archives/edgar/data/0001448056/000119312517223546/d383800ddefa14a.htm"}, {"form_type": "DEF 14A", "filings_date": "2017-07-07", "url": "https://www.sec.gov/Archives/edgar/data/0001448056/000119312517223544/d355626ddef14a.htm"}, {"form_type": "4", "filings_date": "2017-07-06", "url": "https://www.sec.gov/Archives/edgar/data/0001448056/000120919117044121/xslF345X03/doc4.xml"}, {"form_type": "4", "filings_date": "2017-06-20", "url": "https://www.sec.gov/Archives/edgar/data/0001448056/000120919117041084/xslF345X03/doc4.xml"}, {"form_type": "4", "filings_date": "2017-06-20", "url": "https://www.sec.gov/Archives/edgar/data/0001448056/000120919117041081/xslF345X03/doc4.xml"}, {"form_type": "4", "filings_date": "2017-06-19", "url": "https://www.sec.gov/Archives/edgar/data/0001448056/000120919117040939/xslF345X03/doc4.xml"}, {"form_type": "4", "filings_date": "2017-06-16", "url": "https://www.sec.gov/Archives/edgar/data/0001448056/000120919117040479/xslF345X03/doc4.xml"}, {"form_type": "4", "filings_date": "2017-06-16", "url": "https://www.sec.gov/Archives/edgar/data/0001448056/000120919117040466/xslF345X03/doc4.xml"}, {"form_type": "4", "filings_date": "2017-06-16", "url": "https://www.sec.gov/Archives/edgar/data/0001448056/000120919117040461/xslF345X03/doc4.xml"}, {"form_type": "4", "filings_date": "2017-06-14", "url": "https://www.sec.gov/Archives/edgar/data/0001448056/000120919117039825/xslF345X03/doc4.xml"}, {"form_type": "4", "filings_date": "2017-06-13", "url": "https://www.sec.gov/Archives/edgar/data/0001448056/000120919117039672/xslF345X03/doc4.xml"}, {"form_type": "4", "filings_date": "2017-06-12", "url": "https://www.sec.gov/Archives/edgar/data/0001448056/000120919117039278/xslF345X03/doc4.xml"}, {"form_type": "4", "filings_date": "2017-06-12", "url": "https://www.sec.gov/Archives/edgar/data/0001448056/000120919117039277/xslF345X03/doc4.xml"}, {"form_type": "4", "filings_date": "2017-06-07", "url": "https://www.sec.gov/Archives/edgar/data/0001448056/000120919117038316/xslF345X03/doc4.xml"}, {"form_type": "4", "filings_date": "2017-06-05", "url": "https://www.sec.gov/Archives/edgar/data/0001448056/000120919117037735/xslF345X03/doc4.xml"}, {"form_type": "4", "filings_date": "2017-05-30", "url": "https://www.sec.gov/Archives/edgar/data/0001448056/000120919117036263/xslF345X03/doc4.xml"}, {"form_type": "4", "filings_date": "2017-05-19", "url": "https://www.sec.gov/Archives/edgar/data/0001448056/000120919117034033/xslF345X03/doc4.xml"}, {"form_type": "4", "filings_date": "2017-05-18", "url": "https://www.sec.gov/Archives/edgar/data/0001448056/000120919117033737/xslF345X03/doc4.xml"}, {"form_type": "4", "filings_date": "2017-05-18", "url": "https://www.sec.gov/Archives/edgar/data/0001448056/000120919117033736/xslF345X03/doc4.xml"}, {"form_type": "S-8", "filings_date": "2017-05-18", "url": "https://www.sec.gov/Archives/edgar/data/0001448056/000144805617000012/s-8.htm"}, {"form_type": "10-K", "filings_date": "2017-05-18", "url": "https://www.sec.gov/Archives/edgar/data/0001448056/000144805617000010/newr10k3312017.htm"}, {"form_type": "4", "filings_date": "2017-05-17", "url": "https://www.sec.gov/Archives/edgar/data/0001448056/000120919117033267/xslF345X03/doc4.xml"}, {"form_type": "4", "filings_date": "2017-05-17", "url": "https://www.sec.gov/Archives/edgar/data/0001448056/000120919117033264/xslF345X03/doc4.xml"}, {"form_type": "4", "filings_date": "2017-05-17", "url": "https://www.sec.gov/Archives/edgar/data/0001448056/000120919117033263/xslF345X03/doc4.xml"}, {"form_type": "4", "filings_date": "2017-05-17", "url": "https://www.sec.gov/Archives/edgar/data/0001448056/000120919117033262/xslF345X03/doc4.xml"}, {"form_type": "4", "filings_date": "2017-05-10", "url": "https://www.sec.gov/Archives/edgar/data/0001448056/000120919117031414/xslF345X03/doc4.xml"}, {"form_type": "8-K", "filings_date": "2017-05-09", "url": "https://www.sec.gov/Archives/edgar/data/0001448056/000144805617000007/q4form8-k2017.htm"}, {"form_type": "4", "filings_date": "2017-05-09", "url": "https://www.sec.gov/Archives/edgar/data/0001448056/000120919117030917/xslF345X03/doc4.xml"}, {"form_type": "4", "filings_date": "2017-05-08", "url": "https://www.sec.gov/Archives/edgar/data/0001448056/000120919117030585/xslF345X03/doc4.xml"}, {"form_type": "4", "filings_date": "2017-05-05", "url": "https://www.sec.gov/Archives/edgar/data/0001448056/000120919117030419/xslF345X03/doc4.xml"}, {"form_type": "4", "filings_date": "2017-05-01", "url": "https://www.sec.gov/Archives/edgar/data/0001448056/000120919117028927/xslF345X03/doc4.xml"}, {"form_type": "4", "filings_date": "2017-04-25", "url": "https://www.sec.gov/Archives/edgar/data/0001448056/000120919117028143/xslF345X03/doc4.xml"}, {"form_type": "4/A", "filings_date": "2017-04-25", "url": "https://www.sec.gov/Archives/edgar/data/0001448056/000120919117028139/xslF345X03/doc4a.xml"}, {"form_type": "4", "filings_date": "2017-04-19", "url": "https://www.sec.gov/Archives/edgar/data/0001448056/000120919117027605/xslF345X03/doc4.xml"}, {"form_type": "4", "filings_date": "2017-04-19", "url": "https://www.sec.gov/Archives/edgar/data/0001448056/000120919117027604/xslF345X03/doc4.xml"}, {"form_type": "4", "filings_date": "2017-04-17", "url": "https://www.sec.gov/Archives/edgar/data/0001448056/000120919117027056/xslF345X03/doc4.xml"}, {"form_type": "4/A", "filings_date": "2017-04-13", "url": "https://www.sec.gov/Archives/edgar/data/0001448056/000120919117026943/xslF345X03/doc4a.xml"}, {"form_type": "4", "filings_date": "2017-04-12", "url": "https://www.sec.gov/Archives/edgar/data/0001448056/000120919117026710/xslF345X03/doc4.xml"}, {"form_type": "4", "filings_date": "2017-04-07", "url": "https://www.sec.gov/Archives/edgar/data/0001448056/000120919117026311/xslF345X03/doc4.xml"}, {"form_type": "8-K", "filings_date": "2017-04-04", "url": "https://www.sec.gov/Archives/edgar/data/0001448056/000119312517110136/d373419d8k.htm"}, {"form_type": "4", "filings_date": "2017-04-03", "url": "https://www.sec.gov/Archives/edgar/data/0001448056/000120919117024185/xslF345X03/doc4.xml"}, {"form_type": "4", "filings_date": "2017-04-03", "url": "https://www.sec.gov/Archives/edgar/data/0001448056/000120919117024183/xslF345X03/doc4.xml"}, {"form_type": "4", "filings_date": "2017-03-27", "url": "https://www.sec.gov/Archives/edgar/data/0001448056/000120919117022972/xslF345X03/doc4.xml"}, {"form_type": "4", "filings_date": "2017-03-21", "url": "https://www.sec.gov/Archives/edgar/data/0001448056/000120919117022049/xslF345X03/doc4.xml"}, {"form_type": "4", "filings_date": "2017-03-21", "url": "https://www.sec.gov/Archives/edgar/data/0001448056/000120919117022047/xslF345X03/doc4.xml"}, {"form_type": "4", "filings_date": "2017-03-17", "url": "https://www.sec.gov/Archives/edgar/data/0001448056/000120919117021469/xslF345X03/doc4.xml"}, {"form_type": "4", "filings_date": "2017-03-17", "url": "https://www.sec.gov/Archives/edgar/data/0001448056/000120919117021467/xslF345X03/doc4.xml"}, {"form_type": "4", "filings_date": "2017-03-17", "url": "https://www.sec.gov/Archives/edgar/data/0001448056/000120919117021465/xslF345X03/doc4.xml"}, {"form_type": "4", "filings_date": "2017-03-17", "url": "https://www.sec.gov/Archives/edgar/data/0001448056/000120919117021461/xslF345X03/doc4.xml"}, {"form_type": "4", "filings_date": "2017-03-09", "url": "https://www.sec.gov/Archives/edgar/data/0001448056/000120919117019657/xslF345X03/doc4.xml"}, {"form_type": "4", "filings_date": "2017-03-09", "url": "https://www.sec.gov/Archives/edgar/data/0001448056/000120919117019656/xslF345X03/doc4.xml"}, {"form_type": "4", "filings_date": "2017-03-08", "url": "https://www.sec.gov/Archives/edgar/data/0001448056/000120919117019416/xslF345X03/doc4.xml"}, {"form_type": "4", "filings_date": "2017-03-07", "url": "https://www.sec.gov/Archives/edgar/data/0001448056/000120919117018985/xslF345X03/doc4.xml"}, {"form_type": "4", "filings_date": "2017-03-06", "url": "https://www.sec.gov/Archives/edgar/data/0001448056/000120919117018403/xslF345X03/doc4.xml"}, {"form_type": "4", "filings_date": "2017-03-01", "url": "https://www.sec.gov/Archives/edgar/data/0001448056/000120919117015993/xslF345X03/doc4.xml"}, {"form_type": "4", "filings_date": "2017-02-27", "url": "https://www.sec.gov/Archives/edgar/data/0001448056/000120919117014972/xslF345X03/doc4.xml"}, {"form_type": "4", "filings_date": "2017-02-22", "url": "https://www.sec.gov/Archives/edgar/data/0001448056/000120919117013508/xslF345X03/doc4.xml"}, {"form_type": "4", "filings_date": "2017-02-22", "url": "https://www.sec.gov/Archives/edgar/data/0001448056/000120919117013506/xslF345X03/doc4.xml"}, {"form_type": "4", "filings_date": "2017-02-21", "url": "https://www.sec.gov/Archives/edgar/data/0001448056/000120919117012892/xslF345X03/doc4.xml"}, {"form_type": "4", "filings_date": "2017-02-21", "url": "https://www.sec.gov/Archives/edgar/data/0001448056/000120919117012887/xslF345X03/doc4.xml"}, {"form_type": "4", "filings_date": "2017-02-17", "url": "https://www.sec.gov/Archives/edgar/data/0001448056/000120919117012362/xslF345X03/doc4.xml"}, {"form_type": "4/A", "filings_date": "2017-02-17", "url": "https://www.sec.gov/Archives/edgar/data/0001448056/000120919117012361/xslF345X03/doc4a.xml"}, {"form_type": "4/A", "filings_date": "2017-02-17", "url": "https://www.sec.gov/Archives/edgar/data/0001448056/000120919117012358/xslF345X03/doc4a.xml"}, {"form_type": "4", "filings_date": "2017-02-16", "url": "https://www.sec.gov/Archives/edgar/data/0001448056/000120919117011749/xslF345X03/doc4.xml"}, {"form_type": "4", "filings_date": "2017-02-16", "url": "https://www.sec.gov/Archives/edgar/data/0001448056/000120919117011743/xslF345X03/doc4.xml"}, {"form_type": "4", "filings_date": "2017-02-16", "url": "https://www.sec.gov/Archives/edgar/data/0001448056/000120919117011740/xslF345X03/doc4.xml"}, {"form_type": "4", "filings_date": "2017-02-16", "url": "https://www.sec.gov/Archives/edgar/data/0001448056/000120919117011736/xslF345X03/doc4.xml"}, {"form_type": "SC 13G/A", "filings_date": "2017-02-14", "url": "https://www.sec.gov/Archives/edgar/data/0001448056/000119312517043286/d276824dsc13ga.htm"}, {"form_type": "SC 13G/A", "filings_date": "2017-02-14", "url": "https://www.sec.gov/Archives/edgar/data/0001448056/000114420417008470/v458977_sc13ga.htm"}, {"form_type": "SC 13G/A", "filings_date": "2017-02-14", "url": "https://www.sec.gov/Archives/edgar/data/0001448056/000031506617001902/filing.txt"}, {"form_type": "4", "filings_date": "2017-02-10", "url": "https://www.sec.gov/Archives/edgar/data/0001448056/000120919117009692/xslF345X03/doc4.xml"}, {"form_type": "SC 13G/A", "filings_date": "2017-02-10", "url": "https://www.sec.gov/Archives/edgar/data/0001448056/000119312517038313/d329551dsc13ga.htm"}, {"form_type": "SC 13G/A", "filings_date": "2017-02-10", "url": "https://www.sec.gov/Archives/edgar/data/0001448056/000090266417000992/p17-0661sc13ga.htm"}, {"form_type": "4", "filings_date": "2017-02-09", "url": "https://www.sec.gov/Archives/edgar/data/0001448056/000120919117009095/xslF345X03/doc4.xml"}, {"form_type": "10-Q", "filings_date": "2017-02-08", "url": "https://www.sec.gov/Archives/edgar/data/0001448056/000144805617000005/newr12311610q.htm"}, {"form_type": "8-K", "filings_date": "2017-02-07", "url": "https://www.sec.gov/Archives/edgar/data/0001448056/000144805617000003/q38k2017.htm"}, {"form_type": "SC 13G/A", "filings_date": "2017-02-07", "url": "https://www.sec.gov/Archives/edgar/data/0001448056/000008025517001098/newr13gadec16.txt"}, {"form_type": "4", "filings_date": "2017-02-06", "url": "https://www.sec.gov/Archives/edgar/data/0001448056/000120919117008064/xslF345X03/doc4.xml"}, {"form_type": "4", "filings_date": "2017-02-01", "url": "https://www.sec.gov/Archives/edgar/data/0001448056/000120919117006715/xslF345X03/doc4.xml"}, {"form_type": "4", "filings_date": "2017-01-27", "url": "https://www.sec.gov/Archives/edgar/data/0001448056/000120919117005991/xslF345X03/doc4.xml"}, {"form_type": "4", "filings_date": "2017-01-27", "url": "https://www.sec.gov/Archives/edgar/data/0001448056/000120919117005989/xslF345X03/doc4.xml"}, {"form_type": "4", "filings_date": "2017-01-27", "url": "https://www.sec.gov/Archives/edgar/data/0001448056/000120919117005987/xslF345X03/doc4.xml"}, {"form_type": "4", "filings_date": "2017-01-23", "url": "https://www.sec.gov/Archives/edgar/data/0001448056/000120919117005099/xslF345X03/doc4.xml"}, {"form_type": "4", "filings_date": "2017-01-17", "url": "https://www.sec.gov/Archives/edgar/data/0001448056/000120919117003908/xslF345X03/doc4.xml"}, {"form_type": "4", "filings_date": "2017-01-11", "url": "https://www.sec.gov/Archives/edgar/data/0001448056/000120919117003434/xslF345X03/doc4.xml"}, {"form_type": "4", "filings_date": "2017-01-09", "url": "https://www.sec.gov/Archives/edgar/data/0001448056/000120919117003038/xslF345X03/doc4.xml"}, {"form_type": "4", "filings_date": "2017-01-09", "url": "https://www.sec.gov/Archives/edgar/data/0001448056/000120919117003037/xslF345X03/doc4.xml"}]}