{"company": {"cik": "0000849399", "name": "NortonLifeLock Inc.", "sic": "Services-Prepackaged Software", "state_incorp": "DE", "ticker": "NLOK", "mailing_addr": "60 E RIO SALADO PARKWAY, TEMPE, AZ, 85281", "category": "Large accelerated filer", "fiscal_year_end": "01, April"}, "filings": [{"form_type": "8-K", "filings_date": "2022-03-16", "url": "https://www.sec.gov/Archives/edgar/data/0000849399/000110465922034216/tm229447d1_8k.htm"}, {"form_type": "4", "filings_date": "2022-02-18", "url": "https://www.sec.gov/Archives/edgar/data/0000849399/000120919122011291/xslF345X03/doc4.xml"}, {"form_type": "8-K", "filings_date": "2022-02-18", "url": "https://www.sec.gov/Archives/edgar/data/0000849399/000110465922025143/tm227166d1_8k.htm"}, {"form_type": "SC 13G/A", "filings_date": "2022-02-11", "url": "https://www.sec.gov/Archives/edgar/data/0000849399/000142284922000122/SEC13G_Filing.htm"}, {"form_type": "SC 13G/A", "filings_date": "2022-02-10", "url": "https://www.sec.gov/Archives/edgar/data/0000849399/000110465922018202/tv01538-nortonlifelockinc.htm"}, {"form_type": "SC 13G/A", "filings_date": "2022-02-09", "url": "https://www.sec.gov/Archives/edgar/data/0000849399/000031506622001114/filing.txt"}, {"form_type": "SC 13G/A", "filings_date": "2022-02-07", "url": "https://www.sec.gov/Archives/edgar/data/0000849399/000083423722007924/us6687711084_020722.txt"}, {"form_type": "10-Q", "filings_date": "2022-02-04", "url": "https://www.sec.gov/Archives/edgar/data/0000849399/000084939922000008/nlok-20211231.htm"}, {"form_type": "8-K", "filings_date": "2022-02-04", "url": "https://www.sec.gov/Archives/edgar/data/0000849399/000110465922011747/tm225535d1_8k.htm"}, {"form_type": "8-K", "filings_date": "2022-02-03", "url": "https://www.sec.gov/Archives/edgar/data/0000849399/000084939922000005/nlok-20220203.htm"}, {"form_type": "8-K", "filings_date": "2022-01-27", "url": "https://www.sec.gov/Archives/edgar/data/0000849399/000110465922008265/tm224670d1_8k.htm"}, {"form_type": "8-K", "filings_date": "2022-01-12", "url": "https://www.sec.gov/Archives/edgar/data/0000849399/000110465922003653/tm222724d1_8k.htm"}, {"form_type": "4", "filings_date": "2021-12-14", "url": "https://www.sec.gov/Archives/edgar/data/0000849399/000120919121069450/xslF345X03/doc4.xml"}, {"form_type": "4", "filings_date": "2021-12-14", "url": "https://www.sec.gov/Archives/edgar/data/0000849399/000120919121069441/xslF345X03/doc4.xml"}, {"form_type": "4", "filings_date": "2021-12-02", "url": "https://www.sec.gov/Archives/edgar/data/0000849399/000120919121067585/xslF345X03/doc4.xml"}, {"form_type": "8-K", "filings_date": "2021-11-16", "url": "https://www.sec.gov/Archives/edgar/data/0000849399/000110465921139724/tm2133089d1_8k.htm"}, {"form_type": "10-Q", "filings_date": "2021-11-08", "url": "https://www.sec.gov/Archives/edgar/data/0000849399/000084939921000022/nlok-20211001.htm"}, {"form_type": "8-K", "filings_date": "2021-11-04", "url": "https://www.sec.gov/Archives/edgar/data/0000849399/000084939921000019/nlok-20211104.htm"}, {"form_type": "DEFA14A", "filings_date": "2021-10-29", "url": "https://www.sec.gov/Archives/edgar/data/0000849399/000110465921131776/tm2123199d8_defa14a.htm"}, {"form_type": "8-K", "filings_date": "2021-10-29", "url": "https://www.sec.gov/Archives/edgar/data/0000849399/000110465921131773/tm2123199d7_8k.htm"}, {"form_type": "DEFM14A", "filings_date": "2021-10-04", "url": "https://www.sec.gov/Archives/edgar/data/0000849399/000110465921122507/tm2127685-2_defm14a.htm"}, {"form_type": "PREM14A", "filings_date": "2021-09-17", "url": "https://www.sec.gov/Archives/edgar/data/0000849399/000110465921116938/tm2127685-1_pre14a.htm"}, {"form_type": "8-K", "filings_date": "2021-09-15", "url": "https://www.sec.gov/Archives/edgar/data/0000849399/000110465921115938/tm2127722d1_8k.htm"}, {"form_type": "DEFA14A", "filings_date": "2021-09-03", "url": "https://www.sec.gov/Archives/edgar/data/0000849399/000110465921112644/tm2123199d6_defa14a.htm"}, {"form_type": "8-K", "filings_date": "2021-09-03", "url": "https://www.sec.gov/Archives/edgar/data/0000849399/000110465921112640/tm2123199d5_8k.htm"}, {"form_type": "4", "filings_date": "2021-08-17", "url": "https://www.sec.gov/Archives/edgar/data/0000849399/000120919121051867/xslF345X03/doc4.xml"}, {"form_type": "DEFA14A", "filings_date": "2021-08-12", "url": "https://www.sec.gov/Archives/edgar/data/0000849399/000110465921104215/tm2123199d4_defa14a.htm"}, {"form_type": "DEFA14A", "filings_date": "2021-08-11", "url": "https://www.sec.gov/Archives/edgar/data/0000849399/000110465921103591/tm2123199d3_defa14a.htm"}, {"form_type": "DEFA14A", "filings_date": "2021-08-11", "url": "https://www.sec.gov/Archives/edgar/data/0000849399/000110465921103020/tm2123199d2_defa14a.htm"}, {"form_type": "DEFA14A", "filings_date": "2021-08-10", "url": "https://www.sec.gov/Archives/edgar/data/0000849399/000110465921102970/tm2124680d1_defa14a.htm"}, {"form_type": "8-K", "filings_date": "2021-08-10", "url": "https://www.sec.gov/Archives/edgar/data/0000849399/000110465921102969/tm2123199d1_8k.htm"}, {"form_type": "10-Q", "filings_date": "2021-08-02", "url": "https://www.sec.gov/Archives/edgar/data/0000849399/000084939921000014/nlok-20210702.htm"}, {"form_type": "DEFA14A", "filings_date": "2021-07-28", "url": "https://www.sec.gov/Archives/edgar/data/0000849399/000110465921096983/tm2120797d2_defa14a.htm"}, {"form_type": "DEF 14A", "filings_date": "2021-07-28", "url": "https://www.sec.gov/Archives/edgar/data/0000849399/000110465921096976/tm2120797-1_def14a.htm"}, {"form_type": "8-K", "filings_date": "2021-07-27", "url": "https://www.sec.gov/Archives/edgar/data/0000849399/000115752321000930/a52466374.htm"}, {"form_type": "8-K", "filings_date": "2021-07-15", "url": "https://www.sec.gov/Archives/edgar/data/0000849399/000110465921092314/tm2122266d1_8k.htm"}, {"form_type": "8-K", "filings_date": "2021-06-29", "url": "https://www.sec.gov/Archives/edgar/data/0000849399/000110465921086853/tm2120286d1_8k.htm"}, {"form_type": "8-K", "filings_date": "2021-06-07", "url": "https://www.sec.gov/Archives/edgar/data/0000849399/000110465921077699/tm2118888d1_8k.htm"}, {"form_type": "4", "filings_date": "2021-06-02", "url": "https://www.sec.gov/Archives/edgar/data/0000849399/000120919121037210/xslF345X03/doc4.xml"}, {"form_type": "4", "filings_date": "2021-06-02", "url": "https://www.sec.gov/Archives/edgar/data/0000849399/000120919121037204/xslF345X03/doc4.xml"}, {"form_type": "4", "filings_date": "2021-06-02", "url": "https://www.sec.gov/Archives/edgar/data/0000849399/000120919121037192/xslF345X03/doc4.xml"}, {"form_type": "10-K", "filings_date": "2021-05-21", "url": "https://www.sec.gov/Archives/edgar/data/0000849399/000084939921000010/nlok-20210402.htm"}, {"form_type": "4", "filings_date": "2021-05-19", "url": "https://www.sec.gov/Archives/edgar/data/0000849399/000092189521001430/xslF345X03/form406297244b_05192021.xml"}, {"form_type": "4", "filings_date": "2021-05-19", "url": "https://www.sec.gov/Archives/edgar/data/0000849399/000092189521001429/xslF345X03/form406297244a_05192021.xml"}, {"form_type": "4", "filings_date": "2021-05-17", "url": "https://www.sec.gov/Archives/edgar/data/0000849399/000089924321019646/xslF345X03/doc4.xml"}, {"form_type": "4", "filings_date": "2021-05-14", "url": "https://www.sec.gov/Archives/edgar/data/0000849399/000092189521001337/xslF345X03/form406297244_05142021.xml"}, {"form_type": "4", "filings_date": "2021-05-14", "url": "https://www.sec.gov/Archives/edgar/data/0000849399/000120919121032760/xslF345X03/doc4.xml"}, {"form_type": "4", "filings_date": "2021-05-14", "url": "https://www.sec.gov/Archives/edgar/data/0000849399/000120919121032754/xslF345X03/doc4.xml"}, {"form_type": "4", "filings_date": "2021-05-14", "url": "https://www.sec.gov/Archives/edgar/data/0000849399/000120919121032749/xslF345X03/doc4.xml"}, {"form_type": "4", "filings_date": "2021-05-14", "url": "https://www.sec.gov/Archives/edgar/data/0000849399/000120919121032745/xslF345X03/doc4.xml"}, {"form_type": "4", "filings_date": "2021-05-14", "url": "https://www.sec.gov/Archives/edgar/data/0000849399/000120919121032741/xslF345X03/doc4.xml"}, {"form_type": "4", "filings_date": "2021-05-14", "url": "https://www.sec.gov/Archives/edgar/data/0000849399/000120919121032735/xslF345X03/doc4.xml"}, {"form_type": "8-K", "filings_date": "2021-05-13", "url": "https://www.sec.gov/Archives/edgar/data/0000849399/000110465921065987/tm2116347d1_8k.htm"}, {"form_type": "4", "filings_date": "2021-05-11", "url": "https://www.sec.gov/Archives/edgar/data/0000849399/000120919121031695/xslF345X03/doc4.xml"}, {"form_type": "4", "filings_date": "2021-05-11", "url": "https://www.sec.gov/Archives/edgar/data/0000849399/000120919121031690/xslF345X03/doc4.xml"}, {"form_type": "4", "filings_date": "2021-05-11", "url": "https://www.sec.gov/Archives/edgar/data/0000849399/000120919121031684/xslF345X03/doc4.xml"}, {"form_type": "8-K", "filings_date": "2021-05-10", "url": "https://www.sec.gov/Archives/edgar/data/0000849399/000110465921063918/tm2115614d1_8k.htm"}, {"form_type": "8-K", "filings_date": "2021-05-10", "url": "https://www.sec.gov/Archives/edgar/data/0000849399/000115752321000641/a52426307.htm"}, {"form_type": "8-K/A", "filings_date": "2021-03-26", "url": "https://www.sec.gov/Archives/edgar/data/0000849399/000110465921042484/tm2110953d1_8ka.htm"}, {"form_type": "4", "filings_date": "2021-02-18", "url": "https://www.sec.gov/Archives/edgar/data/0000849399/000092189521000499/xslF345X03/form406297244_02182021.xml"}, {"form_type": "4", "filings_date": "2021-02-17", "url": "https://www.sec.gov/Archives/edgar/data/0000849399/000120919121011269/xslF345X03/doc4.xml"}, {"form_type": "SC 13G/A", "filings_date": "2021-02-16", "url": "https://www.sec.gov/Archives/edgar/data/0000849399/000142284921000112/SEC13G_Filing.htm"}, {"form_type": "SC 13G/A", "filings_date": "2021-02-10", "url": "https://www.sec.gov/Archives/edgar/data/0000849399/000110465921018754/tv01504-nortonlifelockinc.htm"}, {"form_type": "SC 13G", "filings_date": "2021-02-08", "url": "https://www.sec.gov/Archives/edgar/data/0000849399/000031506621001184/filing.txt"}, {"form_type": "10-Q", "filings_date": "2021-02-05", "url": "https://www.sec.gov/Archives/edgar/data/0000849399/000084939921000005/nlok-20210101.htm"}, {"form_type": "SC 13G/A", "filings_date": "2021-02-05", "url": "https://www.sec.gov/Archives/edgar/data/0000849399/000083423721007477/us6687711084_020421.txt"}, {"form_type": "8-K", "filings_date": "2021-02-04", "url": "https://www.sec.gov/Archives/edgar/data/0000849399/000115752321000144/a52373793.htm"}, {"form_type": "4", "filings_date": "2021-01-20", "url": "https://www.sec.gov/Archives/edgar/data/0000849399/000120919121004325/xslF345X03/doc4.xml"}, {"form_type": "4", "filings_date": "2021-01-20", "url": "https://www.sec.gov/Archives/edgar/data/0000849399/000120919121004319/xslF345X03/doc4.xml"}, {"form_type": "3", "filings_date": "2021-01-20", "url": "https://www.sec.gov/Archives/edgar/data/0000849399/000120919121004312/xslF345X02/doc3.xml"}, {"form_type": "3", "filings_date": "2021-01-20", "url": "https://www.sec.gov/Archives/edgar/data/0000849399/000120919121004308/xslF345X02/doc3.xml"}, {"form_type": "8-K", "filings_date": "2021-01-19", "url": "https://www.sec.gov/Archives/edgar/data/0000849399/000110465921005332/tm213213d1_8k.htm"}, {"form_type": "4", "filings_date": "2020-12-15", "url": "https://www.sec.gov/Archives/edgar/data/0000849399/000092189520003254/xslF345X03/form406297244_12152020.xml"}, {"form_type": "4", "filings_date": "2020-12-11", "url": "https://www.sec.gov/Archives/edgar/data/0000849399/000120919120062940/xslF345X03/doc4.xml"}, {"form_type": "8-K", "filings_date": "2020-12-07", "url": "https://www.sec.gov/Archives/edgar/data/0000849399/000110465920132874/tm2037836d1_8k.htm"}, {"form_type": "4", "filings_date": "2020-12-02", "url": "https://www.sec.gov/Archives/edgar/data/0000849399/000120919120061173/xslF345X03/doc4.xml"}, {"form_type": "10-Q", "filings_date": "2020-11-06", "url": "https://www.sec.gov/Archives/edgar/data/0000849399/000084939920000011/nlok-20201002.htm"}, {"form_type": "8-K", "filings_date": "2020-11-05", "url": "https://www.sec.gov/Archives/edgar/data/0000849399/000115752320001452/a52321368.htm"}, {"form_type": "4", "filings_date": "2020-09-11", "url": "https://www.sec.gov/Archives/edgar/data/0000849399/000089924320024868/xslF345X03/doc4.xml"}, {"form_type": "4", "filings_date": "2020-09-10", "url": "https://www.sec.gov/Archives/edgar/data/0000849399/000089924320024866/xslF345X03/doc4.xml"}, {"form_type": "8-K", "filings_date": "2020-09-08", "url": "https://www.sec.gov/Archives/edgar/data/0000849399/000110465920103074/tm2030406d1_8k.htm"}, {"form_type": "4", "filings_date": "2020-08-18", "url": "https://www.sec.gov/Archives/edgar/data/0000849399/000120919120047203/xslF345X03/doc4.xml"}, {"form_type": "4", "filings_date": "2020-08-12", "url": "https://www.sec.gov/Archives/edgar/data/0000849399/000120919120046373/xslF345X03/doc4.xml"}, {"form_type": "4", "filings_date": "2020-08-11", "url": "https://www.sec.gov/Archives/edgar/data/0000849399/000120919120046129/xslF345X03/doc4.xml"}, {"form_type": "10-Q", "filings_date": "2020-08-06", "url": "https://www.sec.gov/Archives/edgar/data/0000849399/000084939920000007/nlok-20200703.htm"}, {"form_type": "8-K", "filings_date": "2020-08-06", "url": "https://www.sec.gov/Archives/edgar/data/0000849399/000115752320001152/a52262050.htm"}, {"form_type": "SC 13D/A", "filings_date": "2020-08-05", "url": "https://www.sec.gov/Archives/edgar/data/0000849399/000092189520002074/sc13da606297244_08042020.htm"}, {"form_type": "DEFA14A", "filings_date": "2020-07-22", "url": "https://www.sec.gov/Archives/edgar/data/0000849399/000110465920085652/a20-24716_3defa14a.htm"}, {"form_type": "DEF 14A", "filings_date": "2020-07-22", "url": "https://www.sec.gov/Archives/edgar/data/0000849399/000104746920004195/a2242071zdef14a.htm"}, {"form_type": "4", "filings_date": "2020-07-14", "url": "https://www.sec.gov/Archives/edgar/data/0000849399/000120919120042364/xslF345X03/doc4.xml"}, {"form_type": "3", "filings_date": "2020-07-13", "url": "https://www.sec.gov/Archives/edgar/data/0000849399/000120919120042270/xslF345X02/doc3.xml"}, {"form_type": "4", "filings_date": "2020-07-13", "url": "https://www.sec.gov/Archives/edgar/data/0000849399/000120919120042265/xslF345X03/doc4.xml"}, {"form_type": "4", "filings_date": "2020-07-13", "url": "https://www.sec.gov/Archives/edgar/data/0000849399/000120919120042260/xslF345X03/doc4.xml"}, {"form_type": "8-K", "filings_date": "2020-07-08", "url": "https://www.sec.gov/Archives/edgar/data/0000849399/000110465920082096/tm2024178d1_8k.htm"}, {"form_type": "4/A", "filings_date": "2020-06-12", "url": "https://www.sec.gov/Archives/edgar/data/0000849399/000120919120036286/xslF345X03/doc4a.xml"}, {"form_type": "4", "filings_date": "2020-06-09", "url": "https://www.sec.gov/Archives/edgar/data/0000849399/000092189520001738/xslF345X03/form406297244_06092020.xml"}, {"form_type": "SC 13D/A", "filings_date": "2020-06-09", "url": "https://www.sec.gov/Archives/edgar/data/0000849399/000092189520001737/sc13da506297244_06092020.htm"}, {"form_type": "4", "filings_date": "2020-06-04", "url": "https://www.sec.gov/Archives/edgar/data/0000849399/000120919120034439/xslF345X03/doc4.xml"}, {"form_type": "4", "filings_date": "2020-06-02", "url": "https://www.sec.gov/Archives/edgar/data/0000849399/000120919120033556/xslF345X03/doc4.xml"}, {"form_type": "4", "filings_date": "2020-06-02", "url": "https://www.sec.gov/Archives/edgar/data/0000849399/000120919120033550/xslF345X03/doc4.xml"}, {"form_type": "8-K", "filings_date": "2020-05-29", "url": "https://www.sec.gov/Archives/edgar/data/0000849399/000110465920067796/tm2021254-1_8k.htm"}, {"form_type": "SD", "filings_date": "2020-05-28", "url": "https://www.sec.gov/Archives/edgar/data/0000849399/000110465920067156/tm2019373-1_sd.htm"}, {"form_type": "S-3ASR", "filings_date": "2020-05-28", "url": "https://www.sec.gov/Archives/edgar/data/0000849399/000110465920067151/a20-19583_1s3asr.htm"}, {"form_type": "10-K", "filings_date": "2020-05-28", "url": "https://www.sec.gov/Archives/edgar/data/0000849399/000084939920000004/nlokfy2010-k.htm"}, {"form_type": "4", "filings_date": "2020-05-21", "url": "https://www.sec.gov/Archives/edgar/data/0000849399/000120919120031297/xslF345X03/doc4.xml"}, {"form_type": "4", "filings_date": "2020-05-21", "url": "https://www.sec.gov/Archives/edgar/data/0000849399/000089924320013852/xslF345X03/doc4.xml"}, {"form_type": "4", "filings_date": "2020-05-21", "url": "https://www.sec.gov/Archives/edgar/data/0000849399/000089924320013839/xslF345X03/doc4.xml"}, {"form_type": "4", "filings_date": "2020-05-20", "url": "https://www.sec.gov/Archives/edgar/data/0000849399/000092189520001546/xslF345X03/form406297244_05202020.xml"}, {"form_type": "4", "filings_date": "2020-05-20", "url": "https://www.sec.gov/Archives/edgar/data/0000849399/000120919120030940/xslF345X03/doc4.xml"}, {"form_type": "4", "filings_date": "2020-05-20", "url": "https://www.sec.gov/Archives/edgar/data/0000849399/000120919120030933/xslF345X03/doc4.xml"}, {"form_type": "4", "filings_date": "2020-05-20", "url": "https://www.sec.gov/Archives/edgar/data/0000849399/000120919120030925/xslF345X03/doc4.xml"}, {"form_type": "4", "filings_date": "2020-05-20", "url": "https://www.sec.gov/Archives/edgar/data/0000849399/000120919120030919/xslF345X03/doc4.xml"}, {"form_type": "4", "filings_date": "2020-05-20", "url": "https://www.sec.gov/Archives/edgar/data/0000849399/000120919120030897/xslF345X03/doc4.xml"}, {"form_type": "4", "filings_date": "2020-05-19", "url": "https://www.sec.gov/Archives/edgar/data/0000849399/000089924320013623/xslF345X03/doc4.xml"}, {"form_type": "4", "filings_date": "2020-05-19", "url": "https://www.sec.gov/Archives/edgar/data/0000849399/000089924320013582/xslF345X03/doc4.xml"}, {"form_type": "8-K", "filings_date": "2020-05-18", "url": "https://www.sec.gov/Archives/edgar/data/0000849399/000115752320000768/a52221915.htm"}, {"form_type": "8-K", "filings_date": "2020-05-14", "url": "https://www.sec.gov/Archives/edgar/data/0000849399/000115752320000745/a52220620.htm"}, {"form_type": "4", "filings_date": "2020-03-09", "url": "https://www.sec.gov/Archives/edgar/data/0000849399/000089924320007620/xslF345X03/doc4.xml"}, {"form_type": "8-K", "filings_date": "2020-03-05", "url": "https://www.sec.gov/Archives/edgar/data/0000849399/000110465920029783/tm2011869-1_8k.htm"}, {"form_type": "4", "filings_date": "2020-03-05", "url": "https://www.sec.gov/Archives/edgar/data/0000849399/000120919120016616/xslF345X03/doc4.xml"}, {"form_type": "3", "filings_date": "2020-03-02", "url": "https://www.sec.gov/Archives/edgar/data/0000849399/000120919120014485/xslF345X02/doc3.xml"}, {"form_type": "4", "filings_date": "2020-03-02", "url": "https://www.sec.gov/Archives/edgar/data/0000849399/000120919120014472/xslF345X03/doc4.xml"}, {"form_type": "8-K", "filings_date": "2020-02-26", "url": "https://www.sec.gov/Archives/edgar/data/0000849399/000110465920025423/tm2010925d1_8k.htm"}, {"form_type": "SC 13G/A", "filings_date": "2020-02-14", "url": "https://www.sec.gov/Archives/edgar/data/0000849399/000008025520000999/nlok13gadec19.txt"}, {"form_type": "SC 13G/A", "filings_date": "2020-02-14", "url": "https://www.sec.gov/Archives/edgar/data/0000849399/000142284920000084/edgnlok.txt"}, {"form_type": "SC 13G/A", "filings_date": "2020-02-12", "url": "https://www.sec.gov/Archives/edgar/data/0000849399/000110465920017325/tv0818-nortonlifelockinc.htm"}, {"form_type": "10-Q", "filings_date": "2020-02-07", "url": "https://www.sec.gov/Archives/edgar/data/0000849399/000084939920000002/nlok132010-q.htm"}, {"form_type": "8-K", "filings_date": "2020-02-06", "url": "https://www.sec.gov/Archives/edgar/data/0000849399/000115752320000166/a52169472.htm"}, {"form_type": "8-K", "filings_date": "2020-02-05", "url": "https://www.sec.gov/Archives/edgar/data/0000849399/000110465920011259/tm206781d1_8k.htm"}, {"form_type": "SC 13G", "filings_date": "2020-02-05", "url": "https://www.sec.gov/Archives/edgar/data/0000849399/000083423720005816/us6687711084_020520.txt"}, {"form_type": "3", "filings_date": "2020-01-23", "url": "https://www.sec.gov/Archives/edgar/data/0000849399/000120919120004686/xslF345X02/doc3.xml"}, {"form_type": "8-K", "filings_date": "2020-01-21", "url": "https://www.sec.gov/Archives/edgar/data/0000849399/000110465920005288/tm203703-1_8k.htm"}, {"form_type": "8-K/A", "filings_date": "2020-01-13", "url": "https://www.sec.gov/Archives/edgar/data/0000849399/000110465920003472/tm201907-1_8ka.htm"}, {"form_type": "4", "filings_date": "2020-01-10", "url": "https://www.sec.gov/Archives/edgar/data/0000849399/000089924320000975/xslF345X03/doc4.xml"}, {"form_type": "4", "filings_date": "2020-01-10", "url": "https://www.sec.gov/Archives/edgar/data/0000849399/000089924320000973/xslF345X03/doc4.xml"}, {"form_type": "8-K", "filings_date": "2020-01-09", "url": "https://www.sec.gov/Archives/edgar/data/0000849399/000110465920002689/tm201508d1_8k.htm"}, {"form_type": "4", "filings_date": "2019-12-20", "url": "https://www.sec.gov/Archives/edgar/data/0000849399/000120919119061572/xslF345X03/doc4.xml"}, {"form_type": "8-K", "filings_date": "2019-12-20", "url": "https://www.sec.gov/Archives/edgar/data/0000849399/000110465919075033/tm1926786d1_8k.htm"}, {"form_type": "3", "filings_date": "2019-12-20", "url": "https://www.sec.gov/Archives/edgar/data/0000849399/000120919119061569/xslF345X02/doc3.xml"}, {"form_type": "4", "filings_date": "2019-12-11", "url": "https://www.sec.gov/Archives/edgar/data/0000849399/000120919119060042/xslF345X03/doc4.xml"}, {"form_type": "8-K", "filings_date": "2019-12-10", "url": "https://www.sec.gov/Archives/edgar/data/0000849399/000110465919071453/tm1924695d1_8k.htm"}, {"form_type": "4", "filings_date": "2019-12-06", "url": "https://www.sec.gov/Archives/edgar/data/0000849399/000092189519002942/xslF345X03/form406297244_12062019.xml"}, {"form_type": "SC 13D/A", "filings_date": "2019-12-06", "url": "https://www.sec.gov/Archives/edgar/data/0000849399/000092189519002941/sc13da406297244_12062019.htm"}, {"form_type": "8-K", "filings_date": "2019-12-06", "url": "https://www.sec.gov/Archives/edgar/data/0000849399/000110465919070618/tm1924613d1_8k.htm"}, {"form_type": "4", "filings_date": "2019-12-02", "url": "https://www.sec.gov/Archives/edgar/data/0000849399/000120919119058557/xslF345X03/doc4.xml"}, {"form_type": "4", "filings_date": "2019-12-02", "url": "https://www.sec.gov/Archives/edgar/data/0000849399/000120919119058554/xslF345X03/doc4.xml"}, {"form_type": "424B3", "filings_date": "2019-11-12", "url": "https://www.sec.gov/Archives/edgar/data/0000849399/000110465919062694/tm1922610d2_424b3.htm"}, {"form_type": "424B3", "filings_date": "2019-11-12", "url": "https://www.sec.gov/Archives/edgar/data/0000849399/000110465919062691/tm1922451d2_424b3.htm"}, {"form_type": "8-K/A", "filings_date": "2019-11-12", "url": "https://www.sec.gov/Archives/edgar/data/0000849399/000110465919062659/tm1922610d1_8ka.htm"}, {"form_type": "8-K", "filings_date": "2019-11-12", "url": "https://www.sec.gov/Archives/edgar/data/0000849399/000110465919062646/tm1922451d1_8k.htm"}, {"form_type": "424B3", "filings_date": "2019-11-08", "url": "https://www.sec.gov/Archives/edgar/data/0000849399/000084939919000021/a424b38-k1182019.htm"}, {"form_type": "424B3", "filings_date": "2019-11-08", "url": "https://www.sec.gov/Archives/edgar/data/0000849399/000084939919000019/a424b310-q1182019.htm"}, {"form_type": "8-K", "filings_date": "2019-11-08", "url": "https://www.sec.gov/Archives/edgar/data/0000849399/000084939919000017/a8-kproforma1142019.htm"}, {"form_type": "10-Q", "filings_date": "2019-11-08", "url": "https://www.sec.gov/Archives/edgar/data/0000849399/000084939919000016/symc10419-10q.htm"}, {"form_type": "424B3", "filings_date": "2019-11-07", "url": "https://www.sec.gov/Archives/edgar/data/0000849399/000104746919006157/a2240038z424b3.htm"}, {"form_type": "424B3", "filings_date": "2019-11-07", "url": "https://www.sec.gov/Archives/edgar/data/0000849399/000115752319002236/a52125055.htm"}, {"form_type": "DEFA14A", "filings_date": "2019-11-07", "url": "https://www.sec.gov/Archives/edgar/data/0000849399/000110465919061163/a19-13075_3defa14a.htm"}, {"form_type": "DEF 14A", "filings_date": "2019-11-07", "url": "https://www.sec.gov/Archives/edgar/data/0000849399/000104746919006153/a2239991zdef14a.htm"}, {"form_type": "8-K", "filings_date": "2019-11-07", "url": "https://www.sec.gov/Archives/edgar/data/0000849399/000115752319002234/a52124959.htm"}, {"form_type": "4", "filings_date": "2019-11-05", "url": "https://www.sec.gov/Archives/edgar/data/0000849399/000120919119055230/xslF345X03/doc4.xml"}, {"form_type": "4", "filings_date": "2019-11-05", "url": "https://www.sec.gov/Archives/edgar/data/0000849399/000120919119055219/xslF345X03/doc4.xml"}, {"form_type": "4", "filings_date": "2019-11-05", "url": "https://www.sec.gov/Archives/edgar/data/0000849399/000120919119055211/xslF345X03/doc4.xml"}, {"form_type": "4", "filings_date": "2019-11-05", "url": "https://www.sec.gov/Archives/edgar/data/0000849399/000120919119055202/xslF345X03/doc4.xml"}, {"form_type": "424B3", "filings_date": "2019-11-04", "url": "https://www.sec.gov/Archives/edgar/data/0000849399/000110465919059491/tm1921662-2_424b3.htm"}, {"form_type": "8-K", "filings_date": "2019-11-04", "url": "https://www.sec.gov/Archives/edgar/data/0000849399/000110465919059239/tm1921662d1_8k.htm"}, {"form_type": "4", "filings_date": "2019-10-24", "url": "https://www.sec.gov/Archives/edgar/data/0000849399/000120919119053906/xslF345X03/doc4.xml"}, {"form_type": "4", "filings_date": "2019-10-21", "url": "https://www.sec.gov/Archives/edgar/data/0000849399/000120919119053701/xslF345X03/doc4.xml"}, {"form_type": "4", "filings_date": "2019-10-18", "url": "https://www.sec.gov/Archives/edgar/data/0000849399/000089924319025779/xslF345X03/doc4.xml"}, {"form_type": "3", "filings_date": "2019-10-18", "url": "https://www.sec.gov/Archives/edgar/data/0000849399/000089924319025777/xslF345X02/doc3.xml"}, {"form_type": "4", "filings_date": "2019-10-11", "url": "https://www.sec.gov/Archives/edgar/data/0000849399/000120919119053048/xslF345X03/doc4.xml"}, {"form_type": "SC 13G/A", "filings_date": "2019-10-10", "url": "https://www.sec.gov/Archives/edgar/data/0000849399/000008025519002964/symc13gasep19.txt"}, {"form_type": "4", "filings_date": "2019-10-02", "url": "https://www.sec.gov/Archives/edgar/data/0000849399/000120919119051706/xslF345X03/doc4.xml"}, {"form_type": "4", "filings_date": "2019-09-04", "url": "https://www.sec.gov/Archives/edgar/data/0000849399/000120919119048203/xslF345X03/doc4.xml"}, {"form_type": "424B3", "filings_date": "2019-09-03", "url": "https://www.sec.gov/Archives/edgar/data/0000849399/000141057819000986/tv528739_424b3.htm"}, {"form_type": "424B3", "filings_date": "2019-09-03", "url": "https://www.sec.gov/Archives/edgar/data/0000849399/000141057819000985/tv528741_424b3.htm"}, {"form_type": "8-K", "filings_date": "2019-08-30", "url": "https://www.sec.gov/Archives/edgar/data/0000849399/000141057819000981/tv528694_8k.htm"}, {"form_type": "8-K", "filings_date": "2019-08-27", "url": "https://www.sec.gov/Archives/edgar/data/0000849399/000141057819000940/tv528352_8k.htm"}, {"form_type": "4", "filings_date": "2019-08-15", "url": "https://www.sec.gov/Archives/edgar/data/0000849399/000092189519002260/xslF345X03/form406297244c_08152019.xml"}, {"form_type": "4", "filings_date": "2019-08-15", "url": "https://www.sec.gov/Archives/edgar/data/0000849399/000092189519002259/xslF345X03/form406297244b_08152019.xml"}, {"form_type": "4", "filings_date": "2019-08-15", "url": "https://www.sec.gov/Archives/edgar/data/0000849399/000092189519002258/xslF345X03/form406297244a_08152019.xml"}, {"form_type": "SC 13D/A", "filings_date": "2019-08-15", "url": "https://www.sec.gov/Archives/edgar/data/0000849399/000092189519002251/sc13da306297244_08152019.htm"}, {"form_type": "424B3", "filings_date": "2019-08-09", "url": "https://www.sec.gov/Archives/edgar/data/0000849399/000084939919000010/symc-prospectussupplement0.htm"}, {"form_type": "10-Q", "filings_date": "2019-08-09", "url": "https://www.sec.gov/Archives/edgar/data/0000849399/000084939919000008/symc7519-10q.htm"}, {"form_type": "424B3", "filings_date": "2019-08-08", "url": "https://www.sec.gov/Archives/edgar/data/0000849399/000110465919044942/a19-16742_2424b3.htm"}, {"form_type": "424B3", "filings_date": "2019-08-08", "url": "https://www.sec.gov/Archives/edgar/data/0000849399/000110465919044930/a19-16866_1424b3.htm"}, {"form_type": "8-K", "filings_date": "2019-08-08", "url": "https://www.sec.gov/Archives/edgar/data/0000849399/000110465919044918/a19-16742_18k.htm"}, {"form_type": "8-K", "filings_date": "2019-08-08", "url": "https://www.sec.gov/Archives/edgar/data/0000849399/000115752319001784/a52076085.htm"}, {"form_type": "EFFECT", "filings_date": "2019-08-06", "url": "https://www.sec.gov/Archives/edgar/data/0000849399/999999999519001810/xslEFFECTX01/primary_doc.xml"}, {"form_type": "4", "filings_date": "2019-08-02", "url": "https://www.sec.gov/Archives/edgar/data/0000849399/000120919119044266/xslF345X03/doc4.xml"}, {"form_type": "4", "filings_date": "2019-08-02", "url": "https://www.sec.gov/Archives/edgar/data/0000849399/000120919119044263/xslF345X03/doc4.xml"}, {"form_type": "POS AM", "filings_date": "2019-07-26", "url": "https://www.sec.gov/Archives/edgar/data/0000849399/000119312519204030/d779541dposam.htm"}, {"form_type": "10-K/A", "filings_date": "2019-07-25", "url": "https://www.sec.gov/Archives/edgar/data/0000849399/000110465919041857/a19-13070_110ka.htm"}, {"form_type": "4", "filings_date": "2019-07-02", "url": "https://www.sec.gov/Archives/edgar/data/0000849399/000120919119040301/xslF345X03/doc4.xml"}, {"form_type": "4/A", "filings_date": "2019-06-20", "url": "https://www.sec.gov/Archives/edgar/data/0000849399/000120919119038231/xslF345X03/doc4a.xml"}, {"form_type": "4", "filings_date": "2019-06-12", "url": "https://www.sec.gov/Archives/edgar/data/0000849399/000120919119036494/xslF345X03/doc4.xml"}, {"form_type": "4", "filings_date": "2019-06-12", "url": "https://www.sec.gov/Archives/edgar/data/0000849399/000120919119036492/xslF345X03/doc4.xml"}, {"form_type": "4", "filings_date": "2019-06-12", "url": "https://www.sec.gov/Archives/edgar/data/0000849399/000120919119036390/xslF345X03/doc4.xml"}, {"form_type": "4", "filings_date": "2019-06-12", "url": "https://www.sec.gov/Archives/edgar/data/0000849399/000120919119036383/xslF345X03/doc4.xml"}, {"form_type": "4", "filings_date": "2019-06-12", "url": "https://www.sec.gov/Archives/edgar/data/0000849399/000120919119036380/xslF345X03/doc4.xml"}, {"form_type": "8-K", "filings_date": "2019-06-11", "url": "https://www.sec.gov/Archives/edgar/data/0000849399/000119312519170236/d742746d8k.htm"}, {"form_type": "4", "filings_date": "2019-06-03", "url": "https://www.sec.gov/Archives/edgar/data/0000849399/000120919119033937/xslF345X03/doc4.xml"}, {"form_type": "4", "filings_date": "2019-06-03", "url": "https://www.sec.gov/Archives/edgar/data/0000849399/000120919119033936/xslF345X03/doc4.xml"}, {"form_type": "4", "filings_date": "2019-06-03", "url": "https://www.sec.gov/Archives/edgar/data/0000849399/000120919119033931/xslF345X03/doc4.xml"}, {"form_type": "4", "filings_date": "2019-06-03", "url": "https://www.sec.gov/Archives/edgar/data/0000849399/000120919119033928/xslF345X03/doc4.xml"}, {"form_type": "4", "filings_date": "2019-06-03", "url": "https://www.sec.gov/Archives/edgar/data/0000849399/000120919119033925/xslF345X03/doc4.xml"}, {"form_type": "4", "filings_date": "2019-05-29", "url": "https://www.sec.gov/Archives/edgar/data/0000849399/000120919119033199/xslF345X03/doc4.xml"}, {"form_type": "8-K/A", "filings_date": "2019-05-28", "url": "https://www.sec.gov/Archives/edgar/data/0000849399/000119312519158370/d731443d8ka.htm"}, {"form_type": "3", "filings_date": "2019-05-24", "url": "https://www.sec.gov/Archives/edgar/data/0000849399/000120919119032730/xslF345X02/doc3.xml"}, {"form_type": "10-K", "filings_date": "2019-05-24", "url": "https://www.sec.gov/Archives/edgar/data/0000849399/000084939919000005/symc32919-10k.htm"}, {"form_type": "UPLOAD", "filings_date": "2019-05-23", "url": "https://www.sec.gov/Archives/edgar/data/0000849399/000000000019008908/filename1.pdf"}, {"form_type": "SD", "filings_date": "2019-05-23", "url": "https://www.sec.gov/Archives/edgar/data/0000849399/000119312519155397/d769769dsd.htm"}, {"form_type": "CORRESP", "filings_date": "2019-05-22", "url": "https://www.sec.gov/Archives/edgar/data/0000849399/000119312519154316/filename1.htm"}, {"form_type": "CORRESP", "filings_date": "2019-05-21", "url": "https://www.sec.gov/Archives/edgar/data/0000849399/000119312519152971/filename1.htm"}, {"form_type": "4", "filings_date": "2019-05-21", "url": "https://www.sec.gov/Archives/edgar/data/0000849399/000120919119031761/xslF345X03/doc4.xml"}, {"form_type": "4", "filings_date": "2019-05-21", "url": "https://www.sec.gov/Archives/edgar/data/0000849399/000120919119031760/xslF345X03/doc4.xml"}, {"form_type": "4", "filings_date": "2019-05-21", "url": "https://www.sec.gov/Archives/edgar/data/0000849399/000120919119031759/xslF345X03/doc4.xml"}, {"form_type": "4", "filings_date": "2019-05-21", "url": "https://www.sec.gov/Archives/edgar/data/0000849399/000120919119031757/xslF345X03/doc4.xml"}, {"form_type": "4/A", "filings_date": "2019-05-17", "url": "https://www.sec.gov/Archives/edgar/data/0000849399/000120919119030949/xslF345X03/doc4a.xml"}, {"form_type": "4", "filings_date": "2019-05-16", "url": "https://www.sec.gov/Archives/edgar/data/0000849399/000089924319013804/xslF345X03/doc4.xml"}, {"form_type": "4", "filings_date": "2019-05-16", "url": "https://www.sec.gov/Archives/edgar/data/0000849399/000089924319013751/xslF345X03/doc4.xml"}, {"form_type": "4", "filings_date": "2019-05-16", "url": "https://www.sec.gov/Archives/edgar/data/0000849399/000092189519001523/xslF345X03/form4c06297244_05162019.xml"}, {"form_type": "4", "filings_date": "2019-05-16", "url": "https://www.sec.gov/Archives/edgar/data/0000849399/000092189519001522/xslF345X03/form4b06297244_05162019.xml"}, {"form_type": "4", "filings_date": "2019-05-16", "url": "https://www.sec.gov/Archives/edgar/data/0000849399/000092189519001520/xslF345X03/form4a06297244_05162019.xml"}, {"form_type": "4", "filings_date": "2019-05-15", "url": "https://www.sec.gov/Archives/edgar/data/0000849399/000120919119030036/xslF345X03/doc4.xml"}, {"form_type": "4", "filings_date": "2019-05-15", "url": "https://www.sec.gov/Archives/edgar/data/0000849399/000120919119030033/xslF345X03/doc4.xml"}, {"form_type": "4", "filings_date": "2019-05-15", "url": "https://www.sec.gov/Archives/edgar/data/0000849399/000120919119030032/xslF345X03/doc4.xml"}, {"form_type": "4", "filings_date": "2019-05-15", "url": "https://www.sec.gov/Archives/edgar/data/0000849399/000120919119030027/xslF345X03/doc4.xml"}, {"form_type": "4", "filings_date": "2019-05-15", "url": "https://www.sec.gov/Archives/edgar/data/0000849399/000120919119030025/xslF345X03/doc4.xml"}, {"form_type": "4", "filings_date": "2019-05-15", "url": "https://www.sec.gov/Archives/edgar/data/0000849399/000120919119030022/xslF345X03/doc4.xml"}, {"form_type": "4", "filings_date": "2019-05-15", "url": "https://www.sec.gov/Archives/edgar/data/0000849399/000120919119030020/xslF345X03/doc4.xml"}, {"form_type": "4", "filings_date": "2019-05-15", "url": "https://www.sec.gov/Archives/edgar/data/0000849399/000120919119030018/xslF345X03/doc4.xml"}, {"form_type": "4", "filings_date": "2019-05-15", "url": "https://www.sec.gov/Archives/edgar/data/0000849399/000120919119030016/xslF345X03/doc4.xml"}, {"form_type": "CORRESP", "filings_date": "2019-05-14", "url": "https://www.sec.gov/Archives/edgar/data/0000849399/000119312519146975/filename1.htm"}, {"form_type": "UPLOAD", "filings_date": "2019-05-10", "url": "https://www.sec.gov/Archives/edgar/data/0000849399/000000000019008376/filename1.pdf"}, {"form_type": "5", "filings_date": "2019-05-10", "url": "https://www.sec.gov/Archives/edgar/data/0000849399/000120919119028935/xslF345X03/doc5.xml"}, {"form_type": "5", "filings_date": "2019-05-10", "url": "https://www.sec.gov/Archives/edgar/data/0000849399/000120919119028929/xslF345X03/doc5.xml"}, {"form_type": "8-K", "filings_date": "2019-05-09", "url": "https://www.sec.gov/Archives/edgar/data/0000849399/000115752319001183/a51981918.htm"}, {"form_type": "CORRESP", "filings_date": "2019-04-19", "url": "https://www.sec.gov/Archives/edgar/data/0000849399/000119312519112518/filename1.htm"}, {"form_type": "4", "filings_date": "2019-04-15", "url": "https://www.sec.gov/Archives/edgar/data/0000849399/000120919119024586/xslF345X03/doc4.xml"}, {"form_type": "4", "filings_date": "2019-04-11", "url": "https://www.sec.gov/Archives/edgar/data/0000849399/000120919119024362/xslF345X03/doc4.xml"}, {"form_type": "4", "filings_date": "2019-04-09", "url": "https://www.sec.gov/Archives/edgar/data/0000849399/000120919119024098/xslF345X03/doc4.xml"}, {"form_type": "UPLOAD", "filings_date": "2019-04-08", "url": "https://www.sec.gov/Archives/edgar/data/0000849399/000000000019006768/filename1.pdf"}, {"form_type": "4", "filings_date": "2019-04-02", "url": "https://www.sec.gov/Archives/edgar/data/0000849399/000120919119022539/xslF345X03/doc4.xml"}, {"form_type": "4", "filings_date": "2019-04-02", "url": "https://www.sec.gov/Archives/edgar/data/0000849399/000120919119022522/xslF345X03/doc4.xml"}, {"form_type": "4", "filings_date": "2019-04-02", "url": "https://www.sec.gov/Archives/edgar/data/0000849399/000120919119022517/xslF345X03/doc4.xml"}, {"form_type": "4", "filings_date": "2019-04-02", "url": "https://www.sec.gov/Archives/edgar/data/0000849399/000120919119022507/xslF345X03/doc4.xml"}, {"form_type": "4", "filings_date": "2019-04-02", "url": "https://www.sec.gov/Archives/edgar/data/0000849399/000120919119022498/xslF345X03/doc4.xml"}, {"form_type": "POS AM", "filings_date": "2019-03-26", "url": "https://www.sec.gov/Archives/edgar/data/0000849399/000119312519086567/d707638dposam.htm"}, {"form_type": "4", "filings_date": "2019-03-15", "url": "https://www.sec.gov/Archives/edgar/data/0000849399/000120919119019702/xslF345X03/doc4.xml"}, {"form_type": "CORRESP", "filings_date": "2019-03-14", "url": "https://www.sec.gov/Archives/edgar/data/0000849399/000119312519074854/filename1.htm"}, {"form_type": "S-8", "filings_date": "2019-03-08", "url": "https://www.sec.gov/Archives/edgar/data/0000849399/000119312519069181/d717585ds8.htm"}, {"form_type": "4", "filings_date": "2019-03-08", "url": "https://www.sec.gov/Archives/edgar/data/0000849399/000120919119018126/xslF345X03/doc4.xml"}, {"form_type": "3/A", "filings_date": "2019-03-08", "url": "https://www.sec.gov/Archives/edgar/data/0000849399/000120919119018110/xslF345X02/doc3a.xml"}, {"form_type": "CORRESP", "filings_date": "2019-02-28", "url": "https://www.sec.gov/Archives/edgar/data/0000849399/000119312519058817/filename1.htm"}, {"form_type": "UPLOAD", "filings_date": "2019-02-25", "url": "https://www.sec.gov/Archives/edgar/data/0000849399/000000000019003095/filename1.pdf"}, {"form_type": "4", "filings_date": "2019-02-15", "url": "https://www.sec.gov/Archives/edgar/data/0000849399/000120919119010629/xslF345X03/doc4.xml"}, {"form_type": "4", "filings_date": "2019-02-15", "url": "https://www.sec.gov/Archives/edgar/data/0000849399/000120919119010617/xslF345X03/doc4.xml"}, {"form_type": "SC 13G/A", "filings_date": "2019-02-14", "url": "https://www.sec.gov/Archives/edgar/data/0000849399/000008025519002381/symc13gadec18.txt"}, {"form_type": "SC 13G/A", "filings_date": "2019-02-14", "url": "https://www.sec.gov/Archives/edgar/data/0000849399/000142284919000124/edgsymc.txt"}, {"form_type": "SC 13G/A", "filings_date": "2019-02-13", "url": "https://www.sec.gov/Archives/edgar/data/0000849399/000093247119006157/symanteccorp.htm"}, {"form_type": "4", "filings_date": "2019-02-12", "url": "https://www.sec.gov/Archives/edgar/data/0000849399/000120919119009327/xslF345X03/doc4.xml"}, {"form_type": "4", "filings_date": "2019-02-07", "url": "https://www.sec.gov/Archives/edgar/data/0000849399/000092189519000256/xslF345X03/form406297244_02072019.xml"}, {"form_type": "SC 13D/A", "filings_date": "2019-02-07", "url": "https://www.sec.gov/Archives/edgar/data/0000849399/000092189519000249/sc13da206297244_02072019.htm"}, {"form_type": "3", "filings_date": "2019-02-07", "url": "https://www.sec.gov/Archives/edgar/data/0000849399/000120919119008090/xslF345X02/doc3.xml"}, {"form_type": "4", "filings_date": "2019-02-07", "url": "https://www.sec.gov/Archives/edgar/data/0000849399/000120919119008079/xslF345X03/doc4.xml"}, {"form_type": "4", "filings_date": "2019-02-07", "url": "https://www.sec.gov/Archives/edgar/data/0000849399/000120919119008077/xslF345X03/doc4.xml"}, {"form_type": "SC 13G/A", "filings_date": "2019-02-06", "url": "https://www.sec.gov/Archives/edgar/data/0000849399/000021545719005673/us8715031089_020619.txt"}, {"form_type": "S-8", "filings_date": "2019-02-04", "url": "https://www.sec.gov/Archives/edgar/data/0000849399/000119312519027038/d700907ds8.htm"}, {"form_type": "10-Q", "filings_date": "2019-02-04", "url": "https://www.sec.gov/Archives/edgar/data/0000849399/000084939919000002/symc122818-10q.htm"}, {"form_type": "8-K", "filings_date": "2019-02-01", "url": "https://www.sec.gov/Archives/edgar/data/0000849399/000119312519024436/d691232d8k.htm"}, {"form_type": "8-K", "filings_date": "2019-01-31", "url": "https://www.sec.gov/Archives/edgar/data/0000849399/000115752319000204/a51933078.htm"}, {"form_type": "3", "filings_date": "2019-01-09", "url": "https://www.sec.gov/Archives/edgar/data/0000849399/000120919119003058/xslF345X02/doc3.xml"}, {"form_type": "3", "filings_date": "2019-01-09", "url": "https://www.sec.gov/Archives/edgar/data/0000849399/000120919119003052/xslF345X02/doc3.xml"}, {"form_type": "8-K", "filings_date": "2019-01-08", "url": "https://www.sec.gov/Archives/edgar/data/0000849399/000119312519004649/d684694d8k.htm"}, {"form_type": "4", "filings_date": "2018-12-11", "url": "https://www.sec.gov/Archives/edgar/data/0000849399/000092189518003266/xslF345X03/form406297244_12112018.xml"}, {"form_type": "4", "filings_date": "2018-12-11", "url": "https://www.sec.gov/Archives/edgar/data/0000849399/000120919118062005/xslF345X03/doc4.xml"}, {"form_type": "4", "filings_date": "2018-12-11", "url": "https://www.sec.gov/Archives/edgar/data/0000849399/000120919118062000/xslF345X03/doc4.xml"}, {"form_type": "4", "filings_date": "2018-12-11", "url": "https://www.sec.gov/Archives/edgar/data/0000849399/000120919118061996/xslF345X03/doc4.xml"}, {"form_type": "4", "filings_date": "2018-12-10", "url": "https://www.sec.gov/Archives/edgar/data/0000849399/000120919118061773/xslF345X03/doc4.xml"}, {"form_type": "4", "filings_date": "2018-12-04", "url": "https://www.sec.gov/Archives/edgar/data/0000849399/000120919118060868/xslF345X03/doc4.xml"}, {"form_type": "8-K", "filings_date": "2018-12-03", "url": "https://www.sec.gov/Archives/edgar/data/0000849399/000119312518341191/d659711d8k.htm"}, {"form_type": "3", "filings_date": "2018-12-03", "url": "https://www.sec.gov/Archives/edgar/data/0000849399/000120919118060575/xslF345X02/doc3.xml"}, {"form_type": "8-K", "filings_date": "2018-11-29", "url": "https://www.sec.gov/Archives/edgar/data/0000849399/000119312518338094/d635809d8k.htm"}, {"form_type": "10-Q", "filings_date": "2018-11-16", "url": "https://www.sec.gov/Archives/edgar/data/0000849399/000084939918000014/symc092818-10q.htm"}, {"form_type": "10-Q", "filings_date": "2018-11-16", "url": "https://www.sec.gov/Archives/edgar/data/0000849399/000084939918000013/symc062918-10q.htm"}, {"form_type": "DEFA14A", "filings_date": "2018-11-09", "url": "https://www.sec.gov/Archives/edgar/data/0000849399/000119312518323822/d646863ddefa14a.htm"}, {"form_type": "NT 10-Q", "filings_date": "2018-11-07", "url": "https://www.sec.gov/Archives/edgar/data/0000849399/000119312518320971/d628482dnt10q.htm"}, {"form_type": "8-K", "filings_date": "2018-11-01", "url": "https://www.sec.gov/Archives/edgar/data/0000849399/000115752318002271/a51892559.htm"}, {"form_type": "DEF 14A", "filings_date": "2018-10-29", "url": "https://www.sec.gov/Archives/edgar/data/0000849399/000119312518310634/d532571ddef14a.htm"}, {"form_type": "10-K", "filings_date": "2018-10-26", "url": "https://www.sec.gov/Archives/edgar/data/0000849399/000119312518309091/d573170d10k.htm"}, {"form_type": "4", "filings_date": "2018-10-03", "url": "https://www.sec.gov/Archives/edgar/data/0000849399/000120919118053842/xslF345X03/doc4.xml"}, {"form_type": "4", "filings_date": "2018-10-03", "url": "https://www.sec.gov/Archives/edgar/data/0000849399/000120919118053833/xslF345X03/doc4.xml"}, {"form_type": "4", "filings_date": "2018-10-03", "url": "https://www.sec.gov/Archives/edgar/data/0000849399/000120919118053827/xslF345X03/doc4.xml"}, {"form_type": "4", "filings_date": "2018-10-03", "url": "https://www.sec.gov/Archives/edgar/data/0000849399/000120919118053824/xslF345X03/doc4.xml"}, {"form_type": "4", "filings_date": "2018-10-03", "url": "https://www.sec.gov/Archives/edgar/data/0000849399/000120919118053819/xslF345X03/doc4.xml"}, {"form_type": "4", "filings_date": "2018-10-03", "url": "https://www.sec.gov/Archives/edgar/data/0000849399/000120919118053813/xslF345X03/doc4.xml"}, {"form_type": "8-K", "filings_date": "2018-09-25", "url": "https://www.sec.gov/Archives/edgar/data/0000849399/000119312518282558/d627713d8k.htm"}, {"form_type": "3", "filings_date": "2018-09-18", "url": "https://www.sec.gov/Archives/edgar/data/0000849399/000092189518002614/xslF345X02/form306297244_09182018.xml"}, {"form_type": "3", "filings_date": "2018-09-18", "url": "https://www.sec.gov/Archives/edgar/data/0000849399/000120919118051482/xslF345X02/doc3.xml"}, {"form_type": "SC 13D/A", "filings_date": "2018-09-18", "url": "https://www.sec.gov/Archives/edgar/data/0000849399/000092189518002608/sc13da106297244_09172018.htm"}, {"form_type": "8-K", "filings_date": "2018-09-17", "url": "https://www.sec.gov/Archives/edgar/data/0000849399/000119312518275294/d626692d8k.htm"}, {"form_type": "SC 13G/A", "filings_date": "2018-09-10", "url": "https://www.sec.gov/Archives/edgar/data/0000849399/000142284918000179/edgsymc.txt"}, {"form_type": "4", "filings_date": "2018-09-05", "url": "https://www.sec.gov/Archives/edgar/data/0000849399/000120919118049569/xslF345X03/doc4.xml"}, {"form_type": "DEFA14A", "filings_date": "2018-08-16", "url": "https://www.sec.gov/Archives/edgar/data/0000849399/000119312518250220/d463481ddefa14a.htm"}, {"form_type": "SC 13D", "filings_date": "2018-08-16", "url": "https://www.sec.gov/Archives/edgar/data/0000849399/000092189518002357/sc13d06297244_08152018.htm"}, {"form_type": "8-K", "filings_date": "2018-08-13", "url": "https://www.sec.gov/Archives/edgar/data/0000849399/000119312518247320/d563783d8k.htm"}, {"form_type": "NT 10-Q", "filings_date": "2018-08-09", "url": "https://www.sec.gov/Archives/edgar/data/0000849399/000119312518244434/d604710dnt10q.htm"}, {"form_type": "4", "filings_date": "2018-08-03", "url": "https://www.sec.gov/Archives/edgar/data/0000849399/000120919118045301/xslF345X03/doc4.xml"}, {"form_type": "4", "filings_date": "2018-08-03", "url": "https://www.sec.gov/Archives/edgar/data/0000849399/000120919118045299/xslF345X03/doc4.xml"}, {"form_type": "4", "filings_date": "2018-08-03", "url": "https://www.sec.gov/Archives/edgar/data/0000849399/000120919118045297/xslF345X03/doc4.xml"}, {"form_type": "8-K", "filings_date": "2018-08-02", "url": "https://www.sec.gov/Archives/edgar/data/0000849399/000115752318001691/a51847187.htm"}, {"form_type": "4", "filings_date": "2018-07-12", "url": "https://www.sec.gov/Archives/edgar/data/0000849399/000120919118042462/xslF345X03/doc4.xml"}, {"form_type": "4", "filings_date": "2018-07-12", "url": "https://www.sec.gov/Archives/edgar/data/0000849399/000120919118042461/xslF345X03/doc4.xml"}, {"form_type": "8-K", "filings_date": "2018-07-03", "url": "https://www.sec.gov/Archives/edgar/data/0000849399/000119312518212483/d777146d8k.htm"}, {"form_type": "8-K", "filings_date": "2018-06-25", "url": "https://www.sec.gov/Archives/edgar/data/0000849399/000119312518202525/d800210d8k.htm"}, {"form_type": "8-K", "filings_date": "2018-06-06", "url": "https://www.sec.gov/Archives/edgar/data/0000849399/000119312518185701/d602297d8k.htm"}, {"form_type": "4", "filings_date": "2018-06-05", "url": "https://www.sec.gov/Archives/edgar/data/0000849399/000120919118035854/xslF345X03/doc4.xml"}, {"form_type": "4", "filings_date": "2018-06-05", "url": "https://www.sec.gov/Archives/edgar/data/0000849399/000120919118035852/xslF345X03/doc4.xml"}, {"form_type": "4", "filings_date": "2018-06-05", "url": "https://www.sec.gov/Archives/edgar/data/0000849399/000120919118035848/xslF345X03/doc4.xml"}, {"form_type": "4", "filings_date": "2018-06-05", "url": "https://www.sec.gov/Archives/edgar/data/0000849399/000120919118035846/xslF345X03/doc4.xml"}, {"form_type": "4", "filings_date": "2018-06-05", "url": "https://www.sec.gov/Archives/edgar/data/0000849399/000120919118035843/xslF345X03/doc4.xml"}, {"form_type": "4", "filings_date": "2018-06-05", "url": "https://www.sec.gov/Archives/edgar/data/0000849399/000120919118035841/xslF345X03/doc4.xml"}, {"form_type": "4", "filings_date": "2018-06-05", "url": "https://www.sec.gov/Archives/edgar/data/0000849399/000120919118035838/xslF345X03/doc4.xml"}, {"form_type": "8-K", "filings_date": "2018-05-31", "url": "https://www.sec.gov/Archives/edgar/data/0000849399/000119312518180380/d570993d8k.htm"}, {"form_type": "NT 10-K", "filings_date": "2018-05-30", "url": "https://www.sec.gov/Archives/edgar/data/0000849399/000119312518178588/d503826dnt10k.htm"}, {"form_type": "SD", "filings_date": "2018-05-29", "url": "https://www.sec.gov/Archives/edgar/data/0000849399/000119312518176849/d594139dsd.htm"}, {"form_type": "4", "filings_date": "2018-05-21", "url": "https://www.sec.gov/Archives/edgar/data/0000849399/000120919118031881/xslF345X03/doc4.xml"}, {"form_type": "4", "filings_date": "2018-05-21", "url": "https://www.sec.gov/Archives/edgar/data/0000849399/000120919118031878/xslF345X03/doc4.xml"}, {"form_type": "4", "filings_date": "2018-05-21", "url": "https://www.sec.gov/Archives/edgar/data/0000849399/000120919118031877/xslF345X03/doc4.xml"}, {"form_type": "4", "filings_date": "2018-05-21", "url": "https://www.sec.gov/Archives/edgar/data/0000849399/000120919118031875/xslF345X03/doc4.xml"}, {"form_type": "4", "filings_date": "2018-05-21", "url": "https://www.sec.gov/Archives/edgar/data/0000849399/000120919118031873/xslF345X03/doc4.xml"}, {"form_type": "4", "filings_date": "2018-05-21", "url": "https://www.sec.gov/Archives/edgar/data/0000849399/000120919118031872/xslF345X03/doc4.xml"}, {"form_type": "4", "filings_date": "2018-05-21", "url": "https://www.sec.gov/Archives/edgar/data/0000849399/000120919118031870/xslF345X03/doc4.xml"}, {"form_type": "4", "filings_date": "2018-05-21", "url": "https://www.sec.gov/Archives/edgar/data/0000849399/000120919118031868/xslF345X03/doc4.xml"}, {"form_type": "4", "filings_date": "2018-05-21", "url": "https://www.sec.gov/Archives/edgar/data/0000849399/000089924318013564/xslF345X03/doc4.xml"}, {"form_type": "4", "filings_date": "2018-05-21", "url": "https://www.sec.gov/Archives/edgar/data/0000849399/000089924318013536/xslF345X03/doc4.xml"}, {"form_type": "3", "filings_date": "2018-05-17", "url": "https://www.sec.gov/Archives/edgar/data/0000849399/000120919118030923/xslF345X02/doc3.xml"}, {"form_type": "8-K", "filings_date": "2018-05-15", "url": "https://www.sec.gov/Archives/edgar/data/0000849399/000119312518163279/d589355d8k.htm"}, {"form_type": "8-K", "filings_date": "2018-05-10", "url": "https://www.sec.gov/Archives/edgar/data/0000849399/000115752318001091/a51804276.htm"}, {"form_type": "4", "filings_date": "2018-04-18", "url": "https://www.sec.gov/Archives/edgar/data/0000849399/000120919118025370/xslF345X03/doc4.xml"}, {"form_type": "S-8", "filings_date": "2018-03-16", "url": "https://www.sec.gov/Archives/edgar/data/0000849399/000119312518085914/d548510ds8.htm"}, {"form_type": "4", "filings_date": "2018-03-12", "url": "https://www.sec.gov/Archives/edgar/data/0000849399/000120919118018872/xslF345X03/doc4.xml"}, {"form_type": "4", "filings_date": "2018-03-06", "url": "https://www.sec.gov/Archives/edgar/data/0000849399/000120919118017278/xslF345X03/doc4.xml"}, {"form_type": "4", "filings_date": "2018-03-02", "url": "https://www.sec.gov/Archives/edgar/data/0000849399/000120919118015695/xslF345X03/doc4.xml"}, {"form_type": "4", "filings_date": "2018-03-02", "url": "https://www.sec.gov/Archives/edgar/data/0000849399/000120919118015693/xslF345X03/doc4.xml"}, {"form_type": "4", "filings_date": "2018-03-02", "url": "https://www.sec.gov/Archives/edgar/data/0000849399/000120919118015673/xslF345X03/doc4.xml"}, {"form_type": "SC 13G/A", "filings_date": "2018-02-14", "url": "https://www.sec.gov/Archives/edgar/data/0000849399/000008025518002276/symc13gadec17.txt"}, {"form_type": "SC 13G/A", "filings_date": "2018-02-14", "url": "https://www.sec.gov/Archives/edgar/data/0000849399/000142284918000120/edgsymc.txt"}, {"form_type": "SC 13G/A", "filings_date": "2018-02-09", "url": "https://www.sec.gov/Archives/edgar/data/0000849399/000093247118004190/symanteccorp.htm"}, {"form_type": "SC 13G/A", "filings_date": "2018-02-08", "url": "https://www.sec.gov/Archives/edgar/data/0000849399/000021545718005050/us8715031089_012418.txt"}, {"form_type": "SC 13G/A", "filings_date": "2018-02-05", "url": "https://www.sec.gov/Archives/edgar/data/0000849399/000102387518000033/syma17a3.htm"}, {"form_type": "10-Q", "filings_date": "2018-02-02", "url": "https://www.sec.gov/Archives/edgar/data/0000849399/000084939918000004/symc122917-10q.htm"}, {"form_type": "8-K", "filings_date": "2018-01-31", "url": "https://www.sec.gov/Archives/edgar/data/0000849399/000115752318000167/a51751444.htm"}, {"form_type": "4", "filings_date": "2017-12-07", "url": "https://www.sec.gov/Archives/edgar/data/0000849399/000120919117064432/xslF345X03/doc4.xml"}, {"form_type": "4", "filings_date": "2017-12-04", "url": "https://www.sec.gov/Archives/edgar/data/0000849399/000120919117063563/xslF345X03/doc4.xml"}, {"form_type": "4", "filings_date": "2017-11-14", "url": "https://www.sec.gov/Archives/edgar/data/0000849399/000120919117060613/xslF345X03/doc4.xml"}, {"form_type": "4", "filings_date": "2017-11-14", "url": "https://www.sec.gov/Archives/edgar/data/0000849399/000120919117060606/xslF345X03/doc4.xml"}, {"form_type": "4", "filings_date": "2017-11-08", "url": "https://www.sec.gov/Archives/edgar/data/0000849399/000120919117059764/xslF345X03/doc4.xml"}, {"form_type": "S-8", "filings_date": "2017-11-03", "url": "https://www.sec.gov/Archives/edgar/data/0000849399/000119312517332939/d468412ds8.htm"}, {"form_type": "10-Q", "filings_date": "2017-11-03", "url": "https://www.sec.gov/Archives/edgar/data/0000849399/000084939917000016/symc092917-10q.htm"}, {"form_type": "8-K", "filings_date": "2017-11-02", "url": "https://www.sec.gov/Archives/edgar/data/0000849399/000119312517331094/d681132d8k.htm"}, {"form_type": "8-K", "filings_date": "2017-11-01", "url": "https://www.sec.gov/Archives/edgar/data/0000849399/000115752317002943/a51708773.htm"}, {"form_type": "S-3ASR", "filings_date": "2017-10-20", "url": "https://www.sec.gov/Archives/edgar/data/0000849399/000119312517315420/d466700ds3asr.htm"}, {"form_type": "SC 13G", "filings_date": "2017-10-10", "url": "https://www.sec.gov/Archives/edgar/data/0000849399/000008025517001376/symc13gsep17.htm"}, {"form_type": "8-K", "filings_date": "2017-10-06", "url": "https://www.sec.gov/Archives/edgar/data/0000849399/000119312517305939/d466911d8k.htm"}, {"form_type": "4", "filings_date": "2017-10-03", "url": "https://www.sec.gov/Archives/edgar/data/0000849399/000120919117055124/xslF345X03/doc4.xml"}, {"form_type": "4", "filings_date": "2017-09-26", "url": "https://www.sec.gov/Archives/edgar/data/0000849399/000120919117053977/xslF345X03/doc4.xml"}, {"form_type": "4", "filings_date": "2017-09-19", "url": "https://www.sec.gov/Archives/edgar/data/0000849399/000120919117053306/xslF345X03/doc4.xml"}, {"form_type": "4", "filings_date": "2017-09-15", "url": "https://www.sec.gov/Archives/edgar/data/0000849399/000120919117053027/xslF345X03/doc4.xml"}, {"form_type": "4", "filings_date": "2017-09-13", "url": "https://www.sec.gov/Archives/edgar/data/0000849399/000120919117052605/xslF345X03/doc4.xml"}, {"form_type": "4", "filings_date": "2017-09-08", "url": "https://www.sec.gov/Archives/edgar/data/0000849399/000120919117052052/xslF345X03/doc4.xml"}, {"form_type": "4", "filings_date": "2017-09-08", "url": "https://www.sec.gov/Archives/edgar/data/0000849399/000120919117052048/xslF345X03/doc4.xml"}, {"form_type": "4", "filings_date": "2017-09-07", "url": "https://www.sec.gov/Archives/edgar/data/0000849399/000120919117051884/xslF345X03/doc4.xml"}, {"form_type": "4", "filings_date": "2017-09-06", "url": "https://www.sec.gov/Archives/edgar/data/0000849399/000120919117051645/xslF345X03/doc4.xml"}, {"form_type": "4", "filings_date": "2017-09-06", "url": "https://www.sec.gov/Archives/edgar/data/0000849399/000120919117051639/xslF345X03/doc4.xml"}, {"form_type": "4", "filings_date": "2017-09-06", "url": "https://www.sec.gov/Archives/edgar/data/0000849399/000120919117051636/xslF345X03/doc4.xml"}, {"form_type": "4", "filings_date": "2017-09-06", "url": "https://www.sec.gov/Archives/edgar/data/0000849399/000120919117051633/xslF345X03/doc4.xml"}, {"form_type": "DEFA14A", "filings_date": "2017-09-05", "url": "https://www.sec.gov/Archives/edgar/data/0000849399/000119312517276133/d454130ddefa14a.htm"}, {"form_type": "4", "filings_date": "2017-09-01", "url": "https://www.sec.gov/Archives/edgar/data/0000849399/000120919117051063/xslF345X03/doc4.xml"}, {"form_type": "4", "filings_date": "2017-08-29", "url": "https://www.sec.gov/Archives/edgar/data/0000849399/000120919117050597/xslF345X03/doc4.xml"}, {"form_type": "4", "filings_date": "2017-08-29", "url": "https://www.sec.gov/Archives/edgar/data/0000849399/000120919117050595/xslF345X03/doc4.xml"}, {"form_type": "4", "filings_date": "2017-08-29", "url": "https://www.sec.gov/Archives/edgar/data/0000849399/000120919117050593/xslF345X03/doc4.xml"}, {"form_type": "4", "filings_date": "2017-08-29", "url": "https://www.sec.gov/Archives/edgar/data/0000849399/000120919117050591/xslF345X03/doc4.xml"}, {"form_type": "DEFA14A", "filings_date": "2017-08-16", "url": "https://www.sec.gov/Archives/edgar/data/0000849399/000119312517259891/d427085ddefa14a.htm"}, {"form_type": "DEF 14A", "filings_date": "2017-08-16", "url": "https://www.sec.gov/Archives/edgar/data/0000849399/000119312517259879/d425520ddef14a.htm"}, {"form_type": "4", "filings_date": "2017-08-09", "url": "https://www.sec.gov/Archives/edgar/data/0000849399/000120919117048269/xslF345X03/doc4.xml"}, {"form_type": "8-K", "filings_date": "2017-08-08", "url": "https://www.sec.gov/Archives/edgar/data/0000849399/000119312517251470/d437638d8k.htm"}, {"form_type": "S-8", "filings_date": "2017-08-04", "url": "https://www.sec.gov/Archives/edgar/data/0000849399/000119312517248756/d357159ds8.htm"}, {"form_type": "8-K", "filings_date": "2017-08-04", "url": "https://www.sec.gov/Archives/edgar/data/0000849399/000119312517248749/d356822d8k.htm"}, {"form_type": "10-Q", "filings_date": "2017-08-04", "url": "https://www.sec.gov/Archives/edgar/data/0000849399/000084939917000011/symc063017-10q.htm"}, {"form_type": "4", "filings_date": "2017-08-03", "url": "https://www.sec.gov/Archives/edgar/data/0000849399/000120919117047415/xslF345X03/doc4.xml"}, {"form_type": "4", "filings_date": "2017-08-03", "url": "https://www.sec.gov/Archives/edgar/data/0000849399/000120919117047403/xslF345X03/doc4.xml"}, {"form_type": "4", "filings_date": "2017-08-03", "url": "https://www.sec.gov/Archives/edgar/data/0000849399/000120919117047384/xslF345X03/doc4.xml"}, {"form_type": "8-K", "filings_date": "2017-08-02", "url": "https://www.sec.gov/Archives/edgar/data/0000849399/000115752317002237/a51604136.htm"}, {"form_type": "4", "filings_date": "2017-07-25", "url": "https://www.sec.gov/Archives/edgar/data/0000849399/000120919117046190/xslF345X03/doc4.xml"}, {"form_type": "10-K/A", "filings_date": "2017-07-25", "url": "https://www.sec.gov/Archives/edgar/data/0000849399/000119312517235041/d430795d10ka.htm"}, {"form_type": "4", "filings_date": "2017-07-18", "url": "https://www.sec.gov/Archives/edgar/data/0000849399/000120919117045521/xslF345X03/doc4.xml"}, {"form_type": "4", "filings_date": "2017-07-13", "url": "https://www.sec.gov/Archives/edgar/data/0000849399/000120919117045095/xslF345X03/doc4.xml"}, {"form_type": "4", "filings_date": "2017-07-13", "url": "https://www.sec.gov/Archives/edgar/data/0000849399/000120919117045092/xslF345X03/doc4.xml"}, {"form_type": "4", "filings_date": "2017-07-13", "url": "https://www.sec.gov/Archives/edgar/data/0000849399/000120919117045088/xslF345X03/doc4.xml"}, {"form_type": "4", "filings_date": "2017-07-05", "url": "https://www.sec.gov/Archives/edgar/data/0000849399/000120919117043707/xslF345X03/doc4.xml"}, {"form_type": "8-K", "filings_date": "2017-06-26", "url": "https://www.sec.gov/Archives/edgar/data/0000849399/000119312517213304/d366237d8k.htm"}, {"form_type": "NO ACT", "filings_date": "2017-06-19", "url": "https://www.sec.gov/Archives/edgar/data/0000849399/999999999717007235/9999999997-17-007235.paper"}, {"form_type": "4", "filings_date": "2017-06-13", "url": "https://www.sec.gov/Archives/edgar/data/0000849399/000120919117039555/xslF345X03/doc4.xml"}, {"form_type": "4", "filings_date": "2017-06-13", "url": "https://www.sec.gov/Archives/edgar/data/0000849399/000120919117039548/xslF345X03/doc4.xml"}, {"form_type": "4", "filings_date": "2017-06-13", "url": "https://www.sec.gov/Archives/edgar/data/0000849399/000120919117039542/xslF345X03/doc4.xml"}, {"form_type": "4", "filings_date": "2017-06-13", "url": "https://www.sec.gov/Archives/edgar/data/0000849399/000120919117039533/xslF345X03/doc4.xml"}, {"form_type": "4", "filings_date": "2017-06-13", "url": "https://www.sec.gov/Archives/edgar/data/0000849399/000120919117039528/xslF345X03/doc4.xml"}, {"form_type": "4", "filings_date": "2017-06-13", "url": "https://www.sec.gov/Archives/edgar/data/0000849399/000120919117039524/xslF345X03/doc4.xml"}, {"form_type": "4", "filings_date": "2017-06-13", "url": "https://www.sec.gov/Archives/edgar/data/0000849399/000120919117039519/xslF345X03/doc4.xml"}, {"form_type": "4", "filings_date": "2017-06-13", "url": "https://www.sec.gov/Archives/edgar/data/0000849399/000120919117039515/xslF345X03/doc4.xml"}, {"form_type": "SC 13G/A", "filings_date": "2017-06-12", "url": "https://www.sec.gov/Archives/edgar/data/0000849399/000093247117004391/symanteccorp.htm"}, {"form_type": "8-K", "filings_date": "2017-06-08", "url": "https://www.sec.gov/Archives/edgar/data/0000849399/000119312517197683/d356175d8k.htm"}, {"form_type": "4", "filings_date": "2017-06-07", "url": "https://www.sec.gov/Archives/edgar/data/0000849399/000120919117038314/xslF345X03/doc4.xml"}, {"form_type": "4", "filings_date": "2017-06-06", "url": "https://www.sec.gov/Archives/edgar/data/0000849399/000120919117038134/xslF345X03/doc4.xml"}, {"form_type": "4", "filings_date": "2017-06-05", "url": "https://www.sec.gov/Archives/edgar/data/0000849399/000120919117037781/xslF345X03/doc4.xml"}, {"form_type": "4", "filings_date": "2017-06-05", "url": "https://www.sec.gov/Archives/edgar/data/0000849399/000120919117037775/xslF345X03/doc4.xml"}, {"form_type": "4", "filings_date": "2017-06-05", "url": "https://www.sec.gov/Archives/edgar/data/0000849399/000120919117037772/xslF345X03/doc4.xml"}, {"form_type": "4", "filings_date": "2017-06-05", "url": "https://www.sec.gov/Archives/edgar/data/0000849399/000120919117037770/xslF345X03/doc4.xml"}, {"form_type": "4", "filings_date": "2017-06-05", "url": "https://www.sec.gov/Archives/edgar/data/0000849399/000120919117037760/xslF345X03/doc4.xml"}, {"form_type": "4", "filings_date": "2017-06-05", "url": "https://www.sec.gov/Archives/edgar/data/0000849399/000120919117037754/xslF345X03/doc4.xml"}, {"form_type": "SD", "filings_date": "2017-05-30", "url": "https://www.sec.gov/Archives/edgar/data/0000849399/000119312517187428/d403993dsd.htm"}, {"form_type": "4", "filings_date": "2017-05-24", "url": "https://www.sec.gov/Archives/edgar/data/0000849399/000120919117035007/xslF345X03/doc4.xml"}, {"form_type": "4", "filings_date": "2017-05-24", "url": "https://www.sec.gov/Archives/edgar/data/0000849399/000120919117035002/xslF345X03/doc4.xml"}, {"form_type": "4", "filings_date": "2017-05-24", "url": "https://www.sec.gov/Archives/edgar/data/0000849399/000120919117034999/xslF345X03/doc4.xml"}, {"form_type": "4", "filings_date": "2017-05-24", "url": "https://www.sec.gov/Archives/edgar/data/0000849399/000120919117034992/xslF345X03/doc4.xml"}, {"form_type": "4", "filings_date": "2017-05-24", "url": "https://www.sec.gov/Archives/edgar/data/0000849399/000120919117034985/xslF345X03/doc4.xml"}, {"form_type": "4", "filings_date": "2017-05-22", "url": "https://www.sec.gov/Archives/edgar/data/0000849399/000120919117034333/xslF345X03/doc4.xml"}, {"form_type": "10-K", "filings_date": "2017-05-19", "url": "https://www.sec.gov/Archives/edgar/data/0000849399/000084939917000009/symc33117-10k.htm"}, {"form_type": "4", "filings_date": "2017-05-18", "url": "https://www.sec.gov/Archives/edgar/data/0000849399/000120919117033602/xslF345X03/doc4.xml"}, {"form_type": "4", "filings_date": "2017-05-17", "url": "https://www.sec.gov/Archives/edgar/data/0000849399/000089924317013521/xslF345X03/doc4.xml"}, {"form_type": "4", "filings_date": "2017-05-17", "url": "https://www.sec.gov/Archives/edgar/data/0000849399/000089924317013509/xslF345X03/doc4.xml"}, {"form_type": "4", "filings_date": "2017-05-16", "url": "https://www.sec.gov/Archives/edgar/data/0000849399/000120919117032766/xslF345X03/doc4.xml"}, {"form_type": "4", "filings_date": "2017-05-16", "url": "https://www.sec.gov/Archives/edgar/data/0000849399/000120919117032726/xslF345X03/doc4.xml"}, {"form_type": "4", "filings_date": "2017-05-16", "url": "https://www.sec.gov/Archives/edgar/data/0000849399/000120919117032707/xslF345X03/doc4.xml"}, {"form_type": "4", "filings_date": "2017-05-16", "url": "https://www.sec.gov/Archives/edgar/data/0000849399/000120919117032703/xslF345X03/doc4.xml"}, {"form_type": "4", "filings_date": "2017-05-16", "url": "https://www.sec.gov/Archives/edgar/data/0000849399/000120919117032702/xslF345X03/doc4.xml"}, {"form_type": "4", "filings_date": "2017-05-16", "url": "https://www.sec.gov/Archives/edgar/data/0000849399/000120919117032697/xslF345X03/doc4.xml"}, {"form_type": "4", "filings_date": "2017-05-16", "url": "https://www.sec.gov/Archives/edgar/data/0000849399/000120919117032691/xslF345X03/doc4.xml"}, {"form_type": "4", "filings_date": "2017-05-16", "url": "https://www.sec.gov/Archives/edgar/data/0000849399/000120919117032687/xslF345X03/doc4.xml"}, {"form_type": "4", "filings_date": "2017-05-16", "url": "https://www.sec.gov/Archives/edgar/data/0000849399/000120919117032683/xslF345X03/doc4.xml"}, {"form_type": "4", "filings_date": "2017-05-16", "url": "https://www.sec.gov/Archives/edgar/data/0000849399/000120919117032673/xslF345X03/doc4.xml"}, {"form_type": "8-K", "filings_date": "2017-05-10", "url": "https://www.sec.gov/Archives/edgar/data/0000849399/000115752317001528/a51555340.htm"}, {"form_type": "4", "filings_date": "2017-04-18", "url": "https://www.sec.gov/Archives/edgar/data/0000849399/000120919117027311/xslF345X03/doc4.xml"}, {"form_type": "4", "filings_date": "2017-04-18", "url": "https://www.sec.gov/Archives/edgar/data/0000849399/000120919117027297/xslF345X03/doc4.xml"}, {"form_type": "4", "filings_date": "2017-04-04", "url": "https://www.sec.gov/Archives/edgar/data/0000849399/000120919117024804/xslF345X03/doc4.xml"}, {"form_type": "4", "filings_date": "2017-04-04", "url": "https://www.sec.gov/Archives/edgar/data/0000849399/000120919117024779/xslF345X03/doc4.xml"}, {"form_type": "SC 13G/A", "filings_date": "2017-03-20", "url": "https://www.sec.gov/Archives/edgar/data/0000849399/000119312517089015/d347152dsc13ga.htm"}, {"form_type": "8-K", "filings_date": "2017-03-13", "url": "https://www.sec.gov/Archives/edgar/data/0000849399/000119312517079440/d355201d8k.htm"}, {"form_type": "4", "filings_date": "2017-03-09", "url": "https://www.sec.gov/Archives/edgar/data/0000849399/000120919117019623/xslF345X03/doc4.xml"}, {"form_type": "4", "filings_date": "2017-03-07", "url": "https://www.sec.gov/Archives/edgar/data/0000849399/000120919117018812/xslF345X03/doc4.xml"}, {"form_type": "4", "filings_date": "2017-03-02", "url": "https://www.sec.gov/Archives/edgar/data/0000849399/000120919117016679/xslF345X03/doc4.xml"}, {"form_type": "4", "filings_date": "2017-03-02", "url": "https://www.sec.gov/Archives/edgar/data/0000849399/000120919117016664/xslF345X03/doc4.xml"}, {"form_type": "4", "filings_date": "2017-03-02", "url": "https://www.sec.gov/Archives/edgar/data/0000849399/000120919117016651/xslF345X03/doc4.xml"}, {"form_type": "4", "filings_date": "2017-03-02", "url": "https://www.sec.gov/Archives/edgar/data/0000849399/000120919117016637/xslF345X03/doc4.xml"}, {"form_type": "4", "filings_date": "2017-03-02", "url": "https://www.sec.gov/Archives/edgar/data/0000849399/000120919117016625/xslF345X03/doc4.xml"}, {"form_type": "4", "filings_date": "2017-03-01", "url": "https://www.sec.gov/Archives/edgar/data/0000849399/000120919117015877/xslF345X03/doc4.xml"}, {"form_type": "4", "filings_date": "2017-02-28", "url": "https://www.sec.gov/Archives/edgar/data/0000849399/000120919117015301/xslF345X03/doc4.xml"}, {"form_type": "4", "filings_date": "2017-02-21", "url": "https://www.sec.gov/Archives/edgar/data/0000849399/000120919117012709/xslF345X03/doc4.xml"}, {"form_type": "S-8", "filings_date": "2017-02-17", "url": "https://www.sec.gov/Archives/edgar/data/0000849399/000119312517048030/d352098ds8.htm"}, {"form_type": "4", "filings_date": "2017-02-16", "url": "https://www.sec.gov/Archives/edgar/data/0000849399/000120919117011552/xslF345X03/doc4.xml"}, {"form_type": "4", "filings_date": "2017-02-14", "url": "https://www.sec.gov/Archives/edgar/data/0000849399/000120919117010583/xslF345X03/doc4.xml"}, {"form_type": "SC 13G/A", "filings_date": "2017-02-14", "url": "https://www.sec.gov/Archives/edgar/data/0000849399/000119312517043415/d344518dsc13ga.htm"}, {"form_type": "4", "filings_date": "2017-02-13", "url": "https://www.sec.gov/Archives/edgar/data/0000849399/000120919117010151/xslF345X03/doc4.xml"}, {"form_type": "SC 13G", "filings_date": "2017-02-13", "url": "https://www.sec.gov/Archives/edgar/data/0000849399/000142284917000119/edgsymc.txt"}, {"form_type": "3", "filings_date": "2017-02-10", "url": "https://www.sec.gov/Archives/edgar/data/0000849399/000120919117009604/xslF345X02/doc3.xml"}, {"form_type": "SC 13G/A", "filings_date": "2017-02-10", "url": "https://www.sec.gov/Archives/edgar/data/0000849399/000142284917000004/edgsymc.txt"}, {"form_type": "SC 13G/A", "filings_date": "2017-02-10", "url": "https://www.sec.gov/Archives/edgar/data/0000849399/000093247117001051/symanteccorp.htm"}, {"form_type": "SC 13G", "filings_date": "2017-02-10", "url": "https://www.sec.gov/Archives/edgar/data/0000849399/000142284917000003/edgsymc.txt"}, {"form_type": "8-K", "filings_date": "2017-02-09", "url": "https://www.sec.gov/Archives/edgar/data/0000849399/000119312517035471/d342073d8k.htm"}, {"form_type": "8-K", "filings_date": "2017-02-07", "url": "https://www.sec.gov/Archives/edgar/data/0000849399/000119312517033446/d346850d8k.htm"}, {"form_type": "SC 13G/A", "filings_date": "2017-02-07", "url": "https://www.sec.gov/Archives/edgar/data/0000849399/000102387517000012/syma16a2.htm"}, {"form_type": "8-K", "filings_date": "2017-02-03", "url": "https://www.sec.gov/Archives/edgar/data/0000849399/000084939917000007/a8-kaamendmentno2.htm"}, {"form_type": "10-Q", "filings_date": "2017-02-03", "url": "https://www.sec.gov/Archives/edgar/data/0000849399/000084939917000006/symc123016-10q.htm"}, {"form_type": "8-K", "filings_date": "2017-02-01", "url": "https://www.sec.gov/Archives/edgar/data/0000849399/000119312517027528/d341051d8k.htm"}, {"form_type": "8-K", "filings_date": "2017-02-01", "url": "https://www.sec.gov/Archives/edgar/data/0000849399/000115752317000286/a51501921.htm"}, {"form_type": "SC 13G/A", "filings_date": "2017-01-27", "url": "https://www.sec.gov/Archives/edgar/data/0000849399/000021545717001737/symantec.corp.txt"}, {"form_type": "4", "filings_date": "2017-01-18", "url": "https://www.sec.gov/Archives/edgar/data/0000849399/000120919117004151/xslF345X03/doc4.xml"}, {"form_type": "4", "filings_date": "2017-01-18", "url": "https://www.sec.gov/Archives/edgar/data/0000849399/000120919117004143/xslF345X03/doc4.xml"}, {"form_type": "8-K", "filings_date": "2017-01-17", "url": "https://www.sec.gov/Archives/edgar/data/0000849399/000119312517010429/d284874d8k.htm"}, {"form_type": "4", "filings_date": "2017-01-09", "url": "https://www.sec.gov/Archives/edgar/data/0000849399/000120919117002951/xslF345X03/doc4.xml"}]}