{"company": {"cik": "0001002517", "name": "Nuance Communications, Inc.", "sic": "Services-Prepackaged Software", "state_incorp": "DE", "ticker": "", "mailing_addr": "1 WAYSIDE ROAD, BURLINGTON, MA, 01803", "category": "Large accelerated filer", "fiscal_year_end": "30, September"}, "filings": [{"form_type": "15-12B", "filings_date": "2022-03-14", "url": "https://www.sec.gov/Archives/edgar/data/0001002517/000119312522074035/d230056d1512b.htm"}, {"form_type": "4", "filings_date": "2022-03-04", "url": "https://www.sec.gov/Archives/edgar/data/0001002517/000089924322009459/xslF345X03/doc4.xml"}, {"form_type": "4", "filings_date": "2022-03-04", "url": "https://www.sec.gov/Archives/edgar/data/0001002517/000089924322009456/xslF345X03/doc4.xml"}, {"form_type": "4", "filings_date": "2022-03-04", "url": "https://www.sec.gov/Archives/edgar/data/0001002517/000089924322009454/xslF345X03/doc4.xml"}, {"form_type": "4", "filings_date": "2022-03-04", "url": "https://www.sec.gov/Archives/edgar/data/0001002517/000089924322009451/xslF345X03/doc4.xml"}, {"form_type": "4", "filings_date": "2022-03-04", "url": "https://www.sec.gov/Archives/edgar/data/0001002517/000089924322009450/xslF345X03/doc4.xml"}, {"form_type": "4", "filings_date": "2022-03-04", "url": "https://www.sec.gov/Archives/edgar/data/0001002517/000089924322009447/xslF345X03/doc4.xml"}, {"form_type": "4", "filings_date": "2022-03-04", "url": "https://www.sec.gov/Archives/edgar/data/0001002517/000089924322009444/xslF345X03/doc4.xml"}, {"form_type": "4", "filings_date": "2022-03-04", "url": "https://www.sec.gov/Archives/edgar/data/0001002517/000089924322009442/xslF345X03/doc4.xml"}, {"form_type": "4", "filings_date": "2022-03-04", "url": "https://www.sec.gov/Archives/edgar/data/0001002517/000089924322009441/xslF345X03/doc4.xml"}, {"form_type": "4", "filings_date": "2022-03-04", "url": "https://www.sec.gov/Archives/edgar/data/0001002517/000089924322009438/xslF345X03/doc4.xml"}, {"form_type": "4", "filings_date": "2022-03-04", "url": "https://www.sec.gov/Archives/edgar/data/0001002517/000089924322009434/xslF345X03/doc4.xml"}, {"form_type": "4", "filings_date": "2022-03-04", "url": "https://www.sec.gov/Archives/edgar/data/0001002517/000089924322009433/xslF345X03/doc4.xml"}, {"form_type": "4", "filings_date": "2022-03-04", "url": "https://www.sec.gov/Archives/edgar/data/0001002517/000089924322009431/xslF345X03/doc4.xml"}, {"form_type": "4", "filings_date": "2022-03-04", "url": "https://www.sec.gov/Archives/edgar/data/0001002517/000089924322009425/xslF345X03/doc4.xml"}, {"form_type": "4", "filings_date": "2022-03-04", "url": "https://www.sec.gov/Archives/edgar/data/0001002517/000089924322009422/xslF345X03/doc4.xml"}, {"form_type": "4", "filings_date": "2022-03-04", "url": "https://www.sec.gov/Archives/edgar/data/0001002517/000089924322009420/xslF345X03/doc4.xml"}, {"form_type": "S-8 POS", "filings_date": "2022-03-04", "url": "https://www.sec.gov/Archives/edgar/data/0001002517/000119312522066274/d264713ds8pos.htm"}, {"form_type": "S-8 POS", "filings_date": "2022-03-04", "url": "https://www.sec.gov/Archives/edgar/data/0001002517/000119312522066262/d264713ds8pos.htm"}, {"form_type": "S-8 POS", "filings_date": "2022-03-04", "url": "https://www.sec.gov/Archives/edgar/data/0001002517/000119312522066252/d264713ds8pos.htm"}, {"form_type": "S-8 POS", "filings_date": "2022-03-04", "url": "https://www.sec.gov/Archives/edgar/data/0001002517/000119312522066241/d264713ds8pos.htm"}, {"form_type": "S-8 POS", "filings_date": "2022-03-04", "url": "https://www.sec.gov/Archives/edgar/data/0001002517/000119312522066232/d264713ds8pos.htm"}, {"form_type": "S-8 POS", "filings_date": "2022-03-04", "url": "https://www.sec.gov/Archives/edgar/data/0001002517/000119312522066228/d264713ds8pos.htm"}, {"form_type": "S-8 POS", "filings_date": "2022-03-04", "url": "https://www.sec.gov/Archives/edgar/data/0001002517/000119312522066217/d264713ds8pos.htm"}, {"form_type": "S-8 POS", "filings_date": "2022-03-04", "url": "https://www.sec.gov/Archives/edgar/data/0001002517/000119312522066214/d264713ds8pos.htm"}, {"form_type": "S-8 POS", "filings_date": "2022-03-04", "url": "https://www.sec.gov/Archives/edgar/data/0001002517/000119312522066199/d264713ds8pos.htm"}, {"form_type": "S-8 POS", "filings_date": "2022-03-04", "url": "https://www.sec.gov/Archives/edgar/data/0001002517/000119312522066196/d264713ds8pos.htm"}, {"form_type": "S-8 POS", "filings_date": "2022-03-04", "url": "https://www.sec.gov/Archives/edgar/data/0001002517/000119312522066189/d264713ds8pos.htm"}, {"form_type": "S-8 POS", "filings_date": "2022-03-04", "url": "https://www.sec.gov/Archives/edgar/data/0001002517/000119312522066182/d264713ds8pos.htm"}, {"form_type": "S-8 POS", "filings_date": "2022-03-04", "url": "https://www.sec.gov/Archives/edgar/data/0001002517/000119312522066180/d264713ds8pos.htm"}, {"form_type": "S-8 POS", "filings_date": "2022-03-04", "url": "https://www.sec.gov/Archives/edgar/data/0001002517/000119312522066170/d264713ds8pos.htm"}, {"form_type": "S-8 POS", "filings_date": "2022-03-04", "url": "https://www.sec.gov/Archives/edgar/data/0001002517/000119312522066168/d264713ds8pos.htm"}, {"form_type": "S-8 POS", "filings_date": "2022-03-04", "url": "https://www.sec.gov/Archives/edgar/data/0001002517/000119312522066162/d264713ds8pos.htm"}, {"form_type": "S-8 POS", "filings_date": "2022-03-04", "url": "https://www.sec.gov/Archives/edgar/data/0001002517/000119312522066152/d264713ds8pos.htm"}, {"form_type": "S-8 POS", "filings_date": "2022-03-04", "url": "https://www.sec.gov/Archives/edgar/data/0001002517/000119312522066146/d264713ds8pos.htm"}, {"form_type": "S-8 POS", "filings_date": "2022-03-04", "url": "https://www.sec.gov/Archives/edgar/data/0001002517/000119312522066137/d264713ds8pos.htm"}, {"form_type": "S-8 POS", "filings_date": "2022-03-04", "url": "https://www.sec.gov/Archives/edgar/data/0001002517/000119312522066133/d264713ds8pos.htm"}, {"form_type": "S-8 POS", "filings_date": "2022-03-04", "url": "https://www.sec.gov/Archives/edgar/data/0001002517/000119312522066129/d264713ds8pos.htm"}, {"form_type": "S-8 POS", "filings_date": "2022-03-04", "url": "https://www.sec.gov/Archives/edgar/data/0001002517/000119312522066122/d264713ds8pos.htm"}, {"form_type": "S-8 POS", "filings_date": "2022-03-04", "url": "https://www.sec.gov/Archives/edgar/data/0001002517/000119312522066120/d264713ds8pos.htm"}, {"form_type": "S-8 POS", "filings_date": "2022-03-04", "url": "https://www.sec.gov/Archives/edgar/data/0001002517/000119312522066115/d264713ds8pos.htm"}, {"form_type": "S-8 POS", "filings_date": "2022-03-04", "url": "https://www.sec.gov/Archives/edgar/data/0001002517/000119312522066112/d264713ds8pos.htm"}, {"form_type": "S-8 POS", "filings_date": "2022-03-04", "url": "https://www.sec.gov/Archives/edgar/data/0001002517/000119312522066108/d264713ds8pos.htm"}, {"form_type": "S-8 POS", "filings_date": "2022-03-04", "url": "https://www.sec.gov/Archives/edgar/data/0001002517/000119312522066101/d264713ds8pos.htm"}, {"form_type": "8-K", "filings_date": "2022-03-04", "url": "https://www.sec.gov/Archives/edgar/data/0001002517/000119312522066065/d316980d8k.htm"}, {"form_type": "25-NSE", "filings_date": "2022-03-04", "url": "https://www.sec.gov/Archives/edgar/data/0001002517/000135445722000166/xslF25X02/primary_doc.xml"}, {"form_type": "8-K", "filings_date": "2022-03-01", "url": "https://www.sec.gov/Archives/edgar/data/0001002517/000100251722000019/nuan-20220301.htm"}, {"form_type": "SC 13G/A", "filings_date": "2022-02-14", "url": "https://www.sec.gov/Archives/edgar/data/0001002517/000114036122005384/brhc10033317_sc13ga.htm"}, {"form_type": "SC 13G", "filings_date": "2022-02-14", "url": "https://www.sec.gov/Archives/edgar/data/0001002517/000119312522040494/d317021dsc13g.htm"}, {"form_type": "SC 13G/A", "filings_date": "2022-02-14", "url": "https://www.sec.gov/Archives/edgar/data/0001002517/000091957422001029/d9171639_sc13g-a.htm"}, {"form_type": "SC 13G", "filings_date": "2022-02-11", "url": "https://www.sec.gov/Archives/edgar/data/0001002517/000114036122004901/brhc10033851_sc13g.htm"}, {"form_type": "SC 13G", "filings_date": "2022-02-11", "url": "https://www.sec.gov/Archives/edgar/data/0001002517/000089542122000308/NuanceCommunications.txt"}, {"form_type": "SC 13G", "filings_date": "2022-02-11", "url": "https://www.sec.gov/Archives/edgar/data/0001002517/000031206922000024/NUANSC13G0222.txt"}, {"form_type": "SC 13G/A", "filings_date": "2022-02-10", "url": "https://www.sec.gov/Archives/edgar/data/0001002517/000110465922018210/tv01546-nuancecommunications.htm"}, {"form_type": "SC 13G/A", "filings_date": "2022-02-09", "url": "https://www.sec.gov/Archives/edgar/data/0001002517/000134888322000014/nuan21a71.htm"}, {"form_type": "SC 13G/A", "filings_date": "2022-02-09", "url": "https://www.sec.gov/Archives/edgar/data/0001002517/000031506622001085/filing.txt"}, {"form_type": "10-Q", "filings_date": "2022-02-07", "url": "https://www.sec.gov/Archives/edgar/data/0001002517/000100251722000017/nuan-20211231.htm"}, {"form_type": "8-K", "filings_date": "2022-02-07", "url": "https://www.sec.gov/Archives/edgar/data/0001002517/000100251722000016/nuan-20220207.htm"}, {"form_type": "DEF 14A", "filings_date": "2022-01-14", "url": "https://www.sec.gov/Archives/edgar/data/0001002517/000119312522009398/d180280ddef14a.htm"}, {"form_type": "4", "filings_date": "2022-01-06", "url": "https://www.sec.gov/Archives/edgar/data/0001002517/000100251722000012/xslF345X03/edgardoc.xml"}, {"form_type": "4", "filings_date": "2022-01-04", "url": "https://www.sec.gov/Archives/edgar/data/0001002517/000175156122000002/xslF345X03/edgardoc.xml"}, {"form_type": "4", "filings_date": "2022-01-04", "url": "https://www.sec.gov/Archives/edgar/data/0001002517/000172651122000002/xslF345X03/edgardoc.xml"}, {"form_type": "4", "filings_date": "2022-01-04", "url": "https://www.sec.gov/Archives/edgar/data/0001002517/000152867022000002/xslF345X03/edgardoc.xml"}, {"form_type": "4", "filings_date": "2022-01-04", "url": "https://www.sec.gov/Archives/edgar/data/0001002517/000100251722000010/xslF345X03/edgardoc.xml"}, {"form_type": "4", "filings_date": "2022-01-04", "url": "https://www.sec.gov/Archives/edgar/data/0001002517/000100251722000009/xslF345X03/edgardoc.xml"}, {"form_type": "4", "filings_date": "2022-01-04", "url": "https://www.sec.gov/Archives/edgar/data/0001002517/000100251722000008/xslF345X03/edgardoc.xml"}, {"form_type": "4", "filings_date": "2022-01-04", "url": "https://www.sec.gov/Archives/edgar/data/0001002517/000100251722000007/xslF345X03/edgardoc.xml"}, {"form_type": "4", "filings_date": "2022-01-04", "url": "https://www.sec.gov/Archives/edgar/data/0001002517/000100251722000006/xslF345X03/edgardoc.xml"}, {"form_type": "4", "filings_date": "2021-12-28", "url": "https://www.sec.gov/Archives/edgar/data/0001002517/000167172821000014/xslF345X03/edgardoc.xml"}, {"form_type": "4", "filings_date": "2021-12-13", "url": "https://www.sec.gov/Archives/edgar/data/0001002517/000152555021000022/xslF345X03/edgardoc.xml"}, {"form_type": "4", "filings_date": "2021-12-09", "url": "https://www.sec.gov/Archives/edgar/data/0001002517/000121832521000018/xslF345X03/edgardoc.xml"}, {"form_type": "4", "filings_date": "2021-12-09", "url": "https://www.sec.gov/Archives/edgar/data/0001002517/000183138121000014/xslF345X03/edgardoc.xml"}, {"form_type": "4", "filings_date": "2021-12-09", "url": "https://www.sec.gov/Archives/edgar/data/0001002517/000152555021000020/xslF345X03/edgardoc.xml"}, {"form_type": "4", "filings_date": "2021-12-07", "url": "https://www.sec.gov/Archives/edgar/data/0001002517/000121832521000016/xslF345X03/edgardoc.xml"}, {"form_type": "4", "filings_date": "2021-12-07", "url": "https://www.sec.gov/Archives/edgar/data/0001002517/000138368021000020/xslF345X03/edgardoc.xml"}, {"form_type": "4", "filings_date": "2021-12-07", "url": "https://www.sec.gov/Archives/edgar/data/0001002517/000140066221000012/xslF345X03/edgardoc.xml"}, {"form_type": "4", "filings_date": "2021-12-07", "url": "https://www.sec.gov/Archives/edgar/data/0001002517/000183138121000012/xslF345X03/edgardoc.xml"}, {"form_type": "4", "filings_date": "2021-12-07", "url": "https://www.sec.gov/Archives/edgar/data/0001002517/000175934021000010/xslF345X03/edgardoc.xml"}, {"form_type": "4", "filings_date": "2021-12-07", "url": "https://www.sec.gov/Archives/edgar/data/0001002517/000167172821000012/xslF345X03/edgardoc.xml"}, {"form_type": "4", "filings_date": "2021-12-07", "url": "https://www.sec.gov/Archives/edgar/data/0001002517/000150109421000012/xslF345X03/edgardoc.xml"}, {"form_type": "4", "filings_date": "2021-12-07", "url": "https://www.sec.gov/Archives/edgar/data/0001002517/000152555021000018/xslF345X03/edgardoc.xml"}, {"form_type": "4", "filings_date": "2021-12-01", "url": "https://www.sec.gov/Archives/edgar/data/0001002517/000121832521000014/xslF345X03/edgardoc.xml"}, {"form_type": "4", "filings_date": "2021-12-01", "url": "https://www.sec.gov/Archives/edgar/data/0001002517/000138368021000018/xslF345X03/edgardoc.xml"}, {"form_type": "4", "filings_date": "2021-11-23", "url": "https://www.sec.gov/Archives/edgar/data/0001002517/000175934021000008/xslF345X03/edgardoc.xml"}, {"form_type": "4", "filings_date": "2021-11-23", "url": "https://www.sec.gov/Archives/edgar/data/0001002517/000167172821000010/xslF345X03/edgardoc.xml"}, {"form_type": "4", "filings_date": "2021-11-23", "url": "https://www.sec.gov/Archives/edgar/data/0001002517/000150109421000010/xslF345X03/edgardoc.xml"}, {"form_type": "4", "filings_date": "2021-11-23", "url": "https://www.sec.gov/Archives/edgar/data/0001002517/000152555021000016/xslF345X03/edgardoc.xml"}, {"form_type": "4", "filings_date": "2021-11-23", "url": "https://www.sec.gov/Archives/edgar/data/0001002517/000100251721000054/xslF345X03/edgardoc.xml"}, {"form_type": "4", "filings_date": "2021-11-23", "url": "https://www.sec.gov/Archives/edgar/data/0001002517/000121832521000012/xslF345X03/edgardoc.xml"}, {"form_type": "4", "filings_date": "2021-11-23", "url": "https://www.sec.gov/Archives/edgar/data/0001002517/000138368021000016/xslF345X03/edgardoc.xml"}, {"form_type": "4", "filings_date": "2021-11-23", "url": "https://www.sec.gov/Archives/edgar/data/0001002517/000140066221000010/xslF345X03/edgardoc.xml"}, {"form_type": "4", "filings_date": "2021-11-23", "url": "https://www.sec.gov/Archives/edgar/data/0001002517/000183138121000010/xslF345X03/edgardoc.xml"}, {"form_type": "4", "filings_date": "2021-11-18", "url": "https://www.sec.gov/Archives/edgar/data/0001002517/000121832521000010/xslF345X03/edgardoc.xml"}, {"form_type": "4", "filings_date": "2021-11-18", "url": "https://www.sec.gov/Archives/edgar/data/0001002517/000138368021000014/xslF345X03/edgardoc.xml"}, {"form_type": "4", "filings_date": "2021-11-18", "url": "https://www.sec.gov/Archives/edgar/data/0001002517/000140066221000008/xslF345X03/edgardoc.xml"}, {"form_type": "4", "filings_date": "2021-11-18", "url": "https://www.sec.gov/Archives/edgar/data/0001002517/000183138121000008/xslF345X03/edgardoc.xml"}, {"form_type": "4", "filings_date": "2021-11-18", "url": "https://www.sec.gov/Archives/edgar/data/0001002517/000167172821000008/xslF345X03/edgardoc.xml"}, {"form_type": "4", "filings_date": "2021-11-18", "url": "https://www.sec.gov/Archives/edgar/data/0001002517/000150109421000008/xslF345X03/edgardoc.xml"}, {"form_type": "4", "filings_date": "2021-11-18", "url": "https://www.sec.gov/Archives/edgar/data/0001002517/000152555021000013/xslF345X03/edgardoc.xml"}, {"form_type": "10-K", "filings_date": "2021-11-18", "url": "https://www.sec.gov/Archives/edgar/data/0001002517/000100251721000052/nuan-20210930.htm"}, {"form_type": "8-K", "filings_date": "2021-11-18", "url": "https://www.sec.gov/Archives/edgar/data/0001002517/000100251721000051/nuan-20211118.htm"}, {"form_type": "4", "filings_date": "2021-11-17", "url": "https://www.sec.gov/Archives/edgar/data/0001002517/000175934021000006/xslF345X03/edgardoc.xml"}, {"form_type": "4", "filings_date": "2021-11-09", "url": "https://www.sec.gov/Archives/edgar/data/0001002517/000140066221000006/xslF345X03/edgardoc.xml"}, {"form_type": "4", "filings_date": "2021-11-09", "url": "https://www.sec.gov/Archives/edgar/data/0001002517/000121832521000008/xslF345X03/edgardoc.xml"}, {"form_type": "4", "filings_date": "2021-11-09", "url": "https://www.sec.gov/Archives/edgar/data/0001002517/000138368021000012/xslF345X03/edgardoc.xml"}, {"form_type": "4", "filings_date": "2021-11-09", "url": "https://www.sec.gov/Archives/edgar/data/0001002517/000183138121000006/xslF345X03/edgardoc.xml"}, {"form_type": "4", "filings_date": "2021-11-09", "url": "https://www.sec.gov/Archives/edgar/data/0001002517/000175934021000004/xslF345X03/edgardoc.xml"}, {"form_type": "4", "filings_date": "2021-11-09", "url": "https://www.sec.gov/Archives/edgar/data/0001002517/000167172821000006/xslF345X03/edgardoc.xml"}, {"form_type": "4", "filings_date": "2021-11-09", "url": "https://www.sec.gov/Archives/edgar/data/0001002517/000150109421000006/xslF345X03/edgardoc.xml"}, {"form_type": "4", "filings_date": "2021-11-09", "url": "https://www.sec.gov/Archives/edgar/data/0001002517/000152555021000011/xslF345X03/edgardoc.xml"}, {"form_type": "4", "filings_date": "2021-11-05", "url": "https://www.sec.gov/Archives/edgar/data/0001002517/000121832521000006/xslF345X03/edgardoc.xml"}, {"form_type": "4", "filings_date": "2021-11-05", "url": "https://www.sec.gov/Archives/edgar/data/0001002517/000138368021000010/xslF345X03/edgardoc.xml"}, {"form_type": "4", "filings_date": "2021-11-05", "url": "https://www.sec.gov/Archives/edgar/data/0001002517/000140066221000004/xslF345X03/edgardoc.xml"}, {"form_type": "4", "filings_date": "2021-11-05", "url": "https://www.sec.gov/Archives/edgar/data/0001002517/000183138121000004/xslF345X03/edgardoc.xml"}, {"form_type": "4", "filings_date": "2021-11-05", "url": "https://www.sec.gov/Archives/edgar/data/0001002517/000175934021000002/xslF345X03/edgardoc.xml"}, {"form_type": "4", "filings_date": "2021-11-05", "url": "https://www.sec.gov/Archives/edgar/data/0001002517/000167172821000004/xslF345X03/edgardoc.xml"}, {"form_type": "4", "filings_date": "2021-11-05", "url": "https://www.sec.gov/Archives/edgar/data/0001002517/000150109421000004/xslF345X03/edgardoc.xml"}, {"form_type": "4", "filings_date": "2021-11-05", "url": "https://www.sec.gov/Archives/edgar/data/0001002517/000152555021000009/xslF345X03/edgardoc.xml"}, {"form_type": "8-K", "filings_date": "2021-09-29", "url": "https://www.sec.gov/Archives/edgar/data/0001002517/000119312521286781/d164346d8k.htm"}, {"form_type": "4", "filings_date": "2021-09-15", "url": "https://www.sec.gov/Archives/edgar/data/0001002517/000100251721000048/xslF345X03/edgardoc.xml"}, {"form_type": "4", "filings_date": "2021-09-13", "url": "https://www.sec.gov/Archives/edgar/data/0001002517/000138368021000008/xslF345X03/edgardoc.xml"}, {"form_type": "4", "filings_date": "2021-08-26", "url": "https://www.sec.gov/Archives/edgar/data/0001002517/000121832521000004/xslF345X03/edgardoc.xml"}, {"form_type": "10-Q", "filings_date": "2021-08-06", "url": "https://www.sec.gov/Archives/edgar/data/0001002517/000100251721000046/nuan-20210630.htm"}, {"form_type": "8-K", "filings_date": "2021-08-06", "url": "https://www.sec.gov/Archives/edgar/data/0001002517/000100251721000045/nuan-20210806.htm"}, {"form_type": "4", "filings_date": "2021-07-16", "url": "https://www.sec.gov/Archives/edgar/data/0001002517/000100251721000039/xslF345X03/edgardoc.xml"}, {"form_type": "8-K", "filings_date": "2021-07-02", "url": "https://www.sec.gov/Archives/edgar/data/0001002517/000119312521207731/d194944d8k.htm"}, {"form_type": "8-K", "filings_date": "2021-06-16", "url": "https://www.sec.gov/Archives/edgar/data/0001002517/000114036121021146/brhc10025920_8k.htm"}, {"form_type": "4", "filings_date": "2021-06-10", "url": "https://www.sec.gov/Archives/edgar/data/0001002517/000100251721000037/xslF345X03/edgardoc.xml"}, {"form_type": "4", "filings_date": "2021-06-08", "url": "https://www.sec.gov/Archives/edgar/data/0001002517/000121832521000002/xslF345X03/edgardoc.xml"}, {"form_type": "DEFA14A", "filings_date": "2021-06-08", "url": "https://www.sec.gov/Archives/edgar/data/0001002517/000114036121020133/nc10025557x1_defa14a.htm"}, {"form_type": "DEFA14A", "filings_date": "2021-06-04", "url": "https://www.sec.gov/Archives/edgar/data/0001002517/000119312521182135/d423848ddefa14a.htm"}, {"form_type": "8-K", "filings_date": "2021-06-04", "url": "https://www.sec.gov/Archives/edgar/data/0001002517/000119312521182121/d423848d8k.htm"}, {"form_type": "4", "filings_date": "2021-06-03", "url": "https://www.sec.gov/Archives/edgar/data/0001002517/000183138121000002/xslF345X03/edgardoc.xml"}, {"form_type": "8-K", "filings_date": "2021-06-01", "url": "https://www.sec.gov/Archives/edgar/data/0001002517/000119312521178760/d61874d8k.htm"}, {"form_type": "SD", "filings_date": "2021-05-27", "url": "https://www.sec.gov/Archives/edgar/data/0001002517/000100251721000035/cy20cmfiling-formsd.htm"}, {"form_type": "4", "filings_date": "2021-05-18", "url": "https://www.sec.gov/Archives/edgar/data/0001002517/000152555021000006/xslF345X03/edgardoc.xml"}, {"form_type": "4", "filings_date": "2021-05-18", "url": "https://www.sec.gov/Archives/edgar/data/0001002517/000140066221000002/xslF345X03/edgardoc.xml"}, {"form_type": "DEFM14A", "filings_date": "2021-05-17", "url": "https://www.sec.gov/Archives/edgar/data/0001002517/000114036121017650/nt10023637x2_defm14a.htm"}, {"form_type": "10-Q", "filings_date": "2021-05-10", "url": "https://www.sec.gov/Archives/edgar/data/0001002517/000100251721000033/nuan-20210331.htm"}, {"form_type": "8-K", "filings_date": "2021-05-10", "url": "https://www.sec.gov/Archives/edgar/data/0001002517/000100251721000032/nuan-20210510.htm"}, {"form_type": "PREM14A", "filings_date": "2021-05-05", "url": "https://www.sec.gov/Archives/edgar/data/0001002517/000114036121015858/nt10023637x1_prem14a.htm"}, {"form_type": "4", "filings_date": "2021-05-03", "url": "https://www.sec.gov/Archives/edgar/data/0001002517/000167172821000002/xslF345X03/edgardoc.xml"}, {"form_type": "4", "filings_date": "2021-04-27", "url": "https://www.sec.gov/Archives/edgar/data/0001002517/000152555021000002/xslF345X03/edgardoc.xml"}, {"form_type": "DEFA14A", "filings_date": "2021-04-13", "url": "https://www.sec.gov/Archives/edgar/data/0001002517/000119312521114820/d170182ddefa14a.htm"}, {"form_type": "4", "filings_date": "2021-04-13", "url": "https://www.sec.gov/Archives/edgar/data/0001002517/000138368021000006/xslF345X03/edgardoc.xml"}, {"form_type": "DEFA14A", "filings_date": "2021-04-13", "url": "https://www.sec.gov/Archives/edgar/data/0001002517/000119312521113805/d100489ddefa14a.htm"}, {"form_type": "8-K", "filings_date": "2021-04-13", "url": "https://www.sec.gov/Archives/edgar/data/0001002517/000119312521113796/d100489d8k.htm"}, {"form_type": "DEFA14A", "filings_date": "2021-04-12", "url": "https://www.sec.gov/Archives/edgar/data/0001002517/000119312521113097/d135834ddefa14a.htm"}, {"form_type": "DEFA14A", "filings_date": "2021-04-12", "url": "https://www.sec.gov/Archives/edgar/data/0001002517/000119312521113093/d145927ddefa14a.htm"}, {"form_type": "DEFA14A", "filings_date": "2021-04-12", "url": "https://www.sec.gov/Archives/edgar/data/0001002517/000119312521113087/d145447ddefa14a.htm"}, {"form_type": "DEFA14A", "filings_date": "2021-04-12", "url": "https://www.sec.gov/Archives/edgar/data/0001002517/000119312521113083/d100489ddefa14a.htm"}, {"form_type": "DEFA14A", "filings_date": "2021-04-12", "url": "https://www.sec.gov/Archives/edgar/data/0001002517/000119312521113075/d100489ddefa14a.htm"}, {"form_type": "DEFA14A", "filings_date": "2021-04-12", "url": "https://www.sec.gov/Archives/edgar/data/0001002517/000119312521112519/d22854ddefa14a.htm"}, {"form_type": "8-K", "filings_date": "2021-04-12", "url": "https://www.sec.gov/Archives/edgar/data/0001002517/000119312521112515/d22854d8k.htm"}, {"form_type": "4", "filings_date": "2021-04-05", "url": "https://www.sec.gov/Archives/edgar/data/0001002517/000138368021000004/xslF345X03/edgardoc.xml"}, {"form_type": "4", "filings_date": "2021-03-02", "url": "https://www.sec.gov/Archives/edgar/data/0001002517/000138368021000002/xslF345X03/edgardoc.xml"}, {"form_type": "8-K", "filings_date": "2021-02-26", "url": "https://www.sec.gov/Archives/edgar/data/0001002517/000100251721000023/nuan-20210226.htm"}, {"form_type": "SC 13G", "filings_date": "2021-02-16", "url": "https://www.sec.gov/Archives/edgar/data/0001002517/000091957421001066/d8791559_13-g.htm"}, {"form_type": "SC 13G/A", "filings_date": "2021-02-12", "url": "https://www.sec.gov/Archives/edgar/data/0001002517/000138713121002210/nuan-sc13ga_123120.htm"}, {"form_type": "SC 13G/A", "filings_date": "2021-02-11", "url": "https://www.sec.gov/Archives/edgar/data/0001002517/000134888321000027/nuan20a6.htm"}, {"form_type": "SC 13G/A", "filings_date": "2021-02-10", "url": "https://www.sec.gov/Archives/edgar/data/0001002517/000110465921018761/tv01511-nuancecommunications.htm"}, {"form_type": "10-Q", "filings_date": "2021-02-09", "url": "https://www.sec.gov/Archives/edgar/data/0001002517/000100251721000018/nuan-20201231.htm"}, {"form_type": "8-K", "filings_date": "2021-02-08", "url": "https://www.sec.gov/Archives/edgar/data/0001002517/000100251721000015/nuan-20210208.htm"}, {"form_type": "SC 13G", "filings_date": "2021-02-08", "url": "https://www.sec.gov/Archives/edgar/data/0001002517/000031506621001191/filing.txt"}, {"form_type": "8-K", "filings_date": "2021-02-08", "url": "https://www.sec.gov/Archives/edgar/data/0001002517/000119312521031704/d81346d8k.htm"}, {"form_type": "SC 13G/A", "filings_date": "2021-02-04", "url": "https://www.sec.gov/Archives/edgar/data/0001002517/000104018821000079/nuancecomm13ga2_123120.htm"}, {"form_type": "8-K", "filings_date": "2021-02-03", "url": "https://www.sec.gov/Archives/edgar/data/0001002517/000100251721000010/nuan-20210202.htm"}, {"form_type": "4", "filings_date": "2021-01-05", "url": "https://www.sec.gov/Archives/edgar/data/0001002517/000172651121000002/xslF345X03/edgardoc.xml"}, {"form_type": "4", "filings_date": "2021-01-05", "url": "https://www.sec.gov/Archives/edgar/data/0001002517/000175156121000002/xslF345X03/edgardoc.xml"}, {"form_type": "4", "filings_date": "2021-01-05", "url": "https://www.sec.gov/Archives/edgar/data/0001002517/000152867021000002/xslF345X03/edgardoc.xml"}, {"form_type": "4", "filings_date": "2021-01-05", "url": "https://www.sec.gov/Archives/edgar/data/0001002517/000100251721000008/xslF345X03/edgardoc.xml"}, {"form_type": "4", "filings_date": "2021-01-05", "url": "https://www.sec.gov/Archives/edgar/data/0001002517/000100251721000007/xslF345X03/edgardoc.xml"}, {"form_type": "4", "filings_date": "2021-01-05", "url": "https://www.sec.gov/Archives/edgar/data/0001002517/000100251721000006/xslF345X03/edgardoc.xml"}, {"form_type": "4", "filings_date": "2021-01-05", "url": "https://www.sec.gov/Archives/edgar/data/0001002517/000100251721000002/xslF345X03/edgardoc.xml"}, {"form_type": "4", "filings_date": "2021-01-05", "url": "https://www.sec.gov/Archives/edgar/data/0001002517/000159561221000002/xslF345X03/edgardoc.xml"}, {"form_type": "DEFA14A", "filings_date": "2020-12-17", "url": "https://www.sec.gov/Archives/edgar/data/0001002517/000119312520320044/d84159ddefa14a.htm"}, {"form_type": "DEF 14A", "filings_date": "2020-12-17", "url": "https://www.sec.gov/Archives/edgar/data/0001002517/000119312520320042/d84159ddef14a.htm"}, {"form_type": "4", "filings_date": "2020-12-09", "url": "https://www.sec.gov/Archives/edgar/data/0001002517/000183138120000010/xslF345X03/edgardoc.xml"}, {"form_type": "4", "filings_date": "2020-12-08", "url": "https://www.sec.gov/Archives/edgar/data/0001002517/000183138120000008/xslF345X03/edgardoc.xml"}, {"form_type": "4", "filings_date": "2020-12-08", "url": "https://www.sec.gov/Archives/edgar/data/0001002517/000140066220000016/xslF345X03/edgardoc.xml"}, {"form_type": "4", "filings_date": "2020-12-08", "url": "https://www.sec.gov/Archives/edgar/data/0001002517/000175934020000021/xslF345X03/edgardoc.xml"}, {"form_type": "4", "filings_date": "2020-12-08", "url": "https://www.sec.gov/Archives/edgar/data/0001002517/000167172820000013/xslF345X03/edgardoc.xml"}, {"form_type": "4", "filings_date": "2020-12-08", "url": "https://www.sec.gov/Archives/edgar/data/0001002517/000121832520000013/xslF345X03/edgardoc.xml"}, {"form_type": "4", "filings_date": "2020-12-08", "url": "https://www.sec.gov/Archives/edgar/data/0001002517/000138368020000023/xslF345X03/edgardoc.xml"}, {"form_type": "4", "filings_date": "2020-12-08", "url": "https://www.sec.gov/Archives/edgar/data/0001002517/000150109420000010/xslF345X03/edgardoc.xml"}, {"form_type": "4", "filings_date": "2020-12-08", "url": "https://www.sec.gov/Archives/edgar/data/0001002517/000152555020000011/xslF345X03/edgardoc.xml"}, {"form_type": "4", "filings_date": "2020-11-30", "url": "https://www.sec.gov/Archives/edgar/data/0001002517/000140066220000014/xslF345X03/edgardoc.xml"}, {"form_type": "4", "filings_date": "2020-11-25", "url": "https://www.sec.gov/Archives/edgar/data/0001002517/000167172820000011/xslF345X03/edgardoc.xml"}, {"form_type": "4", "filings_date": "2020-11-24", "url": "https://www.sec.gov/Archives/edgar/data/0001002517/000167172820000009/xslF345X03/edgardoc.xml"}, {"form_type": "4", "filings_date": "2020-11-24", "url": "https://www.sec.gov/Archives/edgar/data/0001002517/000152555020000009/xslF345X03/edgardoc.xml"}, {"form_type": "4", "filings_date": "2020-11-24", "url": "https://www.sec.gov/Archives/edgar/data/0001002517/000121832520000011/xslF345X03/edgardoc.xml"}, {"form_type": "4", "filings_date": "2020-11-24", "url": "https://www.sec.gov/Archives/edgar/data/0001002517/000138368020000021/xslF345X03/edgardoc.xml"}, {"form_type": "4", "filings_date": "2020-11-24", "url": "https://www.sec.gov/Archives/edgar/data/0001002517/000140066220000012/xslF345X03/edgardoc.xml"}, {"form_type": "4", "filings_date": "2020-11-24", "url": "https://www.sec.gov/Archives/edgar/data/0001002517/000183138120000006/xslF345X03/edgardoc.xml"}, {"form_type": "4", "filings_date": "2020-11-24", "url": "https://www.sec.gov/Archives/edgar/data/0001002517/000175934020000019/xslF345X03/edgardoc.xml"}, {"form_type": "4", "filings_date": "2020-11-24", "url": "https://www.sec.gov/Archives/edgar/data/0001002517/000150109420000008/xslF345X03/edgardoc.xml"}, {"form_type": "10-K", "filings_date": "2020-11-19", "url": "https://www.sec.gov/Archives/edgar/data/0001002517/000100251720000058/nuan0930202010-k.htm"}, {"form_type": "8-K", "filings_date": "2020-11-18", "url": "https://www.sec.gov/Archives/edgar/data/0001002517/000100251720000054/nuanpressrelease093020.htm"}, {"form_type": "4", "filings_date": "2020-11-17", "url": "https://www.sec.gov/Archives/edgar/data/0001002517/000175934020000017/xslF345X03/edgardoc.xml"}, {"form_type": "4", "filings_date": "2020-11-10", "url": "https://www.sec.gov/Archives/edgar/data/0001002517/000140066220000011/xslF345X03/edgardoc.xml"}, {"form_type": "4", "filings_date": "2020-11-10", "url": "https://www.sec.gov/Archives/edgar/data/0001002517/000121832520000010/xslF345X03/edgardoc.xml"}, {"form_type": "4", "filings_date": "2020-11-10", "url": "https://www.sec.gov/Archives/edgar/data/0001002517/000138368020000020/xslF345X03/edgardoc.xml"}, {"form_type": "4", "filings_date": "2020-11-10", "url": "https://www.sec.gov/Archives/edgar/data/0001002517/000175934020000015/xslF345X03/edgardoc.xml"}, {"form_type": "4", "filings_date": "2020-11-10", "url": "https://www.sec.gov/Archives/edgar/data/0001002517/000150109420000006/xslF345X03/edgardoc.xml"}, {"form_type": "4", "filings_date": "2020-11-10", "url": "https://www.sec.gov/Archives/edgar/data/0001002517/000152555020000008/xslF345X03/edgardoc.xml"}, {"form_type": "4", "filings_date": "2020-11-09", "url": "https://www.sec.gov/Archives/edgar/data/0001002517/000140066220000009/xslF345X03/edgardoc.xml"}, {"form_type": "4", "filings_date": "2020-11-09", "url": "https://www.sec.gov/Archives/edgar/data/0001002517/000121832520000008/xslF345X03/edgardoc.xml"}, {"form_type": "4", "filings_date": "2020-11-09", "url": "https://www.sec.gov/Archives/edgar/data/0001002517/000138368020000018/xslF345X03/edgardoc.xml"}, {"form_type": "4", "filings_date": "2020-11-09", "url": "https://www.sec.gov/Archives/edgar/data/0001002517/000175934020000013/xslF345X03/edgardoc.xml"}, {"form_type": "4", "filings_date": "2020-11-09", "url": "https://www.sec.gov/Archives/edgar/data/0001002517/000167172820000008/xslF345X03/edgardoc.xml"}, {"form_type": "4", "filings_date": "2020-11-09", "url": "https://www.sec.gov/Archives/edgar/data/0001002517/000150109420000004/xslF345X03/edgardoc.xml"}, {"form_type": "4", "filings_date": "2020-11-09", "url": "https://www.sec.gov/Archives/edgar/data/0001002517/000152555020000006/xslF345X03/edgardoc.xml"}, {"form_type": "4", "filings_date": "2020-11-05", "url": "https://www.sec.gov/Archives/edgar/data/0001002517/000183138120000004/xslF345X03/edgardoc.xml"}, {"form_type": "3", "filings_date": "2020-11-05", "url": "https://www.sec.gov/Archives/edgar/data/0001002517/000183138120000002/xslF345X02/edgardoc.xml"}, {"form_type": "4", "filings_date": "2020-11-05", "url": "https://www.sec.gov/Archives/edgar/data/0001002517/000121832520000006/xslF345X03/edgardoc.xml"}, {"form_type": "4", "filings_date": "2020-11-05", "url": "https://www.sec.gov/Archives/edgar/data/0001002517/000140066220000007/xslF345X03/edgardoc.xml"}, {"form_type": "4", "filings_date": "2020-11-05", "url": "https://www.sec.gov/Archives/edgar/data/0001002517/000175934020000011/xslF345X03/edgardoc.xml"}, {"form_type": "4", "filings_date": "2020-11-05", "url": "https://www.sec.gov/Archives/edgar/data/0001002517/000138368020000016/xslF345X03/edgardoc.xml"}, {"form_type": "4", "filings_date": "2020-11-05", "url": "https://www.sec.gov/Archives/edgar/data/0001002517/000167172820000006/xslF345X03/edgardoc.xml"}, {"form_type": "4", "filings_date": "2020-11-05", "url": "https://www.sec.gov/Archives/edgar/data/0001002517/000152555020000004/xslF345X03/edgardoc.xml"}, {"form_type": "4", "filings_date": "2020-11-05", "url": "https://www.sec.gov/Archives/edgar/data/0001002517/000150109420000002/xslF345X03/edgardoc.xml"}, {"form_type": "4/A", "filings_date": "2020-10-26", "url": "https://www.sec.gov/Archives/edgar/data/0001002517/000118736720000010/xslF345X03/edgardoc.xml"}, {"form_type": "8-K", "filings_date": "2020-10-16", "url": "https://www.sec.gov/Archives/edgar/data/0001002517/000119312520270743/d76145d8k.htm"}, {"form_type": "4", "filings_date": "2020-10-01", "url": "https://www.sec.gov/Archives/edgar/data/0001002517/000121832520000004/xslF345X03/edgardoc.xml"}, {"form_type": "4", "filings_date": "2020-10-01", "url": "https://www.sec.gov/Archives/edgar/data/0001002517/000138368020000014/xslF345X03/edgardoc.xml"}, {"form_type": "4", "filings_date": "2020-10-01", "url": "https://www.sec.gov/Archives/edgar/data/0001002517/000175934020000009/xslF345X03/edgardoc.xml"}, {"form_type": "4", "filings_date": "2020-10-01", "url": "https://www.sec.gov/Archives/edgar/data/0001002517/000118736720000008/xslF345X03/edgardoc.xml"}, {"form_type": "4", "filings_date": "2020-09-24", "url": "https://www.sec.gov/Archives/edgar/data/0001002517/000140066220000005/xslF345X03/edgardoc.xml"}, {"form_type": "4", "filings_date": "2020-09-21", "url": "https://www.sec.gov/Archives/edgar/data/0001002517/000118736720000006/xslF345X03/edgardoc.xml"}, {"form_type": "4", "filings_date": "2020-09-16", "url": "https://www.sec.gov/Archives/edgar/data/0001002517/000175934020000007/xslF345X03/edgardoc.xml"}, {"form_type": "4", "filings_date": "2020-09-02", "url": "https://www.sec.gov/Archives/edgar/data/0001002517/000175934020000006/xslF345X03/edgardoc.xml"}, {"form_type": "SC 13G", "filings_date": "2020-08-10", "url": "https://www.sec.gov/Archives/edgar/data/0001002517/000138713120007236/nuan-sc13g_072920.htm"}, {"form_type": "10-Q", "filings_date": "2020-08-06", "url": "https://www.sec.gov/Archives/edgar/data/0001002517/000100251720000050/nuan0630202010-q.htm"}, {"form_type": "8-K", "filings_date": "2020-08-05", "url": "https://www.sec.gov/Archives/edgar/data/0001002517/000100251720000043/nuan8-kpressrelease063.htm"}, {"form_type": "8-K", "filings_date": "2020-08-05", "url": "https://www.sec.gov/Archives/edgar/data/0001002517/000119312520210620/d113358d8k.htm"}, {"form_type": "4", "filings_date": "2020-07-06", "url": "https://www.sec.gov/Archives/edgar/data/0001002517/000138368020000011/xslF345X03/edgardoc.xml"}, {"form_type": "4", "filings_date": "2020-06-17", "url": "https://www.sec.gov/Archives/edgar/data/0001002517/000118736720000005/xslF345X03/edgardoc.xml"}, {"form_type": "4", "filings_date": "2020-06-04", "url": "https://www.sec.gov/Archives/edgar/data/0001002517/000118736720000004/xslF345X03/edgardoc.xml"}, {"form_type": "4", "filings_date": "2020-06-03", "url": "https://www.sec.gov/Archives/edgar/data/0001002517/000138368020000010/xslF345X03/edgardoc.xml"}, {"form_type": "4", "filings_date": "2020-06-03", "url": "https://www.sec.gov/Archives/edgar/data/0001002517/000175934020000005/xslF345X03/edgardoc.xml"}, {"form_type": "4", "filings_date": "2020-06-03", "url": "https://www.sec.gov/Archives/edgar/data/0001002517/000167172820000004/xslF345X03/edgardoc.xml"}, {"form_type": "SD", "filings_date": "2020-05-29", "url": "https://www.sec.gov/Archives/edgar/data/0001002517/000100251720000039/fy19cmfiling-formsd.htm"}, {"form_type": "4", "filings_date": "2020-05-22", "url": "https://www.sec.gov/Archives/edgar/data/0001002517/000175934020000004/xslF345X03/edgardoc.xml"}, {"form_type": "4", "filings_date": "2020-05-18", "url": "https://www.sec.gov/Archives/edgar/data/0001002517/000121832520000002/xslF345X03/edgardoc.xml"}, {"form_type": "10-Q", "filings_date": "2020-05-08", "url": "https://www.sec.gov/Archives/edgar/data/0001002517/000100251720000034/nuan0331202010-q.htm"}, {"form_type": "8-K", "filings_date": "2020-05-07", "url": "https://www.sec.gov/Archives/edgar/data/0001002517/000100251720000031/nuan8-kpressrelease033.htm"}, {"form_type": "4", "filings_date": "2020-05-04", "url": "https://www.sec.gov/Archives/edgar/data/0001002517/000138368020000009/xslF345X03/edgardoc.xml"}, {"form_type": "4", "filings_date": "2020-04-30", "url": "https://www.sec.gov/Archives/edgar/data/0001002517/000167172820000003/xslF345X03/edgardoc.xml"}, {"form_type": "4", "filings_date": "2020-04-27", "url": "https://www.sec.gov/Archives/edgar/data/0001002517/000152555020000002/xslF345X03/edgardoc.xml"}, {"form_type": "4", "filings_date": "2020-04-15", "url": "https://www.sec.gov/Archives/edgar/data/0001002517/000138368020000008/xslF345X03/edgardoc.xml"}, {"form_type": "4", "filings_date": "2020-04-07", "url": "https://www.sec.gov/Archives/edgar/data/0001002517/000138368020000007/xslF345X03/edgardoc.xml"}, {"form_type": "4", "filings_date": "2020-04-02", "url": "https://www.sec.gov/Archives/edgar/data/0001002517/000138368020000006/xslF345X03/edgardoc.xml"}, {"form_type": "8-K", "filings_date": "2020-03-20", "url": "https://www.sec.gov/Archives/edgar/data/0001002517/000100251720000025/nuan8-kamendedfy1910xk.htm"}, {"form_type": "4", "filings_date": "2020-03-03", "url": "https://www.sec.gov/Archives/edgar/data/0001002517/000138368020000004/xslF345X03/edgardoc.xml"}, {"form_type": "4", "filings_date": "2020-03-03", "url": "https://www.sec.gov/Archives/edgar/data/0001002517/000118736720000003/xslF345X03/edgardoc.xml"}, {"form_type": "4", "filings_date": "2020-03-02", "url": "https://www.sec.gov/Archives/edgar/data/0001002517/000167172820000002/xslF345X03/edgardoc.xml"}, {"form_type": "4", "filings_date": "2020-02-21", "url": "https://www.sec.gov/Archives/edgar/data/0001002517/000138368020000002/xslF345X03/edgardoc.xml"}, {"form_type": "4", "filings_date": "2020-02-18", "url": "https://www.sec.gov/Archives/edgar/data/0001002517/000175934020000003/xslF345X03/edgardoc.xml"}, {"form_type": "SC 13G/A", "filings_date": "2020-02-14", "url": "https://www.sec.gov/Archives/edgar/data/0001002517/000156761920003779/doc1.htm"}, {"form_type": "SC 13G/A", "filings_date": "2020-02-14", "url": "https://www.sec.gov/Archives/edgar/data/0001002517/000119312520037035/d116351dsc13ga.htm"}, {"form_type": "S-8", "filings_date": "2020-02-13", "url": "https://www.sec.gov/Archives/edgar/data/0001002517/000100251720000022/nuances-82020planforfiling.htm"}, {"form_type": "4", "filings_date": "2020-02-12", "url": "https://www.sec.gov/Archives/edgar/data/0001002517/000100251720000020/xslF345X03/edgardoc.xml"}, {"form_type": "4", "filings_date": "2020-02-12", "url": "https://www.sec.gov/Archives/edgar/data/0001002517/000175934020000002/xslF345X03/edgardoc.xml"}, {"form_type": "SC 13G/A", "filings_date": "2020-02-12", "url": "https://www.sec.gov/Archives/edgar/data/0001002517/000110465920017905/tv01250-nuancecommunications.htm"}, {"form_type": "10-Q", "filings_date": "2020-02-07", "url": "https://www.sec.gov/Archives/edgar/data/0001002517/000100251720000018/nuan1231201910-q.htm"}, {"form_type": "8-K", "filings_date": "2020-02-05", "url": "https://www.sec.gov/Archives/edgar/data/0001002517/000100251720000015/nuan8-kpressrelease123.htm"}, {"form_type": "8-K", "filings_date": "2020-02-05", "url": "https://www.sec.gov/Archives/edgar/data/0001002517/000100251720000013/a8-kredemption252020.htm"}, {"form_type": "4", "filings_date": "2020-02-04", "url": "https://www.sec.gov/Archives/edgar/data/0001002517/000118736720000002/xslF345X03/edgardoc.xml"}, {"form_type": "SC 13G/A", "filings_date": "2020-01-30", "url": "https://www.sec.gov/Archives/edgar/data/0001002517/000104018820000049/nuancecomm13ga1_123119.htm"}, {"form_type": "8-K", "filings_date": "2020-01-22", "url": "https://www.sec.gov/Archives/edgar/data/0001002517/000100251720000008/a8-k2020annualmeetingresul.htm"}, {"form_type": "DEFA14A", "filings_date": "2020-01-10", "url": "https://www.sec.gov/Archives/edgar/data/0001002517/000119312520005513/d868186ddefa14a.htm"}, {"form_type": "4", "filings_date": "2020-01-03", "url": "https://www.sec.gov/Archives/edgar/data/0001002517/000100251720000006/xslF345X03/edgardoc.xml"}, {"form_type": "4", "filings_date": "2020-01-03", "url": "https://www.sec.gov/Archives/edgar/data/0001002517/000100251720000005/xslF345X03/edgardoc.xml"}, {"form_type": "4", "filings_date": "2020-01-03", "url": "https://www.sec.gov/Archives/edgar/data/0001002517/000100251720000004/xslF345X03/edgardoc.xml"}, {"form_type": "4", "filings_date": "2020-01-03", "url": "https://www.sec.gov/Archives/edgar/data/0001002517/000175156120000002/xslF345X03/edgardoc.xml"}, {"form_type": "4", "filings_date": "2020-01-03", "url": "https://www.sec.gov/Archives/edgar/data/0001002517/000172651120000002/xslF345X03/edgardoc.xml"}, {"form_type": "4", "filings_date": "2020-01-03", "url": "https://www.sec.gov/Archives/edgar/data/0001002517/000152867020000002/xslF345X03/edgardoc.xml"}, {"form_type": "4", "filings_date": "2020-01-03", "url": "https://www.sec.gov/Archives/edgar/data/0001002517/000120442420000002/xslF345X03/edgardoc.xml"}, {"form_type": "4", "filings_date": "2020-01-03", "url": "https://www.sec.gov/Archives/edgar/data/0001002517/000159561220000002/xslF345X03/edgardoc.xml"}, {"form_type": "4", "filings_date": "2020-01-03", "url": "https://www.sec.gov/Archives/edgar/data/0001002517/000118736720000001/xslF345X03/edgardoc.xml"}, {"form_type": "DEFA14A", "filings_date": "2019-12-30", "url": "https://www.sec.gov/Archives/edgar/data/0001002517/000119312519325619/d859139ddefa14a.htm"}, {"form_type": "4", "filings_date": "2019-12-26", "url": "https://www.sec.gov/Archives/edgar/data/0001002517/000140066219000007/xslF345X03/edgardoc.xml"}, {"form_type": "4", "filings_date": "2019-12-26", "url": "https://www.sec.gov/Archives/edgar/data/0001002517/000167172819000011/xslF345X03/edgardoc.xml"}, {"form_type": "4", "filings_date": "2019-12-12", "url": "https://www.sec.gov/Archives/edgar/data/0001002517/000150109419000005/xslF345X03/edgardoc.xml"}, {"form_type": "DEFA14A", "filings_date": "2019-12-12", "url": "https://www.sec.gov/Archives/edgar/data/0001002517/000119312519312660/d815535ddefa14a.htm"}, {"form_type": "DEF 14A", "filings_date": "2019-12-12", "url": "https://www.sec.gov/Archives/edgar/data/0001002517/000119312519312645/d815535ddef14a.htm"}, {"form_type": "4", "filings_date": "2019-12-09", "url": "https://www.sec.gov/Archives/edgar/data/0001002517/000140066219000006/xslF345X03/edgardoc.xml"}, {"form_type": "4", "filings_date": "2019-12-09", "url": "https://www.sec.gov/Archives/edgar/data/0001002517/000121832519000018/xslF345X03/edgardoc.xml"}, {"form_type": "4", "filings_date": "2019-12-09", "url": "https://www.sec.gov/Archives/edgar/data/0001002517/000138368019000037/xslF345X03/edgardoc.xml"}, {"form_type": "4", "filings_date": "2019-12-09", "url": "https://www.sec.gov/Archives/edgar/data/0001002517/000175934019000016/xslF345X03/edgardoc.xml"}, {"form_type": "4", "filings_date": "2019-12-09", "url": "https://www.sec.gov/Archives/edgar/data/0001002517/000167172819000010/xslF345X03/edgardoc.xml"}, {"form_type": "4", "filings_date": "2019-12-09", "url": "https://www.sec.gov/Archives/edgar/data/0001002517/000150109419000004/xslF345X03/edgardoc.xml"}, {"form_type": "4", "filings_date": "2019-12-09", "url": "https://www.sec.gov/Archives/edgar/data/0001002517/000152555019000010/xslF345X03/edgardoc.xml"}, {"form_type": "4", "filings_date": "2019-12-09", "url": "https://www.sec.gov/Archives/edgar/data/0001002517/000118736719000029/xslF345X03/edgardoc.xml"}, {"form_type": "4", "filings_date": "2019-12-03", "url": "https://www.sec.gov/Archives/edgar/data/0001002517/000118736719000028/xslF345X03/edgardoc.xml"}, {"form_type": "10-K", "filings_date": "2019-11-26", "url": "https://www.sec.gov/Archives/edgar/data/0001002517/000100251719000039/nuan0930201910-k.htm"}, {"form_type": "4", "filings_date": "2019-11-25", "url": "https://www.sec.gov/Archives/edgar/data/0001002517/000175934019000015/xslF345X03/edgardoc.xml"}, {"form_type": "4", "filings_date": "2019-11-25", "url": "https://www.sec.gov/Archives/edgar/data/0001002517/000138368019000036/xslF345X03/edgardoc.xml"}, {"form_type": "4", "filings_date": "2019-11-25", "url": "https://www.sec.gov/Archives/edgar/data/0001002517/000140066219000005/xslF345X03/edgardoc.xml"}, {"form_type": "4", "filings_date": "2019-11-25", "url": "https://www.sec.gov/Archives/edgar/data/0001002517/000121832519000017/xslF345X03/edgardoc.xml"}, {"form_type": "4", "filings_date": "2019-11-25", "url": "https://www.sec.gov/Archives/edgar/data/0001002517/000167172819000009/xslF345X03/edgardoc.xml"}, {"form_type": "4", "filings_date": "2019-11-25", "url": "https://www.sec.gov/Archives/edgar/data/0001002517/000150109419000003/xslF345X03/edgardoc.xml"}, {"form_type": "4", "filings_date": "2019-11-25", "url": "https://www.sec.gov/Archives/edgar/data/0001002517/000152555019000009/xslF345X03/edgardoc.xml"}, {"form_type": "4", "filings_date": "2019-11-25", "url": "https://www.sec.gov/Archives/edgar/data/0001002517/000118736719000026/xslF345X03/edgardoc.xml"}, {"form_type": "8-K", "filings_date": "2019-11-20", "url": "https://www.sec.gov/Archives/edgar/data/0001002517/000100251719000033/nuan8-kpressrelease093.htm"}, {"form_type": "4", "filings_date": "2019-11-18", "url": "https://www.sec.gov/Archives/edgar/data/0001002517/000175934019000014/xslF345X03/edgardoc.xml"}, {"form_type": "4", "filings_date": "2019-11-18", "url": "https://www.sec.gov/Archives/edgar/data/0001002517/000118736719000025/xslF345X03/edgardoc.xml"}, {"form_type": "4", "filings_date": "2019-11-12", "url": "https://www.sec.gov/Archives/edgar/data/0001002517/000140066219000004/xslF345X03/edgardoc.xml"}, {"form_type": "4", "filings_date": "2019-11-12", "url": "https://www.sec.gov/Archives/edgar/data/0001002517/000121832519000016/xslF345X03/edgardoc.xml"}, {"form_type": "4", "filings_date": "2019-11-12", "url": "https://www.sec.gov/Archives/edgar/data/0001002517/000138368019000035/xslF345X03/edgardoc.xml"}, {"form_type": "4", "filings_date": "2019-11-12", "url": "https://www.sec.gov/Archives/edgar/data/0001002517/000175934019000013/xslF345X03/edgardoc.xml"}, {"form_type": "4", "filings_date": "2019-11-12", "url": "https://www.sec.gov/Archives/edgar/data/0001002517/000118736719000024/xslF345X03/edgardoc.xml"}, {"form_type": "4", "filings_date": "2019-11-07", "url": "https://www.sec.gov/Archives/edgar/data/0001002517/000140066219000003/xslF345X03/edgardoc.xml"}, {"form_type": "4", "filings_date": "2019-11-07", "url": "https://www.sec.gov/Archives/edgar/data/0001002517/000121832519000014/xslF345X03/edgardoc.xml"}, {"form_type": "4", "filings_date": "2019-11-07", "url": "https://www.sec.gov/Archives/edgar/data/0001002517/000138368019000033/xslF345X03/edgardoc.xml"}, {"form_type": "4", "filings_date": "2019-11-07", "url": "https://www.sec.gov/Archives/edgar/data/0001002517/000175934019000011/xslF345X03/edgardoc.xml"}, {"form_type": "4", "filings_date": "2019-11-07", "url": "https://www.sec.gov/Archives/edgar/data/0001002517/000167172819000008/xslF345X03/edgardoc.xml"}, {"form_type": "4", "filings_date": "2019-11-07", "url": "https://www.sec.gov/Archives/edgar/data/0001002517/000150109419000002/xslF345X03/edgardoc.xml"}, {"form_type": "4", "filings_date": "2019-11-07", "url": "https://www.sec.gov/Archives/edgar/data/0001002517/000152555019000008/xslF345X03/edgardoc.xml"}, {"form_type": "4", "filings_date": "2019-11-07", "url": "https://www.sec.gov/Archives/edgar/data/0001002517/000118736719000022/xslF345X03/edgardoc.xml"}, {"form_type": "8-K", "filings_date": "2019-11-07", "url": "https://www.sec.gov/Archives/edgar/data/0001002517/000100251719000030/a8-kbylawsamendment1.htm"}, {"form_type": "4", "filings_date": "2019-11-05", "url": "https://www.sec.gov/Archives/edgar/data/0001002517/000175934019000009/xslF345X03/edgardoc.xml"}, {"form_type": "4", "filings_date": "2019-11-05", "url": "https://www.sec.gov/Archives/edgar/data/0001002517/000121832519000012/xslF345X03/edgardoc.xml"}, {"form_type": "4", "filings_date": "2019-11-05", "url": "https://www.sec.gov/Archives/edgar/data/0001002517/000118736719000020/xslF345X03/edgardoc.xml"}, {"form_type": "4", "filings_date": "2019-11-05", "url": "https://www.sec.gov/Archives/edgar/data/0001002517/000138368019000031/xslF345X03/edgardoc.xml"}, {"form_type": "8-K", "filings_date": "2019-10-07", "url": "https://www.sec.gov/Archives/edgar/data/0001002517/000100251719000028/nuan8-kdiamondspinxoff1012.htm"}, {"form_type": "4", "filings_date": "2019-10-02", "url": "https://www.sec.gov/Archives/edgar/data/0001002517/000089924319024819/xslF345X03/doc4.xml"}, {"form_type": "8-K", "filings_date": "2019-10-02", "url": "https://www.sec.gov/Archives/edgar/data/0001002517/000119312519260133/d637644d8k.htm"}, {"form_type": "4", "filings_date": "2019-10-01", "url": "https://www.sec.gov/Archives/edgar/data/0001002517/000089924319024545/xslF345X03/doc4.xml"}, {"form_type": "8-K", "filings_date": "2019-09-30", "url": "https://www.sec.gov/Archives/edgar/data/0001002517/000119312519257968/d809932d8k.htm"}, {"form_type": "4", "filings_date": "2019-09-16", "url": "https://www.sec.gov/Archives/edgar/data/0001002517/000175950419000012/xslF345X03/edgardoc.xml"}, {"form_type": "8-K", "filings_date": "2019-09-13", "url": "https://www.sec.gov/Archives/edgar/data/0001002517/000119312519244477/d804723d8k.htm"}, {"form_type": "4", "filings_date": "2019-09-11", "url": "https://www.sec.gov/Archives/edgar/data/0001002517/000175950419000011/xslF345X03/edgardoc.xml"}, {"form_type": "4", "filings_date": "2019-09-09", "url": "https://www.sec.gov/Archives/edgar/data/0001002517/000121832519000010/xslF345X03/edgardoc.xml"}, {"form_type": "3", "filings_date": "2019-09-06", "url": "https://www.sec.gov/Archives/edgar/data/0001002517/000089924319023065/xslF345X02/doc3.xml"}, {"form_type": "4", "filings_date": "2019-09-05", "url": "https://www.sec.gov/Archives/edgar/data/0001002517/000121832519000009/xslF345X03/edgardoc.xml"}, {"form_type": "4", "filings_date": "2019-09-05", "url": "https://www.sec.gov/Archives/edgar/data/0001002517/000118736719000018/xslF345X03/edgardoc.xml"}, {"form_type": "8-K", "filings_date": "2019-09-04", "url": "https://www.sec.gov/Archives/edgar/data/0001002517/000119312519237120/d796432d8k.htm"}, {"form_type": "8-K", "filings_date": "2019-08-30", "url": "https://www.sec.gov/Archives/edgar/data/0001002517/000119312519234619/d777369d8k.htm"}, {"form_type": "4", "filings_date": "2019-08-26", "url": "https://www.sec.gov/Archives/edgar/data/0001002517/000175950419000010/xslF345X03/edgardoc.xml"}, {"form_type": "4", "filings_date": "2019-08-21", "url": "https://www.sec.gov/Archives/edgar/data/0001002517/000175950419000009/xslF345X03/edgardoc.xml"}, {"form_type": "4", "filings_date": "2019-08-21", "url": "https://www.sec.gov/Archives/edgar/data/0001002517/000121832519000008/xslF345X03/edgardoc.xml"}, {"form_type": "8-K", "filings_date": "2019-08-14", "url": "https://www.sec.gov/Archives/edgar/data/0001002517/000119312519220623/d793014d8k.htm"}, {"form_type": "10-Q", "filings_date": "2019-08-09", "url": "https://www.sec.gov/Archives/edgar/data/0001002517/000100251719000024/nuan0630201910-q.htm"}, {"form_type": "3", "filings_date": "2019-08-08", "url": "https://www.sec.gov/Archives/edgar/data/0001002517/000140066219000002/xslF345X02/edgardoc.xml"}, {"form_type": "8-K", "filings_date": "2019-08-07", "url": "https://www.sec.gov/Archives/edgar/data/0001002517/000100251719000020/nuan8-kpressrelease06302019.htm"}, {"form_type": "4", "filings_date": "2019-08-05", "url": "https://www.sec.gov/Archives/edgar/data/0001002517/000121832519000007/xslF345X03/edgardoc.xml"}, {"form_type": "4", "filings_date": "2019-08-05", "url": "https://www.sec.gov/Archives/edgar/data/0001002517/000118736719000017/xslF345X03/edgardoc.xml"}, {"form_type": "4", "filings_date": "2019-07-03", "url": "https://www.sec.gov/Archives/edgar/data/0001002517/000118736719000016/xslF345X03/edgardoc.xml"}, {"form_type": "4", "filings_date": "2019-07-03", "url": "https://www.sec.gov/Archives/edgar/data/0001002517/000118736719000015/xslF345X03/edgardoc.xml"}, {"form_type": "4", "filings_date": "2019-06-13", "url": "https://www.sec.gov/Archives/edgar/data/0001002517/000152555019000006/xslF345X03/edgardoc.xml"}, {"form_type": "8-K", "filings_date": "2019-06-13", "url": "https://www.sec.gov/Archives/edgar/data/0001002517/000100251719000017/nuance8-kfrom10xkrestateme.htm"}, {"form_type": "4", "filings_date": "2019-06-12", "url": "https://www.sec.gov/Archives/edgar/data/0001002517/000138917519000002/xslF345X03/edgardoc.xml"}, {"form_type": "4", "filings_date": "2019-06-05", "url": "https://www.sec.gov/Archives/edgar/data/0001002517/000118736719000013/xslF345X03/edgardoc.xml"}, {"form_type": "4", "filings_date": "2019-06-05", "url": "https://www.sec.gov/Archives/edgar/data/0001002517/000121832519000006/xslF345X03/edgardoc.xml"}, {"form_type": "SD", "filings_date": "2019-05-31", "url": "https://www.sec.gov/Archives/edgar/data/0001002517/000100251719000014/a2019-05x31formsd.htm"}, {"form_type": "4", "filings_date": "2019-05-16", "url": "https://www.sec.gov/Archives/edgar/data/0001002517/000175934019000007/xslF345X03/edgardoc.xml"}, {"form_type": "10-Q", "filings_date": "2019-05-09", "url": "https://www.sec.gov/Archives/edgar/data/0001002517/000100251719000011/nuan0331201910-q.htm"}, {"form_type": "8-K", "filings_date": "2019-05-08", "url": "https://www.sec.gov/Archives/edgar/data/0001002517/000100251719000008/nuan8-kpressrelease03312019.htm"}, {"form_type": "4", "filings_date": "2019-05-02", "url": "https://www.sec.gov/Archives/edgar/data/0001002517/000121832519000004/xslF345X03/edgardoc.xml"}, {"form_type": "4", "filings_date": "2019-05-02", "url": "https://www.sec.gov/Archives/edgar/data/0001002517/000118736719000012/xslF345X03/edgardoc.xml"}, {"form_type": "4", "filings_date": "2019-05-01", "url": "https://www.sec.gov/Archives/edgar/data/0001002517/000167172819000006/xslF345X03/edgardoc.xml"}, {"form_type": "4", "filings_date": "2019-04-25", "url": "https://www.sec.gov/Archives/edgar/data/0001002517/000152555019000005/xslF345X03/edgardoc.xml"}, {"form_type": "3", "filings_date": "2019-04-22", "url": "https://www.sec.gov/Archives/edgar/data/0001002517/000167172819000004/xslF345X02/edgardoc.xml"}, {"form_type": "4", "filings_date": "2019-04-15", "url": "https://www.sec.gov/Archives/edgar/data/0001002517/000138368019000027/xslF345X03/edgardoc.xml"}, {"form_type": "8-K", "filings_date": "2019-04-08", "url": "https://www.sec.gov/Archives/edgar/data/0001002517/000119312519100400/d732320d8k.htm"}, {"form_type": "4", "filings_date": "2019-04-03", "url": "https://www.sec.gov/Archives/edgar/data/0001002517/000118736719000010/xslF345X03/edgardoc.xml"}, {"form_type": "4", "filings_date": "2019-04-03", "url": "https://www.sec.gov/Archives/edgar/data/0001002517/000118736719000009/xslF345X03/edgardoc.xml"}, {"form_type": "4", "filings_date": "2019-03-21", "url": "https://www.sec.gov/Archives/edgar/data/0001002517/000175934019000006/xslF345X03/edgardoc.xml"}, {"form_type": "4", "filings_date": "2019-03-21", "url": "https://www.sec.gov/Archives/edgar/data/0001002517/000175934019000004/xslF345X03/edgardoc.xml"}, {"form_type": "4", "filings_date": "2019-03-05", "url": "https://www.sec.gov/Archives/edgar/data/0001002517/000175950419000008/xslF345X03/edgardoc.xml"}, {"form_type": "4", "filings_date": "2019-03-05", "url": "https://www.sec.gov/Archives/edgar/data/0001002517/000175950419000006/xslF345X03/edgardoc.xml"}, {"form_type": "4", "filings_date": "2019-03-05", "url": "https://www.sec.gov/Archives/edgar/data/0001002517/000118736719000006/xslF345X03/edgardoc.xml"}, {"form_type": "4", "filings_date": "2019-02-25", "url": "https://www.sec.gov/Archives/edgar/data/0001002517/000175934019000002/xslF345X03/edgardoc.xml"}, {"form_type": "4", "filings_date": "2019-02-25", "url": "https://www.sec.gov/Archives/edgar/data/0001002517/000138368019000025/xslF345X03/edgardoc.xml"}, {"form_type": "4", "filings_date": "2019-02-21", "url": "https://www.sec.gov/Archives/edgar/data/0001002517/000138368019000023/xslF345X03/edgardoc.xml"}, {"form_type": "SC 13G/A", "filings_date": "2019-02-14", "url": "https://www.sec.gov/Archives/edgar/data/0001002517/000156761919004243/doc1.htm"}, {"form_type": "SC 13G/A", "filings_date": "2019-02-14", "url": "https://www.sec.gov/Archives/edgar/data/0001002517/000119312519039718/d672818dsc13ga.htm"}, {"form_type": "4", "filings_date": "2019-02-12", "url": "https://www.sec.gov/Archives/edgar/data/0001002517/000138368019000021/xslF345X03/edgardoc.xml"}, {"form_type": "SC 13G/A", "filings_date": "2019-02-11", "url": "https://www.sec.gov/Archives/edgar/data/0001002517/000093247119005659/nuancecommunicationsinc.htm"}, {"form_type": "10-Q", "filings_date": "2019-02-08", "url": "https://www.sec.gov/Archives/edgar/data/0001002517/000100251719000005/nuan1231201810-q.htm"}, {"form_type": "8-K", "filings_date": "2019-02-07", "url": "https://www.sec.gov/Archives/edgar/data/0001002517/000100251719000002/nuan8-kpressrelease123118.htm"}, {"form_type": "S-8", "filings_date": "2019-02-07", "url": "https://www.sec.gov/Archives/edgar/data/0001002517/000119312519030664/d705450ds8.htm"}, {"form_type": "8-K", "filings_date": "2019-02-06", "url": "https://www.sec.gov/Archives/edgar/data/0001002517/000095014219000172/eh1900206_8k.htm"}, {"form_type": "4", "filings_date": "2019-02-04", "url": "https://www.sec.gov/Archives/edgar/data/0001002517/000138368019000019/xslF345X03/edgardoc.xml"}, {"form_type": "4", "filings_date": "2019-02-04", "url": "https://www.sec.gov/Archives/edgar/data/0001002517/000138368019000018/xslF345X03/edgardoc.xml"}, {"form_type": "4", "filings_date": "2019-02-04", "url": "https://www.sec.gov/Archives/edgar/data/0001002517/000138368019000017/xslF345X03/edgardoc.xml"}, {"form_type": "4", "filings_date": "2019-02-04", "url": "https://www.sec.gov/Archives/edgar/data/0001002517/000175950419000004/xslF345X03/edgardoc.xml"}, {"form_type": "4", "filings_date": "2019-02-04", "url": "https://www.sec.gov/Archives/edgar/data/0001002517/000118736719000004/xslF345X03/edgardoc.xml"}, {"form_type": "SC 13G", "filings_date": "2019-02-01", "url": "https://www.sec.gov/Archives/edgar/data/0001002517/000104018819000072/nuancecomm13g_123118.htm"}, {"form_type": "8-K", "filings_date": "2019-02-01", "url": "https://www.sec.gov/Archives/edgar/data/0001002517/000095014219000145/eh1900192_8k.htm"}, {"form_type": "8-K", "filings_date": "2019-01-17", "url": "https://www.sec.gov/Archives/edgar/data/0001002517/000119312519011593/d695565d8k.htm"}, {"form_type": "4", "filings_date": "2019-01-14", "url": "https://www.sec.gov/Archives/edgar/data/0001002517/000138368019000013/xslF345X03/edgardoc.xml"}, {"form_type": "DEFA14A", "filings_date": "2019-01-04", "url": "https://www.sec.gov/Archives/edgar/data/0001002517/000119312519001794/d663976ddefa14a.htm"}, {"form_type": "4", "filings_date": "2019-01-03", "url": "https://www.sec.gov/Archives/edgar/data/0001002517/000138368019000011/xslF345X03/edgardoc.xml"}, {"form_type": "4", "filings_date": "2019-01-03", "url": "https://www.sec.gov/Archives/edgar/data/0001002517/000175950419000002/xslF345X03/edgardoc.xml"}, {"form_type": "4", "filings_date": "2019-01-03", "url": "https://www.sec.gov/Archives/edgar/data/0001002517/000118736719000002/xslF345X03/edgardoc.xml"}, {"form_type": "4", "filings_date": "2019-01-03", "url": "https://www.sec.gov/Archives/edgar/data/0001002517/000138368019000009/xslF345X03/edgardoc.xml"}, {"form_type": "4", "filings_date": "2019-01-03", "url": "https://www.sec.gov/Archives/edgar/data/0001002517/000138368019000007/xslF345X03/edgardoc.xml"}, {"form_type": "4", "filings_date": "2019-01-03", "url": "https://www.sec.gov/Archives/edgar/data/0001002517/000138368019000005/xslF345X03/edgardoc.xml"}, {"form_type": "4", "filings_date": "2019-01-03", "url": "https://www.sec.gov/Archives/edgar/data/0001002517/000138368019000004/xslF345X03/edgardoc.xml"}, {"form_type": "4", "filings_date": "2019-01-03", "url": "https://www.sec.gov/Archives/edgar/data/0001002517/000172651119000002/xslF345X03/edgardoc.xml"}, {"form_type": "4", "filings_date": "2018-12-04", "url": "https://www.sec.gov/Archives/edgar/data/0001002517/000138368018000036/xslF345X03/edgardoc.xml"}, {"form_type": "4", "filings_date": "2018-12-04", "url": "https://www.sec.gov/Archives/edgar/data/0001002517/000138368018000033/xslF345X03/edgardoc.xml"}, {"form_type": "4", "filings_date": "2018-12-04", "url": "https://www.sec.gov/Archives/edgar/data/0001002517/000138368018000031/xslF345X03/edgardoc.xml"}, {"form_type": "4", "filings_date": "2018-12-04", "url": "https://www.sec.gov/Archives/edgar/data/0001002517/000138368018000029/xslF345X03/edgardoc.xml"}, {"form_type": "4", "filings_date": "2018-12-04", "url": "https://www.sec.gov/Archives/edgar/data/0001002517/000175950418000007/xslF345X03/edgardoc.xml"}, {"form_type": "4", "filings_date": "2018-12-04", "url": "https://www.sec.gov/Archives/edgar/data/0001002517/000175934018000012/xslF345X03/edgardoc.xml"}, {"form_type": "4", "filings_date": "2018-12-04", "url": "https://www.sec.gov/Archives/edgar/data/0001002517/000118736718000006/xslF345X03/edgardoc.xml"}, {"form_type": "DEFA14A", "filings_date": "2018-12-04", "url": "https://www.sec.gov/Archives/edgar/data/0001002517/000119312518342270/d519046ddefa14a.htm"}, {"form_type": "DEF 14A", "filings_date": "2018-12-04", "url": "https://www.sec.gov/Archives/edgar/data/0001002517/000119312518342260/d519046ddef14a.htm"}, {"form_type": "4", "filings_date": "2018-11-23", "url": "https://www.sec.gov/Archives/edgar/data/0001002517/000138368018000027/xslF345X03/edgardoc.xml"}, {"form_type": "4", "filings_date": "2018-11-23", "url": "https://www.sec.gov/Archives/edgar/data/0001002517/000175950418000004/xslF345X03/edgardoc.xml"}, {"form_type": "4", "filings_date": "2018-11-23", "url": "https://www.sec.gov/Archives/edgar/data/0001002517/000138368018000025/xslF345X03/edgardoc.xml"}, {"form_type": "4", "filings_date": "2018-11-23", "url": "https://www.sec.gov/Archives/edgar/data/0001002517/000175934018000010/xslF345X03/edgardoc.xml"}, {"form_type": "4", "filings_date": "2018-11-23", "url": "https://www.sec.gov/Archives/edgar/data/0001002517/000175934018000009/xslF345X03/edgardoc.xml"}, {"form_type": "4", "filings_date": "2018-11-23", "url": "https://www.sec.gov/Archives/edgar/data/0001002517/000118736718000004/xslF345X03/edgardoc.xml"}, {"form_type": "4", "filings_date": "2018-11-23", "url": "https://www.sec.gov/Archives/edgar/data/0001002517/000138368018000023/xslF345X03/edgardoc.xml"}, {"form_type": "4", "filings_date": "2018-11-23", "url": "https://www.sec.gov/Archives/edgar/data/0001002517/000138368018000022/xslF345X03/edgardoc.xml"}, {"form_type": "4", "filings_date": "2018-11-23", "url": "https://www.sec.gov/Archives/edgar/data/0001002517/000138368018000021/xslF345X03/edgardoc.xml"}, {"form_type": "10-K", "filings_date": "2018-11-20", "url": "https://www.sec.gov/Archives/edgar/data/0001002517/000100251718000064/nuan0930201810-k.htm"}, {"form_type": "4", "filings_date": "2018-11-19", "url": "https://www.sec.gov/Archives/edgar/data/0001002517/000175934018000004/xslF345X03/edgardoc.xml"}, {"form_type": "3", "filings_date": "2018-11-19", "url": "https://www.sec.gov/Archives/edgar/data/0001002517/000175950418000002/xslF345X02/edgardoc.xml"}, {"form_type": "8-K", "filings_date": "2018-11-19", "url": "https://www.sec.gov/Archives/edgar/data/0001002517/000100251718000061/nuan8-kpressrelease9302018.htm"}, {"form_type": "3", "filings_date": "2018-11-16", "url": "https://www.sec.gov/Archives/edgar/data/0001002517/000175934018000002/xslF345X02/edgardoc.xml"}, {"form_type": "3", "filings_date": "2018-11-16", "url": "https://www.sec.gov/Archives/edgar/data/0001002517/000150109418000003/xslF345X02/edgardoc.xml"}, {"form_type": "3", "filings_date": "2018-11-16", "url": "https://www.sec.gov/Archives/edgar/data/0001002517/000118736718000002/xslF345X02/edgardoc.xml"}, {"form_type": "8-K", "filings_date": "2018-11-14", "url": "https://www.sec.gov/Archives/edgar/data/0001002517/000100251718000059/nuan8-k1114.htm"}, {"form_type": "8-K", "filings_date": "2018-11-09", "url": "https://www.sec.gov/Archives/edgar/data/0001002517/000100251718000056/form8-k110918.htm"}, {"form_type": "4", "filings_date": "2018-11-08", "url": "https://www.sec.gov/Archives/edgar/data/0001002517/000100251718000054/xslF345X03/edgardoc.xml"}, {"form_type": "4", "filings_date": "2018-11-08", "url": "https://www.sec.gov/Archives/edgar/data/0001002517/000100251718000053/xslF345X03/edgardoc.xml"}, {"form_type": "4", "filings_date": "2018-11-08", "url": "https://www.sec.gov/Archives/edgar/data/0001002517/000138368018000017/xslF345X03/edgardoc.xml"}, {"form_type": "4", "filings_date": "2018-11-08", "url": "https://www.sec.gov/Archives/edgar/data/0001002517/000138368018000015/xslF345X03/edgardoc.xml"}, {"form_type": "4", "filings_date": "2018-11-05", "url": "https://www.sec.gov/Archives/edgar/data/0001002517/000138368018000013/xslF345X03/edgardoc.xml"}, {"form_type": "4", "filings_date": "2018-11-05", "url": "https://www.sec.gov/Archives/edgar/data/0001002517/000138368018000011/xslF345X03/edgardoc.xml"}, {"form_type": "4", "filings_date": "2018-10-02", "url": "https://www.sec.gov/Archives/edgar/data/0001002517/000109666018000008/xslF345X03/edgardoc.xml"}, {"form_type": "4", "filings_date": "2018-10-02", "url": "https://www.sec.gov/Archives/edgar/data/0001002517/000109666018000006/xslF345X03/edgardoc.xml"}, {"form_type": "4", "filings_date": "2018-10-02", "url": "https://www.sec.gov/Archives/edgar/data/0001002517/000138368018000009/xslF345X03/edgardoc.xml"}, {"form_type": "8-K", "filings_date": "2018-09-13", "url": "https://www.sec.gov/Archives/edgar/data/0001002517/000119312518272292/d617457d8k.htm"}, {"form_type": "4", "filings_date": "2018-09-12", "url": "https://www.sec.gov/Archives/edgar/data/0001002517/000175156118000004/xslF345X03/edgardoc.xml"}, {"form_type": "3", "filings_date": "2018-09-12", "url": "https://www.sec.gov/Archives/edgar/data/0001002517/000175156118000003/xslF345X02/edgardoc.xml"}, {"form_type": "4", "filings_date": "2018-09-12", "url": "https://www.sec.gov/Archives/edgar/data/0001002517/000152867018000006/xslF345X03/edgardoc.xml"}, {"form_type": "3", "filings_date": "2018-09-12", "url": "https://www.sec.gov/Archives/edgar/data/0001002517/000152867018000005/xslF345X02/edgardoc.xml"}, {"form_type": "4", "filings_date": "2018-09-12", "url": "https://www.sec.gov/Archives/edgar/data/0001002517/000120442418000004/xslF345X03/edgardoc.xml"}, {"form_type": "3", "filings_date": "2018-09-12", "url": "https://www.sec.gov/Archives/edgar/data/0001002517/000120442418000003/xslF345X02/edgardoc.xml"}, {"form_type": "4", "filings_date": "2018-09-12", "url": "https://www.sec.gov/Archives/edgar/data/0001002517/000159561218000005/xslF345X03/edgardoc.xml"}, {"form_type": "3", "filings_date": "2018-09-12", "url": "https://www.sec.gov/Archives/edgar/data/0001002517/000159561218000004/xslF345X02/edgardoc.xml"}, {"form_type": "8-K", "filings_date": "2018-09-12", "url": "https://www.sec.gov/Archives/edgar/data/0001002517/000100251718000050/a8-knewdirectors.htm"}, {"form_type": "4", "filings_date": "2018-09-10", "url": "https://www.sec.gov/Archives/edgar/data/0001002517/000138368018000007/xslF345X03/edgardoc.xml"}, {"form_type": "4", "filings_date": "2018-09-07", "url": "https://www.sec.gov/Archives/edgar/data/0001002517/000109666018000004/xslF345X03/edgardoc.xml"}, {"form_type": "4", "filings_date": "2018-09-07", "url": "https://www.sec.gov/Archives/edgar/data/0001002517/000138368018000005/xslF345X03/edgardoc.xml"}, {"form_type": "4", "filings_date": "2018-08-30", "url": "https://www.sec.gov/Archives/edgar/data/0001002517/000138368018000003/xslF345X03/edgardoc.xml"}, {"form_type": "10-Q", "filings_date": "2018-08-09", "url": "https://www.sec.gov/Archives/edgar/data/0001002517/000100251718000048/nuan0630201810-q.htm"}, {"form_type": "8-K", "filings_date": "2018-08-08", "url": "https://www.sec.gov/Archives/edgar/data/0001002517/000100251718000044/nuan8-kpressrelease6302018.htm"}, {"form_type": "8-K", "filings_date": "2018-06-26", "url": "https://www.sec.gov/Archives/edgar/data/0001002517/000100251718000040/form8-k62618.htm"}, {"form_type": "SD", "filings_date": "2018-05-31", "url": "https://www.sec.gov/Archives/edgar/data/0001002517/000100251718000038/a2018-05x31formsd.htm"}, {"form_type": "4", "filings_date": "2018-05-25", "url": "https://www.sec.gov/Archives/edgar/data/0001002517/000121832618000018/xslF345X03/edgardoc.xml"}, {"form_type": "S-8", "filings_date": "2018-05-10", "url": "https://www.sec.gov/Archives/edgar/data/0001002517/000100251718000035/s-8051018.htm"}, {"form_type": "10-Q", "filings_date": "2018-05-10", "url": "https://www.sec.gov/Archives/edgar/data/0001002517/000100251718000033/nuan0331201810-q.htm"}, {"form_type": "8-K", "filings_date": "2018-05-09", "url": "https://www.sec.gov/Archives/edgar/data/0001002517/000100251718000028/nuan8-kpressrelease3312018.htm"}, {"form_type": "4", "filings_date": "2018-05-08", "url": "https://www.sec.gov/Archives/edgar/data/0001002517/000121832618000016/xslF345X03/edgardoc.xml"}, {"form_type": "3", "filings_date": "2018-05-08", "url": "https://www.sec.gov/Archives/edgar/data/0001002517/000121832618000014/xslF345X02/edgardoc.xml"}, {"form_type": "3", "filings_date": "2018-05-02", "url": "https://www.sec.gov/Archives/edgar/data/0001002517/000121832618000012/xslF345X02/edgardoc.xml"}, {"form_type": "8-K", "filings_date": "2018-04-25", "url": "https://www.sec.gov/Archives/edgar/data/0001002517/000100251718000026/form8-k042518.htm"}, {"form_type": "8-K", "filings_date": "2018-03-22", "url": "https://www.sec.gov/Archives/edgar/data/0001002517/000100251718000024/a8-kformmarkbenjamin.htm"}, {"form_type": "8-K", "filings_date": "2018-03-15", "url": "https://www.sec.gov/Archives/edgar/data/0001002517/000100251718000022/a8-kjaneway.htm"}, {"form_type": "8-K", "filings_date": "2018-03-06", "url": "https://www.sec.gov/Archives/edgar/data/0001002517/000100251718000020/form8k.htm"}, {"form_type": "DEFA14A", "filings_date": "2018-02-16", "url": "https://www.sec.gov/Archives/edgar/data/0001002517/000119312518047932/d536393ddefa14a.htm"}, {"form_type": "SC 13G", "filings_date": "2018-02-14", "url": "https://www.sec.gov/Archives/edgar/data/0001002517/000119312518045456/d495230dsc13g.htm"}, {"form_type": "SC 13G/A", "filings_date": "2018-02-14", "url": "https://www.sec.gov/Archives/edgar/data/0001002517/000114036118007752/doc1.htm"}, {"form_type": "10-Q", "filings_date": "2018-02-09", "url": "https://www.sec.gov/Archives/edgar/data/0001002517/000100251718000017/nuan1231201710-q.htm"}, {"form_type": "SC 13G/A", "filings_date": "2018-02-09", "url": "https://www.sec.gov/Archives/edgar/data/0001002517/000093247118003980/nuancecommunicationsinc.htm"}, {"form_type": "8-K", "filings_date": "2018-02-08", "url": "https://www.sec.gov/Archives/edgar/data/0001002517/000100251718000013/nuan8-kpressrelease12312017.htm"}, {"form_type": "4", "filings_date": "2018-02-05", "url": "https://www.sec.gov/Archives/edgar/data/0001002517/000121832618000009/xslF345X03/edgardoc.xml"}, {"form_type": "3", "filings_date": "2018-02-05", "url": "https://www.sec.gov/Archives/edgar/data/0001002517/000121832618000008/xslF345X02/edgardoc.xml"}, {"form_type": "8-K", "filings_date": "2018-02-01", "url": "https://www.sec.gov/Archives/edgar/data/0001002517/000100251718000011/a2018-02x01form8xkxnewdire.htm"}, {"form_type": "DEF 14A", "filings_date": "2018-01-26", "url": "https://www.sec.gov/Archives/edgar/data/0001002517/000119312518021845/d494054ddef14a.htm"}, {"form_type": "8-K", "filings_date": "2018-01-22", "url": "https://www.sec.gov/Archives/edgar/data/0001002517/000100251718000009/form8-k1222018onguidance.htm"}, {"form_type": "8-K", "filings_date": "2018-01-19", "url": "https://www.sec.gov/Archives/edgar/data/0001002517/000100251718000004/nuan8-kbobs1192018.htm"}, {"form_type": "8-K", "filings_date": "2018-01-05", "url": "https://www.sec.gov/Archives/edgar/data/0001002517/000100251718000002/a2018-01x05form8xkxsalaryi.htm"}, {"form_type": "4", "filings_date": "2018-01-03", "url": "https://www.sec.gov/Archives/edgar/data/0001002517/000121833018000001/xslF345X03/edgardoc.xml"}, {"form_type": "4", "filings_date": "2018-01-03", "url": "https://www.sec.gov/Archives/edgar/data/0001002517/000121832618000005/xslF345X03/edgardoc.xml"}, {"form_type": "4", "filings_date": "2018-01-03", "url": "https://www.sec.gov/Archives/edgar/data/0001002517/000122063618000001/xslF345X03/edgardoc.xml"}, {"form_type": "4", "filings_date": "2018-01-03", "url": "https://www.sec.gov/Archives/edgar/data/0001002517/000121832618000004/xslF345X03/edgardoc.xml"}, {"form_type": "4", "filings_date": "2018-01-03", "url": "https://www.sec.gov/Archives/edgar/data/0001002517/000121832618000003/xslF345X03/edgardoc.xml"}, {"form_type": "4", "filings_date": "2018-01-03", "url": "https://www.sec.gov/Archives/edgar/data/0001002517/000121832618000002/xslF345X03/edgardoc.xml"}, {"form_type": "4", "filings_date": "2018-01-03", "url": "https://www.sec.gov/Archives/edgar/data/0001002517/000121832618000001/xslF345X03/edgardoc.xml"}, {"form_type": "4", "filings_date": "2018-01-03", "url": "https://www.sec.gov/Archives/edgar/data/0001002517/000138368018000001/xslF345X03/edgardoc.xml"}, {"form_type": "4", "filings_date": "2018-01-03", "url": "https://www.sec.gov/Archives/edgar/data/0001002517/000136409518000001/xslF345X03/edgardoc.xml"}, {"form_type": "4", "filings_date": "2018-01-03", "url": "https://www.sec.gov/Archives/edgar/data/0001002517/000160866018000001/xslF345X03/edgardoc.xml"}, {"form_type": "4", "filings_date": "2018-01-03", "url": "https://www.sec.gov/Archives/edgar/data/0001002517/000109666018000002/xslF345X03/edgardoc.xml"}, {"form_type": "4", "filings_date": "2017-12-27", "url": "https://www.sec.gov/Archives/edgar/data/0001002517/000172651117000004/xslF345X03/edgardoc.xml"}, {"form_type": "3", "filings_date": "2017-12-27", "url": "https://www.sec.gov/Archives/edgar/data/0001002517/000172651117000003/xslF345X02/edgardoc.xml"}, {"form_type": "8-K", "filings_date": "2017-12-26", "url": "https://www.sec.gov/Archives/edgar/data/0001002517/000100251717000045/a2017-12x26form8xkxnewdire.htm"}, {"form_type": "4", "filings_date": "2017-12-08", "url": "https://www.sec.gov/Archives/edgar/data/0001002517/000136409517000011/xslF345X03/edgardoc.xml"}, {"form_type": "4", "filings_date": "2017-12-05", "url": "https://www.sec.gov/Archives/edgar/data/0001002517/000121832617000017/xslF345X03/edgardoc.xml"}, {"form_type": "4", "filings_date": "2017-12-05", "url": "https://www.sec.gov/Archives/edgar/data/0001002517/000138368017000016/xslF345X03/edgardoc.xml"}, {"form_type": "4", "filings_date": "2017-12-05", "url": "https://www.sec.gov/Archives/edgar/data/0001002517/000136409517000009/xslF345X03/edgardoc.xml"}, {"form_type": "4", "filings_date": "2017-12-05", "url": "https://www.sec.gov/Archives/edgar/data/0001002517/000160866017000010/xslF345X03/edgardoc.xml"}, {"form_type": "4", "filings_date": "2017-12-05", "url": "https://www.sec.gov/Archives/edgar/data/0001002517/000109666017000006/xslF345X03/edgardoc.xml"}, {"form_type": "4", "filings_date": "2017-12-05", "url": "https://www.sec.gov/Archives/edgar/data/0001002517/000121832617000016/xslF345X03/edgardoc.xml"}, {"form_type": "4", "filings_date": "2017-12-01", "url": "https://www.sec.gov/Archives/edgar/data/0001002517/000121832617000014/xslF345X03/edgardoc.xml"}, {"form_type": "4", "filings_date": "2017-12-01", "url": "https://www.sec.gov/Archives/edgar/data/0001002517/000138368017000015/xslF345X03/edgardoc.xml"}, {"form_type": "4", "filings_date": "2017-12-01", "url": "https://www.sec.gov/Archives/edgar/data/0001002517/000136409517000008/xslF345X03/edgardoc.xml"}, {"form_type": "4", "filings_date": "2017-12-01", "url": "https://www.sec.gov/Archives/edgar/data/0001002517/000160866017000009/xslF345X03/edgardoc.xml"}, {"form_type": "4", "filings_date": "2017-12-01", "url": "https://www.sec.gov/Archives/edgar/data/0001002517/000109666017000005/xslF345X03/edgardoc.xml"}, {"form_type": "4", "filings_date": "2017-12-01", "url": "https://www.sec.gov/Archives/edgar/data/0001002517/000121832617000013/xslF345X03/edgardoc.xml"}, {"form_type": "8-K", "filings_date": "2017-12-01", "url": "https://www.sec.gov/Archives/edgar/data/0001002517/000100251717000042/form8-kxofficerbonuses1201.htm"}, {"form_type": "10-K", "filings_date": "2017-11-29", "url": "https://www.sec.gov/Archives/edgar/data/0001002517/000100251717000040/nuan0930201710-k.htm"}, {"form_type": "8-K", "filings_date": "2017-11-28", "url": "https://www.sec.gov/Archives/edgar/data/0001002517/000100251717000035/nuan8-kpressrelease9302017.htm"}, {"form_type": "4", "filings_date": "2017-11-16", "url": "https://www.sec.gov/Archives/edgar/data/0001002517/000136409517000006/xslF345X03/edgardoc.xml"}, {"form_type": "8-K", "filings_date": "2017-11-13", "url": "https://www.sec.gov/Archives/edgar/data/0001002517/000100251717000032/a8-kbylawsamendment.htm"}, {"form_type": "8-K", "filings_date": "2017-11-03", "url": "https://www.sec.gov/Archives/edgar/data/0001002517/000100251717000030/a275noteput.htm"}, {"form_type": "4", "filings_date": "2017-10-10", "url": "https://www.sec.gov/Archives/edgar/data/0001002517/000136409517000004/xslF345X03/edgardoc.xml"}, {"form_type": "4", "filings_date": "2017-10-03", "url": "https://www.sec.gov/Archives/edgar/data/0001002517/000121832617000011/xslF345X03/edgardoc.xml"}, {"form_type": "4", "filings_date": "2017-10-03", "url": "https://www.sec.gov/Archives/edgar/data/0001002517/000121832617000010/xslF345X03/edgardoc.xml"}, {"form_type": "4", "filings_date": "2017-10-03", "url": "https://www.sec.gov/Archives/edgar/data/0001002517/000138368017000014/xslF345X03/edgardoc.xml"}, {"form_type": "4", "filings_date": "2017-10-03", "url": "https://www.sec.gov/Archives/edgar/data/0001002517/000160866017000008/xslF345X03/edgardoc.xml"}, {"form_type": "4", "filings_date": "2017-10-03", "url": "https://www.sec.gov/Archives/edgar/data/0001002517/000160866017000007/xslF345X03/edgardoc.xml"}, {"form_type": "4", "filings_date": "2017-10-03", "url": "https://www.sec.gov/Archives/edgar/data/0001002517/000109666017000004/xslF345X03/edgardoc.xml"}, {"form_type": "SC 13G/A", "filings_date": "2017-09-08", "url": "https://www.sec.gov/Archives/edgar/data/0001002517/000021545717003605/nuance.communication.txt"}, {"form_type": "4", "filings_date": "2017-09-06", "url": "https://www.sec.gov/Archives/edgar/data/0001002517/000138368017000013/xslF345X03/edgardoc.xml"}, {"form_type": "8-K", "filings_date": "2017-08-31", "url": "https://www.sec.gov/Archives/edgar/data/0001002517/000100251717000028/form8-kxbowdendeparture.htm"}, {"form_type": "3", "filings_date": "2017-08-09", "url": "https://www.sec.gov/Archives/edgar/data/0001002517/000100251717000026/xslF345X02/edgardoc.xml"}, {"form_type": "3", "filings_date": "2017-08-09", "url": "https://www.sec.gov/Archives/edgar/data/0001002517/000109666017000002/xslF345X02/edgardoc.xml"}, {"form_type": "10-Q", "filings_date": "2017-08-09", "url": "https://www.sec.gov/Archives/edgar/data/0001002517/000100251717000024/nuan0630201710-q.htm"}, {"form_type": "8-K", "filings_date": "2017-08-09", "url": "https://www.sec.gov/Archives/edgar/data/0001002517/000119312517251977/d398280d8k.htm"}, {"form_type": "8-K", "filings_date": "2017-08-08", "url": "https://www.sec.gov/Archives/edgar/data/0001002517/000100251717000021/nuan8-kpressrelease6302017.htm"}, {"form_type": "4", "filings_date": "2017-08-03", "url": "https://www.sec.gov/Archives/edgar/data/0001002517/000138368017000011/xslF345X03/edgardoc.xml"}, {"form_type": "8-K", "filings_date": "2017-07-21", "url": "https://www.sec.gov/Archives/edgar/data/0001002517/000119312517232420/d428974d8k.htm"}, {"form_type": "4", "filings_date": "2017-07-03", "url": "https://www.sec.gov/Archives/edgar/data/0001002517/000100251717000018/xslF345X03/edgardoc.xml"}, {"form_type": "4", "filings_date": "2017-06-12", "url": "https://www.sec.gov/Archives/edgar/data/0001002517/000121832617000009/xslF345X03/edgardoc.xml"}, {"form_type": "4", "filings_date": "2017-06-08", "url": "https://www.sec.gov/Archives/edgar/data/0001002517/000121832617000007/xslF345X03/edgardoc.xml"}, {"form_type": "4", "filings_date": "2017-06-02", "url": "https://www.sec.gov/Archives/edgar/data/0001002517/000138368017000009/xslF345X03/edgardoc.xml"}, {"form_type": "4", "filings_date": "2017-06-01", "url": "https://www.sec.gov/Archives/edgar/data/0001002517/000138368017000007/xslF345X03/edgardoc.xml"}, {"form_type": "SD", "filings_date": "2017-05-31", "url": "https://www.sec.gov/Archives/edgar/data/0001002517/000119312517189300/d514066dsd.htm"}, {"form_type": "4", "filings_date": "2017-05-24", "url": "https://www.sec.gov/Archives/edgar/data/0001002517/000138368017000005/xslF345X03/edgardoc.xml"}, {"form_type": "4", "filings_date": "2017-05-22", "url": "https://www.sec.gov/Archives/edgar/data/0001002517/000121833017000004/xslF345X03/edgardoc.xml"}, {"form_type": "4", "filings_date": "2017-05-17", "url": "https://www.sec.gov/Archives/edgar/data/0001002517/000150598217000022/xslF345X03/edgardoc.xml"}, {"form_type": "4", "filings_date": "2017-05-17", "url": "https://www.sec.gov/Archives/edgar/data/0001002517/000150598217000021/xslF345X03/edgardoc.xml"}, {"form_type": "4", "filings_date": "2017-05-15", "url": "https://www.sec.gov/Archives/edgar/data/0001002517/000121833017000002/xslF345X03/edgardoc.xml"}, {"form_type": "4", "filings_date": "2017-05-12", "url": "https://www.sec.gov/Archives/edgar/data/0001002517/000136409517000002/xslF345X03/edgardoc.xml"}, {"form_type": "4", "filings_date": "2017-05-11", "url": "https://www.sec.gov/Archives/edgar/data/0001002517/000150598217000019/xslF345X03/edgardoc.xml"}, {"form_type": "10-Q", "filings_date": "2017-05-10", "url": "https://www.sec.gov/Archives/edgar/data/0001002517/000100251717000015/nuan0331201710-q.htm"}, {"form_type": "8-K", "filings_date": "2017-05-09", "url": "https://www.sec.gov/Archives/edgar/data/0001002517/000100251717000012/nuan8-kpressrelease3312017.htm"}, {"form_type": "UPLOAD", "filings_date": "2017-05-09", "url": "https://www.sec.gov/Archives/edgar/data/0001002517/000000000017016221/filename1.pdf"}, {"form_type": "4", "filings_date": "2017-05-08", "url": "https://www.sec.gov/Archives/edgar/data/0001002517/000150598217000018/xslF345X03/edgardoc.xml"}, {"form_type": "4", "filings_date": "2017-05-03", "url": "https://www.sec.gov/Archives/edgar/data/0001002517/000160866017000004/xslF345X03/edgardoc.xml"}, {"form_type": "4", "filings_date": "2017-05-03", "url": "https://www.sec.gov/Archives/edgar/data/0001002517/000150598217000017/xslF345X03/edgardoc.xml"}, {"form_type": "4", "filings_date": "2017-04-28", "url": "https://www.sec.gov/Archives/edgar/data/0001002517/000160866017000003/xslF345X03/edgardoc.xml"}, {"form_type": "CORRESP", "filings_date": "2017-04-28", "url": "https://www.sec.gov/Archives/edgar/data/0001002517/000119312517147417/filename1.htm"}, {"form_type": "4", "filings_date": "2017-04-21", "url": "https://www.sec.gov/Archives/edgar/data/0001002517/000150598217000016/xslF345X03/edgardoc.xml"}, {"form_type": "CORRESP", "filings_date": "2017-04-13", "url": "https://www.sec.gov/Archives/edgar/data/0001002517/000119312517121989/filename1.htm"}, {"form_type": "4", "filings_date": "2017-04-07", "url": "https://www.sec.gov/Archives/edgar/data/0001002517/000150598217000010/xslF345X03/edgardoc.xml"}, {"form_type": "4", "filings_date": "2017-04-04", "url": "https://www.sec.gov/Archives/edgar/data/0001002517/000150598217000008/xslF345X03/edgardoc.xml"}, {"form_type": "UPLOAD", "filings_date": "2017-03-30", "url": "https://www.sec.gov/Archives/edgar/data/0001002517/000000000017010669/filename1.pdf"}, {"form_type": "8-K", "filings_date": "2017-03-17", "url": "https://www.sec.gov/Archives/edgar/data/0001002517/000119312517087282/d296589d8k.htm"}, {"form_type": "4", "filings_date": "2017-03-15", "url": "https://www.sec.gov/Archives/edgar/data/0001002517/000160866017000001/xslF345X03/edgardoc.xml"}, {"form_type": "CORRESP", "filings_date": "2017-03-10", "url": "https://www.sec.gov/Archives/edgar/data/0001002517/000119312517078325/filename1.htm"}, {"form_type": "4", "filings_date": "2017-03-03", "url": "https://www.sec.gov/Archives/edgar/data/0001002517/000150598217000006/xslF345X03/edgardoc.xml"}, {"form_type": "CORRESP", "filings_date": "2017-03-03", "url": "https://www.sec.gov/Archives/edgar/data/0001002517/000119312517069827/filename1.htm"}, {"form_type": "CORRESP", "filings_date": "2017-02-16", "url": "https://www.sec.gov/Archives/edgar/data/0001002517/000119312517046506/filename1.htm"}, {"form_type": "4", "filings_date": "2017-02-14", "url": "https://www.sec.gov/Archives/edgar/data/0001002517/000121832617000005/xslF345X03/edgardoc.xml"}, {"form_type": "4", "filings_date": "2017-02-14", "url": "https://www.sec.gov/Archives/edgar/data/0001002517/000138368017000004/xslF345X03/edgardoc.xml"}, {"form_type": "4", "filings_date": "2017-02-14", "url": "https://www.sec.gov/Archives/edgar/data/0001002517/000150598217000004/xslF345X03/edgardoc.xml"}, {"form_type": "SC 13G/A", "filings_date": "2017-02-14", "url": "https://www.sec.gov/Archives/edgar/data/0001002517/000114036117006562/doc1.htm"}, {"form_type": "SC 13G/A", "filings_date": "2017-02-10", "url": "https://www.sec.gov/Archives/edgar/data/0001002517/000093247117001069/nuancecommunicationsinc.htm"}, {"form_type": "S-8", "filings_date": "2017-02-08", "url": "https://www.sec.gov/Archives/edgar/data/0001002517/000119312517034744/d336913ds8.htm"}, {"form_type": "10-Q", "filings_date": "2017-02-08", "url": "https://www.sec.gov/Archives/edgar/data/0001002517/000100251717000008/nuan1231201610-q.htm"}, {"form_type": "8-K", "filings_date": "2017-02-07", "url": "https://www.sec.gov/Archives/edgar/data/0001002517/000100251717000005/nuan8-kpressrelease123116.htm"}, {"form_type": "4", "filings_date": "2017-02-03", "url": "https://www.sec.gov/Archives/edgar/data/0001002517/000138368017000003/xslF345X03/edgardoc.xml"}, {"form_type": "4", "filings_date": "2017-02-03", "url": "https://www.sec.gov/Archives/edgar/data/0001002517/000150598217000003/xslF345X03/edgardoc.xml"}, {"form_type": "8-K", "filings_date": "2017-02-03", "url": "https://www.sec.gov/Archives/edgar/data/0001002517/000119312517030835/d304159d8k.htm"}, {"form_type": "UPLOAD", "filings_date": "2017-02-02", "url": "https://www.sec.gov/Archives/edgar/data/0001002517/000000000017003776/filename1.pdf"}, {"form_type": "SC 13G", "filings_date": "2017-01-30", "url": "https://www.sec.gov/Archives/edgar/data/0001002517/000021545717002621/nuance.communication.txt"}, {"form_type": "SC 13G/A", "filings_date": "2017-01-25", "url": "https://www.sec.gov/Archives/edgar/data/0001002517/000092846417000007/nuansch13gamd1012517.htm"}, {"form_type": "4", "filings_date": "2017-01-04", "url": "https://www.sec.gov/Archives/edgar/data/0001002517/000121833017000001/xslF345X03/edgardoc.xml"}, {"form_type": "4", "filings_date": "2017-01-04", "url": "https://www.sec.gov/Archives/edgar/data/0001002517/000122063617000001/xslF345X03/edgardoc.xml"}, {"form_type": "4", "filings_date": "2017-01-04", "url": "https://www.sec.gov/Archives/edgar/data/0001002517/000121832617000004/xslF345X03/edgardoc.xml"}, {"form_type": "4", "filings_date": "2017-01-04", "url": "https://www.sec.gov/Archives/edgar/data/0001002517/000121832617000003/xslF345X03/edgardoc.xml"}, {"form_type": "4", "filings_date": "2017-01-04", "url": "https://www.sec.gov/Archives/edgar/data/0001002517/000121832617000002/xslF345X03/edgardoc.xml"}, {"form_type": "4", "filings_date": "2017-01-04", "url": "https://www.sec.gov/Archives/edgar/data/0001002517/000121832617000001/xslF345X03/edgardoc.xml"}, {"form_type": "4", "filings_date": "2017-01-04", "url": "https://www.sec.gov/Archives/edgar/data/0001002517/000138368017000001/xslF345X03/edgardoc.xml"}, {"form_type": "4", "filings_date": "2017-01-04", "url": "https://www.sec.gov/Archives/edgar/data/0001002517/000150598217000001/xslF345X03/edgardoc.xml"}]}