{"company": {"cik": "0000746210", "name": "Oblong, Inc.", "sic": "Services-Computer Programming, Data Processing, Etc.", "state_incorp": "DE", "ticker": "OBLG", "mailing_addr": "25587 CONIFER ROAD, CONIFER, CO, 80433", "category": "Non-accelerated filer<br>Smaller reporting company", "fiscal_year_end": "31, December"}, "filings": [{"form_type": "8-K", "filings_date": "2022-03-08", "url": "https://www.sec.gov/Archives/edgar/data/0000746210/000074621022000013/glow-20220308.htm"}, {"form_type": "SC 13G/A", "filings_date": "2022-02-23", "url": "https://www.sec.gov/Archives/edgar/data/0000746210/000093041322000320/c103100_sc13ga.htm"}, {"form_type": "8-K", "filings_date": "2022-02-23", "url": "https://www.sec.gov/Archives/edgar/data/0000746210/000074621022000006/glow-20220223.htm"}, {"form_type": "SC 13G/A", "filings_date": "2022-02-11", "url": "https://www.sec.gov/Archives/edgar/data/0000746210/000119312522036936/d286571dsc13ga.htm"}, {"form_type": "SC 13G", "filings_date": "2022-02-11", "url": "https://www.sec.gov/Archives/edgar/data/0000746210/000089542122000289/Oblong.txt"}, {"form_type": "8-K", "filings_date": "2022-01-03", "url": "https://www.sec.gov/Archives/edgar/data/0000746210/000074621022000003/glow-20220103.htm"}, {"form_type": "8-K", "filings_date": "2021-12-20", "url": "https://www.sec.gov/Archives/edgar/data/0000746210/000074621021000080/glow-20211220.htm"}, {"form_type": "424B3", "filings_date": "2021-12-20", "url": "https://www.sec.gov/Archives/edgar/data/0000746210/000074621021000078/oblongforms-3seriesbwarran.htm"}, {"form_type": "EFFECT", "filings_date": "2021-12-15", "url": "https://www.sec.gov/Archives/edgar/data/0000746210/999999999521004711/xslEFFECTX01/primary_doc.xml"}, {"form_type": "CORRESP", "filings_date": "2021-12-09", "url": "https://www.sec.gov/Archives/edgar/data/0000746210/000074621021000074/filename1.htm"}, {"form_type": "UPLOAD", "filings_date": "2021-12-07", "url": "https://www.sec.gov/Archives/edgar/data/0000746210/000000000021014681/filename1.pdf"}, {"form_type": "S-3", "filings_date": "2021-12-02", "url": "https://www.sec.gov/Archives/edgar/data/0000746210/000074621021000071/oblongforms-3seriesbwarran.htm"}, {"form_type": "DEF 14A", "filings_date": "2021-11-16", "url": "https://www.sec.gov/Archives/edgar/data/0000746210/000074621021000068/oblg2021proxystatement.htm"}, {"form_type": "8-K", "filings_date": "2021-11-10", "url": "https://www.sec.gov/Archives/edgar/data/0000746210/000074621021000064/glow-20211110.htm"}, {"form_type": "10-Q", "filings_date": "2021-11-10", "url": "https://www.sec.gov/Archives/edgar/data/0000746210/000074621021000062/glow-20210930.htm"}, {"form_type": "3", "filings_date": "2021-10-08", "url": "https://www.sec.gov/Archives/edgar/data/0000746210/000106299321009371/xslF345X02/form3.xml"}, {"form_type": "SC 13G/A", "filings_date": "2021-10-08", "url": "https://www.sec.gov/Archives/edgar/data/0000746210/000119312521295605/d188428dsc13ga.htm"}, {"form_type": "3", "filings_date": "2021-08-25", "url": "https://www.sec.gov/Archives/edgar/data/0000746210/000187983721000003/xslF345X02/wf-form3_162992286255568.xml"}, {"form_type": "3", "filings_date": "2021-08-25", "url": "https://www.sec.gov/Archives/edgar/data/0000746210/000187986621000002/xslF345X02/wf-form3_162992264834627.xml"}, {"form_type": "4", "filings_date": "2021-08-20", "url": "https://www.sec.gov/Archives/edgar/data/0000746210/000162828021017460/xslF345X03/wf-form4_162950356897828.xml"}, {"form_type": "4", "filings_date": "2021-08-20", "url": "https://www.sec.gov/Archives/edgar/data/0000746210/000119907621000006/xslF345X03/wf-form4_162949497115401.xml"}, {"form_type": "8-K", "filings_date": "2021-08-11", "url": "https://www.sec.gov/Archives/edgar/data/0000746210/000074621021000056/glow-20210811.htm"}, {"form_type": "10-Q", "filings_date": "2021-08-11", "url": "https://www.sec.gov/Archives/edgar/data/0000746210/000074621021000055/glow-20210630.htm"}, {"form_type": "D", "filings_date": "2021-07-14", "url": "https://www.sec.gov/Archives/edgar/data/0000746210/000074621021000048/xslFormDX01/primary_doc.xml"}, {"form_type": "4", "filings_date": "2021-06-30", "url": "https://www.sec.gov/Archives/edgar/data/0000746210/000186801621000004/xslF345X03/wf-form4_162508348595561.xml"}, {"form_type": "3", "filings_date": "2021-06-30", "url": "https://www.sec.gov/Archives/edgar/data/0000746210/000186801621000003/xslF345X02/wf-form3_162508338851986.xml"}, {"form_type": "8-K", "filings_date": "2021-06-30", "url": "https://www.sec.gov/Archives/edgar/data/0000746210/000074621021000047/oblg-2021offeringxform8xkc.htm"}, {"form_type": "424B5", "filings_date": "2021-06-29", "url": "https://www.sec.gov/Archives/edgar/data/0000746210/000074621021000044/oblg-prospectussupplement.htm"}, {"form_type": "8-K", "filings_date": "2021-06-28", "url": "https://www.sec.gov/Archives/edgar/data/0000746210/000074621021000042/oblg-2021offeringxform8xks.htm"}, {"form_type": "8-K", "filings_date": "2021-06-28", "url": "https://www.sec.gov/Archives/edgar/data/0000746210/000074621021000038/oblg-2021offeringxform8xkp.htm"}, {"form_type": "8-K", "filings_date": "2021-05-13", "url": "https://www.sec.gov/Archives/edgar/data/0000746210/000074621021000035/glow-20210513.htm"}, {"form_type": "10-Q", "filings_date": "2021-05-13", "url": "https://www.sec.gov/Archives/edgar/data/0000746210/000074621021000034/glow-20210331.htm"}, {"form_type": "8-K", "filings_date": "2021-03-30", "url": "https://www.sec.gov/Archives/edgar/data/0000746210/000074621021000026/a8-kq42020earningsrelease.htm"}, {"form_type": "10-K", "filings_date": "2021-03-30", "url": "https://www.sec.gov/Archives/edgar/data/0000746210/000074621021000024/glow-20201231.htm"}, {"form_type": "8-K", "filings_date": "2021-02-25", "url": "https://www.sec.gov/Archives/edgar/data/0000746210/000074621021000020/a8kprelimresults.htm"}, {"form_type": "3", "filings_date": "2021-02-22", "url": "https://www.sec.gov/Archives/edgar/data/0000746210/000120919121013014/xslF345X02/doc3.xml"}, {"form_type": "SC 13D", "filings_date": "2021-02-22", "url": "https://www.sec.gov/Archives/edgar/data/0000746210/000110465921026239/tm216694d2_sc13d.htm"}, {"form_type": "3", "filings_date": "2021-02-12", "url": "https://www.sec.gov/Archives/edgar/data/0000746210/000106299321001384/xslF345X02/form3.xml"}, {"form_type": "SC 13G", "filings_date": "2021-02-12", "url": "https://www.sec.gov/Archives/edgar/data/0000746210/000119312521041197/d132147dsc13g.htm"}, {"form_type": "CERT", "filings_date": "2021-02-11", "url": "https://www.sec.gov/Archives/edgar/data/0000746210/000135445721000219/8A_Cert_OBLG.pdf"}, {"form_type": "25", "filings_date": "2021-02-11", "url": "https://www.sec.gov/Archives/edgar/data/0000746210/000074621021000018/oblgform25-listingtransfer.htm"}, {"form_type": "8-A12B", "filings_date": "2021-02-11", "url": "https://www.sec.gov/Archives/edgar/data/0000746210/000074621021000017/oblgform8-axlistingtransfer.htm"}, {"form_type": "8-K", "filings_date": "2021-02-02", "url": "https://www.sec.gov/Archives/edgar/data/0000746210/000074621021000012/form8-kxoblglistingtransfer.htm"}, {"form_type": "SC 13G/A", "filings_date": "2021-01-21", "url": "https://www.sec.gov/Archives/edgar/data/0000746210/000121390021003508/ea133652-13ga1alpha_oblong.htm"}, {"form_type": "EFFECT", "filings_date": "2021-01-21", "url": "https://www.sec.gov/Archives/edgar/data/0000746210/999999999521000232/xslEFFECTX01/primary_doc.xml"}, {"form_type": "CORRESP", "filings_date": "2021-01-19", "url": "https://www.sec.gov/Archives/edgar/data/0000746210/000074621021000010/filename1.htm"}, {"form_type": "UPLOAD", "filings_date": "2021-01-19", "url": "https://www.sec.gov/Archives/edgar/data/0000746210/000000000021000631/filename1.pdf"}, {"form_type": "S-3", "filings_date": "2021-01-15", "url": "https://www.sec.gov/Archives/edgar/data/0000746210/000074621021000008/oblg_forms-3registrationst.htm"}, {"form_type": "424B3", "filings_date": "2021-01-08", "url": "https://www.sec.gov/Archives/edgar/data/0000746210/000074621021000006/oblgs-3_dec2020pipexprospe.htm"}, {"form_type": "EFFECT", "filings_date": "2021-01-07", "url": "https://www.sec.gov/Archives/edgar/data/0000746210/999999999521000075/xslEFFECTX01/primary_doc.xml"}, {"form_type": "S-3/A", "filings_date": "2021-01-05", "url": "https://www.sec.gov/Archives/edgar/data/0000746210/000074621021000002/oblg_dec2020pipexforms-3am.htm"}, {"form_type": "4", "filings_date": "2020-12-22", "url": "https://www.sec.gov/Archives/edgar/data/0000746210/000074621020000060/xslF345X03/wf-form4_160867192700163.xml"}, {"form_type": "8-K", "filings_date": "2020-12-22", "url": "https://www.sec.gov/Archives/edgar/data/0000746210/000074621020000058/oblg_8-kx2020meeting.htm"}, {"form_type": "S-3", "filings_date": "2020-12-21", "url": "https://www.sec.gov/Archives/edgar/data/0000746210/000074621020000056/oblgs-3_dec2020pipexsellin.htm"}, {"form_type": "SC 13G", "filings_date": "2020-12-15", "url": "https://www.sec.gov/Archives/edgar/data/0000746210/000110465920135727/tm2038140d1_sc13g.htm"}, {"form_type": "SC 13G", "filings_date": "2020-12-15", "url": "https://www.sec.gov/Archives/edgar/data/0000746210/000093041320002642/c100801_sc13g.htm"}, {"form_type": "D", "filings_date": "2020-12-14", "url": "https://www.sec.gov/Archives/edgar/data/0000746210/000074621020000054/xslFormDX01/primary_doc.xml"}, {"form_type": "8-K", "filings_date": "2020-12-10", "url": "https://www.sec.gov/Archives/edgar/data/0000746210/000074621020000052/oblg122020pipeform8-k.htm"}, {"form_type": "SC 13G", "filings_date": "2020-12-08", "url": "https://www.sec.gov/Archives/edgar/data/0000746210/000121390020041518/ea131241-13galpha_oblong.htm"}, {"form_type": "SC 13D/A", "filings_date": "2020-12-04", "url": "https://www.sec.gov/Archives/edgar/data/0000746210/000114036120027297/brhc10017597_sc13da.htm"}, {"form_type": "144", "filings_date": "2020-12-03", "url": "https://www.sec.gov/Archives/edgar/data/0000746210/000114036120027206/brhc10017556_144.htm"}, {"form_type": "144", "filings_date": "2020-12-03", "url": "https://www.sec.gov/Archives/edgar/data/0000746210/000114036120027204/brhc10017555_144.htm"}, {"form_type": "DEF 14A", "filings_date": "2020-11-24", "url": "https://www.sec.gov/Archives/edgar/data/0000746210/000074621020000049/oblg2020proxystatement.htm"}, {"form_type": "8-K", "filings_date": "2020-11-16", "url": "https://www.sec.gov/Archives/edgar/data/0000746210/000074621020000047/a8-kq32020earningsrelease.htm"}, {"form_type": "10-Q", "filings_date": "2020-11-16", "url": "https://www.sec.gov/Archives/edgar/data/0000746210/000074621020000045/glow-20200930.htm"}, {"form_type": "D", "filings_date": "2020-10-30", "url": "https://www.sec.gov/Archives/edgar/data/0000746210/000074621020000042/xslFormDX01/primary_doc.xml"}, {"form_type": "8-K", "filings_date": "2020-10-26", "url": "https://www.sec.gov/Archives/edgar/data/0000746210/000074621020000041/form8-koblg2020pipe.htm"}, {"form_type": "8-K", "filings_date": "2020-08-14", "url": "https://www.sec.gov/Archives/edgar/data/0000746210/000074621020000038/a8-kq22020earningsrele.htm"}, {"form_type": "10-Q", "filings_date": "2020-08-14", "url": "https://www.sec.gov/Archives/edgar/data/0000746210/000074621020000037/glow-20200630.htm"}, {"form_type": "S-8", "filings_date": "2020-07-10", "url": "https://www.sec.gov/Archives/edgar/data/0000746210/000074621020000033/oblg2020s-8registrationsta.htm"}, {"form_type": "4", "filings_date": "2020-07-02", "url": "https://www.sec.gov/Archives/edgar/data/0000746210/000129006120000004/xslF345X03/wf-form4_159372168210826.xml"}, {"form_type": "4/A", "filings_date": "2020-07-02", "url": "https://www.sec.gov/Archives/edgar/data/0000746210/000129006120000002/xslF345X03/wf-form4a_159372132926821.xml"}, {"form_type": "8-K", "filings_date": "2020-06-30", "url": "https://www.sec.gov/Archives/edgar/data/0000746210/000074621020000031/a8-kq12020earningsrelease.htm"}, {"form_type": "10-Q", "filings_date": "2020-06-29", "url": "https://www.sec.gov/Archives/edgar/data/0000746210/000074621020000029/oblg-20200331x10q.htm"}, {"form_type": "10-K/A", "filings_date": "2020-05-28", "url": "https://www.sec.gov/Archives/edgar/data/0000746210/000074621020000027/oblg-20191231x10ka.htm"}, {"form_type": "8-K", "filings_date": "2020-05-15", "url": "https://www.sec.gov/Archives/edgar/data/0000746210/000074621020000023/oblong-form8xk_q120x10qext.htm"}, {"form_type": "10-K", "filings_date": "2020-05-15", "url": "https://www.sec.gov/Archives/edgar/data/0000746210/000074621020000022/glow-20191231x10k.htm"}, {"form_type": "NT 10-K", "filings_date": "2020-05-15", "url": "https://www.sec.gov/Archives/edgar/data/0000746210/000074621020000021/oblg_12b-25x201910xk.htm"}, {"form_type": "8-K", "filings_date": "2020-05-07", "url": "https://www.sec.gov/Archives/edgar/data/0000746210/000074621020000013/a8-kunderkofflerdeparture.htm"}, {"form_type": "4", "filings_date": "2020-04-23", "url": "https://www.sec.gov/Archives/edgar/data/0000746210/000141588920001040/xslF345X03/form4-04232020_120410.xml"}, {"form_type": "8-K", "filings_date": "2020-04-16", "url": "https://www.sec.gov/Archives/edgar/data/0000746210/000074621020000010/prelimearningsandppploan.htm"}, {"form_type": "8-K", "filings_date": "2020-03-30", "url": "https://www.sec.gov/Archives/edgar/data/0000746210/000074621020000006/covidextension.htm"}, {"form_type": "4", "filings_date": "2020-03-24", "url": "https://www.sec.gov/Archives/edgar/data/0000746210/000141588920000848/xslF345X03/form4-03242020_110304.xml"}, {"form_type": "8-K", "filings_date": "2020-03-09", "url": "https://www.sec.gov/Archives/edgar/data/0000746210/000141588920000702/form8k-03092020_090301.htm"}, {"form_type": "8-K", "filings_date": "2020-02-27", "url": "https://www.sec.gov/Archives/edgar/data/0000746210/000074621020000002/a8-kinvestorpresentation.htm"}, {"form_type": "8-K", "filings_date": "2019-12-20", "url": "https://www.sec.gov/Archives/edgar/data/0000746210/000074621019000085/a8-kseriese.htm"}, {"form_type": "8-K/A", "filings_date": "2019-12-18", "url": "https://www.sec.gov/Archives/edgar/data/0000746210/000074621019000082/form8-ka.htm"}, {"form_type": "DEF 14A", "filings_date": "2019-11-29", "url": "https://www.sec.gov/Archives/edgar/data/0000746210/000074621019000076/glow_2019xproxystatement.htm"}, {"form_type": "UPLOAD", "filings_date": "2019-11-27", "url": "https://www.sec.gov/Archives/edgar/data/0000746210/000000000019015926/filename1.pdf"}, {"form_type": "PRER14A", "filings_date": "2019-11-27", "url": "https://www.sec.gov/Archives/edgar/data/0000746210/000074621019000074/glow_2019xproxystatement1.htm"}, {"form_type": "CORRESP", "filings_date": "2019-11-25", "url": "https://www.sec.gov/Archives/edgar/data/0000746210/000074621019000068/filename1.htm"}, {"form_type": "UPLOAD", "filings_date": "2019-11-22", "url": "https://www.sec.gov/Archives/edgar/data/0000746210/000000000019015801/filename1.pdf"}, {"form_type": "8-K", "filings_date": "2019-11-21", "url": "https://www.sec.gov/Archives/edgar/data/0000746210/000074621019000066/a8-kpressrelease.htm"}, {"form_type": "3", "filings_date": "2019-11-14", "url": "https://www.sec.gov/Archives/edgar/data/0000746210/000074621019000064/xslF345X02/wf-form3_157373554481414.xml"}, {"form_type": "PRE 14A", "filings_date": "2019-11-14", "url": "https://www.sec.gov/Archives/edgar/data/0000746210/000074621019000062/glow_2019xproxystatement.htm"}, {"form_type": "8-K", "filings_date": "2019-11-14", "url": "https://www.sec.gov/Archives/edgar/data/0000746210/000074621019000061/glowpoint-form8xk_q3x2019pr.htm"}, {"form_type": "10-Q", "filings_date": "2019-11-14", "url": "https://www.sec.gov/Archives/edgar/data/0000746210/000074621019000060/glow-20190930x10q.htm"}, {"form_type": "D", "filings_date": "2019-10-17", "url": "https://www.sec.gov/Archives/edgar/data/0000746210/000074621019000054/xslFormDX01/primary_doc.xml"}, {"form_type": "D", "filings_date": "2019-10-16", "url": "https://www.sec.gov/Archives/edgar/data/0000746210/000074621019000053/xslFormDX01/primary_doc.xml"}, {"form_type": "8-K", "filings_date": "2019-10-07", "url": "https://www.sec.gov/Archives/edgar/data/0000746210/000074621019000052/glow-form8xk_closingofoblo.htm"}, {"form_type": "4", "filings_date": "2019-10-04", "url": "https://www.sec.gov/Archives/edgar/data/0000746210/000074621019000050/xslF345X03/wf-form4_157021949143503.xml"}, {"form_type": "8-K", "filings_date": "2019-10-02", "url": "https://www.sec.gov/Archives/edgar/data/0000746210/000074621019000048/glow-form8xk_closingofoblo.htm"}, {"form_type": "SC 13D/A", "filings_date": "2019-09-27", "url": "https://www.sec.gov/Archives/edgar/data/0000746210/000074621019000046/glow_oblongxsc13daxadelman.htm"}, {"form_type": "SC 13D/A", "filings_date": "2019-09-25", "url": "https://www.sec.gov/Archives/edgar/data/0000746210/000074621019000044/glow_oblongxsc13dxaholst.htm"}, {"form_type": "SC 13D/A", "filings_date": "2019-09-23", "url": "https://www.sec.gov/Archives/edgar/data/0000746210/000114036119017085/formsc13da.htm"}, {"form_type": "144", "filings_date": "2019-09-20", "url": "https://www.sec.gov/Archives/edgar/data/0000746210/000114036119017028/form144.htm"}, {"form_type": "8-K", "filings_date": "2019-09-16", "url": "https://www.sec.gov/Archives/edgar/data/0000746210/000074621019000041/glowpoint-form8xk_oblongme.htm"}, {"form_type": "8-K", "filings_date": "2019-08-14", "url": "https://www.sec.gov/Archives/edgar/data/0000746210/000074621019000039/glowpoint-form8xk_q2x2019pr.htm"}, {"form_type": "10-Q", "filings_date": "2019-08-14", "url": "https://www.sec.gov/Archives/edgar/data/0000746210/000074621019000038/glow-20190630x10q.htm"}, {"form_type": "3", "filings_date": "2019-07-26", "url": "https://www.sec.gov/Archives/edgar/data/0000746210/000141588919000868/xslF345X02/form3-07262019_020740.xml"}, {"form_type": "4", "filings_date": "2019-07-26", "url": "https://www.sec.gov/Archives/edgar/data/0000746210/000162828019009099/xslF345X03/wf-form4_156417201347492.xml"}, {"form_type": "3", "filings_date": "2019-07-26", "url": "https://www.sec.gov/Archives/edgar/data/0000746210/000162828019009097/xslF345X02/wf-form3_156417151454334.xml"}, {"form_type": "4", "filings_date": "2019-07-25", "url": "https://www.sec.gov/Archives/edgar/data/0000746210/000118137919000002/xslF345X03/wf-form4_156408870781560.xml"}, {"form_type": "8-K", "filings_date": "2019-07-25", "url": "https://www.sec.gov/Archives/edgar/data/0000746210/000074621019000034/glowpoint-form8xk_bodxmgmt.htm"}, {"form_type": "8-K", "filings_date": "2019-05-15", "url": "https://www.sec.gov/Archives/edgar/data/0000746210/000074621019000031/glowpoint-form8xk_q1x2019pr.htm"}, {"form_type": "10-Q", "filings_date": "2019-05-15", "url": "https://www.sec.gov/Archives/edgar/data/0000746210/000074621019000029/glow-20190331x10q.htm"}, {"form_type": "4", "filings_date": "2019-05-06", "url": "https://www.sec.gov/Archives/edgar/data/0000746210/000074621019000025/xslF345X03/wf-form4_155717327196177.xml"}, {"form_type": "4", "filings_date": "2019-05-06", "url": "https://www.sec.gov/Archives/edgar/data/0000746210/000074621019000023/xslF345X03/wf-form4_155717307918112.xml"}, {"form_type": "8-K", "filings_date": "2019-04-29", "url": "https://www.sec.gov/Archives/edgar/data/0000746210/000074621019000021/glowpoint-form8xk_mergerst.htm"}, {"form_type": "8-K", "filings_date": "2019-04-23", "url": "https://www.sec.gov/Archives/edgar/data/0000746210/000074621019000018/glowpoint-form8xk_nysexame.htm"}, {"form_type": "8-K", "filings_date": "2019-04-17", "url": "https://www.sec.gov/Archives/edgar/data/0000746210/000074621019000016/glowpoint-form8xk_rss.htm"}, {"form_type": "DEF 14C", "filings_date": "2019-03-19", "url": "https://www.sec.gov/Archives/edgar/data/0000746210/000074621019000013/glow_schedule14cinformatio.htm"}, {"form_type": "PRE 14C", "filings_date": "2019-03-08", "url": "https://www.sec.gov/Archives/edgar/data/0000746210/000074621019000010/glow_schedule14cinformatio.htm"}, {"form_type": "10-K", "filings_date": "2019-03-08", "url": "https://www.sec.gov/Archives/edgar/data/0000746210/000074621019000009/glow-20181231x10k.htm"}, {"form_type": "SC 13D", "filings_date": "2019-02-13", "url": "https://www.sec.gov/Archives/edgar/data/0000746210/000141588919000157/formsc13d-02122019_050243.htm"}, {"form_type": "SC 13G/A", "filings_date": "2019-01-18", "url": "https://www.sec.gov/Archives/edgar/data/0000746210/000165495419000575/adelman13ga.htm"}, {"form_type": "8-K", "filings_date": "2019-01-07", "url": "https://www.sec.gov/Archives/edgar/data/0000746210/000074621019000002/a8kpressrelease-nyseextens.htm"}, {"form_type": "SC 13D/A", "filings_date": "2018-12-31", "url": "https://www.sec.gov/Archives/edgar/data/0000746210/000074621018000068/glow_projectshinexsc13dxah.htm"}, {"form_type": "8-K", "filings_date": "2018-12-27", "url": "https://www.sec.gov/Archives/edgar/data/0000746210/000074621018000065/glow_projectshinexform8-km.htm"}, {"form_type": "425", "filings_date": "2018-12-27", "url": "https://www.sec.gov/Archives/edgar/data/0000746210/000074621018000066/glow_projectshinexform8-km.htm"}, {"form_type": "10-Q", "filings_date": "2018-11-13", "url": "https://www.sec.gov/Archives/edgar/data/0000746210/000074621018000060/glow-20180930x10q.htm"}, {"form_type": "8-K", "filings_date": "2018-11-05", "url": "https://www.sec.gov/Archives/edgar/data/0000746210/000074621018000057/a8kpressrelease-sharedlabs.htm"}, {"form_type": "425", "filings_date": "2018-11-05", "url": "https://www.sec.gov/Archives/edgar/data/0000746210/000074621018000058/a8kpressrelease-sharedlabs.htm"}, {"form_type": "8-K", "filings_date": "2018-11-05", "url": "https://www.sec.gov/Archives/edgar/data/0000746210/000074621018000054/a8kpressrelease-sharedlabs.htm"}, {"form_type": "S-8", "filings_date": "2018-08-09", "url": "https://www.sec.gov/Archives/edgar/data/0000746210/000074621018000052/s-8registrationstatement.htm"}, {"form_type": "8-K", "filings_date": "2018-08-09", "url": "https://www.sec.gov/Archives/edgar/data/0000746210/000074621018000050/a8kpressrelease-q2x2018.htm"}, {"form_type": "10-Q", "filings_date": "2018-08-09", "url": "https://www.sec.gov/Archives/edgar/data/0000746210/000074621018000048/glow-20180630x10q.htm"}, {"form_type": "8-K", "filings_date": "2018-07-23", "url": "https://www.sec.gov/Archives/edgar/data/0000746210/000074621018000044/a8kstockbuyback.htm"}, {"form_type": "8-K", "filings_date": "2018-07-18", "url": "https://www.sec.gov/Archives/edgar/data/0000746210/000074621018000041/a8kpreliminaryfinancials.htm"}, {"form_type": "8-K", "filings_date": "2018-07-11", "url": "https://www.sec.gov/Archives/edgar/data/0000746210/000074621018000039/a8knysedeficiencyletter.htm"}, {"form_type": "4", "filings_date": "2018-07-03", "url": "https://www.sec.gov/Archives/edgar/data/0000746210/000134946718000007/xslF345X03/wf-form4_153064834305469.xml"}, {"form_type": "4", "filings_date": "2018-07-03", "url": "https://www.sec.gov/Archives/edgar/data/0000746210/000129006118000007/xslF345X03/wf-form4_153064825701663.xml"}, {"form_type": "8-K", "filings_date": "2018-06-01", "url": "https://www.sec.gov/Archives/edgar/data/0000746210/000074621018000037/form8-k2018annualmeetingre.htm"}, {"form_type": "4", "filings_date": "2018-05-31", "url": "https://www.sec.gov/Archives/edgar/data/0000746210/000074621018000035/xslF345X03/wf-form4_152779928173185.xml"}, {"form_type": "4", "filings_date": "2018-05-31", "url": "https://www.sec.gov/Archives/edgar/data/0000746210/000074621018000033/xslF345X03/wf-form4_152779893123992.xml"}, {"form_type": "4", "filings_date": "2018-05-31", "url": "https://www.sec.gov/Archives/edgar/data/0000746210/000074621018000031/xslF345X03/wf-form4_152779880686931.xml"}, {"form_type": "4", "filings_date": "2018-05-31", "url": "https://www.sec.gov/Archives/edgar/data/0000746210/000074621018000029/xslF345X03/wf-form4_152779859620346.xml"}, {"form_type": "8-K", "filings_date": "2018-05-09", "url": "https://www.sec.gov/Archives/edgar/data/0000746210/000074621018000027/a8kpressrelease-q1x2018.htm"}, {"form_type": "10-Q", "filings_date": "2018-05-09", "url": "https://www.sec.gov/Archives/edgar/data/0000746210/000074621018000026/glow-20180331x10q.htm"}, {"form_type": "DEF 14A", "filings_date": "2018-04-23", "url": "https://www.sec.gov/Archives/edgar/data/0000746210/000074621018000022/a2018proxyfiling.htm"}, {"form_type": "4", "filings_date": "2018-04-16", "url": "https://www.sec.gov/Archives/edgar/data/0000746210/000119907618000002/xslF345X03/wf-form4_152391391965261.xml"}, {"form_type": "4", "filings_date": "2018-04-16", "url": "https://www.sec.gov/Archives/edgar/data/0000746210/000162828018004297/xslF345X03/wf-form4_152391379857363.xml"}, {"form_type": "4", "filings_date": "2018-04-16", "url": "https://www.sec.gov/Archives/edgar/data/0000746210/000138176118000002/xslF345X03/wf-form4_152390968110491.xml"}, {"form_type": "4", "filings_date": "2018-04-16", "url": "https://www.sec.gov/Archives/edgar/data/0000746210/000118137918000002/xslF345X03/wf-form4_152390944642057.xml"}, {"form_type": "4", "filings_date": "2018-04-16", "url": "https://www.sec.gov/Archives/edgar/data/0000746210/000129006118000005/xslF345X03/wf-form4_152390920222608.xml"}, {"form_type": "4", "filings_date": "2018-03-15", "url": "https://www.sec.gov/Archives/edgar/data/0000746210/000129006118000002/xslF345X03/wf-form4_152115058521592.xml"}, {"form_type": "4", "filings_date": "2018-03-15", "url": "https://www.sec.gov/Archives/edgar/data/0000746210/000134946718000004/xslF345X03/wf-form4_152115022452823.xml"}, {"form_type": "8-K", "filings_date": "2018-03-13", "url": "https://www.sec.gov/Archives/edgar/data/0000746210/000074621018000015/a8kpressrelease-fy2017.htm"}, {"form_type": "10-K", "filings_date": "2018-03-07", "url": "https://www.sec.gov/Archives/edgar/data/0000746210/000074621018000012/glow-20171231x10k.htm"}, {"form_type": "8-K", "filings_date": "2018-01-25", "url": "https://www.sec.gov/Archives/edgar/data/0000746210/000074621018000009/glowpoint-8xkseriescofferi.htm"}, {"form_type": "424B5", "filings_date": "2018-01-22", "url": "https://www.sec.gov/Archives/edgar/data/0000746210/000074621018000006/prospectussupplement.htm"}, {"form_type": "8-K", "filings_date": "2018-01-22", "url": "https://www.sec.gov/Archives/edgar/data/0000746210/000074621018000005/glowpoint-8xkseriescofferi.htm"}, {"form_type": "8-K", "filings_date": "2017-11-14", "url": "https://www.sec.gov/Archives/edgar/data/0000746210/000074621017000040/a8kpressrelease-q3x2017.htm"}, {"form_type": "10-Q", "filings_date": "2017-11-14", "url": "https://www.sec.gov/Archives/edgar/data/0000746210/000074621017000039/glow-20170930x10q.htm"}, {"form_type": "8-K", "filings_date": "2017-10-25", "url": "https://www.sec.gov/Archives/edgar/data/0000746210/000074621017000034/glowpoint-8xkseriesbofferi.htm"}, {"form_type": "424B5", "filings_date": "2017-10-23", "url": "https://www.sec.gov/Archives/edgar/data/0000746210/000074621017000031/prospectussupplement.htm"}, {"form_type": "8-K", "filings_date": "2017-10-23", "url": "https://www.sec.gov/Archives/edgar/data/0000746210/000074621017000030/glowpoint-8xkseriesbofferi.htm"}, {"form_type": "SC 13D", "filings_date": "2017-08-10", "url": "https://www.sec.gov/Archives/edgar/data/0000746210/000134946717000002/glowpoint-holst13d.htm"}, {"form_type": "SC 13D/A", "filings_date": "2017-08-02", "url": "https://www.sec.gov/Archives/edgar/data/0000746210/000110465917048941/a17-13305_3sc13da.htm"}, {"form_type": "4", "filings_date": "2017-08-02", "url": "https://www.sec.gov/Archives/edgar/data/0000746210/000120919117047144/xslF345X03/doc4.xml"}, {"form_type": "4", "filings_date": "2017-08-02", "url": "https://www.sec.gov/Archives/edgar/data/0000746210/000074621017000022/xslF345X03/wf-form4_150170753497870.xml"}, {"form_type": "8-K", "filings_date": "2017-08-01", "url": "https://www.sec.gov/Archives/edgar/data/0000746210/000074621017000019/a8ksecearningsrelease-q217.htm"}, {"form_type": "10-Q", "filings_date": "2017-07-31", "url": "https://www.sec.gov/Archives/edgar/data/0000746210/000074621017000017/glow-20170630x10q.htm"}, {"form_type": "8-K", "filings_date": "2017-06-01", "url": "https://www.sec.gov/Archives/edgar/data/0000746210/000074621017000014/glowpoint-form8xkplanaccep.htm"}, {"form_type": "8-K", "filings_date": "2017-05-31", "url": "https://www.sec.gov/Archives/edgar/data/0000746210/000074621017000012/form8-k2017annualmeetingre.htm"}, {"form_type": "10-Q", "filings_date": "2017-05-11", "url": "https://www.sec.gov/Archives/edgar/data/0000746210/000074621017000010/glow-20170331x10q.htm"}, {"form_type": "DEF 14A", "filings_date": "2017-04-26", "url": "https://www.sec.gov/Archives/edgar/data/0000746210/000074621017000008/a2017proxyfiling.htm"}, {"form_type": "8-K", "filings_date": "2017-04-07", "url": "https://www.sec.gov/Archives/edgar/data/0000746210/000074621017000006/glowpoint-form8xkdelisting.htm"}, {"form_type": "10-K", "filings_date": "2017-03-31", "url": "https://www.sec.gov/Archives/edgar/data/0000746210/000074621017000004/glow-20161231x10k.htm"}, {"form_type": "SC 13D/A", "filings_date": "2017-03-29", "url": "https://www.sec.gov/Archives/edgar/data/0000746210/000110465917020034/a17-10081_1sc13da.htm"}]}