{"company": {"cik": "0001568100", "name": "PagerDuty, Inc.", "sic": "Services-Prepackaged Software", "state_incorp": "DE", "ticker": "PD", "mailing_addr": "600 TOWNSEND STREET #200, SAN FRANCISCO, CA, 94103", "category": "Large accelerated filer", "fiscal_year_end": "31, January"}, "filings": [{"form_type": "3", "filings_date": "2022-03-17", "url": "https://www.sec.gov/Archives/edgar/data/0001568100/000156218022002788/xslF345X02/primarydocument.xml"}, {"form_type": "S-8", "filings_date": "2022-03-17", "url": "https://www.sec.gov/Archives/edgar/data/0001568100/000156810022000016/pagerdutys-8x3172022.htm"}, {"form_type": "10-K", "filings_date": "2022-03-17", "url": "https://www.sec.gov/Archives/edgar/data/0001568100/000156810022000014/pd-20220131.htm"}, {"form_type": "8-K", "filings_date": "2022-03-16", "url": "https://www.sec.gov/Archives/edgar/data/0001568100/000156810022000010/pd-20220316.htm"}, {"form_type": "8-K", "filings_date": "2022-03-14", "url": "https://www.sec.gov/Archives/edgar/data/0001568100/000156810022000006/pd-20220308.htm"}, {"form_type": "4", "filings_date": "2022-03-11", "url": "https://www.sec.gov/Archives/edgar/data/0001568100/000156218022002549/xslF345X03/primarydocument.xml"}, {"form_type": "4", "filings_date": "2022-02-14", "url": "https://www.sec.gov/Archives/edgar/data/0001568100/000156218022001462/xslF345X03/primarydocument.xml"}, {"form_type": "4", "filings_date": "2022-02-14", "url": "https://www.sec.gov/Archives/edgar/data/0001568100/000156218022001461/xslF345X03/primarydocument.xml"}, {"form_type": "SC 13G/A", "filings_date": "2022-02-14", "url": "https://www.sec.gov/Archives/edgar/data/0001568100/000008025522002189/pd13gadec21.txt"}, {"form_type": "SC 13G/A", "filings_date": "2022-02-14", "url": "https://www.sec.gov/Archives/edgar/data/0001568100/000114036122005037/brhc10033970_sc13ga.htm"}, {"form_type": "4", "filings_date": "2022-02-11", "url": "https://www.sec.gov/Archives/edgar/data/0001568100/000156218022001425/xslF345X03/primarydocument.xml"}, {"form_type": "SC 13G/A", "filings_date": "2022-02-10", "url": "https://www.sec.gov/Archives/edgar/data/0001568100/000110465922018284/tv01615-pagerdutyinc.htm"}, {"form_type": "SC 13G/A", "filings_date": "2022-02-09", "url": "https://www.sec.gov/Archives/edgar/data/0001568100/000110465922016171/tm225659d39_sc13ga.htm"}, {"form_type": "SC 13G/A", "filings_date": "2022-02-07", "url": "https://www.sec.gov/Archives/edgar/data/0001568100/000083423722007824/us69553p1003_020722.txt"}, {"form_type": "SC 13G/A", "filings_date": "2022-02-04", "url": "https://www.sec.gov/Archives/edgar/data/0001568100/000121465922001856/pager21220sc13ga2.htm"}, {"form_type": "4", "filings_date": "2022-01-12", "url": "https://www.sec.gov/Archives/edgar/data/0001568100/000156218022000435/xslF345X03/primarydocument.xml"}, {"form_type": "4", "filings_date": "2022-01-04", "url": "https://www.sec.gov/Archives/edgar/data/0001568100/000156218022000153/xslF345X03/primarydocument.xml"}, {"form_type": "4", "filings_date": "2022-01-04", "url": "https://www.sec.gov/Archives/edgar/data/0001568100/000156218022000151/xslF345X03/primarydocument.xml"}, {"form_type": "4", "filings_date": "2022-01-04", "url": "https://www.sec.gov/Archives/edgar/data/0001568100/000156218022000150/xslF345X03/primarydocument.xml"}, {"form_type": "4", "filings_date": "2022-01-04", "url": "https://www.sec.gov/Archives/edgar/data/0001568100/000156218022000148/xslF345X03/primarydocument.xml"}, {"form_type": "4", "filings_date": "2021-12-23", "url": "https://www.sec.gov/Archives/edgar/data/0001568100/000156218021007873/xslF345X03/primarydocument.xml"}, {"form_type": "4", "filings_date": "2021-12-22", "url": "https://www.sec.gov/Archives/edgar/data/0001568100/000156218021007854/xslF345X03/primarydocument.xml"}, {"form_type": "4", "filings_date": "2021-12-16", "url": "https://www.sec.gov/Archives/edgar/data/0001568100/000156218021007734/xslF345X03/primarydocument.xml"}, {"form_type": "4", "filings_date": "2021-12-16", "url": "https://www.sec.gov/Archives/edgar/data/0001568100/000156218021007733/xslF345X03/primarydocument.xml"}, {"form_type": "4", "filings_date": "2021-12-16", "url": "https://www.sec.gov/Archives/edgar/data/0001568100/000156218021007732/xslF345X03/primarydocument.xml"}, {"form_type": "10-Q", "filings_date": "2021-12-08", "url": "https://www.sec.gov/Archives/edgar/data/0001568100/000156810021000047/pd-20211031.htm"}, {"form_type": "8-K", "filings_date": "2021-12-07", "url": "https://www.sec.gov/Archives/edgar/data/0001568100/000156810021000044/pd-20211207.htm"}, {"form_type": "8-K", "filings_date": "2021-12-02", "url": "https://www.sec.gov/Archives/edgar/data/0001568100/000156810021000041/pd-20211201.htm"}, {"form_type": "4", "filings_date": "2021-12-02", "url": "https://www.sec.gov/Archives/edgar/data/0001568100/000156218021007392/xslF345X03/primarydocument.xml"}, {"form_type": "4", "filings_date": "2021-11-24", "url": "https://www.sec.gov/Archives/edgar/data/0001568100/000156218021007289/xslF345X03/primarydocument.xml"}, {"form_type": "4", "filings_date": "2021-11-18", "url": "https://www.sec.gov/Archives/edgar/data/0001568100/000156218021007159/xslF345X03/primarydocument.xml"}, {"form_type": "4", "filings_date": "2021-11-12", "url": "https://www.sec.gov/Archives/edgar/data/0001568100/000156218021007029/xslF345X03/primarydocument.xml"}, {"form_type": "4", "filings_date": "2021-10-22", "url": "https://www.sec.gov/Archives/edgar/data/0001568100/000156218021006618/xslF345X03/primarydocument.xml"}, {"form_type": "4", "filings_date": "2021-10-13", "url": "https://www.sec.gov/Archives/edgar/data/0001568100/000156218021006448/xslF345X03/primarydocument.xml"}, {"form_type": "SC 13G/A", "filings_date": "2021-10-12", "url": "https://www.sec.gov/Archives/edgar/data/0001568100/000110465921125152/tm2129719d6_sc13ga.htm"}, {"form_type": "SC 13G", "filings_date": "2021-10-08", "url": "https://www.sec.gov/Archives/edgar/data/0001568100/000083423721009061/us69553p1003_100821.txt"}, {"form_type": "4", "filings_date": "2021-10-05", "url": "https://www.sec.gov/Archives/edgar/data/0001568100/000156218021006351/xslF345X03/primarydocument.xml"}, {"form_type": "4", "filings_date": "2021-10-05", "url": "https://www.sec.gov/Archives/edgar/data/0001568100/000156218021006350/xslF345X03/primarydocument.xml"}, {"form_type": "4", "filings_date": "2021-10-05", "url": "https://www.sec.gov/Archives/edgar/data/0001568100/000156218021006349/xslF345X03/primarydocument.xml"}, {"form_type": "4", "filings_date": "2021-10-05", "url": "https://www.sec.gov/Archives/edgar/data/0001568100/000156218021006348/xslF345X03/primarydocument.xml"}, {"form_type": "4", "filings_date": "2021-10-05", "url": "https://www.sec.gov/Archives/edgar/data/0001568100/000156218021006347/xslF345X03/primarydocument.xml"}, {"form_type": "4", "filings_date": "2021-09-30", "url": "https://www.sec.gov/Archives/edgar/data/0001568100/000156218021006158/xslF345X03/primarydocument.xml"}, {"form_type": "4", "filings_date": "2021-09-23", "url": "https://www.sec.gov/Archives/edgar/data/0001568100/000156218021006080/xslF345X03/primarydocument.xml"}, {"form_type": "4", "filings_date": "2021-09-22", "url": "https://www.sec.gov/Archives/edgar/data/0001568100/000156218021006066/xslF345X03/primarydocument.xml"}, {"form_type": "4", "filings_date": "2021-09-16", "url": "https://www.sec.gov/Archives/edgar/data/0001568100/000156218021005970/xslF345X03/primarydocument.xml"}, {"form_type": "4", "filings_date": "2021-09-14", "url": "https://www.sec.gov/Archives/edgar/data/0001568100/000156218021005944/xslF345X03/primarydocument.xml"}, {"form_type": "4", "filings_date": "2021-09-14", "url": "https://www.sec.gov/Archives/edgar/data/0001568100/000156218021005943/xslF345X03/primarydocument.xml"}, {"form_type": "10-Q", "filings_date": "2021-09-03", "url": "https://www.sec.gov/Archives/edgar/data/0001568100/000156810021000037/pd-20210731.htm"}, {"form_type": "8-K", "filings_date": "2021-09-02", "url": "https://www.sec.gov/Archives/edgar/data/0001568100/000156810021000033/pd-20210902.htm"}, {"form_type": "4", "filings_date": "2021-08-13", "url": "https://www.sec.gov/Archives/edgar/data/0001568100/000156218021005314/xslF345X03/primarydocument.xml"}, {"form_type": "4", "filings_date": "2021-08-11", "url": "https://www.sec.gov/Archives/edgar/data/0001568100/000156218021005286/xslF345X03/primarydocument.xml"}, {"form_type": "SC 13G/A", "filings_date": "2021-08-10", "url": "https://www.sec.gov/Archives/edgar/data/0001568100/000008025521001443/pd13gajul21.txt"}, {"form_type": "4", "filings_date": "2021-07-30", "url": "https://www.sec.gov/Archives/edgar/data/0001568100/000156218021005097/xslF345X03/primarydocument.xml"}, {"form_type": "4", "filings_date": "2021-07-13", "url": "https://www.sec.gov/Archives/edgar/data/0001568100/000156218021004911/xslF345X03/primarydocument.xml"}, {"form_type": "4", "filings_date": "2021-07-12", "url": "https://www.sec.gov/Archives/edgar/data/0001568100/000156218021004886/xslF345X03/primarydocument.xml"}, {"form_type": "4", "filings_date": "2021-07-12", "url": "https://www.sec.gov/Archives/edgar/data/0001568100/000156218021004885/xslF345X03/primarydocument.xml"}, {"form_type": "4", "filings_date": "2021-07-12", "url": "https://www.sec.gov/Archives/edgar/data/0001568100/000156218021004884/xslF345X03/primarydocument.xml"}, {"form_type": "4", "filings_date": "2021-07-12", "url": "https://www.sec.gov/Archives/edgar/data/0001568100/000156218021004883/xslF345X03/primarydocument.xml"}, {"form_type": "4", "filings_date": "2021-07-12", "url": "https://www.sec.gov/Archives/edgar/data/0001568100/000156218021004882/xslF345X03/primarydocument.xml"}, {"form_type": "4", "filings_date": "2021-07-07", "url": "https://www.sec.gov/Archives/edgar/data/0001568100/000156218021004828/xslF345X03/primarydocument.xml"}, {"form_type": "4", "filings_date": "2021-07-07", "url": "https://www.sec.gov/Archives/edgar/data/0001568100/000156218021004827/xslF345X03/primarydocument.xml"}, {"form_type": "4", "filings_date": "2021-07-07", "url": "https://www.sec.gov/Archives/edgar/data/0001568100/000156218021004826/xslF345X03/primarydocument.xml"}, {"form_type": "4", "filings_date": "2021-07-07", "url": "https://www.sec.gov/Archives/edgar/data/0001568100/000156218021004825/xslF345X03/primarydocument.xml"}, {"form_type": "4", "filings_date": "2021-07-06", "url": "https://www.sec.gov/Archives/edgar/data/0001568100/000156218021004776/xslF345X03/primarydocument.xml"}, {"form_type": "4", "filings_date": "2021-06-30", "url": "https://www.sec.gov/Archives/edgar/data/0001568100/000156218021004601/xslF345X03/primarydocument.xml"}, {"form_type": "4", "filings_date": "2021-06-30", "url": "https://www.sec.gov/Archives/edgar/data/0001568100/000156218021004600/xslF345X03/primarydocument.xml"}, {"form_type": "4", "filings_date": "2021-06-25", "url": "https://www.sec.gov/Archives/edgar/data/0001568100/000156218021004502/xslF345X03/primarydocument.xml"}, {"form_type": "4", "filings_date": "2021-06-24", "url": "https://www.sec.gov/Archives/edgar/data/0001568100/000156218021004478/xslF345X03/primarydocument.xml"}, {"form_type": "4", "filings_date": "2021-06-24", "url": "https://www.sec.gov/Archives/edgar/data/0001568100/000156218021004477/xslF345X03/primarydocument.xml"}, {"form_type": "4", "filings_date": "2021-06-23", "url": "https://www.sec.gov/Archives/edgar/data/0001568100/000156218021004448/xslF345X03/primarydocument.xml"}, {"form_type": "8-K", "filings_date": "2021-06-22", "url": "https://www.sec.gov/Archives/edgar/data/0001568100/000156810021000031/pd-20210617.htm"}, {"form_type": "4", "filings_date": "2021-06-17", "url": "https://www.sec.gov/Archives/edgar/data/0001568100/000156218021004345/xslF345X03/primarydocument.xml"}, {"form_type": "4", "filings_date": "2021-06-14", "url": "https://www.sec.gov/Archives/edgar/data/0001568100/000156218021004251/xslF345X03/primarydocument.xml"}, {"form_type": "10-Q", "filings_date": "2021-06-04", "url": "https://www.sec.gov/Archives/edgar/data/0001568100/000156810021000029/pd-20210430.htm"}, {"form_type": "8-K", "filings_date": "2021-06-03", "url": "https://www.sec.gov/Archives/edgar/data/0001568100/000156810021000026/pd-20210603.htm"}, {"form_type": "4", "filings_date": "2021-05-28", "url": "https://www.sec.gov/Archives/edgar/data/0001568100/000156218021003823/xslF345X03/primarydocument.xml"}, {"form_type": "8-K", "filings_date": "2021-05-19", "url": "https://www.sec.gov/Archives/edgar/data/0001568100/000156810021000023/pd-20210516.htm"}, {"form_type": "SC 13G/A", "filings_date": "2021-05-10", "url": "https://www.sec.gov/Archives/edgar/data/0001568100/000119312521156431/d24383dsc13ga.htm"}, {"form_type": "SC 13G/A", "filings_date": "2021-05-10", "url": "https://www.sec.gov/Archives/edgar/data/0001568100/000121465921005086/d57210sc13ga1.htm"}, {"form_type": "SC 13G/A", "filings_date": "2021-05-07", "url": "https://www.sec.gov/Archives/edgar/data/0001568100/000114036121016356/brhc10024253_sc13ga.htm"}, {"form_type": "DEFA14A", "filings_date": "2021-05-03", "url": "https://www.sec.gov/Archives/edgar/data/0001568100/000156810021000020/proxy2021-proxycard.htm"}, {"form_type": "DEF 14A", "filings_date": "2021-05-03", "url": "https://www.sec.gov/Archives/edgar/data/0001568100/000156810021000019/proxy2021.htm"}, {"form_type": "4", "filings_date": "2021-04-30", "url": "https://www.sec.gov/Archives/edgar/data/0001568100/000156218021003067/xslF345X03/primarydocument.xml"}, {"form_type": "4", "filings_date": "2021-04-28", "url": "https://www.sec.gov/Archives/edgar/data/0001568100/000156218021003004/xslF345X03/primarydocument.xml"}, {"form_type": "4", "filings_date": "2021-04-22", "url": "https://www.sec.gov/Archives/edgar/data/0001568100/000156218021002913/xslF345X03/primarydocument.xml"}, {"form_type": "4", "filings_date": "2021-04-13", "url": "https://www.sec.gov/Archives/edgar/data/0001568100/000156218021002806/xslF345X03/primarydocument.xml"}, {"form_type": "4", "filings_date": "2021-04-13", "url": "https://www.sec.gov/Archives/edgar/data/0001568100/000156218021002805/xslF345X03/primarydocument.xml"}, {"form_type": "8-K", "filings_date": "2021-04-07", "url": "https://www.sec.gov/Archives/edgar/data/0001568100/000156810021000015/pd-20210402.htm"}, {"form_type": "4", "filings_date": "2021-04-06", "url": "https://www.sec.gov/Archives/edgar/data/0001568100/000156218021002716/xslF345X03/primarydocument.xml"}, {"form_type": "4", "filings_date": "2021-04-06", "url": "https://www.sec.gov/Archives/edgar/data/0001568100/000156218021002715/xslF345X03/primarydocument.xml"}, {"form_type": "4", "filings_date": "2021-04-06", "url": "https://www.sec.gov/Archives/edgar/data/0001568100/000156218021002714/xslF345X03/primarydocument.xml"}, {"form_type": "4", "filings_date": "2021-04-06", "url": "https://www.sec.gov/Archives/edgar/data/0001568100/000156218021002713/xslF345X03/primarydocument.xml"}, {"form_type": "4", "filings_date": "2021-04-06", "url": "https://www.sec.gov/Archives/edgar/data/0001568100/000156218021002712/xslF345X03/primarydocument.xml"}, {"form_type": "4", "filings_date": "2021-04-06", "url": "https://www.sec.gov/Archives/edgar/data/0001568100/000156218021002711/xslF345X03/primarydocument.xml"}, {"form_type": "4", "filings_date": "2021-04-01", "url": "https://www.sec.gov/Archives/edgar/data/0001568100/000156218021002537/xslF345X03/primarydocument.xml"}, {"form_type": "4", "filings_date": "2021-04-01", "url": "https://www.sec.gov/Archives/edgar/data/0001568100/000156218021002536/xslF345X03/primarydocument.xml"}, {"form_type": "4", "filings_date": "2021-03-29", "url": "https://www.sec.gov/Archives/edgar/data/0001568100/000156218021002468/xslF345X03/primarydocument.xml"}, {"form_type": "4", "filings_date": "2021-03-25", "url": "https://www.sec.gov/Archives/edgar/data/0001568100/000156218021002437/xslF345X03/primarydocument.xml"}, {"form_type": "S-8", "filings_date": "2021-03-19", "url": "https://www.sec.gov/Archives/edgar/data/0001568100/000156810021000012/pagerdutys-8x3192021.htm"}, {"form_type": "10-K", "filings_date": "2021-03-19", "url": "https://www.sec.gov/Archives/edgar/data/0001568100/000156810021000011/pd-20210131.htm"}, {"form_type": "8-K", "filings_date": "2021-03-17", "url": "https://www.sec.gov/Archives/edgar/data/0001568100/000156810021000005/pd-20210317.htm"}, {"form_type": "4", "filings_date": "2021-03-10", "url": "https://www.sec.gov/Archives/edgar/data/0001568100/000156218021002162/xslF345X03/primarydocument.xml"}, {"form_type": "4", "filings_date": "2021-02-23", "url": "https://www.sec.gov/Archives/edgar/data/0001568100/000156218021001499/xslF345X03/primarydocument.xml"}, {"form_type": "SC 13G/A", "filings_date": "2021-02-16", "url": "https://www.sec.gov/Archives/edgar/data/0001568100/000162828021002268/alexsolomon-schedule13ga12.htm"}, {"form_type": "SC 13G/A", "filings_date": "2021-02-16", "url": "https://www.sec.gov/Archives/edgar/data/0001568100/000162828021002265/jennifertejada-schedule13g.htm"}, {"form_type": "SC 13G/A", "filings_date": "2021-02-16", "url": "https://www.sec.gov/Archives/edgar/data/0001568100/000110465921024167/tm216840d11_sc13ga.htm"}, {"form_type": "SC 13G/A", "filings_date": "2021-02-16", "url": "https://www.sec.gov/Archives/edgar/data/0001568100/000119312521044815/d118960dsc13ga.htm"}, {"form_type": "SC 13G/A", "filings_date": "2021-02-16", "url": "https://www.sec.gov/Archives/edgar/data/0001568100/000110465921023657/tm216645d5_sc13ga.htm"}, {"form_type": "SC 13G/A", "filings_date": "2021-02-16", "url": "https://www.sec.gov/Archives/edgar/data/0001568100/000008025521001304/pd13gadec20.txt"}, {"form_type": "SC 13G/A", "filings_date": "2021-02-16", "url": "https://www.sec.gov/Archives/edgar/data/0001568100/000110465921023115/tm216617d3_sc13ga.htm"}, {"form_type": "SC 13G/A", "filings_date": "2021-02-12", "url": "https://www.sec.gov/Archives/edgar/data/0001568100/000119312521041474/d131716dsc13ga.htm"}, {"form_type": "4", "filings_date": "2021-02-11", "url": "https://www.sec.gov/Archives/edgar/data/0001568100/000156218021001083/xslF345X03/primarydocument.xml"}, {"form_type": "SC 13G", "filings_date": "2021-02-11", "url": "https://www.sec.gov/Archives/edgar/data/0001568100/000114036121004403/brhc10020199_sc13g.htm"}, {"form_type": "SC 13G", "filings_date": "2021-02-10", "url": "https://www.sec.gov/Archives/edgar/data/0001568100/000110465921018816/tv01566-pagerdutyinc.htm"}, {"form_type": "4", "filings_date": "2021-02-09", "url": "https://www.sec.gov/Archives/edgar/data/0001568100/000156218021001015/xslF345X03/primarydocument.xml"}, {"form_type": "SC 13G", "filings_date": "2021-02-05", "url": "https://www.sec.gov/Archives/edgar/data/0001568100/000121465921001385/pd212116sc13g.htm"}, {"form_type": "4", "filings_date": "2021-01-25", "url": "https://www.sec.gov/Archives/edgar/data/0001568100/000156218021000503/xslF345X03/primarydocument.xml"}, {"form_type": "4", "filings_date": "2021-01-21", "url": "https://www.sec.gov/Archives/edgar/data/0001568100/000156218021000443/xslF345X03/primarydocument.xml"}, {"form_type": "SC 13G/A", "filings_date": "2021-01-19", "url": "https://www.sec.gov/Archives/edgar/data/0001568100/000110465921004918/tm213498d1_sc13ga.htm"}, {"form_type": "4", "filings_date": "2021-01-13", "url": "https://www.sec.gov/Archives/edgar/data/0001568100/000156218021000338/xslF345X03/primarydocument.xml"}, {"form_type": "4", "filings_date": "2021-01-13", "url": "https://www.sec.gov/Archives/edgar/data/0001568100/000156218021000337/xslF345X03/primarydocument.xml"}, {"form_type": "3", "filings_date": "2021-01-13", "url": "https://www.sec.gov/Archives/edgar/data/0001568100/000156218021000336/xslF345X02/primarydocument.xml"}, {"form_type": "8-K", "filings_date": "2021-01-13", "url": "https://www.sec.gov/Archives/edgar/data/0001568100/000156810021000002/pagerdutyxnewdirectorbonit.htm"}, {"form_type": "4", "filings_date": "2021-01-05", "url": "https://www.sec.gov/Archives/edgar/data/0001568100/000156218021000138/xslF345X03/primarydocument.xml"}, {"form_type": "4", "filings_date": "2021-01-05", "url": "https://www.sec.gov/Archives/edgar/data/0001568100/000156218021000137/xslF345X03/primarydocument.xml"}, {"form_type": "4", "filings_date": "2021-01-05", "url": "https://www.sec.gov/Archives/edgar/data/0001568100/000156218021000136/xslF345X03/primarydocument.xml"}, {"form_type": "4", "filings_date": "2021-01-05", "url": "https://www.sec.gov/Archives/edgar/data/0001568100/000156218021000135/xslF345X03/primarydocument.xml"}, {"form_type": "4", "filings_date": "2021-01-05", "url": "https://www.sec.gov/Archives/edgar/data/0001568100/000156218021000134/xslF345X03/primarydocument.xml"}, {"form_type": "4", "filings_date": "2020-12-30", "url": "https://www.sec.gov/Archives/edgar/data/0001568100/000156218020007508/xslF345X03/primarydocument.xml"}, {"form_type": "4", "filings_date": "2020-12-23", "url": "https://www.sec.gov/Archives/edgar/data/0001568100/000156218020007445/xslF345X03/primarydocument.xml"}, {"form_type": "4", "filings_date": "2020-12-22", "url": "https://www.sec.gov/Archives/edgar/data/0001568100/000156218020007436/xslF345X03/primarydocument.xml"}, {"form_type": "4", "filings_date": "2020-12-18", "url": "https://www.sec.gov/Archives/edgar/data/0001568100/000156218020007375/xslF345X03/primarydocument.xml"}, {"form_type": "4", "filings_date": "2020-12-18", "url": "https://www.sec.gov/Archives/edgar/data/0001568100/000156218020007374/xslF345X03/primarydocument.xml"}, {"form_type": "4", "filings_date": "2020-12-17", "url": "https://www.sec.gov/Archives/edgar/data/0001568100/000156218020007344/xslF345X03/primarydocument.xml"}, {"form_type": "4", "filings_date": "2020-12-11", "url": "https://www.sec.gov/Archives/edgar/data/0001568100/000156218020007210/xslF345X03/primarydocument.xml"}, {"form_type": "10-Q", "filings_date": "2020-12-04", "url": "https://www.sec.gov/Archives/edgar/data/0001568100/000156810020000058/pd-20201031.htm"}, {"form_type": "8-K", "filings_date": "2020-12-03", "url": "https://www.sec.gov/Archives/edgar/data/0001568100/000156810020000055/pagerdutyq3fy218k.htm"}, {"form_type": "4", "filings_date": "2020-12-01", "url": "https://www.sec.gov/Archives/edgar/data/0001568100/000156218020006989/xslF345X03/primarydocument.xml"}, {"form_type": "4", "filings_date": "2020-12-01", "url": "https://www.sec.gov/Archives/edgar/data/0001568100/000156218020006988/xslF345X03/primarydocument.xml"}, {"form_type": "3", "filings_date": "2020-12-01", "url": "https://www.sec.gov/Archives/edgar/data/0001568100/000156218020006987/xslF345X02/primarydocument.xml"}, {"form_type": "8-K", "filings_date": "2020-12-01", "url": "https://www.sec.gov/Archives/edgar/data/0001568100/000156810020000052/pagerdutyxnewdirectoralecg.htm"}, {"form_type": "4", "filings_date": "2020-11-23", "url": "https://www.sec.gov/Archives/edgar/data/0001568100/000156218020006844/xslF345X03/primarydocument.xml"}, {"form_type": "4", "filings_date": "2020-11-23", "url": "https://www.sec.gov/Archives/edgar/data/0001568100/000156218020006843/xslF345X03/primarydocument.xml"}, {"form_type": "4", "filings_date": "2020-11-18", "url": "https://www.sec.gov/Archives/edgar/data/0001568100/000156218020006775/xslF345X03/primarydocument.xml"}, {"form_type": "4", "filings_date": "2020-11-18", "url": "https://www.sec.gov/Archives/edgar/data/0001568100/000156218020006772/xslF345X03/primarydocument.xml"}, {"form_type": "4", "filings_date": "2020-11-13", "url": "https://www.sec.gov/Archives/edgar/data/0001568100/000156218020006694/xslF345X03/primarydocument.xml"}, {"form_type": "SC 13G", "filings_date": "2020-11-10", "url": "https://www.sec.gov/Archives/edgar/data/0001568100/000008025520001704/pd13goct20.txt"}, {"form_type": "4", "filings_date": "2020-11-09", "url": "https://www.sec.gov/Archives/edgar/data/0001568100/000156218020006598/xslF345X03/primarydocument.xml"}, {"form_type": "4", "filings_date": "2020-10-29", "url": "https://www.sec.gov/Archives/edgar/data/0001568100/000156218020006450/xslF345X03/primarydocument.xml"}, {"form_type": "4", "filings_date": "2020-10-27", "url": "https://www.sec.gov/Archives/edgar/data/0001568100/000156218020006437/xslF345X03/primarydocument.xml"}, {"form_type": "4", "filings_date": "2020-10-21", "url": "https://www.sec.gov/Archives/edgar/data/0001568100/000156218020006403/xslF345X03/primarydocument.xml"}, {"form_type": "4", "filings_date": "2020-10-19", "url": "https://www.sec.gov/Archives/edgar/data/0001568100/000156218020006386/xslF345X03/primarydocument.xml"}, {"form_type": "4", "filings_date": "2020-10-19", "url": "https://www.sec.gov/Archives/edgar/data/0001568100/000156218020006385/xslF345X03/primarydocument.xml"}, {"form_type": "4", "filings_date": "2020-10-13", "url": "https://www.sec.gov/Archives/edgar/data/0001568100/000156218020006351/xslF345X03/primarydocument.xml"}, {"form_type": "SC 13G", "filings_date": "2020-10-09", "url": "https://www.sec.gov/Archives/edgar/data/0001568100/000110465920113831/tm2032806-14_sc13g.htm"}, {"form_type": "4", "filings_date": "2020-10-06", "url": "https://www.sec.gov/Archives/edgar/data/0001568100/000156218020006310/xslF345X03/primarydocument.xml"}, {"form_type": "4", "filings_date": "2020-10-06", "url": "https://www.sec.gov/Archives/edgar/data/0001568100/000156218020006309/xslF345X03/primarydocument.xml"}, {"form_type": "4", "filings_date": "2020-10-06", "url": "https://www.sec.gov/Archives/edgar/data/0001568100/000156218020006308/xslF345X03/primarydocument.xml"}, {"form_type": "4", "filings_date": "2020-10-06", "url": "https://www.sec.gov/Archives/edgar/data/0001568100/000156218020006307/xslF345X03/primarydocument.xml"}, {"form_type": "S-8", "filings_date": "2020-10-01", "url": "https://www.sec.gov/Archives/edgar/data/0001568100/000156810020000050/pagerdutyrundecks-8.htm"}, {"form_type": "8-K", "filings_date": "2020-10-01", "url": "https://www.sec.gov/Archives/edgar/data/0001568100/000156810020000046/pagerduty8-kxrundeckac.htm"}, {"form_type": "4", "filings_date": "2020-09-25", "url": "https://www.sec.gov/Archives/edgar/data/0001568100/000156218020006104/xslF345X03/primarydocument.xml"}, {"form_type": "4", "filings_date": "2020-09-21", "url": "https://www.sec.gov/Archives/edgar/data/0001568100/000156218020006069/xslF345X03/primarydocument.xml"}, {"form_type": "8-K", "filings_date": "2020-09-21", "url": "https://www.sec.gov/Archives/edgar/data/0001568100/000156810020000043/pagerduty8-kxrundeckac.htm"}, {"form_type": "4", "filings_date": "2020-09-17", "url": "https://www.sec.gov/Archives/edgar/data/0001568100/000156218020006028/xslF345X03/primarydocument.xml"}, {"form_type": "4", "filings_date": "2020-09-17", "url": "https://www.sec.gov/Archives/edgar/data/0001568100/000156218020006027/xslF345X03/primarydocument.xml"}, {"form_type": "4", "filings_date": "2020-09-11", "url": "https://www.sec.gov/Archives/edgar/data/0001568100/000156218020005975/xslF345X03/primarydocument.xml"}, {"form_type": "4/A", "filings_date": "2020-09-11", "url": "https://www.sec.gov/Archives/edgar/data/0001568100/000156218020005973/xslF345X03/primarydocument.xml"}, {"form_type": "4/A", "filings_date": "2020-09-11", "url": "https://www.sec.gov/Archives/edgar/data/0001568100/000156218020005972/xslF345X03/primarydocument.xml"}, {"form_type": "4", "filings_date": "2020-09-08", "url": "https://www.sec.gov/Archives/edgar/data/0001568100/000156218020005929/xslF345X03/primarydocument.xml"}, {"form_type": "4", "filings_date": "2020-09-03", "url": "https://www.sec.gov/Archives/edgar/data/0001568100/000156218020005861/xslF345X03/primarydocument.xml"}, {"form_type": "10-Q", "filings_date": "2020-09-03", "url": "https://www.sec.gov/Archives/edgar/data/0001568100/000156810020000041/pd-20200731.htm"}, {"form_type": "8-K", "filings_date": "2020-09-02", "url": "https://www.sec.gov/Archives/edgar/data/0001568100/000156810020000037/pagerdutyq2fy218k.htm"}, {"form_type": "4", "filings_date": "2020-09-01", "url": "https://www.sec.gov/Archives/edgar/data/0001568100/000156218020005722/xslF345X03/primarydocument.xml"}, {"form_type": "4", "filings_date": "2020-08-19", "url": "https://www.sec.gov/Archives/edgar/data/0001568100/000156218020005534/xslF345X03/primarydocument.xml"}, {"form_type": "4", "filings_date": "2020-08-14", "url": "https://www.sec.gov/Archives/edgar/data/0001568100/000156218020005441/xslF345X03/primarydocument.xml"}, {"form_type": "4", "filings_date": "2020-08-12", "url": "https://www.sec.gov/Archives/edgar/data/0001568100/000156218020005411/xslF345X03/primarydocument.xml"}, {"form_type": "4", "filings_date": "2020-08-06", "url": "https://www.sec.gov/Archives/edgar/data/0001568100/000156218020005354/xslF345X03/primarydocument.xml"}, {"form_type": "4", "filings_date": "2020-07-22", "url": "https://www.sec.gov/Archives/edgar/data/0001568100/000156218020005202/xslF345X03/primarydocument.xml"}, {"form_type": "4", "filings_date": "2020-07-17", "url": "https://www.sec.gov/Archives/edgar/data/0001568100/000156218020005161/xslF345X03/primarydocument.xml"}, {"form_type": "4", "filings_date": "2020-07-15", "url": "https://www.sec.gov/Archives/edgar/data/0001568100/000156218020005115/xslF345X03/primarydocument.xml"}, {"form_type": "4", "filings_date": "2020-07-10", "url": "https://www.sec.gov/Archives/edgar/data/0001568100/000156218020005099/xslF345X03/primarydocument.xml"}, {"form_type": "4", "filings_date": "2020-07-10", "url": "https://www.sec.gov/Archives/edgar/data/0001568100/000156218020005098/xslF345X03/primarydocument.xml"}, {"form_type": "4", "filings_date": "2020-07-07", "url": "https://www.sec.gov/Archives/edgar/data/0001568100/000156218020005072/xslF345X03/primarydocument.xml"}, {"form_type": "4", "filings_date": "2020-07-07", "url": "https://www.sec.gov/Archives/edgar/data/0001568100/000156218020005071/xslF345X03/primarydocument.xml"}, {"form_type": "4", "filings_date": "2020-07-07", "url": "https://www.sec.gov/Archives/edgar/data/0001568100/000156218020005070/xslF345X03/primarydocument.xml"}, {"form_type": "4", "filings_date": "2020-07-07", "url": "https://www.sec.gov/Archives/edgar/data/0001568100/000156218020005069/xslF345X03/primarydocument.xml"}, {"form_type": "8-K", "filings_date": "2020-06-25", "url": "https://www.sec.gov/Archives/edgar/data/0001568100/000156810020000034/convertiblenotesofferi.htm"}, {"form_type": "4", "filings_date": "2020-06-23", "url": "https://www.sec.gov/Archives/edgar/data/0001568100/000156218020004647/xslF345X03/primarydocument.xml"}, {"form_type": "4", "filings_date": "2020-06-23", "url": "https://www.sec.gov/Archives/edgar/data/0001568100/000156218020004646/xslF345X03/primarydocument.xml"}, {"form_type": "4", "filings_date": "2020-06-22", "url": "https://www.sec.gov/Archives/edgar/data/0001568100/000156218020004623/xslF345X03/primarydocument.xml"}, {"form_type": "8-K", "filings_date": "2020-06-22", "url": "https://www.sec.gov/Archives/edgar/data/0001568100/000156810020000030/pagerduty8-kre2020annualst.htm"}, {"form_type": "4", "filings_date": "2020-06-18", "url": "https://www.sec.gov/Archives/edgar/data/0001568100/000156218020004595/xslF345X03/primarydocument.xml"}, {"form_type": "4", "filings_date": "2020-06-18", "url": "https://www.sec.gov/Archives/edgar/data/0001568100/000156218020004594/xslF345X03/primarydocument.xml"}, {"form_type": "4", "filings_date": "2020-06-18", "url": "https://www.sec.gov/Archives/edgar/data/0001568100/000156218020004593/xslF345X03/primarydocument.xml"}, {"form_type": "4", "filings_date": "2020-06-16", "url": "https://www.sec.gov/Archives/edgar/data/0001568100/000156218020004509/xslF345X03/primarydocument.xml"}, {"form_type": "4", "filings_date": "2020-06-12", "url": "https://www.sec.gov/Archives/edgar/data/0001568100/000156218020004443/xslF345X03/primarydocument.xml"}, {"form_type": "SC 13G/A", "filings_date": "2020-06-10", "url": "https://www.sec.gov/Archives/edgar/data/0001568100/000008025520001494/pd13gamay20.txt"}, {"form_type": "10-Q", "filings_date": "2020-06-05", "url": "https://www.sec.gov/Archives/edgar/data/0001568100/000156810020000028/pagerdutyq1fy2021-10q.htm"}, {"form_type": "8-K", "filings_date": "2020-06-04", "url": "https://www.sec.gov/Archives/edgar/data/0001568100/000156810020000025/pagerdutyq1fy218k.htm"}, {"form_type": "4", "filings_date": "2020-05-26", "url": "https://www.sec.gov/Archives/edgar/data/0001568100/000156218020003927/xslF345X03/primarydocument.xml"}, {"form_type": "4", "filings_date": "2020-05-20", "url": "https://www.sec.gov/Archives/edgar/data/0001568100/000156218020003821/xslF345X03/primarydocument.xml"}, {"form_type": "4", "filings_date": "2020-05-18", "url": "https://www.sec.gov/Archives/edgar/data/0001568100/000156218020003683/xslF345X03/primarydocument.xml"}, {"form_type": "4", "filings_date": "2020-05-13", "url": "https://www.sec.gov/Archives/edgar/data/0001568100/000156218020003581/xslF345X03/primarydocument.xml"}, {"form_type": "4", "filings_date": "2020-05-11", "url": "https://www.sec.gov/Archives/edgar/data/0001568100/000156218020003519/xslF345X03/primarydocument.xml"}, {"form_type": "DEFA14A", "filings_date": "2020-05-04", "url": "https://www.sec.gov/Archives/edgar/data/0001568100/000156810020000022/proxy2020-proxycard.htm"}, {"form_type": "DEF 14A", "filings_date": "2020-05-04", "url": "https://www.sec.gov/Archives/edgar/data/0001568100/000156810020000020/proxy2020.htm"}, {"form_type": "4", "filings_date": "2020-04-21", "url": "https://www.sec.gov/Archives/edgar/data/0001568100/000156218020003073/xslF345X03/primarydocument.xml"}, {"form_type": "4", "filings_date": "2020-04-13", "url": "https://www.sec.gov/Archives/edgar/data/0001568100/000089924320010673/xslF345X03/doc4.xml"}, {"form_type": "4", "filings_date": "2020-04-03", "url": "https://www.sec.gov/Archives/edgar/data/0001568100/000156218020002924/xslF345X03/primarydocument.xml"}, {"form_type": "4", "filings_date": "2020-04-03", "url": "https://www.sec.gov/Archives/edgar/data/0001568100/000156218020002923/xslF345X03/primarydocument.xml"}, {"form_type": "4", "filings_date": "2020-04-03", "url": "https://www.sec.gov/Archives/edgar/data/0001568100/000156218020002922/xslF345X03/primarydocument.xml"}, {"form_type": "4", "filings_date": "2020-04-03", "url": "https://www.sec.gov/Archives/edgar/data/0001568100/000156218020002921/xslF345X03/primarydocument.xml"}, {"form_type": "4", "filings_date": "2020-04-03", "url": "https://www.sec.gov/Archives/edgar/data/0001568100/000156218020002920/xslF345X03/primarydocument.xml"}, {"form_type": "4", "filings_date": "2020-03-30", "url": "https://www.sec.gov/Archives/edgar/data/0001568100/000089924320009628/xslF345X03/doc4.xml"}, {"form_type": "4", "filings_date": "2020-03-26", "url": "https://www.sec.gov/Archives/edgar/data/0001568100/000156218020002721/xslF345X03/primarydocument.xml"}, {"form_type": "4", "filings_date": "2020-03-24", "url": "https://www.sec.gov/Archives/edgar/data/0001568100/000089924320009363/xslF345X03/doc4.xml"}, {"form_type": "4", "filings_date": "2020-03-24", "url": "https://www.sec.gov/Archives/edgar/data/0001568100/000156218020002677/xslF345X03/primarydocument.xml"}, {"form_type": "S-8", "filings_date": "2020-03-19", "url": "https://www.sec.gov/Archives/edgar/data/0001568100/000156810020000015/pagerdutys-8x3192020.htm"}, {"form_type": "10-K", "filings_date": "2020-03-19", "url": "https://www.sec.gov/Archives/edgar/data/0001568100/000156810020000013/pagerdutyq42020-10k.htm"}, {"form_type": "4", "filings_date": "2020-03-19", "url": "https://www.sec.gov/Archives/edgar/data/0001568100/000120919120020217/xslF345X03/doc4.xml"}, {"form_type": "8-K", "filings_date": "2020-03-18", "url": "https://www.sec.gov/Archives/edgar/data/0001568100/000156810020000007/pagerdutyq4fy208k.htm"}, {"form_type": "SC 13G/A", "filings_date": "2020-03-10", "url": "https://www.sec.gov/Archives/edgar/data/0001568100/000008025520001404/pd13gafeb20.txt"}, {"form_type": "SC 13G", "filings_date": "2020-02-14", "url": "https://www.sec.gov/Archives/edgar/data/0001568100/000110465920021878/tm208108d4_sc13g.htm"}, {"form_type": "SC 13G", "filings_date": "2020-02-14", "url": "https://www.sec.gov/Archives/edgar/data/0001568100/000119312520038084/d884297dsc13g.htm"}, {"form_type": "SC 13G", "filings_date": "2020-02-14", "url": "https://www.sec.gov/Archives/edgar/data/0001568100/000008025520001362/pd13gdec19.txt"}, {"form_type": "SC 13G", "filings_date": "2020-02-13", "url": "https://www.sec.gov/Archives/edgar/data/0001568100/000156810020000002/jennifertejada-schedule13g.htm"}, {"form_type": "SC 13G", "filings_date": "2020-02-13", "url": "https://www.sec.gov/Archives/edgar/data/0001568100/000156810020000001/alexsolomon-schedule13g123.htm"}, {"form_type": "SC 13G", "filings_date": "2020-02-12", "url": "https://www.sec.gov/Archives/edgar/data/0001568100/000110465920019277/tm207706d1_sc13g.htm"}, {"form_type": "SC 13G/A", "filings_date": "2020-02-11", "url": "https://www.sec.gov/Archives/edgar/data/0001568100/000119312520031449/d885063dsc13ga.htm"}, {"form_type": "SC 13G", "filings_date": "2020-01-31", "url": "https://www.sec.gov/Archives/edgar/data/0001568100/000110465920009199/tv537243_sc13g.htm"}, {"form_type": "4", "filings_date": "2020-01-17", "url": "https://www.sec.gov/Archives/edgar/data/0001568100/000156218020000431/xslF345X03/primarydocument.xml"}, {"form_type": "4", "filings_date": "2020-01-14", "url": "https://www.sec.gov/Archives/edgar/data/0001568100/000156218020000370/xslF345X03/primarydocument.xml"}, {"form_type": "4", "filings_date": "2020-01-09", "url": "https://www.sec.gov/Archives/edgar/data/0001568100/000156218020000303/xslF345X03/primarydocument.xml"}, {"form_type": "4", "filings_date": "2020-01-09", "url": "https://www.sec.gov/Archives/edgar/data/0001568100/000156218020000302/xslF345X03/primarydocument.xml"}, {"form_type": "3", "filings_date": "2019-12-20", "url": "https://www.sec.gov/Archives/edgar/data/0001568100/000156218019006223/xslF345X02/primarydocument.xml"}, {"form_type": "4", "filings_date": "2019-12-18", "url": "https://www.sec.gov/Archives/edgar/data/0001568100/000156218019006177/xslF345X03/primarydocument.xml"}, {"form_type": "4", "filings_date": "2019-12-13", "url": "https://www.sec.gov/Archives/edgar/data/0001568100/000156218019006084/xslF345X03/primarydocument.xml"}, {"form_type": "3", "filings_date": "2019-12-13", "url": "https://www.sec.gov/Archives/edgar/data/0001568100/000156218019006083/xslF345X02/primarydocument.xml"}, {"form_type": "8-K", "filings_date": "2019-12-13", "url": "https://www.sec.gov/Archives/edgar/data/0001568100/000156810019000023/pagerduty8-krenewdirectord.htm"}, {"form_type": "4", "filings_date": "2019-12-12", "url": "https://www.sec.gov/Archives/edgar/data/0001568100/000120919119060282/xslF345X03/doc4.xml"}, {"form_type": "4", "filings_date": "2019-12-12", "url": "https://www.sec.gov/Archives/edgar/data/0001568100/000120919119060276/xslF345X03/doc4.xml"}, {"form_type": "10-Q", "filings_date": "2019-12-06", "url": "https://www.sec.gov/Archives/edgar/data/0001568100/000156810019000020/pagerdutyq32019-10q.htm"}, {"form_type": "8-K", "filings_date": "2019-12-05", "url": "https://www.sec.gov/Archives/edgar/data/0001568100/000156810019000018/pagerdutyq3fy208k.htm"}, {"form_type": "4", "filings_date": "2019-11-21", "url": "https://www.sec.gov/Archives/edgar/data/0001568100/000156218019005634/xslF345X03/primarydocument.xml"}, {"form_type": "4", "filings_date": "2019-11-21", "url": "https://www.sec.gov/Archives/edgar/data/0001568100/000156218019005633/xslF345X03/primarydocument.xml"}, {"form_type": "4", "filings_date": "2019-10-24", "url": "https://www.sec.gov/Archives/edgar/data/0001568100/000156218019005227/xslF345X03/primarydocument.xml"}, {"form_type": "SC 13G", "filings_date": "2019-10-22", "url": "https://www.sec.gov/Archives/edgar/data/0001568100/000119312519271688/d821286dsc13g.htm"}, {"form_type": "4", "filings_date": "2019-10-16", "url": "https://www.sec.gov/Archives/edgar/data/0001568100/000156218019005171/xslF345X03/primarydocument.xml"}, {"form_type": "4", "filings_date": "2019-10-10", "url": "https://www.sec.gov/Archives/edgar/data/0001568100/000089924319025455/xslF345X03/doc4.xml"}, {"form_type": "4", "filings_date": "2019-10-09", "url": "https://www.sec.gov/Archives/edgar/data/0001568100/000120919119052895/xslF345X03/doc4.xml"}, {"form_type": "4", "filings_date": "2019-10-09", "url": "https://www.sec.gov/Archives/edgar/data/0001568100/000120919119052894/xslF345X03/doc4.xml"}, {"form_type": "4", "filings_date": "2019-10-09", "url": "https://www.sec.gov/Archives/edgar/data/0001568100/000120919119052855/xslF345X03/doc4.xml"}, {"form_type": "4/A", "filings_date": "2019-10-09", "url": "https://www.sec.gov/Archives/edgar/data/0001568100/000120919119052852/xslF345X03/doc4a.xml"}, {"form_type": "3", "filings_date": "2019-09-20", "url": "https://www.sec.gov/Archives/edgar/data/0001568100/000156218019004900/xslF345X02/primarydocument.xml"}, {"form_type": "8-K", "filings_date": "2019-09-20", "url": "https://www.sec.gov/Archives/edgar/data/0001568100/000156810019000016/pagerduty8-krepao.htm"}, {"form_type": "10-Q", "filings_date": "2019-09-06", "url": "https://www.sec.gov/Archives/edgar/data/0001568100/000156810019000014/pagerdutyq22019-10q.htm"}, {"form_type": "8-K", "filings_date": "2019-09-05", "url": "https://www.sec.gov/Archives/edgar/data/0001568100/000156810019000012/pagerdutyq2fy208k.htm"}, {"form_type": "10-Q", "filings_date": "2019-06-07", "url": "https://www.sec.gov/Archives/edgar/data/0001568100/000156810019000008/pagerdutyq-12019x10q.htm"}, {"form_type": "8-K", "filings_date": "2019-06-06", "url": "https://www.sec.gov/Archives/edgar/data/0001568100/000156810019000006/pagerdutyq1fy208k.htm"}, {"form_type": "4", "filings_date": "2019-04-15", "url": "https://www.sec.gov/Archives/edgar/data/0001568100/000162828019004320/xslF345X03/wf-form4_155537922340842.xml"}, {"form_type": "4", "filings_date": "2019-04-15", "url": "https://www.sec.gov/Archives/edgar/data/0001568100/000162828019004319/xslF345X03/wf-form4_155537917984177.xml"}, {"form_type": "4", "filings_date": "2019-04-15", "url": "https://www.sec.gov/Archives/edgar/data/0001568100/000162828019004316/xslF345X03/wf-form4_155537534368814.xml"}, {"form_type": "4", "filings_date": "2019-04-15", "url": "https://www.sec.gov/Archives/edgar/data/0001568100/000162828019004315/xslF345X03/wf-form4_155537529342633.xml"}, {"form_type": "4", "filings_date": "2019-04-15", "url": "https://www.sec.gov/Archives/edgar/data/0001568100/000162828019004314/xslF345X03/wf-form4_155537525469554.xml"}, {"form_type": "4", "filings_date": "2019-04-15", "url": "https://www.sec.gov/Archives/edgar/data/0001568100/000162828019004313/xslF345X03/wf-form4_155537521240695.xml"}, {"form_type": "4", "filings_date": "2019-04-15", "url": "https://www.sec.gov/Archives/edgar/data/0001568100/000089924319010656/xslF345X03/doc4.xml"}, {"form_type": "4", "filings_date": "2019-04-15", "url": "https://www.sec.gov/Archives/edgar/data/0001568100/000089924319010654/xslF345X03/doc4.xml"}, {"form_type": "S-8", "filings_date": "2019-04-15", "url": "https://www.sec.gov/Archives/edgar/data/0001568100/000162828019004306/pagerdutys-8.htm"}, {"form_type": "8-K", "filings_date": "2019-04-15", "url": "https://www.sec.gov/Archives/edgar/data/0001568100/000162828019004305/pagerduty8-k.htm"}, {"form_type": "424B4", "filings_date": "2019-04-11", "url": "https://www.sec.gov/Archives/edgar/data/0001568100/000162828019004208/pagerduty424b4.htm"}, {"form_type": "EFFECT", "filings_date": "2019-04-10", "url": "https://www.sec.gov/Archives/edgar/data/0001568100/999999999519000660/xslEFFECTX01/primary_doc.xml"}, {"form_type": "3", "filings_date": "2019-04-10", "url": "https://www.sec.gov/Archives/edgar/data/0001568100/000162828019004176/xslF345X02/wf-form3_155494750042621.xml"}, {"form_type": "3", "filings_date": "2019-04-10", "url": "https://www.sec.gov/Archives/edgar/data/0001568100/000162828019004172/xslF345X02/wf-form3_155494553867846.xml"}, {"form_type": "3", "filings_date": "2019-04-10", "url": "https://www.sec.gov/Archives/edgar/data/0001568100/000162828019004171/xslF345X02/wf-form3_155494550078277.xml"}, {"form_type": "3", "filings_date": "2019-04-10", "url": "https://www.sec.gov/Archives/edgar/data/0001568100/000162828019004170/xslF345X02/wf-form3_155494545904526.xml"}, {"form_type": "3", "filings_date": "2019-04-10", "url": "https://www.sec.gov/Archives/edgar/data/0001568100/000162828019004169/xslF345X02/wf-form3_155494542188700.xml"}, {"form_type": "3", "filings_date": "2019-04-10", "url": "https://www.sec.gov/Archives/edgar/data/0001568100/000162828019004168/xslF345X02/wf-form3_155494538542267.xml"}, {"form_type": "3", "filings_date": "2019-04-10", "url": "https://www.sec.gov/Archives/edgar/data/0001568100/000162828019004167/xslF345X02/wf-form3_155494534625069.xml"}, {"form_type": "3", "filings_date": "2019-04-10", "url": "https://www.sec.gov/Archives/edgar/data/0001568100/000162828019004166/xslF345X02/wf-form3_155494530811631.xml"}, {"form_type": "3", "filings_date": "2019-04-10", "url": "https://www.sec.gov/Archives/edgar/data/0001568100/000162828019004165/xslF345X02/wf-form3_155494527042550.xml"}, {"form_type": "3", "filings_date": "2019-04-10", "url": "https://www.sec.gov/Archives/edgar/data/0001568100/000162828019004164/xslF345X02/wf-form3_155494523284076.xml"}, {"form_type": "3", "filings_date": "2019-04-10", "url": "https://www.sec.gov/Archives/edgar/data/0001568100/000162828019004163/xslF345X02/wf-form3_155494518986856.xml"}, {"form_type": "3", "filings_date": "2019-04-10", "url": "https://www.sec.gov/Archives/edgar/data/0001568100/000162828019004162/xslF345X02/wf-form3_155494515245425.xml"}, {"form_type": "3", "filings_date": "2019-04-10", "url": "https://www.sec.gov/Archives/edgar/data/0001568100/000162828019004161/xslF345X02/wf-form3_155494511546496.xml"}, {"form_type": "3", "filings_date": "2019-04-10", "url": "https://www.sec.gov/Archives/edgar/data/0001568100/000089924319010496/xslF345X02/doc3.xml"}, {"form_type": "3", "filings_date": "2019-04-10", "url": "https://www.sec.gov/Archives/edgar/data/0001568100/000089924319010494/xslF345X02/doc3.xml"}, {"form_type": "S-1/A", "filings_date": "2019-04-09", "url": "https://www.sec.gov/Archives/edgar/data/0001568100/000162828019004054/pagerdutys-1a3.htm"}, {"form_type": "CORRESP", "filings_date": "2019-04-08", "url": "https://www.sec.gov/Archives/edgar/data/0001568100/000162828019004021/filename1.htm"}, {"form_type": "CORRESP", "filings_date": "2019-04-08", "url": "https://www.sec.gov/Archives/edgar/data/0001568100/000162828019004016/filename1.htm"}, {"form_type": "CERT", "filings_date": "2019-04-05", "url": "https://www.sec.gov/Archives/edgar/data/0001568100/000087666119000314/PD8A040519.pdf"}, {"form_type": "CORRESP", "filings_date": "2019-04-03", "url": "https://www.sec.gov/Archives/edgar/data/0001568100/000162828019003797/filename1.htm"}, {"form_type": "8-A12B", "filings_date": "2019-04-02", "url": "https://www.sec.gov/Archives/edgar/data/0001568100/000162828019003764/pagerduty8-a12b.htm"}, {"form_type": "S-1/A", "filings_date": "2019-04-01", "url": "https://www.sec.gov/Archives/edgar/data/0001568100/000162828019003687/pagerdutys-1a2.htm"}, {"form_type": "S-1/A", "filings_date": "2019-03-21", "url": "https://www.sec.gov/Archives/edgar/data/0001568100/000162828019003201/pagerdutys-1a1.htm"}, {"form_type": "S-1", "filings_date": "2019-03-15", "url": "https://www.sec.gov/Archives/edgar/data/0001568100/000162828019003003/pagerdutys-1.htm"}, {"form_type": "DRS/A", "filings_date": "2019-03-12", "url": "https://www.sec.gov/Archives/edgar/data/0001568100/000162827919000063/filename1.htm"}, {"form_type": "DRSLTR", "filings_date": "2019-03-11", "url": "https://www.sec.gov/Archives/edgar/data/0001568100/000162827919000064/filename1.htm"}, {"form_type": "UPLOAD", "filings_date": "2019-03-07", "url": "https://www.sec.gov/Archives/edgar/data/0001568100/000000000019004084/filename1.pdf"}, {"form_type": "DRSLTR", "filings_date": "2019-02-15", "url": "https://www.sec.gov/Archives/edgar/data/0001568100/000162827919000046/filename1.htm"}, {"form_type": "DRS/A", "filings_date": "2019-02-15", "url": "https://www.sec.gov/Archives/edgar/data/0001568100/000162827919000044/filename1.htm"}, {"form_type": "UPLOAD", "filings_date": "2019-02-11", "url": "https://www.sec.gov/Archives/edgar/data/0001568100/000000000019001773/filename1.pdf"}, {"form_type": "DRS", "filings_date": "2018-12-20", "url": "https://www.sec.gov/Archives/edgar/data/0001568100/000162827918000353/filename1.htm"}, {"form_type": "D", "filings_date": "2018-09-07", "url": "https://www.sec.gov/Archives/edgar/data/0001568100/000156810018000001/xslFormDX01/primary_doc.xml"}, {"form_type": "D", "filings_date": "2017-04-27", "url": "https://www.sec.gov/Archives/edgar/data/0001568100/000156810017000002/xslFormDX01/primary_doc.xml"}]}