{"company": {"cik": "0001321655", "name": "Palantir Technologies Inc.", "sic": "Services-Prepackaged Software", "state_incorp": "", "ticker": "PLTR", "mailing_addr": "1555 BLAKE STREET, DENVER, CO, 80202", "category": "Large accelerated filer", "fiscal_year_end": ""}, "filings": [{"form_type": "4", "filings_date": "2022-03-03", "url": "https://www.sec.gov/Archives/edgar/data/0001321655/000120919122015729/xslF345X03/doc4.xml"}, {"form_type": "4", "filings_date": "2022-02-24", "url": "https://www.sec.gov/Archives/edgar/data/0001321655/000120919122012887/xslF345X03/doc4.xml"}, {"form_type": "4", "filings_date": "2022-02-24", "url": "https://www.sec.gov/Archives/edgar/data/0001321655/000120919122012886/xslF345X03/doc4.xml"}, {"form_type": "4", "filings_date": "2022-02-24", "url": "https://www.sec.gov/Archives/edgar/data/0001321655/000120919122012884/xslF345X03/doc4.xml"}, {"form_type": "S-8", "filings_date": "2022-02-24", "url": "https://www.sec.gov/Archives/edgar/data/0001321655/000119312522051011/d264281ds8.htm"}, {"form_type": "10-K", "filings_date": "2022-02-24", "url": "https://www.sec.gov/Archives/edgar/data/0001321655/000119312522050913/d273589d10k.htm"}, {"form_type": "4", "filings_date": "2022-02-23", "url": "https://www.sec.gov/Archives/edgar/data/0001321655/000120919122012471/xslF345X03/doc4.xml"}, {"form_type": "4", "filings_date": "2022-02-23", "url": "https://www.sec.gov/Archives/edgar/data/0001321655/000120919122012469/xslF345X03/doc4.xml"}, {"form_type": "8-K", "filings_date": "2022-02-17", "url": "https://www.sec.gov/Archives/edgar/data/0001321655/000119312522044821/d317188d8k.htm"}, {"form_type": "SC 13G/A", "filings_date": "2022-02-15", "url": "https://www.sec.gov/Archives/edgar/data/0001321655/000156459022005029/pltr-sc13ga.htm"}, {"form_type": "SC 13G/A", "filings_date": "2022-02-14", "url": "https://www.sec.gov/Archives/edgar/data/0001321655/000106823822000046/thiel_sch13ga.htm"}, {"form_type": "13F-HR", "filings_date": "2022-02-14", "url": "https://www.sec.gov/Archives/edgar/data/0001321655/000095012322003032/xslForm13F_X01/primary_doc.xml"}, {"form_type": "SC 13G", "filings_date": "2022-02-10", "url": "https://www.sec.gov/Archives/edgar/data/0001321655/000110465922018285/tv01616-palantirtechnologies.htm"}, {"form_type": "4", "filings_date": "2022-02-03", "url": "https://www.sec.gov/Archives/edgar/data/0001321655/000120919122006965/xslF345X03/doc4.xml"}, {"form_type": "SC 13G/A", "filings_date": "2022-01-31", "url": "https://www.sec.gov/Archives/edgar/data/0001321655/000138713122001076/sompo-sc13ga_123121.htm"}, {"form_type": "4", "filings_date": "2022-01-06", "url": "https://www.sec.gov/Archives/edgar/data/0001321655/000120919122002258/xslF345X03/doc4.xml"}, {"form_type": "4", "filings_date": "2021-12-03", "url": "https://www.sec.gov/Archives/edgar/data/0001321655/000120919121068021/xslF345X03/doc4.xml"}, {"form_type": "4", "filings_date": "2021-11-30", "url": "https://www.sec.gov/Archives/edgar/data/0001321655/000120919121067226/xslF345X03/doc4.xml"}, {"form_type": "4", "filings_date": "2021-11-30", "url": "https://www.sec.gov/Archives/edgar/data/0001321655/000120919121067225/xslF345X03/doc4.xml"}, {"form_type": "4", "filings_date": "2021-11-24", "url": "https://www.sec.gov/Archives/edgar/data/0001321655/000120919121066898/xslF345X03/doc4.xml"}, {"form_type": "4", "filings_date": "2021-11-24", "url": "https://www.sec.gov/Archives/edgar/data/0001321655/000120919121066897/xslF345X03/doc4.xml"}, {"form_type": "4", "filings_date": "2021-11-24", "url": "https://www.sec.gov/Archives/edgar/data/0001321655/000120919121066896/xslF345X03/doc4.xml"}, {"form_type": "4", "filings_date": "2021-11-24", "url": "https://www.sec.gov/Archives/edgar/data/0001321655/000120919121066895/xslF345X03/doc4.xml"}, {"form_type": "4", "filings_date": "2021-11-24", "url": "https://www.sec.gov/Archives/edgar/data/0001321655/000120919121066894/xslF345X03/doc4.xml"}, {"form_type": "4", "filings_date": "2021-11-24", "url": "https://www.sec.gov/Archives/edgar/data/0001321655/000120919121066893/xslF345X03/doc4.xml"}, {"form_type": "4", "filings_date": "2021-11-23", "url": "https://www.sec.gov/Archives/edgar/data/0001321655/000120919121066673/xslF345X03/doc4.xml"}, {"form_type": "4", "filings_date": "2021-11-23", "url": "https://www.sec.gov/Archives/edgar/data/0001321655/000120919121066672/xslF345X03/doc4.xml"}, {"form_type": "4", "filings_date": "2021-11-23", "url": "https://www.sec.gov/Archives/edgar/data/0001321655/000120919121066671/xslF345X03/doc4.xml"}, {"form_type": "4", "filings_date": "2021-11-18", "url": "https://www.sec.gov/Archives/edgar/data/0001321655/000120919121065688/xslF345X03/doc4.xml"}, {"form_type": "4", "filings_date": "2021-11-15", "url": "https://www.sec.gov/Archives/edgar/data/0001321655/000120919121064591/xslF345X03/doc4.xml"}, {"form_type": "10-Q", "filings_date": "2021-11-09", "url": "https://www.sec.gov/Archives/edgar/data/0001321655/000119312521323920/d178745d10q.htm"}, {"form_type": "8-K", "filings_date": "2021-11-09", "url": "https://www.sec.gov/Archives/edgar/data/0001321655/000119312521323727/d51038d8k.htm"}, {"form_type": "4", "filings_date": "2021-11-05", "url": "https://www.sec.gov/Archives/edgar/data/0001321655/000120919121063279/xslF345X03/doc4.xml"}, {"form_type": "4", "filings_date": "2021-11-04", "url": "https://www.sec.gov/Archives/edgar/data/0001321655/000120919121063024/xslF345X03/doc4.xml"}, {"form_type": "4", "filings_date": "2021-11-03", "url": "https://www.sec.gov/Archives/edgar/data/0001321655/000120919121062751/xslF345X03/doc4.xml"}, {"form_type": "4", "filings_date": "2021-11-02", "url": "https://www.sec.gov/Archives/edgar/data/0001321655/000120919121062458/xslF345X03/doc4.xml"}, {"form_type": "4", "filings_date": "2021-10-28", "url": "https://www.sec.gov/Archives/edgar/data/0001321655/000120919121061977/xslF345X03/doc4.xml"}, {"form_type": "4", "filings_date": "2021-10-14", "url": "https://www.sec.gov/Archives/edgar/data/0001321655/000120919121060507/xslF345X03/doc4.xml"}, {"form_type": "4", "filings_date": "2021-10-07", "url": "https://www.sec.gov/Archives/edgar/data/0001321655/000120919121059919/xslF345X03/doc4.xml"}, {"form_type": "4", "filings_date": "2021-10-05", "url": "https://www.sec.gov/Archives/edgar/data/0001321655/000120919121059669/xslF345X03/doc4.xml"}, {"form_type": "4", "filings_date": "2021-10-05", "url": "https://www.sec.gov/Archives/edgar/data/0001321655/000120919121059668/xslF345X03/doc4.xml"}, {"form_type": "S-3ASR", "filings_date": "2021-10-01", "url": "https://www.sec.gov/Archives/edgar/data/0001321655/000119312521289724/d84272ds3asr.htm"}, {"form_type": "4", "filings_date": "2021-09-30", "url": "https://www.sec.gov/Archives/edgar/data/0001321655/000120919121058299/xslF345X03/doc4.xml"}, {"form_type": "4", "filings_date": "2021-09-23", "url": "https://www.sec.gov/Archives/edgar/data/0001321655/000120919121057513/xslF345X03/doc4.xml"}, {"form_type": "4", "filings_date": "2021-09-23", "url": "https://www.sec.gov/Archives/edgar/data/0001321655/000120919121057512/xslF345X03/doc4.xml"}, {"form_type": "4", "filings_date": "2021-09-20", "url": "https://www.sec.gov/Archives/edgar/data/0001321655/000120919121056976/xslF345X03/doc4.xml"}, {"form_type": "4", "filings_date": "2021-09-09", "url": "https://www.sec.gov/Archives/edgar/data/0001321655/000120919121055393/xslF345X03/doc4.xml"}, {"form_type": "4", "filings_date": "2021-09-09", "url": "https://www.sec.gov/Archives/edgar/data/0001321655/000120919121055391/xslF345X03/doc4.xml"}, {"form_type": "4", "filings_date": "2021-09-03", "url": "https://www.sec.gov/Archives/edgar/data/0001321655/000120919121054905/xslF345X03/doc4.xml"}, {"form_type": "4", "filings_date": "2021-09-02", "url": "https://www.sec.gov/Archives/edgar/data/0001321655/000120919121054592/xslF345X03/doc4.xml"}, {"form_type": "4", "filings_date": "2021-08-27", "url": "https://www.sec.gov/Archives/edgar/data/0001321655/000120919121053760/xslF345X03/doc4.xml"}, {"form_type": "4", "filings_date": "2021-08-24", "url": "https://www.sec.gov/Archives/edgar/data/0001321655/000120919121053256/xslF345X03/doc4.xml"}, {"form_type": "4", "filings_date": "2021-08-24", "url": "https://www.sec.gov/Archives/edgar/data/0001321655/000120919121053255/xslF345X03/doc4.xml"}, {"form_type": "4", "filings_date": "2021-08-24", "url": "https://www.sec.gov/Archives/edgar/data/0001321655/000120919121053254/xslF345X03/doc4.xml"}, {"form_type": "4", "filings_date": "2021-08-24", "url": "https://www.sec.gov/Archives/edgar/data/0001321655/000120919121053253/xslF345X03/doc4.xml"}, {"form_type": "4", "filings_date": "2021-08-24", "url": "https://www.sec.gov/Archives/edgar/data/0001321655/000120919121053252/xslF345X03/doc4.xml"}, {"form_type": "4", "filings_date": "2021-08-20", "url": "https://www.sec.gov/Archives/edgar/data/0001321655/000120919121052831/xslF345X03/doc4.xml"}, {"form_type": "4", "filings_date": "2021-08-19", "url": "https://www.sec.gov/Archives/edgar/data/0001321655/000120919121052639/xslF345X03/doc4.xml"}, {"form_type": "8-K/A", "filings_date": "2021-08-18", "url": "https://www.sec.gov/Archives/edgar/data/0001321655/000119312521250350/d198417d8ka.htm"}, {"form_type": "4", "filings_date": "2021-08-17", "url": "https://www.sec.gov/Archives/edgar/data/0001321655/000089924321033350/xslF345X03/doc4.xml"}, {"form_type": "4", "filings_date": "2021-08-16", "url": "https://www.sec.gov/Archives/edgar/data/0001321655/000120919121051695/xslF345X03/doc4.xml"}, {"form_type": "10-Q", "filings_date": "2021-08-12", "url": "https://www.sec.gov/Archives/edgar/data/0001321655/000095012321010430/d175251d10q.htm"}, {"form_type": "8-K", "filings_date": "2021-08-12", "url": "https://www.sec.gov/Archives/edgar/data/0001321655/000095012321010428/d213750d8k.htm"}, {"form_type": "4", "filings_date": "2021-08-05", "url": "https://www.sec.gov/Archives/edgar/data/0001321655/000120919121050049/xslF345X03/doc4.xml"}, {"form_type": "4", "filings_date": "2021-08-04", "url": "https://www.sec.gov/Archives/edgar/data/0001321655/000120919121049802/xslF345X03/doc4.xml"}, {"form_type": "4", "filings_date": "2021-08-04", "url": "https://www.sec.gov/Archives/edgar/data/0001321655/000120919121049801/xslF345X03/doc4.xml"}, {"form_type": "4", "filings_date": "2021-07-28", "url": "https://www.sec.gov/Archives/edgar/data/0001321655/000120919121048460/xslF345X03/doc4.xml"}, {"form_type": "4", "filings_date": "2021-07-23", "url": "https://www.sec.gov/Archives/edgar/data/0001321655/000120919121048071/xslF345X03/doc4.xml"}, {"form_type": "4", "filings_date": "2021-07-21", "url": "https://www.sec.gov/Archives/edgar/data/0001321655/000120919121047623/xslF345X03/doc4.xml"}, {"form_type": "4", "filings_date": "2021-07-13", "url": "https://www.sec.gov/Archives/edgar/data/0001321655/000120919121046632/xslF345X03/doc4.xml"}, {"form_type": "4", "filings_date": "2021-07-08", "url": "https://www.sec.gov/Archives/edgar/data/0001321655/000120919121046080/xslF345X03/doc4.xml"}, {"form_type": "4", "filings_date": "2021-07-08", "url": "https://www.sec.gov/Archives/edgar/data/0001321655/000120919121046079/xslF345X03/doc4.xml"}, {"form_type": "4", "filings_date": "2021-07-06", "url": "https://www.sec.gov/Archives/edgar/data/0001321655/000120919121045692/xslF345X03/doc4.xml"}, {"form_type": "8-K", "filings_date": "2021-07-02", "url": "https://www.sec.gov/Archives/edgar/data/0001321655/000119312521207742/d74908d8k.htm"}, {"form_type": "4", "filings_date": "2021-06-30", "url": "https://www.sec.gov/Archives/edgar/data/0001321655/000120919121044185/xslF345X03/doc4.xml"}, {"form_type": "4", "filings_date": "2021-06-30", "url": "https://www.sec.gov/Archives/edgar/data/0001321655/000089924321026830/xslF345X03/doc4.xml"}, {"form_type": "4", "filings_date": "2021-06-23", "url": "https://www.sec.gov/Archives/edgar/data/0001321655/000120919121042854/xslF345X03/doc4.xml"}, {"form_type": "4", "filings_date": "2021-06-21", "url": "https://www.sec.gov/Archives/edgar/data/0001321655/000120919121042321/xslF345X03/doc4.xml"}, {"form_type": "4", "filings_date": "2021-06-21", "url": "https://www.sec.gov/Archives/edgar/data/0001321655/000120919121042318/xslF345X03/doc4.xml"}, {"form_type": "4", "filings_date": "2021-06-15", "url": "https://www.sec.gov/Archives/edgar/data/0001321655/000120919121040766/xslF345X03/doc4.xml"}, {"form_type": "4", "filings_date": "2021-06-11", "url": "https://www.sec.gov/Archives/edgar/data/0001321655/000120919121040107/xslF345X03/doc4.xml"}, {"form_type": "4", "filings_date": "2021-06-11", "url": "https://www.sec.gov/Archives/edgar/data/0001321655/000120919121040106/xslF345X03/doc4.xml"}, {"form_type": "4", "filings_date": "2021-06-11", "url": "https://www.sec.gov/Archives/edgar/data/0001321655/000120919121040105/xslF345X03/doc4.xml"}, {"form_type": "4", "filings_date": "2021-06-11", "url": "https://www.sec.gov/Archives/edgar/data/0001321655/000120919121040104/xslF345X03/doc4.xml"}, {"form_type": "8-K", "filings_date": "2021-06-11", "url": "https://www.sec.gov/Archives/edgar/data/0001321655/000119312521189007/d492794d8k.htm"}, {"form_type": "4", "filings_date": "2021-06-09", "url": "https://www.sec.gov/Archives/edgar/data/0001321655/000120919121039309/xslF345X03/doc4.xml"}, {"form_type": "4", "filings_date": "2021-06-03", "url": "https://www.sec.gov/Archives/edgar/data/0001321655/000120919121037993/xslF345X03/doc4.xml"}, {"form_type": "4", "filings_date": "2021-06-03", "url": "https://www.sec.gov/Archives/edgar/data/0001321655/000120919121037991/xslF345X03/doc4.xml"}, {"form_type": "4", "filings_date": "2021-05-27", "url": "https://www.sec.gov/Archives/edgar/data/0001321655/000120919121036360/xslF345X03/doc4.xml"}, {"form_type": "4", "filings_date": "2021-05-24", "url": "https://www.sec.gov/Archives/edgar/data/0001321655/000120919121035583/xslF345X03/doc4.xml"}, {"form_type": "4", "filings_date": "2021-05-24", "url": "https://www.sec.gov/Archives/edgar/data/0001321655/000120919121035582/xslF345X03/doc4.xml"}, {"form_type": "4", "filings_date": "2021-05-24", "url": "https://www.sec.gov/Archives/edgar/data/0001321655/000120919121035581/xslF345X03/doc4.xml"}, {"form_type": "4", "filings_date": "2021-05-21", "url": "https://www.sec.gov/Archives/edgar/data/0001321655/000120919121035147/xslF345X03/doc4.xml"}, {"form_type": "4", "filings_date": "2021-05-17", "url": "https://www.sec.gov/Archives/edgar/data/0001321655/000120919121033346/xslF345X03/doc4.xml"}, {"form_type": "4", "filings_date": "2021-05-17", "url": "https://www.sec.gov/Archives/edgar/data/0001321655/000120919121033342/xslF345X03/doc4.xml"}, {"form_type": "4", "filings_date": "2021-05-17", "url": "https://www.sec.gov/Archives/edgar/data/0001321655/000120919121033341/xslF345X03/doc4.xml"}, {"form_type": "4", "filings_date": "2021-05-17", "url": "https://www.sec.gov/Archives/edgar/data/0001321655/000120919121033338/xslF345X03/doc4.xml"}, {"form_type": "4", "filings_date": "2021-05-17", "url": "https://www.sec.gov/Archives/edgar/data/0001321655/000120919121033336/xslF345X03/doc4.xml"}, {"form_type": "4", "filings_date": "2021-05-13", "url": "https://www.sec.gov/Archives/edgar/data/0001321655/000120919121032536/xslF345X03/doc4.xml"}, {"form_type": "4", "filings_date": "2021-05-13", "url": "https://www.sec.gov/Archives/edgar/data/0001321655/000089924321019441/xslF345X03/doc4.xml"}, {"form_type": "10-Q", "filings_date": "2021-05-12", "url": "https://www.sec.gov/Archives/edgar/data/0001321655/000119312521159222/d158374d10q.htm"}, {"form_type": "8-K", "filings_date": "2021-05-11", "url": "https://www.sec.gov/Archives/edgar/data/0001321655/000119312521156956/d77775d8k.htm"}, {"form_type": "8-K", "filings_date": "2021-05-10", "url": "https://www.sec.gov/Archives/edgar/data/0001321655/000119312521156351/d481407d8k.htm"}, {"form_type": "4", "filings_date": "2021-05-07", "url": "https://www.sec.gov/Archives/edgar/data/0001321655/000089924321018773/xslF345X03/doc4.xml"}, {"form_type": "4", "filings_date": "2021-05-06", "url": "https://www.sec.gov/Archives/edgar/data/0001321655/000120919121030757/xslF345X03/doc4.xml"}, {"form_type": "4", "filings_date": "2021-05-06", "url": "https://www.sec.gov/Archives/edgar/data/0001321655/000120919121030756/xslF345X03/doc4.xml"}, {"form_type": "4", "filings_date": "2021-05-05", "url": "https://www.sec.gov/Archives/edgar/data/0001321655/000120919121030492/xslF345X03/doc4.xml"}, {"form_type": "DEFA14A", "filings_date": "2021-04-29", "url": "https://www.sec.gov/Archives/edgar/data/0001321655/000119312521140651/d131524ddefa14a.htm"}, {"form_type": "DEF 14A", "filings_date": "2021-04-29", "url": "https://www.sec.gov/Archives/edgar/data/0001321655/000119312521140597/d137991ddef14a.htm"}, {"form_type": "4", "filings_date": "2021-04-21", "url": "https://www.sec.gov/Archives/edgar/data/0001321655/000120919121027894/xslF345X03/doc4.xml"}, {"form_type": "4", "filings_date": "2021-04-16", "url": "https://www.sec.gov/Archives/edgar/data/0001321655/000120919121027132/xslF345X03/doc4.xml"}, {"form_type": "4", "filings_date": "2021-04-16", "url": "https://www.sec.gov/Archives/edgar/data/0001321655/000120919121027131/xslF345X03/doc4.xml"}, {"form_type": "4", "filings_date": "2021-04-16", "url": "https://www.sec.gov/Archives/edgar/data/0001321655/000120919121027130/xslF345X03/doc4.xml"}, {"form_type": "4", "filings_date": "2021-04-16", "url": "https://www.sec.gov/Archives/edgar/data/0001321655/000120919121027129/xslF345X03/doc4.xml"}, {"form_type": "4", "filings_date": "2021-04-16", "url": "https://www.sec.gov/Archives/edgar/data/0001321655/000120919121027128/xslF345X03/doc4.xml"}, {"form_type": "4", "filings_date": "2021-04-16", "url": "https://www.sec.gov/Archives/edgar/data/0001321655/000120919121027126/xslF345X03/doc4.xml"}, {"form_type": "4", "filings_date": "2021-04-16", "url": "https://www.sec.gov/Archives/edgar/data/0001321655/000120919121027124/xslF345X03/doc4.xml"}, {"form_type": "4/A", "filings_date": "2021-04-16", "url": "https://www.sec.gov/Archives/edgar/data/0001321655/000120919121027115/xslF345X03/doc4a.xml"}, {"form_type": "4", "filings_date": "2021-04-15", "url": "https://www.sec.gov/Archives/edgar/data/0001321655/000120919121026895/xslF345X03/doc4.xml"}, {"form_type": "4", "filings_date": "2021-04-08", "url": "https://www.sec.gov/Archives/edgar/data/0001321655/000120919121026186/xslF345X03/doc4.xml"}, {"form_type": "4", "filings_date": "2021-04-08", "url": "https://www.sec.gov/Archives/edgar/data/0001321655/000120919121026185/xslF345X03/doc4.xml"}, {"form_type": "4", "filings_date": "2021-04-05", "url": "https://www.sec.gov/Archives/edgar/data/0001321655/000120919121025526/xslF345X03/doc4.xml"}, {"form_type": "8-K", "filings_date": "2021-04-02", "url": "https://www.sec.gov/Archives/edgar/data/0001321655/000119312521105223/d168273d8k.htm"}, {"form_type": "4", "filings_date": "2021-03-31", "url": "https://www.sec.gov/Archives/edgar/data/0001321655/000120919121023907/xslF345X03/doc4.xml"}, {"form_type": "4", "filings_date": "2021-03-31", "url": "https://www.sec.gov/Archives/edgar/data/0001321655/000120919121023906/xslF345X03/doc4.xml"}, {"form_type": "4", "filings_date": "2021-03-18", "url": "https://www.sec.gov/Archives/edgar/data/0001321655/000120919121021962/xslF345X03/doc4.xml"}, {"form_type": "4", "filings_date": "2021-03-03", "url": "https://www.sec.gov/Archives/edgar/data/0001321655/000120919121017473/xslF345X03/doc4.xml"}, {"form_type": "10-K", "filings_date": "2021-02-26", "url": "https://www.sec.gov/Archives/edgar/data/0001321655/000119312521060650/d65934d10k.htm"}, {"form_type": "4", "filings_date": "2021-02-25", "url": "https://www.sec.gov/Archives/edgar/data/0001321655/000120919121014555/xslF345X03/doc4.xml"}, {"form_type": "4", "filings_date": "2021-02-24", "url": "https://www.sec.gov/Archives/edgar/data/0001321655/000120919121014091/xslF345X03/doc4.xml"}, {"form_type": "4", "filings_date": "2021-02-24", "url": "https://www.sec.gov/Archives/edgar/data/0001321655/000120919121014090/xslF345X03/doc4.xml"}, {"form_type": "4", "filings_date": "2021-02-24", "url": "https://www.sec.gov/Archives/edgar/data/0001321655/000120919121014089/xslF345X03/doc4.xml"}, {"form_type": "4", "filings_date": "2021-02-23", "url": "https://www.sec.gov/Archives/edgar/data/0001321655/000120919121013598/xslF345X03/doc4.xml"}, {"form_type": "4", "filings_date": "2021-02-22", "url": "https://www.sec.gov/Archives/edgar/data/0001321655/000120919121013040/xslF345X03/doc4.xml"}, {"form_type": "4", "filings_date": "2021-02-22", "url": "https://www.sec.gov/Archives/edgar/data/0001321655/000120919121013039/xslF345X03/doc4.xml"}, {"form_type": "4", "filings_date": "2021-02-22", "url": "https://www.sec.gov/Archives/edgar/data/0001321655/000120919121013038/xslF345X03/doc4.xml"}, {"form_type": "4", "filings_date": "2021-02-19", "url": "https://www.sec.gov/Archives/edgar/data/0001321655/000089924321007468/xslF345X03/doc4.xml"}, {"form_type": "SC 13G", "filings_date": "2021-02-16", "url": "https://www.sec.gov/Archives/edgar/data/0001321655/000106823821000041/thiel_schedule-13g.htm"}, {"form_type": "SC 13G", "filings_date": "2021-02-16", "url": "https://www.sec.gov/Archives/edgar/data/0001321655/000119312521044900/d131916dsc13g.htm"}, {"form_type": "8-K", "filings_date": "2021-02-16", "url": "https://www.sec.gov/Archives/edgar/data/0001321655/000119312521043333/d131078d8k.htm"}, {"form_type": "4", "filings_date": "2021-02-11", "url": "https://www.sec.gov/Archives/edgar/data/0001321655/000120919121009906/xslF345X03/doc4.xml"}, {"form_type": "4", "filings_date": "2021-02-04", "url": "https://www.sec.gov/Archives/edgar/data/0001321655/000120919121007926/xslF345X03/doc4.xml"}, {"form_type": "SC 13G", "filings_date": "2021-02-04", "url": "https://www.sec.gov/Archives/edgar/data/0001321655/000138713121001749/sompo-sc13g_020321.htm"}, {"form_type": "4", "filings_date": "2021-01-21", "url": "https://www.sec.gov/Archives/edgar/data/0001321655/000120919121004775/xslF345X03/doc4.xml"}, {"form_type": "3", "filings_date": "2021-01-21", "url": "https://www.sec.gov/Archives/edgar/data/0001321655/000120919121004774/xslF345X02/doc3.xml"}, {"form_type": "8-K", "filings_date": "2021-01-21", "url": "https://www.sec.gov/Archives/edgar/data/0001321655/000119312521013558/d949109d8k.htm"}, {"form_type": "4", "filings_date": "2021-01-20", "url": "https://www.sec.gov/Archives/edgar/data/0001321655/000120919121004577/xslF345X03/doc4.xml"}, {"form_type": "4", "filings_date": "2021-01-06", "url": "https://www.sec.gov/Archives/edgar/data/0001321655/000120919121002390/xslF345X03/doc4.xml"}, {"form_type": "4", "filings_date": "2020-12-30", "url": "https://www.sec.gov/Archives/edgar/data/0001321655/000120919120065596/xslF345X03/doc4.xml"}, {"form_type": "4", "filings_date": "2020-12-30", "url": "https://www.sec.gov/Archives/edgar/data/0001321655/000120919120065595/xslF345X03/doc4.xml"}, {"form_type": "EFFECT", "filings_date": "2020-12-28", "url": "https://www.sec.gov/Archives/edgar/data/0001321655/999999999520003669/xslEFFECTX01/primary_doc.xml"}, {"form_type": "4", "filings_date": "2020-12-28", "url": "https://www.sec.gov/Archives/edgar/data/0001321655/000120919120065251/xslF345X03/doc4.xml"}, {"form_type": "POS AM", "filings_date": "2020-12-21", "url": "https://www.sec.gov/Archives/edgar/data/0001321655/000119312520323226/d100125dposam.htm"}, {"form_type": "4", "filings_date": "2020-12-04", "url": "https://www.sec.gov/Archives/edgar/data/0001321655/000120919120061872/xslF345X03/doc4.xml"}, {"form_type": "4", "filings_date": "2020-12-02", "url": "https://www.sec.gov/Archives/edgar/data/0001321655/000120919120061348/xslF345X03/doc4.xml"}, {"form_type": "4", "filings_date": "2020-12-02", "url": "https://www.sec.gov/Archives/edgar/data/0001321655/000120919120061332/xslF345X03/doc4.xml"}, {"form_type": "4", "filings_date": "2020-12-01", "url": "https://www.sec.gov/Archives/edgar/data/0001321655/000120919120060981/xslF345X03/doc4.xml"}, {"form_type": "4", "filings_date": "2020-11-24", "url": "https://www.sec.gov/Archives/edgar/data/0001321655/000120919120060419/xslF345X03/doc4.xml"}, {"form_type": "4", "filings_date": "2020-11-24", "url": "https://www.sec.gov/Archives/edgar/data/0001321655/000120919120060418/xslF345X03/doc4.xml"}, {"form_type": "4", "filings_date": "2020-11-24", "url": "https://www.sec.gov/Archives/edgar/data/0001321655/000120919120060417/xslF345X03/doc4.xml"}, {"form_type": "4", "filings_date": "2020-11-24", "url": "https://www.sec.gov/Archives/edgar/data/0001321655/000120919120060416/xslF345X03/doc4.xml"}, {"form_type": "4", "filings_date": "2020-11-23", "url": "https://www.sec.gov/Archives/edgar/data/0001321655/000120919120060099/xslF345X03/doc4.xml"}, {"form_type": "4", "filings_date": "2020-11-18", "url": "https://www.sec.gov/Archives/edgar/data/0001321655/000120919120059306/xslF345X03/doc4.xml"}, {"form_type": "4", "filings_date": "2020-11-18", "url": "https://www.sec.gov/Archives/edgar/data/0001321655/000120919120059305/xslF345X03/doc4.xml"}, {"form_type": "4", "filings_date": "2020-11-18", "url": "https://www.sec.gov/Archives/edgar/data/0001321655/000120919120059303/xslF345X03/doc4.xml"}, {"form_type": "4", "filings_date": "2020-11-18", "url": "https://www.sec.gov/Archives/edgar/data/0001321655/000120919120059302/xslF345X03/doc4.xml"}, {"form_type": "4", "filings_date": "2020-11-18", "url": "https://www.sec.gov/Archives/edgar/data/0001321655/000120919120059300/xslF345X03/doc4.xml"}, {"form_type": "4", "filings_date": "2020-11-18", "url": "https://www.sec.gov/Archives/edgar/data/0001321655/000120919120059299/xslF345X03/doc4.xml"}, {"form_type": "4", "filings_date": "2020-11-18", "url": "https://www.sec.gov/Archives/edgar/data/0001321655/000120919120059294/xslF345X03/doc4.xml"}, {"form_type": "424B3", "filings_date": "2020-11-13", "url": "https://www.sec.gov/Archives/edgar/data/0001321655/000119312520292188/d98686d424b3.htm"}, {"form_type": "10-Q", "filings_date": "2020-11-13", "url": "https://www.sec.gov/Archives/edgar/data/0001321655/000119312520292177/d31861d10q.htm"}, {"form_type": "8-K", "filings_date": "2020-11-12", "url": "https://www.sec.gov/Archives/edgar/data/0001321655/000119312520291678/d934165d8k.htm"}, {"form_type": "3", "filings_date": "2020-10-05", "url": "https://www.sec.gov/Archives/edgar/data/0001321655/000120919120053913/xslF345X02/doc3.xml"}, {"form_type": "4", "filings_date": "2020-10-05", "url": "https://www.sec.gov/Archives/edgar/data/0001321655/000120919120053912/xslF345X03/doc4.xml"}, {"form_type": "4", "filings_date": "2020-10-05", "url": "https://www.sec.gov/Archives/edgar/data/0001321655/000120919120053911/xslF345X03/doc4.xml"}, {"form_type": "4", "filings_date": "2020-10-05", "url": "https://www.sec.gov/Archives/edgar/data/0001321655/000120919120053910/xslF345X03/doc4.xml"}, {"form_type": "4", "filings_date": "2020-10-05", "url": "https://www.sec.gov/Archives/edgar/data/0001321655/000120919120053909/xslF345X03/doc4.xml"}, {"form_type": "4", "filings_date": "2020-10-05", "url": "https://www.sec.gov/Archives/edgar/data/0001321655/000120919120053908/xslF345X03/doc4.xml"}, {"form_type": "4", "filings_date": "2020-10-05", "url": "https://www.sec.gov/Archives/edgar/data/0001321655/000120919120053428/xslF345X03/doc4.xml"}, {"form_type": "4", "filings_date": "2020-10-05", "url": "https://www.sec.gov/Archives/edgar/data/0001321655/000120919120053427/xslF345X03/doc4.xml"}, {"form_type": "4", "filings_date": "2020-10-02", "url": "https://www.sec.gov/Archives/edgar/data/0001321655/000120919120053426/xslF345X03/doc4.xml"}, {"form_type": "4", "filings_date": "2020-10-02", "url": "https://www.sec.gov/Archives/edgar/data/0001321655/000120919120053425/xslF345X03/doc4.xml"}, {"form_type": "4", "filings_date": "2020-10-02", "url": "https://www.sec.gov/Archives/edgar/data/0001321655/000120919120053424/xslF345X03/doc4.xml"}, {"form_type": "4", "filings_date": "2020-10-02", "url": "https://www.sec.gov/Archives/edgar/data/0001321655/000120919120053422/xslF345X03/doc4.xml"}, {"form_type": "4", "filings_date": "2020-10-02", "url": "https://www.sec.gov/Archives/edgar/data/0001321655/000120919120053421/xslF345X03/doc4.xml"}, {"form_type": "4", "filings_date": "2020-10-02", "url": "https://www.sec.gov/Archives/edgar/data/0001321655/000120919120053419/xslF345X03/doc4.xml"}, {"form_type": "4", "filings_date": "2020-10-02", "url": "https://www.sec.gov/Archives/edgar/data/0001321655/000120919120053412/xslF345X03/doc4.xml"}, {"form_type": "4", "filings_date": "2020-10-02", "url": "https://www.sec.gov/Archives/edgar/data/0001321655/000120919120053409/xslF345X03/doc4.xml"}, {"form_type": "4", "filings_date": "2020-10-02", "url": "https://www.sec.gov/Archives/edgar/data/0001321655/000120919120053407/xslF345X03/doc4.xml"}, {"form_type": "424B4", "filings_date": "2020-09-30", "url": "https://www.sec.gov/Archives/edgar/data/0001321655/000119312520258493/d904406d424b4.htm"}, {"form_type": "FWP", "filings_date": "2020-09-29", "url": "https://www.sec.gov/Archives/edgar/data/0001321655/000119312520257977/d20943dfwp.htm"}, {"form_type": "8-K", "filings_date": "2020-09-29", "url": "https://www.sec.gov/Archives/edgar/data/0001321655/000119312520257973/d89036d8k.htm"}, {"form_type": "UPLOAD", "filings_date": "2020-09-28", "url": "https://www.sec.gov/Archives/edgar/data/0001321655/000000000020009114/filename1.pdf"}, {"form_type": "FWP", "filings_date": "2020-09-25", "url": "https://www.sec.gov/Archives/edgar/data/0001321655/000119312520254712/d16094dfwp.htm"}, {"form_type": "8-K", "filings_date": "2020-09-25", "url": "https://www.sec.gov/Archives/edgar/data/0001321655/000119312520254706/d38725d8k.htm"}, {"form_type": "UPLOAD", "filings_date": "2020-09-23", "url": "https://www.sec.gov/Archives/edgar/data/0001321655/000000000020008929/filename1.pdf"}, {"form_type": "UPLOAD", "filings_date": "2020-09-23", "url": "https://www.sec.gov/Archives/edgar/data/0001321655/000000000020008927/filename1.pdf"}, {"form_type": "UPLOAD", "filings_date": "2020-09-23", "url": "https://www.sec.gov/Archives/edgar/data/0001321655/000000000020008924/filename1.pdf"}, {"form_type": "EFFECT", "filings_date": "2020-09-22", "url": "https://www.sec.gov/Archives/edgar/data/0001321655/999999999520002525/xslEFFECTX01/primary_doc.xml"}, {"form_type": "3", "filings_date": "2020-09-22", "url": "https://www.sec.gov/Archives/edgar/data/0001321655/000120919120051626/xslF345X02/doc3.xml"}, {"form_type": "3", "filings_date": "2020-09-22", "url": "https://www.sec.gov/Archives/edgar/data/0001321655/000120919120051625/xslF345X02/doc3.xml"}, {"form_type": "3", "filings_date": "2020-09-22", "url": "https://www.sec.gov/Archives/edgar/data/0001321655/000120919120051624/xslF345X02/doc3.xml"}, {"form_type": "3", "filings_date": "2020-09-22", "url": "https://www.sec.gov/Archives/edgar/data/0001321655/000120919120051623/xslF345X02/doc3.xml"}, {"form_type": "3", "filings_date": "2020-09-22", "url": "https://www.sec.gov/Archives/edgar/data/0001321655/000120919120051622/xslF345X02/doc3.xml"}, {"form_type": "3", "filings_date": "2020-09-22", "url": "https://www.sec.gov/Archives/edgar/data/0001321655/000120919120051621/xslF345X02/doc3.xml"}, {"form_type": "3", "filings_date": "2020-09-22", "url": "https://www.sec.gov/Archives/edgar/data/0001321655/000120919120051620/xslF345X02/doc3.xml"}, {"form_type": "3", "filings_date": "2020-09-22", "url": "https://www.sec.gov/Archives/edgar/data/0001321655/000120919120051619/xslF345X02/doc3.xml"}, {"form_type": "3", "filings_date": "2020-09-22", "url": "https://www.sec.gov/Archives/edgar/data/0001321655/000120919120051618/xslF345X02/doc3.xml"}, {"form_type": "3", "filings_date": "2020-09-22", "url": "https://www.sec.gov/Archives/edgar/data/0001321655/000120919120051617/xslF345X02/doc3.xml"}, {"form_type": "3", "filings_date": "2020-09-22", "url": "https://www.sec.gov/Archives/edgar/data/0001321655/000120919120051616/xslF345X02/doc3.xml"}, {"form_type": "CORRESP", "filings_date": "2020-09-22", "url": "https://www.sec.gov/Archives/edgar/data/0001321655/000119312520251524/filename1.htm"}, {"form_type": "3", "filings_date": "2020-09-22", "url": "https://www.sec.gov/Archives/edgar/data/0001321655/000120919120051550/xslF345X02/doc3.xml"}, {"form_type": "FWP", "filings_date": "2020-09-22", "url": "https://www.sec.gov/Archives/edgar/data/0001321655/000119312520251423/d55111dfwp.htm"}, {"form_type": "8-K", "filings_date": "2020-09-22", "url": "https://www.sec.gov/Archives/edgar/data/0001321655/000119312520251414/d11024d8k.htm"}, {"form_type": "S-8", "filings_date": "2020-09-22", "url": "https://www.sec.gov/Archives/edgar/data/0001321655/000119312520251369/d64670ds8.htm"}, {"form_type": "CORRESP", "filings_date": "2020-09-22", "url": "https://www.sec.gov/Archives/edgar/data/0001321655/000119312520251075/filename1.htm"}, {"form_type": "CERT", "filings_date": "2020-09-22", "url": "https://www.sec.gov/Archives/edgar/data/0001321655/000087666120000797/PLTR8A092220.pdf"}, {"form_type": "8-A12B", "filings_date": "2020-09-21", "url": "https://www.sec.gov/Archives/edgar/data/0001321655/000119312520250175/d941054d8a12b.htm"}, {"form_type": "S-1/A", "filings_date": "2020-09-21", "url": "https://www.sec.gov/Archives/edgar/data/0001321655/000119312520250103/d904406ds1a.htm"}, {"form_type": "S-1/A", "filings_date": "2020-09-21", "url": "https://www.sec.gov/Archives/edgar/data/0001321655/000119312520249544/d904406ds1a.htm"}, {"form_type": "S-1/A", "filings_date": "2020-09-18", "url": "https://www.sec.gov/Archives/edgar/data/0001321655/000119312520248369/d904406ds1a.htm"}, {"form_type": "CORRESP", "filings_date": "2020-09-14", "url": "https://www.sec.gov/Archives/edgar/data/0001321655/000119312520244941/filename1.htm"}, {"form_type": "CORRESP", "filings_date": "2020-09-14", "url": "https://www.sec.gov/Archives/edgar/data/0001321655/000119312520244939/filename1.htm"}, {"form_type": "S-1/A", "filings_date": "2020-09-14", "url": "https://www.sec.gov/Archives/edgar/data/0001321655/000119312520244936/d904406ds1a.htm"}, {"form_type": "S-1/A", "filings_date": "2020-09-09", "url": "https://www.sec.gov/Archives/edgar/data/0001321655/000119312520241694/d904406ds1a.htm"}, {"form_type": "UPLOAD", "filings_date": "2020-09-08", "url": "https://www.sec.gov/Archives/edgar/data/0001321655/000000000020008437/filename1.pdf"}, {"form_type": "CORRESP", "filings_date": "2020-09-03", "url": "https://www.sec.gov/Archives/edgar/data/0001321655/000119312520239131/filename1.htm"}, {"form_type": "S-1/A", "filings_date": "2020-09-03", "url": "https://www.sec.gov/Archives/edgar/data/0001321655/000119312520239121/d904406ds1a.htm"}, {"form_type": "S-1", "filings_date": "2020-08-25", "url": "https://www.sec.gov/Archives/edgar/data/0001321655/000119312520230013/d904406ds1.htm"}, {"form_type": "UPLOAD", "filings_date": "2020-08-25", "url": "https://www.sec.gov/Archives/edgar/data/0001321655/000000000020007986/filename1.pdf"}, {"form_type": "DRSLTR", "filings_date": "2020-08-10", "url": "https://www.sec.gov/Archives/edgar/data/0001321655/000095012320008095/filename1.htm"}, {"form_type": "DRS/A", "filings_date": "2020-08-10", "url": "https://www.sec.gov/Archives/edgar/data/0001321655/000095012320008087/filename1.htm"}, {"form_type": "UPLOAD", "filings_date": "2020-07-31", "url": "https://www.sec.gov/Archives/edgar/data/0001321655/000000000020007046/filename1.pdf"}, {"form_type": "DRS/A", "filings_date": "2020-07-22", "url": "https://www.sec.gov/Archives/edgar/data/0001321655/000095012320007113/filename1.htm"}, {"form_type": "DRS", "filings_date": "2020-07-06", "url": "https://www.sec.gov/Archives/edgar/data/0001321655/000095012320006687/filename1.htm"}, {"form_type": "D", "filings_date": "2020-07-02", "url": "https://www.sec.gov/Archives/edgar/data/0001321655/000132165520000001/xslFormDX01/primary_doc.xml"}]}