{"company": {"cik": "0000050471", "name": "PARK CITY GROUP INC", "sic": "Services-Computer Processing & Data Preparation", "state_incorp": "NV", "ticker": "PCYG", "mailing_addr": "5282 SOUTH COMMERCE DRIVE, MURRAY, UT, 84107", "category": "Non-accelerated filer<br>Smaller reporting company", "fiscal_year_end": "30, June"}, "filings": [{"form_type": "8-K", "filings_date": "2022-02-15", "url": "https://www.sec.gov/Archives/edgar/data/0000050471/000185173422000101/pcyg20220215_8k.htm"}, {"form_type": "10-Q", "filings_date": "2022-02-14", "url": "https://www.sec.gov/Archives/edgar/data/0000050471/000185173422000096/pcyg20211231_10q.htm"}, {"form_type": "SC 13G", "filings_date": "2022-02-14", "url": "https://www.sec.gov/Archives/edgar/data/0000050471/000117266122000742/ricehalljames-pcyg123121.htm"}, {"form_type": "SC 13G/A", "filings_date": "2022-02-14", "url": "https://www.sec.gov/Archives/edgar/data/0000050471/000139831822000005/Schedule13g20220214.txt"}, {"form_type": "8-K", "filings_date": "2021-11-18", "url": "https://www.sec.gov/Archives/edgar/data/0000050471/000185173421000119/pcyg20211117_8k.htm"}, {"form_type": "10-Q", "filings_date": "2021-11-15", "url": "https://www.sec.gov/Archives/edgar/data/0000050471/000185173421000093/pcyg20210930_10q.htm"}, {"form_type": "8-K", "filings_date": "2021-10-12", "url": "https://www.sec.gov/Archives/edgar/data/0000050471/000165495421010946/pcyg8k_oct62021.htm"}, {"form_type": "DEFA14A", "filings_date": "2021-10-01", "url": "https://www.sec.gov/Archives/edgar/data/0000050471/000165495421010691/pcygdefa14a.htm"}, {"form_type": "DEF 14A", "filings_date": "2021-09-30", "url": "https://www.sec.gov/Archives/edgar/data/0000050471/000165495421010619/pcygdef14a_oct2021.htm"}, {"form_type": "8-K", "filings_date": "2021-09-29", "url": "https://www.sec.gov/Archives/edgar/data/0000050471/000165495421010535/pcyg8k_sep282021.htm"}, {"form_type": "10-K", "filings_date": "2021-09-28", "url": "https://www.sec.gov/Archives/edgar/data/0000050471/000165495421010502/pcyg10k_june302021.htm"}, {"form_type": "8-K", "filings_date": "2021-05-19", "url": "https://www.sec.gov/Archives/edgar/data/0000050471/000165495421006032/pcyg8k.htm"}, {"form_type": "10-Q", "filings_date": "2021-05-17", "url": "https://www.sec.gov/Archives/edgar/data/0000050471/000165495421005915/pcyg10q_mar312021.htm"}, {"form_type": "S-8", "filings_date": "2021-04-12", "url": "https://www.sec.gov/Archives/edgar/data/0000050471/000165495421004078/pcygs8_march2021.htm"}, {"form_type": "8-K", "filings_date": "2021-02-19", "url": "https://www.sec.gov/Archives/edgar/data/0000050471/000165495421001912/pcyg8k.htm"}, {"form_type": "10-Q", "filings_date": "2021-02-16", "url": "https://www.sec.gov/Archives/edgar/data/0000050471/000165495421001744/pcyg10q_dec312020.htm"}, {"form_type": "4", "filings_date": "2021-01-12", "url": "https://www.sec.gov/Archives/edgar/data/0000050471/000141588921000293/xslF345X03/form4-01122021_080123.xml"}, {"form_type": "4", "filings_date": "2021-01-12", "url": "https://www.sec.gov/Archives/edgar/data/0000050471/000141588921000291/xslF345X03/form4-01122021_080128.xml"}, {"form_type": "4", "filings_date": "2021-01-12", "url": "https://www.sec.gov/Archives/edgar/data/0000050471/000141588921000289/xslF345X03/form4-01122021_080120.xml"}, {"form_type": "8-K", "filings_date": "2020-11-19", "url": "https://www.sec.gov/Archives/edgar/data/0000050471/000165495420012733/pcyg8k.htm"}, {"form_type": "8-K", "filings_date": "2020-11-18", "url": "https://www.sec.gov/Archives/edgar/data/0000050471/000165495420012645/pcyg8k_nov162020.htm"}, {"form_type": "10-Q", "filings_date": "2020-11-16", "url": "https://www.sec.gov/Archives/edgar/data/0000050471/000165495420012517/pcyg10q_sep302020.htm"}, {"form_type": "DEFA14A", "filings_date": "2020-10-13", "url": "https://www.sec.gov/Archives/edgar/data/0000050471/000165495420010992/pcygdefa14a.htm"}, {"form_type": "DEF 14A", "filings_date": "2020-10-13", "url": "https://www.sec.gov/Archives/edgar/data/0000050471/000165495420010991/pcygdef14a_nov192020.htm"}, {"form_type": "8-K", "filings_date": "2020-09-29", "url": "https://www.sec.gov/Archives/edgar/data/0000050471/000165495420010594/pcyg8k.htm"}, {"form_type": "10-K", "filings_date": "2020-09-28", "url": "https://www.sec.gov/Archives/edgar/data/0000050471/000165495420010541/pcyg10k_jun302020.htm"}, {"form_type": "8-K", "filings_date": "2020-08-06", "url": "https://www.sec.gov/Archives/edgar/data/0000050471/000165495420008549/pcyg8k_aug52020.htm"}, {"form_type": "8-K", "filings_date": "2020-05-15", "url": "https://www.sec.gov/Archives/edgar/data/0000050471/000165495420005629/pcyg8k_may152020.htm"}, {"form_type": "10-Q", "filings_date": "2020-05-11", "url": "https://www.sec.gov/Archives/edgar/data/0000050471/000165495420005174/pcyg10q_mar312020.htm"}, {"form_type": "8-K", "filings_date": "2020-05-04", "url": "https://www.sec.gov/Archives/edgar/data/0000050471/000165495420004877/pcyg8k.htm"}, {"form_type": "8-K", "filings_date": "2020-04-27", "url": "https://www.sec.gov/Archives/edgar/data/0000050471/000141588920001070/form8k-04272020_020412.htm"}, {"form_type": "4", "filings_date": "2020-03-18", "url": "https://www.sec.gov/Archives/edgar/data/0000050471/000141588920000805/xslF345X03/form4-03182020_100356.xml"}, {"form_type": "4", "filings_date": "2020-03-18", "url": "https://www.sec.gov/Archives/edgar/data/0000050471/000141588920000802/xslF345X03/form4-03182020_100359.xml"}, {"form_type": "SC 13G", "filings_date": "2020-02-14", "url": "https://www.sec.gov/Archives/edgar/data/0000050471/000139831820000003/Schedule13g20200214.txt"}, {"form_type": "10-Q", "filings_date": "2020-02-10", "url": "https://www.sec.gov/Archives/edgar/data/0000050471/000165495420001285/pcyg10q_dec312019.htm"}, {"form_type": "SC 13G/A", "filings_date": "2020-02-07", "url": "https://www.sec.gov/Archives/edgar/data/0000050471/000031506620001184/filing.txt"}, {"form_type": "8-K/A", "filings_date": "2019-12-18", "url": "https://www.sec.gov/Archives/edgar/data/0000050471/000165495419014043/pcyg8ka.htm"}, {"form_type": "8-K", "filings_date": "2019-11-12", "url": "https://www.sec.gov/Archives/edgar/data/0000050471/000165495419012721/pcyg8k.htm"}, {"form_type": "10-Q", "filings_date": "2019-11-07", "url": "https://www.sec.gov/Archives/edgar/data/0000050471/000165495419012494/pcyg10q_sep302019.htm"}, {"form_type": "DEFA14A", "filings_date": "2019-10-28", "url": "https://www.sec.gov/Archives/edgar/data/0000050471/000165495419012039/pcygdefa14a.htm"}, {"form_type": "DEFA14A", "filings_date": "2019-10-15", "url": "https://www.sec.gov/Archives/edgar/data/0000050471/000165495419011688/pcygdefa14a_oct2019.htm"}, {"form_type": "DEF 14A", "filings_date": "2019-10-11", "url": "https://www.sec.gov/Archives/edgar/data/0000050471/000165495419011632/pcygdef14a_oct2019.htm"}, {"form_type": "4", "filings_date": "2019-09-19", "url": "https://www.sec.gov/Archives/edgar/data/0000050471/000141588919001063/xslF345X03/form4-09192019_120954.xml"}, {"form_type": "3", "filings_date": "2019-09-19", "url": "https://www.sec.gov/Archives/edgar/data/0000050471/000141588919001061/xslF345X02/form3-09192019_120931.xml"}, {"form_type": "8-K", "filings_date": "2019-09-13", "url": "https://www.sec.gov/Archives/edgar/data/0000050471/000165495419010742/pcyg8k_sep122019.htm"}, {"form_type": "10-K", "filings_date": "2019-09-12", "url": "https://www.sec.gov/Archives/edgar/data/0000050471/000165495419010672/pcyg10k_06302019.htm"}, {"form_type": "8-K", "filings_date": "2019-09-04", "url": "https://www.sec.gov/Archives/edgar/data/0000050471/000165495419010342/pcyg8k.htm"}, {"form_type": "4", "filings_date": "2019-08-01", "url": "https://www.sec.gov/Archives/edgar/data/0000050471/000141588919000887/xslF345X03/form4-08012019_100826.xml"}, {"form_type": "4", "filings_date": "2019-07-31", "url": "https://www.sec.gov/Archives/edgar/data/0000050471/000141588919000885/xslF345X03/form4-07312019_120741.xml"}, {"form_type": "4", "filings_date": "2019-07-31", "url": "https://www.sec.gov/Archives/edgar/data/0000050471/000141588919000880/xslF345X03/form4-07312019_100744.xml"}, {"form_type": "8-K", "filings_date": "2019-05-31", "url": "https://www.sec.gov/Archives/edgar/data/0000050471/000165495419006799/pcyg8k_may292019.htm"}, {"form_type": "4", "filings_date": "2019-05-31", "url": "https://www.sec.gov/Archives/edgar/data/0000050471/000141588919000638/xslF345X03/form4-05312019_040502.xml"}, {"form_type": "4", "filings_date": "2019-05-30", "url": "https://www.sec.gov/Archives/edgar/data/0000050471/000141588919000634/xslF345X03/form4-05302019_020526.xml"}, {"form_type": "3", "filings_date": "2019-05-21", "url": "https://www.sec.gov/Archives/edgar/data/0000050471/000141588919000553/xslF345X02/form3-05212019_030539.xml"}, {"form_type": "4", "filings_date": "2019-05-16", "url": "https://www.sec.gov/Archives/edgar/data/0000050471/000141588919000531/xslF345X03/form4-05162019_030522.xml"}, {"form_type": "4", "filings_date": "2019-05-16", "url": "https://www.sec.gov/Archives/edgar/data/0000050471/000141588919000529/xslF345X03/form4-05162019_030504.xml"}, {"form_type": "8-K", "filings_date": "2019-05-15", "url": "https://www.sec.gov/Archives/edgar/data/0000050471/000165495419006110/pcyg8k_may152019.htm"}, {"form_type": "8-K", "filings_date": "2019-05-13", "url": "https://www.sec.gov/Archives/edgar/data/0000050471/000165495419005785/pcyg8k_may2019.htm"}, {"form_type": "10-Q", "filings_date": "2019-05-09", "url": "https://www.sec.gov/Archives/edgar/data/0000050471/000165495419005581/pcyg10q_mar312019.htm"}, {"form_type": "8-K", "filings_date": "2019-05-09", "url": "https://www.sec.gov/Archives/edgar/data/0000050471/000165495419005567/pcyg8k.htm"}, {"form_type": "SC 13G/A", "filings_date": "2019-02-13", "url": "https://www.sec.gov/Archives/edgar/data/0000050471/000031506619001248/filing.txt"}, {"form_type": "8-K", "filings_date": "2019-02-11", "url": "https://www.sec.gov/Archives/edgar/data/0000050471/000165495419001276/pcyg8k_dec2018.htm"}, {"form_type": "10-Q", "filings_date": "2019-02-07", "url": "https://www.sec.gov/Archives/edgar/data/0000050471/000165495419001189/pcyg10q_dec312018.htm"}, {"form_type": "8-K", "filings_date": "2019-01-15", "url": "https://www.sec.gov/Archives/edgar/data/0000050471/000165495419000498/pcyg8k_jan92019.htm"}, {"form_type": "3", "filings_date": "2018-12-13", "url": "https://www.sec.gov/Archives/edgar/data/0000050471/000141588918001758/xslF345X02/form3-12132018_111241.xml"}, {"form_type": "8-K", "filings_date": "2018-11-16", "url": "https://www.sec.gov/Archives/edgar/data/0000050471/000141588918001657/form8k-11162018_041101.htm"}, {"form_type": "4", "filings_date": "2018-11-14", "url": "https://www.sec.gov/Archives/edgar/data/0000050471/000141588918001629/xslF345X03/form4-11142018_091136.xml"}, {"form_type": "4", "filings_date": "2018-11-14", "url": "https://www.sec.gov/Archives/edgar/data/0000050471/000141588918001627/xslF345X03/form4-11142018_091108.xml"}, {"form_type": "4", "filings_date": "2018-11-14", "url": "https://www.sec.gov/Archives/edgar/data/0000050471/000141588918001625/xslF345X03/form4-11142018_091101.xml"}, {"form_type": "4", "filings_date": "2018-11-14", "url": "https://www.sec.gov/Archives/edgar/data/0000050471/000141588918001623/xslF345X03/form4-11142018_091135.xml"}, {"form_type": "4", "filings_date": "2018-11-14", "url": "https://www.sec.gov/Archives/edgar/data/0000050471/000141588918001620/xslF345X03/form4-11142018_091116.xml"}, {"form_type": "8-K", "filings_date": "2018-11-13", "url": "https://www.sec.gov/Archives/edgar/data/0000050471/000165495418012355/pcyg8k_sep2018.htm"}, {"form_type": "10-Q", "filings_date": "2018-11-08", "url": "https://www.sec.gov/Archives/edgar/data/0000050471/000165495418012235/pcyg_10q.htm"}, {"form_type": "DEFA14A", "filings_date": "2018-10-04", "url": "https://www.sec.gov/Archives/edgar/data/0000050471/000165495418010823/pcygdef14a_oct2018.htm"}, {"form_type": "DEF 14A", "filings_date": "2018-10-04", "url": "https://www.sec.gov/Archives/edgar/data/0000050471/000165495418010821/pcygdef14a_oct2018.htm"}, {"form_type": "8-K", "filings_date": "2018-10-04", "url": "https://www.sec.gov/Archives/edgar/data/0000050471/000165495418010819/pcyg8k.htm"}, {"form_type": "8-K", "filings_date": "2018-09-17", "url": "https://www.sec.gov/Archives/edgar/data/0000050471/000165495418010208/pcyg8k_sep2018.htm"}, {"form_type": "10-K", "filings_date": "2018-09-13", "url": "https://www.sec.gov/Archives/edgar/data/0000050471/000165495418010155/pcyg10k_june302018.htm"}, {"form_type": "4", "filings_date": "2018-07-23", "url": "https://www.sec.gov/Archives/edgar/data/0000050471/000141588918001172/xslF345X03/form4-07232018_030703.xml"}, {"form_type": "4", "filings_date": "2018-07-23", "url": "https://www.sec.gov/Archives/edgar/data/0000050471/000141588918001170/xslF345X03/form4-07232018_030749.xml"}, {"form_type": "4", "filings_date": "2018-07-23", "url": "https://www.sec.gov/Archives/edgar/data/0000050471/000141588918001168/xslF345X03/form4-07232018_030727.xml"}, {"form_type": "4", "filings_date": "2018-07-23", "url": "https://www.sec.gov/Archives/edgar/data/0000050471/000141588918001166/xslF345X03/form4-07232018_030730.xml"}, {"form_type": "4", "filings_date": "2018-07-23", "url": "https://www.sec.gov/Archives/edgar/data/0000050471/000141588918001164/xslF345X03/form4-07232018_030759.xml"}, {"form_type": "8-K", "filings_date": "2018-06-18", "url": "https://www.sec.gov/Archives/edgar/data/0000050471/000141588918000953/form8k-06182018_010623.htm"}, {"form_type": "4", "filings_date": "2018-06-15", "url": "https://www.sec.gov/Archives/edgar/data/0000050471/000141588918000933/xslF345X03/form4-06152018_090632.xml"}, {"form_type": "4", "filings_date": "2018-05-25", "url": "https://www.sec.gov/Archives/edgar/data/0000050471/000141588918000815/xslF345X03/form4-05252018_100500.xml"}, {"form_type": "4", "filings_date": "2018-05-25", "url": "https://www.sec.gov/Archives/edgar/data/0000050471/000141588918000813/xslF345X03/form4-05252018_100523.xml"}, {"form_type": "4", "filings_date": "2018-05-24", "url": "https://www.sec.gov/Archives/edgar/data/0000050471/000141588918000811/xslF345X03/form4-05242018_020528.xml"}, {"form_type": "4", "filings_date": "2018-05-24", "url": "https://www.sec.gov/Archives/edgar/data/0000050471/000141588918000809/xslF345X03/form4-05242018_020537.xml"}, {"form_type": "4", "filings_date": "2018-05-24", "url": "https://www.sec.gov/Archives/edgar/data/0000050471/000141588918000806/xslF345X03/form4-05242018_020552.xml"}, {"form_type": "4", "filings_date": "2018-05-24", "url": "https://www.sec.gov/Archives/edgar/data/0000050471/000141588918000804/xslF345X03/form4-05242018_020531.xml"}, {"form_type": "4", "filings_date": "2018-05-16", "url": "https://www.sec.gov/Archives/edgar/data/0000050471/000141588918000752/xslF345X03/form4-05162018_100541.xml"}, {"form_type": "4", "filings_date": "2018-05-16", "url": "https://www.sec.gov/Archives/edgar/data/0000050471/000141588918000750/xslF345X03/form4-05162018_100558.xml"}, {"form_type": "4", "filings_date": "2018-05-16", "url": "https://www.sec.gov/Archives/edgar/data/0000050471/000141588918000748/xslF345X03/form4-05162018_100513.xml"}, {"form_type": "4", "filings_date": "2018-05-16", "url": "https://www.sec.gov/Archives/edgar/data/0000050471/000141588918000746/xslF345X03/form4-05162018_100550.xml"}, {"form_type": "4", "filings_date": "2018-05-16", "url": "https://www.sec.gov/Archives/edgar/data/0000050471/000141588918000744/xslF345X03/form4-05162018_100546.xml"}, {"form_type": "8-K", "filings_date": "2018-05-14", "url": "https://www.sec.gov/Archives/edgar/data/0000050471/000165495418005162/pcyg8k_may102018.htm"}, {"form_type": "10-Q", "filings_date": "2018-05-10", "url": "https://www.sec.gov/Archives/edgar/data/0000050471/000165495418005056/pcyg10q_mar312018.htm"}, {"form_type": "4", "filings_date": "2018-03-14", "url": "https://www.sec.gov/Archives/edgar/data/0000050471/000141588918000365/xslF345X03/form4-03142018_070334.xml"}, {"form_type": "4", "filings_date": "2018-03-14", "url": "https://www.sec.gov/Archives/edgar/data/0000050471/000141588918000363/xslF345X03/form4-03142018_070352.xml"}, {"form_type": "4", "filings_date": "2018-02-14", "url": "https://www.sec.gov/Archives/edgar/data/0000050471/000141588918000253/xslF345X03/form4-02142018_030226.xml"}, {"form_type": "4", "filings_date": "2018-02-14", "url": "https://www.sec.gov/Archives/edgar/data/0000050471/000141588918000250/xslF345X03/form4-02142018_030210.xml"}, {"form_type": "4", "filings_date": "2018-02-14", "url": "https://www.sec.gov/Archives/edgar/data/0000050471/000141588918000246/xslF345X03/form4-02142018_030241.xml"}, {"form_type": "4", "filings_date": "2018-02-14", "url": "https://www.sec.gov/Archives/edgar/data/0000050471/000141588918000244/xslF345X03/form4-02142018_030204.xml"}, {"form_type": "4", "filings_date": "2018-02-14", "url": "https://www.sec.gov/Archives/edgar/data/0000050471/000141588918000242/xslF345X03/form4-02142018_030214.xml"}, {"form_type": "4", "filings_date": "2018-02-14", "url": "https://www.sec.gov/Archives/edgar/data/0000050471/000141588918000239/xslF345X03/form4-02142018_030229.xml"}, {"form_type": "SC 13G/A", "filings_date": "2018-02-13", "url": "https://www.sec.gov/Archives/edgar/data/0000050471/000031506618001485/filing.txt"}, {"form_type": "8-K", "filings_date": "2018-02-13", "url": "https://www.sec.gov/Archives/edgar/data/0000050471/000165495418001380/pcyg8k_feb82018.htm"}, {"form_type": "10-Q", "filings_date": "2018-02-08", "url": "https://www.sec.gov/Archives/edgar/data/0000050471/000165495418001239/pcyg10q_dec312017.htm"}, {"form_type": "4", "filings_date": "2018-01-09", "url": "https://www.sec.gov/Archives/edgar/data/0000050471/000141588918000030/xslF345X03/form4-01092018_010133.xml"}, {"form_type": "4", "filings_date": "2018-01-09", "url": "https://www.sec.gov/Archives/edgar/data/0000050471/000141588918000029/xslF345X03/form4-01092018_010109.xml"}, {"form_type": "4", "filings_date": "2018-01-09", "url": "https://www.sec.gov/Archives/edgar/data/0000050471/000141588918000028/xslF345X03/form4-01092018_010157.xml"}, {"form_type": "4", "filings_date": "2017-11-22", "url": "https://www.sec.gov/Archives/edgar/data/0000050471/000141588917001851/xslF345X03/form4-11222017_111100.xml"}, {"form_type": "4", "filings_date": "2017-11-22", "url": "https://www.sec.gov/Archives/edgar/data/0000050471/000141588917001849/xslF345X03/form4-11222017_111144.xml"}, {"form_type": "4", "filings_date": "2017-11-22", "url": "https://www.sec.gov/Archives/edgar/data/0000050471/000141588917001847/xslF345X03/form4-11222017_111123.xml"}, {"form_type": "8-K", "filings_date": "2017-11-13", "url": "https://www.sec.gov/Archives/edgar/data/0000050471/000165495417010492/pcyg8k_nov92017.htm"}, {"form_type": "S-8", "filings_date": "2017-11-09", "url": "https://www.sec.gov/Archives/edgar/data/0000050471/000165495417010312/pcygs8_nov92017.htm"}, {"form_type": "10-Q", "filings_date": "2017-11-09", "url": "https://www.sec.gov/Archives/edgar/data/0000050471/000165495417010310/pcyg10q_sep302017.htm"}, {"form_type": "8-K", "filings_date": "2017-11-09", "url": "https://www.sec.gov/Archives/edgar/data/0000050471/000141588917001765/form8k-11092017_011110.htm"}, {"form_type": "4", "filings_date": "2017-10-26", "url": "https://www.sec.gov/Archives/edgar/data/0000050471/000141588917001733/xslF345X03/form4-10262017_061037.xml"}, {"form_type": "4", "filings_date": "2017-10-26", "url": "https://www.sec.gov/Archives/edgar/data/0000050471/000141588917001731/xslF345X03/form4-10262017_061004.xml"}, {"form_type": "4", "filings_date": "2017-10-26", "url": "https://www.sec.gov/Archives/edgar/data/0000050471/000141588917001729/xslF345X03/form4-10262017_061048.xml"}, {"form_type": "4", "filings_date": "2017-10-26", "url": "https://www.sec.gov/Archives/edgar/data/0000050471/000141588917001727/xslF345X03/form4-10262017_061013.xml"}, {"form_type": "4", "filings_date": "2017-10-26", "url": "https://www.sec.gov/Archives/edgar/data/0000050471/000141588917001725/xslF345X03/form4-10262017_061017.xml"}, {"form_type": "4", "filings_date": "2017-10-26", "url": "https://www.sec.gov/Archives/edgar/data/0000050471/000141588917001723/xslF345X03/form4-10262017_061003.xml"}, {"form_type": "5", "filings_date": "2017-10-26", "url": "https://www.sec.gov/Archives/edgar/data/0000050471/000141588917001721/xslF345X03/form5-10262017_061002.xml"}, {"form_type": "5", "filings_date": "2017-10-26", "url": "https://www.sec.gov/Archives/edgar/data/0000050471/000141588917001719/xslF345X03/form5-10262017_061033.xml"}, {"form_type": "5", "filings_date": "2017-10-26", "url": "https://www.sec.gov/Archives/edgar/data/0000050471/000141588917001717/xslF345X03/form5-10262017_061008.xml"}, {"form_type": "5", "filings_date": "2017-10-26", "url": "https://www.sec.gov/Archives/edgar/data/0000050471/000141588917001715/xslF345X03/form5-10262017_061033.xml"}, {"form_type": "5", "filings_date": "2017-10-26", "url": "https://www.sec.gov/Archives/edgar/data/0000050471/000141588917001713/xslF345X03/form5-10262017_061057.xml"}, {"form_type": "5", "filings_date": "2017-10-26", "url": "https://www.sec.gov/Archives/edgar/data/0000050471/000141588917001711/xslF345X03/form5-10262017_061013.xml"}, {"form_type": "5", "filings_date": "2017-10-26", "url": "https://www.sec.gov/Archives/edgar/data/0000050471/000141588917001709/xslF345X03/form5-10262017_051012.xml"}, {"form_type": "5", "filings_date": "2017-10-26", "url": "https://www.sec.gov/Archives/edgar/data/0000050471/000141588917001707/xslF345X03/form5-10262017_051040.xml"}, {"form_type": "DEF 14A", "filings_date": "2017-10-19", "url": "https://www.sec.gov/Archives/edgar/data/0000050471/000165495417009541/pcygdef14a_oct2017.htm"}, {"form_type": "8-K", "filings_date": "2017-09-18", "url": "https://www.sec.gov/Archives/edgar/data/0000050471/000141588917001487/form8k-09182017_080901.htm"}, {"form_type": "8-K", "filings_date": "2017-09-15", "url": "https://www.sec.gov/Archives/edgar/data/0000050471/000165495417008473/pcyg8k_sep132017.htm"}, {"form_type": "10-K", "filings_date": "2017-09-13", "url": "https://www.sec.gov/Archives/edgar/data/0000050471/000165495417008440/pcyg10k_june302017.htm"}, {"form_type": "8-K", "filings_date": "2017-07-28", "url": "https://www.sec.gov/Archives/edgar/data/0000050471/000165495417006741/pcyg8k_july252017.htm"}, {"form_type": "8-K", "filings_date": "2017-05-12", "url": "https://www.sec.gov/Archives/edgar/data/0000050471/000165495417004480/pcyg8k_may102017.htm"}, {"form_type": "10-Q", "filings_date": "2017-05-10", "url": "https://www.sec.gov/Archives/edgar/data/0000050471/000141588917000738/pcyg10q_mar312017.htm"}, {"form_type": "SC 13G/A", "filings_date": "2017-02-14", "url": "https://www.sec.gov/Archives/edgar/data/0000050471/000031506617001947/filing.txt"}, {"form_type": "8-K", "filings_date": "2017-02-08", "url": "https://www.sec.gov/Archives/edgar/data/0000050471/000165495417000837/pcyg8k_feb62017.htm"}, {"form_type": "10-Q", "filings_date": "2017-02-06", "url": "https://www.sec.gov/Archives/edgar/data/0000050471/000165495417000770/pcyg10q_dec312016.htm"}]}