{"company": {"cik": "0001590955", "name": "Paycom Software, Inc.", "sic": "Services-Prepackaged Software", "state_incorp": "DE", "ticker": "PAYC", "mailing_addr": "7501 W. MEMORIAL ROAD, OKLAHOMA CITY, OK, 73142", "category": "Large accelerated filer", "fiscal_year_end": "31, December"}, "filings": [{"form_type": "10-K", "filings_date": "2022-02-17", "url": "https://www.sec.gov/Archives/edgar/data/0001590955/000156459022005562/payc-10k_20211231.htm"}, {"form_type": "SC 13D/A", "filings_date": "2022-02-15", "url": "https://www.sec.gov/Archives/edgar/data/0001590955/000119312522043441/d282323dsc13da.htm"}, {"form_type": "SC 13G/A", "filings_date": "2022-02-14", "url": "https://www.sec.gov/Archives/edgar/data/0001590955/000008025522002111/payc13gadec21.txt"}, {"form_type": "SC 13G/A", "filings_date": "2022-02-10", "url": "https://www.sec.gov/Archives/edgar/data/0001590955/000110465922018301/tv01632-paycomsoftwareinc.htm"}, {"form_type": "5", "filings_date": "2022-02-08", "url": "https://www.sec.gov/Archives/edgar/data/0001590955/000089924322005278/xslF345X03/doc5.xml"}, {"form_type": "5", "filings_date": "2022-02-08", "url": "https://www.sec.gov/Archives/edgar/data/0001590955/000089924322005277/xslF345X03/doc5.xml"}, {"form_type": "5", "filings_date": "2022-02-08", "url": "https://www.sec.gov/Archives/edgar/data/0001590955/000089924322005276/xslF345X03/doc5.xml"}, {"form_type": "5", "filings_date": "2022-02-08", "url": "https://www.sec.gov/Archives/edgar/data/0001590955/000089924322005275/xslF345X03/doc5.xml"}, {"form_type": "4", "filings_date": "2022-02-08", "url": "https://www.sec.gov/Archives/edgar/data/0001590955/000089924322005274/xslF345X03/doc4.xml"}, {"form_type": "8-K", "filings_date": "2022-02-08", "url": "https://www.sec.gov/Archives/edgar/data/0001590955/000156459022004232/payc-8k_20220208.htm"}, {"form_type": "SC 13G/A", "filings_date": "2022-02-03", "url": "https://www.sec.gov/Archives/edgar/data/0001590955/000083423722006330/us70432v1026_020322.txt"}, {"form_type": "4", "filings_date": "2021-11-12", "url": "https://www.sec.gov/Archives/edgar/data/0001590955/000089924321044349/xslF345X03/doc4.xml"}, {"form_type": "10-Q", "filings_date": "2021-11-04", "url": "https://www.sec.gov/Archives/edgar/data/0001590955/000156459021054471/payc-10q_20210930.htm"}, {"form_type": "8-K", "filings_date": "2021-11-02", "url": "https://www.sec.gov/Archives/edgar/data/0001590955/000156459021053548/payc-8k_20211102.htm"}, {"form_type": "4", "filings_date": "2021-09-29", "url": "https://www.sec.gov/Archives/edgar/data/0001590955/000089924321038190/xslF345X03/doc4.xml"}, {"form_type": "3", "filings_date": "2021-09-29", "url": "https://www.sec.gov/Archives/edgar/data/0001590955/000089924321038187/xslF345X02/doc3.xml"}, {"form_type": "8-K", "filings_date": "2021-09-28", "url": "https://www.sec.gov/Archives/edgar/data/0001590955/000119312521285520/d202048d8k.htm"}, {"form_type": "4", "filings_date": "2021-09-14", "url": "https://www.sec.gov/Archives/edgar/data/0001590955/000089924321035834/xslF345X03/doc4.xml"}, {"form_type": "4", "filings_date": "2021-09-14", "url": "https://www.sec.gov/Archives/edgar/data/0001590955/000089924321035830/xslF345X03/doc4.xml"}, {"form_type": "4", "filings_date": "2021-09-14", "url": "https://www.sec.gov/Archives/edgar/data/0001590955/000089924321035829/xslF345X03/doc4.xml"}, {"form_type": "4", "filings_date": "2021-09-14", "url": "https://www.sec.gov/Archives/edgar/data/0001590955/000089924321035828/xslF345X03/doc4.xml"}, {"form_type": "4", "filings_date": "2021-09-14", "url": "https://www.sec.gov/Archives/edgar/data/0001590955/000089924321035823/xslF345X03/doc4.xml"}, {"form_type": "4", "filings_date": "2021-09-10", "url": "https://www.sec.gov/Archives/edgar/data/0001590955/000089924321035547/xslF345X03/doc4.xml"}, {"form_type": "4", "filings_date": "2021-09-03", "url": "https://www.sec.gov/Archives/edgar/data/0001590955/000089924321035114/xslF345X03/doc4.xml"}, {"form_type": "4", "filings_date": "2021-08-25", "url": "https://www.sec.gov/Archives/edgar/data/0001590955/000089924321034144/xslF345X03/doc4.xml"}, {"form_type": "4", "filings_date": "2021-08-11", "url": "https://www.sec.gov/Archives/edgar/data/0001590955/000089924321032514/xslF345X03/doc4.xml"}, {"form_type": "4", "filings_date": "2021-08-09", "url": "https://www.sec.gov/Archives/edgar/data/0001590955/000089924321032153/xslF345X03/doc4.xml"}, {"form_type": "10-Q", "filings_date": "2021-08-05", "url": "https://www.sec.gov/Archives/edgar/data/0001590955/000156459021041585/payc-10q_20210630.htm"}, {"form_type": "8-K", "filings_date": "2021-08-03", "url": "https://www.sec.gov/Archives/edgar/data/0001590955/000156459021040219/payc-8k_20210803.htm"}, {"form_type": "8-K", "filings_date": "2021-07-27", "url": "https://www.sec.gov/Archives/edgar/data/0001590955/000119312521225060/d196327d8k.htm"}, {"form_type": "4", "filings_date": "2021-07-14", "url": "https://www.sec.gov/Archives/edgar/data/0001590955/000089924321028306/xslF345X03/doc4.xml"}, {"form_type": "4", "filings_date": "2021-07-08", "url": "https://www.sec.gov/Archives/edgar/data/0001590955/000089924321027878/xslF345X03/doc4.xml"}, {"form_type": "4", "filings_date": "2021-05-20", "url": "https://www.sec.gov/Archives/edgar/data/0001590955/000089924321020143/xslF345X03/doc4.xml"}, {"form_type": "8-K", "filings_date": "2021-05-13", "url": "https://www.sec.gov/Archives/edgar/data/0001590955/000119312521160582/d116910d8k.htm"}, {"form_type": "4", "filings_date": "2021-05-12", "url": "https://www.sec.gov/Archives/edgar/data/0001590955/000089924321019262/xslF345X03/doc4.xml"}, {"form_type": "4", "filings_date": "2021-05-12", "url": "https://www.sec.gov/Archives/edgar/data/0001590955/000089924321019261/xslF345X03/doc4.xml"}, {"form_type": "4", "filings_date": "2021-05-12", "url": "https://www.sec.gov/Archives/edgar/data/0001590955/000089924321019260/xslF345X03/doc4.xml"}, {"form_type": "4", "filings_date": "2021-05-12", "url": "https://www.sec.gov/Archives/edgar/data/0001590955/000089924321019258/xslF345X03/doc4.xml"}, {"form_type": "4", "filings_date": "2021-05-12", "url": "https://www.sec.gov/Archives/edgar/data/0001590955/000089924321019257/xslF345X03/doc4.xml"}, {"form_type": "4", "filings_date": "2021-05-10", "url": "https://www.sec.gov/Archives/edgar/data/0001590955/000089924321018960/xslF345X03/doc4.xml"}, {"form_type": "4", "filings_date": "2021-05-10", "url": "https://www.sec.gov/Archives/edgar/data/0001590955/000089924321018958/xslF345X03/doc4.xml"}, {"form_type": "4", "filings_date": "2021-05-10", "url": "https://www.sec.gov/Archives/edgar/data/0001590955/000089924321018954/xslF345X03/doc4.xml"}, {"form_type": "4", "filings_date": "2021-05-10", "url": "https://www.sec.gov/Archives/edgar/data/0001590955/000089924321018950/xslF345X03/doc4.xml"}, {"form_type": "4", "filings_date": "2021-05-10", "url": "https://www.sec.gov/Archives/edgar/data/0001590955/000089924321018945/xslF345X03/doc4.xml"}, {"form_type": "8-K", "filings_date": "2021-05-07", "url": "https://www.sec.gov/Archives/edgar/data/0001590955/000119312521154947/d42316d8k.htm"}, {"form_type": "10-Q", "filings_date": "2021-05-06", "url": "https://www.sec.gov/Archives/edgar/data/0001590955/000156459021024960/payc-10q_20210331.htm"}, {"form_type": "4", "filings_date": "2021-05-05", "url": "https://www.sec.gov/Archives/edgar/data/0001590955/000089924321018347/xslF345X03/doc4.xml"}, {"form_type": "4", "filings_date": "2021-05-05", "url": "https://www.sec.gov/Archives/edgar/data/0001590955/000089924321018346/xslF345X03/doc4.xml"}, {"form_type": "4", "filings_date": "2021-05-05", "url": "https://www.sec.gov/Archives/edgar/data/0001590955/000089924321018341/xslF345X03/doc4.xml"}, {"form_type": "4", "filings_date": "2021-05-05", "url": "https://www.sec.gov/Archives/edgar/data/0001590955/000089924321018342/xslF345X03/doc4.xml"}, {"form_type": "4", "filings_date": "2021-05-05", "url": "https://www.sec.gov/Archives/edgar/data/0001590955/000089924321018338/xslF345X03/doc4.xml"}, {"form_type": "4", "filings_date": "2021-05-05", "url": "https://www.sec.gov/Archives/edgar/data/0001590955/000089924321018339/xslF345X03/doc4.xml"}, {"form_type": "8-K", "filings_date": "2021-05-04", "url": "https://www.sec.gov/Archives/edgar/data/0001590955/000156459021023324/payc-8k_20210504.htm"}, {"form_type": "4", "filings_date": "2021-04-19", "url": "https://www.sec.gov/Archives/edgar/data/0001590955/000089924321016214/xslF345X03/doc4.xml"}, {"form_type": "4", "filings_date": "2021-04-19", "url": "https://www.sec.gov/Archives/edgar/data/0001590955/000089924321016213/xslF345X03/doc4.xml"}, {"form_type": "4", "filings_date": "2021-04-19", "url": "https://www.sec.gov/Archives/edgar/data/0001590955/000089924321016215/xslF345X03/doc4.xml"}, {"form_type": "4", "filings_date": "2021-04-19", "url": "https://www.sec.gov/Archives/edgar/data/0001590955/000089924321016212/xslF345X03/doc4.xml"}, {"form_type": "3", "filings_date": "2021-04-12", "url": "https://www.sec.gov/Archives/edgar/data/0001590955/000089924321015530/xslF345X02/doc3.xml"}, {"form_type": "8-K", "filings_date": "2021-04-07", "url": "https://www.sec.gov/Archives/edgar/data/0001590955/000119312521108883/d133695d8k.htm"}, {"form_type": "DEF 14A", "filings_date": "2021-04-01", "url": "https://www.sec.gov/Archives/edgar/data/0001590955/000119312521103994/d107183ddef14a.htm"}, {"form_type": "10-K", "filings_date": "2021-02-18", "url": "https://www.sec.gov/Archives/edgar/data/0001590955/000156459021006660/payc-10k_20201231.htm"}, {"form_type": "8-K", "filings_date": "2021-02-17", "url": "https://www.sec.gov/Archives/edgar/data/0001590955/000119312521046521/d127556d8k.htm"}, {"form_type": "SC 13G/A", "filings_date": "2021-02-16", "url": "https://www.sec.gov/Archives/edgar/data/0001590955/000008025521001220/payc13gadec20.txt"}, {"form_type": "8-K", "filings_date": "2021-02-10", "url": "https://www.sec.gov/Archives/edgar/data/0001590955/000156459021005260/payc-8k_20210210.htm"}, {"form_type": "SC 13G/A", "filings_date": "2021-02-10", "url": "https://www.sec.gov/Archives/edgar/data/0001590955/000110465921018833/tv01583-paycomsoftwareinc.htm"}, {"form_type": "5", "filings_date": "2021-02-03", "url": "https://www.sec.gov/Archives/edgar/data/0001590955/000089924321004674/xslF345X03/doc5.xml"}, {"form_type": "SC 13G/A", "filings_date": "2021-01-29", "url": "https://www.sec.gov/Archives/edgar/data/0001590955/000083423721004730/us70432v1026_012921.txt"}, {"form_type": "4", "filings_date": "2021-01-19", "url": "https://www.sec.gov/Archives/edgar/data/0001590955/000089924321002355/xslF345X03/doc4.xml"}, {"form_type": "4", "filings_date": "2020-12-16", "url": "https://www.sec.gov/Archives/edgar/data/0001590955/000089924320034110/xslF345X03/doc4.xml"}, {"form_type": "4", "filings_date": "2020-12-16", "url": "https://www.sec.gov/Archives/edgar/data/0001590955/000089924320034108/xslF345X03/doc4.xml"}, {"form_type": "4", "filings_date": "2020-12-16", "url": "https://www.sec.gov/Archives/edgar/data/0001590955/000089924320034107/xslF345X03/doc4.xml"}, {"form_type": "4", "filings_date": "2020-12-16", "url": "https://www.sec.gov/Archives/edgar/data/0001590955/000089924320034105/xslF345X03/doc4.xml"}, {"form_type": "4", "filings_date": "2020-12-16", "url": "https://www.sec.gov/Archives/edgar/data/0001590955/000089924320034103/xslF345X03/doc4.xml"}, {"form_type": "4", "filings_date": "2020-12-08", "url": "https://www.sec.gov/Archives/edgar/data/0001590955/000089924320033007/xslF345X03/doc4.xml"}, {"form_type": "4", "filings_date": "2020-12-07", "url": "https://www.sec.gov/Archives/edgar/data/0001590955/000089924320032864/xslF345X03/doc4.xml"}, {"form_type": "4", "filings_date": "2020-11-23", "url": "https://www.sec.gov/Archives/edgar/data/0001590955/000089924320031909/xslF345X03/doc4.xml"}, {"form_type": "SC 13D/A", "filings_date": "2020-11-23", "url": "https://www.sec.gov/Archives/edgar/data/0001590955/000119312520301257/d49409dsc13da.htm"}, {"form_type": "8-K", "filings_date": "2020-11-23", "url": "https://www.sec.gov/Archives/edgar/data/0001590955/000119312520301224/d74249d8k.htm"}, {"form_type": "4", "filings_date": "2020-11-12", "url": "https://www.sec.gov/Archives/edgar/data/0001590955/000089924320030882/xslF345X03/doc4.xml"}, {"form_type": "4", "filings_date": "2020-11-05", "url": "https://www.sec.gov/Archives/edgar/data/0001590955/000089924320030472/xslF345X03/doc4.xml"}, {"form_type": "10-Q", "filings_date": "2020-11-05", "url": "https://www.sec.gov/Archives/edgar/data/0001590955/000156459020051300/payc-10q_20200930.htm"}, {"form_type": "8-K", "filings_date": "2020-11-04", "url": "https://www.sec.gov/Archives/edgar/data/0001590955/000156459020050459/payc-8k_20201104.htm"}, {"form_type": "4", "filings_date": "2020-10-19", "url": "https://www.sec.gov/Archives/edgar/data/0001590955/000089924320028611/xslF345X03/doc4.xml"}, {"form_type": "4", "filings_date": "2020-10-14", "url": "https://www.sec.gov/Archives/edgar/data/0001590955/000089924320028175/xslF345X03/doc4.xml"}, {"form_type": "4", "filings_date": "2020-10-13", "url": "https://www.sec.gov/Archives/edgar/data/0001590955/000089924320028003/xslF345X03/doc4.xml"}, {"form_type": "4", "filings_date": "2020-10-09", "url": "https://www.sec.gov/Archives/edgar/data/0001590955/000089924320027905/xslF345X03/doc4.xml"}, {"form_type": "4", "filings_date": "2020-10-07", "url": "https://www.sec.gov/Archives/edgar/data/0001590955/000089924320027720/xslF345X03/doc4.xml"}, {"form_type": "4", "filings_date": "2020-10-05", "url": "https://www.sec.gov/Archives/edgar/data/0001590955/000089924320027298/xslF345X03/doc4.xml"}, {"form_type": "4", "filings_date": "2020-10-01", "url": "https://www.sec.gov/Archives/edgar/data/0001590955/000089924320026671/xslF345X03/doc4.xml"}, {"form_type": "4", "filings_date": "2020-09-03", "url": "https://www.sec.gov/Archives/edgar/data/0001590955/000089924320024195/xslF345X03/doc4.xml"}, {"form_type": "SC 13D/A", "filings_date": "2020-08-11", "url": "https://www.sec.gov/Archives/edgar/data/0001590955/000119312520216312/d917592dsc13da.htm"}, {"form_type": "10-Q", "filings_date": "2020-08-06", "url": "https://www.sec.gov/Archives/edgar/data/0001590955/000156459020037741/payc-10q_20200630.htm"}, {"form_type": "4", "filings_date": "2020-08-05", "url": "https://www.sec.gov/Archives/edgar/data/0001590955/000089924320021452/xslF345X03/doc4.xml"}, {"form_type": "8-K", "filings_date": "2020-08-04", "url": "https://www.sec.gov/Archives/edgar/data/0001590955/000156459020036204/payc-8k_20200804.htm"}, {"form_type": "4", "filings_date": "2020-07-17", "url": "https://www.sec.gov/Archives/edgar/data/0001590955/000089924320019492/xslF345X03/doc4.xml"}, {"form_type": "4", "filings_date": "2020-07-13", "url": "https://www.sec.gov/Archives/edgar/data/0001590955/000089924320019001/xslF345X03/doc4.xml"}, {"form_type": "4", "filings_date": "2020-07-09", "url": "https://www.sec.gov/Archives/edgar/data/0001590955/000089924320018861/xslF345X03/doc4.xml"}, {"form_type": "4", "filings_date": "2020-07-09", "url": "https://www.sec.gov/Archives/edgar/data/0001590955/000089924320018860/xslF345X03/doc4.xml"}, {"form_type": "4", "filings_date": "2020-06-15", "url": "https://www.sec.gov/Archives/edgar/data/0001590955/000089924320016599/xslF345X03/doc4.xml"}, {"form_type": "4", "filings_date": "2020-06-12", "url": "https://www.sec.gov/Archives/edgar/data/0001590955/000089924320016312/xslF345X03/doc4.xml"}, {"form_type": "4", "filings_date": "2020-06-10", "url": "https://www.sec.gov/Archives/edgar/data/0001590955/000089924320015960/xslF345X03/doc4.xml"}, {"form_type": "8-K", "filings_date": "2020-06-08", "url": "https://www.sec.gov/Archives/edgar/data/0001590955/000119312520163485/d928226d8k.htm"}, {"form_type": "4", "filings_date": "2020-06-03", "url": "https://www.sec.gov/Archives/edgar/data/0001590955/000089924320015126/xslF345X03/doc4.xml"}, {"form_type": "4", "filings_date": "2020-06-01", "url": "https://www.sec.gov/Archives/edgar/data/0001590955/000089924320014725/xslF345X03/doc4.xml"}, {"form_type": "4", "filings_date": "2020-05-27", "url": "https://www.sec.gov/Archives/edgar/data/0001590955/000089924320014289/xslF345X03/doc4.xml"}, {"form_type": "4", "filings_date": "2020-05-21", "url": "https://www.sec.gov/Archives/edgar/data/0001590955/000089924320013834/xslF345X03/doc4.xml"}, {"form_type": "SC 13D/A", "filings_date": "2020-05-21", "url": "https://www.sec.gov/Archives/edgar/data/0001590955/000119312520148684/d919561dsc13da.htm"}, {"form_type": "4", "filings_date": "2020-05-20", "url": "https://www.sec.gov/Archives/edgar/data/0001590955/000089924320013685/xslF345X03/doc4.xml"}, {"form_type": "4", "filings_date": "2020-05-14", "url": "https://www.sec.gov/Archives/edgar/data/0001590955/000089924320013143/xslF345X03/doc4.xml"}, {"form_type": "4", "filings_date": "2020-05-12", "url": "https://www.sec.gov/Archives/edgar/data/0001590955/000089924320012826/xslF345X03/doc4.xml"}, {"form_type": "4", "filings_date": "2020-05-12", "url": "https://www.sec.gov/Archives/edgar/data/0001590955/000089924320012825/xslF345X03/doc4.xml"}, {"form_type": "4", "filings_date": "2020-05-12", "url": "https://www.sec.gov/Archives/edgar/data/0001590955/000089924320012824/xslF345X03/doc4.xml"}, {"form_type": "4", "filings_date": "2020-05-12", "url": "https://www.sec.gov/Archives/edgar/data/0001590955/000089924320012823/xslF345X03/doc4.xml"}, {"form_type": "4", "filings_date": "2020-05-12", "url": "https://www.sec.gov/Archives/edgar/data/0001590955/000089924320012821/xslF345X03/doc4.xml"}, {"form_type": "4", "filings_date": "2020-05-08", "url": "https://www.sec.gov/Archives/edgar/data/0001590955/000089924320012364/xslF345X03/doc4.xml"}, {"form_type": "4", "filings_date": "2020-05-08", "url": "https://www.sec.gov/Archives/edgar/data/0001590955/000089924320012363/xslF345X03/doc4.xml"}, {"form_type": "4", "filings_date": "2020-05-08", "url": "https://www.sec.gov/Archives/edgar/data/0001590955/000089924320012362/xslF345X03/doc4.xml"}, {"form_type": "4", "filings_date": "2020-05-08", "url": "https://www.sec.gov/Archives/edgar/data/0001590955/000089924320012361/xslF345X03/doc4.xml"}, {"form_type": "4", "filings_date": "2020-05-08", "url": "https://www.sec.gov/Archives/edgar/data/0001590955/000089924320012360/xslF345X03/doc4.xml"}, {"form_type": "SC 13D/A", "filings_date": "2020-05-06", "url": "https://www.sec.gov/Archives/edgar/data/0001590955/000119312520134986/d926297dsc13da.htm"}, {"form_type": "4", "filings_date": "2020-05-05", "url": "https://www.sec.gov/Archives/edgar/data/0001590955/000089924320012053/xslF345X03/doc4.xml"}, {"form_type": "10-Q", "filings_date": "2020-04-30", "url": "https://www.sec.gov/Archives/edgar/data/0001590955/000156459020020184/payc-10q_20200331.htm"}, {"form_type": "4", "filings_date": "2020-04-29", "url": "https://www.sec.gov/Archives/edgar/data/0001590955/000089924320011557/xslF345X03/doc4.xml"}, {"form_type": "4", "filings_date": "2020-04-29", "url": "https://www.sec.gov/Archives/edgar/data/0001590955/000089924320011548/xslF345X03/doc4.xml"}, {"form_type": "8-K", "filings_date": "2020-04-29", "url": "https://www.sec.gov/Archives/edgar/data/0001590955/000156459020019716/payc-8k_20200427.htm"}, {"form_type": "4", "filings_date": "2020-04-29", "url": "https://www.sec.gov/Archives/edgar/data/0001590955/000089924320011547/xslF345X03/doc4.xml"}, {"form_type": "4", "filings_date": "2020-04-29", "url": "https://www.sec.gov/Archives/edgar/data/0001590955/000089924320011546/xslF345X03/doc4.xml"}, {"form_type": "4", "filings_date": "2020-04-29", "url": "https://www.sec.gov/Archives/edgar/data/0001590955/000089924320011544/xslF345X03/doc4.xml"}, {"form_type": "4", "filings_date": "2020-04-29", "url": "https://www.sec.gov/Archives/edgar/data/0001590955/000089924320011543/xslF345X03/doc4.xml"}, {"form_type": "8-K", "filings_date": "2020-04-28", "url": "https://www.sec.gov/Archives/edgar/data/0001590955/000156459020019222/payc-8k_20200428.htm"}, {"form_type": "4", "filings_date": "2020-04-17", "url": "https://www.sec.gov/Archives/edgar/data/0001590955/000089924320010903/xslF345X03/doc4.xml"}, {"form_type": "4", "filings_date": "2020-04-16", "url": "https://www.sec.gov/Archives/edgar/data/0001590955/000089924320010839/xslF345X03/doc4.xml"}, {"form_type": "4", "filings_date": "2020-04-15", "url": "https://www.sec.gov/Archives/edgar/data/0001590955/000089924320010767/xslF345X03/doc4.xml"}, {"form_type": "DEFA14A", "filings_date": "2020-04-08", "url": "https://www.sec.gov/Archives/edgar/data/0001590955/000156459020015902/payc-defa14a_20200408.htm"}, {"form_type": "DEFA14A", "filings_date": "2020-04-08", "url": "https://www.sec.gov/Archives/edgar/data/0001590955/000156459020015901/payc-defa14a_20200408.htm"}, {"form_type": "DEF 14A", "filings_date": "2020-03-25", "url": "https://www.sec.gov/Archives/edgar/data/0001590955/000119312520085078/d875888ddef14a.htm"}, {"form_type": "8-K", "filings_date": "2020-03-12", "url": "https://www.sec.gov/Archives/edgar/data/0001590955/000119312520071733/d871769d8k.htm"}, {"form_type": "SC 13G", "filings_date": "2020-02-14", "url": "https://www.sec.gov/Archives/edgar/data/0001590955/000008025520001264/payc13gdec19.txt"}, {"form_type": "SC 13G/A", "filings_date": "2020-02-14", "url": "https://www.sec.gov/Archives/edgar/data/0001590955/000139834420003459/fp0050132_sc13ga.htm"}, {"form_type": "SC 13G/A", "filings_date": "2020-02-14", "url": "https://www.sec.gov/Archives/edgar/data/0001590955/000142284920000091/edgpayc.txt"}, {"form_type": "10-K", "filings_date": "2020-02-13", "url": "https://www.sec.gov/Archives/edgar/data/0001590955/000156459020004636/payc-10k_20191231.htm"}, {"form_type": "SC 13G/A", "filings_date": "2020-02-10", "url": "https://www.sec.gov/Archives/edgar/data/0001590955/000110465920013319/tv0006-paycomsoftwareinc.htm"}, {"form_type": "SC 13G/A", "filings_date": "2020-02-10", "url": "https://www.sec.gov/Archives/edgar/data/0001590955/000110465920013289/tv01480-paycomsoftwareinc.htm"}, {"form_type": "SC 13G/A", "filings_date": "2020-02-07", "url": "https://www.sec.gov/Archives/edgar/data/0001590955/000031506620001166/filing.txt"}, {"form_type": "SC 13G", "filings_date": "2020-02-07", "url": "https://www.sec.gov/Archives/edgar/data/0001590955/000083423720008058/us70432v1026_020620.txt"}, {"form_type": "8-K", "filings_date": "2020-02-05", "url": "https://www.sec.gov/Archives/edgar/data/0001590955/000119312520025414/d878213d8k.htm"}, {"form_type": "8-K", "filings_date": "2020-02-05", "url": "https://www.sec.gov/Archives/edgar/data/0001590955/000156459020003462/payc-8k_20200205.htm"}, {"form_type": "5", "filings_date": "2020-02-03", "url": "https://www.sec.gov/Archives/edgar/data/0001590955/000089924320002615/xslF345X03/doc5.xml"}, {"form_type": "4", "filings_date": "2020-02-03", "url": "https://www.sec.gov/Archives/edgar/data/0001590955/000089924320002613/xslF345X03/doc4.xml"}, {"form_type": "4", "filings_date": "2020-02-03", "url": "https://www.sec.gov/Archives/edgar/data/0001590955/000089924320002610/xslF345X03/doc4.xml"}, {"form_type": "4", "filings_date": "2020-02-03", "url": "https://www.sec.gov/Archives/edgar/data/0001590955/000089924320002609/xslF345X03/doc4.xml"}, {"form_type": "4", "filings_date": "2020-02-03", "url": "https://www.sec.gov/Archives/edgar/data/0001590955/000089924320002603/xslF345X03/doc4.xml"}, {"form_type": "4", "filings_date": "2020-02-03", "url": "https://www.sec.gov/Archives/edgar/data/0001590955/000089924320002601/xslF345X03/doc4.xml"}, {"form_type": "4", "filings_date": "2019-11-08", "url": "https://www.sec.gov/Archives/edgar/data/0001590955/000089924319026982/xslF345X03/doc4.xml"}, {"form_type": "10-Q", "filings_date": "2019-10-31", "url": "https://www.sec.gov/Archives/edgar/data/0001590955/000156459019039201/payc-10q_20190930.htm"}, {"form_type": "8-K", "filings_date": "2019-10-29", "url": "https://www.sec.gov/Archives/edgar/data/0001590955/000156459019038402/payc-8k_20191029.htm"}, {"form_type": "4", "filings_date": "2019-08-16", "url": "https://www.sec.gov/Archives/edgar/data/0001590955/000089924319021899/xslF345X03/doc4.xml"}, {"form_type": "10-Q", "filings_date": "2019-08-01", "url": "https://www.sec.gov/Archives/edgar/data/0001590955/000156459019027991/payc-10q_20190630.htm"}, {"form_type": "8-K", "filings_date": "2019-07-30", "url": "https://www.sec.gov/Archives/edgar/data/0001590955/000156459019026986/payc-8k_20190730.htm"}, {"form_type": "4", "filings_date": "2019-07-10", "url": "https://www.sec.gov/Archives/edgar/data/0001590955/000089924319019428/xslF345X03/doc4.xml"}, {"form_type": "4", "filings_date": "2019-07-10", "url": "https://www.sec.gov/Archives/edgar/data/0001590955/000089924319019426/xslF345X03/doc4.xml"}, {"form_type": "4", "filings_date": "2019-06-05", "url": "https://www.sec.gov/Archives/edgar/data/0001590955/000089924319015591/xslF345X03/doc4.xml"}, {"form_type": "4", "filings_date": "2019-05-17", "url": "https://www.sec.gov/Archives/edgar/data/0001590955/000089924319013999/xslF345X03/doc4.xml"}, {"form_type": "4", "filings_date": "2019-05-14", "url": "https://www.sec.gov/Archives/edgar/data/0001590955/000089924319013444/xslF345X03/doc4.xml"}, {"form_type": "4", "filings_date": "2019-05-14", "url": "https://www.sec.gov/Archives/edgar/data/0001590955/000089924319013441/xslF345X03/doc4.xml"}, {"form_type": "4", "filings_date": "2019-05-14", "url": "https://www.sec.gov/Archives/edgar/data/0001590955/000089924319013440/xslF345X03/doc4.xml"}, {"form_type": "4", "filings_date": "2019-05-14", "url": "https://www.sec.gov/Archives/edgar/data/0001590955/000089924319013439/xslF345X03/doc4.xml"}, {"form_type": "4", "filings_date": "2019-05-14", "url": "https://www.sec.gov/Archives/edgar/data/0001590955/000089924319013437/xslF345X03/doc4.xml"}, {"form_type": "4", "filings_date": "2019-05-08", "url": "https://www.sec.gov/Archives/edgar/data/0001590955/000089924319012678/xslF345X03/doc4.xml"}, {"form_type": "4", "filings_date": "2019-05-08", "url": "https://www.sec.gov/Archives/edgar/data/0001590955/000089924319012677/xslF345X03/doc4.xml"}, {"form_type": "4", "filings_date": "2019-05-08", "url": "https://www.sec.gov/Archives/edgar/data/0001590955/000089924319012674/xslF345X03/doc4.xml"}, {"form_type": "4", "filings_date": "2019-05-08", "url": "https://www.sec.gov/Archives/edgar/data/0001590955/000089924319012673/xslF345X03/doc4.xml"}, {"form_type": "4", "filings_date": "2019-05-08", "url": "https://www.sec.gov/Archives/edgar/data/0001590955/000089924319012672/xslF345X03/doc4.xml"}, {"form_type": "8-K", "filings_date": "2019-05-02", "url": "https://www.sec.gov/Archives/edgar/data/0001590955/000119312519135212/d742978d8k.htm"}, {"form_type": "10-Q", "filings_date": "2019-05-02", "url": "https://www.sec.gov/Archives/edgar/data/0001590955/000156459019015388/payc-10q_20190331.htm"}, {"form_type": "4", "filings_date": "2019-05-01", "url": "https://www.sec.gov/Archives/edgar/data/0001590955/000089924319011577/xslF345X03/doc4.xml"}, {"form_type": "4", "filings_date": "2019-05-01", "url": "https://www.sec.gov/Archives/edgar/data/0001590955/000089924319011576/xslF345X03/doc4.xml"}, {"form_type": "4", "filings_date": "2019-05-01", "url": "https://www.sec.gov/Archives/edgar/data/0001590955/000089924319011575/xslF345X03/doc4.xml"}, {"form_type": "4", "filings_date": "2019-05-01", "url": "https://www.sec.gov/Archives/edgar/data/0001590955/000089924319011574/xslF345X03/doc4.xml"}, {"form_type": "4", "filings_date": "2019-05-01", "url": "https://www.sec.gov/Archives/edgar/data/0001590955/000089924319011573/xslF345X03/doc4.xml"}, {"form_type": "4", "filings_date": "2019-05-01", "url": "https://www.sec.gov/Archives/edgar/data/0001590955/000089924319011572/xslF345X03/doc4.xml"}, {"form_type": "8-K", "filings_date": "2019-04-30", "url": "https://www.sec.gov/Archives/edgar/data/0001590955/000156459019014252/payc-8k_20190430.htm"}, {"form_type": "8-K", "filings_date": "2019-04-18", "url": "https://www.sec.gov/Archives/edgar/data/0001590955/000119312519110929/d730206d8k.htm"}, {"form_type": "4", "filings_date": "2019-04-17", "url": "https://www.sec.gov/Archives/edgar/data/0001590955/000089924319010763/xslF345X03/doc4.xml"}, {"form_type": "4", "filings_date": "2019-04-17", "url": "https://www.sec.gov/Archives/edgar/data/0001590955/000089924319010762/xslF345X03/doc4.xml"}, {"form_type": "DEF 14A", "filings_date": "2019-03-27", "url": "https://www.sec.gov/Archives/edgar/data/0001590955/000119312519088482/d683337ddef14a.htm"}, {"form_type": "4", "filings_date": "2019-03-08", "url": "https://www.sec.gov/Archives/edgar/data/0001590955/000089924319006900/xslF345X03/doc4.xml"}, {"form_type": "4", "filings_date": "2019-03-05", "url": "https://www.sec.gov/Archives/edgar/data/0001590955/000089924319006093/xslF345X03/doc4.xml"}, {"form_type": "4", "filings_date": "2019-02-26", "url": "https://www.sec.gov/Archives/edgar/data/0001590955/000089924319004872/xslF345X03/doc4.xml"}, {"form_type": "4", "filings_date": "2019-02-26", "url": "https://www.sec.gov/Archives/edgar/data/0001590955/000089924319004871/xslF345X03/doc4.xml"}, {"form_type": "4", "filings_date": "2019-02-26", "url": "https://www.sec.gov/Archives/edgar/data/0001590955/000089924319004870/xslF345X03/doc4.xml"}, {"form_type": "4", "filings_date": "2019-02-26", "url": "https://www.sec.gov/Archives/edgar/data/0001590955/000089924319004869/xslF345X03/doc4.xml"}, {"form_type": "4", "filings_date": "2019-02-26", "url": "https://www.sec.gov/Archives/edgar/data/0001590955/000089924319004868/xslF345X03/doc4.xml"}, {"form_type": "4", "filings_date": "2019-02-15", "url": "https://www.sec.gov/Archives/edgar/data/0001590955/000089924319003842/xslF345X03/doc4.xml"}, {"form_type": "4", "filings_date": "2019-02-15", "url": "https://www.sec.gov/Archives/edgar/data/0001590955/000089924319003839/xslF345X03/doc4.xml"}, {"form_type": "4", "filings_date": "2019-02-15", "url": "https://www.sec.gov/Archives/edgar/data/0001590955/000089924319003838/xslF345X03/doc4.xml"}, {"form_type": "4", "filings_date": "2019-02-15", "url": "https://www.sec.gov/Archives/edgar/data/0001590955/000089924319003837/xslF345X03/doc4.xml"}, {"form_type": "4", "filings_date": "2019-02-15", "url": "https://www.sec.gov/Archives/edgar/data/0001590955/000089924319003836/xslF345X03/doc4.xml"}, {"form_type": "10-K", "filings_date": "2019-02-14", "url": "https://www.sec.gov/Archives/edgar/data/0001590955/000156459019002998/payc-10k_20181231.htm"}, {"form_type": "SC 13G/A", "filings_date": "2019-02-14", "url": "https://www.sec.gov/Archives/edgar/data/0001590955/000139834419002775/fp0039162_sc13ga.htm"}, {"form_type": "SC 13G/A", "filings_date": "2019-02-14", "url": "https://www.sec.gov/Archives/edgar/data/0001590955/000142284919000098/edgpayc.txt"}, {"form_type": "SC 13G/A", "filings_date": "2019-02-14", "url": "https://www.sec.gov/Archives/edgar/data/0001590955/000085874419000020/edgpayc.txt"}, {"form_type": "SC 13G/A", "filings_date": "2019-02-13", "url": "https://www.sec.gov/Archives/edgar/data/0001590955/000031506619001224/filing.txt"}, {"form_type": "SC 13G/A", "filings_date": "2019-02-12", "url": "https://www.sec.gov/Archives/edgar/data/0001590955/000093247119005743/paycomsoftwareinc.htm"}, {"form_type": "8-K", "filings_date": "2019-02-05", "url": "https://www.sec.gov/Archives/edgar/data/0001590955/000156459019001990/payc-8k_20190205.htm"}, {"form_type": "4", "filings_date": "2019-01-22", "url": "https://www.sec.gov/Archives/edgar/data/0001590955/000089924319001588/xslF345X03/doc4.xml"}, {"form_type": "4", "filings_date": "2019-01-22", "url": "https://www.sec.gov/Archives/edgar/data/0001590955/000089924319001587/xslF345X03/doc4.xml"}, {"form_type": "4", "filings_date": "2019-01-22", "url": "https://www.sec.gov/Archives/edgar/data/0001590955/000089924319001586/xslF345X03/doc4.xml"}, {"form_type": "4", "filings_date": "2019-01-22", "url": "https://www.sec.gov/Archives/edgar/data/0001590955/000089924319001585/xslF345X03/doc4.xml"}, {"form_type": "4", "filings_date": "2019-01-22", "url": "https://www.sec.gov/Archives/edgar/data/0001590955/000089924319001584/xslF345X03/doc4.xml"}, {"form_type": "8-K", "filings_date": "2019-01-22", "url": "https://www.sec.gov/Archives/edgar/data/0001590955/000119312519014011/d669224d8k.htm"}, {"form_type": "5", "filings_date": "2019-01-15", "url": "https://www.sec.gov/Archives/edgar/data/0001590955/000089924319001221/xslF345X03/doc5.xml"}, {"form_type": "5", "filings_date": "2019-01-15", "url": "https://www.sec.gov/Archives/edgar/data/0001590955/000089924319001220/xslF345X03/doc5.xml"}, {"form_type": "5", "filings_date": "2019-01-15", "url": "https://www.sec.gov/Archives/edgar/data/0001590955/000089924319001218/xslF345X03/doc5.xml"}, {"form_type": "5", "filings_date": "2019-01-15", "url": "https://www.sec.gov/Archives/edgar/data/0001590955/000089924319001215/xslF345X03/doc5.xml"}, {"form_type": "S-8", "filings_date": "2019-01-15", "url": "https://www.sec.gov/Archives/edgar/data/0001590955/000119312519009772/d687559ds8.htm"}, {"form_type": "4", "filings_date": "2019-01-11", "url": "https://www.sec.gov/Archives/edgar/data/0001590955/000089924319001030/xslF345X03/doc4.xml"}, {"form_type": "5", "filings_date": "2019-01-11", "url": "https://www.sec.gov/Archives/edgar/data/0001590955/000089924319001027/xslF345X03/doc5.xml"}, {"form_type": "8-K", "filings_date": "2018-11-20", "url": "https://www.sec.gov/Archives/edgar/data/0001590955/000119312518330883/d642222d8k.htm"}, {"form_type": "10-Q", "filings_date": "2018-11-01", "url": "https://www.sec.gov/Archives/edgar/data/0001590955/000156459018026220/payc-10q_20180930.htm"}, {"form_type": "8-K", "filings_date": "2018-10-30", "url": "https://www.sec.gov/Archives/edgar/data/0001590955/000156459018025613/payc-8k_20181030.htm"}, {"form_type": "4", "filings_date": "2018-10-09", "url": "https://www.sec.gov/Archives/edgar/data/0001590955/000089924318026418/xslF345X03/doc4.xml"}, {"form_type": "4", "filings_date": "2018-10-03", "url": "https://www.sec.gov/Archives/edgar/data/0001590955/000089924318026037/xslF345X03/doc4.xml"}, {"form_type": "4", "filings_date": "2018-09-26", "url": "https://www.sec.gov/Archives/edgar/data/0001590955/000089924318025293/xslF345X03/doc4.xml"}, {"form_type": "8-K", "filings_date": "2018-09-14", "url": "https://www.sec.gov/Archives/edgar/data/0001590955/000119312518273333/d624443d8k.htm"}, {"form_type": "4", "filings_date": "2018-09-06", "url": "https://www.sec.gov/Archives/edgar/data/0001590955/000089924318023917/xslF345X03/doc4.xml"}, {"form_type": "4", "filings_date": "2018-08-23", "url": "https://www.sec.gov/Archives/edgar/data/0001590955/000089924318023137/xslF345X03/doc4.xml"}, {"form_type": "4", "filings_date": "2018-08-21", "url": "https://www.sec.gov/Archives/edgar/data/0001590955/000089924318022874/xslF345X03/doc4.xml"}, {"form_type": "UPLOAD", "filings_date": "2018-08-14", "url": "https://www.sec.gov/Archives/edgar/data/0001590955/000000000018025130/filename1.pdf"}, {"form_type": "CORRESP", "filings_date": "2018-08-13", "url": "https://www.sec.gov/Archives/edgar/data/0001590955/000119312518247238/filename1.htm"}, {"form_type": "SC 13G/A", "filings_date": "2018-08-10", "url": "https://www.sec.gov/Archives/edgar/data/0001590955/000142284918000172/edgpayc.txt"}, {"form_type": "3", "filings_date": "2018-08-07", "url": "https://www.sec.gov/Archives/edgar/data/0001590955/000089924318021553/xslF345X02/doc3.xml"}, {"form_type": "UPLOAD", "filings_date": "2018-08-06", "url": "https://www.sec.gov/Archives/edgar/data/0001590955/000000000018024195/filename1.pdf"}, {"form_type": "4", "filings_date": "2018-08-02", "url": "https://www.sec.gov/Archives/edgar/data/0001590955/000089924318021188/xslF345X03/doc4.xml"}, {"form_type": "10-Q", "filings_date": "2018-08-02", "url": "https://www.sec.gov/Archives/edgar/data/0001590955/000156459018018908/payc-10q_20180630.htm"}, {"form_type": "8-K", "filings_date": "2018-07-31", "url": "https://www.sec.gov/Archives/edgar/data/0001590955/000156459018018109/payc-8k_20180730.htm"}, {"form_type": "4", "filings_date": "2018-07-18", "url": "https://www.sec.gov/Archives/edgar/data/0001590955/000089924318020058/xslF345X03/doc4.xml"}, {"form_type": "4", "filings_date": "2018-07-11", "url": "https://www.sec.gov/Archives/edgar/data/0001590955/000089924318019745/xslF345X03/doc4.xml"}, {"form_type": "4", "filings_date": "2018-07-10", "url": "https://www.sec.gov/Archives/edgar/data/0001590955/000089924318019704/xslF345X03/doc4.xml"}, {"form_type": "4", "filings_date": "2018-07-10", "url": "https://www.sec.gov/Archives/edgar/data/0001590955/000089924318019703/xslF345X03/doc4.xml"}, {"form_type": "SC 13G/A", "filings_date": "2018-07-10", "url": "https://www.sec.gov/Archives/edgar/data/0001590955/000021545718005847/us70432v1026_070518.txt"}, {"form_type": "4", "filings_date": "2018-07-05", "url": "https://www.sec.gov/Archives/edgar/data/0001590955/000089924318019435/xslF345X03/doc4.xml"}, {"form_type": "4", "filings_date": "2018-06-14", "url": "https://www.sec.gov/Archives/edgar/data/0001590955/000089924318016607/xslF345X03/doc4.xml"}, {"form_type": "4", "filings_date": "2018-06-14", "url": "https://www.sec.gov/Archives/edgar/data/0001590955/000089924318016604/xslF345X03/doc4.xml"}, {"form_type": "4", "filings_date": "2018-06-14", "url": "https://www.sec.gov/Archives/edgar/data/0001590955/000089924318016602/xslF345X03/doc4.xml"}, {"form_type": "4", "filings_date": "2018-06-08", "url": "https://www.sec.gov/Archives/edgar/data/0001590955/000089924318015639/xslF345X03/doc4.xml"}, {"form_type": "4", "filings_date": "2018-05-14", "url": "https://www.sec.gov/Archives/edgar/data/0001590955/000089924318012766/xslF345X03/doc4.xml"}, {"form_type": "4", "filings_date": "2018-05-14", "url": "https://www.sec.gov/Archives/edgar/data/0001590955/000089924318012765/xslF345X03/doc4.xml"}, {"form_type": "4", "filings_date": "2018-05-14", "url": "https://www.sec.gov/Archives/edgar/data/0001590955/000089924318012764/xslF345X03/doc4.xml"}, {"form_type": "4", "filings_date": "2018-05-14", "url": "https://www.sec.gov/Archives/edgar/data/0001590955/000089924318012760/xslF345X03/doc4.xml"}, {"form_type": "4", "filings_date": "2018-05-14", "url": "https://www.sec.gov/Archives/edgar/data/0001590955/000089924318012759/xslF345X03/doc4.xml"}, {"form_type": "4", "filings_date": "2018-05-09", "url": "https://www.sec.gov/Archives/edgar/data/0001590955/000089924318012066/xslF345X03/doc4.xml"}, {"form_type": "10-Q", "filings_date": "2018-05-03", "url": "https://www.sec.gov/Archives/edgar/data/0001590955/000156459018010699/payc-10q_20180331.htm"}, {"form_type": "4", "filings_date": "2018-05-02", "url": "https://www.sec.gov/Archives/edgar/data/0001590955/000089924318011153/xslF345X03/doc4.xml"}, {"form_type": "4", "filings_date": "2018-05-02", "url": "https://www.sec.gov/Archives/edgar/data/0001590955/000089924318011151/xslF345X03/doc4.xml"}, {"form_type": "4", "filings_date": "2018-05-02", "url": "https://www.sec.gov/Archives/edgar/data/0001590955/000089924318011150/xslF345X03/doc4.xml"}, {"form_type": "4", "filings_date": "2018-05-02", "url": "https://www.sec.gov/Archives/edgar/data/0001590955/000089924318011149/xslF345X03/doc4.xml"}, {"form_type": "4", "filings_date": "2018-05-02", "url": "https://www.sec.gov/Archives/edgar/data/0001590955/000089924318011148/xslF345X03/doc4.xml"}, {"form_type": "4", "filings_date": "2018-05-02", "url": "https://www.sec.gov/Archives/edgar/data/0001590955/000089924318011146/xslF345X03/doc4.xml"}, {"form_type": "8-K", "filings_date": "2018-05-02", "url": "https://www.sec.gov/Archives/edgar/data/0001590955/000119312518148737/d578646d8k.htm"}, {"form_type": "4", "filings_date": "2018-05-01", "url": "https://www.sec.gov/Archives/edgar/data/0001590955/000089924318011021/xslF345X03/doc4.xml"}, {"form_type": "8-K", "filings_date": "2018-05-01", "url": "https://www.sec.gov/Archives/edgar/data/0001590955/000156459018010023/payc-8k_20180427.htm"}, {"form_type": "3", "filings_date": "2018-04-26", "url": "https://www.sec.gov/Archives/edgar/data/0001590955/000089924318010784/xslF345X02/doc3.xml"}, {"form_type": "3", "filings_date": "2018-04-26", "url": "https://www.sec.gov/Archives/edgar/data/0001590955/000089924318010783/xslF345X02/doc3.xml"}, {"form_type": "4", "filings_date": "2018-04-17", "url": "https://www.sec.gov/Archives/edgar/data/0001590955/000089924318010290/xslF345X03/doc4.xml"}, {"form_type": "8-K", "filings_date": "2018-04-17", "url": "https://www.sec.gov/Archives/edgar/data/0001590955/000119312518119798/d566344d8k.htm"}, {"form_type": "4", "filings_date": "2018-04-04", "url": "https://www.sec.gov/Archives/edgar/data/0001590955/000089924318009426/xslF345X03/doc4.xml"}, {"form_type": "DEF 14A", "filings_date": "2018-03-28", "url": "https://www.sec.gov/Archives/edgar/data/0001590955/000119312518099570/d492944ddef14a.htm"}, {"form_type": "4", "filings_date": "2018-03-26", "url": "https://www.sec.gov/Archives/edgar/data/0001590955/000089924318008497/xslF345X03/doc4.xml"}, {"form_type": "4", "filings_date": "2018-03-26", "url": "https://www.sec.gov/Archives/edgar/data/0001590955/000089924318008496/xslF345X03/doc4.xml"}, {"form_type": "4", "filings_date": "2018-03-26", "url": "https://www.sec.gov/Archives/edgar/data/0001590955/000089924318008495/xslF345X03/doc4.xml"}, {"form_type": "4", "filings_date": "2018-03-26", "url": "https://www.sec.gov/Archives/edgar/data/0001590955/000089924318008494/xslF345X03/doc4.xml"}, {"form_type": "4", "filings_date": "2018-03-16", "url": "https://www.sec.gov/Archives/edgar/data/0001590955/000089924318007683/xslF345X03/doc4.xml"}, {"form_type": "4", "filings_date": "2018-03-16", "url": "https://www.sec.gov/Archives/edgar/data/0001590955/000089924318007682/xslF345X03/doc4.xml"}, {"form_type": "4", "filings_date": "2018-03-16", "url": "https://www.sec.gov/Archives/edgar/data/0001590955/000089924318007680/xslF345X03/doc4.xml"}, {"form_type": "4", "filings_date": "2018-03-16", "url": "https://www.sec.gov/Archives/edgar/data/0001590955/000089924318007679/xslF345X03/doc4.xml"}, {"form_type": "4", "filings_date": "2018-03-13", "url": "https://www.sec.gov/Archives/edgar/data/0001590955/000089924318007251/xslF345X03/doc4.xml"}, {"form_type": "4", "filings_date": "2018-03-09", "url": "https://www.sec.gov/Archives/edgar/data/0001590955/000089924318006880/xslF345X03/doc4.xml"}, {"form_type": "4", "filings_date": "2018-03-05", "url": "https://www.sec.gov/Archives/edgar/data/0001590955/000089924318006336/xslF345X03/doc4.xml"}, {"form_type": "4", "filings_date": "2018-03-05", "url": "https://www.sec.gov/Archives/edgar/data/0001590955/000089924318006332/xslF345X03/doc4.xml"}, {"form_type": "4", "filings_date": "2018-03-02", "url": "https://www.sec.gov/Archives/edgar/data/0001590955/000089924318006015/xslF345X03/doc4.xml"}, {"form_type": "3", "filings_date": "2018-02-28", "url": "https://www.sec.gov/Archives/edgar/data/0001590955/000089924318005793/xslF345X02/doc3.xml"}, {"form_type": "8-K", "filings_date": "2018-02-20", "url": "https://www.sec.gov/Archives/edgar/data/0001590955/000119312518049602/d555424d8k.htm"}, {"form_type": "10-K", "filings_date": "2018-02-14", "url": "https://www.sec.gov/Archives/edgar/data/0001590955/000156459018002088/payc-10k_20171231.htm"}, {"form_type": "SC 13G/A", "filings_date": "2018-02-14", "url": "https://www.sec.gov/Archives/edgar/data/0001590955/000139834418002252/fp0030630_sc13ga.htm"}, {"form_type": "SC 13G", "filings_date": "2018-02-14", "url": "https://www.sec.gov/Archives/edgar/data/0001590955/000085874418000022/edgpayc.txt"}, {"form_type": "SC 13G/A", "filings_date": "2018-02-14", "url": "https://www.sec.gov/Archives/edgar/data/0001590955/000142284918000092/edgpayc.txt"}, {"form_type": "SC 13G/A", "filings_date": "2018-02-13", "url": "https://www.sec.gov/Archives/edgar/data/0001590955/000031506618001495/filing.txt"}, {"form_type": "8-K", "filings_date": "2018-02-13", "url": "https://www.sec.gov/Archives/edgar/data/0001590955/000119312518041363/d454896d8k.htm"}, {"form_type": "8-K", "filings_date": "2018-02-13", "url": "https://www.sec.gov/Archives/edgar/data/0001590955/000119312518041314/d534574d8k.htm"}, {"form_type": "SC 13G/A", "filings_date": "2018-02-09", "url": "https://www.sec.gov/Archives/edgar/data/0001590955/000093247118004104/paycomsoftwareinc.htm"}, {"form_type": "8-K", "filings_date": "2018-02-06", "url": "https://www.sec.gov/Archives/edgar/data/0001590955/000119312518033320/d444593d8k.htm"}, {"form_type": "SC 13G", "filings_date": "2018-02-01", "url": "https://www.sec.gov/Archives/edgar/data/0001590955/000021545718004598/us70432v1026_013118.txt"}, {"form_type": "4", "filings_date": "2018-01-30", "url": "https://www.sec.gov/Archives/edgar/data/0001590955/000089924318002253/xslF345X03/doc4.xml"}, {"form_type": "4", "filings_date": "2018-01-30", "url": "https://www.sec.gov/Archives/edgar/data/0001590955/000089924318002252/xslF345X03/doc4.xml"}, {"form_type": "8-K", "filings_date": "2018-01-30", "url": "https://www.sec.gov/Archives/edgar/data/0001590955/000119312518025449/d722323d8k.htm"}, {"form_type": "4", "filings_date": "2018-01-30", "url": "https://www.sec.gov/Archives/edgar/data/0001590955/000089924318002251/xslF345X03/doc4.xml"}, {"form_type": "4", "filings_date": "2018-01-30", "url": "https://www.sec.gov/Archives/edgar/data/0001590955/000089924318002250/xslF345X03/doc4.xml"}, {"form_type": "4", "filings_date": "2018-01-18", "url": "https://www.sec.gov/Archives/edgar/data/0001590955/000089924318001342/xslF345X03/doc4.xml"}, {"form_type": "4", "filings_date": "2018-01-04", "url": "https://www.sec.gov/Archives/edgar/data/0001590955/000089924318000455/xslF345X03/doc4.xml"}, {"form_type": "4", "filings_date": "2017-12-14", "url": "https://www.sec.gov/Archives/edgar/data/0001590955/000089924317028692/xslF345X03/doc4.xml"}, {"form_type": "8-K", "filings_date": "2017-12-12", "url": "https://www.sec.gov/Archives/edgar/data/0001590955/000119312517367441/d502204d8k.htm"}, {"form_type": "10-Q", "filings_date": "2017-11-02", "url": "https://www.sec.gov/Archives/edgar/data/0001590955/000156459017021195/payc-10q_20170930.htm"}, {"form_type": "8-K", "filings_date": "2017-10-31", "url": "https://www.sec.gov/Archives/edgar/data/0001590955/000119312517327148/d483207d8k.htm"}, {"form_type": "4", "filings_date": "2017-10-17", "url": "https://www.sec.gov/Archives/edgar/data/0001590955/000089924317024365/xslF345X03/doc4.xml"}, {"form_type": "4", "filings_date": "2017-10-17", "url": "https://www.sec.gov/Archives/edgar/data/0001590955/000089924317024364/xslF345X03/doc4.xml"}, {"form_type": "4", "filings_date": "2017-10-17", "url": "https://www.sec.gov/Archives/edgar/data/0001590955/000089924317024363/xslF345X03/doc4.xml"}, {"form_type": "4", "filings_date": "2017-10-17", "url": "https://www.sec.gov/Archives/edgar/data/0001590955/000089924317024361/xslF345X03/doc4.xml"}, {"form_type": "4", "filings_date": "2017-10-16", "url": "https://www.sec.gov/Archives/edgar/data/0001590955/000089924317024229/xslF345X03/doc4.xml"}, {"form_type": "8-K", "filings_date": "2017-10-16", "url": "https://www.sec.gov/Archives/edgar/data/0001590955/000119312517310950/d474862d8k.htm"}, {"form_type": "4", "filings_date": "2017-10-10", "url": "https://www.sec.gov/Archives/edgar/data/0001590955/000089924317023943/xslF345X03/doc4.xml"}, {"form_type": "8-K", "filings_date": "2017-10-10", "url": "https://www.sec.gov/Archives/edgar/data/0001590955/000119312517306504/d473351d8k.htm"}, {"form_type": "4", "filings_date": "2017-10-03", "url": "https://www.sec.gov/Archives/edgar/data/0001590955/000089924317023348/xslF345X03/doc4.xml"}, {"form_type": "4", "filings_date": "2017-09-14", "url": "https://www.sec.gov/Archives/edgar/data/0001590955/000089924317022072/xslF345X03/doc4.xml"}, {"form_type": "4", "filings_date": "2017-09-11", "url": "https://www.sec.gov/Archives/edgar/data/0001590955/000089924317021802/xslF345X03/doc4.xml"}, {"form_type": "4", "filings_date": "2017-09-11", "url": "https://www.sec.gov/Archives/edgar/data/0001590955/000089924317021801/xslF345X03/doc4.xml"}, {"form_type": "4", "filings_date": "2017-09-11", "url": "https://www.sec.gov/Archives/edgar/data/0001590955/000089924317021800/xslF345X03/doc4.xml"}, {"form_type": "4", "filings_date": "2017-09-11", "url": "https://www.sec.gov/Archives/edgar/data/0001590955/000089924317021795/xslF345X03/doc4.xml"}, {"form_type": "4", "filings_date": "2017-09-11", "url": "https://www.sec.gov/Archives/edgar/data/0001590955/000089924317021794/xslF345X03/doc4.xml"}, {"form_type": "4", "filings_date": "2017-09-06", "url": "https://www.sec.gov/Archives/edgar/data/0001590955/000089924317021523/xslF345X03/doc4.xml"}, {"form_type": "4", "filings_date": "2017-09-05", "url": "https://www.sec.gov/Archives/edgar/data/0001590955/000089924317021424/xslF345X03/doc4.xml"}, {"form_type": "4", "filings_date": "2017-08-29", "url": "https://www.sec.gov/Archives/edgar/data/0001590955/000089924317021162/xslF345X03/doc4.xml"}, {"form_type": "4", "filings_date": "2017-08-29", "url": "https://www.sec.gov/Archives/edgar/data/0001590955/000089924317021160/xslF345X03/doc4.xml"}, {"form_type": "4", "filings_date": "2017-08-29", "url": "https://www.sec.gov/Archives/edgar/data/0001590955/000089924317021159/xslF345X03/doc4.xml"}, {"form_type": "4", "filings_date": "2017-08-29", "url": "https://www.sec.gov/Archives/edgar/data/0001590955/000089924317021158/xslF345X03/doc4.xml"}, {"form_type": "4", "filings_date": "2017-08-29", "url": "https://www.sec.gov/Archives/edgar/data/0001590955/000089924317021157/xslF345X03/doc4.xml"}, {"form_type": "10-Q", "filings_date": "2017-08-02", "url": "https://www.sec.gov/Archives/edgar/data/0001590955/000156459017014965/payc-10q_20170630.htm"}, {"form_type": "8-K", "filings_date": "2017-08-01", "url": "https://www.sec.gov/Archives/edgar/data/0001590955/000119312517244259/d414826d8k.htm"}, {"form_type": "SC 13G/A", "filings_date": "2017-07-10", "url": "https://www.sec.gov/Archives/edgar/data/0001590955/000031506617002559/filing.txt"}, {"form_type": "4", "filings_date": "2017-07-06", "url": "https://www.sec.gov/Archives/edgar/data/0001590955/000089924317017963/xslF345X03/doc4.xml"}, {"form_type": "4", "filings_date": "2017-06-22", "url": "https://www.sec.gov/Archives/edgar/data/0001590955/000089924317016969/xslF345X03/doc4.xml"}, {"form_type": "4", "filings_date": "2017-06-22", "url": "https://www.sec.gov/Archives/edgar/data/0001590955/000089924317016963/xslF345X03/doc4.xml"}, {"form_type": "4", "filings_date": "2017-06-22", "url": "https://www.sec.gov/Archives/edgar/data/0001590955/000089924317016962/xslF345X03/doc4.xml"}, {"form_type": "4", "filings_date": "2017-06-22", "url": "https://www.sec.gov/Archives/edgar/data/0001590955/000089924317016961/xslF345X03/doc4.xml"}, {"form_type": "4", "filings_date": "2017-06-22", "url": "https://www.sec.gov/Archives/edgar/data/0001590955/000089924317016960/xslF345X03/doc4.xml"}, {"form_type": "4", "filings_date": "2017-06-21", "url": "https://www.sec.gov/Archives/edgar/data/0001590955/000089924317016840/xslF345X03/doc4.xml"}, {"form_type": "4", "filings_date": "2017-06-14", "url": "https://www.sec.gov/Archives/edgar/data/0001590955/000089924317016377/xslF345X03/doc4.xml"}, {"form_type": "SC 13G", "filings_date": "2017-06-09", "url": "https://www.sec.gov/Archives/edgar/data/0001590955/000139834417007511/fp0026241_sc13g.htm"}, {"form_type": "4", "filings_date": "2017-06-05", "url": "https://www.sec.gov/Archives/edgar/data/0001590955/000089924317015294/xslF345X03/doc4.xml"}, {"form_type": "4", "filings_date": "2017-05-16", "url": "https://www.sec.gov/Archives/edgar/data/0001590955/000089924317013408/xslF345X03/doc4.xml"}, {"form_type": "4", "filings_date": "2017-05-16", "url": "https://www.sec.gov/Archives/edgar/data/0001590955/000089924317013407/xslF345X03/doc4.xml"}, {"form_type": "4", "filings_date": "2017-05-16", "url": "https://www.sec.gov/Archives/edgar/data/0001590955/000089924317013404/xslF345X03/doc4.xml"}, {"form_type": "4", "filings_date": "2017-05-16", "url": "https://www.sec.gov/Archives/edgar/data/0001590955/000089924317013403/xslF345X03/doc4.xml"}, {"form_type": "4", "filings_date": "2017-05-16", "url": "https://www.sec.gov/Archives/edgar/data/0001590955/000089924317013402/xslF345X03/doc4.xml"}, {"form_type": "8-K", "filings_date": "2017-05-04", "url": "https://www.sec.gov/Archives/edgar/data/0001590955/000119312517158984/d386294d8k.htm"}, {"form_type": "10-Q", "filings_date": "2017-05-04", "url": "https://www.sec.gov/Archives/edgar/data/0001590955/000156459017008773/payc-10q_20170331.htm"}, {"form_type": "4", "filings_date": "2017-05-03", "url": "https://www.sec.gov/Archives/edgar/data/0001590955/000089924317011715/xslF345X03/doc4.xml"}, {"form_type": "4", "filings_date": "2017-05-03", "url": "https://www.sec.gov/Archives/edgar/data/0001590955/000089924317011714/xslF345X03/doc4.xml"}, {"form_type": "4", "filings_date": "2017-05-03", "url": "https://www.sec.gov/Archives/edgar/data/0001590955/000089924317011711/xslF345X03/doc4.xml"}, {"form_type": "4", "filings_date": "2017-05-03", "url": "https://www.sec.gov/Archives/edgar/data/0001590955/000089924317011710/xslF345X03/doc4.xml"}, {"form_type": "4", "filings_date": "2017-05-03", "url": "https://www.sec.gov/Archives/edgar/data/0001590955/000089924317011709/xslF345X03/doc4.xml"}, {"form_type": "4", "filings_date": "2017-05-03", "url": "https://www.sec.gov/Archives/edgar/data/0001590955/000089924317011708/xslF345X03/doc4.xml"}, {"form_type": "8-K", "filings_date": "2017-05-02", "url": "https://www.sec.gov/Archives/edgar/data/0001590955/000119312517154009/d382478d8k.htm"}, {"form_type": "4", "filings_date": "2017-04-27", "url": "https://www.sec.gov/Archives/edgar/data/0001590955/000089924317011063/xslF345X03/doc4.xml"}, {"form_type": "4", "filings_date": "2017-04-27", "url": "https://www.sec.gov/Archives/edgar/data/0001590955/000089924317011062/xslF345X03/doc4.xml"}, {"form_type": "4", "filings_date": "2017-04-27", "url": "https://www.sec.gov/Archives/edgar/data/0001590955/000089924317011061/xslF345X03/doc4.xml"}, {"form_type": "4", "filings_date": "2017-04-27", "url": "https://www.sec.gov/Archives/edgar/data/0001590955/000089924317011060/xslF345X03/doc4.xml"}, {"form_type": "4", "filings_date": "2017-04-27", "url": "https://www.sec.gov/Archives/edgar/data/0001590955/000089924317011059/xslF345X03/doc4.xml"}, {"form_type": "8-K", "filings_date": "2017-04-27", "url": "https://www.sec.gov/Archives/edgar/data/0001590955/000119312517141138/d374359d8k.htm"}, {"form_type": "4", "filings_date": "2017-04-19", "url": "https://www.sec.gov/Archives/edgar/data/0001590955/000089924317010581/xslF345X03/doc4.xml"}, {"form_type": "DEF 14A", "filings_date": "2017-03-29", "url": "https://www.sec.gov/Archives/edgar/data/0001590955/000119312517101717/d303832ddef14a.htm"}, {"form_type": "4", "filings_date": "2017-03-16", "url": "https://www.sec.gov/Archives/edgar/data/0001590955/000089924317007754/xslF345X03/doc4.xml"}, {"form_type": "4", "filings_date": "2017-03-15", "url": "https://www.sec.gov/Archives/edgar/data/0001590955/000089924317007616/xslF345X03/doc4.xml"}, {"form_type": "SC 13G/A", "filings_date": "2017-03-10", "url": "https://www.sec.gov/Archives/edgar/data/0001590955/000142284917000141/edgpayc.txt"}, {"form_type": "4", "filings_date": "2017-03-08", "url": "https://www.sec.gov/Archives/edgar/data/0001590955/000089924317006837/xslF345X03/doc4.xml"}, {"form_type": "10-K", "filings_date": "2017-02-21", "url": "https://www.sec.gov/Archives/edgar/data/0001590955/000156459017001891/payc-10k_20161231.htm"}, {"form_type": "4", "filings_date": "2017-02-16", "url": "https://www.sec.gov/Archives/edgar/data/0001590955/000089924317004361/xslF345X03/doc4.xml"}, {"form_type": "SC 13G/A", "filings_date": "2017-02-15", "url": "https://www.sec.gov/Archives/edgar/data/0001590955/000108514617000802/paycusa1.htm"}, {"form_type": "5", "filings_date": "2017-02-14", "url": "https://www.sec.gov/Archives/edgar/data/0001590955/000089924317003932/xslF345X03/doc5.xml"}, {"form_type": "5", "filings_date": "2017-02-14", "url": "https://www.sec.gov/Archives/edgar/data/0001590955/000089924317003913/xslF345X03/doc5.xml"}, {"form_type": "5", "filings_date": "2017-02-14", "url": "https://www.sec.gov/Archives/edgar/data/0001590955/000089924317003912/xslF345X03/doc5.xml"}, {"form_type": "SC 13G/A", "filings_date": "2017-02-14", "url": "https://www.sec.gov/Archives/edgar/data/0001590955/000114420417008199/v458504_sc13ga.htm"}, {"form_type": "SC 13G", "filings_date": "2017-02-13", "url": "https://www.sec.gov/Archives/edgar/data/0001590955/000142284917000088/edgpayc.txt"}, {"form_type": "SC 13G", "filings_date": "2017-02-10", "url": "https://www.sec.gov/Archives/edgar/data/0001590955/000093247117002103/paycomsoftwareinc.htm"}, {"form_type": "8-K", "filings_date": "2017-02-08", "url": "https://www.sec.gov/Archives/edgar/data/0001590955/000119312517034608/d320363d8k.htm"}]}