{"company": {"cik": "0000723531", "name": "PAYCHEX INC", "sic": "Services-Engineering, Accounting, Research, Management", "state_incorp": "DE", "ticker": "PAYX", "mailing_addr": "911 PANORAMA TRAIL SOUTH, ROCHESTER, NY, 14625-0397", "category": "Large accelerated filer", "fiscal_year_end": "31, May"}, "filings": [{"form_type": "4", "filings_date": "2022-03-02", "url": "https://www.sec.gov/Archives/edgar/data/0000723531/000120919122014583/xslF345X03/doc4.xml"}, {"form_type": "SC 13G/A", "filings_date": "2022-02-10", "url": "https://www.sec.gov/Archives/edgar/data/0000723531/000110465922018300/tv01631-paychexinc.htm"}, {"form_type": "SC 13G", "filings_date": "2022-02-03", "url": "https://www.sec.gov/Archives/edgar/data/0000723531/000072353122000002/payx-20220203sc13g.htm"}, {"form_type": "SC 13G/A", "filings_date": "2022-02-01", "url": "https://www.sec.gov/Archives/edgar/data/0000723531/000083423722003971/us7043261079_013122.txt"}, {"form_type": "4", "filings_date": "2021-12-28", "url": "https://www.sec.gov/Archives/edgar/data/0000723531/000120919121071372/xslF345X03/doc4.xml"}, {"form_type": "4", "filings_date": "2021-12-28", "url": "https://www.sec.gov/Archives/edgar/data/0000723531/000120919121071371/xslF345X03/doc4.xml"}, {"form_type": "10-Q", "filings_date": "2021-12-22", "url": "https://www.sec.gov/Archives/edgar/data/0000723531/000072353121000064/payx-20211130x10q.htm"}, {"form_type": "8-K", "filings_date": "2021-12-22", "url": "https://www.sec.gov/Archives/edgar/data/0000723531/000072353121000061/payx-20211222x8k.htm"}, {"form_type": "4", "filings_date": "2021-12-09", "url": "https://www.sec.gov/Archives/edgar/data/0000723531/000120919121068762/xslF345X03/doc4.xml"}, {"form_type": "4", "filings_date": "2021-12-09", "url": "https://www.sec.gov/Archives/edgar/data/0000723531/000120919121068749/xslF345X03/doc4.xml"}, {"form_type": "4", "filings_date": "2021-12-09", "url": "https://www.sec.gov/Archives/edgar/data/0000723531/000120919121068748/xslF345X03/doc4.xml"}, {"form_type": "4", "filings_date": "2021-12-09", "url": "https://www.sec.gov/Archives/edgar/data/0000723531/000120919121068745/xslF345X03/doc4.xml"}, {"form_type": "4", "filings_date": "2021-12-03", "url": "https://www.sec.gov/Archives/edgar/data/0000723531/000120919121067756/xslF345X03/doc4.xml"}, {"form_type": "8-K", "filings_date": "2021-11-23", "url": "https://www.sec.gov/Archives/edgar/data/0000723531/000072353121000056/payx-20211123x8k.htm"}, {"form_type": "8-K", "filings_date": "2021-10-15", "url": "https://www.sec.gov/Archives/edgar/data/0000723531/000072353121000053/payx-20211014x8k.htm"}, {"form_type": "4", "filings_date": "2021-10-15", "url": "https://www.sec.gov/Archives/edgar/data/0000723531/000120919121060528/xslF345X03/doc4.xml"}, {"form_type": "4", "filings_date": "2021-10-15", "url": "https://www.sec.gov/Archives/edgar/data/0000723531/000120919121060527/xslF345X03/doc4.xml"}, {"form_type": "10-Q", "filings_date": "2021-10-01", "url": "https://www.sec.gov/Archives/edgar/data/0000723531/000072353121000050/payx-20210831x10q.htm"}, {"form_type": "8-K", "filings_date": "2021-09-30", "url": "https://www.sec.gov/Archives/edgar/data/0000723531/000072353121000046/payx-20210930x8k.htm"}, {"form_type": "DEFA14A", "filings_date": "2021-09-24", "url": "https://www.sec.gov/Archives/edgar/data/0000723531/000072353121000042/payx-20210924xdefa14a.htm"}, {"form_type": "8-K", "filings_date": "2021-09-20", "url": "https://www.sec.gov/Archives/edgar/data/0000723531/000072353121000038/payx-20210917x8k.htm"}, {"form_type": "4", "filings_date": "2021-09-03", "url": "https://www.sec.gov/Archives/edgar/data/0000723531/000120919121054688/xslF345X03/doc4.xml"}, {"form_type": "DEFA14A", "filings_date": "2021-09-03", "url": "https://www.sec.gov/Archives/edgar/data/0000723531/000119312521265235/d194529ddefa14a.htm"}, {"form_type": "DEF 14A", "filings_date": "2021-09-03", "url": "https://www.sec.gov/Archives/edgar/data/0000723531/000119312521265231/d194529ddef14a.htm"}, {"form_type": "4", "filings_date": "2021-08-03", "url": "https://www.sec.gov/Archives/edgar/data/0000723531/000120919121049280/xslF345X03/doc4.xml"}, {"form_type": "4", "filings_date": "2021-08-02", "url": "https://www.sec.gov/Archives/edgar/data/0000723531/000120919121049049/xslF345X03/doc4.xml"}, {"form_type": "4", "filings_date": "2021-08-02", "url": "https://www.sec.gov/Archives/edgar/data/0000723531/000120919121049045/xslF345X03/doc4.xml"}, {"form_type": "4/A", "filings_date": "2021-07-27", "url": "https://www.sec.gov/Archives/edgar/data/0000723531/000120919121048373/xslF345X03/doc4a.xml"}, {"form_type": "4", "filings_date": "2021-07-19", "url": "https://www.sec.gov/Archives/edgar/data/0000723531/000120919121047146/xslF345X03/doc4.xml"}, {"form_type": "4", "filings_date": "2021-07-19", "url": "https://www.sec.gov/Archives/edgar/data/0000723531/000120919121047144/xslF345X03/doc4.xml"}, {"form_type": "4", "filings_date": "2021-07-19", "url": "https://www.sec.gov/Archives/edgar/data/0000723531/000120919121047143/xslF345X03/doc4.xml"}, {"form_type": "4", "filings_date": "2021-07-19", "url": "https://www.sec.gov/Archives/edgar/data/0000723531/000120919121047142/xslF345X03/doc4.xml"}, {"form_type": "4", "filings_date": "2021-07-19", "url": "https://www.sec.gov/Archives/edgar/data/0000723531/000120919121047141/xslF345X03/doc4.xml"}, {"form_type": "4", "filings_date": "2021-07-19", "url": "https://www.sec.gov/Archives/edgar/data/0000723531/000120919121047140/xslF345X03/doc4.xml"}, {"form_type": "4", "filings_date": "2021-07-19", "url": "https://www.sec.gov/Archives/edgar/data/0000723531/000120919121047138/xslF345X03/doc4.xml"}, {"form_type": "4", "filings_date": "2021-07-19", "url": "https://www.sec.gov/Archives/edgar/data/0000723531/000120919121047137/xslF345X03/doc4.xml"}, {"form_type": "4", "filings_date": "2021-07-19", "url": "https://www.sec.gov/Archives/edgar/data/0000723531/000120919121047136/xslF345X03/doc4.xml"}, {"form_type": "4", "filings_date": "2021-07-19", "url": "https://www.sec.gov/Archives/edgar/data/0000723531/000120919121047135/xslF345X03/doc4.xml"}, {"form_type": "4", "filings_date": "2021-07-19", "url": "https://www.sec.gov/Archives/edgar/data/0000723531/000120919121047133/xslF345X03/doc4.xml"}, {"form_type": "3", "filings_date": "2021-07-19", "url": "https://www.sec.gov/Archives/edgar/data/0000723531/000120919121047132/xslF345X02/doc3.xml"}, {"form_type": "4", "filings_date": "2021-07-19", "url": "https://www.sec.gov/Archives/edgar/data/0000723531/000120919121047131/xslF345X03/doc4.xml"}, {"form_type": "4", "filings_date": "2021-07-19", "url": "https://www.sec.gov/Archives/edgar/data/0000723531/000120919121047130/xslF345X03/doc4.xml"}, {"form_type": "4", "filings_date": "2021-07-19", "url": "https://www.sec.gov/Archives/edgar/data/0000723531/000120919121047129/xslF345X03/doc4.xml"}, {"form_type": "4", "filings_date": "2021-07-19", "url": "https://www.sec.gov/Archives/edgar/data/0000723531/000120919121047128/xslF345X03/doc4.xml"}, {"form_type": "10-K", "filings_date": "2021-07-16", "url": "https://www.sec.gov/Archives/edgar/data/0000723531/000072353121000035/payx-20210531x10k.htm"}, {"form_type": "4", "filings_date": "2021-07-12", "url": "https://www.sec.gov/Archives/edgar/data/0000723531/000120919121046286/xslF345X03/doc4.xml"}, {"form_type": "4", "filings_date": "2021-07-12", "url": "https://www.sec.gov/Archives/edgar/data/0000723531/000120919121046285/xslF345X03/doc4.xml"}, {"form_type": "4", "filings_date": "2021-07-12", "url": "https://www.sec.gov/Archives/edgar/data/0000723531/000120919121046283/xslF345X03/doc4.xml"}, {"form_type": "4", "filings_date": "2021-07-12", "url": "https://www.sec.gov/Archives/edgar/data/0000723531/000120919121046282/xslF345X03/doc4.xml"}, {"form_type": "4", "filings_date": "2021-07-12", "url": "https://www.sec.gov/Archives/edgar/data/0000723531/000120919121046281/xslF345X03/doc4.xml"}, {"form_type": "4", "filings_date": "2021-07-12", "url": "https://www.sec.gov/Archives/edgar/data/0000723531/000120919121046280/xslF345X03/doc4.xml"}, {"form_type": "4", "filings_date": "2021-07-12", "url": "https://www.sec.gov/Archives/edgar/data/0000723531/000120919121046279/xslF345X03/doc4.xml"}, {"form_type": "8-K", "filings_date": "2021-07-08", "url": "https://www.sec.gov/Archives/edgar/data/0000723531/000072353121000031/payx-20210707x8k.htm"}, {"form_type": "8-K", "filings_date": "2021-06-25", "url": "https://www.sec.gov/Archives/edgar/data/0000723531/000072353121000027/payx-20210625x8k.htm"}, {"form_type": "11-K", "filings_date": "2021-06-08", "url": "https://www.sec.gov/Archives/edgar/data/0000723531/000072353121000019/payx-20201231x11k.htm"}, {"form_type": "4", "filings_date": "2021-06-01", "url": "https://www.sec.gov/Archives/edgar/data/0000723531/000120919121036791/xslF345X03/doc4.xml"}, {"form_type": "4", "filings_date": "2021-05-06", "url": "https://www.sec.gov/Archives/edgar/data/0000723531/000120919121030595/xslF345X03/doc4.xml"}, {"form_type": "4", "filings_date": "2021-05-04", "url": "https://www.sec.gov/Archives/edgar/data/0000723531/000120919121029818/xslF345X03/doc4.xml"}, {"form_type": "4", "filings_date": "2021-04-16", "url": "https://www.sec.gov/Archives/edgar/data/0000723531/000120919121026928/xslF345X03/doc4.xml"}, {"form_type": "3", "filings_date": "2021-04-16", "url": "https://www.sec.gov/Archives/edgar/data/0000723531/000120919121026927/xslF345X02/doc3.xml"}, {"form_type": "4", "filings_date": "2021-04-14", "url": "https://www.sec.gov/Archives/edgar/data/0000723531/000120919121026632/xslF345X03/doc4.xml"}, {"form_type": "10-Q", "filings_date": "2021-04-07", "url": "https://www.sec.gov/Archives/edgar/data/0000723531/000072353121000016/payx-20210228x10q.htm"}, {"form_type": "8-K", "filings_date": "2021-04-06", "url": "https://www.sec.gov/Archives/edgar/data/0000723531/000072353121000011/payx-20210406x8k.htm"}, {"form_type": "4", "filings_date": "2021-03-18", "url": "https://www.sec.gov/Archives/edgar/data/0000723531/000120919121021748/xslF345X03/doc4.xml"}, {"form_type": "4", "filings_date": "2021-02-26", "url": "https://www.sec.gov/Archives/edgar/data/0000723531/000120919121014673/xslF345X03/doc4.xml"}, {"form_type": "8-K", "filings_date": "2021-02-23", "url": "https://www.sec.gov/Archives/edgar/data/0000723531/000072353121000006/payx-20210223x8k.htm"}, {"form_type": "SC 13G/A", "filings_date": "2021-02-10", "url": "https://www.sec.gov/Archives/edgar/data/0000723531/000110465921018832/tv01582-paychexinc.htm"}, {"form_type": "4", "filings_date": "2021-02-02", "url": "https://www.sec.gov/Archives/edgar/data/0000723531/000120919121006708/xslF345X03/doc4.xml"}, {"form_type": "SC 13G/A", "filings_date": "2021-01-29", "url": "https://www.sec.gov/Archives/edgar/data/0000723531/000083423721004754/us7043261079_012921.txt"}, {"form_type": "SC 13G/A", "filings_date": "2021-01-25", "url": "https://www.sec.gov/Archives/edgar/data/0000723531/000072353121000003/payx-20210125formsc13ga.htm"}, {"form_type": "4", "filings_date": "2020-12-28", "url": "https://www.sec.gov/Archives/edgar/data/0000723531/000120919120065164/xslF345X03/doc4.xml"}, {"form_type": "10-Q", "filings_date": "2020-12-23", "url": "https://www.sec.gov/Archives/edgar/data/0000723531/000072353120000075/payx-20201130x10q.htm"}, {"form_type": "8-K", "filings_date": "2020-12-23", "url": "https://www.sec.gov/Archives/edgar/data/0000723531/000072353120000071/payx-20201223x8k.htm"}, {"form_type": "4", "filings_date": "2020-11-30", "url": "https://www.sec.gov/Archives/edgar/data/0000723531/000120919120060734/xslF345X03/doc4.xml"}, {"form_type": "4", "filings_date": "2020-11-18", "url": "https://www.sec.gov/Archives/edgar/data/0000723531/000120919120059034/xslF345X03/doc4.xml"}, {"form_type": "4", "filings_date": "2020-11-16", "url": "https://www.sec.gov/Archives/edgar/data/0000723531/000120919120058447/xslF345X03/doc4.xml"}, {"form_type": "4", "filings_date": "2020-11-13", "url": "https://www.sec.gov/Archives/edgar/data/0000723531/000120919120058264/xslF345X03/doc4.xml"}, {"form_type": "4", "filings_date": "2020-11-12", "url": "https://www.sec.gov/Archives/edgar/data/0000723531/000120919120057884/xslF345X03/doc4.xml"}, {"form_type": "4", "filings_date": "2020-11-10", "url": "https://www.sec.gov/Archives/edgar/data/0000723531/000120919120057606/xslF345X03/doc4.xml"}, {"form_type": "4", "filings_date": "2020-11-09", "url": "https://www.sec.gov/Archives/edgar/data/0000723531/000120919120057435/xslF345X03/doc4.xml"}, {"form_type": "4", "filings_date": "2020-10-27", "url": "https://www.sec.gov/Archives/edgar/data/0000723531/000120919120055913/xslF345X03/doc4.xml"}, {"form_type": "4", "filings_date": "2020-10-27", "url": "https://www.sec.gov/Archives/edgar/data/0000723531/000120919120055911/xslF345X03/doc4.xml"}, {"form_type": "4", "filings_date": "2020-10-22", "url": "https://www.sec.gov/Archives/edgar/data/0000723531/000120919120055557/xslF345X03/doc4.xml"}, {"form_type": "4", "filings_date": "2020-10-19", "url": "https://www.sec.gov/Archives/edgar/data/0000723531/000120919120055253/xslF345X03/doc4.xml"}, {"form_type": "8-K", "filings_date": "2020-10-16", "url": "https://www.sec.gov/Archives/edgar/data/0000723531/000072353120000065/payx-20201015x8k.htm"}, {"form_type": "4", "filings_date": "2020-10-13", "url": "https://www.sec.gov/Archives/edgar/data/0000723531/000120919120054617/xslF345X03/doc4.xml"}, {"form_type": "10-Q", "filings_date": "2020-10-09", "url": "https://www.sec.gov/Archives/edgar/data/0000723531/000072353120000059/payx-20200831x10q.htm"}, {"form_type": "4", "filings_date": "2020-10-09", "url": "https://www.sec.gov/Archives/edgar/data/0000723531/000120919120054451/xslF345X03/doc4.xml"}, {"form_type": "4", "filings_date": "2020-10-08", "url": "https://www.sec.gov/Archives/edgar/data/0000723531/000120919120054276/xslF345X03/doc4.xml"}, {"form_type": "8-K", "filings_date": "2020-10-06", "url": "https://www.sec.gov/Archives/edgar/data/0000723531/000072353120000053/payx-20201006x8k.htm"}, {"form_type": "4", "filings_date": "2020-09-10", "url": "https://www.sec.gov/Archives/edgar/data/0000723531/000120919120049953/xslF345X03/doc4.xml"}, {"form_type": "DEFA14A", "filings_date": "2020-09-04", "url": "https://www.sec.gov/Archives/edgar/data/0000723531/000119312520239839/d941007ddefa14a.htm"}, {"form_type": "DEF 14A", "filings_date": "2020-09-04", "url": "https://www.sec.gov/Archives/edgar/data/0000723531/000119312520239834/d941007ddef14a.htm"}, {"form_type": "4", "filings_date": "2020-08-24", "url": "https://www.sec.gov/Archives/edgar/data/0000723531/000120919120048060/xslF345X03/doc4.xml"}, {"form_type": "4", "filings_date": "2020-08-10", "url": "https://www.sec.gov/Archives/edgar/data/0000723531/000120919120045917/xslF345X03/doc4.xml"}, {"form_type": "4", "filings_date": "2020-08-05", "url": "https://www.sec.gov/Archives/edgar/data/0000723531/000120919120045068/xslF345X03/doc4.xml"}, {"form_type": "10-K", "filings_date": "2020-07-17", "url": "https://www.sec.gov/Archives/edgar/data/0000723531/000072353120000048/payx-20200531x10k.htm"}, {"form_type": "4", "filings_date": "2020-07-17", "url": "https://www.sec.gov/Archives/edgar/data/0000723531/000120919120042810/xslF345X03/doc4.xml"}, {"form_type": "4", "filings_date": "2020-07-17", "url": "https://www.sec.gov/Archives/edgar/data/0000723531/000120919120042804/xslF345X03/doc4.xml"}, {"form_type": "4", "filings_date": "2020-07-17", "url": "https://www.sec.gov/Archives/edgar/data/0000723531/000120919120042800/xslF345X03/doc4.xml"}, {"form_type": "4", "filings_date": "2020-07-17", "url": "https://www.sec.gov/Archives/edgar/data/0000723531/000120919120042797/xslF345X03/doc4.xml"}, {"form_type": "4", "filings_date": "2020-07-17", "url": "https://www.sec.gov/Archives/edgar/data/0000723531/000120919120042794/xslF345X03/doc4.xml"}, {"form_type": "4", "filings_date": "2020-07-17", "url": "https://www.sec.gov/Archives/edgar/data/0000723531/000120919120042790/xslF345X03/doc4.xml"}, {"form_type": "4", "filings_date": "2020-07-17", "url": "https://www.sec.gov/Archives/edgar/data/0000723531/000120919120042787/xslF345X03/doc4.xml"}, {"form_type": "4", "filings_date": "2020-07-17", "url": "https://www.sec.gov/Archives/edgar/data/0000723531/000120919120042784/xslF345X03/doc4.xml"}, {"form_type": "4", "filings_date": "2020-07-17", "url": "https://www.sec.gov/Archives/edgar/data/0000723531/000120919120042778/xslF345X03/doc4.xml"}, {"form_type": "4", "filings_date": "2020-07-17", "url": "https://www.sec.gov/Archives/edgar/data/0000723531/000120919120042774/xslF345X03/doc4.xml"}, {"form_type": "4", "filings_date": "2020-07-17", "url": "https://www.sec.gov/Archives/edgar/data/0000723531/000120919120042773/xslF345X03/doc4.xml"}, {"form_type": "4", "filings_date": "2020-07-17", "url": "https://www.sec.gov/Archives/edgar/data/0000723531/000120919120042767/xslF345X03/doc4.xml"}, {"form_type": "4", "filings_date": "2020-07-17", "url": "https://www.sec.gov/Archives/edgar/data/0000723531/000120919120042763/xslF345X03/doc4.xml"}, {"form_type": "4", "filings_date": "2020-07-17", "url": "https://www.sec.gov/Archives/edgar/data/0000723531/000120919120042762/xslF345X03/doc4.xml"}, {"form_type": "4", "filings_date": "2020-07-17", "url": "https://www.sec.gov/Archives/edgar/data/0000723531/000120919120042761/xslF345X03/doc4.xml"}, {"form_type": "4", "filings_date": "2020-07-14", "url": "https://www.sec.gov/Archives/edgar/data/0000723531/000120919120042355/xslF345X03/doc4.xml"}, {"form_type": "4", "filings_date": "2020-07-14", "url": "https://www.sec.gov/Archives/edgar/data/0000723531/000120919120042354/xslF345X03/doc4.xml"}, {"form_type": "4", "filings_date": "2020-07-14", "url": "https://www.sec.gov/Archives/edgar/data/0000723531/000120919120042353/xslF345X03/doc4.xml"}, {"form_type": "4", "filings_date": "2020-07-14", "url": "https://www.sec.gov/Archives/edgar/data/0000723531/000120919120042352/xslF345X03/doc4.xml"}, {"form_type": "4", "filings_date": "2020-07-14", "url": "https://www.sec.gov/Archives/edgar/data/0000723531/000120919120042351/xslF345X03/doc4.xml"}, {"form_type": "4", "filings_date": "2020-07-14", "url": "https://www.sec.gov/Archives/edgar/data/0000723531/000120919120042350/xslF345X03/doc4.xml"}, {"form_type": "4", "filings_date": "2020-07-14", "url": "https://www.sec.gov/Archives/edgar/data/0000723531/000120919120042349/xslF345X03/doc4.xml"}, {"form_type": "4", "filings_date": "2020-07-14", "url": "https://www.sec.gov/Archives/edgar/data/0000723531/000120919120042348/xslF345X03/doc4.xml"}, {"form_type": "8-K", "filings_date": "2020-07-07", "url": "https://www.sec.gov/Archives/edgar/data/0000723531/000072353120000045/payx-20200707x8k.htm"}, {"form_type": "11-K", "filings_date": "2020-06-12", "url": "https://www.sec.gov/Archives/edgar/data/0000723531/000072353120000036/payx-20191231x11k.htm"}, {"form_type": "4", "filings_date": "2020-06-03", "url": "https://www.sec.gov/Archives/edgar/data/0000723531/000120919120033919/xslF345X03/doc4.xml"}, {"form_type": "8-K", "filings_date": "2020-05-19", "url": "https://www.sec.gov/Archives/edgar/data/0000723531/000072353120000032/payx-20200519x8k.htm"}, {"form_type": "8-K", "filings_date": "2020-05-05", "url": "https://www.sec.gov/Archives/edgar/data/0000723531/000072353120000025/payx-20200501x8k.htm"}, {"form_type": "UPLOAD", "filings_date": "2020-04-09", "url": "https://www.sec.gov/Archives/edgar/data/0000723531/000000000020003084/filename1.pdf"}, {"form_type": "CORRESP", "filings_date": "2020-04-08", "url": "https://www.sec.gov/Archives/edgar/data/0000723531/000072353120000021/filename1.htm"}, {"form_type": "4", "filings_date": "2020-04-02", "url": "https://www.sec.gov/Archives/edgar/data/0000723531/000120919120022500/xslF345X03/doc4.xml"}, {"form_type": "10-Q", "filings_date": "2020-03-27", "url": "https://www.sec.gov/Archives/edgar/data/0000723531/000072353120000017/payx-20200229x10q.htm"}, {"form_type": "4", "filings_date": "2020-03-27", "url": "https://www.sec.gov/Archives/edgar/data/0000723531/000120919120021370/xslF345X03/doc4.xml"}, {"form_type": "8-K", "filings_date": "2020-03-25", "url": "https://www.sec.gov/Archives/edgar/data/0000723531/000072353120000013/payx-20200325x8k.htm"}, {"form_type": "UPLOAD", "filings_date": "2020-03-19", "url": "https://www.sec.gov/Archives/edgar/data/0000723531/000000000020002425/filename1.pdf"}, {"form_type": "CORRESP", "filings_date": "2020-03-11", "url": "https://www.sec.gov/Archives/edgar/data/0000723531/000072353120000009/filename1.htm"}, {"form_type": "4", "filings_date": "2020-02-28", "url": "https://www.sec.gov/Archives/edgar/data/0000723531/000120919120013764/xslF345X03/doc4.xml"}, {"form_type": "UPLOAD", "filings_date": "2020-02-27", "url": "https://www.sec.gov/Archives/edgar/data/0000723531/000000000020001792/filename1.pdf"}, {"form_type": "4", "filings_date": "2020-02-24", "url": "https://www.sec.gov/Archives/edgar/data/0000723531/000120919120011928/xslF345X03/doc4.xml"}, {"form_type": "SC 13G/A", "filings_date": "2020-02-12", "url": "https://www.sec.gov/Archives/edgar/data/0000723531/000110465920018512/tv01762-paychexinc.htm"}, {"form_type": "8-K", "filings_date": "2020-02-11", "url": "https://www.sec.gov/Archives/edgar/data/0000723531/000072353120000005/payx-20200206x8k.htm"}, {"form_type": "SC 13G/A", "filings_date": "2020-02-04", "url": "https://www.sec.gov/Archives/edgar/data/0000723531/000072353120000002/payx-20200204sc13ga.htm"}, {"form_type": "SC 13G/A", "filings_date": "2020-02-04", "url": "https://www.sec.gov/Archives/edgar/data/0000723531/000083423720002339/us7043261079_020320.txt"}, {"form_type": "4", "filings_date": "2020-01-23", "url": "https://www.sec.gov/Archives/edgar/data/0000723531/000120919120004628/xslF345X03/doc4.xml"}, {"form_type": "4", "filings_date": "2020-01-17", "url": "https://www.sec.gov/Archives/edgar/data/0000723531/000120919120003952/xslF345X03/doc4.xml"}, {"form_type": "4", "filings_date": "2020-01-16", "url": "https://www.sec.gov/Archives/edgar/data/0000723531/000120919120003668/xslF345X03/doc4.xml"}, {"form_type": "4", "filings_date": "2020-01-13", "url": "https://www.sec.gov/Archives/edgar/data/0000723531/000120919120003190/xslF345X03/doc4.xml"}, {"form_type": "10-Q", "filings_date": "2019-12-20", "url": "https://www.sec.gov/Archives/edgar/data/0000723531/000072353119000057/payx-20191130x10q.htm"}, {"form_type": "8-K", "filings_date": "2019-12-18", "url": "https://www.sec.gov/Archives/edgar/data/0000723531/000072353119000054/payx-20191218x8k.htm"}, {"form_type": "4", "filings_date": "2019-12-06", "url": "https://www.sec.gov/Archives/edgar/data/0000723531/000120919119059442/xslF345X03/doc4.xml"}, {"form_type": "4", "filings_date": "2019-10-28", "url": "https://www.sec.gov/Archives/edgar/data/0000723531/000120919119054234/xslF345X03/doc4.xml"}, {"form_type": "4", "filings_date": "2019-10-18", "url": "https://www.sec.gov/Archives/edgar/data/0000723531/000120919119053610/xslF345X03/doc4.xml"}, {"form_type": "8-K", "filings_date": "2019-10-18", "url": "https://www.sec.gov/Archives/edgar/data/0000723531/000072353119000050/payx-20191017x8k.htm"}, {"form_type": "4", "filings_date": "2019-10-15", "url": "https://www.sec.gov/Archives/edgar/data/0000723531/000120919119053153/xslF345X03/doc4.xml"}, {"form_type": "SC 13G/A", "filings_date": "2019-10-09", "url": "https://www.sec.gov/Archives/edgar/data/0000723531/000083423719000169/us7043261079_100919.txt"}, {"form_type": "10-Q", "filings_date": "2019-10-04", "url": "https://www.sec.gov/Archives/edgar/data/0000723531/000072353119000046/payx-20190831x10q.htm"}, {"form_type": "8-K", "filings_date": "2019-10-03", "url": "https://www.sec.gov/Archives/edgar/data/0000723531/000072353119000041/payx-20191002x8k.htm"}, {"form_type": "DEF 14A", "filings_date": "2019-09-18", "url": "https://www.sec.gov/Archives/edgar/data/0000723531/000119312519248311/d798512ddef14a.htm"}, {"form_type": "4", "filings_date": "2019-09-04", "url": "https://www.sec.gov/Archives/edgar/data/0000723531/000120919119048170/xslF345X03/doc4.xml"}, {"form_type": "4", "filings_date": "2019-08-05", "url": "https://www.sec.gov/Archives/edgar/data/0000723531/000120919119044527/xslF345X03/doc4.xml"}, {"form_type": "8-K", "filings_date": "2019-08-01", "url": "https://www.sec.gov/Archives/edgar/data/0000723531/000072353119000036/payx-20190731x8k.htm"}, {"form_type": "10-K", "filings_date": "2019-07-24", "url": "https://www.sec.gov/Archives/edgar/data/0000723531/000072353119000032/payx-20190531x10k.htm"}, {"form_type": "4", "filings_date": "2019-07-22", "url": "https://www.sec.gov/Archives/edgar/data/0000723531/000120919119042851/xslF345X03/doc4.xml"}, {"form_type": "3", "filings_date": "2019-07-18", "url": "https://www.sec.gov/Archives/edgar/data/0000723531/000120919119042631/xslF345X02/doc3.xml"}, {"form_type": "4", "filings_date": "2019-07-15", "url": "https://www.sec.gov/Archives/edgar/data/0000723531/000120919119042072/xslF345X03/doc4.xml"}, {"form_type": "4", "filings_date": "2019-07-15", "url": "https://www.sec.gov/Archives/edgar/data/0000723531/000120919119042069/xslF345X03/doc4.xml"}, {"form_type": "4", "filings_date": "2019-07-15", "url": "https://www.sec.gov/Archives/edgar/data/0000723531/000120919119042068/xslF345X03/doc4.xml"}, {"form_type": "4", "filings_date": "2019-07-15", "url": "https://www.sec.gov/Archives/edgar/data/0000723531/000120919119042066/xslF345X03/doc4.xml"}, {"form_type": "4", "filings_date": "2019-07-15", "url": "https://www.sec.gov/Archives/edgar/data/0000723531/000120919119042063/xslF345X03/doc4.xml"}, {"form_type": "4", "filings_date": "2019-07-15", "url": "https://www.sec.gov/Archives/edgar/data/0000723531/000120919119042058/xslF345X03/doc4.xml"}, {"form_type": "4", "filings_date": "2019-07-15", "url": "https://www.sec.gov/Archives/edgar/data/0000723531/000120919119042056/xslF345X03/doc4.xml"}, {"form_type": "4", "filings_date": "2019-07-12", "url": "https://www.sec.gov/Archives/edgar/data/0000723531/000120919119041918/xslF345X03/doc4.xml"}, {"form_type": "4", "filings_date": "2019-07-12", "url": "https://www.sec.gov/Archives/edgar/data/0000723531/000120919119041914/xslF345X03/doc4.xml"}, {"form_type": "4", "filings_date": "2019-07-12", "url": "https://www.sec.gov/Archives/edgar/data/0000723531/000120919119041909/xslF345X03/doc4.xml"}, {"form_type": "4", "filings_date": "2019-07-12", "url": "https://www.sec.gov/Archives/edgar/data/0000723531/000120919119041906/xslF345X03/doc4.xml"}, {"form_type": "4", "filings_date": "2019-07-12", "url": "https://www.sec.gov/Archives/edgar/data/0000723531/000120919119041905/xslF345X03/doc4.xml"}, {"form_type": "4", "filings_date": "2019-07-12", "url": "https://www.sec.gov/Archives/edgar/data/0000723531/000120919119041904/xslF345X03/doc4.xml"}, {"form_type": "4", "filings_date": "2019-07-12", "url": "https://www.sec.gov/Archives/edgar/data/0000723531/000120919119041903/xslF345X03/doc4.xml"}, {"form_type": "4", "filings_date": "2019-07-12", "url": "https://www.sec.gov/Archives/edgar/data/0000723531/000120919119041901/xslF345X03/doc4.xml"}, {"form_type": "4", "filings_date": "2019-07-12", "url": "https://www.sec.gov/Archives/edgar/data/0000723531/000120919119041899/xslF345X03/doc4.xml"}, {"form_type": "4", "filings_date": "2019-07-12", "url": "https://www.sec.gov/Archives/edgar/data/0000723531/000120919119041898/xslF345X03/doc4.xml"}, {"form_type": "4", "filings_date": "2019-07-12", "url": "https://www.sec.gov/Archives/edgar/data/0000723531/000120919119041897/xslF345X03/doc4.xml"}, {"form_type": "4", "filings_date": "2019-07-12", "url": "https://www.sec.gov/Archives/edgar/data/0000723531/000120919119041894/xslF345X03/doc4.xml"}, {"form_type": "4", "filings_date": "2019-07-12", "url": "https://www.sec.gov/Archives/edgar/data/0000723531/000120919119041893/xslF345X03/doc4.xml"}, {"form_type": "4", "filings_date": "2019-07-12", "url": "https://www.sec.gov/Archives/edgar/data/0000723531/000120919119041892/xslF345X03/doc4.xml"}, {"form_type": "8-K", "filings_date": "2019-07-10", "url": "https://www.sec.gov/Archives/edgar/data/0000723531/000072353119000028/payx-20190710x8k.htm"}, {"form_type": "4", "filings_date": "2019-07-09", "url": "https://www.sec.gov/Archives/edgar/data/0000723531/000120919119041547/xslF345X03/doc4.xml"}, {"form_type": "4", "filings_date": "2019-07-09", "url": "https://www.sec.gov/Archives/edgar/data/0000723531/000120919119041543/xslF345X03/doc4.xml"}, {"form_type": "4", "filings_date": "2019-07-09", "url": "https://www.sec.gov/Archives/edgar/data/0000723531/000120919119041541/xslF345X03/doc4.xml"}, {"form_type": "4", "filings_date": "2019-07-09", "url": "https://www.sec.gov/Archives/edgar/data/0000723531/000120919119041539/xslF345X03/doc4.xml"}, {"form_type": "4", "filings_date": "2019-07-09", "url": "https://www.sec.gov/Archives/edgar/data/0000723531/000120919119041538/xslF345X03/doc4.xml"}, {"form_type": "4", "filings_date": "2019-07-09", "url": "https://www.sec.gov/Archives/edgar/data/0000723531/000120919119041534/xslF345X03/doc4.xml"}, {"form_type": "4", "filings_date": "2019-07-09", "url": "https://www.sec.gov/Archives/edgar/data/0000723531/000120919119041533/xslF345X03/doc4.xml"}, {"form_type": "4", "filings_date": "2019-07-09", "url": "https://www.sec.gov/Archives/edgar/data/0000723531/000120919119041531/xslF345X03/doc4.xml"}, {"form_type": "4", "filings_date": "2019-07-02", "url": "https://www.sec.gov/Archives/edgar/data/0000723531/000120919119040304/xslF345X03/doc4.xml"}, {"form_type": "8-K", "filings_date": "2019-06-26", "url": "https://www.sec.gov/Archives/edgar/data/0000723531/000072353119000025/payx-20190626x8k.htm"}, {"form_type": "11-K", "filings_date": "2019-06-10", "url": "https://www.sec.gov/Archives/edgar/data/0000723531/000072353119000022/payx-20181231x11k.htm"}, {"form_type": "4", "filings_date": "2019-06-03", "url": "https://www.sec.gov/Archives/edgar/data/0000723531/000120919119033869/xslF345X03/doc4.xml"}, {"form_type": "4", "filings_date": "2019-05-16", "url": "https://www.sec.gov/Archives/edgar/data/0000723531/000120919119030349/xslF345X03/doc4.xml"}, {"form_type": "4", "filings_date": "2019-05-14", "url": "https://www.sec.gov/Archives/edgar/data/0000723531/000120919119029599/xslF345X03/doc4.xml"}, {"form_type": "4", "filings_date": "2019-05-08", "url": "https://www.sec.gov/Archives/edgar/data/0000723531/000120919119028217/xslF345X03/doc4.xml"}, {"form_type": "8-K", "filings_date": "2019-05-07", "url": "https://www.sec.gov/Archives/edgar/data/0000723531/000072353119000018/payx-20190503x8k.htm"}, {"form_type": "4", "filings_date": "2019-05-07", "url": "https://www.sec.gov/Archives/edgar/data/0000723531/000120919119027960/xslF345X03/doc4.xml"}, {"form_type": "4", "filings_date": "2019-04-15", "url": "https://www.sec.gov/Archives/edgar/data/0000723531/000120919119024580/xslF345X03/doc4.xml"}, {"form_type": "4", "filings_date": "2019-04-11", "url": "https://www.sec.gov/Archives/edgar/data/0000723531/000120919119024345/xslF345X03/doc4.xml"}, {"form_type": "4/A", "filings_date": "2019-04-11", "url": "https://www.sec.gov/Archives/edgar/data/0000723531/000120919119024335/xslF345X03/doc4a.xml"}, {"form_type": "4", "filings_date": "2019-04-09", "url": "https://www.sec.gov/Archives/edgar/data/0000723531/000120919119024093/xslF345X03/doc4.xml"}, {"form_type": "4", "filings_date": "2019-04-09", "url": "https://www.sec.gov/Archives/edgar/data/0000723531/000120919119024089/xslF345X03/doc4.xml"}, {"form_type": "4", "filings_date": "2019-04-03", "url": "https://www.sec.gov/Archives/edgar/data/0000723531/000120919119023096/xslF345X03/doc4.xml"}, {"form_type": "4", "filings_date": "2019-04-03", "url": "https://www.sec.gov/Archives/edgar/data/0000723531/000120919119023088/xslF345X03/doc4.xml"}, {"form_type": "10-Q", "filings_date": "2019-03-29", "url": "https://www.sec.gov/Archives/edgar/data/0000723531/000072353119000015/payx-20190228x10q.htm"}, {"form_type": "8-K", "filings_date": "2019-03-27", "url": "https://www.sec.gov/Archives/edgar/data/0000723531/000072353119000012/payx-20190327x8k.htm"}, {"form_type": "4", "filings_date": "2019-03-11", "url": "https://www.sec.gov/Archives/edgar/data/0000723531/000120919119018441/xslF345X03/doc4.xml"}, {"form_type": "4", "filings_date": "2019-02-19", "url": "https://www.sec.gov/Archives/edgar/data/0000723531/000120919119011067/xslF345X03/doc4.xml"}, {"form_type": "4", "filings_date": "2019-02-13", "url": "https://www.sec.gov/Archives/edgar/data/0000723531/000120919119009625/xslF345X03/doc4.xml"}, {"form_type": "4", "filings_date": "2019-02-13", "url": "https://www.sec.gov/Archives/edgar/data/0000723531/000120919119009597/xslF345X03/doc4.xml"}, {"form_type": "SC 13G/A", "filings_date": "2019-02-12", "url": "https://www.sec.gov/Archives/edgar/data/0000723531/000072353119000009/payx-20190212SC13GA.htm"}, {"form_type": "SC 13G/A", "filings_date": "2019-02-12", "url": "https://www.sec.gov/Archives/edgar/data/0000723531/000093247119005742/paychexinc.htm"}, {"form_type": "SC 13G/A", "filings_date": "2019-02-06", "url": "https://www.sec.gov/Archives/edgar/data/0000723531/000021545719004869/us7043261079_020519.txt"}, {"form_type": "4", "filings_date": "2019-02-05", "url": "https://www.sec.gov/Archives/edgar/data/0000723531/000120919119007319/xslF345X03/doc4.xml"}, {"form_type": "4", "filings_date": "2019-02-05", "url": "https://www.sec.gov/Archives/edgar/data/0000723531/000120919119007316/xslF345X03/doc4.xml"}, {"form_type": "4", "filings_date": "2019-01-23", "url": "https://www.sec.gov/Archives/edgar/data/0000723531/000120919119004957/xslF345X03/doc4.xml"}, {"form_type": "4", "filings_date": "2019-01-22", "url": "https://www.sec.gov/Archives/edgar/data/0000723531/000120919119004751/xslF345X03/doc4.xml"}, {"form_type": "8-K", "filings_date": "2019-01-11", "url": "https://www.sec.gov/Archives/edgar/data/0000723531/000072353119000006/payx-20190109x8k.htm"}, {"form_type": "4", "filings_date": "2018-12-27", "url": "https://www.sec.gov/Archives/edgar/data/0000723531/000120919118064187/xslF345X03/doc4.xml"}, {"form_type": "10-Q", "filings_date": "2018-12-21", "url": "https://www.sec.gov/Archives/edgar/data/0000723531/000072353118000048/payx-20181130x10q.htm"}, {"form_type": "8-K", "filings_date": "2018-12-19", "url": "https://www.sec.gov/Archives/edgar/data/0000723531/000072353118000045/payx-20181219x8k.htm"}, {"form_type": "8-K", "filings_date": "2018-11-26", "url": "https://www.sec.gov/Archives/edgar/data/0000723531/000072353118000043/payx-20181126x8k.htm"}, {"form_type": "4", "filings_date": "2018-10-26", "url": "https://www.sec.gov/Archives/edgar/data/0000723531/000120919118056279/xslF345X03/doc4.xml"}, {"form_type": "4", "filings_date": "2018-10-24", "url": "https://www.sec.gov/Archives/edgar/data/0000723531/000120919118056037/xslF345X03/doc4.xml"}, {"form_type": "8-K", "filings_date": "2018-10-12", "url": "https://www.sec.gov/Archives/edgar/data/0000723531/000072353118000037/payx-20181011x8k.htm"}, {"form_type": "10-Q", "filings_date": "2018-10-05", "url": "https://www.sec.gov/Archives/edgar/data/0000723531/000072353118000034/payx-20180831x10q.htm"}, {"form_type": "8-K", "filings_date": "2018-10-02", "url": "https://www.sec.gov/Archives/edgar/data/0000723531/000072353118000029/payx-20181002x8k.htm"}, {"form_type": "DEF 14A", "filings_date": "2018-09-07", "url": "https://www.sec.gov/Archives/edgar/data/0000723531/000119312518268853/d562942ddef14a.htm"}, {"form_type": "4", "filings_date": "2018-09-06", "url": "https://www.sec.gov/Archives/edgar/data/0000723531/000120919118049797/xslF345X03/doc4.xml"}, {"form_type": "4", "filings_date": "2018-08-28", "url": "https://www.sec.gov/Archives/edgar/data/0000723531/000120919118048674/xslF345X03/doc4.xml"}, {"form_type": "4", "filings_date": "2018-08-15", "url": "https://www.sec.gov/Archives/edgar/data/0000723531/000120919118046754/xslF345X03/doc4.xml"}, {"form_type": "4", "filings_date": "2018-08-09", "url": "https://www.sec.gov/Archives/edgar/data/0000723531/000120919118046025/xslF345X03/doc4.xml"}, {"form_type": "4", "filings_date": "2018-07-31", "url": "https://www.sec.gov/Archives/edgar/data/0000723531/000120919118044544/xslF345X03/doc4.xml"}, {"form_type": "4", "filings_date": "2018-07-26", "url": "https://www.sec.gov/Archives/edgar/data/0000723531/000120919118044031/xslF345X03/doc4.xml"}, {"form_type": "4", "filings_date": "2018-07-26", "url": "https://www.sec.gov/Archives/edgar/data/0000723531/000120919118044029/xslF345X03/doc4.xml"}, {"form_type": "10-K", "filings_date": "2018-07-20", "url": "https://www.sec.gov/Archives/edgar/data/0000723531/000072353118000026/payx-20180531x10k.htm"}, {"form_type": "4", "filings_date": "2018-07-13", "url": "https://www.sec.gov/Archives/edgar/data/0000723531/000120919118042532/xslF345X03/doc4.xml"}, {"form_type": "4", "filings_date": "2018-07-13", "url": "https://www.sec.gov/Archives/edgar/data/0000723531/000120919118042531/xslF345X03/doc4.xml"}, {"form_type": "4", "filings_date": "2018-07-13", "url": "https://www.sec.gov/Archives/edgar/data/0000723531/000120919118042530/xslF345X03/doc4.xml"}, {"form_type": "4", "filings_date": "2018-07-13", "url": "https://www.sec.gov/Archives/edgar/data/0000723531/000120919118042529/xslF345X03/doc4.xml"}, {"form_type": "4", "filings_date": "2018-07-13", "url": "https://www.sec.gov/Archives/edgar/data/0000723531/000120919118042528/xslF345X03/doc4.xml"}, {"form_type": "4", "filings_date": "2018-07-13", "url": "https://www.sec.gov/Archives/edgar/data/0000723531/000120919118042527/xslF345X03/doc4.xml"}, {"form_type": "4", "filings_date": "2018-07-13", "url": "https://www.sec.gov/Archives/edgar/data/0000723531/000120919118042526/xslF345X03/doc4.xml"}, {"form_type": "4", "filings_date": "2018-07-13", "url": "https://www.sec.gov/Archives/edgar/data/0000723531/000120919118042525/xslF345X03/doc4.xml"}, {"form_type": "4", "filings_date": "2018-07-13", "url": "https://www.sec.gov/Archives/edgar/data/0000723531/000120919118042524/xslF345X03/doc4.xml"}, {"form_type": "4", "filings_date": "2018-07-13", "url": "https://www.sec.gov/Archives/edgar/data/0000723531/000120919118042523/xslF345X03/doc4.xml"}, {"form_type": "4", "filings_date": "2018-07-13", "url": "https://www.sec.gov/Archives/edgar/data/0000723531/000120919118042522/xslF345X03/doc4.xml"}, {"form_type": "4", "filings_date": "2018-07-13", "url": "https://www.sec.gov/Archives/edgar/data/0000723531/000120919118042521/xslF345X03/doc4.xml"}, {"form_type": "4", "filings_date": "2018-07-13", "url": "https://www.sec.gov/Archives/edgar/data/0000723531/000120919118042520/xslF345X03/doc4.xml"}, {"form_type": "4", "filings_date": "2018-07-13", "url": "https://www.sec.gov/Archives/edgar/data/0000723531/000120919118042519/xslF345X03/doc4.xml"}, {"form_type": "4", "filings_date": "2018-07-13", "url": "https://www.sec.gov/Archives/edgar/data/0000723531/000120919118042518/xslF345X03/doc4.xml"}, {"form_type": "4", "filings_date": "2018-07-10", "url": "https://www.sec.gov/Archives/edgar/data/0000723531/000120919118042151/xslF345X03/doc4.xml"}, {"form_type": "4", "filings_date": "2018-07-10", "url": "https://www.sec.gov/Archives/edgar/data/0000723531/000120919118042147/xslF345X03/doc4.xml"}, {"form_type": "4", "filings_date": "2018-07-10", "url": "https://www.sec.gov/Archives/edgar/data/0000723531/000120919118042146/xslF345X03/doc4.xml"}, {"form_type": "4", "filings_date": "2018-07-10", "url": "https://www.sec.gov/Archives/edgar/data/0000723531/000120919118042144/xslF345X03/doc4.xml"}, {"form_type": "4", "filings_date": "2018-07-10", "url": "https://www.sec.gov/Archives/edgar/data/0000723531/000120919118042141/xslF345X03/doc4.xml"}, {"form_type": "4", "filings_date": "2018-07-10", "url": "https://www.sec.gov/Archives/edgar/data/0000723531/000120919118042136/xslF345X03/doc4.xml"}, {"form_type": "4", "filings_date": "2018-07-10", "url": "https://www.sec.gov/Archives/edgar/data/0000723531/000120919118042133/xslF345X03/doc4.xml"}, {"form_type": "4", "filings_date": "2018-07-10", "url": "https://www.sec.gov/Archives/edgar/data/0000723531/000120919118042130/xslF345X03/doc4.xml"}, {"form_type": "4", "filings_date": "2018-07-06", "url": "https://www.sec.gov/Archives/edgar/data/0000723531/000120919118041860/xslF345X03/doc4.xml"}, {"form_type": "8-K", "filings_date": "2018-06-28", "url": "https://www.sec.gov/Archives/edgar/data/0000723531/000072353118000022/payx-20180627x8k.htm"}, {"form_type": "8-K", "filings_date": "2018-06-27", "url": "https://www.sec.gov/Archives/edgar/data/0000723531/000072353118000019/payx-20180627x8k.htm"}, {"form_type": "11-K", "filings_date": "2018-06-11", "url": "https://www.sec.gov/Archives/edgar/data/0000723531/000072353118000015/payx-20171231x11k.htm"}, {"form_type": "4", "filings_date": "2018-05-31", "url": "https://www.sec.gov/Archives/edgar/data/0000723531/000120919118034305/xslF345X03/doc4.xml"}, {"form_type": "4", "filings_date": "2018-05-18", "url": "https://www.sec.gov/Archives/edgar/data/0000723531/000120919118031367/xslF345X03/doc4.xml"}, {"form_type": "3", "filings_date": "2018-05-01", "url": "https://www.sec.gov/Archives/edgar/data/0000723531/000120919118027081/xslF345X02/doc3.xml"}, {"form_type": "8-K", "filings_date": "2018-04-30", "url": "https://www.sec.gov/Archives/edgar/data/0000723531/000072353118000012/payx-20180426x8k.htm"}, {"form_type": "4", "filings_date": "2018-03-29", "url": "https://www.sec.gov/Archives/edgar/data/0000723531/000120919118022133/xslF345X03/doc4.xml"}, {"form_type": "10-Q", "filings_date": "2018-03-28", "url": "https://www.sec.gov/Archives/edgar/data/0000723531/000072353118000009/payx-20180228x10q.htm"}, {"form_type": "8-K", "filings_date": "2018-03-26", "url": "https://www.sec.gov/Archives/edgar/data/0000723531/000072353118000005/payx-20180326x8k.htm"}, {"form_type": "4", "filings_date": "2018-03-02", "url": "https://www.sec.gov/Archives/edgar/data/0000723531/000120919118015516/xslF345X03/doc4.xml"}, {"form_type": "8-K", "filings_date": "2018-03-01", "url": "https://www.sec.gov/Archives/edgar/data/0000723531/000072353118000003/payx-20180301x8k.htm"}, {"form_type": "SC 13G/A", "filings_date": "2018-02-09", "url": "https://www.sec.gov/Archives/edgar/data/0000723531/000093247118004102/paychexinc.htm"}, {"form_type": "SC 13G/A", "filings_date": "2018-02-08", "url": "https://www.sec.gov/Archives/edgar/data/0000723531/000021545718005087/us7043261079_012418.txt"}, {"form_type": "SC 13G/A", "filings_date": "2018-01-18", "url": "https://www.sec.gov/Archives/edgar/data/0000723531/000156276218000020/payx-20180118sc13ga.htm"}, {"form_type": "4", "filings_date": "2018-01-16", "url": "https://www.sec.gov/Archives/edgar/data/0000723531/000120919118003565/xslF345X03/doc4.xml"}, {"form_type": "4", "filings_date": "2018-01-05", "url": "https://www.sec.gov/Archives/edgar/data/0000723531/000120919118002430/xslF345X03/doc4.xml"}, {"form_type": "10-Q", "filings_date": "2017-12-21", "url": "https://www.sec.gov/Archives/edgar/data/0000723531/000072353117000059/payx-20171130x10q.htm"}, {"form_type": "8-K", "filings_date": "2017-12-21", "url": "https://www.sec.gov/Archives/edgar/data/0000723531/000072353117000057/payx-20171221x8k.htm"}, {"form_type": "4", "filings_date": "2017-11-27", "url": "https://www.sec.gov/Archives/edgar/data/0000723531/000120919117062566/xslF345X03/doc4.xml"}, {"form_type": "4", "filings_date": "2017-11-01", "url": "https://www.sec.gov/Archives/edgar/data/0000723531/000120919117058593/xslF345X03/doc4.xml"}, {"form_type": "8-K/A", "filings_date": "2017-10-30", "url": "https://www.sec.gov/Archives/edgar/data/0000723531/000072353117000053/payx-20171011x8ka.htm"}, {"form_type": "424B7", "filings_date": "2017-10-18", "url": "https://www.sec.gov/Archives/edgar/data/0000723531/000072353117000051/payx-20171017.htm"}, {"form_type": "S-3ASR", "filings_date": "2017-10-17", "url": "https://www.sec.gov/Archives/edgar/data/0000723531/000072353117000048/payx-20171017.htm"}, {"form_type": "8-K", "filings_date": "2017-10-16", "url": "https://www.sec.gov/Archives/edgar/data/0000723531/000072353117000043/payx-20171016x8k.htm"}, {"form_type": "8-K", "filings_date": "2017-10-12", "url": "https://www.sec.gov/Archives/edgar/data/0000723531/000072353117000041/payx-20171011x8k.htm"}, {"form_type": "4", "filings_date": "2017-10-11", "url": "https://www.sec.gov/Archives/edgar/data/0000723531/000120919117056629/xslF345X03/doc4.xml"}, {"form_type": "4", "filings_date": "2017-10-10", "url": "https://www.sec.gov/Archives/edgar/data/0000723531/000120919117056436/xslF345X03/doc4.xml"}, {"form_type": "4", "filings_date": "2017-10-10", "url": "https://www.sec.gov/Archives/edgar/data/0000723531/000120919117056433/xslF345X03/doc4.xml"}, {"form_type": "10-Q", "filings_date": "2017-10-06", "url": "https://www.sec.gov/Archives/edgar/data/0000723531/000072353117000038/payx-20170831x10q.htm"}, {"form_type": "4", "filings_date": "2017-10-04", "url": "https://www.sec.gov/Archives/edgar/data/0000723531/000120919117055768/xslF345X03/doc4.xml"}, {"form_type": "8-K", "filings_date": "2017-10-03", "url": "https://www.sec.gov/Archives/edgar/data/0000723531/000072353117000034/payx-20171003x8k.htm"}, {"form_type": "4", "filings_date": "2017-09-26", "url": "https://www.sec.gov/Archives/edgar/data/0000723531/000120919117053965/xslF345X03/doc4.xml"}, {"form_type": "8-K", "filings_date": "2017-09-11", "url": "https://www.sec.gov/Archives/edgar/data/0000723531/000072353117000031/payx-20170911x8k.htm"}, {"form_type": "4", "filings_date": "2017-09-11", "url": "https://www.sec.gov/Archives/edgar/data/0000723531/000120919117052217/xslF345X03/doc4.xml"}, {"form_type": "8-K", "filings_date": "2017-09-08", "url": "https://www.sec.gov/Archives/edgar/data/0000723531/000072353117000029/payx-20170908x8k.htm"}, {"form_type": "DEF 14A", "filings_date": "2017-09-08", "url": "https://www.sec.gov/Archives/edgar/data/0000723531/000119312517280378/d373579ddef14a.htm"}, {"form_type": "4", "filings_date": "2017-08-29", "url": "https://www.sec.gov/Archives/edgar/data/0000723531/000120919117050576/xslF345X03/doc4.xml"}, {"form_type": "8-K", "filings_date": "2017-08-21", "url": "https://www.sec.gov/Archives/edgar/data/0000723531/000072353117000025/payx-20170821x8k.htm"}, {"form_type": "10-K", "filings_date": "2017-07-21", "url": "https://www.sec.gov/Archives/edgar/data/0000723531/000072353117000023/payx-20170531x10k.htm"}, {"form_type": "3", "filings_date": "2017-07-21", "url": "https://www.sec.gov/Archives/edgar/data/0000723531/000120919117045974/xslF345X02/doc3.xml"}, {"form_type": "8-K", "filings_date": "2017-07-19", "url": "https://www.sec.gov/Archives/edgar/data/0000723531/000072353117000020/payx-20170719x8k.htm"}, {"form_type": "4", "filings_date": "2017-07-14", "url": "https://www.sec.gov/Archives/edgar/data/0000723531/000120919117045201/xslF345X03/doc4.xml"}, {"form_type": "4", "filings_date": "2017-07-14", "url": "https://www.sec.gov/Archives/edgar/data/0000723531/000120919117045200/xslF345X03/doc4.xml"}, {"form_type": "4", "filings_date": "2017-07-14", "url": "https://www.sec.gov/Archives/edgar/data/0000723531/000120919117045199/xslF345X03/doc4.xml"}, {"form_type": "4", "filings_date": "2017-07-14", "url": "https://www.sec.gov/Archives/edgar/data/0000723531/000120919117045198/xslF345X03/doc4.xml"}, {"form_type": "4", "filings_date": "2017-07-14", "url": "https://www.sec.gov/Archives/edgar/data/0000723531/000120919117045197/xslF345X03/doc4.xml"}, {"form_type": "4", "filings_date": "2017-07-14", "url": "https://www.sec.gov/Archives/edgar/data/0000723531/000120919117045196/xslF345X03/doc4.xml"}, {"form_type": "4", "filings_date": "2017-07-14", "url": "https://www.sec.gov/Archives/edgar/data/0000723531/000120919117045195/xslF345X03/doc4.xml"}, {"form_type": "4", "filings_date": "2017-07-14", "url": "https://www.sec.gov/Archives/edgar/data/0000723531/000120919117045194/xslF345X03/doc4.xml"}, {"form_type": "4", "filings_date": "2017-07-14", "url": "https://www.sec.gov/Archives/edgar/data/0000723531/000120919117045192/xslF345X03/doc4.xml"}, {"form_type": "4", "filings_date": "2017-07-14", "url": "https://www.sec.gov/Archives/edgar/data/0000723531/000120919117045191/xslF345X03/doc4.xml"}, {"form_type": "4", "filings_date": "2017-07-14", "url": "https://www.sec.gov/Archives/edgar/data/0000723531/000120919117045190/xslF345X03/doc4.xml"}, {"form_type": "4", "filings_date": "2017-07-14", "url": "https://www.sec.gov/Archives/edgar/data/0000723531/000120919117045189/xslF345X03/doc4.xml"}, {"form_type": "4", "filings_date": "2017-07-14", "url": "https://www.sec.gov/Archives/edgar/data/0000723531/000120919117045188/xslF345X03/doc4.xml"}, {"form_type": "4", "filings_date": "2017-07-14", "url": "https://www.sec.gov/Archives/edgar/data/0000723531/000120919117045187/xslF345X03/doc4.xml"}, {"form_type": "4", "filings_date": "2017-07-14", "url": "https://www.sec.gov/Archives/edgar/data/0000723531/000120919117045186/xslF345X03/doc4.xml"}, {"form_type": "4", "filings_date": "2017-07-10", "url": "https://www.sec.gov/Archives/edgar/data/0000723531/000120919117044603/xslF345X03/doc4.xml"}, {"form_type": "4", "filings_date": "2017-07-10", "url": "https://www.sec.gov/Archives/edgar/data/0000723531/000120919117044600/xslF345X03/doc4.xml"}, {"form_type": "4", "filings_date": "2017-07-10", "url": "https://www.sec.gov/Archives/edgar/data/0000723531/000120919117044597/xslF345X03/doc4.xml"}, {"form_type": "4", "filings_date": "2017-07-10", "url": "https://www.sec.gov/Archives/edgar/data/0000723531/000120919117044593/xslF345X03/doc4.xml"}, {"form_type": "4", "filings_date": "2017-07-10", "url": "https://www.sec.gov/Archives/edgar/data/0000723531/000120919117044587/xslF345X03/doc4.xml"}, {"form_type": "4", "filings_date": "2017-07-10", "url": "https://www.sec.gov/Archives/edgar/data/0000723531/000120919117044582/xslF345X03/doc4.xml"}, {"form_type": "4", "filings_date": "2017-07-10", "url": "https://www.sec.gov/Archives/edgar/data/0000723531/000120919117044579/xslF345X03/doc4.xml"}, {"form_type": "4", "filings_date": "2017-07-10", "url": "https://www.sec.gov/Archives/edgar/data/0000723531/000120919117044576/xslF345X03/doc4.xml"}, {"form_type": "4", "filings_date": "2017-07-10", "url": "https://www.sec.gov/Archives/edgar/data/0000723531/000120919117044571/xslF345X03/doc4.xml"}, {"form_type": "8-K", "filings_date": "2017-06-28", "url": "https://www.sec.gov/Archives/edgar/data/0000723531/000072353117000014/payx-20170628x8k.htm"}, {"form_type": "11-K", "filings_date": "2017-06-12", "url": "https://www.sec.gov/Archives/edgar/data/0000723531/000072353117000012/payx-20161231x11k.htm"}, {"form_type": "4", "filings_date": "2017-06-02", "url": "https://www.sec.gov/Archives/edgar/data/0000723531/000120919117037140/xslF345X03/doc4.xml"}, {"form_type": "4", "filings_date": "2017-05-11", "url": "https://www.sec.gov/Archives/edgar/data/0000723531/000120919117031540/xslF345X03/doc4.xml"}, {"form_type": "4", "filings_date": "2017-05-05", "url": "https://www.sec.gov/Archives/edgar/data/0000723531/000120919117030337/xslF345X03/doc4.xml"}, {"form_type": "4", "filings_date": "2017-04-28", "url": "https://www.sec.gov/Archives/edgar/data/0000723531/000120919117028674/xslF345X03/doc4.xml"}, {"form_type": "4", "filings_date": "2017-04-21", "url": "https://www.sec.gov/Archives/edgar/data/0000723531/000120919117027789/xslF345X03/doc4.xml"}, {"form_type": "10-Q", "filings_date": "2017-03-31", "url": "https://www.sec.gov/Archives/edgar/data/0000723531/000072353117000010/payx-20170228x10q.htm"}, {"form_type": "8-K", "filings_date": "2017-03-29", "url": "https://www.sec.gov/Archives/edgar/data/0000723531/000072353117000008/payx-20170323x8k.htm"}, {"form_type": "8-K", "filings_date": "2017-03-29", "url": "https://www.sec.gov/Archives/edgar/data/0000723531/000072353117000006/payx-20170228x8k.htm"}, {"form_type": "4", "filings_date": "2017-03-02", "url": "https://www.sec.gov/Archives/edgar/data/0000723531/000120919117016596/xslF345X03/doc4.xml"}, {"form_type": "SC 13G/A", "filings_date": "2017-02-10", "url": "https://www.sec.gov/Archives/edgar/data/0000723531/000093247117002079/paychexinc.htm"}, {"form_type": "SC 13G/A", "filings_date": "2017-02-10", "url": "https://www.sec.gov/Archives/edgar/data/0000723531/000156276217000017/code-20170210x8k.htm"}, {"form_type": "4", "filings_date": "2017-01-26", "url": "https://www.sec.gov/Archives/edgar/data/0000723531/000120919117005726/xslF345X03/doc4.xml"}, {"form_type": "4", "filings_date": "2017-01-26", "url": "https://www.sec.gov/Archives/edgar/data/0000723531/000120919117005724/xslF345X03/doc4.xml"}, {"form_type": "SC 13G/A", "filings_date": "2017-01-25", "url": "https://www.sec.gov/Archives/edgar/data/0000723531/000035348017001555/paychex.inc.txt"}, {"form_type": "4", "filings_date": "2017-01-18", "url": "https://www.sec.gov/Archives/edgar/data/0000723531/000120919117004113/xslF345X03/doc4.xml"}, {"form_type": "4", "filings_date": "2017-01-18", "url": "https://www.sec.gov/Archives/edgar/data/0000723531/000120919117004110/xslF345X03/doc4.xml"}, {"form_type": "3", "filings_date": "2017-01-18", "url": "https://www.sec.gov/Archives/edgar/data/0000723531/000120919117004108/xslF345X02/doc3.xml"}, {"form_type": "8-K", "filings_date": "2017-01-17", "url": "https://www.sec.gov/Archives/edgar/data/0000723531/000072353117000003/payx-20170113x8k.htm"}, {"form_type": "4", "filings_date": "2017-01-11", "url": "https://www.sec.gov/Archives/edgar/data/0000723531/000120919117003345/xslF345X03/doc4.xml"}]}