{"company": {"cik": "0001591698", "name": "Paylocity Holding Corp", "sic": "Services-Prepackaged Software", "state_incorp": "DE", "ticker": "PCTY", "mailing_addr": "1400 AMERICAN LANE, SCHAUMBURG, IL, 60173", "category": "Large accelerated filer", "fiscal_year_end": "30, June"}, "filings": [{"form_type": "4", "filings_date": "2022-03-15", "url": "https://www.sec.gov/Archives/edgar/data/0001591698/000159169822000051/xslF345X03/wf-form4_164737513411234.xml"}, {"form_type": "3", "filings_date": "2022-03-15", "url": "https://www.sec.gov/Archives/edgar/data/0001591698/000159169822000050/xslF345X02/wf-form3_164737480963847.xml"}, {"form_type": "4", "filings_date": "2022-03-15", "url": "https://www.sec.gov/Archives/edgar/data/0001591698/000159169822000049/xslF345X03/wf-form4_164737468289239.xml"}, {"form_type": "8-K", "filings_date": "2022-03-14", "url": "https://www.sec.gov/Archives/edgar/data/0001591698/000159169822000045/pcty-20220311.htm"}, {"form_type": "4", "filings_date": "2022-03-09", "url": "https://www.sec.gov/Archives/edgar/data/0001591698/000159169822000040/xslF345X03/wf-form4_164685995443442.xml"}, {"form_type": "4", "filings_date": "2022-03-08", "url": "https://www.sec.gov/Archives/edgar/data/0001591698/000159169822000038/xslF345X03/wf-form4_164677363118210.xml"}, {"form_type": "4", "filings_date": "2022-03-07", "url": "https://www.sec.gov/Archives/edgar/data/0001591698/000159169822000034/xslF345X03/wf-form4_164668724794305.xml"}, {"form_type": "4", "filings_date": "2022-03-04", "url": "https://www.sec.gov/Archives/edgar/data/0001591698/000159169822000032/xslF345X03/wf-form4_164642808112260.xml"}, {"form_type": "4", "filings_date": "2022-03-03", "url": "https://www.sec.gov/Archives/edgar/data/0001591698/000159169822000030/xslF345X03/wf-form4_164634178703805.xml"}, {"form_type": "4", "filings_date": "2022-03-02", "url": "https://www.sec.gov/Archives/edgar/data/0001591698/000159169822000028/xslF345X03/wf-form4_164625537337069.xml"}, {"form_type": "4", "filings_date": "2022-03-01", "url": "https://www.sec.gov/Archives/edgar/data/0001591698/000159169822000026/xslF345X03/wf-form4_164616869578770.xml"}, {"form_type": "4", "filings_date": "2022-02-17", "url": "https://www.sec.gov/Archives/edgar/data/0001591698/000159169822000024/xslF345X03/wf-form4_164513315809383.xml"}, {"form_type": "SC 13G/A", "filings_date": "2022-02-14", "url": "https://www.sec.gov/Archives/edgar/data/0001591698/000008025522002107/pcty13gadec21.txt"}, {"form_type": "SC 13G/A", "filings_date": "2022-02-10", "url": "https://www.sec.gov/Archives/edgar/data/0001591698/000110465922018302/tv01633-paylocityholdingcorp.htm"}, {"form_type": "SC 13G/A", "filings_date": "2022-02-10", "url": "https://www.sec.gov/Archives/edgar/data/0001591698/000159169822000022/paylocity-sc13ga.htm"}, {"form_type": "SC 13G/A", "filings_date": "2022-02-09", "url": "https://www.sec.gov/Archives/edgar/data/0001591698/000159169822000020/paylocity-sc13ga.htm"}, {"form_type": "S-8", "filings_date": "2022-02-04", "url": "https://www.sec.gov/Archives/edgar/data/0001591698/000159169822000018/pcty-formsx8.htm"}, {"form_type": "10-Q", "filings_date": "2022-02-04", "url": "https://www.sec.gov/Archives/edgar/data/0001591698/000159169822000016/pcty-20211231.htm"}, {"form_type": "SC 13G/A", "filings_date": "2022-02-03", "url": "https://www.sec.gov/Archives/edgar/data/0001591698/000083423722006369/us70438v1061_020322.txt"}, {"form_type": "8-K", "filings_date": "2022-02-03", "url": "https://www.sec.gov/Archives/edgar/data/0001591698/000159169822000015/pcty-20220203.htm"}, {"form_type": "8-K", "filings_date": "2022-01-19", "url": "https://www.sec.gov/Archives/edgar/data/0001591698/000159169822000003/pcty-20220119.htm"}, {"form_type": "8-K", "filings_date": "2021-12-03", "url": "https://www.sec.gov/Archives/edgar/data/0001591698/000159169821000013/pcty-20211201.htm"}, {"form_type": "4", "filings_date": "2021-11-19", "url": "https://www.sec.gov/Archives/edgar/data/0001591698/000159169821000009/xslF345X03/wf-form4_163735665952667.xml"}, {"form_type": "4", "filings_date": "2021-11-12", "url": "https://www.sec.gov/Archives/edgar/data/0001591698/000159169821000007/xslF345X03/wf-form4_163675074866964.xml"}, {"form_type": "4", "filings_date": "2021-11-10", "url": "https://www.sec.gov/Archives/edgar/data/0001591698/000159169821000005/xslF345X03/wf-form4_163658043018750.xml"}, {"form_type": "4", "filings_date": "2021-11-10", "url": "https://www.sec.gov/Archives/edgar/data/0001591698/000159169821000003/xslF345X03/wf-form4_163658015820796.xml"}, {"form_type": "10-Q", "filings_date": "2021-11-05", "url": "https://www.sec.gov/Archives/edgar/data/0001591698/000155837021014749/pcty-20210930x10q.htm"}, {"form_type": "8-K", "filings_date": "2021-11-04", "url": "https://www.sec.gov/Archives/edgar/data/0001591698/000110465921134365/tm2131551d1_8k.htm"}, {"form_type": "4", "filings_date": "2021-11-03", "url": "https://www.sec.gov/Archives/edgar/data/0001591698/000156218021006794/xslF345X03/primarydocument.xml"}, {"form_type": "4", "filings_date": "2021-10-27", "url": "https://www.sec.gov/Archives/edgar/data/0001591698/000156218021006651/xslF345X03/primarydocument.xml"}, {"form_type": "DEFA14A", "filings_date": "2021-10-21", "url": "https://www.sec.gov/Archives/edgar/data/0001591698/000120677421002635/pcty3948941-defa14a.htm"}, {"form_type": "DEF 14A", "filings_date": "2021-10-21", "url": "https://www.sec.gov/Archives/edgar/data/0001591698/000120677421002633/pcty3948941-def14a.htm"}, {"form_type": "4", "filings_date": "2021-10-05", "url": "https://www.sec.gov/Archives/edgar/data/0001591698/000156218021006310/xslF345X03/primarydocument.xml"}, {"form_type": "3", "filings_date": "2021-10-05", "url": "https://www.sec.gov/Archives/edgar/data/0001591698/000156218021006309/xslF345X02/primarydocument.xml"}, {"form_type": "4", "filings_date": "2021-09-23", "url": "https://www.sec.gov/Archives/edgar/data/0001591698/000156218021006068/xslF345X03/primarydocument.xml"}, {"form_type": "3", "filings_date": "2021-09-23", "url": "https://www.sec.gov/Archives/edgar/data/0001591698/000156218021006067/xslF345X02/primarydocument.xml"}, {"form_type": "4", "filings_date": "2021-09-22", "url": "https://www.sec.gov/Archives/edgar/data/0001591698/000156218021006057/xslF345X03/primarydocument.xml"}, {"form_type": "8-K", "filings_date": "2021-09-22", "url": "https://www.sec.gov/Archives/edgar/data/0001591698/000110465921118312/tm2127804d1_8k.htm"}, {"form_type": "4", "filings_date": "2021-09-21", "url": "https://www.sec.gov/Archives/edgar/data/0001591698/000156218021006036/xslF345X03/primarydocument.xml"}, {"form_type": "4", "filings_date": "2021-09-21", "url": "https://www.sec.gov/Archives/edgar/data/0001591698/000156218021006035/xslF345X03/primarydocument.xml"}, {"form_type": "4", "filings_date": "2021-09-20", "url": "https://www.sec.gov/Archives/edgar/data/0001591698/000156218021006018/xslF345X03/primarydocument.xml"}, {"form_type": "4", "filings_date": "2021-09-20", "url": "https://www.sec.gov/Archives/edgar/data/0001591698/000156218021006017/xslF345X03/primarydocument.xml"}, {"form_type": "4", "filings_date": "2021-09-20", "url": "https://www.sec.gov/Archives/edgar/data/0001591698/000156218021006016/xslF345X03/primarydocument.xml"}, {"form_type": "4", "filings_date": "2021-09-17", "url": "https://www.sec.gov/Archives/edgar/data/0001591698/000156218021005996/xslF345X03/primarydocument.xml"}, {"form_type": "4", "filings_date": "2021-09-17", "url": "https://www.sec.gov/Archives/edgar/data/0001591698/000156218021005995/xslF345X03/primarydocument.xml"}, {"form_type": "4", "filings_date": "2021-09-17", "url": "https://www.sec.gov/Archives/edgar/data/0001591698/000156218021005994/xslF345X03/primarydocument.xml"}, {"form_type": "4", "filings_date": "2021-09-16", "url": "https://www.sec.gov/Archives/edgar/data/0001591698/000156218021005967/xslF345X03/primarydocument.xml"}, {"form_type": "4", "filings_date": "2021-09-15", "url": "https://www.sec.gov/Archives/edgar/data/0001591698/000156218021005946/xslF345X03/primarydocument.xml"}, {"form_type": "4", "filings_date": "2021-09-14", "url": "https://www.sec.gov/Archives/edgar/data/0001591698/000156218021005941/xslF345X03/primarydocument.xml"}, {"form_type": "4", "filings_date": "2021-09-13", "url": "https://www.sec.gov/Archives/edgar/data/0001591698/000156218021005924/xslF345X03/primarydocument.xml"}, {"form_type": "4", "filings_date": "2021-09-10", "url": "https://www.sec.gov/Archives/edgar/data/0001591698/000156218021005899/xslF345X03/primarydocument.xml"}, {"form_type": "4", "filings_date": "2021-09-09", "url": "https://www.sec.gov/Archives/edgar/data/0001591698/000156218021005890/xslF345X03/primarydocument.xml"}, {"form_type": "4", "filings_date": "2021-09-09", "url": "https://www.sec.gov/Archives/edgar/data/0001591698/000156218021005889/xslF345X03/primarydocument.xml"}, {"form_type": "4", "filings_date": "2021-09-09", "url": "https://www.sec.gov/Archives/edgar/data/0001591698/000156218021005888/xslF345X03/primarydocument.xml"}, {"form_type": "8-K", "filings_date": "2021-09-01", "url": "https://www.sec.gov/Archives/edgar/data/0001591698/000110465921111860/tm2126413d1_8k.htm"}, {"form_type": "4", "filings_date": "2021-08-31", "url": "https://www.sec.gov/Archives/edgar/data/0001591698/000156218021005664/xslF345X03/primarydocument.xml"}, {"form_type": "4", "filings_date": "2021-08-30", "url": "https://www.sec.gov/Archives/edgar/data/0001591698/000156218021005628/xslF345X03/primarydocument.xml"}, {"form_type": "4", "filings_date": "2021-08-27", "url": "https://www.sec.gov/Archives/edgar/data/0001591698/000156218021005600/xslF345X03/primarydocument.xml"}, {"form_type": "4", "filings_date": "2021-08-26", "url": "https://www.sec.gov/Archives/edgar/data/0001591698/000156218021005569/xslF345X03/primarydocument.xml"}, {"form_type": "4", "filings_date": "2021-08-25", "url": "https://www.sec.gov/Archives/edgar/data/0001591698/000156218021005557/xslF345X03/primarydocument.xml"}, {"form_type": "4", "filings_date": "2021-08-24", "url": "https://www.sec.gov/Archives/edgar/data/0001591698/000156218021005534/xslF345X03/primarydocument.xml"}, {"form_type": "4", "filings_date": "2021-08-23", "url": "https://www.sec.gov/Archives/edgar/data/0001591698/000156218021005515/xslF345X03/primarydocument.xml"}, {"form_type": "4", "filings_date": "2021-08-20", "url": "https://www.sec.gov/Archives/edgar/data/0001591698/000156218021005489/xslF345X03/primarydocument.xml"}, {"form_type": "4", "filings_date": "2021-08-20", "url": "https://www.sec.gov/Archives/edgar/data/0001591698/000156218021005488/xslF345X03/primarydocument.xml"}, {"form_type": "4", "filings_date": "2021-08-18", "url": "https://www.sec.gov/Archives/edgar/data/0001591698/000156218021005415/xslF345X03/primarydocument.xml"}, {"form_type": "4", "filings_date": "2021-08-18", "url": "https://www.sec.gov/Archives/edgar/data/0001591698/000156218021005414/xslF345X03/primarydocument.xml"}, {"form_type": "4", "filings_date": "2021-08-18", "url": "https://www.sec.gov/Archives/edgar/data/0001591698/000156218021005413/xslF345X03/primarydocument.xml"}, {"form_type": "4", "filings_date": "2021-08-18", "url": "https://www.sec.gov/Archives/edgar/data/0001591698/000156218021005412/xslF345X03/primarydocument.xml"}, {"form_type": "4", "filings_date": "2021-08-18", "url": "https://www.sec.gov/Archives/edgar/data/0001591698/000156218021005411/xslF345X03/primarydocument.xml"}, {"form_type": "4", "filings_date": "2021-08-18", "url": "https://www.sec.gov/Archives/edgar/data/0001591698/000156218021005410/xslF345X03/primarydocument.xml"}, {"form_type": "4", "filings_date": "2021-08-18", "url": "https://www.sec.gov/Archives/edgar/data/0001591698/000156218021005409/xslF345X03/primarydocument.xml"}, {"form_type": "4", "filings_date": "2021-08-18", "url": "https://www.sec.gov/Archives/edgar/data/0001591698/000156218021005408/xslF345X03/primarydocument.xml"}, {"form_type": "4", "filings_date": "2021-08-18", "url": "https://www.sec.gov/Archives/edgar/data/0001591698/000156218021005407/xslF345X03/primarydocument.xml"}, {"form_type": "4", "filings_date": "2021-08-18", "url": "https://www.sec.gov/Archives/edgar/data/0001591698/000156218021005406/xslF345X03/primarydocument.xml"}, {"form_type": "4", "filings_date": "2021-08-18", "url": "https://www.sec.gov/Archives/edgar/data/0001591698/000156218021005405/xslF345X03/primarydocument.xml"}, {"form_type": "4", "filings_date": "2021-08-18", "url": "https://www.sec.gov/Archives/edgar/data/0001591698/000156218021005404/xslF345X03/primarydocument.xml"}, {"form_type": "4", "filings_date": "2021-08-18", "url": "https://www.sec.gov/Archives/edgar/data/0001591698/000156218021005403/xslF345X03/primarydocument.xml"}, {"form_type": "4", "filings_date": "2021-08-18", "url": "https://www.sec.gov/Archives/edgar/data/0001591698/000156218021005402/xslF345X03/primarydocument.xml"}, {"form_type": "4", "filings_date": "2021-08-16", "url": "https://www.sec.gov/Archives/edgar/data/0001591698/000156218021005327/xslF345X03/primarydocument.xml"}, {"form_type": "4", "filings_date": "2021-08-12", "url": "https://www.sec.gov/Archives/edgar/data/0001591698/000156218021005298/xslF345X03/primarydocument.xml"}, {"form_type": "4", "filings_date": "2021-08-12", "url": "https://www.sec.gov/Archives/edgar/data/0001591698/000156218021005297/xslF345X03/primarydocument.xml"}, {"form_type": "10-K", "filings_date": "2021-08-06", "url": "https://www.sec.gov/Archives/edgar/data/0001591698/000155837021010711/pcty-20210630x10k.htm"}, {"form_type": "8-K", "filings_date": "2021-08-05", "url": "https://www.sec.gov/Archives/edgar/data/0001591698/000110465921100780/tm2123900d1_8k.htm"}, {"form_type": "8-K", "filings_date": "2021-07-08", "url": "https://www.sec.gov/Archives/edgar/data/0001591698/000110465921090290/tm2121597d1_8k.htm"}, {"form_type": "4", "filings_date": "2021-06-03", "url": "https://www.sec.gov/Archives/edgar/data/0001591698/000156218021003999/xslF345X03/primarydocument.xml"}, {"form_type": "4", "filings_date": "2021-05-19", "url": "https://www.sec.gov/Archives/edgar/data/0001591698/000156218021003598/xslF345X03/primarydocument.xml"}, {"form_type": "4", "filings_date": "2021-05-18", "url": "https://www.sec.gov/Archives/edgar/data/0001591698/000156218021003516/xslF345X03/primarydocument.xml"}, {"form_type": "4", "filings_date": "2021-05-17", "url": "https://www.sec.gov/Archives/edgar/data/0001591698/000156218021003493/xslF345X03/primarydocument.xml"}, {"form_type": "4", "filings_date": "2021-05-14", "url": "https://www.sec.gov/Archives/edgar/data/0001591698/000156218021003482/xslF345X03/primarydocument.xml"}, {"form_type": "4", "filings_date": "2021-05-13", "url": "https://www.sec.gov/Archives/edgar/data/0001591698/000156218021003455/xslF345X03/primarydocument.xml"}, {"form_type": "4", "filings_date": "2021-05-13", "url": "https://www.sec.gov/Archives/edgar/data/0001591698/000156218021003454/xslF345X03/primarydocument.xml"}, {"form_type": "4", "filings_date": "2021-05-13", "url": "https://www.sec.gov/Archives/edgar/data/0001591698/000156218021003453/xslF345X03/primarydocument.xml"}, {"form_type": "10-Q", "filings_date": "2021-05-07", "url": "https://www.sec.gov/Archives/edgar/data/0001591698/000155837021006389/pcty-20210331x10q.htm"}, {"form_type": "8-K", "filings_date": "2021-05-06", "url": "https://www.sec.gov/Archives/edgar/data/0001591698/000110465921062386/tm2115036d1_8k.htm"}, {"form_type": "4", "filings_date": "2021-03-15", "url": "https://www.sec.gov/Archives/edgar/data/0001591698/000156218021002248/xslF345X03/primarydocument.xml"}, {"form_type": "4", "filings_date": "2021-03-08", "url": "https://www.sec.gov/Archives/edgar/data/0001591698/000156218021002059/xslF345X03/primarydocument.xml"}, {"form_type": "4", "filings_date": "2021-03-05", "url": "https://www.sec.gov/Archives/edgar/data/0001591698/000156218021002029/xslF345X03/primarydocument.xml"}, {"form_type": "4", "filings_date": "2021-03-04", "url": "https://www.sec.gov/Archives/edgar/data/0001591698/000156218021001968/xslF345X03/primarydocument.xml"}, {"form_type": "4", "filings_date": "2021-03-03", "url": "https://www.sec.gov/Archives/edgar/data/0001591698/000156218021001902/xslF345X03/primarydocument.xml"}, {"form_type": "4", "filings_date": "2021-03-02", "url": "https://www.sec.gov/Archives/edgar/data/0001591698/000156218021001778/xslF345X03/primarydocument.xml"}, {"form_type": "4", "filings_date": "2021-03-01", "url": "https://www.sec.gov/Archives/edgar/data/0001591698/000156218021001667/xslF345X03/primarydocument.xml"}, {"form_type": "4", "filings_date": "2021-02-18", "url": "https://www.sec.gov/Archives/edgar/data/0001591698/000156218021001252/xslF345X03/primarydocument.xml"}, {"form_type": "4", "filings_date": "2021-02-18", "url": "https://www.sec.gov/Archives/edgar/data/0001591698/000156218021001251/xslF345X03/primarydocument.xml"}, {"form_type": "4", "filings_date": "2021-02-16", "url": "https://www.sec.gov/Archives/edgar/data/0001591698/000156218021001157/xslF345X03/primarydocument.xml"}, {"form_type": "SC 13G/A", "filings_date": "2021-02-16", "url": "https://www.sec.gov/Archives/edgar/data/0001591698/000008025521001218/pcty13gadec20.txt"}, {"form_type": "SC 13G/A", "filings_date": "2021-02-11", "url": "https://www.sec.gov/Archives/edgar/data/0001591698/000110465921020757/tm216163d1_sc13ga.htm"}, {"form_type": "4", "filings_date": "2021-02-11", "url": "https://www.sec.gov/Archives/edgar/data/0001591698/000156218021001080/xslF345X03/primarydocument.xml"}, {"form_type": "4", "filings_date": "2021-02-11", "url": "https://www.sec.gov/Archives/edgar/data/0001591698/000156218021001079/xslF345X03/primarydocument.xml"}, {"form_type": "SC 13G/A", "filings_date": "2021-02-10", "url": "https://www.sec.gov/Archives/edgar/data/0001591698/000110465921018834/tv01584-paylocityholdingcorp.htm"}, {"form_type": "S-8", "filings_date": "2021-02-05", "url": "https://www.sec.gov/Archives/edgar/data/0001591698/000110465921012949/tm215127d1_s8.htm"}, {"form_type": "10-Q", "filings_date": "2021-02-05", "url": "https://www.sec.gov/Archives/edgar/data/0001591698/000155837021000761/pcty-20201231x10q.htm"}, {"form_type": "8-K", "filings_date": "2021-02-04", "url": "https://www.sec.gov/Archives/edgar/data/0001591698/000110465921012233/tm214879d1_8k.htm"}, {"form_type": "SC 13G/A", "filings_date": "2021-01-29", "url": "https://www.sec.gov/Archives/edgar/data/0001591698/000083423721004765/us70438v1061_012921.txt"}, {"form_type": "4", "filings_date": "2020-12-17", "url": "https://www.sec.gov/Archives/edgar/data/0001591698/000156218020007340/xslF345X03/primarydocument.xml"}, {"form_type": "4", "filings_date": "2020-12-14", "url": "https://www.sec.gov/Archives/edgar/data/0001591698/000156218020007245/xslF345X03/primarydocument.xml"}, {"form_type": "8-K", "filings_date": "2020-12-07", "url": "https://www.sec.gov/Archives/edgar/data/0001591698/000110465920132841/tm2037756d1_8k.htm"}, {"form_type": "4", "filings_date": "2020-11-23", "url": "https://www.sec.gov/Archives/edgar/data/0001591698/000156218020006826/xslF345X03/primarydocument.xml"}, {"form_type": "4", "filings_date": "2020-11-20", "url": "https://www.sec.gov/Archives/edgar/data/0001591698/000156218020006816/xslF345X03/primarydocument.xml"}, {"form_type": "4", "filings_date": "2020-11-19", "url": "https://www.sec.gov/Archives/edgar/data/0001591698/000156218020006795/xslF345X03/primarydocument.xml"}, {"form_type": "4", "filings_date": "2020-11-18", "url": "https://www.sec.gov/Archives/edgar/data/0001591698/000156218020006764/xslF345X03/primarydocument.xml"}, {"form_type": "8-K", "filings_date": "2020-11-16", "url": "https://www.sec.gov/Archives/edgar/data/0001591698/000110465920125521/tm2034982d2_8k.htm"}, {"form_type": "4", "filings_date": "2020-11-13", "url": "https://www.sec.gov/Archives/edgar/data/0001591698/000156218020006689/xslF345X03/primarydocument.xml"}, {"form_type": "4", "filings_date": "2020-11-10", "url": "https://www.sec.gov/Archives/edgar/data/0001591698/000156218020006638/xslF345X03/primarydocument.xml"}, {"form_type": "4", "filings_date": "2020-11-09", "url": "https://www.sec.gov/Archives/edgar/data/0001591698/000156218020006595/xslF345X03/primarydocument.xml"}, {"form_type": "4", "filings_date": "2020-11-09", "url": "https://www.sec.gov/Archives/edgar/data/0001591698/000156218020006592/xslF345X03/primarydocument.xml"}, {"form_type": "10-Q", "filings_date": "2020-11-06", "url": "https://www.sec.gov/Archives/edgar/data/0001591698/000155837020013039/pcty-20200930x10q.htm"}, {"form_type": "8-K", "filings_date": "2020-11-05", "url": "https://www.sec.gov/Archives/edgar/data/0001591698/000110465920121785/tm2034982-1_8k.htm"}, {"form_type": "DEFA14A", "filings_date": "2020-10-22", "url": "https://www.sec.gov/Archives/edgar/data/0001591698/000120677420002924/pcty3787781-defa14a.htm"}, {"form_type": "DEF 14A", "filings_date": "2020-10-22", "url": "https://www.sec.gov/Archives/edgar/data/0001591698/000120677420002923/pcty3787781-def14a.htm"}, {"form_type": "4", "filings_date": "2020-10-13", "url": "https://www.sec.gov/Archives/edgar/data/0001591698/000156218020006346/xslF345X03/primarydocument.xml"}, {"form_type": "4", "filings_date": "2020-10-05", "url": "https://www.sec.gov/Archives/edgar/data/0001591698/000156218020006280/xslF345X03/primarydocument.xml"}, {"form_type": "4", "filings_date": "2020-09-21", "url": "https://www.sec.gov/Archives/edgar/data/0001591698/000156218020006068/xslF345X03/primarydocument.xml"}, {"form_type": "4", "filings_date": "2020-09-21", "url": "https://www.sec.gov/Archives/edgar/data/0001591698/000156218020006067/xslF345X03/primarydocument.xml"}, {"form_type": "4", "filings_date": "2020-09-18", "url": "https://www.sec.gov/Archives/edgar/data/0001591698/000156218020006043/xslF345X03/primarydocument.xml"}, {"form_type": "4", "filings_date": "2020-09-18", "url": "https://www.sec.gov/Archives/edgar/data/0001591698/000156218020006042/xslF345X03/primarydocument.xml"}, {"form_type": "4", "filings_date": "2020-09-18", "url": "https://www.sec.gov/Archives/edgar/data/0001591698/000156218020006041/xslF345X03/primarydocument.xml"}, {"form_type": "4", "filings_date": "2020-09-17", "url": "https://www.sec.gov/Archives/edgar/data/0001591698/000156218020006026/xslF345X03/primarydocument.xml"}, {"form_type": "4", "filings_date": "2020-09-14", "url": "https://www.sec.gov/Archives/edgar/data/0001591698/000156218020005982/xslF345X03/primarydocument.xml"}, {"form_type": "4", "filings_date": "2020-09-08", "url": "https://www.sec.gov/Archives/edgar/data/0001591698/000156218020005924/xslF345X03/primarydocument.xml"}, {"form_type": "4", "filings_date": "2020-09-04", "url": "https://www.sec.gov/Archives/edgar/data/0001591698/000156218020005896/xslF345X03/primarydocument.xml"}, {"form_type": "4", "filings_date": "2020-09-04", "url": "https://www.sec.gov/Archives/edgar/data/0001591698/000156218020005895/xslF345X03/primarydocument.xml"}, {"form_type": "4", "filings_date": "2020-09-04", "url": "https://www.sec.gov/Archives/edgar/data/0001591698/000156218020005894/xslF345X03/primarydocument.xml"}, {"form_type": "4", "filings_date": "2020-09-03", "url": "https://www.sec.gov/Archives/edgar/data/0001591698/000156218020005859/xslF345X03/primarydocument.xml"}, {"form_type": "4", "filings_date": "2020-09-03", "url": "https://www.sec.gov/Archives/edgar/data/0001591698/000156218020005856/xslF345X03/primarydocument.xml"}, {"form_type": "4", "filings_date": "2020-09-02", "url": "https://www.sec.gov/Archives/edgar/data/0001591698/000156218020005767/xslF345X03/primarydocument.xml"}, {"form_type": "4", "filings_date": "2020-08-20", "url": "https://www.sec.gov/Archives/edgar/data/0001591698/000156218020005594/xslF345X03/primarydocument.xml"}, {"form_type": "4", "filings_date": "2020-08-20", "url": "https://www.sec.gov/Archives/edgar/data/0001591698/000156218020005593/xslF345X03/primarydocument.xml"}, {"form_type": "4", "filings_date": "2020-08-20", "url": "https://www.sec.gov/Archives/edgar/data/0001591698/000156218020005592/xslF345X03/primarydocument.xml"}, {"form_type": "4", "filings_date": "2020-08-18", "url": "https://www.sec.gov/Archives/edgar/data/0001591698/000156218020005502/xslF345X03/primarydocument.xml"}, {"form_type": "4", "filings_date": "2020-08-18", "url": "https://www.sec.gov/Archives/edgar/data/0001591698/000156218020005501/xslF345X03/primarydocument.xml"}, {"form_type": "4", "filings_date": "2020-08-18", "url": "https://www.sec.gov/Archives/edgar/data/0001591698/000156218020005500/xslF345X03/primarydocument.xml"}, {"form_type": "4", "filings_date": "2020-08-18", "url": "https://www.sec.gov/Archives/edgar/data/0001591698/000156218020005499/xslF345X03/primarydocument.xml"}, {"form_type": "4", "filings_date": "2020-08-18", "url": "https://www.sec.gov/Archives/edgar/data/0001591698/000156218020005498/xslF345X03/primarydocument.xml"}, {"form_type": "4", "filings_date": "2020-08-18", "url": "https://www.sec.gov/Archives/edgar/data/0001591698/000156218020005497/xslF345X03/primarydocument.xml"}, {"form_type": "4", "filings_date": "2020-08-18", "url": "https://www.sec.gov/Archives/edgar/data/0001591698/000156218020005496/xslF345X03/primarydocument.xml"}, {"form_type": "4", "filings_date": "2020-08-18", "url": "https://www.sec.gov/Archives/edgar/data/0001591698/000156218020005495/xslF345X03/primarydocument.xml"}, {"form_type": "4", "filings_date": "2020-08-18", "url": "https://www.sec.gov/Archives/edgar/data/0001591698/000156218020005494/xslF345X03/primarydocument.xml"}, {"form_type": "4", "filings_date": "2020-08-18", "url": "https://www.sec.gov/Archives/edgar/data/0001591698/000156218020005493/xslF345X03/primarydocument.xml"}, {"form_type": "4", "filings_date": "2020-08-18", "url": "https://www.sec.gov/Archives/edgar/data/0001591698/000156218020005492/xslF345X03/primarydocument.xml"}, {"form_type": "4", "filings_date": "2020-08-18", "url": "https://www.sec.gov/Archives/edgar/data/0001591698/000156218020005491/xslF345X03/primarydocument.xml"}, {"form_type": "4", "filings_date": "2020-08-18", "url": "https://www.sec.gov/Archives/edgar/data/0001591698/000156218020005490/xslF345X03/primarydocument.xml"}, {"form_type": "4", "filings_date": "2020-08-18", "url": "https://www.sec.gov/Archives/edgar/data/0001591698/000156218020005489/xslF345X03/primarydocument.xml"}, {"form_type": "8-K", "filings_date": "2020-08-18", "url": "https://www.sec.gov/Archives/edgar/data/0001591698/000110465920096509/tm2027535-1_8k.htm"}, {"form_type": "4", "filings_date": "2020-08-17", "url": "https://www.sec.gov/Archives/edgar/data/0001591698/000156218020005464/xslF345X03/primarydocument.xml"}, {"form_type": "4", "filings_date": "2020-08-14", "url": "https://www.sec.gov/Archives/edgar/data/0001591698/000156218020005438/xslF345X03/primarydocument.xml"}, {"form_type": "4", "filings_date": "2020-08-14", "url": "https://www.sec.gov/Archives/edgar/data/0001591698/000156218020005437/xslF345X03/primarydocument.xml"}, {"form_type": "4", "filings_date": "2020-08-14", "url": "https://www.sec.gov/Archives/edgar/data/0001591698/000156218020005436/xslF345X03/primarydocument.xml"}, {"form_type": "4", "filings_date": "2020-08-14", "url": "https://www.sec.gov/Archives/edgar/data/0001591698/000156218020005435/xslF345X03/primarydocument.xml"}, {"form_type": "4", "filings_date": "2020-08-13", "url": "https://www.sec.gov/Archives/edgar/data/0001591698/000156218020005417/xslF345X03/primarydocument.xml"}, {"form_type": "4", "filings_date": "2020-08-13", "url": "https://www.sec.gov/Archives/edgar/data/0001591698/000156218020005416/xslF345X03/primarydocument.xml"}, {"form_type": "10-K", "filings_date": "2020-08-07", "url": "https://www.sec.gov/Archives/edgar/data/0001591698/000155837020009960/pcty-20200630x10k.htm"}, {"form_type": "8-K", "filings_date": "2020-08-06", "url": "https://www.sec.gov/Archives/edgar/data/0001591698/000110465920091425/tm2026554-1_8k.htm"}, {"form_type": "4", "filings_date": "2020-07-06", "url": "https://www.sec.gov/Archives/edgar/data/0001591698/000156218020004994/xslF345X03/primarydocument.xml"}, {"form_type": "4", "filings_date": "2020-06-18", "url": "https://www.sec.gov/Archives/edgar/data/0001591698/000156218020004581/xslF345X03/primarydocument.xml"}, {"form_type": "4", "filings_date": "2020-06-12", "url": "https://www.sec.gov/Archives/edgar/data/0001591698/000156218020004449/xslF345X03/primarydocument.xml"}, {"form_type": "4", "filings_date": "2020-06-12", "url": "https://www.sec.gov/Archives/edgar/data/0001591698/000156218020004448/xslF345X03/primarydocument.xml"}, {"form_type": "4", "filings_date": "2020-06-11", "url": "https://www.sec.gov/Archives/edgar/data/0001591698/000156218020004423/xslF345X03/primarydocument.xml"}, {"form_type": "4", "filings_date": "2020-06-10", "url": "https://www.sec.gov/Archives/edgar/data/0001591698/000156218020004408/xslF345X03/primarydocument.xml"}, {"form_type": "4", "filings_date": "2020-06-09", "url": "https://www.sec.gov/Archives/edgar/data/0001591698/000156218020004353/xslF345X03/primarydocument.xml"}, {"form_type": "8-K/A", "filings_date": "2020-06-08", "url": "https://www.sec.gov/Archives/edgar/data/0001591698/000110465920070833/tm2021647-1_8ka.htm"}, {"form_type": "4", "filings_date": "2020-06-03", "url": "https://www.sec.gov/Archives/edgar/data/0001591698/000156218020004140/xslF345X03/primarydocument.xml"}, {"form_type": "4", "filings_date": "2020-06-03", "url": "https://www.sec.gov/Archives/edgar/data/0001591698/000156218020004139/xslF345X03/primarydocument.xml"}, {"form_type": "4", "filings_date": "2020-06-03", "url": "https://www.sec.gov/Archives/edgar/data/0001591698/000156218020004138/xslF345X03/primarydocument.xml"}, {"form_type": "4", "filings_date": "2020-06-01", "url": "https://www.sec.gov/Archives/edgar/data/0001591698/000156218020004035/xslF345X03/primarydocument.xml"}, {"form_type": "4", "filings_date": "2020-05-29", "url": "https://www.sec.gov/Archives/edgar/data/0001591698/000156218020003982/xslF345X03/primarydocument.xml"}, {"form_type": "4", "filings_date": "2020-05-29", "url": "https://www.sec.gov/Archives/edgar/data/0001591698/000156218020003981/xslF345X03/primarydocument.xml"}, {"form_type": "4", "filings_date": "2020-05-28", "url": "https://www.sec.gov/Archives/edgar/data/0001591698/000156218020003958/xslF345X03/primarydocument.xml"}, {"form_type": "4", "filings_date": "2020-05-27", "url": "https://www.sec.gov/Archives/edgar/data/0001591698/000156218020003947/xslF345X03/primarydocument.xml"}, {"form_type": "4", "filings_date": "2020-05-26", "url": "https://www.sec.gov/Archives/edgar/data/0001591698/000156218020003921/xslF345X03/primarydocument.xml"}, {"form_type": "4", "filings_date": "2020-05-26", "url": "https://www.sec.gov/Archives/edgar/data/0001591698/000156218020003920/xslF345X03/primarydocument.xml"}, {"form_type": "4", "filings_date": "2020-05-22", "url": "https://www.sec.gov/Archives/edgar/data/0001591698/000156218020003895/xslF345X03/primarydocument.xml"}, {"form_type": "4", "filings_date": "2020-05-22", "url": "https://www.sec.gov/Archives/edgar/data/0001591698/000156218020003892/xslF345X03/primarydocument.xml"}, {"form_type": "4", "filings_date": "2020-05-21", "url": "https://www.sec.gov/Archives/edgar/data/0001591698/000156218020003828/xslF345X03/primarydocument.xml"}, {"form_type": "4", "filings_date": "2020-05-21", "url": "https://www.sec.gov/Archives/edgar/data/0001591698/000156218020003827/xslF345X03/primarydocument.xml"}, {"form_type": "4", "filings_date": "2020-05-20", "url": "https://www.sec.gov/Archives/edgar/data/0001591698/000156218020003769/xslF345X03/primarydocument.xml"}, {"form_type": "4", "filings_date": "2020-05-15", "url": "https://www.sec.gov/Archives/edgar/data/0001591698/000156218020003670/xslF345X03/primarydocument.xml"}, {"form_type": "4", "filings_date": "2020-05-14", "url": "https://www.sec.gov/Archives/edgar/data/0001591698/000156218020003639/xslF345X03/primarydocument.xml"}, {"form_type": "4", "filings_date": "2020-05-14", "url": "https://www.sec.gov/Archives/edgar/data/0001591698/000156218020003638/xslF345X03/primarydocument.xml"}, {"form_type": "4", "filings_date": "2020-05-12", "url": "https://www.sec.gov/Archives/edgar/data/0001591698/000156218020003528/xslF345X03/primarydocument.xml"}, {"form_type": "SC 13G/A", "filings_date": "2020-05-11", "url": "https://www.sec.gov/Archives/edgar/data/0001591698/000008025520001466/pcty13gaapr20.txt"}, {"form_type": "10-Q", "filings_date": "2020-05-08", "url": "https://www.sec.gov/Archives/edgar/data/0001591698/000155837020005936/pcty-20200508x10q.htm"}, {"form_type": "8-K", "filings_date": "2020-05-07", "url": "https://www.sec.gov/Archives/edgar/data/0001591698/000110465920058087/tm2018829-1_8k.htm"}, {"form_type": "4", "filings_date": "2020-04-09", "url": "https://www.sec.gov/Archives/edgar/data/0001591698/000156218020002972/xslF345X03/primarydocument.xml"}, {"form_type": "8-K", "filings_date": "2020-04-06", "url": "https://www.sec.gov/Archives/edgar/data/0001591698/000110465920043433/tm2013629-2_8k.htm"}, {"form_type": "4", "filings_date": "2020-03-27", "url": "https://www.sec.gov/Archives/edgar/data/0001591698/000156218020002730/xslF345X03/primarydocument.xml"}, {"form_type": "4", "filings_date": "2020-03-27", "url": "https://www.sec.gov/Archives/edgar/data/0001591698/000156218020002729/xslF345X03/primarydocument.xml"}, {"form_type": "3", "filings_date": "2020-03-27", "url": "https://www.sec.gov/Archives/edgar/data/0001591698/000156218020002728/xslF345X02/primarydocument.xml"}, {"form_type": "3", "filings_date": "2020-03-27", "url": "https://www.sec.gov/Archives/edgar/data/0001591698/000156218020002727/xslF345X02/primarydocument.xml"}, {"form_type": "8-K", "filings_date": "2020-03-26", "url": "https://www.sec.gov/Archives/edgar/data/0001591698/000110465920038781/tm2013629-1_8k.htm"}, {"form_type": "4", "filings_date": "2020-03-17", "url": "https://www.sec.gov/Archives/edgar/data/0001591698/000156218020002575/xslF345X03/primarydocument.xml"}, {"form_type": "4", "filings_date": "2020-03-03", "url": "https://www.sec.gov/Archives/edgar/data/0001591698/000156218020001997/xslF345X03/primarydocument.xml"}, {"form_type": "4", "filings_date": "2020-02-20", "url": "https://www.sec.gov/Archives/edgar/data/0001591698/000156218020001404/xslF345X03/primarydocument.xml"}, {"form_type": "4", "filings_date": "2020-02-14", "url": "https://www.sec.gov/Archives/edgar/data/0001591698/000156218020001216/xslF345X03/primarydocument.xml"}, {"form_type": "4", "filings_date": "2020-02-14", "url": "https://www.sec.gov/Archives/edgar/data/0001591698/000156218020001215/xslF345X03/primarydocument.xml"}, {"form_type": "SC 13G", "filings_date": "2020-02-14", "url": "https://www.sec.gov/Archives/edgar/data/0001591698/000008025520001262/pcty13gdec19.txt"}, {"form_type": "SC 13G/A", "filings_date": "2020-02-14", "url": "https://www.sec.gov/Archives/edgar/data/0001591698/000110465920021126/tm207657d2_sc13ga.htm"}, {"form_type": "4", "filings_date": "2020-02-13", "url": "https://www.sec.gov/Archives/edgar/data/0001591698/000156218020001152/xslF345X03/primarydocument.xml"}, {"form_type": "4", "filings_date": "2020-02-13", "url": "https://www.sec.gov/Archives/edgar/data/0001591698/000156218020001151/xslF345X03/primarydocument.xml"}, {"form_type": "SC 13G/A", "filings_date": "2020-02-12", "url": "https://www.sec.gov/Archives/edgar/data/0001591698/000110465920018751/tv01992-paylocityholdingcorp.htm"}, {"form_type": "SC 13G/A", "filings_date": "2020-02-07", "url": "https://www.sec.gov/Archives/edgar/data/0001591698/000110465920012520/a20-6381_1sc13ga.htm"}, {"form_type": "SC 13G", "filings_date": "2020-02-07", "url": "https://www.sec.gov/Archives/edgar/data/0001591698/000083423720008153/us70438v1061_020620.txt"}, {"form_type": "10-Q", "filings_date": "2020-02-05", "url": "https://www.sec.gov/Archives/edgar/data/0001591698/000155837020000519/pcty-20191231x10q63bc08.htm"}, {"form_type": "8-K", "filings_date": "2020-02-04", "url": "https://www.sec.gov/Archives/edgar/data/0001591698/000110465920010623/tm205923-1_8k.htm"}, {"form_type": "4", "filings_date": "2020-01-08", "url": "https://www.sec.gov/Archives/edgar/data/0001591698/000156218020000284/xslF345X03/primarydocument.xml"}, {"form_type": "4", "filings_date": "2020-01-07", "url": "https://www.sec.gov/Archives/edgar/data/0001591698/000156218020000268/xslF345X03/primarydocument.xml"}, {"form_type": "8-K", "filings_date": "2019-12-13", "url": "https://www.sec.gov/Archives/edgar/data/0001591698/000110465919072564/tm1925195-1_8k.htm"}, {"form_type": "4", "filings_date": "2019-12-13", "url": "https://www.sec.gov/Archives/edgar/data/0001591698/000156218019006071/xslF345X03/primarydocument.xml"}, {"form_type": "4", "filings_date": "2019-12-02", "url": "https://www.sec.gov/Archives/edgar/data/0001591698/000156218019005779/xslF345X03/primarydocument.xml"}, {"form_type": "4", "filings_date": "2019-11-27", "url": "https://www.sec.gov/Archives/edgar/data/0001591698/000156218019005754/xslF345X03/primarydocument.xml"}, {"form_type": "4", "filings_date": "2019-11-26", "url": "https://www.sec.gov/Archives/edgar/data/0001591698/000156218019005724/xslF345X03/primarydocument.xml"}, {"form_type": "4", "filings_date": "2019-11-25", "url": "https://www.sec.gov/Archives/edgar/data/0001591698/000156218019005696/xslF345X03/primarydocument.xml"}, {"form_type": "4", "filings_date": "2019-11-22", "url": "https://www.sec.gov/Archives/edgar/data/0001591698/000156218019005652/xslF345X03/primarydocument.xml"}, {"form_type": "4", "filings_date": "2019-11-20", "url": "https://www.sec.gov/Archives/edgar/data/0001591698/000156218019005609/xslF345X03/primarydocument.xml"}, {"form_type": "4", "filings_date": "2019-11-20", "url": "https://www.sec.gov/Archives/edgar/data/0001591698/000156218019005608/xslF345X03/primarydocument.xml"}, {"form_type": "4", "filings_date": "2019-11-18", "url": "https://www.sec.gov/Archives/edgar/data/0001591698/000156218019005555/xslF345X03/primarydocument.xml"}, {"form_type": "4", "filings_date": "2019-11-14", "url": "https://www.sec.gov/Archives/edgar/data/0001591698/000156218019005512/xslF345X03/primarydocument.xml"}, {"form_type": "4", "filings_date": "2019-11-13", "url": "https://www.sec.gov/Archives/edgar/data/0001591698/000156218019005486/xslF345X03/primarydocument.xml"}, {"form_type": "10-Q", "filings_date": "2019-10-31", "url": "https://www.sec.gov/Archives/edgar/data/0001591698/000155837019009538/pcty-20190930x10q3be602.htm"}, {"form_type": "8-K", "filings_date": "2019-10-30", "url": "https://www.sec.gov/Archives/edgar/data/0001591698/000110465919057794/a19-20917_18k.htm"}, {"form_type": "DEFA14A", "filings_date": "2019-10-25", "url": "https://www.sec.gov/Archives/edgar/data/0001591698/000120677419003593/pcty3614761-defa14a.htm"}, {"form_type": "DEF 14A", "filings_date": "2019-10-25", "url": "https://www.sec.gov/Archives/edgar/data/0001591698/000120677419003592/pcty3614761-def14a.htm"}, {"form_type": "4", "filings_date": "2019-09-19", "url": "https://www.sec.gov/Archives/edgar/data/0001591698/000156218019004882/xslF345X03/primarydocument.xml"}, {"form_type": "4", "filings_date": "2019-09-04", "url": "https://www.sec.gov/Archives/edgar/data/0001591698/000156218019004617/xslF345X03/primarydocument.xml"}, {"form_type": "4", "filings_date": "2019-08-21", "url": "https://www.sec.gov/Archives/edgar/data/0001591698/000156218019004432/xslF345X03/primarydocument.xml"}, {"form_type": "4", "filings_date": "2019-08-21", "url": "https://www.sec.gov/Archives/edgar/data/0001591698/000156218019004431/xslF345X03/primarydocument.xml"}, {"form_type": "4", "filings_date": "2019-08-21", "url": "https://www.sec.gov/Archives/edgar/data/0001591698/000156218019004430/xslF345X03/primarydocument.xml"}, {"form_type": "4", "filings_date": "2019-08-21", "url": "https://www.sec.gov/Archives/edgar/data/0001591698/000156218019004429/xslF345X03/primarydocument.xml"}, {"form_type": "4", "filings_date": "2019-08-21", "url": "https://www.sec.gov/Archives/edgar/data/0001591698/000156218019004428/xslF345X03/primarydocument.xml"}, {"form_type": "4", "filings_date": "2019-08-19", "url": "https://www.sec.gov/Archives/edgar/data/0001591698/000156218019004374/xslF345X03/primarydocument.xml"}, {"form_type": "4", "filings_date": "2019-08-19", "url": "https://www.sec.gov/Archives/edgar/data/0001591698/000156218019004373/xslF345X03/primarydocument.xml"}, {"form_type": "4", "filings_date": "2019-08-19", "url": "https://www.sec.gov/Archives/edgar/data/0001591698/000156218019004372/xslF345X03/primarydocument.xml"}, {"form_type": "4", "filings_date": "2019-08-19", "url": "https://www.sec.gov/Archives/edgar/data/0001591698/000156218019004371/xslF345X03/primarydocument.xml"}, {"form_type": "4", "filings_date": "2019-08-19", "url": "https://www.sec.gov/Archives/edgar/data/0001591698/000156218019004370/xslF345X03/primarydocument.xml"}, {"form_type": "4", "filings_date": "2019-08-19", "url": "https://www.sec.gov/Archives/edgar/data/0001591698/000156218019004369/xslF345X03/primarydocument.xml"}, {"form_type": "4", "filings_date": "2019-08-19", "url": "https://www.sec.gov/Archives/edgar/data/0001591698/000156218019004368/xslF345X03/primarydocument.xml"}, {"form_type": "4", "filings_date": "2019-08-19", "url": "https://www.sec.gov/Archives/edgar/data/0001591698/000156218019004367/xslF345X03/primarydocument.xml"}, {"form_type": "4", "filings_date": "2019-08-19", "url": "https://www.sec.gov/Archives/edgar/data/0001591698/000156218019004366/xslF345X03/primarydocument.xml"}, {"form_type": "4", "filings_date": "2019-08-19", "url": "https://www.sec.gov/Archives/edgar/data/0001591698/000156218019004365/xslF345X03/primarydocument.xml"}, {"form_type": "4", "filings_date": "2019-08-19", "url": "https://www.sec.gov/Archives/edgar/data/0001591698/000156218019004364/xslF345X03/primarydocument.xml"}, {"form_type": "4", "filings_date": "2019-08-19", "url": "https://www.sec.gov/Archives/edgar/data/0001591698/000156218019004363/xslF345X03/primarydocument.xml"}, {"form_type": "4", "filings_date": "2019-08-15", "url": "https://www.sec.gov/Archives/edgar/data/0001591698/000156218019004296/xslF345X03/primarydocument.xml"}, {"form_type": "4", "filings_date": "2019-08-15", "url": "https://www.sec.gov/Archives/edgar/data/0001591698/000156218019004295/xslF345X03/primarydocument.xml"}, {"form_type": "4", "filings_date": "2019-08-14", "url": "https://www.sec.gov/Archives/edgar/data/0001591698/000156218019004274/xslF345X03/primarydocument.xml"}, {"form_type": "4", "filings_date": "2019-08-14", "url": "https://www.sec.gov/Archives/edgar/data/0001591698/000156218019004273/xslF345X03/primarydocument.xml"}, {"form_type": "4", "filings_date": "2019-08-14", "url": "https://www.sec.gov/Archives/edgar/data/0001591698/000156218019004272/xslF345X03/primarydocument.xml"}, {"form_type": "4", "filings_date": "2019-08-14", "url": "https://www.sec.gov/Archives/edgar/data/0001591698/000156218019004271/xslF345X03/primarydocument.xml"}, {"form_type": "4", "filings_date": "2019-08-14", "url": "https://www.sec.gov/Archives/edgar/data/0001591698/000156218019004270/xslF345X03/primarydocument.xml"}, {"form_type": "10-K", "filings_date": "2019-08-09", "url": "https://www.sec.gov/Archives/edgar/data/0001591698/000155837019007859/pcty-20190630x10k.htm"}, {"form_type": "8-K", "filings_date": "2019-08-08", "url": "https://www.sec.gov/Archives/edgar/data/0001591698/000110465919044883/a19-16621_18k.htm"}, {"form_type": "8-K", "filings_date": "2019-07-17", "url": "https://www.sec.gov/Archives/edgar/data/0001591698/000110465919040751/a19-12817_18k.htm"}, {"form_type": "4", "filings_date": "2019-06-04", "url": "https://www.sec.gov/Archives/edgar/data/0001591698/000156218019003279/xslF345X03/primarydocument.xml"}, {"form_type": "4", "filings_date": "2019-06-04", "url": "https://www.sec.gov/Archives/edgar/data/0001591698/000156218019003278/xslF345X03/primarydocument.xml"}, {"form_type": "4", "filings_date": "2019-06-04", "url": "https://www.sec.gov/Archives/edgar/data/0001591698/000156218019003277/xslF345X03/primarydocument.xml"}, {"form_type": "4", "filings_date": "2019-05-21", "url": "https://www.sec.gov/Archives/edgar/data/0001591698/000156218019003023/xslF345X03/primarydocument.xml"}, {"form_type": "4", "filings_date": "2019-05-16", "url": "https://www.sec.gov/Archives/edgar/data/0001591698/000156218019002874/xslF345X03/primarydocument.xml"}, {"form_type": "4", "filings_date": "2019-05-15", "url": "https://www.sec.gov/Archives/edgar/data/0001591698/000156218019002820/xslF345X03/primarydocument.xml"}, {"form_type": "4", "filings_date": "2019-05-10", "url": "https://www.sec.gov/Archives/edgar/data/0001591698/000156218019002765/xslF345X03/primarydocument.xml"}, {"form_type": "4", "filings_date": "2019-05-09", "url": "https://www.sec.gov/Archives/edgar/data/0001591698/000156218019002738/xslF345X03/primarydocument.xml"}, {"form_type": "4", "filings_date": "2019-05-08", "url": "https://www.sec.gov/Archives/edgar/data/0001591698/000156218019002705/xslF345X03/primarydocument.xml"}, {"form_type": "10-Q", "filings_date": "2019-05-03", "url": "https://www.sec.gov/Archives/edgar/data/0001591698/000155837019003941/pcty-20190331x10q.htm"}, {"form_type": "8-K", "filings_date": "2019-05-02", "url": "https://www.sec.gov/Archives/edgar/data/0001591698/000110465919026483/a19-9109_18k.htm"}, {"form_type": "4", "filings_date": "2019-03-04", "url": "https://www.sec.gov/Archives/edgar/data/0001591698/000156218019001581/xslF345X03/primarydocument.xml"}, {"form_type": "4", "filings_date": "2019-03-04", "url": "https://www.sec.gov/Archives/edgar/data/0001591698/000156218019001580/xslF345X03/primarydocument.xml"}, {"form_type": "4", "filings_date": "2019-02-26", "url": "https://www.sec.gov/Archives/edgar/data/0001591698/000156218019001417/xslF345X03/primarydocument.xml"}, {"form_type": "4", "filings_date": "2019-02-19", "url": "https://www.sec.gov/Archives/edgar/data/0001591698/000156218019001064/xslF345X03/primarydocument.xml"}, {"form_type": "4", "filings_date": "2019-02-14", "url": "https://www.sec.gov/Archives/edgar/data/0001591698/000156218019000976/xslF345X03/primarydocument.xml"}, {"form_type": "SC 13G/A", "filings_date": "2019-02-14", "url": "https://www.sec.gov/Archives/edgar/data/0001591698/000008025519002659/pcty13gadec18.txt"}, {"form_type": "SC 13G/A", "filings_date": "2019-02-12", "url": "https://www.sec.gov/Archives/edgar/data/0001591698/000114420419006520/tv511206_sc13ga.htm"}, {"form_type": "4", "filings_date": "2019-02-11", "url": "https://www.sec.gov/Archives/edgar/data/0001591698/000156218019000887/xslF345X03/primarydocument.xml"}, {"form_type": "SC 13G", "filings_date": "2019-02-11", "url": "https://www.sec.gov/Archives/edgar/data/0001591698/000093247119005673/paylocityholdingcorp.htm"}, {"form_type": "SC 13G/A", "filings_date": "2019-02-08", "url": "https://www.sec.gov/Archives/edgar/data/0001591698/000110465919006829/a19-3974_1sc13ga.htm"}, {"form_type": "10-Q", "filings_date": "2019-02-07", "url": "https://www.sec.gov/Archives/edgar/data/0001591698/000155837019000442/pcty-20181231x10q.htm"}, {"form_type": "8-K", "filings_date": "2019-02-06", "url": "https://www.sec.gov/Archives/edgar/data/0001591698/000110465919006072/a19-4034_18k.htm"}, {"form_type": "8-K", "filings_date": "2018-12-07", "url": "https://www.sec.gov/Archives/edgar/data/0001591698/000110465918071843/a18-41278_18k.htm"}, {"form_type": "4", "filings_date": "2018-12-04", "url": "https://www.sec.gov/Archives/edgar/data/0001591698/000156218018004805/xslF345X03/primarydocument.xml"}, {"form_type": "4", "filings_date": "2018-12-04", "url": "https://www.sec.gov/Archives/edgar/data/0001591698/000156218018004804/xslF345X03/primarydocument.xml"}, {"form_type": "4", "filings_date": "2018-11-13", "url": "https://www.sec.gov/Archives/edgar/data/0001591698/000156218018004520/xslF345X03/primarydocument.xml"}, {"form_type": "4", "filings_date": "2018-11-07", "url": "https://www.sec.gov/Archives/edgar/data/0001591698/000156218018004449/xslF345X03/primarydocument.xml"}, {"form_type": "4", "filings_date": "2018-11-07", "url": "https://www.sec.gov/Archives/edgar/data/0001591698/000156218018004448/xslF345X03/primarydocument.xml"}, {"form_type": "10-Q", "filings_date": "2018-11-02", "url": "https://www.sec.gov/Archives/edgar/data/0001591698/000155837018008347/pcty-20180930x10q.htm"}, {"form_type": "8-K", "filings_date": "2018-11-01", "url": "https://www.sec.gov/Archives/edgar/data/0001591698/000110465918065444/a18-39324_18k.htm"}, {"form_type": "DEFA14A", "filings_date": "2018-10-23", "url": "https://www.sec.gov/Archives/edgar/data/0001591698/000135994818000013/pcty3437851-defa14a.htm"}, {"form_type": "DEF 14A", "filings_date": "2018-10-23", "url": "https://www.sec.gov/Archives/edgar/data/0001591698/000120677418002966/pcty3437851-def14a.htm"}, {"form_type": "4", "filings_date": "2018-09-17", "url": "https://www.sec.gov/Archives/edgar/data/0001591698/000156218018003951/xslF345X03/primarydocument.xml"}, {"form_type": "3", "filings_date": "2018-09-17", "url": "https://www.sec.gov/Archives/edgar/data/0001591698/000110465918057224/xslF345X02/a3.xml"}, {"form_type": "8-K", "filings_date": "2018-09-17", "url": "https://www.sec.gov/Archives/edgar/data/0001591698/000110465918057223/a18-31027_18k.htm"}, {"form_type": "4", "filings_date": "2018-09-05", "url": "https://www.sec.gov/Archives/edgar/data/0001591698/000156218018003837/xslF345X03/primarydocument.xml"}, {"form_type": "4", "filings_date": "2018-08-21", "url": "https://www.sec.gov/Archives/edgar/data/0001591698/000156218018003741/xslF345X03/primarydocument.xml"}, {"form_type": "4", "filings_date": "2018-08-21", "url": "https://www.sec.gov/Archives/edgar/data/0001591698/000156218018003740/xslF345X03/primarydocument.xml"}, {"form_type": "4", "filings_date": "2018-08-21", "url": "https://www.sec.gov/Archives/edgar/data/0001591698/000156218018003739/xslF345X03/primarydocument.xml"}, {"form_type": "4", "filings_date": "2018-08-21", "url": "https://www.sec.gov/Archives/edgar/data/0001591698/000156218018003738/xslF345X03/primarydocument.xml"}, {"form_type": "4", "filings_date": "2018-08-20", "url": "https://www.sec.gov/Archives/edgar/data/0001591698/000156218018003713/xslF345X03/primarydocument.xml"}, {"form_type": "4", "filings_date": "2018-08-17", "url": "https://www.sec.gov/Archives/edgar/data/0001591698/000156218018003695/xslF345X03/primarydocument.xml"}, {"form_type": "4", "filings_date": "2018-08-17", "url": "https://www.sec.gov/Archives/edgar/data/0001591698/000156218018003694/xslF345X03/primarydocument.xml"}, {"form_type": "4", "filings_date": "2018-08-17", "url": "https://www.sec.gov/Archives/edgar/data/0001591698/000156218018003693/xslF345X03/primarydocument.xml"}, {"form_type": "4", "filings_date": "2018-08-17", "url": "https://www.sec.gov/Archives/edgar/data/0001591698/000156218018003692/xslF345X03/primarydocument.xml"}, {"form_type": "4", "filings_date": "2018-08-17", "url": "https://www.sec.gov/Archives/edgar/data/0001591698/000156218018003691/xslF345X03/primarydocument.xml"}, {"form_type": "4", "filings_date": "2018-08-17", "url": "https://www.sec.gov/Archives/edgar/data/0001591698/000156218018003690/xslF345X03/primarydocument.xml"}, {"form_type": "4", "filings_date": "2018-08-17", "url": "https://www.sec.gov/Archives/edgar/data/0001591698/000156218018003689/xslF345X03/primarydocument.xml"}, {"form_type": "4", "filings_date": "2018-08-17", "url": "https://www.sec.gov/Archives/edgar/data/0001591698/000156218018003688/xslF345X03/primarydocument.xml"}, {"form_type": "4", "filings_date": "2018-08-17", "url": "https://www.sec.gov/Archives/edgar/data/0001591698/000156218018003687/xslF345X03/primarydocument.xml"}, {"form_type": "4", "filings_date": "2018-08-17", "url": "https://www.sec.gov/Archives/edgar/data/0001591698/000156218018003686/xslF345X03/primarydocument.xml"}, {"form_type": "4", "filings_date": "2018-08-15", "url": "https://www.sec.gov/Archives/edgar/data/0001591698/000156218018003621/xslF345X03/primarydocument.xml"}, {"form_type": "4", "filings_date": "2018-08-15", "url": "https://www.sec.gov/Archives/edgar/data/0001591698/000156218018003617/xslF345X03/primarydocument.xml"}, {"form_type": "4", "filings_date": "2018-08-15", "url": "https://www.sec.gov/Archives/edgar/data/0001591698/000156218018003615/xslF345X03/primarydocument.xml"}, {"form_type": "4", "filings_date": "2018-08-15", "url": "https://www.sec.gov/Archives/edgar/data/0001591698/000156218018003614/xslF345X03/primarydocument.xml"}, {"form_type": "4", "filings_date": "2018-08-15", "url": "https://www.sec.gov/Archives/edgar/data/0001591698/000156218018003611/xslF345X03/primarydocument.xml"}, {"form_type": "4", "filings_date": "2018-08-15", "url": "https://www.sec.gov/Archives/edgar/data/0001591698/000156218018003610/xslF345X03/primarydocument.xml"}, {"form_type": "10-K", "filings_date": "2018-08-10", "url": "https://www.sec.gov/Archives/edgar/data/0001591698/000155837018006955/pcty-20180630x10k.htm"}, {"form_type": "8-K", "filings_date": "2018-08-09", "url": "https://www.sec.gov/Archives/edgar/data/0001591698/000110465918050932/a18-18481_18k.htm"}, {"form_type": "4", "filings_date": "2018-06-18", "url": "https://www.sec.gov/Archives/edgar/data/0001591698/000156218018003036/xslF345X03/primarydocument.xml"}, {"form_type": "3", "filings_date": "2018-06-05", "url": "https://www.sec.gov/Archives/edgar/data/0001591698/000110465918038386/xslF345X02/a3.xml"}, {"form_type": "4", "filings_date": "2018-06-05", "url": "https://www.sec.gov/Archives/edgar/data/0001591698/000156218018002868/xslF345X03/primarydocument.xml"}, {"form_type": "4", "filings_date": "2018-06-05", "url": "https://www.sec.gov/Archives/edgar/data/0001591698/000156218018002867/xslF345X03/primarydocument.xml"}, {"form_type": "8-K", "filings_date": "2018-06-05", "url": "https://www.sec.gov/Archives/edgar/data/0001591698/000110465918038197/a18-14841_18k.htm"}, {"form_type": "4", "filings_date": "2018-06-04", "url": "https://www.sec.gov/Archives/edgar/data/0001591698/000156218018002812/xslF345X03/primarydocument.xml"}, {"form_type": "4", "filings_date": "2018-06-04", "url": "https://www.sec.gov/Archives/edgar/data/0001591698/000156218018002811/xslF345X03/primarydocument.xml"}, {"form_type": "4", "filings_date": "2018-05-30", "url": "https://www.sec.gov/Archives/edgar/data/0001591698/000156218018002723/xslF345X03/primarydocument.xml"}, {"form_type": "4", "filings_date": "2018-05-30", "url": "https://www.sec.gov/Archives/edgar/data/0001591698/000156218018002722/xslF345X03/primarydocument.xml"}, {"form_type": "4", "filings_date": "2018-05-16", "url": "https://www.sec.gov/Archives/edgar/data/0001591698/000156218018002526/xslF345X03/primarydocument.xml"}, {"form_type": "4", "filings_date": "2018-05-16", "url": "https://www.sec.gov/Archives/edgar/data/0001591698/000156218018002525/xslF345X03/primarydocument.xml"}, {"form_type": "4", "filings_date": "2018-05-15", "url": "https://www.sec.gov/Archives/edgar/data/0001591698/000156218018002481/xslF345X03/primarydocument.xml"}, {"form_type": "8-K", "filings_date": "2018-05-10", "url": "https://www.sec.gov/Archives/edgar/data/0001591698/000110465918031982/a18-13248_18k.htm"}, {"form_type": "4", "filings_date": "2018-05-09", "url": "https://www.sec.gov/Archives/edgar/data/0001591698/000156218018002416/xslF345X03/primarydocument.xml"}, {"form_type": "4", "filings_date": "2018-05-09", "url": "https://www.sec.gov/Archives/edgar/data/0001591698/000156218018002415/xslF345X03/primarydocument.xml"}, {"form_type": "10-Q", "filings_date": "2018-05-04", "url": "https://www.sec.gov/Archives/edgar/data/0001591698/000155837018003976/pcty-20180331x10q.htm"}, {"form_type": "8-K", "filings_date": "2018-05-03", "url": "https://www.sec.gov/Archives/edgar/data/0001591698/000110465918030247/a18-12635_18k.htm"}, {"form_type": "4", "filings_date": "2018-03-20", "url": "https://www.sec.gov/Archives/edgar/data/0001591698/000156218018001679/xslF345X03/primarydocument.xml"}, {"form_type": "4", "filings_date": "2018-03-19", "url": "https://www.sec.gov/Archives/edgar/data/0001591698/000156218018001666/xslF345X03/primarydocument.xml"}, {"form_type": "4", "filings_date": "2018-03-15", "url": "https://www.sec.gov/Archives/edgar/data/0001591698/000156218018001640/xslF345X03/primarydocument.xml"}, {"form_type": "4", "filings_date": "2018-03-12", "url": "https://www.sec.gov/Archives/edgar/data/0001591698/000156218018001613/xslF345X03/primarydocument.xml"}, {"form_type": "8-K", "filings_date": "2018-03-08", "url": "https://www.sec.gov/Archives/edgar/data/0001591698/000110465918015742/a18-7696_18k.htm"}, {"form_type": "4", "filings_date": "2018-03-07", "url": "https://www.sec.gov/Archives/edgar/data/0001591698/000156218018001539/xslF345X03/primarydocument.xml"}, {"form_type": "4", "filings_date": "2018-03-07", "url": "https://www.sec.gov/Archives/edgar/data/0001591698/000156218018001538/xslF345X03/primarydocument.xml"}, {"form_type": "4", "filings_date": "2018-03-01", "url": "https://www.sec.gov/Archives/edgar/data/0001591698/000156218018001334/xslF345X03/primarydocument.xml"}, {"form_type": "4", "filings_date": "2018-02-27", "url": "https://www.sec.gov/Archives/edgar/data/0001591698/000156218018001285/xslF345X03/primarydocument.xml"}, {"form_type": "4", "filings_date": "2018-02-22", "url": "https://www.sec.gov/Archives/edgar/data/0001591698/000156218018001116/xslF345X03/primarydocument.xml"}, {"form_type": "4", "filings_date": "2018-02-16", "url": "https://www.sec.gov/Archives/edgar/data/0001591698/000156218018001041/xslF345X03/primarydocument.xml"}, {"form_type": "4", "filings_date": "2018-02-14", "url": "https://www.sec.gov/Archives/edgar/data/0001591698/000156218018000909/xslF345X03/primarydocument.xml"}, {"form_type": "SC 13G/A", "filings_date": "2018-02-14", "url": "https://www.sec.gov/Archives/edgar/data/0001591698/000110465918009723/a18-6097_2sc13ga.htm"}, {"form_type": "SC 13G/A", "filings_date": "2018-02-14", "url": "https://www.sec.gov/Archives/edgar/data/0001591698/000110465918009718/a18-6097_1sc13ga.htm"}, {"form_type": "SC 13G/A", "filings_date": "2018-02-14", "url": "https://www.sec.gov/Archives/edgar/data/0001591698/000008025518002561/pcty13gadec17.txt"}, {"form_type": "SC 13G/A", "filings_date": "2018-02-12", "url": "https://www.sec.gov/Archives/edgar/data/0001591698/000114420418007083/tv483535_sc13ga.htm"}, {"form_type": "S-8", "filings_date": "2018-02-09", "url": "https://www.sec.gov/Archives/edgar/data/0001591698/000110465918008046/a18-5599_1s8.htm"}, {"form_type": "10-Q", "filings_date": "2018-02-09", "url": "https://www.sec.gov/Archives/edgar/data/0001591698/000155837018000554/pcty-20171231x10q.htm"}, {"form_type": "8-K", "filings_date": "2018-02-08", "url": "https://www.sec.gov/Archives/edgar/data/0001591698/000110465918007628/a18-5566_18k.htm"}, {"form_type": "8-K", "filings_date": "2018-01-26", "url": "https://www.sec.gov/Archives/edgar/data/0001591698/000110465918004268/a18-3877_18k.htm"}, {"form_type": "4", "filings_date": "2018-01-23", "url": "https://www.sec.gov/Archives/edgar/data/0001591698/000156218018000396/xslF345X03/primarydocument.xml"}, {"form_type": "4", "filings_date": "2018-01-23", "url": "https://www.sec.gov/Archives/edgar/data/0001591698/000156218018000395/xslF345X03/primarydocument.xml"}, {"form_type": "4", "filings_date": "2018-01-18", "url": "https://www.sec.gov/Archives/edgar/data/0001591698/000156218018000355/xslF345X03/primarydocument.xml"}, {"form_type": "4", "filings_date": "2018-01-18", "url": "https://www.sec.gov/Archives/edgar/data/0001591698/000156218018000354/xslF345X03/primarydocument.xml"}, {"form_type": "4", "filings_date": "2017-12-14", "url": "https://www.sec.gov/Archives/edgar/data/0001591698/000156218017003872/xslF345X03/primarydocument.xml"}, {"form_type": "4", "filings_date": "2017-12-08", "url": "https://www.sec.gov/Archives/edgar/data/0001591698/000156218017003811/xslF345X03/primarydocument.xml"}, {"form_type": "8-K", "filings_date": "2017-12-08", "url": "https://www.sec.gov/Archives/edgar/data/0001591698/000110465917072551/a17-28224_18k.htm"}, {"form_type": "4", "filings_date": "2017-12-04", "url": "https://www.sec.gov/Archives/edgar/data/0001591698/000156218017003732/xslF345X03/primarydocument.xml"}, {"form_type": "4", "filings_date": "2017-11-21", "url": "https://www.sec.gov/Archives/edgar/data/0001591698/000156218017003660/xslF345X03/primarydocument.xml"}, {"form_type": "4", "filings_date": "2017-11-21", "url": "https://www.sec.gov/Archives/edgar/data/0001591698/000156218017003659/xslF345X03/primarydocument.xml"}, {"form_type": "4", "filings_date": "2017-11-21", "url": "https://www.sec.gov/Archives/edgar/data/0001591698/000156218017003652/xslF345X03/primarydocument.xml"}, {"form_type": "4", "filings_date": "2017-11-14", "url": "https://www.sec.gov/Archives/edgar/data/0001591698/000156218017003554/xslF345X03/primarydocument.xml"}, {"form_type": "4", "filings_date": "2017-11-14", "url": "https://www.sec.gov/Archives/edgar/data/0001591698/000156218017003551/xslF345X03/primarydocument.xml"}, {"form_type": "10-Q", "filings_date": "2017-11-03", "url": "https://www.sec.gov/Archives/edgar/data/0001591698/000155837017008116/pcty-20170930x10q.htm"}, {"form_type": "8-K", "filings_date": "2017-11-02", "url": "https://www.sec.gov/Archives/edgar/data/0001591698/000110465917065626/a17-25016_18k.htm"}, {"form_type": "DEFA14A", "filings_date": "2017-10-24", "url": "https://www.sec.gov/Archives/edgar/data/0001591698/000155837017007478/pcty-20171208xdefa14a.htm"}, {"form_type": "DEF 14A", "filings_date": "2017-10-24", "url": "https://www.sec.gov/Archives/edgar/data/0001591698/000155837017007476/pcty-20171208xdef14a.htm"}, {"form_type": "8-K/A", "filings_date": "2017-10-24", "url": "https://www.sec.gov/Archives/edgar/data/0001591698/000110465917063564/a17-24413_18ka.htm"}, {"form_type": "4", "filings_date": "2017-10-10", "url": "https://www.sec.gov/Archives/edgar/data/0001591698/000156218017003233/xslF345X03/primarydocument.xml"}, {"form_type": "4", "filings_date": "2017-10-04", "url": "https://www.sec.gov/Archives/edgar/data/0001591698/000156218017003209/xslF345X03/primarydocument.xml"}, {"form_type": "4", "filings_date": "2017-09-19", "url": "https://www.sec.gov/Archives/edgar/data/0001591698/000156218017002984/xslF345X03/primarydocument.xml"}, {"form_type": "3", "filings_date": "2017-09-19", "url": "https://www.sec.gov/Archives/edgar/data/0001591698/000110465917057881/xslF345X02/a3.xml"}, {"form_type": "8-K", "filings_date": "2017-09-06", "url": "https://www.sec.gov/Archives/edgar/data/0001591698/000110465917055795/a17-21358_18k.htm"}, {"form_type": "4", "filings_date": "2017-09-05", "url": "https://www.sec.gov/Archives/edgar/data/0001591698/000156218017002834/xslF345X03/primarydocument.xml"}, {"form_type": "4", "filings_date": "2017-08-21", "url": "https://www.sec.gov/Archives/edgar/data/0001591698/000110465917052990/xslF345X03/a4.xml"}, {"form_type": "4", "filings_date": "2017-08-21", "url": "https://www.sec.gov/Archives/edgar/data/0001591698/000156218017002779/xslF345X03/primarydocument.xml"}, {"form_type": "4", "filings_date": "2017-08-21", "url": "https://www.sec.gov/Archives/edgar/data/0001591698/000156218017002778/xslF345X03/primarydocument.xml"}, {"form_type": "4", "filings_date": "2017-08-21", "url": "https://www.sec.gov/Archives/edgar/data/0001591698/000156218017002777/xslF345X03/primarydocument.xml"}, {"form_type": "4", "filings_date": "2017-08-21", "url": "https://www.sec.gov/Archives/edgar/data/0001591698/000156218017002776/xslF345X03/primarydocument.xml"}, {"form_type": "8-K", "filings_date": "2017-08-18", "url": "https://www.sec.gov/Archives/edgar/data/0001591698/000110465917052486/a17-20219_18k.htm"}, {"form_type": "4", "filings_date": "2017-08-17", "url": "https://www.sec.gov/Archives/edgar/data/0001591698/000156218017002739/xslF345X03/primarydocument.xml"}, {"form_type": "4", "filings_date": "2017-08-16", "url": "https://www.sec.gov/Archives/edgar/data/0001591698/000156218017002713/xslF345X03/primarydocument.xml"}, {"form_type": "4", "filings_date": "2017-08-16", "url": "https://www.sec.gov/Archives/edgar/data/0001591698/000156218017002712/xslF345X03/primarydocument.xml"}, {"form_type": "4", "filings_date": "2017-08-16", "url": "https://www.sec.gov/Archives/edgar/data/0001591698/000156218017002711/xslF345X03/primarydocument.xml"}, {"form_type": "4", "filings_date": "2017-08-16", "url": "https://www.sec.gov/Archives/edgar/data/0001591698/000156218017002710/xslF345X03/primarydocument.xml"}, {"form_type": "4", "filings_date": "2017-08-16", "url": "https://www.sec.gov/Archives/edgar/data/0001591698/000156218017002709/xslF345X03/primarydocument.xml"}, {"form_type": "4", "filings_date": "2017-08-16", "url": "https://www.sec.gov/Archives/edgar/data/0001591698/000156218017002708/xslF345X03/primarydocument.xml"}, {"form_type": "4", "filings_date": "2017-08-16", "url": "https://www.sec.gov/Archives/edgar/data/0001591698/000156218017002707/xslF345X03/primarydocument.xml"}, {"form_type": "4", "filings_date": "2017-08-16", "url": "https://www.sec.gov/Archives/edgar/data/0001591698/000156218017002706/xslF345X03/primarydocument.xml"}, {"form_type": "4", "filings_date": "2017-08-16", "url": "https://www.sec.gov/Archives/edgar/data/0001591698/000156218017002705/xslF345X03/primarydocument.xml"}, {"form_type": "4", "filings_date": "2017-08-16", "url": "https://www.sec.gov/Archives/edgar/data/0001591698/000156218017002704/xslF345X03/primarydocument.xml"}, {"form_type": "4", "filings_date": "2017-08-15", "url": "https://www.sec.gov/Archives/edgar/data/0001591698/000156218017002694/xslF345X03/primarydocument.xml"}, {"form_type": "4", "filings_date": "2017-08-14", "url": "https://www.sec.gov/Archives/edgar/data/0001591698/000156218017002674/xslF345X03/primarydocument.xml"}, {"form_type": "10-K", "filings_date": "2017-08-11", "url": "https://www.sec.gov/Archives/edgar/data/0001591698/000155837017006561/pcty-20170630x10k.htm"}, {"form_type": "3", "filings_date": "2017-08-10", "url": "https://www.sec.gov/Archives/edgar/data/0001591698/000110465917051066/xslF345X02/a3.xml"}, {"form_type": "8-K", "filings_date": "2017-08-10", "url": "https://www.sec.gov/Archives/edgar/data/0001591698/000110465917051063/a17-19965_18k.htm"}, {"form_type": "4", "filings_date": "2017-06-12", "url": "https://www.sec.gov/Archives/edgar/data/0001591698/000156218017002254/xslF345X03/primarydocument.xml"}, {"form_type": "8-K", "filings_date": "2017-06-06", "url": "https://www.sec.gov/Archives/edgar/data/0001591698/000110465917037610/a17-14810_18k.htm"}, {"form_type": "8-K", "filings_date": "2017-05-31", "url": "https://www.sec.gov/Archives/edgar/data/0001591698/000110465917036595/a17-14522_18k.htm"}, {"form_type": "4", "filings_date": "2017-05-16", "url": "https://www.sec.gov/Archives/edgar/data/0001591698/000156218017001961/xslF345X03/primarydocument.xml"}, {"form_type": "4", "filings_date": "2017-05-16", "url": "https://www.sec.gov/Archives/edgar/data/0001591698/000156218017001960/xslF345X03/primarydocument.xml"}, {"form_type": "4", "filings_date": "2017-05-16", "url": "https://www.sec.gov/Archives/edgar/data/0001591698/000156218017001959/xslF345X03/primarydocument.xml"}, {"form_type": "4", "filings_date": "2017-05-16", "url": "https://www.sec.gov/Archives/edgar/data/0001591698/000156218017001958/xslF345X03/primarydocument.xml"}, {"form_type": "4", "filings_date": "2017-05-12", "url": "https://www.sec.gov/Archives/edgar/data/0001591698/000156218017001936/xslF345X03/primarydocument.xml"}, {"form_type": "4", "filings_date": "2017-05-09", "url": "https://www.sec.gov/Archives/edgar/data/0001591698/000156218017001912/xslF345X03/primarydocument.xml"}, {"form_type": "10-Q", "filings_date": "2017-05-05", "url": "https://www.sec.gov/Archives/edgar/data/0001591698/000155837017003657/pcty-20170331x10q.htm"}, {"form_type": "8-K", "filings_date": "2017-05-04", "url": "https://www.sec.gov/Archives/edgar/data/0001591698/000110465917029879/a17-12384_18k.htm"}, {"form_type": "8-K/A", "filings_date": "2017-04-28", "url": "https://www.sec.gov/Archives/edgar/data/0001591698/000110465917028008/a17-11914_18ka.htm"}, {"form_type": "4", "filings_date": "2017-04-26", "url": "https://www.sec.gov/Archives/edgar/data/0001591698/000156218017001565/xslF345X03/primarydocument.xml"}, {"form_type": "4", "filings_date": "2017-04-26", "url": "https://www.sec.gov/Archives/edgar/data/0001591698/000156218017001564/xslF345X03/primarydocument.xml"}, {"form_type": "4", "filings_date": "2017-04-26", "url": "https://www.sec.gov/Archives/edgar/data/0001591698/000156218017001563/xslF345X03/primarydocument.xml"}, {"form_type": "4", "filings_date": "2017-03-29", "url": "https://www.sec.gov/Archives/edgar/data/0001591698/000156218017001350/xslF345X03/primarydocument.xml"}, {"form_type": "4", "filings_date": "2017-03-29", "url": "https://www.sec.gov/Archives/edgar/data/0001591698/000156218017001349/xslF345X03/primarydocument.xml"}, {"form_type": "4", "filings_date": "2017-02-23", "url": "https://www.sec.gov/Archives/edgar/data/0001591698/000156218017000884/xslF345X03/primarydocument.xml"}, {"form_type": "4", "filings_date": "2017-02-16", "url": "https://www.sec.gov/Archives/edgar/data/0001591698/000156218017000743/xslF345X03/primarydocument.xml"}, {"form_type": "4", "filings_date": "2017-02-16", "url": "https://www.sec.gov/Archives/edgar/data/0001591698/000156218017000742/xslF345X03/primarydocument.xml"}, {"form_type": "SC 13G/A", "filings_date": "2017-02-13", "url": "https://www.sec.gov/Archives/edgar/data/0001591698/000091476017000028/a80238_sc13ga2paylocity.htm"}, {"form_type": "S-8", "filings_date": "2017-02-10", "url": "https://www.sec.gov/Archives/edgar/data/0001591698/000110465917008189/a17-4091_1s8.htm"}, {"form_type": "4", "filings_date": "2017-02-09", "url": "https://www.sec.gov/Archives/edgar/data/0001591698/000156218017000602/xslF345X03/primarydocument.xml"}, {"form_type": "SC 13G/A", "filings_date": "2017-02-07", "url": "https://www.sec.gov/Archives/edgar/data/0001591698/000110465917006974/a17-3877_2sc13ga.htm"}, {"form_type": "SC 13G/A", "filings_date": "2017-02-07", "url": "https://www.sec.gov/Archives/edgar/data/0001591698/000110465917006972/a17-3877_1sc13ga.htm"}, {"form_type": "SC 13G", "filings_date": "2017-02-07", "url": "https://www.sec.gov/Archives/edgar/data/0001591698/000008025517001118/pcty13gdec16.txt"}, {"form_type": "10-Q", "filings_date": "2017-02-03", "url": "https://www.sec.gov/Archives/edgar/data/0001591698/000155837017000332/pcty-20161231x10q.htm"}, {"form_type": "8-K", "filings_date": "2017-02-02", "url": "https://www.sec.gov/Archives/edgar/data/0001591698/000110465917006138/a17-3622_18k.htm"}]}