{"company": {"cik": "0001665300", "name": "Phunware, Inc.", "sic": "Services-Computer Processing & Data Preparation", "state_incorp": "DE", "ticker": "PHUN, PHUNW", "mailing_addr": "7800 SHOAL CREEK BLVD, AUSTIN, X1, 78757", "category": "<br>Emerging growth company", "fiscal_year_end": "31, December"}, "filings": [{"form_type": "8-K", "filings_date": "2022-03-18", "url": "https://www.sec.gov/Archives/edgar/data/0001665300/000162828022006753/phun-20220315.htm"}, {"form_type": "4", "filings_date": "2022-02-24", "url": "https://www.sec.gov/Archives/edgar/data/0001665300/000162828022003895/xslF345X03/wf-form4_164575054054317.xml"}, {"form_type": "4", "filings_date": "2022-02-24", "url": "https://www.sec.gov/Archives/edgar/data/0001665300/000162828022003894/xslF345X03/wf-form4_164575052306111.xml"}, {"form_type": "4", "filings_date": "2022-02-24", "url": "https://www.sec.gov/Archives/edgar/data/0001665300/000162828022003893/xslF345X03/wf-form4_164575050251881.xml"}, {"form_type": "SC 13G/A", "filings_date": "2022-02-14", "url": "https://www.sec.gov/Archives/edgar/data/0001665300/000110465922022529/tm226115d10_sc13ga.htm"}, {"form_type": "SC 13G/A", "filings_date": "2022-02-11", "url": "https://www.sec.gov/Archives/edgar/data/0001665300/000138713122001596/phun-sc13ga_123121.htm"}, {"form_type": "S-3", "filings_date": "2022-02-10", "url": "https://www.sec.gov/Archives/edgar/data/0001665300/000162828022002201/s-3x022022xaryton.htm"}, {"form_type": "EFFECT", "filings_date": "2022-02-09", "url": "https://www.sec.gov/Archives/edgar/data/0001665300/999999999522000384/xslEFFECTX01/primary_doc.xml"}, {"form_type": "CORRESP", "filings_date": "2022-02-04", "url": "https://www.sec.gov/Archives/edgar/data/0001665300/000162828022001866/filename1.htm"}, {"form_type": "8-K", "filings_date": "2022-02-04", "url": "https://www.sec.gov/Archives/edgar/data/0001665300/000162828022001864/phun-20220131.htm"}, {"form_type": "UPLOAD", "filings_date": "2022-02-04", "url": "https://www.sec.gov/Archives/edgar/data/0001665300/000000000022001424/filename1.pdf"}, {"form_type": "S-3", "filings_date": "2022-02-01", "url": "https://www.sec.gov/Archives/edgar/data/0001665300/000162828022001572/phun-20220128xformsx3.htm"}, {"form_type": "SC 13G/A", "filings_date": "2022-01-26", "url": "https://www.sec.gov/Archives/edgar/data/0001665300/000090514822000112/efc22-043_sc13ga.htm"}, {"form_type": "S-8", "filings_date": "2022-01-14", "url": "https://www.sec.gov/Archives/edgar/data/0001665300/000162828022000944/phun-20220114xformsx8.htm"}, {"form_type": "8-K", "filings_date": "2021-12-07", "url": "https://www.sec.gov/Archives/edgar/data/0001665300/000162828021024645/phun-20211202.htm"}, {"form_type": "4", "filings_date": "2021-12-03", "url": "https://www.sec.gov/Archives/edgar/data/0001665300/000162828021024489/xslF345X03/wf-form4_163854167595765.xml"}, {"form_type": "4", "filings_date": "2021-12-03", "url": "https://www.sec.gov/Archives/edgar/data/0001665300/000162828021024488/xslF345X03/wf-form4_163854166172753.xml"}, {"form_type": "4", "filings_date": "2021-12-03", "url": "https://www.sec.gov/Archives/edgar/data/0001665300/000162828021024487/xslF345X03/wf-form4_163854164494938.xml"}, {"form_type": "4", "filings_date": "2021-11-23", "url": "https://www.sec.gov/Archives/edgar/data/0001665300/000162828021024087/xslF345X03/wf-form4_163772162073877.xml"}, {"form_type": "4", "filings_date": "2021-11-23", "url": "https://www.sec.gov/Archives/edgar/data/0001665300/000162828021024086/xslF345X03/wf-form4_163772159372458.xml"}, {"form_type": "4", "filings_date": "2021-11-23", "url": "https://www.sec.gov/Archives/edgar/data/0001665300/000162828021024085/xslF345X03/wf-form4_163772154630654.xml"}, {"form_type": "4", "filings_date": "2021-11-23", "url": "https://www.sec.gov/Archives/edgar/data/0001665300/000162828021024084/xslF345X03/wf-form4_163772151618414.xml"}, {"form_type": "8-K", "filings_date": "2021-11-18", "url": "https://www.sec.gov/Archives/edgar/data/0001665300/000162828021023773/phun-20211117.htm"}, {"form_type": "4", "filings_date": "2021-11-17", "url": "https://www.sec.gov/Archives/edgar/data/0001665300/000162828021023722/xslF345X03/wf-form4_163718664825254.xml"}, {"form_type": "8-K", "filings_date": "2021-11-15", "url": "https://www.sec.gov/Archives/edgar/data/0001665300/000162828021023385/phun-20211111.htm"}, {"form_type": "10-Q", "filings_date": "2021-11-12", "url": "https://www.sec.gov/Archives/edgar/data/0001665300/000162828021023228/phun-20210930.htm"}, {"form_type": "8-K", "filings_date": "2021-10-28", "url": "https://www.sec.gov/Archives/edgar/data/0001665300/000162828021020703/phun-20211026.htm"}, {"form_type": "424B5", "filings_date": "2021-10-26", "url": "https://www.sec.gov/Archives/edgar/data/0001665300/000162828021020464/a424b5-briley2x10252021.htm"}, {"form_type": "8-K", "filings_date": "2021-10-19", "url": "https://www.sec.gov/Archives/edgar/data/0001665300/000162828021020241/phun-20211015.htm"}, {"form_type": "DEFA14A", "filings_date": "2021-10-15", "url": "https://www.sec.gov/Archives/edgar/data/0001665300/000162828021020114/defa14a-proxy2021xnaa.htm"}, {"form_type": "DEF 14A", "filings_date": "2021-10-15", "url": "https://www.sec.gov/Archives/edgar/data/0001665300/000162828021020113/proxy2021annualstockholder.htm"}, {"form_type": "8-K", "filings_date": "2021-10-15", "url": "https://www.sec.gov/Archives/edgar/data/0001665300/000162828021020106/phun-20211013.htm"}, {"form_type": "8-K/A", "filings_date": "2021-10-12", "url": "https://www.sec.gov/Archives/edgar/data/0001665300/000162828021019979/phun-20211006.htm"}, {"form_type": "4", "filings_date": "2021-10-08", "url": "https://www.sec.gov/Archives/edgar/data/0001665300/000162828021019900/xslF345X03/wf-form4_163372456709340.xml"}, {"form_type": "4", "filings_date": "2021-10-08", "url": "https://www.sec.gov/Archives/edgar/data/0001665300/000162828021019899/xslF345X03/wf-form4_163372455125324.xml"}, {"form_type": "3", "filings_date": "2021-10-06", "url": "https://www.sec.gov/Archives/edgar/data/0001665300/000162828021019782/xslF345X02/wf-form3_163356229006447.xml"}, {"form_type": "3", "filings_date": "2021-10-06", "url": "https://www.sec.gov/Archives/edgar/data/0001665300/000162828021019781/xslF345X02/wf-form3_163356226685944.xml"}, {"form_type": "4", "filings_date": "2021-09-17", "url": "https://www.sec.gov/Archives/edgar/data/0001665300/000162828021018851/xslF345X03/wf-form4_163191141627410.xml"}, {"form_type": "8-K", "filings_date": "2021-09-13", "url": "https://www.sec.gov/Archives/edgar/data/0001665300/000162828021018506/phun-20210910.htm"}, {"form_type": "4", "filings_date": "2021-09-08", "url": "https://www.sec.gov/Archives/edgar/data/0001665300/000162828021018229/xslF345X03/wf-form4_163113221221153.xml"}, {"form_type": "8-K", "filings_date": "2021-09-07", "url": "https://www.sec.gov/Archives/edgar/data/0001665300/000162828021018167/phun-20210902.htm"}, {"form_type": "4", "filings_date": "2021-08-20", "url": "https://www.sec.gov/Archives/edgar/data/0001665300/000162828021017426/xslF345X03/wf-form4_162949153708356.xml"}, {"form_type": "4", "filings_date": "2021-08-20", "url": "https://www.sec.gov/Archives/edgar/data/0001665300/000162828021017425/xslF345X03/wf-form4_162949148797553.xml"}, {"form_type": "4", "filings_date": "2021-08-20", "url": "https://www.sec.gov/Archives/edgar/data/0001665300/000162828021017424/xslF345X03/wf-form4_162949147209214.xml"}, {"form_type": "4", "filings_date": "2021-08-20", "url": "https://www.sec.gov/Archives/edgar/data/0001665300/000162828021017422/xslF345X03/wf-form4_162949143192877.xml"}, {"form_type": "8-K", "filings_date": "2021-08-18", "url": "https://www.sec.gov/Archives/edgar/data/0001665300/000162828021017221/phun-20210816.htm"}, {"form_type": "10-Q", "filings_date": "2021-08-13", "url": "https://www.sec.gov/Archives/edgar/data/0001665300/000162828021017003/phun-20210630.htm"}, {"form_type": "8-K", "filings_date": "2021-08-12", "url": "https://www.sec.gov/Archives/edgar/data/0001665300/000162828021016855/a20210812-q22021er.htm"}, {"form_type": "4", "filings_date": "2021-06-07", "url": "https://www.sec.gov/Archives/edgar/data/0001665300/000162828021011726/xslF345X03/wf-form4_162309689152843.xml"}, {"form_type": "8-K", "filings_date": "2021-06-03", "url": "https://www.sec.gov/Archives/edgar/data/0001665300/000162828021011559/a20210603-announce.htm"}, {"form_type": "4", "filings_date": "2021-05-20", "url": "https://www.sec.gov/Archives/edgar/data/0001665300/000162828021010822/xslF345X03/wf-form4_162155689438118.xml"}, {"form_type": "4", "filings_date": "2021-05-20", "url": "https://www.sec.gov/Archives/edgar/data/0001665300/000162828021010821/xslF345X03/wf-form4_162155686791426.xml"}, {"form_type": "4", "filings_date": "2021-05-20", "url": "https://www.sec.gov/Archives/edgar/data/0001665300/000162828021010820/xslF345X03/wf-form4_162155683931816.xml"}, {"form_type": "4", "filings_date": "2021-05-20", "url": "https://www.sec.gov/Archives/edgar/data/0001665300/000162828021010819/xslF345X03/wf-form4_162155681303008.xml"}, {"form_type": "4", "filings_date": "2021-05-20", "url": "https://www.sec.gov/Archives/edgar/data/0001665300/000162828021010818/xslF345X03/wf-form4_162155678731351.xml"}, {"form_type": "4", "filings_date": "2021-05-19", "url": "https://www.sec.gov/Archives/edgar/data/0001665300/000162828021010692/xslF345X03/wf-form4_162145543791687.xml"}, {"form_type": "10-Q", "filings_date": "2021-05-14", "url": "https://www.sec.gov/Archives/edgar/data/0001665300/000162828021010391/phun-20210331.htm"}, {"form_type": "8-K", "filings_date": "2021-05-13", "url": "https://www.sec.gov/Archives/edgar/data/0001665300/000162828021010191/a20210513-q12021er.htm"}, {"form_type": "10-K/A", "filings_date": "2021-04-30", "url": "https://www.sec.gov/Archives/edgar/data/0001665300/000162828021008472/phun-20201231.htm"}, {"form_type": "8-K", "filings_date": "2021-04-07", "url": "https://www.sec.gov/Archives/edgar/data/0001665300/000162828021006674/a20210407-brileyatm.htm"}, {"form_type": "424B5", "filings_date": "2021-04-07", "url": "https://www.sec.gov/Archives/edgar/data/0001665300/000162828021006672/a424b5-briley.htm"}, {"form_type": "10-K", "filings_date": "2021-03-31", "url": "https://www.sec.gov/Archives/edgar/data/0001665300/000162828021006256/phun-20201231.htm"}, {"form_type": "8-K", "filings_date": "2021-03-30", "url": "https://www.sec.gov/Archives/edgar/data/0001665300/000162828021006157/a20210330-board.htm"}, {"form_type": "8-K", "filings_date": "2021-03-26", "url": "https://www.sec.gov/Archives/edgar/data/0001665300/000162828021005788/a20210326-bayview.htm"}, {"form_type": "8-K", "filings_date": "2021-03-25", "url": "https://www.sec.gov/Archives/edgar/data/0001665300/000162828021005670/a20210325-fy2020er.htm"}, {"form_type": "8-K", "filings_date": "2021-03-19", "url": "https://www.sec.gov/Archives/edgar/data/0001665300/000162828021005209/a20210217-subleaseandascen.htm"}, {"form_type": "SC 13G", "filings_date": "2021-02-24", "url": "https://www.sec.gov/Archives/edgar/data/0001665300/000110465921027253/tm217745d4_sc13g.htm"}, {"form_type": "SC 13G", "filings_date": "2021-02-22", "url": "https://www.sec.gov/Archives/edgar/data/0001665300/000138713121002743/phun-sc13g_021221.htm"}, {"form_type": "SC 13G", "filings_date": "2021-02-22", "url": "https://www.sec.gov/Archives/edgar/data/0001665300/000149315221004485/formsc13g.htm"}, {"form_type": "8-K", "filings_date": "2021-02-18", "url": "https://www.sec.gov/Archives/edgar/data/0001665300/000162828021002421/a20210217-northlandxrothcl.htm"}, {"form_type": "8-K", "filings_date": "2021-02-16", "url": "https://www.sec.gov/Archives/edgar/data/0001665300/000162828021002184/a20210212-northlandxroth8xk.htm"}, {"form_type": "424B5", "filings_date": "2021-02-12", "url": "https://www.sec.gov/Archives/edgar/data/0001665300/000162828021002136/a424b5-northlandrothxprosu.htm"}, {"form_type": "424B5", "filings_date": "2021-02-12", "url": "https://www.sec.gov/Archives/edgar/data/0001665300/000162828021001979/a424b5-northland.htm"}, {"form_type": "EFFECT", "filings_date": "2021-02-11", "url": "https://www.sec.gov/Archives/edgar/data/0001665300/999999999521000617/xslEFFECTX01/primary_doc.xml"}, {"form_type": "CORRESP", "filings_date": "2021-02-11", "url": "https://www.sec.gov/Archives/edgar/data/0001665300/000162828021001931/filename1.htm"}, {"form_type": "S-3/A", "filings_date": "2021-02-11", "url": "https://www.sec.gov/Archives/edgar/data/0001665300/000162828021001850/phun-20210210xformsx3a1.htm"}, {"form_type": "4", "filings_date": "2021-02-05", "url": "https://www.sec.gov/Archives/edgar/data/0001665300/000162828021001561/xslF345X03/wf-form4_161256327530611.xml"}, {"form_type": "4", "filings_date": "2021-02-05", "url": "https://www.sec.gov/Archives/edgar/data/0001665300/000162828021001560/xslF345X03/wf-form4_161256325172116.xml"}, {"form_type": "4", "filings_date": "2021-02-05", "url": "https://www.sec.gov/Archives/edgar/data/0001665300/000162828021001558/xslF345X03/wf-form4_161256322708291.xml"}, {"form_type": "4", "filings_date": "2021-02-05", "url": "https://www.sec.gov/Archives/edgar/data/0001665300/000162828021001557/xslF345X03/wf-form4_161256320729114.xml"}, {"form_type": "S-3", "filings_date": "2021-02-03", "url": "https://www.sec.gov/Archives/edgar/data/0001665300/000162828021001408/phun-20210203xformsx3.htm"}, {"form_type": "8-K", "filings_date": "2021-01-20", "url": "https://www.sec.gov/Archives/edgar/data/0001665300/000162828021000575/a20210119-nasdaqrecomplian.htm"}, {"form_type": "4", "filings_date": "2021-01-07", "url": "https://www.sec.gov/Archives/edgar/data/0001665300/000162828021000271/xslF345X03/wf-form4_161006423471987.xml"}, {"form_type": "4", "filings_date": "2021-01-07", "url": "https://www.sec.gov/Archives/edgar/data/0001665300/000162828021000270/xslF345X03/wf-form4_161006421267204.xml"}, {"form_type": "4", "filings_date": "2021-01-07", "url": "https://www.sec.gov/Archives/edgar/data/0001665300/000162828021000269/xslF345X03/wf-form4_161006419261809.xml"}, {"form_type": "4", "filings_date": "2021-01-07", "url": "https://www.sec.gov/Archives/edgar/data/0001665300/000162828021000268/xslF345X03/wf-form4_161006417125554.xml"}, {"form_type": "4", "filings_date": "2021-01-07", "url": "https://www.sec.gov/Archives/edgar/data/0001665300/000162828021000267/xslF345X03/wf-form4_161006414691577.xml"}, {"form_type": "4", "filings_date": "2021-01-07", "url": "https://www.sec.gov/Archives/edgar/data/0001665300/000162828021000266/xslF345X03/wf-form4_161006412276688.xml"}, {"form_type": "S-8", "filings_date": "2021-01-05", "url": "https://www.sec.gov/Archives/edgar/data/0001665300/000162828021000066/phun-20210105xformsx8.htm"}, {"form_type": "8-K/A", "filings_date": "2020-12-15", "url": "https://www.sec.gov/Archives/edgar/data/0001665300/000162828020017522/a20201214-amended8xkresult.htm"}, {"form_type": "8-K", "filings_date": "2020-12-10", "url": "https://www.sec.gov/Archives/edgar/data/0001665300/000162828020017342/a20201204-resultsofannualm.htm"}, {"form_type": "4", "filings_date": "2020-11-20", "url": "https://www.sec.gov/Archives/edgar/data/0001665300/000162828020016680/xslF345X03/wf-form4_160591018440742.xml"}, {"form_type": "4", "filings_date": "2020-11-20", "url": "https://www.sec.gov/Archives/edgar/data/0001665300/000162828020016679/xslF345X03/wf-form4_160591016448667.xml"}, {"form_type": "4", "filings_date": "2020-11-20", "url": "https://www.sec.gov/Archives/edgar/data/0001665300/000162828020016678/xslF345X03/wf-form4_160591014439986.xml"}, {"form_type": "4", "filings_date": "2020-11-20", "url": "https://www.sec.gov/Archives/edgar/data/0001665300/000162828020016677/xslF345X03/wf-form4_160591012716102.xml"}, {"form_type": "8-K", "filings_date": "2020-11-20", "url": "https://www.sec.gov/Archives/edgar/data/0001665300/000162828020016672/a20201120-nasdaq.htm"}, {"form_type": "10-Q", "filings_date": "2020-11-12", "url": "https://www.sec.gov/Archives/edgar/data/0001665300/000162828020016344/phun-20200930.htm"}, {"form_type": "8-K", "filings_date": "2020-11-09", "url": "https://www.sec.gov/Archives/edgar/data/0001665300/000162828020016111/a20201109-q32020erx8xk.htm"}, {"form_type": "EFFECT", "filings_date": "2020-10-27", "url": "https://www.sec.gov/Archives/edgar/data/0001665300/999999999520002989/xslEFFECTX01/primary_doc.xml"}, {"form_type": "CORRESP", "filings_date": "2020-10-23", "url": "https://www.sec.gov/Archives/edgar/data/0001665300/000162828020014733/filename1.htm"}, {"form_type": "DEFA14A", "filings_date": "2020-10-16", "url": "https://www.sec.gov/Archives/edgar/data/0001665300/000162828020014532/defa14a-proxy2020xnaa.htm"}, {"form_type": "DEF 14A", "filings_date": "2020-10-16", "url": "https://www.sec.gov/Archives/edgar/data/0001665300/000162828020014531/proxy2020annualstockholder.htm"}, {"form_type": "8-K", "filings_date": "2020-10-15", "url": "https://www.sec.gov/Archives/edgar/data/0001665300/000162828020014497/a20201009-ubersettleme.htm"}, {"form_type": "CORRESP", "filings_date": "2020-10-09", "url": "https://www.sec.gov/Archives/edgar/data/0001665300/000162828020014424/filename1.htm"}, {"form_type": "S-3/A", "filings_date": "2020-10-09", "url": "https://www.sec.gov/Archives/edgar/data/0001665300/000162828020014422/s-3a1x10082020.htm"}, {"form_type": "PRE 14A", "filings_date": "2020-10-05", "url": "https://www.sec.gov/Archives/edgar/data/0001665300/000162828020014295/proxy2020annualstockholder.htm"}, {"form_type": "UPLOAD", "filings_date": "2020-10-01", "url": "https://www.sec.gov/Archives/edgar/data/0001665300/000000000020009233/filename1.pdf"}, {"form_type": "EFFECT", "filings_date": "2020-09-11", "url": "https://www.sec.gov/Archives/edgar/data/0001665300/999999999520002423/xslEFFECTX01/primary_doc.xml"}, {"form_type": "POS AM", "filings_date": "2020-09-04", "url": "https://www.sec.gov/Archives/edgar/data/0001665300/000162828020013333/posamtoforms-3xjuly2020.htm"}, {"form_type": "S-3", "filings_date": "2020-09-04", "url": "https://www.sec.gov/Archives/edgar/data/0001665300/000162828020013330/phun-202007xconvertdeb.htm"}, {"form_type": "4", "filings_date": "2020-08-20", "url": "https://www.sec.gov/Archives/edgar/data/0001665300/000162828020012963/xslF345X03/wf-form4_159796559232776.xml"}, {"form_type": "4", "filings_date": "2020-08-20", "url": "https://www.sec.gov/Archives/edgar/data/0001665300/000162828020012962/xslF345X03/wf-form4_159796557628787.xml"}, {"form_type": "4", "filings_date": "2020-08-20", "url": "https://www.sec.gov/Archives/edgar/data/0001665300/000162828020012961/xslF345X03/wf-form4_159796555417165.xml"}, {"form_type": "4", "filings_date": "2020-08-20", "url": "https://www.sec.gov/Archives/edgar/data/0001665300/000162828020012960/xslF345X03/wf-form4_159796553762334.xml"}, {"form_type": "4", "filings_date": "2020-08-20", "url": "https://www.sec.gov/Archives/edgar/data/0001665300/000162828020012959/xslF345X03/wf-form4_159796552132144.xml"}, {"form_type": "4", "filings_date": "2020-08-20", "url": "https://www.sec.gov/Archives/edgar/data/0001665300/000162828020012958/xslF345X03/wf-form4_159796550550201.xml"}, {"form_type": "4", "filings_date": "2020-08-20", "url": "https://www.sec.gov/Archives/edgar/data/0001665300/000162828020012957/xslF345X03/wf-form4_159796548237531.xml"}, {"form_type": "4", "filings_date": "2020-08-20", "url": "https://www.sec.gov/Archives/edgar/data/0001665300/000162828020012956/xslF345X03/wf-form4_159796546420492.xml"}, {"form_type": "4", "filings_date": "2020-08-20", "url": "https://www.sec.gov/Archives/edgar/data/0001665300/000162828020012955/xslF345X03/wf-form4_159796544681176.xml"}, {"form_type": "4", "filings_date": "2020-08-20", "url": "https://www.sec.gov/Archives/edgar/data/0001665300/000162828020012954/xslF345X03/wf-form4_159796542753775.xml"}, {"form_type": "8-K/A", "filings_date": "2020-08-17", "url": "https://www.sec.gov/Archives/edgar/data/0001665300/000162828020012769/a20200817-ascendiantat.htm"}, {"form_type": "424B5", "filings_date": "2020-08-17", "url": "https://www.sec.gov/Archives/edgar/data/0001665300/000162828020012767/a424b5-ascendiant.htm"}, {"form_type": "8-K", "filings_date": "2020-08-14", "url": "https://www.sec.gov/Archives/edgar/data/0001665300/000162828020012740/a202008142-ascendianta.htm"}, {"form_type": "10-Q", "filings_date": "2020-08-14", "url": "https://www.sec.gov/Archives/edgar/data/0001665300/000162828020012736/phun-20200630.htm"}, {"form_type": "8-K", "filings_date": "2020-08-14", "url": "https://www.sec.gov/Archives/edgar/data/0001665300/000162828020012727/a20200814-q22020erx8xk.htm"}, {"form_type": "D", "filings_date": "2020-07-22", "url": "https://www.sec.gov/Archives/edgar/data/0001665300/000169882020000004/xslFormDX01/primary_doc.xml"}, {"form_type": "8-K", "filings_date": "2020-07-16", "url": "https://www.sec.gov/Archives/edgar/data/0001665300/000162828020010351/a20200715-convertibled.htm"}, {"form_type": "424B8", "filings_date": "2020-06-12", "url": "https://www.sec.gov/Archives/edgar/data/0001665300/000162828020009337/a424b8no13-06122020.htm"}, {"form_type": "8-K", "filings_date": "2020-06-04", "url": "https://www.sec.gov/Archives/edgar/data/0001665300/000162828020008998/a20200604-nasdaqcompli.htm"}, {"form_type": "4", "filings_date": "2020-05-29", "url": "https://www.sec.gov/Archives/edgar/data/0001665300/000162828020008699/xslF345X03/wf-form4_159079109000325.xml"}, {"form_type": "4", "filings_date": "2020-05-22", "url": "https://www.sec.gov/Archives/edgar/data/0001665300/000162828020008321/xslF345X03/wf-form4_159018757043935.xml"}, {"form_type": "424B3", "filings_date": "2020-05-22", "url": "https://www.sec.gov/Archives/edgar/data/0001665300/000162828020008299/prospectus424b3no12.htm"}, {"form_type": "8-K", "filings_date": "2020-05-22", "url": "https://www.sec.gov/Archives/edgar/data/0001665300/000162828020008296/a20200520-nasdaq2.htm"}, {"form_type": "4", "filings_date": "2020-05-20", "url": "https://www.sec.gov/Archives/edgar/data/0001665300/000162828020008160/xslF345X03/wf-form4_159001708906064.xml"}, {"form_type": "4", "filings_date": "2020-05-20", "url": "https://www.sec.gov/Archives/edgar/data/0001665300/000162828020008159/xslF345X03/wf-form4_159001706609073.xml"}, {"form_type": "4", "filings_date": "2020-05-20", "url": "https://www.sec.gov/Archives/edgar/data/0001665300/000162828020008158/xslF345X03/wf-form4_159001704438531.xml"}, {"form_type": "4", "filings_date": "2020-05-20", "url": "https://www.sec.gov/Archives/edgar/data/0001665300/000162828020008157/xslF345X03/wf-form4_159001702317850.xml"}, {"form_type": "4", "filings_date": "2020-05-20", "url": "https://www.sec.gov/Archives/edgar/data/0001665300/000162828020008156/xslF345X03/wf-form4_159001700008681.xml"}, {"form_type": "4", "filings_date": "2020-05-20", "url": "https://www.sec.gov/Archives/edgar/data/0001665300/000162828020008155/xslF345X03/wf-form4_159001697701909.xml"}, {"form_type": "4", "filings_date": "2020-05-20", "url": "https://www.sec.gov/Archives/edgar/data/0001665300/000162828020008154/xslF345X03/wf-form4_159001695437157.xml"}, {"form_type": "4", "filings_date": "2020-05-20", "url": "https://www.sec.gov/Archives/edgar/data/0001665300/000162828020008153/xslF345X03/wf-form4_159001693277004.xml"}, {"form_type": "4", "filings_date": "2020-05-20", "url": "https://www.sec.gov/Archives/edgar/data/0001665300/000162828020008152/xslF345X03/wf-form4_159001691128577.xml"}, {"form_type": "4", "filings_date": "2020-05-20", "url": "https://www.sec.gov/Archives/edgar/data/0001665300/000162828020008151/xslF345X03/wf-form4_159001688876117.xml"}, {"form_type": "3/A", "filings_date": "2020-05-20", "url": "https://www.sec.gov/Archives/edgar/data/0001665300/000162828020008140/xslF345X02/wf-form3a_159001652714894.xml"}, {"form_type": "10-Q", "filings_date": "2020-05-15", "url": "https://www.sec.gov/Archives/edgar/data/0001665300/000162828020007915/phun-20200331.htm"}, {"form_type": "8-K", "filings_date": "2020-05-15", "url": "https://www.sec.gov/Archives/edgar/data/0001665300/000162828020007901/a20200515-q12020erx8xk.htm"}, {"form_type": "424B8", "filings_date": "2020-05-07", "url": "https://www.sec.gov/Archives/edgar/data/0001665300/000162828020007006/prospectus424b8no11.htm"}, {"form_type": "4", "filings_date": "2020-05-05", "url": "https://www.sec.gov/Archives/edgar/data/0001665300/000162828020006473/xslF345X03/wf-form4_158871210632935.xml"}, {"form_type": "EFFECT", "filings_date": "2020-05-04", "url": "https://www.sec.gov/Archives/edgar/data/0001665300/999999999520001025/xslEFFECTX01/primary_doc.xml"}, {"form_type": "424B3", "filings_date": "2020-05-04", "url": "https://www.sec.gov/Archives/edgar/data/0001665300/000162828020006248/phun-202004x424b3x05042020.htm"}, {"form_type": "CORRESP", "filings_date": "2020-04-29", "url": "https://www.sec.gov/Archives/edgar/data/0001665300/000162828020005890/filename1.htm"}, {"form_type": "10-K/A", "filings_date": "2020-04-29", "url": "https://www.sec.gov/Archives/edgar/data/0001665300/000162828020005857/phun-20191231.htm"}, {"form_type": "UPLOAD", "filings_date": "2020-04-21", "url": "https://www.sec.gov/Archives/edgar/data/0001665300/000000000020003413/filename1.pdf"}, {"form_type": "8-K", "filings_date": "2020-04-17", "url": "https://www.sec.gov/Archives/edgar/data/0001665300/000162828020005120/a20200417-nasdaq.htm"}, {"form_type": "8-K", "filings_date": "2020-04-16", "url": "https://www.sec.gov/Archives/edgar/data/0001665300/000162828020005070/a20200414-ppp.htm"}, {"form_type": "S-3", "filings_date": "2020-04-13", "url": "https://www.sec.gov/Archives/edgar/data/0001665300/000162828020004874/phun-202004xformsx3.htm"}, {"form_type": "424B3", "filings_date": "2020-04-06", "url": "https://www.sec.gov/Archives/edgar/data/0001665300/000162828020004681/prospectus424b3no10.htm"}, {"form_type": "D", "filings_date": "2020-04-02", "url": "https://www.sec.gov/Archives/edgar/data/0001665300/000169882020000001/xslFormDX01/primary_doc.xml"}, {"form_type": "8-K", "filings_date": "2020-04-01", "url": "https://www.sec.gov/Archives/edgar/data/0001665300/000162828020004466/a20200327-variousitems.htm"}, {"form_type": "424B3", "filings_date": "2020-03-30", "url": "https://www.sec.gov/Archives/edgar/data/0001665300/000162828020004380/prospectus424b3no9.htm"}, {"form_type": "10-K", "filings_date": "2020-03-30", "url": "https://www.sec.gov/Archives/edgar/data/0001665300/000162828020004377/phun-20191231.htm"}, {"form_type": "8-K", "filings_date": "2020-03-23", "url": "https://www.sec.gov/Archives/edgar/data/0001665300/000162828020003891/a20200320-structuredfi.htm"}, {"form_type": "4", "filings_date": "2020-02-27", "url": "https://www.sec.gov/Archives/edgar/data/0001665300/000162828020002477/xslF345X03/wf-form4_158284476408665.xml"}, {"form_type": "4", "filings_date": "2020-02-27", "url": "https://www.sec.gov/Archives/edgar/data/0001665300/000162828020002476/xslF345X03/wf-form4_158284474300208.xml"}, {"form_type": "4", "filings_date": "2020-02-27", "url": "https://www.sec.gov/Archives/edgar/data/0001665300/000162828020002475/xslF345X03/wf-form4_158284472244748.xml"}, {"form_type": "4", "filings_date": "2020-02-27", "url": "https://www.sec.gov/Archives/edgar/data/0001665300/000162828020002474/xslF345X03/wf-form4_158284470152114.xml"}, {"form_type": "4", "filings_date": "2020-02-27", "url": "https://www.sec.gov/Archives/edgar/data/0001665300/000162828020002473/xslF345X03/wf-form4_158284468059219.xml"}, {"form_type": "S-8", "filings_date": "2020-01-29", "url": "https://www.sec.gov/Archives/edgar/data/0001665300/000162828020000675/phun-20200129xformsx8.htm"}, {"form_type": "EFFECT", "filings_date": "2020-01-23", "url": "https://www.sec.gov/Archives/edgar/data/0001665300/999999999520000147/xslEFFECTX01/primary_doc.xml"}, {"form_type": "CORRESP", "filings_date": "2020-01-21", "url": "https://www.sec.gov/Archives/edgar/data/0001665300/000162828020000444/filename1.htm"}, {"form_type": "424B8", "filings_date": "2020-01-17", "url": "https://www.sec.gov/Archives/edgar/data/0001665300/000162828020000389/prospectus424b8no8.htm"}, {"form_type": "UPLOAD", "filings_date": "2020-01-17", "url": "https://www.sec.gov/Archives/edgar/data/0001665300/000000000020000472/filename1.pdf"}, {"form_type": "S-3", "filings_date": "2020-01-10", "url": "https://www.sec.gov/Archives/edgar/data/0001665300/000162828020000288/phun-20200110xformsx3.htm"}, {"form_type": "8-K", "filings_date": "2020-01-10", "url": "https://www.sec.gov/Archives/edgar/data/0001665300/000162828020000266/phun-20200110xstockhol.htm"}, {"form_type": "3", "filings_date": "2020-01-06", "url": "https://www.sec.gov/Archives/edgar/data/0001665300/000162828020000167/xslF345X02/wf-form3_157835344211361.xml"}, {"form_type": "8-K", "filings_date": "2020-01-02", "url": "https://www.sec.gov/Archives/edgar/data/0001665300/000162828020000012/phun-20200102xblythebo.htm"}, {"form_type": "4", "filings_date": "2019-12-30", "url": "https://www.sec.gov/Archives/edgar/data/0001665300/000162828019015361/xslF345X03/wf-form4_157774747249097.xml"}, {"form_type": "4", "filings_date": "2019-12-30", "url": "https://www.sec.gov/Archives/edgar/data/0001665300/000162828019015360/xslF345X03/wf-form4_157774744714228.xml"}, {"form_type": "4", "filings_date": "2019-12-30", "url": "https://www.sec.gov/Archives/edgar/data/0001665300/000162828019015359/xslF345X03/wf-form4_157774742400414.xml"}, {"form_type": "424B8", "filings_date": "2019-12-18", "url": "https://www.sec.gov/Archives/edgar/data/0001665300/000162828019015206/prospecutus424b8no7.htm"}, {"form_type": "4", "filings_date": "2019-12-12", "url": "https://www.sec.gov/Archives/edgar/data/0001665300/000162828019015022/xslF345X03/wf-form4_157618908863697.xml"}, {"form_type": "3", "filings_date": "2019-12-12", "url": "https://www.sec.gov/Archives/edgar/data/0001665300/000162828019015019/xslF345X02/wf-form3_157618816542009.xml"}, {"form_type": "8-K", "filings_date": "2019-12-11", "url": "https://www.sec.gov/Archives/edgar/data/0001665300/000162828019014976/phun-20191209xresultso.htm"}, {"form_type": "4", "filings_date": "2019-12-09", "url": "https://www.sec.gov/Archives/edgar/data/0001665300/000162828019014890/xslF345X03/wf-form4_157593415451868.xml"}, {"form_type": "4", "filings_date": "2019-12-09", "url": "https://www.sec.gov/Archives/edgar/data/0001665300/000162828019014889/xslF345X03/wf-form4_157593413007301.xml"}, {"form_type": "4", "filings_date": "2019-12-09", "url": "https://www.sec.gov/Archives/edgar/data/0001665300/000162828019014888/xslF345X03/wf-form4_157593410656159.xml"}, {"form_type": "4", "filings_date": "2019-12-09", "url": "https://www.sec.gov/Archives/edgar/data/0001665300/000162828019014887/xslF345X03/wf-form4_157593408180296.xml"}, {"form_type": "4", "filings_date": "2019-11-29", "url": "https://www.sec.gov/Archives/edgar/data/0001665300/000162828019014601/xslF345X03/wf-form4_157505367782076.xml"}, {"form_type": "4", "filings_date": "2019-11-29", "url": "https://www.sec.gov/Archives/edgar/data/0001665300/000162828019014600/xslF345X03/wf-form4_157505365457660.xml"}, {"form_type": "4", "filings_date": "2019-11-29", "url": "https://www.sec.gov/Archives/edgar/data/0001665300/000162828019014599/xslF345X03/wf-form4_157505363279978.xml"}, {"form_type": "4", "filings_date": "2019-11-29", "url": "https://www.sec.gov/Archives/edgar/data/0001665300/000162828019014598/xslF345X03/wf-form4_157505360268956.xml"}, {"form_type": "4", "filings_date": "2019-11-29", "url": "https://www.sec.gov/Archives/edgar/data/0001665300/000162828019014597/xslF345X03/wf-form4_157505357921906.xml"}, {"form_type": "424B3", "filings_date": "2019-11-21", "url": "https://www.sec.gov/Archives/edgar/data/0001665300/000162828019014408/prospectus424b3no6.htm"}, {"form_type": "8-K", "filings_date": "2019-11-21", "url": "https://www.sec.gov/Archives/edgar/data/0001665300/000162828019014398/phun-20191121xinitialn.htm"}, {"form_type": "8-K", "filings_date": "2019-11-15", "url": "https://www.sec.gov/Archives/edgar/data/0001665300/000162828019014278/phun-2019q3earningsrel.htm"}, {"form_type": "4", "filings_date": "2019-11-15", "url": "https://www.sec.gov/Archives/edgar/data/0001665300/000162828019014264/xslF345X03/wf-form4_157381936755535.xml"}, {"form_type": "4", "filings_date": "2019-11-15", "url": "https://www.sec.gov/Archives/edgar/data/0001665300/000162828019014263/xslF345X03/wf-form4_157381934628050.xml"}, {"form_type": "10-Q", "filings_date": "2019-11-14", "url": "https://www.sec.gov/Archives/edgar/data/0001665300/000162828019014220/phun-20190930.htm"}, {"form_type": "424B3", "filings_date": "2019-10-22", "url": "https://www.sec.gov/Archives/edgar/data/0001665300/000162828019012442/a20191021424b3-def14a.htm"}, {"form_type": "DEFA14A", "filings_date": "2019-10-18", "url": "https://www.sec.gov/Archives/edgar/data/0001665300/000162828019012408/phun-20191018proxy2019defa.htm"}, {"form_type": "DEF 14A", "filings_date": "2019-10-18", "url": "https://www.sec.gov/Archives/edgar/data/0001665300/000162828019012406/phun-20191018proxy2019.htm"}, {"form_type": "424B3", "filings_date": "2019-10-04", "url": "https://www.sec.gov/Archives/edgar/data/0001665300/000162828019012156/phun-20191004x424b3no4.htm"}, {"form_type": "8-K", "filings_date": "2019-10-04", "url": "https://www.sec.gov/Archives/edgar/data/0001665300/000162828019012153/phun-20191004xform8xkxfox.htm"}, {"form_type": "4", "filings_date": "2019-08-22", "url": "https://www.sec.gov/Archives/edgar/data/0001665300/000162828019011126/xslF345X03/wf-form4_156650847079672.xml"}, {"form_type": "4", "filings_date": "2019-08-21", "url": "https://www.sec.gov/Archives/edgar/data/0001665300/000162828019011081/xslF345X03/wf-form4_156642728316828.xml"}, {"form_type": "4", "filings_date": "2019-08-21", "url": "https://www.sec.gov/Archives/edgar/data/0001665300/000162828019011076/xslF345X03/wf-form4_156642234398904.xml"}, {"form_type": "424B3", "filings_date": "2019-08-20", "url": "https://www.sec.gov/Archives/edgar/data/0001665300/000162828019011011/phun-20190820x424b3no3.htm"}, {"form_type": "8-K", "filings_date": "2019-08-20", "url": "https://www.sec.gov/Archives/edgar/data/0001665300/000162828019011005/phun-20190820xform8xk.htm"}, {"form_type": "4", "filings_date": "2019-08-19", "url": "https://www.sec.gov/Archives/edgar/data/0001665300/000162828019010961/xslF345X03/wf-form4_156625034723662.xml"}, {"form_type": "424B3", "filings_date": "2019-08-19", "url": "https://www.sec.gov/Archives/edgar/data/0001665300/000162828019010957/phun-20190630x10qprospectu.htm"}, {"form_type": "4", "filings_date": "2019-08-16", "url": "https://www.sec.gov/Archives/edgar/data/0001665300/000162828019010872/xslF345X03/wf-form4_156598590799071.xml"}, {"form_type": "4", "filings_date": "2019-08-15", "url": "https://www.sec.gov/Archives/edgar/data/0001665300/000162828019010831/xslF345X03/wf-form4_156590045973989.xml"}, {"form_type": "4", "filings_date": "2019-08-15", "url": "https://www.sec.gov/Archives/edgar/data/0001665300/000162828019010830/xslF345X03/wf-form4_156590043953224.xml"}, {"form_type": "8-K", "filings_date": "2019-08-14", "url": "https://www.sec.gov/Archives/edgar/data/0001665300/000162828019010703/phun-20190813x8k.htm"}, {"form_type": "10-Q", "filings_date": "2019-08-13", "url": "https://www.sec.gov/Archives/edgar/data/0001665300/000162828019010693/phun-20190630x10q.htm"}, {"form_type": "4", "filings_date": "2019-07-31", "url": "https://www.sec.gov/Archives/edgar/data/0001665300/000162828019009496/xslF345X03/wf-form4_156460850903771.xml"}, {"form_type": "4", "filings_date": "2019-07-31", "url": "https://www.sec.gov/Archives/edgar/data/0001665300/000162828019009495/xslF345X03/wf-form4_156460848896590.xml"}, {"form_type": "4", "filings_date": "2019-07-31", "url": "https://www.sec.gov/Archives/edgar/data/0001665300/000162828019009494/xslF345X03/wf-form4_156460846809144.xml"}, {"form_type": "424B8", "filings_date": "2019-06-25", "url": "https://www.sec.gov/Archives/edgar/data/0001665300/000121390019011364/f424b8062419_phunwareinc.htm"}, {"form_type": "8-K", "filings_date": "2019-06-05", "url": "https://www.sec.gov/Archives/edgar/data/0001665300/000121390019010058/f8k060319_phunwareinc.htm"}, {"form_type": "D", "filings_date": "2019-06-03", "url": "https://www.sec.gov/Archives/edgar/data/0001665300/000144647219000001/xslFormDX01/primary_doc.xml"}, {"form_type": "4", "filings_date": "2019-05-24", "url": "https://www.sec.gov/Archives/edgar/data/0001665300/000121390019009606/xslF345X03/ownership.xml"}, {"form_type": "4", "filings_date": "2019-05-24", "url": "https://www.sec.gov/Archives/edgar/data/0001665300/000121390019009604/xslF345X03/ownership.xml"}, {"form_type": "4", "filings_date": "2019-05-24", "url": "https://www.sec.gov/Archives/edgar/data/0001665300/000121390019009602/xslF345X03/ownership.xml"}, {"form_type": "4", "filings_date": "2019-05-24", "url": "https://www.sec.gov/Archives/edgar/data/0001665300/000121390019009599/xslF345X03/ownership.xml"}, {"form_type": "4", "filings_date": "2019-05-24", "url": "https://www.sec.gov/Archives/edgar/data/0001665300/000121390019009597/xslF345X03/ownership.xml"}, {"form_type": "4", "filings_date": "2019-05-24", "url": "https://www.sec.gov/Archives/edgar/data/0001665300/000121390019009595/xslF345X03/ownership.xml"}, {"form_type": "4", "filings_date": "2019-05-24", "url": "https://www.sec.gov/Archives/edgar/data/0001665300/000121390019009593/xslF345X03/ownership.xml"}, {"form_type": "8-K", "filings_date": "2019-05-20", "url": "https://www.sec.gov/Archives/edgar/data/0001665300/000121390019009241/f8k051519_phunwareinc.htm"}, {"form_type": "10-Q", "filings_date": "2019-05-15", "url": "https://www.sec.gov/Archives/edgar/data/0001665300/000121390019008896/f10q0319_phunwareinc.htm"}, {"form_type": "EFFECT", "filings_date": "2019-05-14", "url": "https://www.sec.gov/Archives/edgar/data/0001665300/999999999519001111/xslEFFECTX01/primary_doc.xml"}, {"form_type": "424B3", "filings_date": "2019-05-14", "url": "https://www.sec.gov/Archives/edgar/data/0001665300/000121390019008612/f424b3051419_phunwareinc.htm"}, {"form_type": "CORRESP", "filings_date": "2019-05-13", "url": "https://www.sec.gov/Archives/edgar/data/0001665300/000121390019008480/filename1.htm"}, {"form_type": "CORRESP", "filings_date": "2019-05-03", "url": "https://www.sec.gov/Archives/edgar/data/0001665300/000121390019007824/filename1.htm"}, {"form_type": "S-1/A", "filings_date": "2019-05-03", "url": "https://www.sec.gov/Archives/edgar/data/0001665300/000121390019007819/fs12019a4_phunwareinc.htm"}, {"form_type": "10-K/A", "filings_date": "2019-04-30", "url": "https://www.sec.gov/Archives/edgar/data/0001665300/000121390019007463/f10k2018a1_phunwareinc.htm"}, {"form_type": "S-8", "filings_date": "2019-04-29", "url": "https://www.sec.gov/Archives/edgar/data/0001665300/000121390019007305/fs82019_phunwareinc.htm"}, {"form_type": "8-K/A", "filings_date": "2019-04-15", "url": "https://www.sec.gov/Archives/edgar/data/0001665300/000121390019006304/f8k041219a1_phunwareinc.htm"}, {"form_type": "8-K", "filings_date": "2019-04-12", "url": "https://www.sec.gov/Archives/edgar/data/0001665300/000121390019006298/f8k041219_phunwareinc.htm"}, {"form_type": "UPLOAD", "filings_date": "2019-04-12", "url": "https://www.sec.gov/Archives/edgar/data/0001665300/000000000019007087/filename1.pdf"}, {"form_type": "CORRESP", "filings_date": "2019-04-08", "url": "https://www.sec.gov/Archives/edgar/data/0001665300/000121390019005987/filename1.htm"}, {"form_type": "S-1/A", "filings_date": "2019-04-08", "url": "https://www.sec.gov/Archives/edgar/data/0001665300/000121390019005985/fs12019a3_phunwareinc.htm"}, {"form_type": "UPLOAD", "filings_date": "2019-04-04", "url": "https://www.sec.gov/Archives/edgar/data/0001665300/000000000019006577/filename1.pdf"}, {"form_type": "4", "filings_date": "2019-03-25", "url": "https://www.sec.gov/Archives/edgar/data/0001665300/000121390019004814/xslF345X03/ownership.xml"}, {"form_type": "4", "filings_date": "2019-03-25", "url": "https://www.sec.gov/Archives/edgar/data/0001665300/000121390019004812/xslF345X03/ownership.xml"}, {"form_type": "4", "filings_date": "2019-03-25", "url": "https://www.sec.gov/Archives/edgar/data/0001665300/000121390019004810/xslF345X03/ownership.xml"}, {"form_type": "4", "filings_date": "2019-03-25", "url": "https://www.sec.gov/Archives/edgar/data/0001665300/000121390019004808/xslF345X03/ownership.xml"}, {"form_type": "4", "filings_date": "2019-03-25", "url": "https://www.sec.gov/Archives/edgar/data/0001665300/000121390019004806/xslF345X03/ownership.xml"}, {"form_type": "4", "filings_date": "2019-03-25", "url": "https://www.sec.gov/Archives/edgar/data/0001665300/000121390019004804/xslF345X03/ownership.xml"}, {"form_type": "8-K", "filings_date": "2019-03-21", "url": "https://www.sec.gov/Archives/edgar/data/0001665300/000121390019004578/f8k032018_phunwareinc.htm"}, {"form_type": "S-1/A", "filings_date": "2019-03-21", "url": "https://www.sec.gov/Archives/edgar/data/0001665300/000121390019004576/fs12019a2_phunwareinc.htm"}, {"form_type": "S-1/A", "filings_date": "2019-03-20", "url": "https://www.sec.gov/Archives/edgar/data/0001665300/000121390019004504/fs12019a1_phunwareinc.htm"}, {"form_type": "10-K", "filings_date": "2019-03-20", "url": "https://www.sec.gov/Archives/edgar/data/0001665300/000121390019004502/f10k2018b_phunwareinc.htm"}, {"form_type": "CORRESP", "filings_date": "2019-03-19", "url": "https://www.sec.gov/Archives/edgar/data/0001665300/000121390019004506/filename1.htm"}, {"form_type": "8-K", "filings_date": "2019-03-08", "url": "https://www.sec.gov/Archives/edgar/data/0001665300/000121390019003866/f8k030618_phunwareinc.htm"}, {"form_type": "10-K", "filings_date": "2019-03-06", "url": "https://www.sec.gov/Archives/edgar/data/0001665300/000121390019003625/f10k2018_phunwareinc.htm"}, {"form_type": "UPLOAD", "filings_date": "2019-03-05", "url": "https://www.sec.gov/Archives/edgar/data/0001665300/000000000019003921/filename1.pdf"}, {"form_type": "NT 10-K", "filings_date": "2019-03-01", "url": "https://www.sec.gov/Archives/edgar/data/0001665300/000121390019003363/extf10k2018_phunwareinc.htm"}, {"form_type": "4/A", "filings_date": "2019-02-14", "url": "https://www.sec.gov/Archives/edgar/data/0001665300/000121390019002596/xslF345X03/ownership.xml"}, {"form_type": "4/A", "filings_date": "2019-02-14", "url": "https://www.sec.gov/Archives/edgar/data/0001665300/000121390019002592/xslF345X03/ownership.xml"}, {"form_type": "SC 13G/A", "filings_date": "2019-02-14", "url": "https://www.sec.gov/Archives/edgar/data/0001665300/000149315219001938/sc13ga.htm"}, {"form_type": "S-1", "filings_date": "2019-02-05", "url": "https://www.sec.gov/Archives/edgar/data/0001665300/000121390019001716/fs12019_phunwareinc.htm"}, {"form_type": "8-K", "filings_date": "2019-01-15", "url": "https://www.sec.gov/Archives/edgar/data/0001665300/000121390019000757/f8k011519_phunwareinc.htm"}, {"form_type": "8-K", "filings_date": "2019-01-11", "url": "https://www.sec.gov/Archives/edgar/data/0001665300/000121390019000595/f8k011119_phunware.htm"}, {"form_type": "SC 13G/A", "filings_date": "2019-01-04", "url": "https://www.sec.gov/Archives/edgar/data/0001665300/000139382519000003/phun_13ga.htm"}, {"form_type": "SC 13G", "filings_date": "2019-01-03", "url": "https://www.sec.gov/Archives/edgar/data/0001665300/000090514819000007/efc19-012_fmsc13g.htm"}, {"form_type": "3", "filings_date": "2019-01-02", "url": "https://www.sec.gov/Archives/edgar/data/0001665300/000121390019000047/xslF345X02/ownership.xml"}, {"form_type": "3", "filings_date": "2019-01-02", "url": "https://www.sec.gov/Archives/edgar/data/0001665300/000121390019000046/xslF345X02/ownership.xml"}, {"form_type": "3", "filings_date": "2019-01-02", "url": "https://www.sec.gov/Archives/edgar/data/0001665300/000121390019000045/xslF345X02/ownership.xml"}, {"form_type": "3", "filings_date": "2019-01-02", "url": "https://www.sec.gov/Archives/edgar/data/0001665300/000121390019000044/xslF345X02/ownership.xml"}, {"form_type": "3", "filings_date": "2019-01-02", "url": "https://www.sec.gov/Archives/edgar/data/0001665300/000121390019000043/xslF345X02/ownership.xml"}, {"form_type": "3", "filings_date": "2019-01-02", "url": "https://www.sec.gov/Archives/edgar/data/0001665300/000121390019000038/xslF345X02/ownership.xml"}, {"form_type": "3", "filings_date": "2019-01-02", "url": "https://www.sec.gov/Archives/edgar/data/0001665300/000121390019000036/xslF345X02/ownership.xml"}, {"form_type": "8-K", "filings_date": "2019-01-02", "url": "https://www.sec.gov/Archives/edgar/data/0001665300/000121390019000027/f8k122618_phunwareinc.htm"}, {"form_type": "4", "filings_date": "2018-12-28", "url": "https://www.sec.gov/Archives/edgar/data/0001665300/000121390018018009/xslF345X03/ownership.xml"}, {"form_type": "4", "filings_date": "2018-12-28", "url": "https://www.sec.gov/Archives/edgar/data/0001665300/000121390018018008/xslF345X03/ownership.xml"}, {"form_type": "8-K", "filings_date": "2018-12-28", "url": "https://www.sec.gov/Archives/edgar/data/0001665300/000121390018017930/f8k122718_phunwareinc.htm"}, {"form_type": "25-NSE", "filings_date": "2018-12-27", "url": "https://www.sec.gov/Archives/edgar/data/0001665300/000135445718000543/xslF25X02/primary_doc.xml"}, {"form_type": "8-K", "filings_date": "2018-12-24", "url": "https://www.sec.gov/Archives/edgar/data/0001665300/000121390018017758/f8k122118_stellaracq3.htm"}, {"form_type": "8-K", "filings_date": "2018-12-17", "url": "https://www.sec.gov/Archives/edgar/data/0001665300/000121390018017393/f8k122118_stellaracq.htm"}, {"form_type": "425", "filings_date": "2018-12-17", "url": "https://www.sec.gov/Archives/edgar/data/0001665300/000121390018017394/f8k122118_stellaracq.htm"}, {"form_type": "8-K", "filings_date": "2018-12-03", "url": "https://www.sec.gov/Archives/edgar/data/0001665300/000121390018016856/f8k113018_stellaracqis3.htm"}, {"form_type": "425", "filings_date": "2018-12-03", "url": "https://www.sec.gov/Archives/edgar/data/0001665300/000121390018016857/f8k113018_stellaracqis3.htm"}, {"form_type": "424B3", "filings_date": "2018-11-14", "url": "https://www.sec.gov/Archives/edgar/data/0001665300/000121390018015809/f424b3111318_stellar.htm"}, {"form_type": "EFFECT", "filings_date": "2018-11-13", "url": "https://www.sec.gov/Archives/edgar/data/0001665300/999999999518002870/xslEFFECTX01/primary_doc.xml"}, {"form_type": "CORRESP", "filings_date": "2018-11-13", "url": "https://www.sec.gov/Archives/edgar/data/0001665300/000121390018015457/filename1.htm"}, {"form_type": "CORRESP", "filings_date": "2018-11-13", "url": "https://www.sec.gov/Archives/edgar/data/0001665300/000121390018015452/filename1.htm"}, {"form_type": "S-4/A", "filings_date": "2018-11-13", "url": "https://www.sec.gov/Archives/edgar/data/0001665300/000121390018015448/fs42018a5_stellaracq3.htm"}, {"form_type": "8-K", "filings_date": "2018-11-06", "url": "https://www.sec.gov/Archives/edgar/data/0001665300/000121390018014928/f8k110118_stellaracquisition.htm"}, {"form_type": "425", "filings_date": "2018-11-06", "url": "https://www.sec.gov/Archives/edgar/data/0001665300/000121390018014929/f8k110118_stellaracquisition.htm"}, {"form_type": "S-4/A", "filings_date": "2018-11-06", "url": "https://www.sec.gov/Archives/edgar/data/0001665300/000121390018014927/fs42018a4_stellaracq3.htm"}, {"form_type": "CORRESP", "filings_date": "2018-11-02", "url": "https://www.sec.gov/Archives/edgar/data/0001665300/000121390018014828/filename1.htm"}, {"form_type": "UPLOAD", "filings_date": "2018-10-24", "url": "https://www.sec.gov/Archives/edgar/data/0001665300/000000000018033362/filename1.pdf"}, {"form_type": "10-Q", "filings_date": "2018-10-15", "url": "https://www.sec.gov/Archives/edgar/data/0001665300/000121390018013919/f10q0818_stellaracq3.htm"}, {"form_type": "CORRESP", "filings_date": "2018-10-09", "url": "https://www.sec.gov/Archives/edgar/data/0001665300/000121390018013685/filename1.htm"}, {"form_type": "UPLOAD", "filings_date": "2018-10-03", "url": "https://www.sec.gov/Archives/edgar/data/0001665300/000000000018031196/filename1.pdf"}, {"form_type": "CORRESP", "filings_date": "2018-10-02", "url": "https://www.sec.gov/Archives/edgar/data/0001665300/000121390018013354/filename1.htm"}, {"form_type": "S-4/A", "filings_date": "2018-10-02", "url": "https://www.sec.gov/Archives/edgar/data/0001665300/000121390018013351/fs42018a3_stellaracq3.htm"}, {"form_type": "UPLOAD", "filings_date": "2018-09-18", "url": "https://www.sec.gov/Archives/edgar/data/0001665300/000000000018029291/filename1.pdf"}, {"form_type": "8-K", "filings_date": "2018-08-24", "url": "https://www.sec.gov/Archives/edgar/data/0001665300/000121390018011700/f8k082218_stellaracq3.htm"}, {"form_type": "CORRESP", "filings_date": "2018-08-15", "url": "https://www.sec.gov/Archives/edgar/data/0001665300/000121390018011111/filename1.htm"}, {"form_type": "CORRESP", "filings_date": "2018-08-15", "url": "https://www.sec.gov/Archives/edgar/data/0001665300/000121390018011109/filename1.htm"}, {"form_type": "S-4/A", "filings_date": "2018-08-15", "url": "https://www.sec.gov/Archives/edgar/data/0001665300/000121390018011107/fs42018a2_stellaracq3.htm"}, {"form_type": "DEF 14A", "filings_date": "2018-08-06", "url": "https://www.sec.gov/Archives/edgar/data/0001665300/000121390018010246/def14a0818_stellaracq3.htm"}, {"form_type": "PRE 14A", "filings_date": "2018-07-27", "url": "https://www.sec.gov/Archives/edgar/data/0001665300/000121390018009778/pre14a0718_stellaracq3.htm"}, {"form_type": "UPLOAD", "filings_date": "2018-07-19", "url": "https://www.sec.gov/Archives/edgar/data/0001665300/000000000018022204/filename1.pdf"}, {"form_type": "10-Q", "filings_date": "2018-07-13", "url": "https://www.sec.gov/Archives/edgar/data/0001665300/000121390018009180/f10q0518_stellaracq3.htm"}, {"form_type": "425", "filings_date": "2018-06-29", "url": "https://www.sec.gov/Archives/edgar/data/0001665300/000121390018008464/f8k062818_stellaracq3inc.htm"}, {"form_type": "8-K", "filings_date": "2018-06-29", "url": "https://www.sec.gov/Archives/edgar/data/0001665300/000121390018008462/f8k062818_stellaracq3inc.htm"}, {"form_type": "S-4/A", "filings_date": "2018-06-11", "url": "https://www.sec.gov/Archives/edgar/data/0001665300/000121390018007450/fs42018a1_stellaracq3.htm"}, {"form_type": "CORRESP", "filings_date": "2018-06-08", "url": "https://www.sec.gov/Archives/edgar/data/0001665300/000121390018007451/filename1.htm"}, {"form_type": "3", "filings_date": "2018-06-01", "url": "https://www.sec.gov/Archives/edgar/data/0001665300/000090266418002449/xslF345X02/p18-1257form3.xml"}, {"form_type": "SC 13G", "filings_date": "2018-06-01", "url": "https://www.sec.gov/Archives/edgar/data/0001665300/000090266418002448/p18-1259sc13g.htm"}, {"form_type": "8-K", "filings_date": "2018-05-24", "url": "https://www.sec.gov/Archives/edgar/data/0001665300/000121390018006837/f8k052218_stellaracq3.htm"}, {"form_type": "8-K", "filings_date": "2018-05-15", "url": "https://www.sec.gov/Archives/edgar/data/0001665300/000121390018006154/f8k051418_stellaracq.htm"}, {"form_type": "UPLOAD", "filings_date": "2018-05-14", "url": "https://www.sec.gov/Archives/edgar/data/0001665300/000000000018014927/filename1.pdf"}, {"form_type": "DEFA14A", "filings_date": "2018-05-11", "url": "https://www.sec.gov/Archives/edgar/data/0001665300/000121390018005989/defa14a0518_stellaracq3.htm"}, {"form_type": "UPLOAD", "filings_date": "2018-05-04", "url": "https://www.sec.gov/Archives/edgar/data/0001665300/000000000018013922/filename1.pdf"}, {"form_type": "DEF 14A", "filings_date": "2018-05-03", "url": "https://www.sec.gov/Archives/edgar/data/0001665300/000121390018005488/def14a0418_stellaracq3.htm"}, {"form_type": "CORRESP", "filings_date": "2018-04-27", "url": "https://www.sec.gov/Archives/edgar/data/0001665300/000121390018005065/filename1.htm"}, {"form_type": "10-K/A", "filings_date": "2018-04-27", "url": "https://www.sec.gov/Archives/edgar/data/0001665300/000121390018005063/f10k2017a1_stellaracquisit.htm"}, {"form_type": "UPLOAD", "filings_date": "2018-04-19", "url": "https://www.sec.gov/Archives/edgar/data/0001665300/000000000018012047/filename1.pdf"}, {"form_type": "PRE 14A", "filings_date": "2018-04-17", "url": "https://www.sec.gov/Archives/edgar/data/0001665300/000121390018004609/pre14a0418_stellaracq3.htm"}, {"form_type": "425", "filings_date": "2018-04-16", "url": "https://www.sec.gov/Archives/edgar/data/0001665300/000121390018004524/f8k041618_stellaracq3.htm"}, {"form_type": "8-K", "filings_date": "2018-04-16", "url": "https://www.sec.gov/Archives/edgar/data/0001665300/000121390018004523/f8k041618_stellaracq3.htm"}, {"form_type": "10-Q", "filings_date": "2018-04-12", "url": "https://www.sec.gov/Archives/edgar/data/0001665300/000121390018004361/f10q0218_stellaracquisition3.htm"}, {"form_type": "S-4", "filings_date": "2018-04-11", "url": "https://www.sec.gov/Archives/edgar/data/0001665300/000121390018004257/fs42018_stellaracq3.htm"}, {"form_type": "SC 13G/A", "filings_date": "2018-04-10", "url": "https://www.sec.gov/Archives/edgar/data/0001665300/000104870318000062/STLRG1.htm"}, {"form_type": "DEFA14A", "filings_date": "2018-03-19", "url": "https://www.sec.gov/Archives/edgar/data/0001665300/000121390018003119/f8k031918_stellaracquisit3.htm"}, {"form_type": "8-K", "filings_date": "2018-03-19", "url": "https://www.sec.gov/Archives/edgar/data/0001665300/000121390018003117/f8k031918_stellaracquisit3.htm"}, {"form_type": "8-K", "filings_date": "2018-02-28", "url": "https://www.sec.gov/Archives/edgar/data/0001665300/000121390018002424/f8k022218b_stellaracqiii.htm"}, {"form_type": "8-K", "filings_date": "2018-02-28", "url": "https://www.sec.gov/Archives/edgar/data/0001665300/000121390018002422/f8k022718_stellaracquisitn3.htm"}, {"form_type": "425", "filings_date": "2018-02-28", "url": "https://www.sec.gov/Archives/edgar/data/0001665300/000121390018002423/f8k022718_stellaracquisitn3.htm"}, {"form_type": "SC 13G", "filings_date": "2018-02-14", "url": "https://www.sec.gov/Archives/edgar/data/0001665300/000104870318000047/STLRG0.htm"}, {"form_type": "SC 13G/A", "filings_date": "2018-02-14", "url": "https://www.sec.gov/Archives/edgar/data/0001665300/000135755018000014/stlr13ga14feb2018.htm"}, {"form_type": "SC 13G/A", "filings_date": "2018-02-14", "url": "https://www.sec.gov/Archives/edgar/data/0001665300/000108514618000701/stlra1_21318.htm"}, {"form_type": "SC 13G/A", "filings_date": "2018-02-12", "url": "https://www.sec.gov/Archives/edgar/data/0001665300/000149315218001819/sc13ga.htm"}, {"form_type": "10-K", "filings_date": "2018-02-12", "url": "https://www.sec.gov/Archives/edgar/data/0001665300/000121390018001544/f10k2017_stellaracquisition.htm"}, {"form_type": "SC 13G/A", "filings_date": "2018-02-09", "url": "https://www.sec.gov/Archives/edgar/data/0001665300/000150430418000013/thirteenga.txt"}, {"form_type": "8-K", "filings_date": "2017-11-29", "url": "https://www.sec.gov/Archives/edgar/data/0001665300/000121390017012739/f8k112817_stellaracquisition.htm"}, {"form_type": "8-K", "filings_date": "2017-11-27", "url": "https://www.sec.gov/Archives/edgar/data/0001665300/000121390017012589/f8k112417_stelleracquisition.htm"}, {"form_type": "DEF 14A", "filings_date": "2017-11-03", "url": "https://www.sec.gov/Archives/edgar/data/0001665300/000121390017011357/def14a1117_stelleracq.htm"}, {"form_type": "10-Q", "filings_date": "2017-10-11", "url": "https://www.sec.gov/Archives/edgar/data/0001665300/000121390017010473/f10q0817_stellaracquisiii.htm"}, {"form_type": "8-K", "filings_date": "2017-08-29", "url": "https://www.sec.gov/Archives/edgar/data/0001665300/000121390017009278/f8k082417_stellaracquisition.htm"}, {"form_type": "10-Q", "filings_date": "2017-07-07", "url": "https://www.sec.gov/Archives/edgar/data/0001665300/000121390017007281/f10q0517_stellaracquisition.htm"}, {"form_type": "8-K", "filings_date": "2017-06-06", "url": "https://www.sec.gov/Archives/edgar/data/0001665300/000121390017006186/f8k060217_stellaracqiii.htm"}, {"form_type": "10-Q", "filings_date": "2017-04-13", "url": "https://www.sec.gov/Archives/edgar/data/0001665300/000121390017003697/f10q0217_stellaracquisition.htm"}, {"form_type": "SC 13G/A", "filings_date": "2017-02-15", "url": "https://www.sec.gov/Archives/edgar/data/0001665300/000149315217001619/sc13ga.htm"}, {"form_type": "10-K", "filings_date": "2017-02-14", "url": "https://www.sec.gov/Archives/edgar/data/0001665300/000121390017001358/f10k2016_stellaracquisition.htm"}, {"form_type": "SC 13G", "filings_date": "2017-02-14", "url": "https://www.sec.gov/Archives/edgar/data/0001665300/000108514617000652/stlru_21317.htm"}, {"form_type": "SC 13G", "filings_date": "2017-02-13", "url": "https://www.sec.gov/Archives/edgar/data/0001665300/000121390017001260/sc13g0217magellan_stellaracq.htm"}, {"form_type": "SC 13G", "filings_date": "2017-02-13", "url": "https://www.sec.gov/Archives/edgar/data/0001665300/000121390017001259/sc13g0217astra_stellaracq.htm"}, {"form_type": "SC 13G/A", "filings_date": "2017-01-31", "url": "https://www.sec.gov/Archives/edgar/data/0001665300/000150430417000004/thirteeng.txt"}, {"form_type": "SC 13G", "filings_date": "2017-01-30", "url": "https://www.sec.gov/Archives/edgar/data/0001665300/000139382517000049/stlru_sc13g.txt"}]}