{"company": {"cik": "0001212458", "name": "PROOFPOINT INC", "sic": "Services-Computer Processing & Data Preparation", "state_incorp": "DE", "ticker": "", "mailing_addr": "925 W. MAUDE AVENUE, SUNNYVALE, CA, 94085", "category": "Large accelerated filer", "fiscal_year_end": "31, December"}, "filings": [{"form_type": "15-12B", "filings_date": "2021-09-10", "url": "https://www.sec.gov/Archives/edgar/data/0001212458/000119312521269921/d224812d1512b.htm"}, {"form_type": "4", "filings_date": "2021-08-31", "url": "https://www.sec.gov/Archives/edgar/data/0001212458/000120919121054038/xslF345X03/doc4.xml"}, {"form_type": "4", "filings_date": "2021-08-31", "url": "https://www.sec.gov/Archives/edgar/data/0001212458/000120919121054037/xslF345X03/doc4.xml"}, {"form_type": "4", "filings_date": "2021-08-31", "url": "https://www.sec.gov/Archives/edgar/data/0001212458/000120919121054036/xslF345X03/doc4.xml"}, {"form_type": "4", "filings_date": "2021-08-31", "url": "https://www.sec.gov/Archives/edgar/data/0001212458/000120919121054035/xslF345X03/doc4.xml"}, {"form_type": "4", "filings_date": "2021-08-31", "url": "https://www.sec.gov/Archives/edgar/data/0001212458/000120919121054034/xslF345X03/doc4.xml"}, {"form_type": "4", "filings_date": "2021-08-31", "url": "https://www.sec.gov/Archives/edgar/data/0001212458/000120919121054032/xslF345X03/doc4.xml"}, {"form_type": "4", "filings_date": "2021-08-31", "url": "https://www.sec.gov/Archives/edgar/data/0001212458/000120919121054031/xslF345X03/doc4.xml"}, {"form_type": "4", "filings_date": "2021-08-31", "url": "https://www.sec.gov/Archives/edgar/data/0001212458/000120919121054029/xslF345X03/doc4.xml"}, {"form_type": "4", "filings_date": "2021-08-31", "url": "https://www.sec.gov/Archives/edgar/data/0001212458/000120919121054028/xslF345X03/doc4.xml"}, {"form_type": "4", "filings_date": "2021-08-31", "url": "https://www.sec.gov/Archives/edgar/data/0001212458/000120919121054027/xslF345X03/doc4.xml"}, {"form_type": "4", "filings_date": "2021-08-31", "url": "https://www.sec.gov/Archives/edgar/data/0001212458/000120919121054026/xslF345X03/doc4.xml"}, {"form_type": "4", "filings_date": "2021-08-31", "url": "https://www.sec.gov/Archives/edgar/data/0001212458/000120919121054025/xslF345X03/doc4.xml"}, {"form_type": "4", "filings_date": "2021-08-31", "url": "https://www.sec.gov/Archives/edgar/data/0001212458/000120919121054024/xslF345X03/doc4.xml"}, {"form_type": "4", "filings_date": "2021-08-31", "url": "https://www.sec.gov/Archives/edgar/data/0001212458/000120919121054023/xslF345X03/doc4.xml"}, {"form_type": "S-8 POS", "filings_date": "2021-08-31", "url": "https://www.sec.gov/Archives/edgar/data/0001212458/000119312521261782/d436381ds8pos.htm"}, {"form_type": "S-8 POS", "filings_date": "2021-08-31", "url": "https://www.sec.gov/Archives/edgar/data/0001212458/000119312521261779/d436381ds8pos.htm"}, {"form_type": "S-8 POS", "filings_date": "2021-08-31", "url": "https://www.sec.gov/Archives/edgar/data/0001212458/000119312521261777/d436381ds8pos.htm"}, {"form_type": "S-8 POS", "filings_date": "2021-08-31", "url": "https://www.sec.gov/Archives/edgar/data/0001212458/000119312521261774/d436381ds8pos.htm"}, {"form_type": "S-8 POS", "filings_date": "2021-08-31", "url": "https://www.sec.gov/Archives/edgar/data/0001212458/000119312521261773/d436381ds8pos.htm"}, {"form_type": "S-8 POS", "filings_date": "2021-08-31", "url": "https://www.sec.gov/Archives/edgar/data/0001212458/000119312521261771/d436381ds8pos.htm"}, {"form_type": "S-8 POS", "filings_date": "2021-08-31", "url": "https://www.sec.gov/Archives/edgar/data/0001212458/000119312521261769/d436381ds8pos.htm"}, {"form_type": "S-8 POS", "filings_date": "2021-08-31", "url": "https://www.sec.gov/Archives/edgar/data/0001212458/000119312521261767/d436381ds8pos.htm"}, {"form_type": "S-8 POS", "filings_date": "2021-08-31", "url": "https://www.sec.gov/Archives/edgar/data/0001212458/000119312521261765/d436381ds8pos.htm"}, {"form_type": "S-8 POS", "filings_date": "2021-08-31", "url": "https://www.sec.gov/Archives/edgar/data/0001212458/000119312521261757/d436381ds8pos.htm"}, {"form_type": "S-8 POS", "filings_date": "2021-08-31", "url": "https://www.sec.gov/Archives/edgar/data/0001212458/000119312521261747/d436381ds8pos.htm"}, {"form_type": "S-8 POS", "filings_date": "2021-08-31", "url": "https://www.sec.gov/Archives/edgar/data/0001212458/000119312521261740/d436381ds8pos.htm"}, {"form_type": "S-8 POS", "filings_date": "2021-08-31", "url": "https://www.sec.gov/Archives/edgar/data/0001212458/000119312521261738/d436381ds8pos.htm"}, {"form_type": "S-8 POS", "filings_date": "2021-08-31", "url": "https://www.sec.gov/Archives/edgar/data/0001212458/000119312521261730/d436381ds8pos.htm"}, {"form_type": "S-8 POS", "filings_date": "2021-08-31", "url": "https://www.sec.gov/Archives/edgar/data/0001212458/000119312521261729/d436381ds8pos.htm"}, {"form_type": "S-8 POS", "filings_date": "2021-08-31", "url": "https://www.sec.gov/Archives/edgar/data/0001212458/000119312521261723/d436381ds8pos.htm"}, {"form_type": "25-NSE", "filings_date": "2021-08-31", "url": "https://www.sec.gov/Archives/edgar/data/0001212458/000135445721000996/xslF25X02/primary_doc.xml"}, {"form_type": "8-K", "filings_date": "2021-08-31", "url": "https://www.sec.gov/Archives/edgar/data/0001212458/000119312521261338/d219408d8k.htm"}, {"form_type": "4/A", "filings_date": "2021-08-27", "url": "https://www.sec.gov/Archives/edgar/data/0001212458/000120919121053736/xslF345X03/doc4a.xml"}, {"form_type": "4/A", "filings_date": "2021-08-27", "url": "https://www.sec.gov/Archives/edgar/data/0001212458/000120919121053599/xslF345X03/doc4a.xml"}, {"form_type": "8-K", "filings_date": "2021-08-26", "url": "https://www.sec.gov/Archives/edgar/data/0001212458/000119312521256543/d104447d8k.htm"}, {"form_type": "4", "filings_date": "2021-08-19", "url": "https://www.sec.gov/Archives/edgar/data/0001212458/000120919121052591/xslF345X03/doc4.xml"}, {"form_type": "4", "filings_date": "2021-08-19", "url": "https://www.sec.gov/Archives/edgar/data/0001212458/000120919121052588/xslF345X03/doc4.xml"}, {"form_type": "10-Q", "filings_date": "2021-07-30", "url": "https://www.sec.gov/Archives/edgar/data/0001212458/000156459021039493/pfpt-10q_20210630.htm"}, {"form_type": "8-K", "filings_date": "2021-07-29", "url": "https://www.sec.gov/Archives/edgar/data/0001212458/000156459021039132/pfpt-8k_20210729.htm"}, {"form_type": "8-K", "filings_date": "2021-07-26", "url": "https://www.sec.gov/Archives/edgar/data/0001212458/000119312521224337/d176083d8k.htm"}, {"form_type": "8-K", "filings_date": "2021-07-23", "url": "https://www.sec.gov/Archives/edgar/data/0001212458/000119312521223064/d230022d8k.htm"}, {"form_type": "8-K", "filings_date": "2021-07-13", "url": "https://www.sec.gov/Archives/edgar/data/0001212458/000119312521214071/d154858d8k.htm"}, {"form_type": "4", "filings_date": "2021-07-12", "url": "https://www.sec.gov/Archives/edgar/data/0001212458/000120919121046337/xslF345X03/doc4.xml"}, {"form_type": "4", "filings_date": "2021-07-12", "url": "https://www.sec.gov/Archives/edgar/data/0001212458/000120919121046336/xslF345X03/doc4.xml"}, {"form_type": "4", "filings_date": "2021-07-12", "url": "https://www.sec.gov/Archives/edgar/data/0001212458/000120919121046334/xslF345X03/doc4.xml"}, {"form_type": "4", "filings_date": "2021-07-12", "url": "https://www.sec.gov/Archives/edgar/data/0001212458/000120919121046333/xslF345X03/doc4.xml"}, {"form_type": "4", "filings_date": "2021-07-12", "url": "https://www.sec.gov/Archives/edgar/data/0001212458/000120919121046332/xslF345X03/doc4.xml"}, {"form_type": "4", "filings_date": "2021-07-12", "url": "https://www.sec.gov/Archives/edgar/data/0001212458/000120919121046331/xslF345X03/doc4.xml"}, {"form_type": "4", "filings_date": "2021-07-12", "url": "https://www.sec.gov/Archives/edgar/data/0001212458/000120919121046330/xslF345X03/doc4.xml"}, {"form_type": "4", "filings_date": "2021-07-12", "url": "https://www.sec.gov/Archives/edgar/data/0001212458/000120919121046329/xslF345X03/doc4.xml"}, {"form_type": "4", "filings_date": "2021-07-06", "url": "https://www.sec.gov/Archives/edgar/data/0001212458/000120919121045401/xslF345X03/doc4.xml"}, {"form_type": "8-K", "filings_date": "2021-06-16", "url": "https://www.sec.gov/Archives/edgar/data/0001212458/000119312521191677/d178893d8k.htm"}, {"form_type": "DEFM14A", "filings_date": "2021-06-14", "url": "https://www.sec.gov/Archives/edgar/data/0001212458/000114036121020729/nt10024151x2_defm14a.htm"}, {"form_type": "DEFA14A", "filings_date": "2021-06-14", "url": "https://www.sec.gov/Archives/edgar/data/0001212458/000119312521189456/d579693ddefa14a.htm"}, {"form_type": "8-K", "filings_date": "2021-06-14", "url": "https://www.sec.gov/Archives/edgar/data/0001212458/000119312521189452/d579693d8k.htm"}, {"form_type": "DEFA14A", "filings_date": "2021-06-10", "url": "https://www.sec.gov/Archives/edgar/data/0001212458/000119312521187362/d117112ddefa14a.htm"}, {"form_type": "8-K", "filings_date": "2021-06-10", "url": "https://www.sec.gov/Archives/edgar/data/0001212458/000119312521187357/d117112d8k.htm"}, {"form_type": "4", "filings_date": "2021-06-02", "url": "https://www.sec.gov/Archives/edgar/data/0001212458/000120919121037257/xslF345X03/doc4.xml"}, {"form_type": "PREM14A", "filings_date": "2021-06-02", "url": "https://www.sec.gov/Archives/edgar/data/0001212458/000114036121019547/nt10024151x1_prem14a.htm"}, {"form_type": "SC 13G/A", "filings_date": "2021-05-10", "url": "https://www.sec.gov/Archives/edgar/data/0001212458/000008025521001400/pfpt13gaapr21.txt"}, {"form_type": "DEFA14A", "filings_date": "2021-05-07", "url": "https://www.sec.gov/Archives/edgar/data/0001212458/000119312521154164/d176522ddefa14a.htm"}, {"form_type": "10-Q", "filings_date": "2021-05-04", "url": "https://www.sec.gov/Archives/edgar/data/0001212458/000156459021023343/pfpt-10q_20210331.htm"}, {"form_type": "DEFA14A", "filings_date": "2021-04-30", "url": "https://www.sec.gov/Archives/edgar/data/0001212458/000156459021022547/pfpt-defa14a_20210615.htm"}, {"form_type": "DEF 14A", "filings_date": "2021-04-30", "url": "https://www.sec.gov/Archives/edgar/data/0001212458/000156459021022540/pfpt-def14a_20210615.htm"}, {"form_type": "DEFA14A", "filings_date": "2021-04-27", "url": "https://www.sec.gov/Archives/edgar/data/0001212458/000119312521134518/d173752ddefa14a.htm"}, {"form_type": "8-K", "filings_date": "2021-04-27", "url": "https://www.sec.gov/Archives/edgar/data/0001212458/000119312521134422/d173752d8k.htm"}, {"form_type": "DEFA14A", "filings_date": "2021-04-26", "url": "https://www.sec.gov/Archives/edgar/data/0001212458/000119312521131835/d302589ddefa14a.htm"}, {"form_type": "DEFA14A", "filings_date": "2021-04-26", "url": "https://www.sec.gov/Archives/edgar/data/0001212458/000119312521131834/d301191ddefa14a.htm"}, {"form_type": "DEFA14A", "filings_date": "2021-04-26", "url": "https://www.sec.gov/Archives/edgar/data/0001212458/000119312521131833/d300939ddefa14a.htm"}, {"form_type": "DEFA14A", "filings_date": "2021-04-26", "url": "https://www.sec.gov/Archives/edgar/data/0001212458/000119312521131830/d302560ddefa14a.htm"}, {"form_type": "DEFA14A", "filings_date": "2021-04-26", "url": "https://www.sec.gov/Archives/edgar/data/0001212458/000119312521131829/d301138ddefa14a.htm"}, {"form_type": "DEFA14A", "filings_date": "2021-04-26", "url": "https://www.sec.gov/Archives/edgar/data/0001212458/000119312521131827/d49534ddefa14a.htm"}, {"form_type": "8-K", "filings_date": "2021-04-26", "url": "https://www.sec.gov/Archives/edgar/data/0001212458/000119312521130393/d327107d8k.htm"}, {"form_type": "DEFA14A", "filings_date": "2021-04-26", "url": "https://www.sec.gov/Archives/edgar/data/0001212458/000119312521130388/d173979ddefa14a.htm"}, {"form_type": "8-K", "filings_date": "2021-04-26", "url": "https://www.sec.gov/Archives/edgar/data/0001212458/000119312521130383/d173979d8k.htm"}, {"form_type": "4", "filings_date": "2021-04-22", "url": "https://www.sec.gov/Archives/edgar/data/0001212458/000120919121027994/xslF345X03/doc4.xml"}, {"form_type": "4", "filings_date": "2021-04-22", "url": "https://www.sec.gov/Archives/edgar/data/0001212458/000120919121027992/xslF345X03/doc4.xml"}, {"form_type": "4", "filings_date": "2021-04-22", "url": "https://www.sec.gov/Archives/edgar/data/0001212458/000120919121027991/xslF345X03/doc4.xml"}, {"form_type": "4", "filings_date": "2021-04-22", "url": "https://www.sec.gov/Archives/edgar/data/0001212458/000120919121027990/xslF345X03/doc4.xml"}, {"form_type": "4", "filings_date": "2021-04-22", "url": "https://www.sec.gov/Archives/edgar/data/0001212458/000120919121027989/xslF345X03/doc4.xml"}, {"form_type": "4", "filings_date": "2021-04-22", "url": "https://www.sec.gov/Archives/edgar/data/0001212458/000120919121027988/xslF345X03/doc4.xml"}, {"form_type": "4", "filings_date": "2021-04-16", "url": "https://www.sec.gov/Archives/edgar/data/0001212458/000120919121027051/xslF345X03/doc4.xml"}, {"form_type": "4", "filings_date": "2021-04-07", "url": "https://www.sec.gov/Archives/edgar/data/0001212458/000120919121025958/xslF345X03/doc4.xml"}, {"form_type": "4", "filings_date": "2021-04-07", "url": "https://www.sec.gov/Archives/edgar/data/0001212458/000120919121025956/xslF345X03/doc4.xml"}, {"form_type": "4", "filings_date": "2021-04-05", "url": "https://www.sec.gov/Archives/edgar/data/0001212458/000120919121025520/xslF345X03/doc4.xml"}, {"form_type": "S-8 POS", "filings_date": "2021-03-19", "url": "https://www.sec.gov/Archives/edgar/data/0001212458/000119312521087652/d162308ds8pos.htm"}, {"form_type": "4", "filings_date": "2021-03-16", "url": "https://www.sec.gov/Archives/edgar/data/0001212458/000120919121020980/xslF345X03/doc4.xml"}, {"form_type": "S-8", "filings_date": "2021-03-12", "url": "https://www.sec.gov/Archives/edgar/data/0001212458/000119312521079799/d151491ds8.htm"}, {"form_type": "4", "filings_date": "2021-03-12", "url": "https://www.sec.gov/Archives/edgar/data/0001212458/000120919121020118/xslF345X03/doc4.xml"}, {"form_type": "4", "filings_date": "2021-03-09", "url": "https://www.sec.gov/Archives/edgar/data/0001212458/000120919121019019/xslF345X03/doc4.xml"}, {"form_type": "4", "filings_date": "2021-03-09", "url": "https://www.sec.gov/Archives/edgar/data/0001212458/000120919121019014/xslF345X03/doc4.xml"}, {"form_type": "4", "filings_date": "2021-03-09", "url": "https://www.sec.gov/Archives/edgar/data/0001212458/000120919121019011/xslF345X03/doc4.xml"}, {"form_type": "4", "filings_date": "2021-03-09", "url": "https://www.sec.gov/Archives/edgar/data/0001212458/000120919121019007/xslF345X03/doc4.xml"}, {"form_type": "4", "filings_date": "2021-03-09", "url": "https://www.sec.gov/Archives/edgar/data/0001212458/000120919121019004/xslF345X03/doc4.xml"}, {"form_type": "4", "filings_date": "2021-03-09", "url": "https://www.sec.gov/Archives/edgar/data/0001212458/000120919121018999/xslF345X03/doc4.xml"}, {"form_type": "4", "filings_date": "2021-03-01", "url": "https://www.sec.gov/Archives/edgar/data/0001212458/000120919121015301/xslF345X03/doc4.xml"}, {"form_type": "3", "filings_date": "2021-03-01", "url": "https://www.sec.gov/Archives/edgar/data/0001212458/000120919121015298/xslF345X02/doc3.xml"}, {"form_type": "8-K", "filings_date": "2021-03-01", "url": "https://www.sec.gov/Archives/edgar/data/0001212458/000119312521063400/d136408d8k.htm"}, {"form_type": "4", "filings_date": "2021-02-22", "url": "https://www.sec.gov/Archives/edgar/data/0001212458/000120919121012657/xslF345X03/doc4.xml"}, {"form_type": "10-K", "filings_date": "2021-02-19", "url": "https://www.sec.gov/Archives/edgar/data/0001212458/000156459021006943/pfpt-10k_20201231.htm"}, {"form_type": "SC 13G/A", "filings_date": "2021-02-10", "url": "https://www.sec.gov/Archives/edgar/data/0001212458/000110465921018906/tv01656-proofpointinc.htm"}, {"form_type": "4", "filings_date": "2021-02-08", "url": "https://www.sec.gov/Archives/edgar/data/0001212458/000120919121008467/xslF345X03/doc4.xml"}, {"form_type": "SC 13G", "filings_date": "2021-02-05", "url": "https://www.sec.gov/Archives/edgar/data/0001212458/000083423721007422/us7434241037_020421.txt"}, {"form_type": "8-K", "filings_date": "2021-02-04", "url": "https://www.sec.gov/Archives/edgar/data/0001212458/000156459021004313/pfpt-8k_20210204.htm"}, {"form_type": "4", "filings_date": "2021-02-03", "url": "https://www.sec.gov/Archives/edgar/data/0001212458/000120919121007299/xslF345X03/doc4.xml"}, {"form_type": "4", "filings_date": "2021-02-03", "url": "https://www.sec.gov/Archives/edgar/data/0001212458/000120919121007297/xslF345X03/doc4.xml"}, {"form_type": "4", "filings_date": "2021-02-03", "url": "https://www.sec.gov/Archives/edgar/data/0001212458/000120919121007296/xslF345X03/doc4.xml"}, {"form_type": "4", "filings_date": "2021-02-03", "url": "https://www.sec.gov/Archives/edgar/data/0001212458/000120919121007295/xslF345X03/doc4.xml"}, {"form_type": "4", "filings_date": "2021-02-03", "url": "https://www.sec.gov/Archives/edgar/data/0001212458/000120919121007293/xslF345X03/doc4.xml"}, {"form_type": "4", "filings_date": "2021-02-03", "url": "https://www.sec.gov/Archives/edgar/data/0001212458/000120919121007291/xslF345X03/doc4.xml"}, {"form_type": "4", "filings_date": "2021-01-20", "url": "https://www.sec.gov/Archives/edgar/data/0001212458/000120919121004274/xslF345X03/doc4.xml"}, {"form_type": "4", "filings_date": "2021-01-20", "url": "https://www.sec.gov/Archives/edgar/data/0001212458/000120919121004259/xslF345X03/doc4.xml"}, {"form_type": "SC 13G/A", "filings_date": "2021-01-11", "url": "https://www.sec.gov/Archives/edgar/data/0001212458/000008025521000042/pfpt13gadec20.txt"}, {"form_type": "4", "filings_date": "2021-01-05", "url": "https://www.sec.gov/Archives/edgar/data/0001212458/000120919121001331/xslF345X03/doc4.xml"}, {"form_type": "4", "filings_date": "2020-12-22", "url": "https://www.sec.gov/Archives/edgar/data/0001212458/000120919120064952/xslF345X03/doc4.xml"}, {"form_type": "4", "filings_date": "2020-12-09", "url": "https://www.sec.gov/Archives/edgar/data/0001212458/000120919120062616/xslF345X03/doc4.xml"}, {"form_type": "4", "filings_date": "2020-12-03", "url": "https://www.sec.gov/Archives/edgar/data/0001212458/000120919120061621/xslF345X03/doc4.xml"}, {"form_type": "4", "filings_date": "2020-12-02", "url": "https://www.sec.gov/Archives/edgar/data/0001212458/000120919120061183/xslF345X03/doc4.xml"}, {"form_type": "8-K", "filings_date": "2020-11-17", "url": "https://www.sec.gov/Archives/edgar/data/0001212458/000119312520295967/d57506d8k.htm"}, {"form_type": "10-Q", "filings_date": "2020-10-30", "url": "https://www.sec.gov/Archives/edgar/data/0001212458/000156459020049306/pfpt-10q_20200930.htm"}, {"form_type": "8-K", "filings_date": "2020-10-29", "url": "https://www.sec.gov/Archives/edgar/data/0001212458/000156459020048848/pfpt-8k_20201029.htm"}, {"form_type": "4", "filings_date": "2020-10-28", "url": "https://www.sec.gov/Archives/edgar/data/0001212458/000120919120056083/xslF345X03/doc4.xml"}, {"form_type": "4", "filings_date": "2020-10-27", "url": "https://www.sec.gov/Archives/edgar/data/0001212458/000120919120055916/xslF345X03/doc4.xml"}, {"form_type": "4", "filings_date": "2020-10-26", "url": "https://www.sec.gov/Archives/edgar/data/0001212458/000120919120055880/xslF345X03/doc4.xml"}, {"form_type": "4", "filings_date": "2020-10-26", "url": "https://www.sec.gov/Archives/edgar/data/0001212458/000120919120055879/xslF345X03/doc4.xml"}, {"form_type": "4", "filings_date": "2020-10-19", "url": "https://www.sec.gov/Archives/edgar/data/0001212458/000120919120055340/xslF345X03/doc4.xml"}, {"form_type": "SC 13G/A", "filings_date": "2020-10-13", "url": "https://www.sec.gov/Archives/edgar/data/0001212458/000008025520001673/pfpt13gasep20.txt"}, {"form_type": "8-K", "filings_date": "2020-10-08", "url": "https://www.sec.gov/Archives/edgar/data/0001212458/000119312520266306/d87682d8k.htm"}, {"form_type": "4", "filings_date": "2020-10-07", "url": "https://www.sec.gov/Archives/edgar/data/0001212458/000120919120054128/xslF345X03/doc4.xml"}, {"form_type": "4", "filings_date": "2020-10-05", "url": "https://www.sec.gov/Archives/edgar/data/0001212458/000120919120053650/xslF345X03/doc4.xml"}, {"form_type": "4", "filings_date": "2020-09-18", "url": "https://www.sec.gov/Archives/edgar/data/0001212458/000120919120051143/xslF345X03/doc4.xml"}, {"form_type": "4", "filings_date": "2020-09-14", "url": "https://www.sec.gov/Archives/edgar/data/0001212458/000120919120050283/xslF345X03/doc4.xml"}, {"form_type": "4", "filings_date": "2020-09-14", "url": "https://www.sec.gov/Archives/edgar/data/0001212458/000120919120050281/xslF345X03/doc4.xml"}, {"form_type": "4", "filings_date": "2020-09-04", "url": "https://www.sec.gov/Archives/edgar/data/0001212458/000120919120049654/xslF345X03/doc4.xml"}, {"form_type": "8-K", "filings_date": "2020-08-31", "url": "https://www.sec.gov/Archives/edgar/data/0001212458/000119312520236227/d944653d8k.htm"}, {"form_type": "4", "filings_date": "2020-08-28", "url": "https://www.sec.gov/Archives/edgar/data/0001212458/000120919120048620/xslF345X03/doc4.xml"}, {"form_type": "4", "filings_date": "2020-08-28", "url": "https://www.sec.gov/Archives/edgar/data/0001212458/000120919120048611/xslF345X03/doc4.xml"}, {"form_type": "4", "filings_date": "2020-08-20", "url": "https://www.sec.gov/Archives/edgar/data/0001212458/000120919120047754/xslF345X03/doc4.xml"}, {"form_type": "4", "filings_date": "2020-08-19", "url": "https://www.sec.gov/Archives/edgar/data/0001212458/000120919120047509/xslF345X03/doc4.xml"}, {"form_type": "3", "filings_date": "2020-08-03", "url": "https://www.sec.gov/Archives/edgar/data/0001212458/000120919120044468/xslF345X02/doc3.xml"}, {"form_type": "10-Q", "filings_date": "2020-07-31", "url": "https://www.sec.gov/Archives/edgar/data/0001212458/000156459020035201/pfpt-10q_20200630.htm"}, {"form_type": "8-K", "filings_date": "2020-07-30", "url": "https://www.sec.gov/Archives/edgar/data/0001212458/000156459020034886/pfpt-8k_20200730.htm"}, {"form_type": "4", "filings_date": "2020-07-30", "url": "https://www.sec.gov/Archives/edgar/data/0001212458/000120919120044094/xslF345X03/doc4.xml"}, {"form_type": "4", "filings_date": "2020-07-30", "url": "https://www.sec.gov/Archives/edgar/data/0001212458/000120919120044092/xslF345X03/doc4.xml"}, {"form_type": "4", "filings_date": "2020-07-17", "url": "https://www.sec.gov/Archives/edgar/data/0001212458/000120919120042867/xslF345X03/doc4.xml"}, {"form_type": "4", "filings_date": "2020-07-17", "url": "https://www.sec.gov/Archives/edgar/data/0001212458/000120919120042865/xslF345X03/doc4.xml"}, {"form_type": "4", "filings_date": "2020-07-17", "url": "https://www.sec.gov/Archives/edgar/data/0001212458/000120919120042864/xslF345X03/doc4.xml"}, {"form_type": "4", "filings_date": "2020-07-17", "url": "https://www.sec.gov/Archives/edgar/data/0001212458/000120919120042861/xslF345X03/doc4.xml"}, {"form_type": "4", "filings_date": "2020-07-17", "url": "https://www.sec.gov/Archives/edgar/data/0001212458/000120919120042859/xslF345X03/doc4.xml"}, {"form_type": "4", "filings_date": "2020-07-17", "url": "https://www.sec.gov/Archives/edgar/data/0001212458/000120919120042856/xslF345X03/doc4.xml"}, {"form_type": "4", "filings_date": "2020-07-17", "url": "https://www.sec.gov/Archives/edgar/data/0001212458/000120919120042854/xslF345X03/doc4.xml"}, {"form_type": "4", "filings_date": "2020-07-17", "url": "https://www.sec.gov/Archives/edgar/data/0001212458/000120919120042852/xslF345X03/doc4.xml"}, {"form_type": "4", "filings_date": "2020-07-13", "url": "https://www.sec.gov/Archives/edgar/data/0001212458/000120919120042271/xslF345X03/doc4.xml"}, {"form_type": "4", "filings_date": "2020-07-13", "url": "https://www.sec.gov/Archives/edgar/data/0001212458/000120919120042266/xslF345X03/doc4.xml"}, {"form_type": "4", "filings_date": "2020-07-13", "url": "https://www.sec.gov/Archives/edgar/data/0001212458/000120919120042264/xslF345X03/doc4.xml"}, {"form_type": "4", "filings_date": "2020-07-09", "url": "https://www.sec.gov/Archives/edgar/data/0001212458/000120919120041963/xslF345X03/doc4.xml"}, {"form_type": "4", "filings_date": "2020-07-08", "url": "https://www.sec.gov/Archives/edgar/data/0001212458/000120919120041754/xslF345X03/doc4.xml"}, {"form_type": "4", "filings_date": "2020-06-15", "url": "https://www.sec.gov/Archives/edgar/data/0001212458/000120919120036609/xslF345X03/doc4.xml"}, {"form_type": "8-K", "filings_date": "2020-06-15", "url": "https://www.sec.gov/Archives/edgar/data/0001212458/000119312520169342/d942028d8k.htm"}, {"form_type": "4", "filings_date": "2020-06-10", "url": "https://www.sec.gov/Archives/edgar/data/0001212458/000120919120035675/xslF345X03/doc4.xml"}, {"form_type": "4", "filings_date": "2020-06-10", "url": "https://www.sec.gov/Archives/edgar/data/0001212458/000120919120035673/xslF345X03/doc4.xml"}, {"form_type": "4", "filings_date": "2020-06-02", "url": "https://www.sec.gov/Archives/edgar/data/0001212458/000120919120033533/xslF345X03/doc4.xml"}, {"form_type": "4", "filings_date": "2020-05-22", "url": "https://www.sec.gov/Archives/edgar/data/0001212458/000120919120031701/xslF345X03/doc4.xml"}, {"form_type": "4", "filings_date": "2020-05-21", "url": "https://www.sec.gov/Archives/edgar/data/0001212458/000120919120031242/xslF345X03/doc4.xml"}, {"form_type": "4", "filings_date": "2020-05-18", "url": "https://www.sec.gov/Archives/edgar/data/0001212458/000120919120030292/xslF345X03/doc4.xml"}, {"form_type": "4", "filings_date": "2020-05-11", "url": "https://www.sec.gov/Archives/edgar/data/0001212458/000120919120028250/xslF345X03/doc4.xml"}, {"form_type": "10-Q", "filings_date": "2020-05-08", "url": "https://www.sec.gov/Archives/edgar/data/0001212458/000156459020023557/pfpt-10q_20200331.htm"}, {"form_type": "8-K/A", "filings_date": "2020-05-07", "url": "https://www.sec.gov/Archives/edgar/data/0001212458/000156459020023017/pfpt-8ka_20200507.htm"}, {"form_type": "8-K", "filings_date": "2020-05-07", "url": "https://www.sec.gov/Archives/edgar/data/0001212458/000156459020022858/pfpt-8k_20200507.htm"}, {"form_type": "DEFA14A", "filings_date": "2020-04-24", "url": "https://www.sec.gov/Archives/edgar/data/0001212458/000156459020018522/pfpt-defa14a_20200612.htm"}, {"form_type": "DEF 14A", "filings_date": "2020-04-24", "url": "https://www.sec.gov/Archives/edgar/data/0001212458/000156459020018499/pfpt-def14a_20200612.htm"}, {"form_type": "4", "filings_date": "2020-04-17", "url": "https://www.sec.gov/Archives/edgar/data/0001212458/000120919120024793/xslF345X03/doc4.xml"}, {"form_type": "4", "filings_date": "2020-04-08", "url": "https://www.sec.gov/Archives/edgar/data/0001212458/000120919120023942/xslF345X03/doc4.xml"}, {"form_type": "4", "filings_date": "2020-04-06", "url": "https://www.sec.gov/Archives/edgar/data/0001212458/000120919120023671/xslF345X03/doc4.xml"}, {"form_type": "4", "filings_date": "2020-04-02", "url": "https://www.sec.gov/Archives/edgar/data/0001212458/000120919120022735/xslF345X03/doc4.xml"}, {"form_type": "4", "filings_date": "2020-03-31", "url": "https://www.sec.gov/Archives/edgar/data/0001212458/000120919120021895/xslF345X03/doc4.xml"}, {"form_type": "4", "filings_date": "2020-03-31", "url": "https://www.sec.gov/Archives/edgar/data/0001212458/000120919120021894/xslF345X03/doc4.xml"}, {"form_type": "4", "filings_date": "2020-03-31", "url": "https://www.sec.gov/Archives/edgar/data/0001212458/000120919120021893/xslF345X03/doc4.xml"}, {"form_type": "4", "filings_date": "2020-03-31", "url": "https://www.sec.gov/Archives/edgar/data/0001212458/000120919120021892/xslF345X03/doc4.xml"}, {"form_type": "4", "filings_date": "2020-03-24", "url": "https://www.sec.gov/Archives/edgar/data/0001212458/000120919120020931/xslF345X03/doc4.xml"}, {"form_type": "4", "filings_date": "2020-03-24", "url": "https://www.sec.gov/Archives/edgar/data/0001212458/000120919120020929/xslF345X03/doc4.xml"}, {"form_type": "4", "filings_date": "2020-03-24", "url": "https://www.sec.gov/Archives/edgar/data/0001212458/000120919120020927/xslF345X03/doc4.xml"}, {"form_type": "4", "filings_date": "2020-03-24", "url": "https://www.sec.gov/Archives/edgar/data/0001212458/000120919120020926/xslF345X03/doc4.xml"}, {"form_type": "4", "filings_date": "2020-03-24", "url": "https://www.sec.gov/Archives/edgar/data/0001212458/000120919120020923/xslF345X03/doc4.xml"}, {"form_type": "4", "filings_date": "2020-03-24", "url": "https://www.sec.gov/Archives/edgar/data/0001212458/000120919120020920/xslF345X03/doc4.xml"}, {"form_type": "4", "filings_date": "2020-03-24", "url": "https://www.sec.gov/Archives/edgar/data/0001212458/000120919120020918/xslF345X03/doc4.xml"}, {"form_type": "4", "filings_date": "2020-03-17", "url": "https://www.sec.gov/Archives/edgar/data/0001212458/000120919120019837/xslF345X03/doc4.xml"}, {"form_type": "4", "filings_date": "2020-02-27", "url": "https://www.sec.gov/Archives/edgar/data/0001212458/000120919120013448/xslF345X03/doc4.xml"}, {"form_type": "S-8", "filings_date": "2020-02-20", "url": "https://www.sec.gov/Archives/edgar/data/0001212458/000119312520043618/d892466ds8.htm"}, {"form_type": "10-K", "filings_date": "2020-02-20", "url": "https://www.sec.gov/Archives/edgar/data/0001212458/000156459020005557/pfpt-10k_20191231.htm"}, {"form_type": "4", "filings_date": "2020-02-18", "url": "https://www.sec.gov/Archives/edgar/data/0001212458/000156761920004231/xslF345X03/doc1.xml"}, {"form_type": "4", "filings_date": "2020-02-14", "url": "https://www.sec.gov/Archives/edgar/data/0001212458/000120919120009759/xslF345X03/doc4.xml"}, {"form_type": "SC 13G/A", "filings_date": "2020-02-14", "url": "https://www.sec.gov/Archives/edgar/data/0001212458/000008025520001226/pfpt13gadec19.txt"}, {"form_type": "SC 13G/A", "filings_date": "2020-02-12", "url": "https://www.sec.gov/Archives/edgar/data/0001212458/000110465920017823/tv01170-proofpointinc.htm"}, {"form_type": "4", "filings_date": "2020-02-07", "url": "https://www.sec.gov/Archives/edgar/data/0001212458/000120919120007524/xslF345X03/doc4.xml"}, {"form_type": "4", "filings_date": "2020-02-06", "url": "https://www.sec.gov/Archives/edgar/data/0001212458/000120919120007288/xslF345X03/doc4.xml"}, {"form_type": "4", "filings_date": "2020-02-04", "url": "https://www.sec.gov/Archives/edgar/data/0001212458/000156761920002105/xslF345X03/doc1.xml"}, {"form_type": "4", "filings_date": "2020-02-04", "url": "https://www.sec.gov/Archives/edgar/data/0001212458/000156761920002103/xslF345X03/doc1.xml"}, {"form_type": "4", "filings_date": "2020-02-04", "url": "https://www.sec.gov/Archives/edgar/data/0001212458/000156761920002102/xslF345X03/doc1.xml"}, {"form_type": "4", "filings_date": "2020-02-04", "url": "https://www.sec.gov/Archives/edgar/data/0001212458/000156761920002101/xslF345X03/doc1.xml"}, {"form_type": "4", "filings_date": "2020-02-04", "url": "https://www.sec.gov/Archives/edgar/data/0001212458/000156761920002100/xslF345X03/doc1.xml"}, {"form_type": "4", "filings_date": "2020-02-04", "url": "https://www.sec.gov/Archives/edgar/data/0001212458/000156761920002098/xslF345X03/doc1.xml"}, {"form_type": "8-K", "filings_date": "2020-01-31", "url": "https://www.sec.gov/Archives/edgar/data/0001212458/000119312520021320/d862295d8k.htm"}, {"form_type": "8-K", "filings_date": "2020-01-31", "url": "https://www.sec.gov/Archives/edgar/data/0001212458/000119312520020209/d877292d8k.htm"}, {"form_type": "8-K", "filings_date": "2020-01-30", "url": "https://www.sec.gov/Archives/edgar/data/0001212458/000156459020002726/pfpt-8k_20200130.htm"}, {"form_type": "8-K", "filings_date": "2020-01-17", "url": "https://www.sec.gov/Archives/edgar/data/0001212458/000119312520009240/d871550d8k.htm"}, {"form_type": "4", "filings_date": "2020-01-16", "url": "https://www.sec.gov/Archives/edgar/data/0001212458/000156761920001187/xslF345X03/doc1.xml"}, {"form_type": "4", "filings_date": "2020-01-15", "url": "https://www.sec.gov/Archives/edgar/data/0001212458/000156761920001102/xslF345X03/doc1.xml"}, {"form_type": "4", "filings_date": "2020-01-13", "url": "https://www.sec.gov/Archives/edgar/data/0001212458/000156761920000941/xslF345X03/doc1.xml"}, {"form_type": "4", "filings_date": "2020-01-13", "url": "https://www.sec.gov/Archives/edgar/data/0001212458/000156761920000940/xslF345X03/doc1.xml"}, {"form_type": "4", "filings_date": "2020-01-09", "url": "https://www.sec.gov/Archives/edgar/data/0001212458/000156761920000833/xslF345X03/doc1.xml"}, {"form_type": "4", "filings_date": "2020-01-02", "url": "https://www.sec.gov/Archives/edgar/data/0001212458/000156761920000147/xslF345X03/doc1.xml"}, {"form_type": "4", "filings_date": "2019-12-13", "url": "https://www.sec.gov/Archives/edgar/data/0001212458/000156761919023068/xslF345X03/doc1.xml"}, {"form_type": "4", "filings_date": "2019-12-13", "url": "https://www.sec.gov/Archives/edgar/data/0001212458/000156761919023066/xslF345X03/doc1.xml"}, {"form_type": "S-8", "filings_date": "2019-11-27", "url": "https://www.sec.gov/Archives/edgar/data/0001212458/000119312519302689/d777532ds8.htm"}, {"form_type": "8-K", "filings_date": "2019-11-25", "url": "https://www.sec.gov/Archives/edgar/data/0001212458/000119312519299883/d839867d8k.htm"}, {"form_type": "4", "filings_date": "2019-11-22", "url": "https://www.sec.gov/Archives/edgar/data/0001212458/000156761919022099/xslF345X03/doc1.xml"}, {"form_type": "4", "filings_date": "2019-11-20", "url": "https://www.sec.gov/Archives/edgar/data/0001212458/000156761919021976/xslF345X03/doc1.xml"}, {"form_type": "4", "filings_date": "2019-11-14", "url": "https://www.sec.gov/Archives/edgar/data/0001212458/000156761919021614/xslF345X03/doc1.xml"}, {"form_type": "8-K", "filings_date": "2019-11-04", "url": "https://www.sec.gov/Archives/edgar/data/0001212458/000119312519282500/d818722d8k.htm"}, {"form_type": "10-Q", "filings_date": "2019-10-31", "url": "https://www.sec.gov/Archives/edgar/data/0001212458/000156459019039133/pfpt-10q_20190930.htm"}, {"form_type": "4", "filings_date": "2019-10-28", "url": "https://www.sec.gov/Archives/edgar/data/0001212458/000156761919020081/xslF345X03/doc1.xml"}, {"form_type": "8-K", "filings_date": "2019-10-24", "url": "https://www.sec.gov/Archives/edgar/data/0001212458/000156459019037743/pfpt-8k_20191024.htm"}, {"form_type": "4", "filings_date": "2019-10-16", "url": "https://www.sec.gov/Archives/edgar/data/0001212458/000156761919019653/xslF345X03/doc1.xml"}, {"form_type": "4", "filings_date": "2019-10-07", "url": "https://www.sec.gov/Archives/edgar/data/0001212458/000156761919019298/xslF345X03/doc1.xml"}, {"form_type": "4", "filings_date": "2019-09-13", "url": "https://www.sec.gov/Archives/edgar/data/0001212458/000156761919018314/xslF345X03/doc1.xml"}, {"form_type": "4", "filings_date": "2019-09-10", "url": "https://www.sec.gov/Archives/edgar/data/0001212458/000156761919018119/xslF345X03/doc1.xml"}, {"form_type": "4", "filings_date": "2019-09-06", "url": "https://www.sec.gov/Archives/edgar/data/0001212458/000156761919018010/xslF345X03/doc1.xml"}, {"form_type": "4", "filings_date": "2019-09-04", "url": "https://www.sec.gov/Archives/edgar/data/0001212458/000156761919017900/xslF345X03/doc1.xml"}, {"form_type": "8-K", "filings_date": "2019-08-23", "url": "https://www.sec.gov/Archives/edgar/data/0001212458/000119312519227919/d753466d8k.htm"}, {"form_type": "4", "filings_date": "2019-08-21", "url": "https://www.sec.gov/Archives/edgar/data/0001212458/000156761919017419/xslF345X03/doc1.xml"}, {"form_type": "8-K", "filings_date": "2019-08-21", "url": "https://www.sec.gov/Archives/edgar/data/0001212458/000119312519225560/d780807d8k.htm"}, {"form_type": "8-K", "filings_date": "2019-08-20", "url": "https://www.sec.gov/Archives/edgar/data/0001212458/000119312519224843/d783925d8k.htm"}, {"form_type": "4", "filings_date": "2019-08-19", "url": "https://www.sec.gov/Archives/edgar/data/0001212458/000156761919017291/xslF345X03/doc1.xml"}, {"form_type": "4", "filings_date": "2019-08-15", "url": "https://www.sec.gov/Archives/edgar/data/0001212458/000156761919017105/xslF345X03/doc1.xml"}, {"form_type": "4", "filings_date": "2019-08-15", "url": "https://www.sec.gov/Archives/edgar/data/0001212458/000156761919017104/xslF345X03/doc1.xml"}, {"form_type": "4", "filings_date": "2019-08-12", "url": "https://www.sec.gov/Archives/edgar/data/0001212458/000156761919016354/xslF345X03/doc1.xml"}, {"form_type": "S-8", "filings_date": "2019-07-29", "url": "https://www.sec.gov/Archives/edgar/data/0001212458/000119312519205670/d780485ds8.htm"}, {"form_type": "10-Q", "filings_date": "2019-07-29", "url": "https://www.sec.gov/Archives/edgar/data/0001212458/000156459019026589/pfpt-10q_20190630.htm"}, {"form_type": "4", "filings_date": "2019-07-25", "url": "https://www.sec.gov/Archives/edgar/data/0001212458/000156761919015219/xslF345X03/doc1.xml"}, {"form_type": "4", "filings_date": "2019-07-25", "url": "https://www.sec.gov/Archives/edgar/data/0001212458/000156761919015218/xslF345X03/doc1.xml"}, {"form_type": "3", "filings_date": "2019-07-25", "url": "https://www.sec.gov/Archives/edgar/data/0001212458/000156761919015217/xslF345X02/doc1.xml"}, {"form_type": "3", "filings_date": "2019-07-25", "url": "https://www.sec.gov/Archives/edgar/data/0001212458/000156761919015215/xslF345X02/doc1.xml"}, {"form_type": "8-K", "filings_date": "2019-07-25", "url": "https://www.sec.gov/Archives/edgar/data/0001212458/000156459019026120/pfpt-8k_20190724.htm"}, {"form_type": "4", "filings_date": "2019-07-12", "url": "https://www.sec.gov/Archives/edgar/data/0001212458/000156761919014734/xslF345X03/doc1.xml"}, {"form_type": "4", "filings_date": "2019-07-12", "url": "https://www.sec.gov/Archives/edgar/data/0001212458/000156761919014732/xslF345X03/doc1.xml"}, {"form_type": "4", "filings_date": "2019-07-09", "url": "https://www.sec.gov/Archives/edgar/data/0001212458/000156761919014602/xslF345X03/doc1.xml"}, {"form_type": "4", "filings_date": "2019-07-09", "url": "https://www.sec.gov/Archives/edgar/data/0001212458/000156761919014588/xslF345X03/doc1.xml"}, {"form_type": "4", "filings_date": "2019-07-05", "url": "https://www.sec.gov/Archives/edgar/data/0001212458/000156761919014454/xslF345X03/doc1.xml"}, {"form_type": "4", "filings_date": "2019-07-02", "url": "https://www.sec.gov/Archives/edgar/data/0001212458/000156761919014333/xslF345X03/doc1.xml"}, {"form_type": "4", "filings_date": "2019-07-02", "url": "https://www.sec.gov/Archives/edgar/data/0001212458/000156761919014332/xslF345X03/doc1.xml"}, {"form_type": "4", "filings_date": "2019-07-02", "url": "https://www.sec.gov/Archives/edgar/data/0001212458/000156761919014331/xslF345X03/doc1.xml"}, {"form_type": "4", "filings_date": "2019-07-02", "url": "https://www.sec.gov/Archives/edgar/data/0001212458/000156761919014330/xslF345X03/doc1.xml"}, {"form_type": "4", "filings_date": "2019-07-02", "url": "https://www.sec.gov/Archives/edgar/data/0001212458/000156761919014329/xslF345X03/doc1.xml"}, {"form_type": "4", "filings_date": "2019-07-02", "url": "https://www.sec.gov/Archives/edgar/data/0001212458/000156761919014328/xslF345X03/doc1.xml"}, {"form_type": "4", "filings_date": "2019-07-02", "url": "https://www.sec.gov/Archives/edgar/data/0001212458/000156761919014327/xslF345X03/doc1.xml"}, {"form_type": "4", "filings_date": "2019-07-02", "url": "https://www.sec.gov/Archives/edgar/data/0001212458/000156761919014326/xslF345X03/doc1.xml"}, {"form_type": "4", "filings_date": "2019-07-02", "url": "https://www.sec.gov/Archives/edgar/data/0001212458/000156761919014325/xslF345X03/doc1.xml"}, {"form_type": "4", "filings_date": "2019-06-14", "url": "https://www.sec.gov/Archives/edgar/data/0001212458/000156761919013413/xslF345X03/doc1.xml"}, {"form_type": "4", "filings_date": "2019-06-12", "url": "https://www.sec.gov/Archives/edgar/data/0001212458/000156761919013286/xslF345X03/doc1.xml"}, {"form_type": "4", "filings_date": "2019-06-10", "url": "https://www.sec.gov/Archives/edgar/data/0001212458/000156761919013188/xslF345X03/doc1.xml"}, {"form_type": "8-K", "filings_date": "2019-06-07", "url": "https://www.sec.gov/Archives/edgar/data/0001212458/000119312519168174/d759962d8k.htm"}, {"form_type": "4", "filings_date": "2019-06-03", "url": "https://www.sec.gov/Archives/edgar/data/0001212458/000156761919012613/xslF345X03/doc1.xml"}, {"form_type": "4", "filings_date": "2019-06-03", "url": "https://www.sec.gov/Archives/edgar/data/0001212458/000156761919012612/xslF345X03/doc1.xml"}, {"form_type": "4", "filings_date": "2019-06-03", "url": "https://www.sec.gov/Archives/edgar/data/0001212458/000156761919012611/xslF345X03/doc1.xml"}, {"form_type": "DEFA14A", "filings_date": "2019-06-03", "url": "https://www.sec.gov/Archives/edgar/data/0001212458/000119312519164095/d733950ddefa14a.htm"}, {"form_type": "4", "filings_date": "2019-05-22", "url": "https://www.sec.gov/Archives/edgar/data/0001212458/000156761919011853/xslF345X03/doc1.xml"}, {"form_type": "4", "filings_date": "2019-05-17", "url": "https://www.sec.gov/Archives/edgar/data/0001212458/000156761919011548/xslF345X03/doc1.xml"}, {"form_type": "4", "filings_date": "2019-05-17", "url": "https://www.sec.gov/Archives/edgar/data/0001212458/000156761919011547/xslF345X03/doc1.xml"}, {"form_type": "S-8", "filings_date": "2019-05-17", "url": "https://www.sec.gov/Archives/edgar/data/0001212458/000119312519150634/d730773ds8.htm"}, {"form_type": "4", "filings_date": "2019-05-10", "url": "https://www.sec.gov/Archives/edgar/data/0001212458/000156761919010457/xslF345X03/doc1.xml"}, {"form_type": "10-Q", "filings_date": "2019-05-02", "url": "https://www.sec.gov/Archives/edgar/data/0001212458/000156459019015322/pfpt-10q_20190331.htm"}, {"form_type": "8-K", "filings_date": "2019-04-25", "url": "https://www.sec.gov/Archives/edgar/data/0001212458/000156459019013039/pfpt-8k_20190425.htm"}, {"form_type": "4", "filings_date": "2019-04-17", "url": "https://www.sec.gov/Archives/edgar/data/0001212458/000156761919008899/xslF345X03/doc1.xml"}, {"form_type": "4", "filings_date": "2019-04-17", "url": "https://www.sec.gov/Archives/edgar/data/0001212458/000156761919008898/xslF345X03/doc1.xml"}, {"form_type": "DEFA14A", "filings_date": "2019-04-17", "url": "https://www.sec.gov/Archives/edgar/data/0001212458/000156459019011849/pfpt-defa14a_20190606.htm"}, {"form_type": "DEF 14A", "filings_date": "2019-04-17", "url": "https://www.sec.gov/Archives/edgar/data/0001212458/000156459019011844/pfpt-def14a_20190606.htm"}, {"form_type": "4", "filings_date": "2019-04-10", "url": "https://www.sec.gov/Archives/edgar/data/0001212458/000156761919008675/xslF345X03/doc1.xml"}, {"form_type": "4", "filings_date": "2019-04-10", "url": "https://www.sec.gov/Archives/edgar/data/0001212458/000156761919008674/xslF345X03/doc1.xml"}, {"form_type": "4", "filings_date": "2019-04-04", "url": "https://www.sec.gov/Archives/edgar/data/0001212458/000156761919008417/xslF345X03/doc1.xml"}, {"form_type": "4", "filings_date": "2019-04-04", "url": "https://www.sec.gov/Archives/edgar/data/0001212458/000156761919008416/xslF345X03/doc1.xml"}, {"form_type": "4", "filings_date": "2019-04-01", "url": "https://www.sec.gov/Archives/edgar/data/0001212458/000156761919008007/xslF345X03/doc1.xml"}, {"form_type": "4", "filings_date": "2019-04-01", "url": "https://www.sec.gov/Archives/edgar/data/0001212458/000156761919008006/xslF345X03/doc1.xml"}, {"form_type": "4", "filings_date": "2019-04-01", "url": "https://www.sec.gov/Archives/edgar/data/0001212458/000156761919008005/xslF345X03/doc1.xml"}, {"form_type": "4", "filings_date": "2019-04-01", "url": "https://www.sec.gov/Archives/edgar/data/0001212458/000156761919008004/xslF345X03/doc1.xml"}, {"form_type": "4", "filings_date": "2019-04-01", "url": "https://www.sec.gov/Archives/edgar/data/0001212458/000156761919008003/xslF345X03/doc1.xml"}, {"form_type": "4", "filings_date": "2019-04-01", "url": "https://www.sec.gov/Archives/edgar/data/0001212458/000156761919008002/xslF345X03/doc1.xml"}, {"form_type": "4", "filings_date": "2019-03-27", "url": "https://www.sec.gov/Archives/edgar/data/0001212458/000156761919007732/xslF345X03/doc1.xml"}, {"form_type": "4", "filings_date": "2019-03-25", "url": "https://www.sec.gov/Archives/edgar/data/0001212458/000156761919007593/xslF345X03/doc1.xml"}, {"form_type": "4", "filings_date": "2019-03-25", "url": "https://www.sec.gov/Archives/edgar/data/0001212458/000156761919007592/xslF345X03/doc1.xml"}, {"form_type": "4", "filings_date": "2019-03-25", "url": "https://www.sec.gov/Archives/edgar/data/0001212458/000156761919007591/xslF345X03/doc1.xml"}, {"form_type": "4", "filings_date": "2019-03-25", "url": "https://www.sec.gov/Archives/edgar/data/0001212458/000156761919007590/xslF345X03/doc1.xml"}, {"form_type": "8-K", "filings_date": "2019-03-15", "url": "https://www.sec.gov/Archives/edgar/data/0001212458/000119312519076729/d716613d8k.htm"}, {"form_type": "4", "filings_date": "2019-03-15", "url": "https://www.sec.gov/Archives/edgar/data/0001212458/000156761919006965/xslF345X03/doc1.xml"}, {"form_type": "4", "filings_date": "2019-03-15", "url": "https://www.sec.gov/Archives/edgar/data/0001212458/000156761919006963/xslF345X03/doc1.xml"}, {"form_type": "4", "filings_date": "2019-03-12", "url": "https://www.sec.gov/Archives/edgar/data/0001212458/000156761919006673/xslF345X03/doc1.xml"}, {"form_type": "4", "filings_date": "2019-03-05", "url": "https://www.sec.gov/Archives/edgar/data/0001212458/000156761919006176/xslF345X03/doc1.xml"}, {"form_type": "S-8", "filings_date": "2019-02-21", "url": "https://www.sec.gov/Archives/edgar/data/0001212458/000110465919009840/a19-4810_1s8.htm"}, {"form_type": "10-K", "filings_date": "2019-02-21", "url": "https://www.sec.gov/Archives/edgar/data/0001212458/000156459019003699/pfpt-10k_20181231.htm"}, {"form_type": "8-K", "filings_date": "2019-02-20", "url": "https://www.sec.gov/Archives/edgar/data/0001212458/000110465919009556/a19-5057_18k.htm"}, {"form_type": "4", "filings_date": "2019-02-19", "url": "https://www.sec.gov/Archives/edgar/data/0001212458/000156761919004900/xslF345X03/doc1.xml"}, {"form_type": "4", "filings_date": "2019-02-19", "url": "https://www.sec.gov/Archives/edgar/data/0001212458/000156761919004899/xslF345X03/doc1.xml"}, {"form_type": "SC 13G/A", "filings_date": "2019-02-14", "url": "https://www.sec.gov/Archives/edgar/data/0001212458/000008025519002617/pfpt13gadec18.txt"}, {"form_type": "SC 13G/A", "filings_date": "2019-02-12", "url": "https://www.sec.gov/Archives/edgar/data/0001212458/000093247119005957/proofpointinc.htm"}, {"form_type": "4", "filings_date": "2019-02-07", "url": "https://www.sec.gov/Archives/edgar/data/0001212458/000156761919002667/xslF345X03/doc1.xml"}, {"form_type": "4", "filings_date": "2019-02-07", "url": "https://www.sec.gov/Archives/edgar/data/0001212458/000156761919002666/xslF345X03/doc1.xml"}, {"form_type": "SC 13G/A", "filings_date": "2019-02-07", "url": "https://www.sec.gov/Archives/edgar/data/0001212458/000119312519030144/d656347dsc13ga.txt"}, {"form_type": "4", "filings_date": "2019-02-05", "url": "https://www.sec.gov/Archives/edgar/data/0001212458/000156761919002394/xslF345X03/doc1.xml"}, {"form_type": "4", "filings_date": "2019-02-05", "url": "https://www.sec.gov/Archives/edgar/data/0001212458/000156761919002392/xslF345X03/doc1.xml"}, {"form_type": "4", "filings_date": "2019-02-05", "url": "https://www.sec.gov/Archives/edgar/data/0001212458/000156761919002391/xslF345X03/doc1.xml"}, {"form_type": "4", "filings_date": "2019-02-05", "url": "https://www.sec.gov/Archives/edgar/data/0001212458/000156761919002390/xslF345X03/doc1.xml"}, {"form_type": "4", "filings_date": "2019-02-05", "url": "https://www.sec.gov/Archives/edgar/data/0001212458/000156761919002389/xslF345X03/doc1.xml"}, {"form_type": "4", "filings_date": "2019-02-05", "url": "https://www.sec.gov/Archives/edgar/data/0001212458/000156761919002388/xslF345X03/doc1.xml"}, {"form_type": "4", "filings_date": "2019-02-05", "url": "https://www.sec.gov/Archives/edgar/data/0001212458/000156761919002387/xslF345X03/doc1.xml"}, {"form_type": "4", "filings_date": "2019-02-01", "url": "https://www.sec.gov/Archives/edgar/data/0001212458/000156761919002169/xslF345X03/doc1.xml"}, {"form_type": "8-K", "filings_date": "2019-01-31", "url": "https://www.sec.gov/Archives/edgar/data/0001212458/000110465919004777/a19-3812_18k.htm"}, {"form_type": "4", "filings_date": "2019-01-03", "url": "https://www.sec.gov/Archives/edgar/data/0001212458/000156761919000323/xslF345X03/doc1.xml"}, {"form_type": "4", "filings_date": "2018-12-13", "url": "https://www.sec.gov/Archives/edgar/data/0001212458/000156761918007938/xslF345X03/doc1.xml"}, {"form_type": "4", "filings_date": "2018-11-30", "url": "https://www.sec.gov/Archives/edgar/data/0001212458/000156761918007166/xslF345X03/doc1.xml"}, {"form_type": "10-Q", "filings_date": "2018-11-01", "url": "https://www.sec.gov/Archives/edgar/data/0001212458/000156459018026222/pfpt-10q_20180930.htm"}, {"form_type": "4", "filings_date": "2018-10-29", "url": "https://www.sec.gov/Archives/edgar/data/0001212458/000156761918004722/xslF345X03/doc1.xml"}, {"form_type": "3", "filings_date": "2018-10-29", "url": "https://www.sec.gov/Archives/edgar/data/0001212458/000156761918004721/xslF345X02/doc1.xml"}, {"form_type": "8-K", "filings_date": "2018-10-25", "url": "https://www.sec.gov/Archives/edgar/data/0001212458/000110465918063963/a18-37166_38k.htm"}, {"form_type": "8-K", "filings_date": "2018-10-25", "url": "https://www.sec.gov/Archives/edgar/data/0001212458/000110465918063961/a18-37166_18k.htm"}, {"form_type": "8-K", "filings_date": "2018-10-25", "url": "https://www.sec.gov/Archives/edgar/data/0001212458/000110465918063940/a18-37166_28k.htm"}, {"form_type": "4", "filings_date": "2018-10-05", "url": "https://www.sec.gov/Archives/edgar/data/0001212458/000156761918003752/xslF345X03/doc1.xml"}, {"form_type": "4", "filings_date": "2018-10-04", "url": "https://www.sec.gov/Archives/edgar/data/0001212458/000156761918003722/xslF345X03/doc1.xml"}, {"form_type": "4", "filings_date": "2018-10-02", "url": "https://www.sec.gov/Archives/edgar/data/0001212458/000156761918003511/xslF345X03/doc1.xml"}, {"form_type": "8-K", "filings_date": "2018-09-28", "url": "https://www.sec.gov/Archives/edgar/data/0001212458/000110465918059425/a18-36069_18k.htm"}, {"form_type": "SC 13G/A", "filings_date": "2018-09-10", "url": "https://www.sec.gov/Archives/edgar/data/0001212458/000008025518002818/pfpt13gaaug18.txt"}, {"form_type": "4", "filings_date": "2018-09-07", "url": "https://www.sec.gov/Archives/edgar/data/0001212458/000156761918002293/xslF345X03/doc1.xml"}, {"form_type": "4", "filings_date": "2018-09-07", "url": "https://www.sec.gov/Archives/edgar/data/0001212458/000156761918002292/xslF345X03/doc1.xml"}, {"form_type": "4", "filings_date": "2018-09-05", "url": "https://www.sec.gov/Archives/edgar/data/0001212458/000156761918002148/xslF345X03/doc1.xml"}, {"form_type": "4", "filings_date": "2018-09-05", "url": "https://www.sec.gov/Archives/edgar/data/0001212458/000156761918002147/xslF345X03/doc1.xml"}, {"form_type": "8-K", "filings_date": "2018-08-31", "url": "https://www.sec.gov/Archives/edgar/data/0001212458/000110465918054791/a18-24119_18k.htm"}, {"form_type": "8-K", "filings_date": "2018-08-21", "url": "https://www.sec.gov/Archives/edgar/data/0001212458/000110465918053047/a18-20046_18k.htm"}, {"form_type": "4", "filings_date": "2018-08-21", "url": "https://www.sec.gov/Archives/edgar/data/0001212458/000156761918001568/xslF345X03/doc1.xml"}, {"form_type": "4", "filings_date": "2018-08-20", "url": "https://www.sec.gov/Archives/edgar/data/0001212458/000156761918001495/xslF345X03/doc1.xml"}, {"form_type": "4", "filings_date": "2018-08-10", "url": "https://www.sec.gov/Archives/edgar/data/0001212458/000156761918000409/xslF345X03/doc1.xml"}, {"form_type": "4", "filings_date": "2018-08-03", "url": "https://www.sec.gov/Archives/edgar/data/0001212458/000114036118035449/xslF345X03/doc1.xml"}, {"form_type": "4", "filings_date": "2018-08-03", "url": "https://www.sec.gov/Archives/edgar/data/0001212458/000114036118035448/xslF345X03/doc1.xml"}, {"form_type": "4", "filings_date": "2018-08-03", "url": "https://www.sec.gov/Archives/edgar/data/0001212458/000114036118035447/xslF345X03/doc1.xml"}, {"form_type": "10-Q", "filings_date": "2018-08-02", "url": "https://www.sec.gov/Archives/edgar/data/0001212458/000156459018018925/pfpt-10q_20180630.htm"}, {"form_type": "8-K", "filings_date": "2018-07-26", "url": "https://www.sec.gov/Archives/edgar/data/0001212458/000110465918047400/a18-17793_18k.htm"}, {"form_type": "4", "filings_date": "2018-07-19", "url": "https://www.sec.gov/Archives/edgar/data/0001212458/000120919118043387/xslF345X03/doc4.xml"}, {"form_type": "4", "filings_date": "2018-07-18", "url": "https://www.sec.gov/Archives/edgar/data/0001212458/000114036118032829/xslF345X03/doc1.xml"}, {"form_type": "4", "filings_date": "2018-07-18", "url": "https://www.sec.gov/Archives/edgar/data/0001212458/000114036118032828/xslF345X03/doc1.xml"}, {"form_type": "4", "filings_date": "2018-07-18", "url": "https://www.sec.gov/Archives/edgar/data/0001212458/000114036118032827/xslF345X03/doc1.xml"}, {"form_type": "4", "filings_date": "2018-07-18", "url": "https://www.sec.gov/Archives/edgar/data/0001212458/000114036118032826/xslF345X03/doc1.xml"}, {"form_type": "4", "filings_date": "2018-07-18", "url": "https://www.sec.gov/Archives/edgar/data/0001212458/000114036118032825/xslF345X03/doc1.xml"}, {"form_type": "4", "filings_date": "2018-07-18", "url": "https://www.sec.gov/Archives/edgar/data/0001212458/000114036118032824/xslF345X03/doc1.xml"}, {"form_type": "4", "filings_date": "2018-07-16", "url": "https://www.sec.gov/Archives/edgar/data/0001212458/000114036118032638/xslF345X03/doc1.xml"}, {"form_type": "4", "filings_date": "2018-07-13", "url": "https://www.sec.gov/Archives/edgar/data/0001212458/000114036118032429/xslF345X03/doc1.xml"}, {"form_type": "4", "filings_date": "2018-07-12", "url": "https://www.sec.gov/Archives/edgar/data/0001212458/000114036118032293/xslF345X03/doc1.xml"}, {"form_type": "4", "filings_date": "2018-07-11", "url": "https://www.sec.gov/Archives/edgar/data/0001212458/000114036118032175/xslF345X03/doc1.xml"}, {"form_type": "3", "filings_date": "2018-07-11", "url": "https://www.sec.gov/Archives/edgar/data/0001212458/000114036118032173/xslF345X02/doc1.xml"}, {"form_type": "SC 13G/A", "filings_date": "2018-07-10", "url": "https://www.sec.gov/Archives/edgar/data/0001212458/000021545718005877/us7434241037_070518.txt"}, {"form_type": "4", "filings_date": "2018-07-09", "url": "https://www.sec.gov/Archives/edgar/data/0001212458/000114036118031928/xslF345X03/doc1.xml"}, {"form_type": "8-K", "filings_date": "2018-07-09", "url": "https://www.sec.gov/Archives/edgar/data/0001212458/000110465918044206/a18-16530_18k.htm"}, {"form_type": "4", "filings_date": "2018-06-20", "url": "https://www.sec.gov/Archives/edgar/data/0001212458/000114036118029406/xslF345X03/doc1.xml"}, {"form_type": "4", "filings_date": "2018-06-11", "url": "https://www.sec.gov/Archives/edgar/data/0001212458/000114036118027954/xslF345X03/doc1.xml"}, {"form_type": "4", "filings_date": "2018-06-11", "url": "https://www.sec.gov/Archives/edgar/data/0001212458/000114036118027953/xslF345X03/doc1.xml"}, {"form_type": "4", "filings_date": "2018-06-08", "url": "https://www.sec.gov/Archives/edgar/data/0001212458/000114036118027942/xslF345X03/doc1.xml"}, {"form_type": "4", "filings_date": "2018-06-05", "url": "https://www.sec.gov/Archives/edgar/data/0001212458/000114036118027398/xslF345X03/doc1.xml"}, {"form_type": "4", "filings_date": "2018-06-05", "url": "https://www.sec.gov/Archives/edgar/data/0001212458/000114036118027397/xslF345X03/doc1.xml"}, {"form_type": "4", "filings_date": "2018-06-05", "url": "https://www.sec.gov/Archives/edgar/data/0001212458/000114036118027396/xslF345X03/doc1.xml"}, {"form_type": "4", "filings_date": "2018-06-05", "url": "https://www.sec.gov/Archives/edgar/data/0001212458/000114036118027395/xslF345X03/doc1.xml"}, {"form_type": "4", "filings_date": "2018-06-05", "url": "https://www.sec.gov/Archives/edgar/data/0001212458/000114036118027394/xslF345X03/doc1.xml"}, {"form_type": "4", "filings_date": "2018-06-05", "url": "https://www.sec.gov/Archives/edgar/data/0001212458/000114036118027393/xslF345X03/doc1.xml"}, {"form_type": "8-K", "filings_date": "2018-06-01", "url": "https://www.sec.gov/Archives/edgar/data/0001212458/000110465918037611/a18-14715_18k.htm"}, {"form_type": "4", "filings_date": "2018-05-30", "url": "https://www.sec.gov/Archives/edgar/data/0001212458/000114036118026303/xslF345X03/doc1.xml"}, {"form_type": "8-K", "filings_date": "2018-05-30", "url": "https://www.sec.gov/Archives/edgar/data/0001212458/000110465918036549/a18-14560_18k.htm"}, {"form_type": "4", "filings_date": "2018-05-18", "url": "https://www.sec.gov/Archives/edgar/data/0001212458/000114036118024761/xslF345X03/doc1.xml"}, {"form_type": "8-K/A", "filings_date": "2018-05-03", "url": "https://www.sec.gov/Archives/edgar/data/0001212458/000121245818000005/a8-kawombatacquisition2018.htm"}, {"form_type": "10-Q", "filings_date": "2018-05-03", "url": "https://www.sec.gov/Archives/edgar/data/0001212458/000121245818000004/proofpoint-03312018x10q.htm"}, {"form_type": "8-K", "filings_date": "2018-04-26", "url": "https://www.sec.gov/Archives/edgar/data/0001212458/000110465918027178/a18-12277_18k.htm"}, {"form_type": "8-K", "filings_date": "2018-04-26", "url": "https://www.sec.gov/Archives/edgar/data/0001212458/000110465918027167/a18-12214_18k.htm"}, {"form_type": "4", "filings_date": "2018-04-19", "url": "https://www.sec.gov/Archives/edgar/data/0001212458/000114036118019072/xslF345X03/doc1.xml"}, {"form_type": "4", "filings_date": "2018-04-18", "url": "https://www.sec.gov/Archives/edgar/data/0001212458/000114036118018990/xslF345X03/doc1.xml"}, {"form_type": "DEFA14A", "filings_date": "2018-04-17", "url": "https://www.sec.gov/Archives/edgar/data/0001212458/000121245818000003/a2018proxydefa14a.htm"}, {"form_type": "DEF 14A", "filings_date": "2018-04-17", "url": "https://www.sec.gov/Archives/edgar/data/0001212458/000121245818000002/proxy2018.htm"}, {"form_type": "4", "filings_date": "2018-04-10", "url": "https://www.sec.gov/Archives/edgar/data/0001212458/000114036118018094/xslF345X03/doc1.xml"}, {"form_type": "SC 13G/A", "filings_date": "2018-04-10", "url": "https://www.sec.gov/Archives/edgar/data/0001212458/000007297118000290/wf_proofpoint-743424103x.htm"}, {"form_type": "4", "filings_date": "2018-04-04", "url": "https://www.sec.gov/Archives/edgar/data/0001212458/000114036118017233/xslF345X03/doc1.xml"}, {"form_type": "4", "filings_date": "2018-04-02", "url": "https://www.sec.gov/Archives/edgar/data/0001212458/000114036118016551/xslF345X03/doc1.xml"}, {"form_type": "4", "filings_date": "2018-04-02", "url": "https://www.sec.gov/Archives/edgar/data/0001212458/000114036118016549/xslF345X03/doc1.xml"}, {"form_type": "4", "filings_date": "2018-04-02", "url": "https://www.sec.gov/Archives/edgar/data/0001212458/000114036118016547/xslF345X03/doc1.xml"}, {"form_type": "4", "filings_date": "2018-04-02", "url": "https://www.sec.gov/Archives/edgar/data/0001212458/000114036118016546/xslF345X03/doc1.xml"}, {"form_type": "4", "filings_date": "2018-04-02", "url": "https://www.sec.gov/Archives/edgar/data/0001212458/000114036118016545/xslF345X03/doc1.xml"}, {"form_type": "4", "filings_date": "2018-03-27", "url": "https://www.sec.gov/Archives/edgar/data/0001212458/000114036118015308/xslF345X03/doc1.xml"}, {"form_type": "4", "filings_date": "2018-03-27", "url": "https://www.sec.gov/Archives/edgar/data/0001212458/000114036118015307/xslF345X03/doc1.xml"}, {"form_type": "4", "filings_date": "2018-03-27", "url": "https://www.sec.gov/Archives/edgar/data/0001212458/000114036118015306/xslF345X03/doc1.xml"}, {"form_type": "4", "filings_date": "2018-03-27", "url": "https://www.sec.gov/Archives/edgar/data/0001212458/000114036118015305/xslF345X03/doc1.xml"}, {"form_type": "4", "filings_date": "2018-03-27", "url": "https://www.sec.gov/Archives/edgar/data/0001212458/000114036118015304/xslF345X03/doc1.xml"}, {"form_type": "4", "filings_date": "2018-03-21", "url": "https://www.sec.gov/Archives/edgar/data/0001212458/000114036118014533/xslF345X03/doc1.xml"}, {"form_type": "4", "filings_date": "2018-03-21", "url": "https://www.sec.gov/Archives/edgar/data/0001212458/000114036118014532/xslF345X03/doc1.xml"}, {"form_type": "4", "filings_date": "2018-03-21", "url": "https://www.sec.gov/Archives/edgar/data/0001212458/000114036118014531/xslF345X03/doc1.xml"}, {"form_type": "4", "filings_date": "2018-03-21", "url": "https://www.sec.gov/Archives/edgar/data/0001212458/000114036118014530/xslF345X03/doc1.xml"}, {"form_type": "4", "filings_date": "2018-03-21", "url": "https://www.sec.gov/Archives/edgar/data/0001212458/000114036118014529/xslF345X03/doc1.xml"}, {"form_type": "4", "filings_date": "2018-03-21", "url": "https://www.sec.gov/Archives/edgar/data/0001212458/000114036118014528/xslF345X03/doc1.xml"}, {"form_type": "4", "filings_date": "2018-03-15", "url": "https://www.sec.gov/Archives/edgar/data/0001212458/000114036118013747/xslF345X03/doc1.xml"}, {"form_type": "8-K", "filings_date": "2018-03-01", "url": "https://www.sec.gov/Archives/edgar/data/0001212458/000110465918013765/a18-7287_18k.htm"}, {"form_type": "S-8", "filings_date": "2018-02-23", "url": "https://www.sec.gov/Archives/edgar/data/0001212458/000110465918011712/a18-6216_1s8.htm"}, {"form_type": "10-K", "filings_date": "2018-02-23", "url": "https://www.sec.gov/Archives/edgar/data/0001212458/000121245818000001/a12312017-10k.htm"}, {"form_type": "4", "filings_date": "2018-02-22", "url": "https://www.sec.gov/Archives/edgar/data/0001212458/000114036118009648/xslF345X03/doc1.xml"}, {"form_type": "4", "filings_date": "2018-02-22", "url": "https://www.sec.gov/Archives/edgar/data/0001212458/000114036118009647/xslF345X03/doc1.xml"}, {"form_type": "4", "filings_date": "2018-02-21", "url": "https://www.sec.gov/Archives/edgar/data/0001212458/000114036118009495/xslF345X03/doc1.xml"}, {"form_type": "3/A", "filings_date": "2018-02-21", "url": "https://www.sec.gov/Archives/edgar/data/0001212458/000114036118009494/xslF345X02/doc1.xml"}, {"form_type": "4", "filings_date": "2018-02-16", "url": "https://www.sec.gov/Archives/edgar/data/0001212458/000114036118008853/xslF345X03/doc1.xml"}, {"form_type": "4", "filings_date": "2018-02-16", "url": "https://www.sec.gov/Archives/edgar/data/0001212458/000114036118008852/xslF345X03/doc1.xml"}, {"form_type": "SC 13G/A", "filings_date": "2018-02-14", "url": "https://www.sec.gov/Archives/edgar/data/0001212458/000008025518002515/pfpt13gadec17.txt"}, {"form_type": "SC 13G/A", "filings_date": "2018-02-12", "url": "https://www.sec.gov/Archives/edgar/data/0001212458/000093247118004481/proofpointinc.htm"}, {"form_type": "SC 13G", "filings_date": "2018-02-07", "url": "https://www.sec.gov/Archives/edgar/data/0001212458/000119312518034031/d526233dsc13g.txt"}, {"form_type": "8-K", "filings_date": "2018-02-06", "url": "https://www.sec.gov/Archives/edgar/data/0001212458/000110465918006846/a18-5453_18k.htm"}, {"form_type": "4", "filings_date": "2018-02-05", "url": "https://www.sec.gov/Archives/edgar/data/0001212458/000114036118005075/xslF345X03/doc1.xml"}, {"form_type": "4", "filings_date": "2018-02-05", "url": "https://www.sec.gov/Archives/edgar/data/0001212458/000114036118005072/xslF345X03/doc1.xml"}, {"form_type": "4", "filings_date": "2018-02-05", "url": "https://www.sec.gov/Archives/edgar/data/0001212458/000114036118005067/xslF345X03/doc1.xml"}, {"form_type": "4", "filings_date": "2018-02-05", "url": "https://www.sec.gov/Archives/edgar/data/0001212458/000114036118005063/xslF345X03/doc1.xml"}, {"form_type": "4", "filings_date": "2018-02-05", "url": "https://www.sec.gov/Archives/edgar/data/0001212458/000114036118005059/xslF345X03/doc1.xml"}, {"form_type": "4", "filings_date": "2018-02-05", "url": "https://www.sec.gov/Archives/edgar/data/0001212458/000114036118005058/xslF345X03/doc1.xml"}, {"form_type": "SC 13G", "filings_date": "2018-01-30", "url": "https://www.sec.gov/Archives/edgar/data/0001212458/000007297118000224/wf_proofpoint-743424103.htm"}, {"form_type": "SC 13G/A", "filings_date": "2018-01-29", "url": "https://www.sec.gov/Archives/edgar/data/0001212458/000021545718003530/us7434241037_012418.txt"}, {"form_type": "4", "filings_date": "2018-01-18", "url": "https://www.sec.gov/Archives/edgar/data/0001212458/000114036118002453/xslF345X03/doc1.xml"}, {"form_type": "4", "filings_date": "2018-01-09", "url": "https://www.sec.gov/Archives/edgar/data/0001212458/000114036118001488/xslF345X03/doc1.xml"}, {"form_type": "4", "filings_date": "2018-01-08", "url": "https://www.sec.gov/Archives/edgar/data/0001212458/000114036118001235/xslF345X03/doc1.xml"}, {"form_type": "4", "filings_date": "2018-01-04", "url": "https://www.sec.gov/Archives/edgar/data/0001212458/000114036118000947/xslF345X03/doc1.xml"}, {"form_type": "8-K", "filings_date": "2017-12-27", "url": "https://www.sec.gov/Archives/edgar/data/0001212458/000110465917075217/a17-28960_18k.htm"}, {"form_type": "4", "filings_date": "2017-12-19", "url": "https://www.sec.gov/Archives/edgar/data/0001212458/000114036117046804/xslF345X03/doc1.xml"}, {"form_type": "4", "filings_date": "2017-12-11", "url": "https://www.sec.gov/Archives/edgar/data/0001212458/000114036117045743/xslF345X03/doc1.xml"}, {"form_type": "4", "filings_date": "2017-12-07", "url": "https://www.sec.gov/Archives/edgar/data/0001212458/000114036117045323/xslF345X03/doc1.xml"}, {"form_type": "4", "filings_date": "2017-12-06", "url": "https://www.sec.gov/Archives/edgar/data/0001212458/000114036117045191/xslF345X03/doc1.xml"}, {"form_type": "S-8", "filings_date": "2017-12-01", "url": "https://www.sec.gov/Archives/edgar/data/0001212458/000110465917071457/a17-27844_1s8.htm"}, {"form_type": "8-K", "filings_date": "2017-11-22", "url": "https://www.sec.gov/Archives/edgar/data/0001212458/000110465917070223/a17-27530_18k.htm"}, {"form_type": "4", "filings_date": "2017-11-21", "url": "https://www.sec.gov/Archives/edgar/data/0001212458/000114036117043591/xslF345X03/doc1.xml"}, {"form_type": "4", "filings_date": "2017-11-20", "url": "https://www.sec.gov/Archives/edgar/data/0001212458/000114036117043373/xslF345X03/doc1.xml"}, {"form_type": "4", "filings_date": "2017-11-17", "url": "https://www.sec.gov/Archives/edgar/data/0001212458/000114036117043226/xslF345X03/doc1.xml"}, {"form_type": "4", "filings_date": "2017-11-16", "url": "https://www.sec.gov/Archives/edgar/data/0001212458/000114036117043102/xslF345X03/doc1.xml"}, {"form_type": "4", "filings_date": "2017-11-14", "url": "https://www.sec.gov/Archives/edgar/data/0001212458/000114036117042907/xslF345X03/doc1.xml"}, {"form_type": "SC 13G/A", "filings_date": "2017-11-13", "url": "https://www.sec.gov/Archives/edgar/data/0001212458/000008025517001398/pfpt13gaoct17.htm"}, {"form_type": "8-K", "filings_date": "2017-11-07", "url": "https://www.sec.gov/Archives/edgar/data/0001212458/000110465917066461/a17-26119_18k.htm"}, {"form_type": "10-Q", "filings_date": "2017-10-31", "url": "https://www.sec.gov/Archives/edgar/data/0001212458/000162828017010429/proofpoint-09302017x10q.htm"}, {"form_type": "4", "filings_date": "2017-10-19", "url": "https://www.sec.gov/Archives/edgar/data/0001212458/000114036117039095/xslF345X03/doc1.xml"}, {"form_type": "3", "filings_date": "2017-10-19", "url": "https://www.sec.gov/Archives/edgar/data/0001212458/000114036117039094/xslF345X02/doc1.xml"}, {"form_type": "8-K", "filings_date": "2017-10-19", "url": "https://www.sec.gov/Archives/edgar/data/0001212458/000110465917062952/a17-24204_18k.htm"}, {"form_type": "4", "filings_date": "2017-10-18", "url": "https://www.sec.gov/Archives/edgar/data/0001212458/000114036117039030/xslF345X03/doc1.xml"}, {"form_type": "4", "filings_date": "2017-10-10", "url": "https://www.sec.gov/Archives/edgar/data/0001212458/000114036117038053/xslF345X03/doc1.xml"}, {"form_type": "4", "filings_date": "2017-10-05", "url": "https://www.sec.gov/Archives/edgar/data/0001212458/000114036117037729/xslF345X03/doc1.xml"}, {"form_type": "4", "filings_date": "2017-10-05", "url": "https://www.sec.gov/Archives/edgar/data/0001212458/000114036117037728/xslF345X03/doc1.xml"}, {"form_type": "4", "filings_date": "2017-09-21", "url": "https://www.sec.gov/Archives/edgar/data/0001212458/000114036117036126/xslF345X03/doc1.xml"}, {"form_type": "4", "filings_date": "2017-09-20", "url": "https://www.sec.gov/Archives/edgar/data/0001212458/000114036117036035/xslF345X03/doc1.xml"}, {"form_type": "4", "filings_date": "2017-09-18", "url": "https://www.sec.gov/Archives/edgar/data/0001212458/000114036117035767/xslF345X03/doc1.xml"}, {"form_type": "4", "filings_date": "2017-09-13", "url": "https://www.sec.gov/Archives/edgar/data/0001212458/000114036117035329/xslF345X03/doc1.xml"}, {"form_type": "8-K", "filings_date": "2017-09-07", "url": "https://www.sec.gov/Archives/edgar/data/0001212458/000110465917056119/a17-21446_18k.htm"}, {"form_type": "4", "filings_date": "2017-08-29", "url": "https://www.sec.gov/Archives/edgar/data/0001212458/000114036117033542/xslF345X03/doc1.xml"}, {"form_type": "4", "filings_date": "2017-08-24", "url": "https://www.sec.gov/Archives/edgar/data/0001212458/000114036117033219/xslF345X03/doc1.xml"}, {"form_type": "4", "filings_date": "2017-08-24", "url": "https://www.sec.gov/Archives/edgar/data/0001212458/000114036117033218/xslF345X03/doc1.xml"}, {"form_type": "4", "filings_date": "2017-08-21", "url": "https://www.sec.gov/Archives/edgar/data/0001212458/000114036117032905/xslF345X03/doc1.xml"}, {"form_type": "4", "filings_date": "2017-08-18", "url": "https://www.sec.gov/Archives/edgar/data/0001212458/000114036117032729/xslF345X03/doc1.xml"}, {"form_type": "10-Q", "filings_date": "2017-08-01", "url": "https://www.sec.gov/Archives/edgar/data/0001212458/000162828017007751/proofpoint-06302017x10q.htm"}, {"form_type": "8-K", "filings_date": "2017-07-27", "url": "https://www.sec.gov/Archives/edgar/data/0001212458/000110465917047399/a17-18491_18k.htm"}, {"form_type": "4", "filings_date": "2017-07-19", "url": "https://www.sec.gov/Archives/edgar/data/0001212458/000114036117028207/xslF345X03/doc1.xml"}, {"form_type": "4", "filings_date": "2017-07-19", "url": "https://www.sec.gov/Archives/edgar/data/0001212458/000114036117028206/xslF345X03/doc1.xml"}, {"form_type": "3", "filings_date": "2017-07-19", "url": "https://www.sec.gov/Archives/edgar/data/0001212458/000114036117028205/xslF345X02/doc1.xml"}, {"form_type": "8-K", "filings_date": "2017-07-19", "url": "https://www.sec.gov/Archives/edgar/data/0001212458/000110465917045789/a17-18122_18k.htm"}, {"form_type": "4", "filings_date": "2017-07-13", "url": "https://www.sec.gov/Archives/edgar/data/0001212458/000114036117027819/xslF345X03/doc1.xml"}, {"form_type": "4", "filings_date": "2017-07-12", "url": "https://www.sec.gov/Archives/edgar/data/0001212458/000114036117027698/xslF345X03/doc1.xml"}, {"form_type": "4", "filings_date": "2017-07-10", "url": "https://www.sec.gov/Archives/edgar/data/0001212458/000114036117027565/xslF345X03/doc1.xml"}, {"form_type": "4", "filings_date": "2017-07-10", "url": "https://www.sec.gov/Archives/edgar/data/0001212458/000114036117027564/xslF345X03/doc1.xml"}, {"form_type": "4", "filings_date": "2017-06-21", "url": "https://www.sec.gov/Archives/edgar/data/0001212458/000114036117025712/xslF345X03/doc1.xml"}, {"form_type": "4", "filings_date": "2017-06-14", "url": "https://www.sec.gov/Archives/edgar/data/0001212458/000114036117025037/xslF345X03/doc1.xml"}, {"form_type": "4", "filings_date": "2017-06-14", "url": "https://www.sec.gov/Archives/edgar/data/0001212458/000114036117025036/xslF345X03/doc1.xml"}, {"form_type": "4", "filings_date": "2017-06-14", "url": "https://www.sec.gov/Archives/edgar/data/0001212458/000114036117025035/xslF345X03/doc1.xml"}, {"form_type": "4", "filings_date": "2017-06-14", "url": "https://www.sec.gov/Archives/edgar/data/0001212458/000114036117025031/xslF345X03/doc1.xml"}, {"form_type": "4", "filings_date": "2017-06-14", "url": "https://www.sec.gov/Archives/edgar/data/0001212458/000114036117025029/xslF345X03/doc1.xml"}, {"form_type": "4", "filings_date": "2017-06-14", "url": "https://www.sec.gov/Archives/edgar/data/0001212458/000114036117025028/xslF345X03/doc1.xml"}, {"form_type": "4", "filings_date": "2017-06-14", "url": "https://www.sec.gov/Archives/edgar/data/0001212458/000120919117039869/xslF345X03/doc4.xml"}, {"form_type": "4", "filings_date": "2017-06-12", "url": "https://www.sec.gov/Archives/edgar/data/0001212458/000114036117024734/xslF345X03/doc1.xml"}, {"form_type": "4", "filings_date": "2017-06-09", "url": "https://www.sec.gov/Archives/edgar/data/0001212458/000114036117024614/xslF345X03/doc1.xml"}, {"form_type": "4", "filings_date": "2017-06-07", "url": "https://www.sec.gov/Archives/edgar/data/0001212458/000114036117024412/xslF345X03/doc1.xml"}, {"form_type": "4", "filings_date": "2017-06-07", "url": "https://www.sec.gov/Archives/edgar/data/0001212458/000114036117024411/xslF345X03/doc1.xml"}, {"form_type": "UPLOAD", "filings_date": "2017-06-07", "url": "https://www.sec.gov/Archives/edgar/data/0001212458/000000000017019906/filename1.pdf"}, {"form_type": "8-K", "filings_date": "2017-06-06", "url": "https://www.sec.gov/Archives/edgar/data/0001212458/000110465917037703/a17-14748_18k.htm"}, {"form_type": "4", "filings_date": "2017-06-02", "url": "https://www.sec.gov/Archives/edgar/data/0001212458/000114036117023624/xslF345X03/doc1.xml"}, {"form_type": "4", "filings_date": "2017-05-24", "url": "https://www.sec.gov/Archives/edgar/data/0001212458/000114036117022207/xslF345X03/doc1.xml"}, {"form_type": "CORRESP", "filings_date": "2017-05-24", "url": "https://www.sec.gov/Archives/edgar/data/0001212458/000121245817000005/filename1.htm"}, {"form_type": "4", "filings_date": "2017-05-23", "url": "https://www.sec.gov/Archives/edgar/data/0001212458/000114036117022041/xslF345X03/doc1.xml"}, {"form_type": "4", "filings_date": "2017-05-19", "url": "https://www.sec.gov/Archives/edgar/data/0001212458/000114036117021628/xslF345X03/doc1.xml"}, {"form_type": "4", "filings_date": "2017-05-18", "url": "https://www.sec.gov/Archives/edgar/data/0001212458/000114036117021416/xslF345X03/doc1.xml"}, {"form_type": "4", "filings_date": "2017-05-16", "url": "https://www.sec.gov/Archives/edgar/data/0001212458/000114036117021043/xslF345X03/doc1.xml"}, {"form_type": "UPLOAD", "filings_date": "2017-05-12", "url": "https://www.sec.gov/Archives/edgar/data/0001212458/000000000017016791/filename1.pdf"}, {"form_type": "4", "filings_date": "2017-05-11", "url": "https://www.sec.gov/Archives/edgar/data/0001212458/000114036117019791/xslF345X03/doc1.xml"}, {"form_type": "3", "filings_date": "2017-05-11", "url": "https://www.sec.gov/Archives/edgar/data/0001212458/000114036117019789/xslF345X02/doc1.xml"}, {"form_type": "8-K", "filings_date": "2017-05-11", "url": "https://www.sec.gov/Archives/edgar/data/0001212458/000110465917031919/a17-12943_18k.htm"}, {"form_type": "4", "filings_date": "2017-05-03", "url": "https://www.sec.gov/Archives/edgar/data/0001212458/000114036117018350/xslF345X03/doc1.xml"}, {"form_type": "4", "filings_date": "2017-05-03", "url": "https://www.sec.gov/Archives/edgar/data/0001212458/000114036117018347/xslF345X03/doc1.xml"}, {"form_type": "4", "filings_date": "2017-05-03", "url": "https://www.sec.gov/Archives/edgar/data/0001212458/000114036117018345/xslF345X03/doc1.xml"}, {"form_type": "4", "filings_date": "2017-05-03", "url": "https://www.sec.gov/Archives/edgar/data/0001212458/000114036117018344/xslF345X03/doc1.xml"}, {"form_type": "4", "filings_date": "2017-05-03", "url": "https://www.sec.gov/Archives/edgar/data/0001212458/000114036117018343/xslF345X03/doc1.xml"}, {"form_type": "4", "filings_date": "2017-05-03", "url": "https://www.sec.gov/Archives/edgar/data/0001212458/000114036117018342/xslF345X03/doc1.xml"}, {"form_type": "10-Q", "filings_date": "2017-04-27", "url": "https://www.sec.gov/Archives/edgar/data/0001212458/000162828017004422/proofpoint-03312017x10q.htm"}, {"form_type": "8-K", "filings_date": "2017-04-20", "url": "https://www.sec.gov/Archives/edgar/data/0001212458/000110465917024902/a17-11606_18k.htm"}, {"form_type": "4", "filings_date": "2017-04-19", "url": "https://www.sec.gov/Archives/edgar/data/0001212458/000114036117016207/xslF345X03/doc1.xml"}, {"form_type": "4", "filings_date": "2017-04-17", "url": "https://www.sec.gov/Archives/edgar/data/0001212458/000114036117016034/xslF345X03/doc1.xml"}, {"form_type": "4", "filings_date": "2017-04-17", "url": "https://www.sec.gov/Archives/edgar/data/0001212458/000114036117016024/xslF345X03/doc1.xml"}, {"form_type": "DEFA14A", "filings_date": "2017-04-14", "url": "https://www.sec.gov/Archives/edgar/data/0001212458/000162828017003601/a2017proxydefa14a.htm"}, {"form_type": "DEF 14A", "filings_date": "2017-04-14", "url": "https://www.sec.gov/Archives/edgar/data/0001212458/000162828017003600/proxy2017.htm"}, {"form_type": "4", "filings_date": "2017-04-11", "url": "https://www.sec.gov/Archives/edgar/data/0001212458/000114036117015581/xslF345X03/doc1.xml"}, {"form_type": "4", "filings_date": "2017-04-11", "url": "https://www.sec.gov/Archives/edgar/data/0001212458/000114036117015579/xslF345X03/doc1.xml"}, {"form_type": "4", "filings_date": "2017-04-06", "url": "https://www.sec.gov/Archives/edgar/data/0001212458/000114036117015157/xslF345X03/doc1.xml"}, {"form_type": "4", "filings_date": "2017-04-05", "url": "https://www.sec.gov/Archives/edgar/data/0001212458/000114036117014953/xslF345X03/doc1.xml"}, {"form_type": "4", "filings_date": "2017-04-05", "url": "https://www.sec.gov/Archives/edgar/data/0001212458/000114036117014952/xslF345X03/doc1.xml"}, {"form_type": "4", "filings_date": "2017-03-28", "url": "https://www.sec.gov/Archives/edgar/data/0001212458/000114036117013673/xslF345X03/doc1.xml"}, {"form_type": "4", "filings_date": "2017-03-28", "url": "https://www.sec.gov/Archives/edgar/data/0001212458/000114036117013672/xslF345X03/doc1.xml"}, {"form_type": "4", "filings_date": "2017-03-28", "url": "https://www.sec.gov/Archives/edgar/data/0001212458/000114036117013671/xslF345X03/doc1.xml"}, {"form_type": "4", "filings_date": "2017-03-28", "url": "https://www.sec.gov/Archives/edgar/data/0001212458/000114036117013670/xslF345X03/doc1.xml"}, {"form_type": "4", "filings_date": "2017-03-28", "url": "https://www.sec.gov/Archives/edgar/data/0001212458/000114036117013669/xslF345X03/doc1.xml"}, {"form_type": "4", "filings_date": "2017-03-22", "url": "https://www.sec.gov/Archives/edgar/data/0001212458/000114036117012942/xslF345X03/doc1.xml"}, {"form_type": "4", "filings_date": "2017-03-17", "url": "https://www.sec.gov/Archives/edgar/data/0001212458/000114036117012592/xslF345X03/doc1.xml"}, {"form_type": "4", "filings_date": "2017-03-17", "url": "https://www.sec.gov/Archives/edgar/data/0001212458/000114036117012591/xslF345X03/doc1.xml"}, {"form_type": "SC 13G/A", "filings_date": "2017-03-10", "url": "https://www.sec.gov/Archives/edgar/data/0001212458/000007297117000294/wf_proofpoint-743424103x.htm"}, {"form_type": "4", "filings_date": "2017-03-03", "url": "https://www.sec.gov/Archives/edgar/data/0001212458/000114036117010523/xslF345X03/doc1.xml"}, {"form_type": "4", "filings_date": "2017-03-02", "url": "https://www.sec.gov/Archives/edgar/data/0001212458/000114036117010294/xslF345X03/doc1.xml"}, {"form_type": "4", "filings_date": "2017-03-02", "url": "https://www.sec.gov/Archives/edgar/data/0001212458/000114036117010293/xslF345X03/doc1.xml"}, {"form_type": "4", "filings_date": "2017-02-28", "url": "https://www.sec.gov/Archives/edgar/data/0001212458/000114036117009750/xslF345X03/doc1.xml"}, {"form_type": "4", "filings_date": "2017-02-28", "url": "https://www.sec.gov/Archives/edgar/data/0001212458/000114036117009749/xslF345X03/doc1.xml"}, {"form_type": "4/A", "filings_date": "2017-02-24", "url": "https://www.sec.gov/Archives/edgar/data/0001212458/000114036117009241/xslF345X03/doc1.xml"}, {"form_type": "4", "filings_date": "2017-02-23", "url": "https://www.sec.gov/Archives/edgar/data/0001212458/000114036117008950/xslF345X03/doc1.xml"}, {"form_type": "S-8", "filings_date": "2017-02-23", "url": "https://www.sec.gov/Archives/edgar/data/0001212458/000110465917011198/a17-6900_1s8.htm"}, {"form_type": "10-K", "filings_date": "2017-02-23", "url": "https://www.sec.gov/Archives/edgar/data/0001212458/000162828017001642/a12312016-10k.htm"}, {"form_type": "4", "filings_date": "2017-02-22", "url": "https://www.sec.gov/Archives/edgar/data/0001212458/000114036117008711/xslF345X03/doc1.xml"}, {"form_type": "4", "filings_date": "2017-02-16", "url": "https://www.sec.gov/Archives/edgar/data/0001212458/000114036117007955/xslF345X03/doc1.xml"}, {"form_type": "SC 13G/A", "filings_date": "2017-02-13", "url": "https://www.sec.gov/Archives/edgar/data/0001212458/000093247117002327/proofpointinc.htm"}, {"form_type": "4", "filings_date": "2017-02-08", "url": "https://www.sec.gov/Archives/edgar/data/0001212458/000114036117005128/xslF345X03/doc1.xml"}, {"form_type": "SC 13G/A", "filings_date": "2017-02-07", "url": "https://www.sec.gov/Archives/edgar/data/0001212458/000008025517001134/pfpt13gadec16.txt"}, {"form_type": "4", "filings_date": "2017-02-06", "url": "https://www.sec.gov/Archives/edgar/data/0001212458/000114036117004633/xslF345X03/doc1.xml"}, {"form_type": "4", "filings_date": "2017-02-06", "url": "https://www.sec.gov/Archives/edgar/data/0001212458/000114036117004630/xslF345X03/doc1.xml"}, {"form_type": "4", "filings_date": "2017-02-06", "url": "https://www.sec.gov/Archives/edgar/data/0001212458/000114036117004628/xslF345X03/doc1.xml"}, {"form_type": "4", "filings_date": "2017-02-06", "url": "https://www.sec.gov/Archives/edgar/data/0001212458/000114036117004627/xslF345X03/doc1.xml"}, {"form_type": "4", "filings_date": "2017-02-06", "url": "https://www.sec.gov/Archives/edgar/data/0001212458/000114036117004625/xslF345X03/doc1.xml"}, {"form_type": "4", "filings_date": "2017-02-03", "url": "https://www.sec.gov/Archives/edgar/data/0001212458/000114036117004428/xslF345X03/doc1.xml"}, {"form_type": "4", "filings_date": "2017-02-03", "url": "https://www.sec.gov/Archives/edgar/data/0001212458/000114036117004427/xslF345X03/doc1.xml"}, {"form_type": "4", "filings_date": "2017-02-03", "url": "https://www.sec.gov/Archives/edgar/data/0001212458/000114036117004426/xslF345X03/doc1.xml"}, {"form_type": "4", "filings_date": "2017-02-03", "url": "https://www.sec.gov/Archives/edgar/data/0001212458/000114036117004424/xslF345X03/doc1.xml"}, {"form_type": "4", "filings_date": "2017-02-03", "url": "https://www.sec.gov/Archives/edgar/data/0001212458/000114036117004423/xslF345X03/doc1.xml"}, {"form_type": "8-K", "filings_date": "2017-01-26", "url": "https://www.sec.gov/Archives/edgar/data/0001212458/000110465917004350/a17-3200_28k.htm"}, {"form_type": "8-K", "filings_date": "2017-01-26", "url": "https://www.sec.gov/Archives/edgar/data/0001212458/000110465917004295/a17-3200_18k.htm"}, {"form_type": "SC 13G/A", "filings_date": "2017-01-25", "url": "https://www.sec.gov/Archives/edgar/data/0001212458/000035348017001601/proofpoint.inc.txt"}, {"form_type": "SC 13G/A", "filings_date": "2017-01-24", "url": "https://www.sec.gov/Archives/edgar/data/0001212458/000007297117000162/wf_proofpoint-743424103.htm"}, {"form_type": "4", "filings_date": "2017-01-19", "url": "https://www.sec.gov/Archives/edgar/data/0001212458/000114036117002303/xslF345X03/doc1.xml"}, {"form_type": "4", "filings_date": "2017-01-13", "url": "https://www.sec.gov/Archives/edgar/data/0001212458/000114036117001952/xslF345X03/doc1.xml"}, {"form_type": "4", "filings_date": "2017-01-12", "url": "https://www.sec.gov/Archives/edgar/data/0001212458/000114036117001720/xslF345X03/doc1.xml"}, {"form_type": "4", "filings_date": "2017-01-11", "url": "https://www.sec.gov/Archives/edgar/data/0001212458/000114036117001587/xslF345X03/doc1.xml"}, {"form_type": "4/A", "filings_date": "2017-01-11", "url": "https://www.sec.gov/Archives/edgar/data/0001212458/000114036117001586/xslF345X03/doc1.xml"}, {"form_type": "4", "filings_date": "2017-01-05", "url": "https://www.sec.gov/Archives/edgar/data/0001212458/000114036117000773/xslF345X03/doc1.xml"}]}