{"company": {"cik": "0000892482", "name": "Qumu Corp", "sic": "Services-Prepackaged Software", "state_incorp": "MN", "ticker": "QUMU", "mailing_addr": "400 SOUTH 4TH STREET, MINNEAPOLIS, MN, 55415", "category": "Non-accelerated filer<br>Smaller reporting company", "fiscal_year_end": "31, December"}, "filings": [{"form_type": "8-K", "filings_date": "2022-03-18", "url": "https://www.sec.gov/Archives/edgar/data/0000892482/000089248222000002/qumu-20220317.htm"}, {"form_type": "4", "filings_date": "2022-02-28", "url": "https://www.sec.gov/Archives/edgar/data/0000892482/000161559422000011/xslF345X03/primary_doc.xml"}, {"form_type": "4", "filings_date": "2022-02-28", "url": "https://www.sec.gov/Archives/edgar/data/0000892482/000161559422000010/xslF345X03/primary_doc.xml"}, {"form_type": "3", "filings_date": "2022-02-28", "url": "https://www.sec.gov/Archives/edgar/data/0000892482/000161559422000009/xslF345X02/primary_doc.xml"}, {"form_type": "8-K", "filings_date": "2022-02-25", "url": "https://www.sec.gov/Archives/edgar/data/0000892482/000149315222005521/form8-k.htm"}, {"form_type": "SC 13G", "filings_date": "2022-02-11", "url": "https://www.sec.gov/Archives/edgar/data/0000892482/000108514622000863/qumu_21122.htm"}, {"form_type": "SC 13G/A", "filings_date": "2022-02-11", "url": "https://www.sec.gov/Archives/edgar/data/0000892482/000110465922020285/tm226177d4_sc13ga.htm"}, {"form_type": "SC 13G/A", "filings_date": "2022-02-11", "url": "https://www.sec.gov/Archives/edgar/data/0000892482/000103738922000085/qumu-13g_20211231.txt"}, {"form_type": "8-K", "filings_date": "2021-12-30", "url": "https://www.sec.gov/Archives/edgar/data/0000892482/000149315221032777/form8-k.htm"}, {"form_type": "4", "filings_date": "2021-12-07", "url": "https://www.sec.gov/Archives/edgar/data/0000892482/000089248221000066/xslF345X03/wf-form4_163891822160055.xml"}, {"form_type": "3", "filings_date": "2021-12-06", "url": "https://www.sec.gov/Archives/edgar/data/0000892482/000089248221000064/xslF345X02/wf-form3_163884520179204.xml"}, {"form_type": "4", "filings_date": "2021-12-06", "url": "https://www.sec.gov/Archives/edgar/data/0000892482/000162828021024556/xslF345X03/wf-form4_163879994539657.xml"}, {"form_type": "8-K", "filings_date": "2021-11-30", "url": "https://www.sec.gov/Archives/edgar/data/0000892482/000162828021024232/qumu-20211123.htm"}, {"form_type": "4", "filings_date": "2021-11-12", "url": "https://www.sec.gov/Archives/edgar/data/0000892482/000089248221000062/xslF345X03/wf-form4_163672260739239.xml"}, {"form_type": "4", "filings_date": "2021-11-05", "url": "https://www.sec.gov/Archives/edgar/data/0000892482/000089248221000060/xslF345X03/wf-form4_163611814078588.xml"}, {"form_type": "4", "filings_date": "2021-11-03", "url": "https://www.sec.gov/Archives/edgar/data/0000892482/000089248221000058/xslF345X03/wf-form4_163597106641323.xml"}, {"form_type": "4", "filings_date": "2021-11-03", "url": "https://www.sec.gov/Archives/edgar/data/0000892482/000089248221000057/xslF345X03/wf-form4_163597103288579.xml"}, {"form_type": "10-Q", "filings_date": "2021-11-02", "url": "https://www.sec.gov/Archives/edgar/data/0000892482/000089248221000054/qumu-20210930.htm"}, {"form_type": "8-K", "filings_date": "2021-10-29", "url": "https://www.sec.gov/Archives/edgar/data/0000892482/000089248221000052/qumu-20211028.htm"}, {"form_type": "4", "filings_date": "2021-09-03", "url": "https://www.sec.gov/Archives/edgar/data/0000892482/000161559421000097/xslF345X03/primary_doc.xml"}, {"form_type": "8-K", "filings_date": "2021-08-30", "url": "https://www.sec.gov/Archives/edgar/data/0000892482/000149315221021525/form8-k.htm"}, {"form_type": "SC 13D/A", "filings_date": "2021-08-16", "url": "https://www.sec.gov/Archives/edgar/data/0000892482/000091957421005428/d8922641_sc13d-a.htm"}, {"form_type": "4", "filings_date": "2021-08-13", "url": "https://www.sec.gov/Archives/edgar/data/0000892482/000091957421005215/xslF345X03/ownership.xml"}, {"form_type": "10-Q", "filings_date": "2021-08-09", "url": "https://www.sec.gov/Archives/edgar/data/0000892482/000089248221000050/qumu-20210630.htm"}, {"form_type": "4", "filings_date": "2021-08-05", "url": "https://www.sec.gov/Archives/edgar/data/0000892482/000089248221000047/xslF345X03/wf-form4_162819479520282.xml"}, {"form_type": "4", "filings_date": "2021-08-04", "url": "https://www.sec.gov/Archives/edgar/data/0000892482/000089248221000045/xslF345X03/wf-form4_162811144394698.xml"}, {"form_type": "4", "filings_date": "2021-08-03", "url": "https://www.sec.gov/Archives/edgar/data/0000892482/000089248221000043/xslF345X03/wf-form4_162802392870755.xml"}, {"form_type": "4", "filings_date": "2021-08-03", "url": "https://www.sec.gov/Archives/edgar/data/0000892482/000089248221000042/xslF345X03/wf-form4_162802384131227.xml"}, {"form_type": "8-K", "filings_date": "2021-07-30", "url": "https://www.sec.gov/Archives/edgar/data/0000892482/000089248221000039/a8-kq22021.htm"}, {"form_type": "8-K", "filings_date": "2021-06-30", "url": "https://www.sec.gov/Archives/edgar/data/0000892482/000089248221000037/a8-kq22021preliminary.htm"}, {"form_type": "SC 13G", "filings_date": "2021-06-11", "url": "https://www.sec.gov/Archives/edgar/data/0000892482/000110465921080032/tm2119410d1_sc13g.htm"}, {"form_type": "4", "filings_date": "2021-05-17", "url": "https://www.sec.gov/Archives/edgar/data/0000892482/000089248221000034/xslF345X03/wf-form4_162128272850876.xml"}, {"form_type": "4", "filings_date": "2021-05-10", "url": "https://www.sec.gov/Archives/edgar/data/0000892482/000091957421003306/xslF345X03/ownership.xml"}, {"form_type": "4", "filings_date": "2021-05-07", "url": "https://www.sec.gov/Archives/edgar/data/0000892482/000089248221000032/xslF345X03/wf-form4_162042804452052.xml"}, {"form_type": "4", "filings_date": "2021-05-07", "url": "https://www.sec.gov/Archives/edgar/data/0000892482/000089248221000031/xslF345X03/wf-form4_162042802549859.xml"}, {"form_type": "4", "filings_date": "2021-05-07", "url": "https://www.sec.gov/Archives/edgar/data/0000892482/000089248221000030/xslF345X03/wf-form4_162042800458276.xml"}, {"form_type": "4", "filings_date": "2021-05-07", "url": "https://www.sec.gov/Archives/edgar/data/0000892482/000089248221000029/xslF345X03/wf-form4_162042798650964.xml"}, {"form_type": "4", "filings_date": "2021-05-07", "url": "https://www.sec.gov/Archives/edgar/data/0000892482/000089248221000028/xslF345X03/wf-form4_162042796832900.xml"}, {"form_type": "S-8", "filings_date": "2021-05-07", "url": "https://www.sec.gov/Archives/edgar/data/0000892482/000149315221010784/forms-8.htm"}, {"form_type": "8-K", "filings_date": "2021-05-07", "url": "https://www.sec.gov/Archives/edgar/data/0000892482/000089248221000022/form8-k20210506.htm"}, {"form_type": "10-Q", "filings_date": "2021-05-07", "url": "https://www.sec.gov/Archives/edgar/data/0000892482/000089248221000021/qumu-20210331.htm"}, {"form_type": "8-K", "filings_date": "2021-04-30", "url": "https://www.sec.gov/Archives/edgar/data/0000892482/000089248221000018/a8-kq12021.htm"}, {"form_type": "DEF 14A", "filings_date": "2021-04-06", "url": "https://www.sec.gov/Archives/edgar/data/0000892482/000089248221000016/qumu2021annualmeetingproxy.htm"}, {"form_type": "8-K", "filings_date": "2021-03-30", "url": "https://www.sec.gov/Archives/edgar/data/0000892482/000089248221000013/a8-k20210322.htm"}, {"form_type": "8-K", "filings_date": "2021-03-12", "url": "https://www.sec.gov/Archives/edgar/data/0000892482/000089248221000011/a8-k20210310.htm"}, {"form_type": "10-K", "filings_date": "2021-03-10", "url": "https://www.sec.gov/Archives/edgar/data/0000892482/000089248221000008/qumu-20201231.htm"}, {"form_type": "8-K", "filings_date": "2021-03-08", "url": "https://www.sec.gov/Archives/edgar/data/0000892482/000089248221000004/a8-kq42020.htm"}, {"form_type": "8-K", "filings_date": "2021-02-24", "url": "https://www.sec.gov/Archives/edgar/data/0000892482/000149315221004741/form8-k.htm"}, {"form_type": "3", "filings_date": "2021-02-22", "url": "https://www.sec.gov/Archives/edgar/data/0000892482/000161559421000018/xslF345X02/primary_doc.xml"}, {"form_type": "SC 13G/A", "filings_date": "2021-02-16", "url": "https://www.sec.gov/Archives/edgar/data/0000892482/000092189521000448/sc13ga109076qumu_02162021.htm"}, {"form_type": "SC 13G/A", "filings_date": "2021-02-11", "url": "https://www.sec.gov/Archives/edgar/data/0000892482/000095014221000493/eh210130116_sc13ga1-qumu.htm"}, {"form_type": "SC 13G/A", "filings_date": "2021-02-11", "url": "https://www.sec.gov/Archives/edgar/data/0000892482/000103738921000279/qumu-13g_20201231.txt"}, {"form_type": "4", "filings_date": "2021-02-02", "url": "https://www.sec.gov/Archives/edgar/data/0000892482/000161559421000014/xslF345X03/primary_doc.xml"}, {"form_type": "4", "filings_date": "2021-02-02", "url": "https://www.sec.gov/Archives/edgar/data/0000892482/000161559421000013/xslF345X03/primary_doc.xml"}, {"form_type": "4", "filings_date": "2021-02-02", "url": "https://www.sec.gov/Archives/edgar/data/0000892482/000161559421000012/xslF345X03/primary_doc.xml"}, {"form_type": "4", "filings_date": "2021-02-02", "url": "https://www.sec.gov/Archives/edgar/data/0000892482/000161559421000011/xslF345X03/primary_doc.xml"}, {"form_type": "4", "filings_date": "2021-02-02", "url": "https://www.sec.gov/Archives/edgar/data/0000892482/000161559421000010/xslF345X03/primary_doc.xml"}, {"form_type": "SC 13D/A", "filings_date": "2021-02-02", "url": "https://www.sec.gov/Archives/edgar/data/0000892482/000091957421000622/d8788602_13d-a.htm"}, {"form_type": "8-K", "filings_date": "2021-02-01", "url": "https://www.sec.gov/Archives/edgar/data/0000892482/000149315221002187/form8-k.htm"}, {"form_type": "424B5", "filings_date": "2021-01-27", "url": "https://www.sec.gov/Archives/edgar/data/0000892482/000149315221001920/form424b5.htm"}, {"form_type": "8-K", "filings_date": "2021-01-27", "url": "https://www.sec.gov/Archives/edgar/data/0000892482/000149315221001861/form8-k.htm"}, {"form_type": "8-K", "filings_date": "2021-01-25", "url": "https://www.sec.gov/Archives/edgar/data/0000892482/000149315221001749/form8-k.htm"}, {"form_type": "S-3MEF", "filings_date": "2021-01-25", "url": "https://www.sec.gov/Archives/edgar/data/0000892482/000149315221001731/forms-3mef.htm"}, {"form_type": "424B5", "filings_date": "2021-01-25", "url": "https://www.sec.gov/Archives/edgar/data/0000892482/000149315221001729/form424b5.htm"}, {"form_type": "8-K", "filings_date": "2021-01-19", "url": "https://www.sec.gov/Archives/edgar/data/0000892482/000149315221001272/form8-k.htm"}, {"form_type": "4", "filings_date": "2020-12-17", "url": "https://www.sec.gov/Archives/edgar/data/0000892482/000089248220000074/xslF345X03/wf-form4_160822149468179.xml"}, {"form_type": "4", "filings_date": "2020-12-14", "url": "https://www.sec.gov/Archives/edgar/data/0000892482/000089248220000071/xslF345X03/wf-form4_160797201322668.xml"}, {"form_type": "8-K", "filings_date": "2020-12-08", "url": "https://www.sec.gov/Archives/edgar/data/0000892482/000089248220000069/a8-k20201208.htm"}, {"form_type": "8-K", "filings_date": "2020-11-27", "url": "https://www.sec.gov/Archives/edgar/data/0000892482/000089248220000065/a8-k20201127.htm"}, {"form_type": "S-8", "filings_date": "2020-11-04", "url": "https://www.sec.gov/Archives/edgar/data/0000892482/000149315220020421/forms-8.htm"}, {"form_type": "4", "filings_date": "2020-11-03", "url": "https://www.sec.gov/Archives/edgar/data/0000892482/000089248220000061/xslF345X03/wf-form4_160444158722456.xml"}, {"form_type": "10-Q", "filings_date": "2020-11-03", "url": "https://www.sec.gov/Archives/edgar/data/0000892482/000089248220000059/qumu-20200930.htm"}, {"form_type": "4", "filings_date": "2020-11-02", "url": "https://www.sec.gov/Archives/edgar/data/0000892482/000089248220000056/xslF345X03/wf-form4_160434029547520.xml"}, {"form_type": "8-K", "filings_date": "2020-10-28", "url": "https://www.sec.gov/Archives/edgar/data/0000892482/000149315220020018/form8-k.htm"}, {"form_type": "8-K", "filings_date": "2020-10-02", "url": "https://www.sec.gov/Archives/edgar/data/0000892482/000089248220000054/form8-k20200930.htm"}, {"form_type": "4", "filings_date": "2020-10-01", "url": "https://www.sec.gov/Archives/edgar/data/0000892482/000091957420006089/xslF345X03/ownership.xml"}, {"form_type": "4", "filings_date": "2020-10-01", "url": "https://www.sec.gov/Archives/edgar/data/0000892482/000089248220000052/xslF345X03/wf-form4_160157650604586.xml"}, {"form_type": "4", "filings_date": "2020-10-01", "url": "https://www.sec.gov/Archives/edgar/data/0000892482/000089248220000051/xslF345X03/wf-form4_160157648859099.xml"}, {"form_type": "4", "filings_date": "2020-10-01", "url": "https://www.sec.gov/Archives/edgar/data/0000892482/000089248220000050/xslF345X03/wf-form4_160157647237946.xml"}, {"form_type": "4", "filings_date": "2020-10-01", "url": "https://www.sec.gov/Archives/edgar/data/0000892482/000089248220000049/xslF345X03/wf-form4_160157645613380.xml"}, {"form_type": "4", "filings_date": "2020-10-01", "url": "https://www.sec.gov/Archives/edgar/data/0000892482/000089248220000048/xslF345X03/wf-form4_160157643993705.xml"}, {"form_type": "4", "filings_date": "2020-10-01", "url": "https://www.sec.gov/Archives/edgar/data/0000892482/000089248220000047/xslF345X03/wf-form4_160157642298919.xml"}, {"form_type": "SC 13G", "filings_date": "2020-08-24", "url": "https://www.sec.gov/Archives/edgar/data/0000892482/000095014220002086/eh2001093_13g-qumu.htm"}, {"form_type": "DEF 14A", "filings_date": "2020-08-14", "url": "https://www.sec.gov/Archives/edgar/data/0000892482/000089248220000033/qumu2020def_14a.htm"}, {"form_type": "10-Q", "filings_date": "2020-08-04", "url": "https://www.sec.gov/Archives/edgar/data/0000892482/000089248220000030/qumu10qq22020.htm"}, {"form_type": "8-K", "filings_date": "2020-07-29", "url": "https://www.sec.gov/Archives/edgar/data/0000892482/000089248220000027/a8-kq22020.htm"}, {"form_type": "8-K", "filings_date": "2020-07-24", "url": "https://www.sec.gov/Archives/edgar/data/0000892482/000089248220000025/a8-k20200724.htm"}, {"form_type": "4", "filings_date": "2020-07-24", "url": "https://www.sec.gov/Archives/edgar/data/0000892482/000089248220000023/xslF345X03/wf-form4_159562209773091.xml"}, {"form_type": "3", "filings_date": "2020-07-24", "url": "https://www.sec.gov/Archives/edgar/data/0000892482/000089248220000021/xslF345X02/wf-form3_159562191014927.xml"}, {"form_type": "8-K", "filings_date": "2020-07-20", "url": "https://www.sec.gov/Archives/edgar/data/0000892482/000149315220013573/form8-k.htm"}, {"form_type": "8-K", "filings_date": "2020-07-16", "url": "https://www.sec.gov/Archives/edgar/data/0000892482/000089248220000019/a8-k20200715.htm"}, {"form_type": "8-K", "filings_date": "2020-06-29", "url": "https://www.sec.gov/Archives/edgar/data/0000892482/000149315220012159/form8-k.htm"}, {"form_type": "425", "filings_date": "2020-06-01", "url": "https://www.sec.gov/Archives/edgar/data/0000892482/000140827820000149/a8-kforamendmentdatedmay27.htm"}, {"form_type": "10-Q", "filings_date": "2020-05-08", "url": "https://www.sec.gov/Archives/edgar/data/0000892482/000089248220000017/qumu10qq12020.htm"}, {"form_type": "8-K", "filings_date": "2020-05-07", "url": "https://www.sec.gov/Archives/edgar/data/0000892482/000089248220000014/a8-k_2020x05x01.htm"}, {"form_type": "8-K", "filings_date": "2020-05-07", "url": "https://www.sec.gov/Archives/edgar/data/0000892482/000089248220000012/a8-kq12020.htm"}, {"form_type": "425", "filings_date": "2020-05-07", "url": "https://www.sec.gov/Archives/edgar/data/0000892482/000140827820000134/sync-20200331x8kpr.htm"}, {"form_type": "4", "filings_date": "2020-03-10", "url": "https://www.sec.gov/Archives/edgar/data/0000892482/000089248220000009/xslF345X03/wf-form4_158384822764188.xml"}, {"form_type": "10-K", "filings_date": "2020-03-06", "url": "https://www.sec.gov/Archives/edgar/data/0000892482/000089248220000007/qumu10k12312019.htm"}, {"form_type": "4", "filings_date": "2020-03-05", "url": "https://www.sec.gov/Archives/edgar/data/0000892482/000089248220000004/xslF345X03/wf-form4_158344317500007.xml"}, {"form_type": "4", "filings_date": "2020-03-05", "url": "https://www.sec.gov/Archives/edgar/data/0000892482/000089248220000003/xslF345X03/wf-form4_158344315361743.xml"}, {"form_type": "425", "filings_date": "2020-03-04", "url": "https://www.sec.gov/Archives/edgar/data/0000892482/000149315220003370/form8-k.htm"}, {"form_type": "8-K", "filings_date": "2020-03-04", "url": "https://www.sec.gov/Archives/edgar/data/0000892482/000149315220003367/form8-k.htm"}, {"form_type": "425", "filings_date": "2020-03-03", "url": "https://www.sec.gov/Archives/edgar/data/0000892482/000140827820000034/a8-k3320item502.htm"}, {"form_type": "SC 13G", "filings_date": "2020-03-03", "url": "https://www.sec.gov/Archives/edgar/data/0000892482/000110465920028467/a20-11577_1sc13g.htm"}, {"form_type": "SC 13D/A", "filings_date": "2020-02-13", "url": "https://www.sec.gov/Archives/edgar/data/0000892482/000091957420001117/d8478257_13d-a.htm"}, {"form_type": "SC 13G/A", "filings_date": "2020-02-13", "url": "https://www.sec.gov/Archives/edgar/data/0000892482/000103738920000252/qumu-13g_20191231.txt"}, {"form_type": "8-K", "filings_date": "2020-02-11", "url": "https://www.sec.gov/Archives/edgar/data/0000892482/000149315220001967/form8-k.htm"}, {"form_type": "425", "filings_date": "2020-02-11", "url": "https://www.sec.gov/Archives/edgar/data/0000892482/000149315220001968/form8-k.htm"}, {"form_type": "4", "filings_date": "2020-02-11", "url": "https://www.sec.gov/Archives/edgar/data/0000892482/000161559420000009/xslF345X03/primary_doc.xml"}, {"form_type": "4", "filings_date": "2020-02-11", "url": "https://www.sec.gov/Archives/edgar/data/0000892482/000161559420000008/xslF345X03/primary_doc.xml"}, {"form_type": "8-K", "filings_date": "2020-02-11", "url": "https://www.sec.gov/Archives/edgar/data/0000892482/000149315220001905/form8-k.htm"}, {"form_type": "4", "filings_date": "2019-12-17", "url": "https://www.sec.gov/Archives/edgar/data/0000892482/000089248219000063/xslF345X03/wf-form4_157660364593483.xml"}, {"form_type": "4", "filings_date": "2019-12-12", "url": "https://www.sec.gov/Archives/edgar/data/0000892482/000089248219000061/xslF345X03/wf-form4_157618843305475.xml"}, {"form_type": "4", "filings_date": "2019-12-12", "url": "https://www.sec.gov/Archives/edgar/data/0000892482/000089248219000060/xslF345X03/wf-form4_157618841219522.xml"}, {"form_type": "SC 13D/A", "filings_date": "2019-11-15", "url": "https://www.sec.gov/Archives/edgar/data/0000892482/000119312519293337/d832664dsc13da.htm"}, {"form_type": "8-K", "filings_date": "2019-11-15", "url": "https://www.sec.gov/Archives/edgar/data/0000892482/000149315219017614/form8-k.htm"}, {"form_type": "SC 13D/A", "filings_date": "2019-11-14", "url": "https://www.sec.gov/Archives/edgar/data/0000892482/000092189519002801/sc13da507378004_11142019.htm"}, {"form_type": "SC 13D/A", "filings_date": "2019-11-14", "url": "https://www.sec.gov/Archives/edgar/data/0000892482/000091957419007035/d8412217_13d-a.htm"}, {"form_type": "4", "filings_date": "2019-11-12", "url": "https://www.sec.gov/Archives/edgar/data/0000892482/000091957419006850/xslF345X03/ownership.xml"}, {"form_type": "4", "filings_date": "2019-11-12", "url": "https://www.sec.gov/Archives/edgar/data/0000892482/000161559419000048/xslF345X03/primary_doc.xml"}, {"form_type": "4", "filings_date": "2019-11-12", "url": "https://www.sec.gov/Archives/edgar/data/0000892482/000161559419000047/xslF345X03/primary_doc.xml"}, {"form_type": "4", "filings_date": "2019-11-12", "url": "https://www.sec.gov/Archives/edgar/data/0000892482/000161559419000046/xslF345X03/primary_doc.xml"}, {"form_type": "4", "filings_date": "2019-11-12", "url": "https://www.sec.gov/Archives/edgar/data/0000892482/000161559419000045/xslF345X03/primary_doc.xml"}, {"form_type": "4", "filings_date": "2019-11-12", "url": "https://www.sec.gov/Archives/edgar/data/0000892482/000161559419000044/xslF345X03/primary_doc.xml"}, {"form_type": "4", "filings_date": "2019-11-12", "url": "https://www.sec.gov/Archives/edgar/data/0000892482/000161559419000043/xslF345X03/primary_doc.xml"}, {"form_type": "8-K", "filings_date": "2019-11-08", "url": "https://www.sec.gov/Archives/edgar/data/0000892482/000149315219016661/form8-k.htm"}, {"form_type": "424B5", "filings_date": "2019-11-08", "url": "https://www.sec.gov/Archives/edgar/data/0000892482/000149315219016659/form424b5.htm"}, {"form_type": "424B5", "filings_date": "2019-11-06", "url": "https://www.sec.gov/Archives/edgar/data/0000892482/000149315219016546/form424b5.htm"}, {"form_type": "10-Q", "filings_date": "2019-11-05", "url": "https://www.sec.gov/Archives/edgar/data/0000892482/000162828019013242/qumu10qq32019.htm"}, {"form_type": "3", "filings_date": "2019-11-01", "url": "https://www.sec.gov/Archives/edgar/data/0000892482/000161559419000039/xslF345X02/primary_doc.xml"}, {"form_type": "3", "filings_date": "2019-11-01", "url": "https://www.sec.gov/Archives/edgar/data/0000892482/000161559419000038/xslF345X02/primary_doc.xml"}, {"form_type": "8-K", "filings_date": "2019-11-01", "url": "https://www.sec.gov/Archives/edgar/data/0000892482/000162828019012999/a8-kq32019.htm"}, {"form_type": "8-K", "filings_date": "2019-10-31", "url": "https://www.sec.gov/Archives/edgar/data/0000892482/000149315219016295/form8-k.htm"}, {"form_type": "SC 13D/A", "filings_date": "2019-10-21", "url": "https://www.sec.gov/Archives/edgar/data/0000892482/000092189519002579/sc13da407378004_10162019.htm"}, {"form_type": "EFFECT", "filings_date": "2019-09-05", "url": "https://www.sec.gov/Archives/edgar/data/0000892482/999999999519002026/xslEFFECTX01/primary_doc.xml"}, {"form_type": "UPLOAD", "filings_date": "2019-09-03", "url": "https://www.sec.gov/Archives/edgar/data/0000892482/000000000019013070/filename1.pdf"}, {"form_type": "CORRESP", "filings_date": "2019-09-03", "url": "https://www.sec.gov/Archives/edgar/data/0000892482/000089248219000057/filename1.htm"}, {"form_type": "S-3", "filings_date": "2019-08-26", "url": "https://www.sec.gov/Archives/edgar/data/0000892482/000089248219000054/qumu_forms-3registrationst.htm"}, {"form_type": "10-Q", "filings_date": "2019-08-06", "url": "https://www.sec.gov/Archives/edgar/data/0000892482/000089248219000049/qumu10qq22019.htm"}, {"form_type": "8-K", "filings_date": "2019-07-31", "url": "https://www.sec.gov/Archives/edgar/data/0000892482/000089248219000047/a8-kq22019.htm"}, {"form_type": "SC 13D/A", "filings_date": "2019-07-12", "url": "https://www.sec.gov/Archives/edgar/data/0000892482/000119312519193295/d777096dsc13da.htm"}, {"form_type": "8-K", "filings_date": "2019-05-14", "url": "https://www.sec.gov/Archives/edgar/data/0000892482/000089248219000043/form8-k20190509.htm"}, {"form_type": "4", "filings_date": "2019-05-14", "url": "https://www.sec.gov/Archives/edgar/data/0000892482/000089248219000041/xslF345X03/wf-form4_155783878170268.xml"}, {"form_type": "4", "filings_date": "2019-05-13", "url": "https://www.sec.gov/Archives/edgar/data/0000892482/000089248219000039/xslF345X03/wf-form4_155776682275061.xml"}, {"form_type": "4", "filings_date": "2019-05-10", "url": "https://www.sec.gov/Archives/edgar/data/0000892482/000091957419003268/xslF345X03/ownership.xml"}, {"form_type": "4", "filings_date": "2019-05-10", "url": "https://www.sec.gov/Archives/edgar/data/0000892482/000089248219000034/xslF345X03/wf-form4_155751625330078.xml"}, {"form_type": "4", "filings_date": "2019-05-10", "url": "https://www.sec.gov/Archives/edgar/data/0000892482/000089248219000033/xslF345X03/wf-form4_155751621847445.xml"}, {"form_type": "4", "filings_date": "2019-05-10", "url": "https://www.sec.gov/Archives/edgar/data/0000892482/000089248219000032/xslF345X03/wf-form4_155751618625143.xml"}, {"form_type": "10-Q", "filings_date": "2019-05-08", "url": "https://www.sec.gov/Archives/edgar/data/0000892482/000089248219000027/qumu10qq12019.htm"}, {"form_type": "SC 13D/A", "filings_date": "2019-05-06", "url": "https://www.sec.gov/Archives/edgar/data/0000892482/000119312519138420/d743233dsc13da.htm"}, {"form_type": "8-K", "filings_date": "2019-05-02", "url": "https://www.sec.gov/Archives/edgar/data/0000892482/000089248219000024/a8-kq12019.htm"}, {"form_type": "DEFA14A", "filings_date": "2019-04-19", "url": "https://www.sec.gov/Archives/edgar/data/0000892482/000089248219000021/qumu2019defa14a.htm"}, {"form_type": "DEF 14A", "filings_date": "2019-04-09", "url": "https://www.sec.gov/Archives/edgar/data/0000892482/000089248219000018/qumu2019def14a.htm"}, {"form_type": "4/A", "filings_date": "2019-03-27", "url": "https://www.sec.gov/Archives/edgar/data/0000892482/000089248219000016/xslF345X03/wf-form4a_155372083033009.xml"}, {"form_type": "8-K", "filings_date": "2019-03-22", "url": "https://www.sec.gov/Archives/edgar/data/0000892482/000149315219003789/form8-k.htm"}, {"form_type": "10-K", "filings_date": "2019-03-15", "url": "https://www.sec.gov/Archives/edgar/data/0000892482/000089248219000013/qumu10k12312018.htm"}, {"form_type": "4", "filings_date": "2019-03-11", "url": "https://www.sec.gov/Archives/edgar/data/0000892482/000089248219000010/xslF345X03/wf-form4_155232993754393.xml"}, {"form_type": "8-K", "filings_date": "2019-03-07", "url": "https://www.sec.gov/Archives/edgar/data/0000892482/000089248219000008/a8-kq42018.htm"}, {"form_type": "4", "filings_date": "2019-03-07", "url": "https://www.sec.gov/Archives/edgar/data/0000892482/000089248219000006/xslF345X03/wf-form4_155199528084734.xml"}, {"form_type": "4", "filings_date": "2019-03-07", "url": "https://www.sec.gov/Archives/edgar/data/0000892482/000089248219000004/xslF345X03/wf-form4_155199517953591.xml"}, {"form_type": "8-K", "filings_date": "2019-03-01", "url": "https://www.sec.gov/Archives/edgar/data/0000892482/000089248219000002/a8-k02272019.htm"}, {"form_type": "SC 13G/A", "filings_date": "2019-02-13", "url": "https://www.sec.gov/Archives/edgar/data/0000892482/000103738919000230/qumu-13g_20181231.txt"}, {"form_type": "4", "filings_date": "2018-12-17", "url": "https://www.sec.gov/Archives/edgar/data/0000892482/000089248218000103/xslF345X03/wf-form4_154507293967107.xml"}, {"form_type": "4", "filings_date": "2018-12-11", "url": "https://www.sec.gov/Archives/edgar/data/0000892482/000089248218000101/xslF345X03/wf-form4_154456861545280.xml"}, {"form_type": "4", "filings_date": "2018-12-11", "url": "https://www.sec.gov/Archives/edgar/data/0000892482/000089248218000099/xslF345X03/wf-form4_154456848062175.xml"}, {"form_type": "4", "filings_date": "2018-11-13", "url": "https://www.sec.gov/Archives/edgar/data/0000892482/000091957418007146/xslF345X03/ownership.xml"}, {"form_type": "10-Q", "filings_date": "2018-11-07", "url": "https://www.sec.gov/Archives/edgar/data/0000892482/000089248218000097/qumu10qq32018.htm"}, {"form_type": "8-K", "filings_date": "2018-10-31", "url": "https://www.sec.gov/Archives/edgar/data/0000892482/000089248218000092/a8-kq32018.htm"}, {"form_type": "SC 13D/A", "filings_date": "2018-10-30", "url": "https://www.sec.gov/Archives/edgar/data/0000892482/000091957418006902/d8094497_13d-a.htm"}, {"form_type": "8-K", "filings_date": "2018-10-26", "url": "https://www.sec.gov/Archives/edgar/data/0000892482/000089248218000090/a8-k10252018.htm"}, {"form_type": "8-K", "filings_date": "2018-10-26", "url": "https://www.sec.gov/Archives/edgar/data/0000892482/000089248218000088/a8-k10242018.htm"}, {"form_type": "S-8", "filings_date": "2018-08-08", "url": "https://www.sec.gov/Archives/edgar/data/0000892482/000089248218000086/a201808s-8amendmentto2007p.htm"}, {"form_type": "10-Q", "filings_date": "2018-08-07", "url": "https://www.sec.gov/Archives/edgar/data/0000892482/000089248218000082/qumu10qq22018.htm"}, {"form_type": "8-K", "filings_date": "2018-08-01", "url": "https://www.sec.gov/Archives/edgar/data/0000892482/000089248218000079/a8-kq22018.htm"}, {"form_type": "8-K", "filings_date": "2018-07-20", "url": "https://www.sec.gov/Archives/edgar/data/0000892482/000089248218000077/a8-k07192018.htm"}, {"form_type": "8-K", "filings_date": "2018-07-18", "url": "https://www.sec.gov/Archives/edgar/data/0000892482/000089248218000075/a8-k07182018.htm"}, {"form_type": "8-K", "filings_date": "2018-07-06", "url": "https://www.sec.gov/Archives/edgar/data/0000892482/000089248218000073/a8-k07062018.htm"}, {"form_type": "4", "filings_date": "2018-06-14", "url": "https://www.sec.gov/Archives/edgar/data/0000892482/000089248218000071/xslF345X03/wf-form4_152898337997114.xml"}, {"form_type": "10-Q/A", "filings_date": "2018-05-29", "url": "https://www.sec.gov/Archives/edgar/data/0000892482/000089248218000069/qumu10qaq12018.htm"}, {"form_type": "4", "filings_date": "2018-05-23", "url": "https://www.sec.gov/Archives/edgar/data/0000892482/000091957418003920/xslF345X03/p7901193.xml"}, {"form_type": "4", "filings_date": "2018-05-22", "url": "https://www.sec.gov/Archives/edgar/data/0000892482/000089248218000067/xslF345X03/wf-form4_152701989434581.xml"}, {"form_type": "4", "filings_date": "2018-05-17", "url": "https://www.sec.gov/Archives/edgar/data/0000892482/000089248218000065/xslF345X03/wf-form4_152659236743096.xml"}, {"form_type": "4", "filings_date": "2018-05-17", "url": "https://www.sec.gov/Archives/edgar/data/0000892482/000089248218000063/xslF345X03/wf-form4_152658995849095.xml"}, {"form_type": "4", "filings_date": "2018-05-15", "url": "https://www.sec.gov/Archives/edgar/data/0000892482/000089248218000061/xslF345X03/wf-form4_152641920182863.xml"}, {"form_type": "10-Q", "filings_date": "2018-05-15", "url": "https://www.sec.gov/Archives/edgar/data/0000892482/000089248218000059/qumu10qq12018.htm"}, {"form_type": "4", "filings_date": "2018-05-14", "url": "https://www.sec.gov/Archives/edgar/data/0000892482/000091957418003549/xslF345X03/p7893716.xml"}, {"form_type": "4", "filings_date": "2018-05-11", "url": "https://www.sec.gov/Archives/edgar/data/0000892482/000092189518001659/xslF345X03/form407378004_05112018.xml"}, {"form_type": "4", "filings_date": "2018-05-11", "url": "https://www.sec.gov/Archives/edgar/data/0000892482/000089248218000057/xslF345X03/wf-form4_152607103323494.xml"}, {"form_type": "4", "filings_date": "2018-05-11", "url": "https://www.sec.gov/Archives/edgar/data/0000892482/000089248218000055/xslF345X03/wf-form4_152606640218649.xml"}, {"form_type": "4", "filings_date": "2018-05-11", "url": "https://www.sec.gov/Archives/edgar/data/0000892482/000089248218000053/xslF345X03/wf-form4_152606555964253.xml"}, {"form_type": "4", "filings_date": "2018-05-11", "url": "https://www.sec.gov/Archives/edgar/data/0000892482/000089248218000052/xslF345X03/wf-form4_152606548624080.xml"}, {"form_type": "4", "filings_date": "2018-05-11", "url": "https://www.sec.gov/Archives/edgar/data/0000892482/000089248218000051/xslF345X03/wf-form4_152606546790585.xml"}, {"form_type": "4", "filings_date": "2018-05-11", "url": "https://www.sec.gov/Archives/edgar/data/0000892482/000089248218000050/xslF345X03/wf-form4_152606540330029.xml"}, {"form_type": "8-K", "filings_date": "2018-05-10", "url": "https://www.sec.gov/Archives/edgar/data/0000892482/000089248218000045/form8-k20180510.htm"}, {"form_type": "8-K", "filings_date": "2018-05-09", "url": "https://www.sec.gov/Archives/edgar/data/0000892482/000089248218000043/a8-k05092018.htm"}, {"form_type": "8-K", "filings_date": "2018-05-02", "url": "https://www.sec.gov/Archives/edgar/data/0000892482/000089248218000040/a8-kq12018.htm"}, {"form_type": "EFFECT", "filings_date": "2018-04-18", "url": "https://www.sec.gov/Archives/edgar/data/0000892482/999999999518000856/xslEFFECTX01/primary_doc.xml"}, {"form_type": "424B3", "filings_date": "2018-04-18", "url": "https://www.sec.gov/Archives/edgar/data/0000892482/000089248218000037/prospectus_04182018.htm"}, {"form_type": "CORRESP", "filings_date": "2018-04-16", "url": "https://www.sec.gov/Archives/edgar/data/0000892482/000089248218000033/filename1.htm"}, {"form_type": "UPLOAD", "filings_date": "2018-04-13", "url": "https://www.sec.gov/Archives/edgar/data/0000892482/000000000018011301/filename1.pdf"}, {"form_type": "DEFR14A", "filings_date": "2018-04-11", "url": "https://www.sec.gov/Archives/edgar/data/0000892482/000089248218000031/qumu2018defr14a.htm"}, {"form_type": "S-3", "filings_date": "2018-04-09", "url": "https://www.sec.gov/Archives/edgar/data/0000892482/000089248218000029/qumu_formxs-3xregistration.htm"}, {"form_type": "DEF 14A", "filings_date": "2018-04-09", "url": "https://www.sec.gov/Archives/edgar/data/0000892482/000089248218000023/qumu2018def14a.htm"}, {"form_type": "4/A", "filings_date": "2018-03-29", "url": "https://www.sec.gov/Archives/edgar/data/0000892482/000089248218000019/xslF345X03/wf-form4a_152235816086358.xml"}, {"form_type": "4", "filings_date": "2018-03-27", "url": "https://www.sec.gov/Archives/edgar/data/0000892482/000089248218000017/xslF345X03/wf-form4_152218042985468.xml"}, {"form_type": "10-K", "filings_date": "2018-03-23", "url": "https://www.sec.gov/Archives/edgar/data/0000892482/000089248218000015/qumu10k12312017.htm"}, {"form_type": "4", "filings_date": "2018-03-12", "url": "https://www.sec.gov/Archives/edgar/data/0000892482/000089248218000012/xslF345X03/wf-form4_152086785744786.xml"}, {"form_type": "SC 13G", "filings_date": "2018-03-08", "url": "https://www.sec.gov/Archives/edgar/data/0000892482/000119312518074738/d534847dsc13g.htm"}, {"form_type": "8-K", "filings_date": "2018-03-08", "url": "https://www.sec.gov/Archives/edgar/data/0000892482/000089248218000010/a8-kq42017.htm"}, {"form_type": "8-K", "filings_date": "2018-03-02", "url": "https://www.sec.gov/Archives/edgar/data/0000892482/000089248218000007/a8-k20180302.htm"}, {"form_type": "SC 13G/A", "filings_date": "2018-02-14", "url": "https://www.sec.gov/Archives/edgar/data/0000892482/000103738918000163/qumu-13g_20171231.txt"}, {"form_type": "8-K", "filings_date": "2018-02-09", "url": "https://www.sec.gov/Archives/edgar/data/0000892482/000089248218000004/a8-kq42017preliminaryresul.htm"}, {"form_type": "8-K", "filings_date": "2018-01-16", "url": "https://www.sec.gov/Archives/edgar/data/0000892482/000089248218000002/a8-k20180112.htm"}, {"form_type": "SC 13D", "filings_date": "2017-12-29", "url": "https://www.sec.gov/Archives/edgar/data/0000892482/000119312517383513/d486344dsc13d.htm"}, {"form_type": "3", "filings_date": "2017-12-26", "url": "https://www.sec.gov/Archives/edgar/data/0000892482/000161559417000074/xslF345X02/primary_doc.xml"}, {"form_type": "SC 13D/A", "filings_date": "2017-12-21", "url": "https://www.sec.gov/Archives/edgar/data/0000892482/000091957417008709/d7773419_13d-a.htm"}, {"form_type": "8-K", "filings_date": "2017-12-20", "url": "https://www.sec.gov/Archives/edgar/data/0000892482/000089248217000069/a8-k20171219.htm"}, {"form_type": "8-K", "filings_date": "2017-12-18", "url": "https://www.sec.gov/Archives/edgar/data/0000892482/000089248217000066/a8-k20171215.htm"}, {"form_type": "SC 13D/A", "filings_date": "2017-11-14", "url": "https://www.sec.gov/Archives/edgar/data/0000892482/000091957417008145/d7737892_13d-a.htm"}, {"form_type": "4", "filings_date": "2017-11-13", "url": "https://www.sec.gov/Archives/edgar/data/0000892482/000091957417007787/xslF345X03/p7735733.xml"}, {"form_type": "10-Q", "filings_date": "2017-11-13", "url": "https://www.sec.gov/Archives/edgar/data/0000892482/000089248217000062/qumu10qq32017.htm"}, {"form_type": "3", "filings_date": "2017-11-09", "url": "https://www.sec.gov/Archives/edgar/data/0000892482/000161559417000067/xslF345X02/primary_doc.xml"}, {"form_type": "8-K", "filings_date": "2017-11-07", "url": "https://www.sec.gov/Archives/edgar/data/0000892482/000089248217000060/a8-k20171106.htm"}, {"form_type": "4", "filings_date": "2017-11-03", "url": "https://www.sec.gov/Archives/edgar/data/0000892482/000091957417007575/xslF345X03/p7724786.xml"}, {"form_type": "3", "filings_date": "2017-11-03", "url": "https://www.sec.gov/Archives/edgar/data/0000892482/000091957417007573/xslF345X02/p7715242.xml"}, {"form_type": "SC 13D/A", "filings_date": "2017-11-03", "url": "https://www.sec.gov/Archives/edgar/data/0000892482/000091957417007571/d7714305_13da.htm"}, {"form_type": "8-K", "filings_date": "2017-11-01", "url": "https://www.sec.gov/Archives/edgar/data/0000892482/000089248217000058/a8-kq32017.htm"}, {"form_type": "4", "filings_date": "2017-10-31", "url": "https://www.sec.gov/Archives/edgar/data/0000892482/000089248217000056/xslF345X03/wf-form4_150946887302902.xml"}, {"form_type": "8-K", "filings_date": "2017-10-25", "url": "https://www.sec.gov/Archives/edgar/data/0000892482/000089248217000054/a8-k20171024.htm"}, {"form_type": "10-Q", "filings_date": "2017-08-08", "url": "https://www.sec.gov/Archives/edgar/data/0000892482/000089248217000052/qumu10qq22017.htm"}, {"form_type": "8-K", "filings_date": "2017-08-02", "url": "https://www.sec.gov/Archives/edgar/data/0000892482/000089248217000049/a8-kq22017.htm"}, {"form_type": "4", "filings_date": "2017-07-06", "url": "https://www.sec.gov/Archives/edgar/data/0000892482/000092189517001884/xslF345X03/form407378004_07062017.xml"}, {"form_type": "4", "filings_date": "2017-05-22", "url": "https://www.sec.gov/Archives/edgar/data/0000892482/000161559417000038/xslF345X03/primary_doc.xml"}, {"form_type": "8-K", "filings_date": "2017-05-16", "url": "https://www.sec.gov/Archives/edgar/data/0000892482/000089248217000047/form8-k20170511.htm"}, {"form_type": "4", "filings_date": "2017-05-16", "url": "https://www.sec.gov/Archives/edgar/data/0000892482/000089248217000045/xslF345X03/wf-form4_149494166954853.xml"}, {"form_type": "4", "filings_date": "2017-05-12", "url": "https://www.sec.gov/Archives/edgar/data/0000892482/000092189517001481/xslF345X03/form407378004_05122017.xml"}, {"form_type": "4", "filings_date": "2017-05-12", "url": "https://www.sec.gov/Archives/edgar/data/0000892482/000089248217000042/xslF345X03/wf-form4_149460546664979.xml"}, {"form_type": "4", "filings_date": "2017-05-12", "url": "https://www.sec.gov/Archives/edgar/data/0000892482/000089248217000041/xslF345X03/wf-form4_149460544826823.xml"}, {"form_type": "4", "filings_date": "2017-05-12", "url": "https://www.sec.gov/Archives/edgar/data/0000892482/000089248217000040/xslF345X03/wf-form4_149460543011445.xml"}, {"form_type": "4", "filings_date": "2017-05-12", "url": "https://www.sec.gov/Archives/edgar/data/0000892482/000089248217000039/xslF345X03/wf-form4_149460541270563.xml"}, {"form_type": "4", "filings_date": "2017-05-12", "url": "https://www.sec.gov/Archives/edgar/data/0000892482/000089248217000038/xslF345X03/wf-form4_149460539097253.xml"}, {"form_type": "10-Q", "filings_date": "2017-05-09", "url": "https://www.sec.gov/Archives/edgar/data/0000892482/000089248217000032/qumu10qq12017.htm"}, {"form_type": "8-K", "filings_date": "2017-05-03", "url": "https://www.sec.gov/Archives/edgar/data/0000892482/000089248217000029/a8-kq12017.htm"}, {"form_type": "SC 13D/A", "filings_date": "2017-04-13", "url": "https://www.sec.gov/Archives/edgar/data/0000892482/000091957417003426/d7460680_13d-a.htm"}, {"form_type": "DEF 14A", "filings_date": "2017-04-12", "url": "https://www.sec.gov/Archives/edgar/data/0000892482/000089248217000027/qumu2017def14a.htm"}, {"form_type": "SC 13D", "filings_date": "2017-04-03", "url": "https://www.sec.gov/Archives/edgar/data/0000892482/000091957417003109/d7455684_13-d.htm"}, {"form_type": "10-K", "filings_date": "2017-03-31", "url": "https://www.sec.gov/Archives/edgar/data/0000892482/000089248217000024/qumu10k12312016.htm"}, {"form_type": "4", "filings_date": "2017-03-10", "url": "https://www.sec.gov/Archives/edgar/data/0000892482/000161559417000014/xslF345X03/primary_doc.xml"}, {"form_type": "8-K", "filings_date": "2017-03-10", "url": "https://www.sec.gov/Archives/edgar/data/0000892482/000089248217000021/a8-k20170308.htm"}, {"form_type": "4", "filings_date": "2017-03-10", "url": "https://www.sec.gov/Archives/edgar/data/0000892482/000161559417000013/xslF345X03/primary_doc.xml"}, {"form_type": "SC 13G/A", "filings_date": "2017-03-10", "url": "https://www.sec.gov/Archives/edgar/data/0000892482/000093675317000123/qumu.txt"}, {"form_type": "SC 13G", "filings_date": "2017-03-10", "url": "https://www.sec.gov/Archives/edgar/data/0000892482/000119312517078190/d355154dsc13g.htm"}, {"form_type": "8-K", "filings_date": "2017-03-01", "url": "https://www.sec.gov/Archives/edgar/data/0000892482/000089248217000018/a8-kq42016.htm"}, {"form_type": "SC 13G/A", "filings_date": "2017-02-14", "url": "https://www.sec.gov/Archives/edgar/data/0000892482/000103738917000134/qumu-13g_20161231.txt"}, {"form_type": "SC 13G/A", "filings_date": "2017-02-14", "url": "https://www.sec.gov/Archives/edgar/data/0000892482/000093675317000082/qumu.txt"}, {"form_type": "EFFECT", "filings_date": "2017-01-27", "url": "https://www.sec.gov/Archives/edgar/data/0000892482/999999999517000295/xslEFFECTX01/primary_doc.xml"}, {"form_type": "424B3", "filings_date": "2017-01-27", "url": "https://www.sec.gov/Archives/edgar/data/0000892482/000089248217000015/qumu_prospectusx20170127.htm"}, {"form_type": "CORRESP", "filings_date": "2017-01-25", "url": "https://www.sec.gov/Archives/edgar/data/0000892482/000089248217000012/filename1.htm"}, {"form_type": "UPLOAD", "filings_date": "2017-01-24", "url": "https://www.sec.gov/Archives/edgar/data/0000892482/000000000017002491/filename1.pdf"}, {"form_type": "S-3", "filings_date": "2017-01-13", "url": "https://www.sec.gov/Archives/edgar/data/0000892482/000089248217000008/qumu_formxs-3xregistration.htm"}, {"form_type": "S-8", "filings_date": "2017-01-13", "url": "https://www.sec.gov/Archives/edgar/data/0000892482/000089248217000006/qumuforms-8for2016amendmen.htm"}]}