{"company": {"cik": "0001384365", "name": "RAADR, INC.", "sic": "Services-Computer Programming Services", "state_incorp": "NV", "ticker": "RDAR", "mailing_addr": "7950 E REDFIELD RD., SCOTTSDALE, AZ, 85260", "category": "", "fiscal_year_end": "31, December"}, "filings": [{"form_type": "253G2", "filings_date": "2021-12-17", "url": "https://www.sec.gov/Archives/edgar/data/0001384365/000139390521000528/rdar_253g2.htm"}, {"form_type": "253G2", "filings_date": "2021-09-17", "url": "https://www.sec.gov/Archives/edgar/data/0001384365/000139390521000410/rdar_253g2.htm"}, {"form_type": "QUALIF", "filings_date": "2021-09-01", "url": "https://www.sec.gov/Archives/edgar/data/0001384365/999999999421000269/xslQUALIFX01/primary_doc.xml"}, {"form_type": "CORRESP", "filings_date": "2021-08-30", "url": "https://www.sec.gov/Archives/edgar/data/0001384365/000139390521000389/filename1.htm"}, {"form_type": "D", "filings_date": "2021-08-09", "url": "https://www.sec.gov/Archives/edgar/data/0001384365/000139390521000367/xslFormDX01/primary_doc.xml"}, {"form_type": "CORRESP", "filings_date": "2021-07-23", "url": "https://www.sec.gov/Archives/edgar/data/0001384365/000139390521000339/filename1.htm"}, {"form_type": "CORRESP", "filings_date": "2021-07-21", "url": "https://www.sec.gov/Archives/edgar/data/0001384365/000139390521000338/filename1.htm"}, {"form_type": "1-A/A", "filings_date": "2021-05-28", "url": "https://www.sec.gov/Archives/edgar/data/0001384365/000139390521000282/xsl1-A_X01/primary_doc.xml"}, {"form_type": "1-A/A", "filings_date": "2021-05-26", "url": "https://www.sec.gov/Archives/edgar/data/0001384365/000139390521000274/xsl1-A_X01/primary_doc.xml"}, {"form_type": "1-A/A", "filings_date": "2021-05-19", "url": "https://www.sec.gov/Archives/edgar/data/0001384365/000139390521000262/xsl1-A_X01/primary_doc.xml"}, {"form_type": "UPLOAD", "filings_date": "2021-05-12", "url": "https://www.sec.gov/Archives/edgar/data/0001384365/000000000021006040/filename1.pdf"}, {"form_type": "1-A", "filings_date": "2021-05-05", "url": "https://www.sec.gov/Archives/edgar/data/0001384365/000139390521000229/xsl1-A_X01/primary_doc.xml"}, {"form_type": "10-Q/A", "filings_date": "2019-06-18", "url": "https://www.sec.gov/Archives/edgar/data/0001384365/000139390519000206/rdar_10qa.htm"}, {"form_type": "10-Q/A", "filings_date": "2019-06-18", "url": "https://www.sec.gov/Archives/edgar/data/0001384365/000139390519000203/rdar_10qa.htm"}, {"form_type": "10-Q", "filings_date": "2019-06-14", "url": "https://www.sec.gov/Archives/edgar/data/0001384365/000139390519000187/rdar_10q.htm"}, {"form_type": "10-Q", "filings_date": "2019-06-14", "url": "https://www.sec.gov/Archives/edgar/data/0001384365/000139390519000188/rdar_10q.htm"}, {"form_type": "15-12G", "filings_date": "2017-02-27", "url": "https://www.sec.gov/Archives/edgar/data/0001384365/000139390517000039/rdar_1512g.htm"}]}