{"company": {"cik": "0001019671", "name": "SEACHANGE INTERNATIONAL INC", "sic": "Radio & Tv Broadcasting & Communications Equipment", "state_incorp": "DE", "ticker": "SEAC", "mailing_addr": "177 HUNTINGTON AVENUE, SUITE 1703, BOSTON, MA, 02115-3153", "category": "Non-accelerated filer<br>Smaller reporting company", "fiscal_year_end": "31, January"}, "filings": [{"form_type": "425", "filings_date": "2022-02-24", "url": "https://www.sec.gov/Archives/edgar/data/0001019671/000119312522052432/d182694d425.htm"}, {"form_type": "425", "filings_date": "2022-02-22", "url": "https://www.sec.gov/Archives/edgar/data/0001019671/000119312522048690/d288930d425.htm"}, {"form_type": "S-4", "filings_date": "2022-02-22", "url": "https://www.sec.gov/Archives/edgar/data/0001019671/000119312522047735/d289672ds4.htm"}, {"form_type": "SC 13D/A", "filings_date": "2022-02-15", "url": "https://www.sec.gov/Archives/edgar/data/0001019671/000117152022000131/eps10086_ksinger.htm"}, {"form_type": "SC 13D/A", "filings_date": "2021-12-29", "url": "https://www.sec.gov/Archives/edgar/data/0001019671/000117152021000559/eps9950.htm"}, {"form_type": "SC 13D/A", "filings_date": "2021-12-28", "url": "https://www.sec.gov/Archives/edgar/data/0001019671/000117152021000557/eps9949.htm"}, {"form_type": "425", "filings_date": "2021-12-27", "url": "https://www.sec.gov/Archives/edgar/data/0001019671/000119312521367012/d277717d425.htm"}, {"form_type": "425", "filings_date": "2021-12-27", "url": "https://www.sec.gov/Archives/edgar/data/0001019671/000119312521367011/d277717d425.htm"}, {"form_type": "425", "filings_date": "2021-12-22", "url": "https://www.sec.gov/Archives/edgar/data/0001019671/000119312521365082/d280445d425.htm"}, {"form_type": "8-K", "filings_date": "2021-12-22", "url": "https://www.sec.gov/Archives/edgar/data/0001019671/000119312521365076/d280445d8k.htm"}, {"form_type": "10-Q", "filings_date": "2021-12-15", "url": "https://www.sec.gov/Archives/edgar/data/0001019671/000156459021060353/seac-10q_20211031.htm"}, {"form_type": "8-K", "filings_date": "2021-12-14", "url": "https://www.sec.gov/Archives/edgar/data/0001019671/000156459021060312/seac-8k_20211214.htm"}, {"form_type": "8-K", "filings_date": "2021-12-10", "url": "https://www.sec.gov/Archives/edgar/data/0001019671/000119312521354077/d259481d8k.htm"}, {"form_type": "4", "filings_date": "2021-09-29", "url": "https://www.sec.gov/Archives/edgar/data/0001019671/000120919121058065/xslF345X03/doc4.xml"}, {"form_type": "3", "filings_date": "2021-09-29", "url": "https://www.sec.gov/Archives/edgar/data/0001019671/000120919121058062/xslF345X02/doc3.xml"}, {"form_type": "8-K", "filings_date": "2021-09-27", "url": "https://www.sec.gov/Archives/edgar/data/0001019671/000119312521283003/d448962d8k.htm"}, {"form_type": "10-Q", "filings_date": "2021-09-14", "url": "https://www.sec.gov/Archives/edgar/data/0001019671/000156459021047915/seac-10q_20210731.htm"}, {"form_type": "8-K", "filings_date": "2021-09-13", "url": "https://www.sec.gov/Archives/edgar/data/0001019671/000156459021047743/seac-8k_20210913.htm"}, {"form_type": "8-K", "filings_date": "2021-08-06", "url": "https://www.sec.gov/Archives/edgar/data/0001019671/000119312521239262/d51984d8k.htm"}, {"form_type": "4", "filings_date": "2021-08-05", "url": "https://www.sec.gov/Archives/edgar/data/0001019671/000120919121050060/xslF345X03/doc4.xml"}, {"form_type": "3", "filings_date": "2021-08-05", "url": "https://www.sec.gov/Archives/edgar/data/0001019671/000120919121050058/xslF345X02/doc3.xml"}, {"form_type": "4", "filings_date": "2021-07-29", "url": "https://www.sec.gov/Archives/edgar/data/0001019671/000120919121048569/xslF345X03/doc4.xml"}, {"form_type": "S-8", "filings_date": "2021-07-28", "url": "https://www.sec.gov/Archives/edgar/data/0001019671/000119312521227405/d207437ds8.htm"}, {"form_type": "4", "filings_date": "2021-07-22", "url": "https://www.sec.gov/Archives/edgar/data/0001019671/000120919121047762/xslF345X03/doc4.xml"}, {"form_type": "4", "filings_date": "2021-07-12", "url": "https://www.sec.gov/Archives/edgar/data/0001019671/000120919121046312/xslF345X03/doc4.xml"}, {"form_type": "4", "filings_date": "2021-07-12", "url": "https://www.sec.gov/Archives/edgar/data/0001019671/000120919121046310/xslF345X03/doc4.xml"}, {"form_type": "4", "filings_date": "2021-07-12", "url": "https://www.sec.gov/Archives/edgar/data/0001019671/000120919121046308/xslF345X03/doc4.xml"}, {"form_type": "4", "filings_date": "2021-07-12", "url": "https://www.sec.gov/Archives/edgar/data/0001019671/000120919121046306/xslF345X03/doc4.xml"}, {"form_type": "8-K", "filings_date": "2021-07-08", "url": "https://www.sec.gov/Archives/edgar/data/0001019671/000119312521210947/d202479d8k.htm"}, {"form_type": "4", "filings_date": "2021-06-28", "url": "https://www.sec.gov/Archives/edgar/data/0001019671/000120919121043516/xslF345X03/doc4.xml"}, {"form_type": "4", "filings_date": "2021-06-28", "url": "https://www.sec.gov/Archives/edgar/data/0001019671/000120919121043514/xslF345X03/doc4.xml"}, {"form_type": "4", "filings_date": "2021-06-22", "url": "https://www.sec.gov/Archives/edgar/data/0001019671/000120919121042412/xslF345X03/doc4.xml"}, {"form_type": "10-Q", "filings_date": "2021-06-11", "url": "https://www.sec.gov/Archives/edgar/data/0001019671/000156459021032653/seac-10q_20210430.htm"}, {"form_type": "8-K", "filings_date": "2021-06-10", "url": "https://www.sec.gov/Archives/edgar/data/0001019671/000156459021032452/seac-8k_20210610.htm"}, {"form_type": "4", "filings_date": "2021-06-01", "url": "https://www.sec.gov/Archives/edgar/data/0001019671/000120919121036833/xslF345X03/doc4.xml"}, {"form_type": "DEFA14A", "filings_date": "2021-05-28", "url": "https://www.sec.gov/Archives/edgar/data/0001019671/000119312521176989/d125903ddefa14a.htm"}, {"form_type": "DEF 14A", "filings_date": "2021-05-28", "url": "https://www.sec.gov/Archives/edgar/data/0001019671/000119312521176968/d125903ddef14a.htm"}, {"form_type": "4", "filings_date": "2021-05-18", "url": "https://www.sec.gov/Archives/edgar/data/0001019671/000120919121033611/xslF345X03/doc4.xml"}, {"form_type": "3", "filings_date": "2021-05-18", "url": "https://www.sec.gov/Archives/edgar/data/0001019671/000120919121033602/xslF345X02/doc3.xml"}, {"form_type": "PRE 14A", "filings_date": "2021-05-18", "url": "https://www.sec.gov/Archives/edgar/data/0001019671/000119312521165573/d125903dpre14a.htm"}, {"form_type": "8-K", "filings_date": "2021-05-18", "url": "https://www.sec.gov/Archives/edgar/data/0001019671/000119312521165558/d19361d8k.htm"}, {"form_type": "4", "filings_date": "2021-04-21", "url": "https://www.sec.gov/Archives/edgar/data/0001019671/000120919121027875/xslF345X03/doc4.xml"}, {"form_type": "10-K", "filings_date": "2021-04-15", "url": "https://www.sec.gov/Archives/edgar/data/0001019671/000156459021018886/seac-10k_20210131.htm"}, {"form_type": "8-K", "filings_date": "2021-04-13", "url": "https://www.sec.gov/Archives/edgar/data/0001019671/000156459021018697/seac-8k_20210413.htm"}, {"form_type": "8-K", "filings_date": "2021-04-01", "url": "https://www.sec.gov/Archives/edgar/data/0001019671/000119312521102631/d309963d8k.htm"}, {"form_type": "424B5", "filings_date": "2021-03-31", "url": "https://www.sec.gov/Archives/edgar/data/0001019671/000119312521102539/d110088d424b5.htm"}, {"form_type": "424B5", "filings_date": "2021-03-31", "url": "https://www.sec.gov/Archives/edgar/data/0001019671/000119312521101931/d110088d424b5.htm"}, {"form_type": "424B5", "filings_date": "2021-03-30", "url": "https://www.sec.gov/Archives/edgar/data/0001019671/000119312521098948/d110088d424b5.htm"}, {"form_type": "8-K", "filings_date": "2021-03-29", "url": "https://www.sec.gov/Archives/edgar/data/0001019671/000119312521098454/d21063d8k.htm"}, {"form_type": "8-K", "filings_date": "2021-03-25", "url": "https://www.sec.gov/Archives/edgar/data/0001019671/000119312521094498/d124522d8k.htm"}, {"form_type": "4", "filings_date": "2021-03-24", "url": "https://www.sec.gov/Archives/edgar/data/0001019671/000120919121022890/xslF345X03/doc4.xml"}, {"form_type": "4", "filings_date": "2021-03-24", "url": "https://www.sec.gov/Archives/edgar/data/0001019671/000120919121022885/xslF345X03/doc4.xml"}, {"form_type": "8-K", "filings_date": "2021-03-17", "url": "https://www.sec.gov/Archives/edgar/data/0001019671/000119312521084208/d153686d8k.htm"}, {"form_type": "EFFECT", "filings_date": "2021-03-16", "url": "https://www.sec.gov/Archives/edgar/data/0001019671/999999999521000960/xslEFFECTX01/primary_doc.xml"}, {"form_type": "UPLOAD", "filings_date": "2021-03-15", "url": "https://www.sec.gov/Archives/edgar/data/0001019671/000000000021003043/filename1.pdf"}, {"form_type": "CORRESP", "filings_date": "2021-03-15", "url": "https://www.sec.gov/Archives/edgar/data/0001019671/000119312521080417/filename1.htm"}, {"form_type": "CORRESP", "filings_date": "2021-03-09", "url": "https://www.sec.gov/Archives/edgar/data/0001019671/000119312521075240/filename1.htm"}, {"form_type": "UPLOAD", "filings_date": "2021-03-05", "url": "https://www.sec.gov/Archives/edgar/data/0001019671/000000000021002648/filename1.pdf"}, {"form_type": "SC 13G/A", "filings_date": "2021-02-16", "url": "https://www.sec.gov/Archives/edgar/data/0001019671/000035420421000550/SEC13G_Filing.htm"}, {"form_type": "4", "filings_date": "2021-02-12", "url": "https://www.sec.gov/Archives/edgar/data/0001019671/000120919121010255/xslF345X03/doc4.xml"}, {"form_type": "3", "filings_date": "2021-02-12", "url": "https://www.sec.gov/Archives/edgar/data/0001019671/000120919121010252/xslF345X02/doc3.xml"}, {"form_type": "4", "filings_date": "2021-02-12", "url": "https://www.sec.gov/Archives/edgar/data/0001019671/000120919121010245/xslF345X03/doc4.xml"}, {"form_type": "4", "filings_date": "2021-02-12", "url": "https://www.sec.gov/Archives/edgar/data/0001019671/000120919121010240/xslF345X03/doc4.xml"}, {"form_type": "CORRESP", "filings_date": "2021-02-11", "url": "https://www.sec.gov/Archives/edgar/data/0001019671/000119312521037749/filename1.htm"}, {"form_type": "8-K", "filings_date": "2021-02-11", "url": "https://www.sec.gov/Archives/edgar/data/0001019671/000119312521037411/d91394d8k.htm"}, {"form_type": "CORRESP", "filings_date": "2021-02-10", "url": "https://www.sec.gov/Archives/edgar/data/0001019671/000119312521036509/filename1.htm"}, {"form_type": "CORRESP", "filings_date": "2021-02-10", "url": "https://www.sec.gov/Archives/edgar/data/0001019671/000119312521036482/filename1.htm"}, {"form_type": "UPLOAD", "filings_date": "2021-02-10", "url": "https://www.sec.gov/Archives/edgar/data/0001019671/000000000021001685/filename1.pdf"}, {"form_type": "S-3", "filings_date": "2021-02-05", "url": "https://www.sec.gov/Archives/edgar/data/0001019671/000119312521030583/d121633ds3.htm"}, {"form_type": "UPLOAD", "filings_date": "2021-01-28", "url": "https://www.sec.gov/Archives/edgar/data/0001019671/000000000021001103/filename1.pdf"}, {"form_type": "8-K", "filings_date": "2021-01-19", "url": "https://www.sec.gov/Archives/edgar/data/0001019671/000119312521011445/d98153d8k.htm"}, {"form_type": "8-K", "filings_date": "2021-01-13", "url": "https://www.sec.gov/Archives/edgar/data/0001019671/000119312521007770/d84678d8k.htm"}, {"form_type": "10-Q", "filings_date": "2020-12-10", "url": "https://www.sec.gov/Archives/edgar/data/0001019671/000156459020056748/seac-10q_20201031.htm"}, {"form_type": "8-K", "filings_date": "2020-12-10", "url": "https://www.sec.gov/Archives/edgar/data/0001019671/000156459020056728/seac-8k_20201210.htm"}, {"form_type": "8-K", "filings_date": "2020-11-05", "url": "https://www.sec.gov/Archives/edgar/data/0001019671/000119312520286969/d36380d8k.htm"}, {"form_type": "10-Q", "filings_date": "2020-09-09", "url": "https://www.sec.gov/Archives/edgar/data/0001019671/000156459020042870/seac-10q_20200731.htm"}, {"form_type": "8-K", "filings_date": "2020-09-08", "url": "https://www.sec.gov/Archives/edgar/data/0001019671/000156459020042802/seac-8k_20200908.htm"}, {"form_type": "4", "filings_date": "2020-07-29", "url": "https://www.sec.gov/Archives/edgar/data/0001019671/000120919120043993/xslF345X03/doc4.xml"}, {"form_type": "3", "filings_date": "2020-07-29", "url": "https://www.sec.gov/Archives/edgar/data/0001019671/000120919120043991/xslF345X02/doc3.xml"}, {"form_type": "8-K", "filings_date": "2020-07-29", "url": "https://www.sec.gov/Archives/edgar/data/0001019671/000119312520201844/d944632d8k.htm"}, {"form_type": "4", "filings_date": "2020-07-13", "url": "https://www.sec.gov/Archives/edgar/data/0001019671/000120919120042327/xslF345X03/doc4.xml"}, {"form_type": "4", "filings_date": "2020-07-13", "url": "https://www.sec.gov/Archives/edgar/data/0001019671/000120919120042324/xslF345X03/doc4.xml"}, {"form_type": "4", "filings_date": "2020-07-13", "url": "https://www.sec.gov/Archives/edgar/data/0001019671/000120919120042322/xslF345X03/doc4.xml"}, {"form_type": "8-K", "filings_date": "2020-07-09", "url": "https://www.sec.gov/Archives/edgar/data/0001019671/000119312520190503/d78498d8k.htm"}, {"form_type": "8-K", "filings_date": "2020-07-08", "url": "https://www.sec.gov/Archives/edgar/data/0001019671/000119312520189739/d945558d8k.htm"}, {"form_type": "4", "filings_date": "2020-07-02", "url": "https://www.sec.gov/Archives/edgar/data/0001019671/000120919120040791/xslF345X03/doc4.xml"}, {"form_type": "4", "filings_date": "2020-07-02", "url": "https://www.sec.gov/Archives/edgar/data/0001019671/000120919120040786/xslF345X03/doc4.xml"}, {"form_type": "4", "filings_date": "2020-07-02", "url": "https://www.sec.gov/Archives/edgar/data/0001019671/000120919120040782/xslF345X03/doc4.xml"}, {"form_type": "4", "filings_date": "2020-07-02", "url": "https://www.sec.gov/Archives/edgar/data/0001019671/000120919120040778/xslF345X03/doc4.xml"}, {"form_type": "10-Q", "filings_date": "2020-06-12", "url": "https://www.sec.gov/Archives/edgar/data/0001019671/000156459020029082/seac-10q_20200430.htm"}, {"form_type": "8-K", "filings_date": "2020-06-11", "url": "https://www.sec.gov/Archives/edgar/data/0001019671/000156459020029021/seac-8k_20200611.htm"}, {"form_type": "8-K", "filings_date": "2020-06-09", "url": "https://www.sec.gov/Archives/edgar/data/0001019671/000119312520164738/d942284d8k.htm"}, {"form_type": "4/A", "filings_date": "2020-06-05", "url": "https://www.sec.gov/Archives/edgar/data/0001019671/000120919120034840/xslF345X03/doc4a.xml"}, {"form_type": "4/A", "filings_date": "2020-06-05", "url": "https://www.sec.gov/Archives/edgar/data/0001019671/000120919120034837/xslF345X03/doc4a.xml"}, {"form_type": "4/A", "filings_date": "2020-06-05", "url": "https://www.sec.gov/Archives/edgar/data/0001019671/000120919120034832/xslF345X03/doc4a.xml"}, {"form_type": "4/A", "filings_date": "2020-06-05", "url": "https://www.sec.gov/Archives/edgar/data/0001019671/000120919120034828/xslF345X03/doc4a.xml"}, {"form_type": "DEFR14A", "filings_date": "2020-06-05", "url": "https://www.sec.gov/Archives/edgar/data/0001019671/000119312520162326/d940802ddefr14a.htm"}, {"form_type": "8-K/A", "filings_date": "2020-06-05", "url": "https://www.sec.gov/Archives/edgar/data/0001019671/000119312520162323/d939659d8ka.htm"}, {"form_type": "4", "filings_date": "2020-05-28", "url": "https://www.sec.gov/Archives/edgar/data/0001019671/000120919120032732/xslF345X03/doc4.xml"}, {"form_type": "4", "filings_date": "2020-05-28", "url": "https://www.sec.gov/Archives/edgar/data/0001019671/000120919120032731/xslF345X03/doc4.xml"}, {"form_type": "4", "filings_date": "2020-05-28", "url": "https://www.sec.gov/Archives/edgar/data/0001019671/000120919120032730/xslF345X03/doc4.xml"}, {"form_type": "4", "filings_date": "2020-05-28", "url": "https://www.sec.gov/Archives/edgar/data/0001019671/000120919120032729/xslF345X03/doc4.xml"}, {"form_type": "DEFA14A", "filings_date": "2020-05-27", "url": "https://www.sec.gov/Archives/edgar/data/0001019671/000119312520153178/d934872ddefa14a.htm"}, {"form_type": "DEFA14A", "filings_date": "2020-05-27", "url": "https://www.sec.gov/Archives/edgar/data/0001019671/000119312520153169/d903055ddefa14a.htm"}, {"form_type": "DEF 14A", "filings_date": "2020-05-27", "url": "https://www.sec.gov/Archives/edgar/data/0001019671/000156459020027052/seac-def14a_20200709.htm"}, {"form_type": "8-K", "filings_date": "2020-05-27", "url": "https://www.sec.gov/Archives/edgar/data/0001019671/000119312520153117/d921460d8k.htm"}, {"form_type": "10-K/A", "filings_date": "2020-05-26", "url": "https://www.sec.gov/Archives/edgar/data/0001019671/000119312520151541/d866362d10ka.htm"}, {"form_type": "8-K", "filings_date": "2020-05-21", "url": "https://www.sec.gov/Archives/edgar/data/0001019671/000119312520148824/d920758d8k.htm"}, {"form_type": "8-K", "filings_date": "2020-05-11", "url": "https://www.sec.gov/Archives/edgar/data/0001019671/000119312520139161/d876567d8k.htm"}, {"form_type": "4", "filings_date": "2020-05-07", "url": "https://www.sec.gov/Archives/edgar/data/0001019671/000120919120027807/xslF345X03/doc4.xml"}, {"form_type": "10-K", "filings_date": "2020-04-20", "url": "https://www.sec.gov/Archives/edgar/data/0001019671/000156459020017461/seac-10k_20200131.htm"}, {"form_type": "8-K", "filings_date": "2020-04-15", "url": "https://www.sec.gov/Archives/edgar/data/0001019671/000119312520108144/d910183d8k.htm"}, {"form_type": "8-K", "filings_date": "2020-04-06", "url": "https://www.sec.gov/Archives/edgar/data/0001019671/000156459020015518/seac-8k_20200406.htm"}, {"form_type": "SC 13G/A", "filings_date": "2020-02-12", "url": "https://www.sec.gov/Archives/edgar/data/0001019671/000125889720001299/dfs553.htm"}, {"form_type": "SC 13G/A", "filings_date": "2020-02-12", "url": "https://www.sec.gov/Archives/edgar/data/0001019671/000110465920018936/tv02148-seachangeinternation.htm"}, {"form_type": "4", "filings_date": "2020-02-05", "url": "https://www.sec.gov/Archives/edgar/data/0001019671/000120919120007034/xslF345X03/doc4.xml"}, {"form_type": "4", "filings_date": "2020-02-05", "url": "https://www.sec.gov/Archives/edgar/data/0001019671/000120919120007032/xslF345X03/doc4.xml"}, {"form_type": "8-A12B/A", "filings_date": "2020-01-09", "url": "https://www.sec.gov/Archives/edgar/data/0001019671/000119312520004688/d865390d8a12ba.htm"}, {"form_type": "8-K", "filings_date": "2020-01-09", "url": "https://www.sec.gov/Archives/edgar/data/0001019671/000119312520004682/d865448d8k.htm"}, {"form_type": "4", "filings_date": "2020-01-06", "url": "https://www.sec.gov/Archives/edgar/data/0001019671/000120919120002036/xslF345X03/doc4.xml"}, {"form_type": "4", "filings_date": "2019-12-20", "url": "https://www.sec.gov/Archives/edgar/data/0001019671/000120919119061648/xslF345X03/doc4.xml"}, {"form_type": "4", "filings_date": "2019-12-20", "url": "https://www.sec.gov/Archives/edgar/data/0001019671/000120919119061618/xslF345X03/doc4.xml"}, {"form_type": "4", "filings_date": "2019-12-20", "url": "https://www.sec.gov/Archives/edgar/data/0001019671/000120919119061616/xslF345X03/doc4.xml"}, {"form_type": "8-K", "filings_date": "2019-12-11", "url": "https://www.sec.gov/Archives/edgar/data/0001019671/000119312519311536/d855037d8k.htm"}, {"form_type": "4", "filings_date": "2019-12-05", "url": "https://www.sec.gov/Archives/edgar/data/0001019671/000120919119059359/xslF345X03/doc4.xml"}, {"form_type": "10-Q", "filings_date": "2019-12-05", "url": "https://www.sec.gov/Archives/edgar/data/0001019671/000156459019045388/seac-10q_20191031.htm"}, {"form_type": "8-K", "filings_date": "2019-12-04", "url": "https://www.sec.gov/Archives/edgar/data/0001019671/000156459019045254/seac-8k_20191203.htm"}, {"form_type": "8-K", "filings_date": "2019-11-08", "url": "https://www.sec.gov/Archives/edgar/data/0001019671/000119312519288457/d821545d8k.htm"}, {"form_type": "8-K", "filings_date": "2019-11-04", "url": "https://www.sec.gov/Archives/edgar/data/0001019671/000119312519283488/d830636d8k.htm"}, {"form_type": "4", "filings_date": "2019-10-09", "url": "https://www.sec.gov/Archives/edgar/data/0001019671/000120919119052831/xslF345X03/doc4.xml"}, {"form_type": "3", "filings_date": "2019-10-09", "url": "https://www.sec.gov/Archives/edgar/data/0001019671/000120919119052830/xslF345X02/doc3.xml"}, {"form_type": "8-K", "filings_date": "2019-10-08", "url": "https://www.sec.gov/Archives/edgar/data/0001019671/000119312519264120/d773997d8k.htm"}, {"form_type": "8-K", "filings_date": "2019-09-27", "url": "https://www.sec.gov/Archives/edgar/data/0001019671/000119312519257410/d809367d8k.htm"}, {"form_type": "8-K", "filings_date": "2019-09-16", "url": "https://www.sec.gov/Archives/edgar/data/0001019671/000119312519245850/d801234d8k.htm"}, {"form_type": "8-K", "filings_date": "2019-09-10", "url": "https://www.sec.gov/Archives/edgar/data/0001019671/000119312519242053/d797271d8k.htm"}, {"form_type": "4", "filings_date": "2019-09-05", "url": "https://www.sec.gov/Archives/edgar/data/0001019671/000120919119048618/xslF345X03/doc4.xml"}, {"form_type": "4", "filings_date": "2019-09-05", "url": "https://www.sec.gov/Archives/edgar/data/0001019671/000120919119048616/xslF345X03/doc4.xml"}, {"form_type": "3", "filings_date": "2019-09-05", "url": "https://www.sec.gov/Archives/edgar/data/0001019671/000120919119048612/xslF345X02/doc3.xml"}, {"form_type": "10-Q", "filings_date": "2019-08-30", "url": "https://www.sec.gov/Archives/edgar/data/0001019671/000156459019033777/seac-10q_20190731.htm"}, {"form_type": "8-K", "filings_date": "2019-08-29", "url": "https://www.sec.gov/Archives/edgar/data/0001019671/000156459019033607/seac-8k_20190829.htm"}, {"form_type": "SC 13D/A", "filings_date": "2019-08-12", "url": "https://www.sec.gov/Archives/edgar/data/0001019671/000092189519002166/sc13da312126002_08122019.htm"}, {"form_type": "SC 13G/A", "filings_date": "2019-08-09", "url": "https://www.sec.gov/Archives/edgar/data/0001019671/000156761919016101/doc1.htm"}, {"form_type": "8-A12B/A", "filings_date": "2019-08-08", "url": "https://www.sec.gov/Archives/edgar/data/0001019671/000119312519216897/d788547d8a12ba.htm"}, {"form_type": "8-K", "filings_date": "2019-08-08", "url": "https://www.sec.gov/Archives/edgar/data/0001019671/000119312519216889/d790721d8k.htm"}, {"form_type": "4", "filings_date": "2019-07-12", "url": "https://www.sec.gov/Archives/edgar/data/0001019671/000120919119041976/xslF345X03/doc4.xml"}, {"form_type": "4", "filings_date": "2019-07-12", "url": "https://www.sec.gov/Archives/edgar/data/0001019671/000120919119041975/xslF345X03/doc4.xml"}, {"form_type": "4", "filings_date": "2019-07-12", "url": "https://www.sec.gov/Archives/edgar/data/0001019671/000120919119041974/xslF345X03/doc4.xml"}, {"form_type": "4", "filings_date": "2019-07-12", "url": "https://www.sec.gov/Archives/edgar/data/0001019671/000120919119041973/xslF345X03/doc4.xml"}, {"form_type": "8-K", "filings_date": "2019-07-11", "url": "https://www.sec.gov/Archives/edgar/data/0001019671/000119312519192426/d736111d8k.htm"}, {"form_type": "DEFA14A", "filings_date": "2019-06-28", "url": "https://www.sec.gov/Archives/edgar/data/0001019671/000119312519186089/d14512ddefa14a.htm"}, {"form_type": "8-K", "filings_date": "2019-06-28", "url": "https://www.sec.gov/Archives/edgar/data/0001019671/000119312519186078/d11228d8k.htm"}, {"form_type": "8-A12B/A", "filings_date": "2019-06-28", "url": "https://www.sec.gov/Archives/edgar/data/0001019671/000119312519186083/d44947d8a12ba.htm"}, {"form_type": "DEFA14A", "filings_date": "2019-06-28", "url": "https://www.sec.gov/Archives/edgar/data/0001019671/000119312519186081/d11228d8k.htm"}, {"form_type": "4", "filings_date": "2019-06-27", "url": "https://www.sec.gov/Archives/edgar/data/0001019671/000120919119039352/xslF345X03/doc4.xml"}, {"form_type": "4", "filings_date": "2019-06-27", "url": "https://www.sec.gov/Archives/edgar/data/0001019671/000120919119039350/xslF345X03/doc4.xml"}, {"form_type": "4", "filings_date": "2019-06-27", "url": "https://www.sec.gov/Archives/edgar/data/0001019671/000120919119039349/xslF345X03/doc4.xml"}, {"form_type": "4", "filings_date": "2019-06-13", "url": "https://www.sec.gov/Archives/edgar/data/0001019671/000120919119036823/xslF345X03/doc4.xml"}, {"form_type": "4", "filings_date": "2019-06-13", "url": "https://www.sec.gov/Archives/edgar/data/0001019671/000120919119036817/xslF345X03/doc4.xml"}, {"form_type": "4", "filings_date": "2019-06-13", "url": "https://www.sec.gov/Archives/edgar/data/0001019671/000120919119036813/xslF345X03/doc4.xml"}, {"form_type": "4", "filings_date": "2019-06-13", "url": "https://www.sec.gov/Archives/edgar/data/0001019671/000120919119036810/xslF345X03/doc4.xml"}, {"form_type": "10-Q", "filings_date": "2019-06-07", "url": "https://www.sec.gov/Archives/edgar/data/0001019671/000156459019022045/seac-10q_20190430.htm"}, {"form_type": "SC 13D/A", "filings_date": "2019-06-07", "url": "https://www.sec.gov/Archives/edgar/data/0001019671/000092189519001765/sc13da212126002_06072019.htm"}, {"form_type": "8-K", "filings_date": "2019-06-06", "url": "https://www.sec.gov/Archives/edgar/data/0001019671/000119312519167216/d759482d8k.htm"}, {"form_type": "SD", "filings_date": "2019-05-30", "url": "https://www.sec.gov/Archives/edgar/data/0001019671/000119312519161260/d706319dsd.htm"}, {"form_type": "DEFA14A", "filings_date": "2019-05-24", "url": "https://www.sec.gov/Archives/edgar/data/0001019671/000156459019020387/seac-defa14a_20190131.htm"}, {"form_type": "DEF 14A", "filings_date": "2019-05-24", "url": "https://www.sec.gov/Archives/edgar/data/0001019671/000156459019020385/seac-def14a_20190131.htm"}, {"form_type": "8-K", "filings_date": "2019-05-09", "url": "https://www.sec.gov/Archives/edgar/data/0001019671/000119312519143040/d730779d8k.htm"}, {"form_type": "PRE 14A", "filings_date": "2019-05-09", "url": "https://www.sec.gov/Archives/edgar/data/0001019671/000156459019018045/seac-pre14a_20190711.htm"}, {"form_type": "SC 13G", "filings_date": "2019-05-06", "url": "https://www.sec.gov/Archives/edgar/data/0001019671/000156761919009828/doc1.htm"}, {"form_type": "10-K", "filings_date": "2019-04-12", "url": "https://www.sec.gov/Archives/edgar/data/0001019671/000156459019011518/seac-10k_20190131.htm"}, {"form_type": "8-K", "filings_date": "2019-04-10", "url": "https://www.sec.gov/Archives/edgar/data/0001019671/000119312519102874/d727761d8k.htm"}, {"form_type": "4", "filings_date": "2019-04-08", "url": "https://www.sec.gov/Archives/edgar/data/0001019671/000120919119024011/xslF345X03/doc4.xml"}, {"form_type": "8-K", "filings_date": "2019-04-05", "url": "https://www.sec.gov/Archives/edgar/data/0001019671/000119312519098379/d697507d8k.htm"}, {"form_type": "3", "filings_date": "2019-03-11", "url": "https://www.sec.gov/Archives/edgar/data/0001019671/000092189519000703/xslF345X02/form312126002_03112019.xml"}, {"form_type": "SC 13G/A", "filings_date": "2019-03-08", "url": "https://www.sec.gov/Archives/edgar/data/0001019671/000093675319000089/seac.txt"}, {"form_type": "8-A12B", "filings_date": "2019-03-05", "url": "https://www.sec.gov/Archives/edgar/data/0001019671/000119312519064142/d716516d8a12b.htm"}, {"form_type": "8-K", "filings_date": "2019-03-05", "url": "https://www.sec.gov/Archives/edgar/data/0001019671/000119312519063294/d699125d8k.htm"}, {"form_type": "DEFA14A", "filings_date": "2019-03-05", "url": "https://www.sec.gov/Archives/edgar/data/0001019671/000119312519063295/d699125d8k.htm"}, {"form_type": "4", "filings_date": "2019-03-04", "url": "https://www.sec.gov/Archives/edgar/data/0001019671/000120919119016069/xslF345X03/doc4.xml"}, {"form_type": "4", "filings_date": "2019-03-04", "url": "https://www.sec.gov/Archives/edgar/data/0001019671/000120919119016067/xslF345X03/doc4.xml"}, {"form_type": "3", "filings_date": "2019-03-04", "url": "https://www.sec.gov/Archives/edgar/data/0001019671/000120919119016063/xslF345X02/doc3.xml"}, {"form_type": "3", "filings_date": "2019-03-04", "url": "https://www.sec.gov/Archives/edgar/data/0001019671/000120919119016059/xslF345X02/doc3.xml"}, {"form_type": "4", "filings_date": "2019-03-01", "url": "https://www.sec.gov/Archives/edgar/data/0001019671/000092189519000634/xslF345X03/form412126002_03012019.xml"}, {"form_type": "SC 13D/A", "filings_date": "2019-03-01", "url": "https://www.sec.gov/Archives/edgar/data/0001019671/000092189519000627/sc13da112126002_03012019.htm"}, {"form_type": "8-K", "filings_date": "2019-03-01", "url": "https://www.sec.gov/Archives/edgar/data/0001019671/000119312519059178/d697783d8k.htm"}, {"form_type": "DEFA14A", "filings_date": "2019-03-01", "url": "https://www.sec.gov/Archives/edgar/data/0001019671/000119312519059179/d697783d8k.htm"}, {"form_type": "8-K", "filings_date": "2019-02-26", "url": "https://www.sec.gov/Archives/edgar/data/0001019671/000119312519050508/d715614d8k.htm"}, {"form_type": "DEFA14A", "filings_date": "2019-02-26", "url": "https://www.sec.gov/Archives/edgar/data/0001019671/000119312519050509/d715614d8k.htm"}, {"form_type": "4", "filings_date": "2019-02-20", "url": "https://www.sec.gov/Archives/edgar/data/0001019671/000092189519000547/xslF345X03/form412126002_02202019.xml"}, {"form_type": "8-K", "filings_date": "2019-02-15", "url": "https://www.sec.gov/Archives/edgar/data/0001019671/000119312519042568/d706736d8k.htm"}, {"form_type": "SC 13G", "filings_date": "2019-02-14", "url": "https://www.sec.gov/Archives/edgar/data/0001019671/000119312519039803/d708227dsc13g.htm"}, {"form_type": "SC 13G/A", "filings_date": "2019-02-14", "url": "https://www.sec.gov/Archives/edgar/data/0001019671/000093675319000057/seac.txt"}, {"form_type": "SC 13D/A", "filings_date": "2019-02-13", "url": "https://www.sec.gov/Archives/edgar/data/0001019671/000156761919003437/doc1.htm"}, {"form_type": "SC 13D", "filings_date": "2019-02-12", "url": "https://www.sec.gov/Archives/edgar/data/0001019671/000156761919003190/doc1.htm"}, {"form_type": "SC 13G", "filings_date": "2019-02-12", "url": "https://www.sec.gov/Archives/edgar/data/0001019671/000093247119005796/seachangeinternationalinc.htm"}, {"form_type": "4", "filings_date": "2019-02-11", "url": "https://www.sec.gov/Archives/edgar/data/0001019671/000092189519000309/xslF345X03/form412126002_02112019.xml"}, {"form_type": "8-K", "filings_date": "2019-02-11", "url": "https://www.sec.gov/Archives/edgar/data/0001019671/000119312519032990/d705612d8k.htm"}, {"form_type": "SC 13G/A", "filings_date": "2019-02-08", "url": "https://www.sec.gov/Archives/edgar/data/0001019671/000125889719001448/dfs619.htm"}, {"form_type": "4", "filings_date": "2019-02-06", "url": "https://www.sec.gov/Archives/edgar/data/0001019671/000092189519000232/xslF345X03/form412126002_02062019.xml"}, {"form_type": "4", "filings_date": "2019-02-04", "url": "https://www.sec.gov/Archives/edgar/data/0001019671/000120919119007022/xslF345X03/doc4.xml"}, {"form_type": "4", "filings_date": "2019-02-04", "url": "https://www.sec.gov/Archives/edgar/data/0001019671/000120919119007015/xslF345X03/doc4.xml"}, {"form_type": "4", "filings_date": "2019-02-04", "url": "https://www.sec.gov/Archives/edgar/data/0001019671/000120919119007007/xslF345X03/doc4.xml"}, {"form_type": "4", "filings_date": "2019-02-04", "url": "https://www.sec.gov/Archives/edgar/data/0001019671/000120919119006999/xslF345X03/doc4.xml"}, {"form_type": "4", "filings_date": "2019-02-04", "url": "https://www.sec.gov/Archives/edgar/data/0001019671/000120919119006992/xslF345X03/doc4.xml"}, {"form_type": "8-K", "filings_date": "2019-02-01", "url": "https://www.sec.gov/Archives/edgar/data/0001019671/000119312519025921/d702440d8k.htm"}, {"form_type": "4", "filings_date": "2019-01-31", "url": "https://www.sec.gov/Archives/edgar/data/0001019671/000120919119006222/xslF345X03/doc4.xml"}, {"form_type": "8-K", "filings_date": "2019-01-25", "url": "https://www.sec.gov/Archives/edgar/data/0001019671/000119312519017176/d644660d8k.htm"}, {"form_type": "4", "filings_date": "2019-01-22", "url": "https://www.sec.gov/Archives/edgar/data/0001019671/000092189519000138/xslF345X03/form400322001_01222019.xml"}, {"form_type": "SC 13D", "filings_date": "2019-01-22", "url": "https://www.sec.gov/Archives/edgar/data/0001019671/000092189519000133/sc13d00322sea_01222019.htm"}, {"form_type": "4", "filings_date": "2019-01-16", "url": "https://www.sec.gov/Archives/edgar/data/0001019671/000120919119003899/xslF345X03/doc4.xml"}, {"form_type": "4", "filings_date": "2019-01-10", "url": "https://www.sec.gov/Archives/edgar/data/0001019671/000120919119003266/xslF345X03/doc4.xml"}, {"form_type": "4", "filings_date": "2019-01-09", "url": "https://www.sec.gov/Archives/edgar/data/0001019671/000120919119003008/xslF345X03/doc4.xml"}, {"form_type": "4", "filings_date": "2019-01-08", "url": "https://www.sec.gov/Archives/edgar/data/0001019671/000120919119002704/xslF345X03/doc4.xml"}, {"form_type": "4", "filings_date": "2019-01-07", "url": "https://www.sec.gov/Archives/edgar/data/0001019671/000120919119002432/xslF345X03/doc4.xml"}, {"form_type": "4", "filings_date": "2019-01-03", "url": "https://www.sec.gov/Archives/edgar/data/0001019671/000120919119001270/xslF345X03/doc4.xml"}, {"form_type": "3", "filings_date": "2019-01-03", "url": "https://www.sec.gov/Archives/edgar/data/0001019671/000120919119001257/xslF345X02/doc3.xml"}, {"form_type": "4", "filings_date": "2019-01-02", "url": "https://www.sec.gov/Archives/edgar/data/0001019671/000120919119000058/xslF345X03/doc4.xml"}, {"form_type": "4", "filings_date": "2018-12-28", "url": "https://www.sec.gov/Archives/edgar/data/0001019671/000120919118064298/xslF345X03/doc4.xml"}, {"form_type": "4", "filings_date": "2018-12-26", "url": "https://www.sec.gov/Archives/edgar/data/0001019671/000120919118064078/xslF345X03/doc4.xml"}, {"form_type": "SC 13G/A", "filings_date": "2018-12-21", "url": "https://www.sec.gov/Archives/edgar/data/0001019671/000114420418066001/tv509766_sc13ga1.htm"}, {"form_type": "4", "filings_date": "2018-12-21", "url": "https://www.sec.gov/Archives/edgar/data/0001019671/000120919118063837/xslF345X03/doc4.xml"}, {"form_type": "4", "filings_date": "2018-12-20", "url": "https://www.sec.gov/Archives/edgar/data/0001019671/000120919118063649/xslF345X03/doc4.xml"}, {"form_type": "4", "filings_date": "2018-12-19", "url": "https://www.sec.gov/Archives/edgar/data/0001019671/000120919118063430/xslF345X03/doc4.xml"}, {"form_type": "4", "filings_date": "2018-12-18", "url": "https://www.sec.gov/Archives/edgar/data/0001019671/000120919118063119/xslF345X03/doc4.xml"}, {"form_type": "10-Q/A", "filings_date": "2018-12-17", "url": "https://www.sec.gov/Archives/edgar/data/0001019671/000119312518351107/d674135d10qa.htm"}, {"form_type": "4", "filings_date": "2018-12-14", "url": "https://www.sec.gov/Archives/edgar/data/0001019671/000120919118062633/xslF345X03/doc4.xml"}, {"form_type": "3", "filings_date": "2018-12-13", "url": "https://www.sec.gov/Archives/edgar/data/0001019671/000120919118062393/xslF345X02/doc3.xml"}, {"form_type": "10-Q", "filings_date": "2018-12-10", "url": "https://www.sec.gov/Archives/edgar/data/0001019671/000119312518346199/d598836d10q.htm"}, {"form_type": "8-K", "filings_date": "2018-12-10", "url": "https://www.sec.gov/Archives/edgar/data/0001019671/000119312518346132/d668114d8k.htm"}, {"form_type": "4", "filings_date": "2018-12-03", "url": "https://www.sec.gov/Archives/edgar/data/0001019671/000120919118060628/xslF345X03/doc4.xml"}, {"form_type": "3", "filings_date": "2018-12-03", "url": "https://www.sec.gov/Archives/edgar/data/0001019671/000120919118060619/xslF345X02/doc3.xml"}, {"form_type": "SC 13G", "filings_date": "2018-10-15", "url": "https://www.sec.gov/Archives/edgar/data/0001019671/000114420418053726/tv504793_sc13g.htm"}, {"form_type": "4", "filings_date": "2018-09-14", "url": "https://www.sec.gov/Archives/edgar/data/0001019671/000120919118051137/xslF345X03/doc4.xml"}, {"form_type": "4", "filings_date": "2018-09-12", "url": "https://www.sec.gov/Archives/edgar/data/0001019671/000120919118050704/xslF345X03/doc4.xml"}, {"form_type": "4", "filings_date": "2018-09-12", "url": "https://www.sec.gov/Archives/edgar/data/0001019671/000120919118050702/xslF345X03/doc4.xml"}, {"form_type": "10-Q", "filings_date": "2018-09-10", "url": "https://www.sec.gov/Archives/edgar/data/0001019671/000156459018022885/seac-10q_20180731.htm"}, {"form_type": "8-K", "filings_date": "2018-09-05", "url": "https://www.sec.gov/Archives/edgar/data/0001019671/000119312518267204/d605670d8k.htm"}, {"form_type": "4", "filings_date": "2018-08-29", "url": "https://www.sec.gov/Archives/edgar/data/0001019671/000120919118048835/xslF345X03/doc4.xml"}, {"form_type": "4", "filings_date": "2018-08-29", "url": "https://www.sec.gov/Archives/edgar/data/0001019671/000120919118048833/xslF345X03/doc4.xml"}, {"form_type": "4", "filings_date": "2018-08-29", "url": "https://www.sec.gov/Archives/edgar/data/0001019671/000120919118048831/xslF345X03/doc4.xml"}, {"form_type": "4", "filings_date": "2018-08-29", "url": "https://www.sec.gov/Archives/edgar/data/0001019671/000120919118048828/xslF345X03/doc4.xml"}, {"form_type": "4", "filings_date": "2018-08-29", "url": "https://www.sec.gov/Archives/edgar/data/0001019671/000120919118048825/xslF345X03/doc4.xml"}, {"form_type": "8-K", "filings_date": "2018-08-21", "url": "https://www.sec.gov/Archives/edgar/data/0001019671/000119312518253453/d612859d8k.htm"}, {"form_type": "8-K", "filings_date": "2018-07-19", "url": "https://www.sec.gov/Archives/edgar/data/0001019671/000119312518221489/d561565d8k.htm"}, {"form_type": "8-K", "filings_date": "2018-07-12", "url": "https://www.sec.gov/Archives/edgar/data/0001019671/000119312518216909/d509892d8k.htm"}, {"form_type": "DEFA14A", "filings_date": "2018-06-13", "url": "https://www.sec.gov/Archives/edgar/data/0001019671/000156459018015565/seac-defa14a_20180607.htm"}, {"form_type": "10-Q", "filings_date": "2018-06-11", "url": "https://www.sec.gov/Archives/edgar/data/0001019671/000156459018015396/seac-10q_20180430.htm"}, {"form_type": "8-K", "filings_date": "2018-06-06", "url": "https://www.sec.gov/Archives/edgar/data/0001019671/000119312518185654/d602456d8k.htm"}, {"form_type": "SD", "filings_date": "2018-05-30", "url": "https://www.sec.gov/Archives/edgar/data/0001019671/000119312518178522/d594342dsd.htm"}, {"form_type": "DEFA14A", "filings_date": "2018-05-25", "url": "https://www.sec.gov/Archives/edgar/data/0001019671/000156459018014377/seac-defa14a_20180712.htm"}, {"form_type": "DEF 14A", "filings_date": "2018-05-25", "url": "https://www.sec.gov/Archives/edgar/data/0001019671/000156459018014375/seac-def14a_20180712.htm"}, {"form_type": "8-K", "filings_date": "2018-05-24", "url": "https://www.sec.gov/Archives/edgar/data/0001019671/000119312518173593/d590802d8k.htm"}, {"form_type": "10-K", "filings_date": "2018-04-16", "url": "https://www.sec.gov/Archives/edgar/data/0001019671/000156459018008250/seac-10k_20180131.htm"}, {"form_type": "8-K", "filings_date": "2018-04-16", "url": "https://www.sec.gov/Archives/edgar/data/0001019671/000119312518118557/d572298d8k.htm"}, {"form_type": "SC 13G/A", "filings_date": "2018-02-15", "url": "https://www.sec.gov/Archives/edgar/data/0001019671/000114036118008536/doc1.htm"}, {"form_type": "SC 13G/A", "filings_date": "2018-02-13", "url": "https://www.sec.gov/Archives/edgar/data/0001019671/000093675318000093/seac.txt"}, {"form_type": "SC 13G/A", "filings_date": "2018-02-13", "url": "https://www.sec.gov/Archives/edgar/data/0001019671/000108514618000613/seaca6_21318.htm"}, {"form_type": "SC 13G/A", "filings_date": "2018-02-09", "url": "https://www.sec.gov/Archives/edgar/data/0001019671/000125889718001457/dfs601.htm"}, {"form_type": "4", "filings_date": "2018-02-02", "url": "https://www.sec.gov/Archives/edgar/data/0001019671/000120919118006953/xslF345X03/doc4.xml"}, {"form_type": "4", "filings_date": "2018-02-02", "url": "https://www.sec.gov/Archives/edgar/data/0001019671/000120919118006948/xslF345X03/doc4.xml"}, {"form_type": "4", "filings_date": "2018-02-02", "url": "https://www.sec.gov/Archives/edgar/data/0001019671/000120919118006946/xslF345X03/doc4.xml"}, {"form_type": "4", "filings_date": "2018-02-02", "url": "https://www.sec.gov/Archives/edgar/data/0001019671/000120919118006941/xslF345X03/doc4.xml"}, {"form_type": "8-K", "filings_date": "2018-02-02", "url": "https://www.sec.gov/Archives/edgar/data/0001019671/000119312518030030/d515767d8k.htm"}, {"form_type": "8-K", "filings_date": "2018-01-29", "url": "https://www.sec.gov/Archives/edgar/data/0001019671/000119312518022531/d469773d8k.htm"}, {"form_type": "SC 13G/A", "filings_date": "2018-01-24", "url": "https://www.sec.gov/Archives/edgar/data/0001019671/000090630418000115/seac3.txt"}, {"form_type": "SC 13D/A", "filings_date": "2018-01-05", "url": "https://www.sec.gov/Archives/edgar/data/0001019671/000092189518000090/sc13da610114019_01052018.htm"}, {"form_type": "4", "filings_date": "2017-12-08", "url": "https://www.sec.gov/Archives/edgar/data/0001019671/000092189517002829/xslF345X03/form410114019_12082017.xml"}, {"form_type": "SC 13D/A", "filings_date": "2017-12-08", "url": "https://www.sec.gov/Archives/edgar/data/0001019671/000092189517002826/sc13da510114019_12082017.htm"}, {"form_type": "10-Q", "filings_date": "2017-12-07", "url": "https://www.sec.gov/Archives/edgar/data/0001019671/000156459017024707/seac-10q_20171031.htm"}, {"form_type": "8-K", "filings_date": "2017-12-06", "url": "https://www.sec.gov/Archives/edgar/data/0001019671/000119312517362851/d463223d8k.htm"}, {"form_type": "S-8", "filings_date": "2017-10-11", "url": "https://www.sec.gov/Archives/edgar/data/0001019671/000119312517307973/d472727ds8.htm"}, {"form_type": "10-Q", "filings_date": "2017-09-07", "url": "https://www.sec.gov/Archives/edgar/data/0001019671/000156459017018419/seac-10q_20170731.htm"}, {"form_type": "8-K", "filings_date": "2017-09-06", "url": "https://www.sec.gov/Archives/edgar/data/0001019671/000119312517277856/d446525d8k.htm"}, {"form_type": "4", "filings_date": "2017-08-28", "url": "https://www.sec.gov/Archives/edgar/data/0001019671/000120919117050448/xslF345X03/doc4.xml"}, {"form_type": "4", "filings_date": "2017-08-28", "url": "https://www.sec.gov/Archives/edgar/data/0001019671/000120919117050445/xslF345X03/doc4.xml"}, {"form_type": "3", "filings_date": "2017-08-28", "url": "https://www.sec.gov/Archives/edgar/data/0001019671/000120919117050442/xslF345X02/doc3.xml"}, {"form_type": "3", "filings_date": "2017-08-28", "url": "https://www.sec.gov/Archives/edgar/data/0001019671/000120919117050437/xslF345X02/doc3.xml"}, {"form_type": "SC 13D/A", "filings_date": "2017-08-18", "url": "https://www.sec.gov/Archives/edgar/data/0001019671/000119380517001500/e616492_sc13da-seachange.htm"}, {"form_type": "8-K", "filings_date": "2017-08-18", "url": "https://www.sec.gov/Archives/edgar/data/0001019671/000119312517261249/d445255d8k.htm"}, {"form_type": "8-K", "filings_date": "2017-07-18", "url": "https://www.sec.gov/Archives/edgar/data/0001019671/000119312517230341/d414976d8k.htm"}, {"form_type": "4", "filings_date": "2017-07-17", "url": "https://www.sec.gov/Archives/edgar/data/0001019671/000120919117045364/xslF345X03/doc4.xml"}, {"form_type": "4", "filings_date": "2017-07-17", "url": "https://www.sec.gov/Archives/edgar/data/0001019671/000120919117045362/xslF345X03/doc4.xml"}, {"form_type": "4", "filings_date": "2017-07-17", "url": "https://www.sec.gov/Archives/edgar/data/0001019671/000120919117045360/xslF345X03/doc4.xml"}, {"form_type": "4", "filings_date": "2017-07-17", "url": "https://www.sec.gov/Archives/edgar/data/0001019671/000120919117045358/xslF345X03/doc4.xml"}, {"form_type": "8-K", "filings_date": "2017-07-13", "url": "https://www.sec.gov/Archives/edgar/data/0001019671/000119312517227660/d425560d8k.htm"}, {"form_type": "10-Q", "filings_date": "2017-06-07", "url": "https://www.sec.gov/Archives/edgar/data/0001019671/000119312517197110/d397255d10q.htm"}, {"form_type": "8-K", "filings_date": "2017-06-06", "url": "https://www.sec.gov/Archives/edgar/data/0001019671/000119312517196003/d405170d8k.htm"}, {"form_type": "SD", "filings_date": "2017-05-31", "url": "https://www.sec.gov/Archives/edgar/data/0001019671/000119312517189401/d514449dsd.htm"}, {"form_type": "DEFA14A", "filings_date": "2017-05-26", "url": "https://www.sec.gov/Archives/edgar/data/0001019671/000119312517185533/d217447ddefa14a.htm"}, {"form_type": "DEF 14A", "filings_date": "2017-05-26", "url": "https://www.sec.gov/Archives/edgar/data/0001019671/000119312517185510/d217447ddef14a.htm"}, {"form_type": "8-K", "filings_date": "2017-04-28", "url": "https://www.sec.gov/Archives/edgar/data/0001019671/000119312517148117/d367255d8k.htm"}, {"form_type": "10-K", "filings_date": "2017-04-17", "url": "https://www.sec.gov/Archives/edgar/data/0001019671/000119312517126138/d322912d10k.htm"}, {"form_type": "8-K/A", "filings_date": "2017-04-11", "url": "https://www.sec.gov/Archives/edgar/data/0001019671/000119312517119967/d367234d8ka.htm"}, {"form_type": "8-K", "filings_date": "2017-04-10", "url": "https://www.sec.gov/Archives/edgar/data/0001019671/000119312517118748/d367234d8k.htm"}, {"form_type": "3", "filings_date": "2017-02-28", "url": "https://www.sec.gov/Archives/edgar/data/0001019671/000092189517000512/xslF345X02/form310114019_02282017.xml"}, {"form_type": "SC 13D/A", "filings_date": "2017-02-28", "url": "https://www.sec.gov/Archives/edgar/data/0001019671/000092189517000511/sc13da310114019_02282017.htm"}, {"form_type": "SC 13G/A", "filings_date": "2017-02-15", "url": "https://www.sec.gov/Archives/edgar/data/0001019671/000114036117007594/doc1.htm"}, {"form_type": "SC 13G/A", "filings_date": "2017-02-14", "url": "https://www.sec.gov/Archives/edgar/data/0001019671/000093675317000088/seac.txt"}, {"form_type": "SC 13G", "filings_date": "2017-02-14", "url": "https://www.sec.gov/Archives/edgar/data/0001019671/000114036117006291/doc1.htm"}, {"form_type": "SC 13G/A", "filings_date": "2017-02-10", "url": "https://www.sec.gov/Archives/edgar/data/0001019671/000119312517038382/d333449dsc13ga.htm"}, {"form_type": "SC 13G/A", "filings_date": "2017-02-10", "url": "https://www.sec.gov/Archives/edgar/data/0001019671/000108514617000493/seaca5_21017.htm"}, {"form_type": "SC 13G/A", "filings_date": "2017-02-09", "url": "https://www.sec.gov/Archives/edgar/data/0001019671/000125889717001247/dfs448.htm"}, {"form_type": "8-K", "filings_date": "2017-02-03", "url": "https://www.sec.gov/Archives/edgar/data/0001019671/000119312517030777/d319744d8k.htm"}, {"form_type": "4", "filings_date": "2017-02-02", "url": "https://www.sec.gov/Archives/edgar/data/0001019671/000120919117007306/xslF345X03/doc4.xml"}, {"form_type": "4", "filings_date": "2017-02-02", "url": "https://www.sec.gov/Archives/edgar/data/0001019671/000120919117007304/xslF345X03/doc4.xml"}, {"form_type": "4", "filings_date": "2017-02-02", "url": "https://www.sec.gov/Archives/edgar/data/0001019671/000120919117007303/xslF345X03/doc4.xml"}, {"form_type": "4", "filings_date": "2017-02-02", "url": "https://www.sec.gov/Archives/edgar/data/0001019671/000120919117007301/xslF345X03/doc4.xml"}, {"form_type": "3", "filings_date": "2017-02-02", "url": "https://www.sec.gov/Archives/edgar/data/0001019671/000120919117007300/xslF345X02/doc3.xml"}, {"form_type": "SC 13G/A", "filings_date": "2017-01-18", "url": "https://www.sec.gov/Archives/edgar/data/0001019671/000090630417000092/seac2.txt"}]}