{"company": {"cik": "0001301991", "name": "SmartMetric, Inc.", "sic": "Miscellaneous Manufacturing Industries", "state_incorp": "NV", "ticker": "SMME", "mailing_addr": "3960 HOWARD HUGHES PKWY, LAS VEGAS, NV, 89169", "category": "Non-accelerated filer<br>Smaller reporting company", "fiscal_year_end": "30, June"}, "filings": [{"form_type": "10-Q", "filings_date": "2022-02-15", "url": "https://www.sec.gov/Archives/edgar/data/0001301991/000182912622003716/smartmetricinc_10q.htm"}, {"form_type": "8-K", "filings_date": "2022-02-03", "url": "https://www.sec.gov/Archives/edgar/data/0001301991/000182912622002987/smartmetric_8k.htm"}, {"form_type": "10-Q", "filings_date": "2021-11-19", "url": "https://www.sec.gov/Archives/edgar/data/0001301991/000182912621014608/smartmetric_10q.htm"}, {"form_type": "NT 10-Q", "filings_date": "2021-11-15", "url": "https://www.sec.gov/Archives/edgar/data/0001301991/000182912621014242/smartmetric_nt10q.htm"}, {"form_type": "10-K", "filings_date": "2021-10-12", "url": "https://www.sec.gov/Archives/edgar/data/0001301991/000182912621011870/smartmetric_10k.htm"}, {"form_type": "NT 10-K", "filings_date": "2021-09-27", "url": "https://www.sec.gov/Archives/edgar/data/0001301991/000182912621010612/smartmetric_nt10k.htm"}, {"form_type": "8-K", "filings_date": "2021-07-29", "url": "https://www.sec.gov/Archives/edgar/data/0001301991/000182912621006998/smartmetric_8k.htm"}, {"form_type": "8-K", "filings_date": "2021-05-28", "url": "https://www.sec.gov/Archives/edgar/data/0001301991/000182912621004596/smartmetric_8k.htm"}, {"form_type": "10-Q", "filings_date": "2021-05-19", "url": "https://www.sec.gov/Archives/edgar/data/0001301991/000182912621004057/smartmetricinc_10q.htm"}, {"form_type": "NT 10-Q", "filings_date": "2021-05-13", "url": "https://www.sec.gov/Archives/edgar/data/0001301991/000182912621003844/smartmetric_nt10q.htm"}, {"form_type": "DEF 14C", "filings_date": "2021-04-30", "url": "https://www.sec.gov/Archives/edgar/data/0001301991/000182912621003189/smartmetric_def14c.htm"}, {"form_type": "8-K", "filings_date": "2021-04-29", "url": "https://www.sec.gov/Archives/edgar/data/0001301991/000182912621003038/smartmetric_8k.htm"}, {"form_type": "PRE 14C", "filings_date": "2021-04-16", "url": "https://www.sec.gov/Archives/edgar/data/0001301991/000182912621002602/smartmetric_pre14c.htm"}, {"form_type": "8-K", "filings_date": "2021-04-15", "url": "https://www.sec.gov/Archives/edgar/data/0001301991/000182912621002518/smartmetric_8k.htm"}, {"form_type": "8-K", "filings_date": "2021-03-29", "url": "https://www.sec.gov/Archives/edgar/data/0001301991/000182912621001829/smartmetric_8k.htm"}, {"form_type": "RW", "filings_date": "2021-03-11", "url": "https://www.sec.gov/Archives/edgar/data/0001301991/000182912621001439/smartmetric_rw.htm"}, {"form_type": "10-Q", "filings_date": "2021-02-25", "url": "https://www.sec.gov/Archives/edgar/data/0001301991/000182912621000897/smartmetricinc_10q.htm"}, {"form_type": "NT 10-Q", "filings_date": "2021-02-16", "url": "https://www.sec.gov/Archives/edgar/data/0001301991/000182912621000648/smartmetric_nt10q.htm"}, {"form_type": "10-Q", "filings_date": "2020-11-23", "url": "https://www.sec.gov/Archives/edgar/data/0001301991/000121390020038828/f10q0920_smartmetricinc.htm"}, {"form_type": "NT 10-Q", "filings_date": "2020-11-16", "url": "https://www.sec.gov/Archives/edgar/data/0001301991/000121390020037090/ea129912-nt10q_smartmetric.htm"}, {"form_type": "10-K", "filings_date": "2020-10-20", "url": "https://www.sec.gov/Archives/edgar/data/0001301991/000121390020032110/f10k2020_smartmetric.htm"}, {"form_type": "NT 10-K", "filings_date": "2020-09-28", "url": "https://www.sec.gov/Archives/edgar/data/0001301991/000121390020028631/ea127457-nt10k_smartmetric.htm"}, {"form_type": "S-1", "filings_date": "2020-08-06", "url": "https://www.sec.gov/Archives/edgar/data/0001301991/000121390020020427/ea124077-s1_smartmetricinc.htm"}, {"form_type": "10-Q", "filings_date": "2020-06-11", "url": "https://www.sec.gov/Archives/edgar/data/0001301991/000121390020014719/f10q0320_smartmetric.htm"}, {"form_type": "8-K", "filings_date": "2020-05-15", "url": "https://www.sec.gov/Archives/edgar/data/0001301991/000121390020012364/ea121893-8k_smartmetricinc.htm"}, {"form_type": "10-Q/A", "filings_date": "2020-02-28", "url": "https://www.sec.gov/Archives/edgar/data/0001301991/000121390020005026/f10q1219a1_smartmetric.htm"}, {"form_type": "8-K", "filings_date": "2020-02-21", "url": "https://www.sec.gov/Archives/edgar/data/0001301991/000121390020004487/f8k021420_smartmetricinc.htm"}, {"form_type": "10-Q", "filings_date": "2020-02-14", "url": "https://www.sec.gov/Archives/edgar/data/0001301991/000121390020003978/f10q1219_smartmetric.htm"}, {"form_type": "8-K", "filings_date": "2019-12-11", "url": "https://www.sec.gov/Archives/edgar/data/0001301991/000121390019025909/f8k120619_smartmetric.htm"}, {"form_type": "10-Q", "filings_date": "2019-11-14", "url": "https://www.sec.gov/Archives/edgar/data/0001301991/000121390019023571/f10q0919_smartmetric.htm"}, {"form_type": "DEF 14C", "filings_date": "2019-11-06", "url": "https://www.sec.gov/Archives/edgar/data/0001301991/000121390019022164/def14c1119_smartmetric.htm"}, {"form_type": "PRE 14C", "filings_date": "2019-10-23", "url": "https://www.sec.gov/Archives/edgar/data/0001301991/000121390019020899/pre14c1019_smartmetric.htm"}, {"form_type": "10-K", "filings_date": "2019-09-30", "url": "https://www.sec.gov/Archives/edgar/data/0001301991/000121390019019309/f10k2019_smartmetric.htm"}, {"form_type": "UPLOAD", "filings_date": "2019-06-04", "url": "https://www.sec.gov/Archives/edgar/data/0001301991/000000000019009318/filename1.pdf"}, {"form_type": "CORRESP", "filings_date": "2019-05-24", "url": "https://www.sec.gov/Archives/edgar/data/0001301991/000161577419008419/filename1.htm"}, {"form_type": "10-K/A", "filings_date": "2019-05-24", "url": "https://www.sec.gov/Archives/edgar/data/0001301991/000161577419008418/s118537_10ka.htm"}, {"form_type": "10-Q", "filings_date": "2019-05-20", "url": "https://www.sec.gov/Archives/edgar/data/0001301991/000161577419008138/s118236_10q.htm"}, {"form_type": "NT 10-Q", "filings_date": "2019-05-16", "url": "https://www.sec.gov/Archives/edgar/data/0001301991/000161577419008011/s118380_nt10q.htm"}, {"form_type": "UPLOAD", "filings_date": "2019-04-19", "url": "https://www.sec.gov/Archives/edgar/data/0001301991/000000000019007377/filename1.pdf"}, {"form_type": "8-K", "filings_date": "2019-04-18", "url": "https://www.sec.gov/Archives/edgar/data/0001301991/000161577419005935/s117514_8k.htm"}, {"form_type": "10-Q", "filings_date": "2019-02-13", "url": "https://www.sec.gov/Archives/edgar/data/0001301991/000161577419002383/s116039_10q.htm"}, {"form_type": "8-K", "filings_date": "2019-01-18", "url": "https://www.sec.gov/Archives/edgar/data/0001301991/000161577419000741/s115389_8k.htm"}, {"form_type": "10-Q", "filings_date": "2018-11-13", "url": "https://www.sec.gov/Archives/edgar/data/0001301991/000161577418012572/s113961_10q.htm"}, {"form_type": "10-K", "filings_date": "2018-10-12", "url": "https://www.sec.gov/Archives/edgar/data/0001301991/000161577418010784/s113243_10k.htm"}, {"form_type": "NT 10-K", "filings_date": "2018-10-01", "url": "https://www.sec.gov/Archives/edgar/data/0001301991/000161577418010228/s113015_nt10-k.htm"}, {"form_type": "S-8", "filings_date": "2018-07-18", "url": "https://www.sec.gov/Archives/edgar/data/0001301991/000161577418006652/s111353_s8.htm"}, {"form_type": "10-Q", "filings_date": "2018-05-16", "url": "https://www.sec.gov/Archives/edgar/data/0001301991/000161577418003949/s110204_10q.htm"}, {"form_type": "NT 10-Q", "filings_date": "2018-05-15", "url": "https://www.sec.gov/Archives/edgar/data/0001301991/000161577418003867/s110226_nt10q.htm"}, {"form_type": "8-K", "filings_date": "2018-02-23", "url": "https://www.sec.gov/Archives/edgar/data/0001301991/000161577418001395/s109160_8k.htm"}, {"form_type": "10-Q", "filings_date": "2018-02-09", "url": "https://www.sec.gov/Archives/edgar/data/0001301991/000161577418000975/s108916_10q.htm"}, {"form_type": "8-K", "filings_date": "2017-12-26", "url": "https://www.sec.gov/Archives/edgar/data/0001301991/000161577417007590/s108539_8k.htm"}, {"form_type": "10-Q", "filings_date": "2017-11-14", "url": "https://www.sec.gov/Archives/edgar/data/0001301991/000161577417006695/s108132_10q.htm"}, {"form_type": "10-K/A", "filings_date": "2017-10-27", "url": "https://www.sec.gov/Archives/edgar/data/0001301991/000161577417005960/s107827_10ka.htm"}, {"form_type": "10-K", "filings_date": "2017-10-13", "url": "https://www.sec.gov/Archives/edgar/data/0001301991/000161577417005727/s107734_10k.htm"}, {"form_type": "NT 10-K", "filings_date": "2017-09-28", "url": "https://www.sec.gov/Archives/edgar/data/0001301991/000161577417005421/s107642_nt10k.htm"}, {"form_type": "10-Q", "filings_date": "2017-05-15", "url": "https://www.sec.gov/Archives/edgar/data/0001301991/000161577417002371/s106192_10q.htm"}, {"form_type": "8-K", "filings_date": "2017-04-25", "url": "https://www.sec.gov/Archives/edgar/data/0001301991/000161577417001851/s105956_8k.htm"}, {"form_type": "10-Q/A", "filings_date": "2017-02-15", "url": "https://www.sec.gov/Archives/edgar/data/0001301991/000161577417000655/s105358_10qa.htm"}, {"form_type": "10-Q", "filings_date": "2017-02-14", "url": "https://www.sec.gov/Archives/edgar/data/0001301991/000161577417000607/s105331_10q.htm"}]}