{"company": {"cik": "0000948708", "name": "SMITH MICRO SOFTWARE, INC.", "sic": "Services-Prepackaged Software", "state_incorp": "DE", "ticker": "SMSI", "mailing_addr": "5800 CORPORATE DRIVE, PITTSBURGH, PA, 15237", "category": "Non-accelerated filer<br>Smaller reporting company", "fiscal_year_end": "31, December"}, "filings": [{"form_type": "4", "filings_date": "2022-03-17", "url": "https://www.sec.gov/Archives/edgar/data/0000948708/000120919122019704/xslF345X03/doc4.xml"}, {"form_type": "10-K", "filings_date": "2022-03-11", "url": "https://www.sec.gov/Archives/edgar/data/0000948708/000156459022009851/smsi-10k_20211231.htm"}, {"form_type": "8-K", "filings_date": "2022-03-10", "url": "https://www.sec.gov/Archives/edgar/data/0000948708/000156459022009628/smsi-8k_20220310.htm"}, {"form_type": "4", "filings_date": "2022-03-09", "url": "https://www.sec.gov/Archives/edgar/data/0000948708/000120919122017690/xslF345X03/doc4.xml"}, {"form_type": "4", "filings_date": "2022-03-09", "url": "https://www.sec.gov/Archives/edgar/data/0000948708/000120919122017688/xslF345X03/doc4.xml"}, {"form_type": "SC 13G", "filings_date": "2022-03-09", "url": "https://www.sec.gov/Archives/edgar/data/0000948708/000083423722008970/us8321542073_030922.txt"}, {"form_type": "4", "filings_date": "2022-02-17", "url": "https://www.sec.gov/Archives/edgar/data/0000948708/000120919122011048/xslF345X03/doc4.xml"}, {"form_type": "SC 13G/A", "filings_date": "2022-02-14", "url": "https://www.sec.gov/Archives/edgar/data/0000948708/000156459022004953/none-sc13ga.htm"}, {"form_type": "SC 13G", "filings_date": "2022-02-04", "url": "https://www.sec.gov/Archives/edgar/data/0000948708/000083423722007236/us8321542073_020422.txt"}, {"form_type": "4", "filings_date": "2022-01-20", "url": "https://www.sec.gov/Archives/edgar/data/0000948708/000120919122004109/xslF345X03/doc4.xml"}, {"form_type": "4", "filings_date": "2022-01-20", "url": "https://www.sec.gov/Archives/edgar/data/0000948708/000120919122004106/xslF345X03/doc4.xml"}, {"form_type": "4", "filings_date": "2022-01-20", "url": "https://www.sec.gov/Archives/edgar/data/0000948708/000120919122004104/xslF345X03/doc4.xml"}, {"form_type": "4", "filings_date": "2022-01-20", "url": "https://www.sec.gov/Archives/edgar/data/0000948708/000120919122004101/xslF345X03/doc4.xml"}, {"form_type": "4", "filings_date": "2022-01-20", "url": "https://www.sec.gov/Archives/edgar/data/0000948708/000120919122004098/xslF345X03/doc4.xml"}, {"form_type": "4", "filings_date": "2022-01-20", "url": "https://www.sec.gov/Archives/edgar/data/0000948708/000120919122004095/xslF345X03/doc4.xml"}, {"form_type": "4", "filings_date": "2021-12-16", "url": "https://www.sec.gov/Archives/edgar/data/0000948708/000120919121070092/xslF345X03/doc4.xml"}, {"form_type": "4", "filings_date": "2021-12-08", "url": "https://www.sec.gov/Archives/edgar/data/0000948708/000120919121068530/xslF345X03/doc4.xml"}, {"form_type": "8-K", "filings_date": "2021-12-08", "url": "https://www.sec.gov/Archives/edgar/data/0000948708/000156459021059754/smsi-8k_20211207.htm"}, {"form_type": "4", "filings_date": "2021-11-18", "url": "https://www.sec.gov/Archives/edgar/data/0000948708/000120919121065603/xslF345X03/doc4.xml"}, {"form_type": "10-Q", "filings_date": "2021-11-12", "url": "https://www.sec.gov/Archives/edgar/data/0000948708/000156459021056694/smsi-10q_20210930.htm"}, {"form_type": "8-K", "filings_date": "2021-11-10", "url": "https://www.sec.gov/Archives/edgar/data/0000948708/000156459021056174/smsi-8k_20211110.htm"}, {"form_type": "4", "filings_date": "2021-11-04", "url": "https://www.sec.gov/Archives/edgar/data/0000948708/000120919121063037/xslF345X03/doc4.xml"}, {"form_type": "3", "filings_date": "2021-11-04", "url": "https://www.sec.gov/Archives/edgar/data/0000948708/000120919121063035/xslF345X02/doc3.xml"}, {"form_type": "4", "filings_date": "2021-10-20", "url": "https://www.sec.gov/Archives/edgar/data/0000948708/000120919121061189/xslF345X03/doc4.xml"}, {"form_type": "8-K", "filings_date": "2021-10-06", "url": "https://www.sec.gov/Archives/edgar/data/0000948708/000156459021050247/smsi-8k_20211004.htm"}, {"form_type": "4", "filings_date": "2021-09-20", "url": "https://www.sec.gov/Archives/edgar/data/0000948708/000120919121056919/xslF345X03/doc4.xml"}, {"form_type": "4", "filings_date": "2021-09-08", "url": "https://www.sec.gov/Archives/edgar/data/0000948708/000120919121055222/xslF345X03/doc4.xml"}, {"form_type": "3", "filings_date": "2021-09-08", "url": "https://www.sec.gov/Archives/edgar/data/0000948708/000120919121055220/xslF345X02/doc3.xml"}, {"form_type": "4", "filings_date": "2021-09-03", "url": "https://www.sec.gov/Archives/edgar/data/0000948708/000120919121054614/xslF345X03/doc4.xml"}, {"form_type": "4", "filings_date": "2021-08-19", "url": "https://www.sec.gov/Archives/edgar/data/0000948708/000120919121052615/xslF345X03/doc4.xml"}, {"form_type": "4", "filings_date": "2021-08-19", "url": "https://www.sec.gov/Archives/edgar/data/0000948708/000120919121052613/xslF345X03/doc4.xml"}, {"form_type": "8-K", "filings_date": "2021-08-12", "url": "https://www.sec.gov/Archives/edgar/data/0000948708/000156459021043958/smsi-8k_20210812.htm"}, {"form_type": "10-Q", "filings_date": "2021-08-12", "url": "https://www.sec.gov/Archives/edgar/data/0000948708/000156459021043945/smsi-10q_20210630.htm"}, {"form_type": "8-K", "filings_date": "2021-08-04", "url": "https://www.sec.gov/Archives/edgar/data/0000948708/000156459021040797/smsi-8k_20210804.htm"}, {"form_type": "8-K", "filings_date": "2021-07-20", "url": "https://www.sec.gov/Archives/edgar/data/0000948708/000156459021037221/smsi-8k_20210714.htm"}, {"form_type": "4", "filings_date": "2021-07-19", "url": "https://www.sec.gov/Archives/edgar/data/0000948708/000120919121047255/xslF345X03/doc4.xml"}, {"form_type": "4", "filings_date": "2021-07-19", "url": "https://www.sec.gov/Archives/edgar/data/0000948708/000120919121047254/xslF345X03/doc4.xml"}, {"form_type": "424B3", "filings_date": "2021-07-08", "url": "https://www.sec.gov/Archives/edgar/data/0000948708/000156459021036029/smsi-424b3.htm"}, {"form_type": "EFFECT", "filings_date": "2021-07-07", "url": "https://www.sec.gov/Archives/edgar/data/0000948708/999999999521002668/xslEFFECTX01/primary_doc.xml"}, {"form_type": "CORRESP", "filings_date": "2021-07-06", "url": "https://www.sec.gov/Archives/edgar/data/0000948708/000156459021035857/filename1.htm"}, {"form_type": "UPLOAD", "filings_date": "2021-06-30", "url": "https://www.sec.gov/Archives/edgar/data/0000948708/000000000021008049/filename1.pdf"}, {"form_type": "S-3", "filings_date": "2021-06-25", "url": "https://www.sec.gov/Archives/edgar/data/0000948708/000156459021034577/smsi-s3.htm"}, {"form_type": "4", "filings_date": "2021-06-21", "url": "https://www.sec.gov/Archives/edgar/data/0000948708/000120919121042218/xslF345X03/doc4.xml"}, {"form_type": "4", "filings_date": "2021-06-21", "url": "https://www.sec.gov/Archives/edgar/data/0000948708/000120919121042217/xslF345X03/doc4.xml"}, {"form_type": "8-K", "filings_date": "2021-06-09", "url": "https://www.sec.gov/Archives/edgar/data/0000948708/000156459021032258/smsi-8k_20210608.htm"}, {"form_type": "4", "filings_date": "2021-05-20", "url": "https://www.sec.gov/Archives/edgar/data/0000948708/000120919121034594/xslF345X03/doc4.xml"}, {"form_type": "4", "filings_date": "2021-05-20", "url": "https://www.sec.gov/Archives/edgar/data/0000948708/000120919121034593/xslF345X03/doc4.xml"}, {"form_type": "4", "filings_date": "2021-05-20", "url": "https://www.sec.gov/Archives/edgar/data/0000948708/000120919121034592/xslF345X03/doc4.xml"}, {"form_type": "10-Q", "filings_date": "2021-05-12", "url": "https://www.sec.gov/Archives/edgar/data/0000948708/000156459021026970/smsi-10q_20210331.htm"}, {"form_type": "8-K", "filings_date": "2021-05-05", "url": "https://www.sec.gov/Archives/edgar/data/0000948708/000156459021024013/smsi-8k_20210505.htm"}, {"form_type": "DEFA14A", "filings_date": "2021-04-28", "url": "https://www.sec.gov/Archives/edgar/data/0000948708/000156459021021329/smsi-defa14a_20210608.htm"}, {"form_type": "DEF 14A", "filings_date": "2021-04-28", "url": "https://www.sec.gov/Archives/edgar/data/0000948708/000156459021021321/smsi-def14a_20210608.htm"}, {"form_type": "4", "filings_date": "2021-04-21", "url": "https://www.sec.gov/Archives/edgar/data/0000948708/000120919121027858/xslF345X03/doc4.xml"}, {"form_type": "4", "filings_date": "2021-04-21", "url": "https://www.sec.gov/Archives/edgar/data/0000948708/000120919121027856/xslF345X03/doc4.xml"}, {"form_type": "D", "filings_date": "2021-04-21", "url": "https://www.sec.gov/Archives/edgar/data/0000948708/000094870821000001/xslFormDX01/primary_doc.xml"}, {"form_type": "8-K", "filings_date": "2021-04-19", "url": "https://www.sec.gov/Archives/edgar/data/0000948708/000156459021019249/smsi-8k_20210416.htm"}, {"form_type": "SC 13G/A", "filings_date": "2021-04-12", "url": "https://www.sec.gov/Archives/edgar/data/0000948708/000083423721008108/us8321542073_040921.txt"}, {"form_type": "4", "filings_date": "2021-03-19", "url": "https://www.sec.gov/Archives/edgar/data/0000948708/000120919121022176/xslF345X03/doc4.xml"}, {"form_type": "4", "filings_date": "2021-03-19", "url": "https://www.sec.gov/Archives/edgar/data/0000948708/000120919121022174/xslF345X03/doc4.xml"}, {"form_type": "8-K", "filings_date": "2021-03-15", "url": "https://www.sec.gov/Archives/edgar/data/0000948708/000156459021013146/smsi-8k_20210310.htm"}, {"form_type": "424B5", "filings_date": "2021-03-11", "url": "https://www.sec.gov/Archives/edgar/data/0000948708/000119312521077189/d125375d424b5.htm"}, {"form_type": "4", "filings_date": "2021-03-10", "url": "https://www.sec.gov/Archives/edgar/data/0000948708/000120919121019691/xslF345X03/doc4.xml"}, {"form_type": "4", "filings_date": "2021-03-10", "url": "https://www.sec.gov/Archives/edgar/data/0000948708/000120919121019689/xslF345X03/doc4.xml"}, {"form_type": "424B5", "filings_date": "2021-03-10", "url": "https://www.sec.gov/Archives/edgar/data/0000948708/000119312521076419/d125375d424b5.htm"}, {"form_type": "8-K/A", "filings_date": "2021-03-09", "url": "https://www.sec.gov/Archives/edgar/data/0000948708/000119312521073895/d124876d8ka.htm"}, {"form_type": "8-K", "filings_date": "2021-03-08", "url": "https://www.sec.gov/Archives/edgar/data/0000948708/000119312521073255/d116022d8k.htm"}, {"form_type": "424B5", "filings_date": "2021-03-08", "url": "https://www.sec.gov/Archives/edgar/data/0000948708/000119312521073243/d149099d424b5.htm"}, {"form_type": "10-K", "filings_date": "2021-03-08", "url": "https://www.sec.gov/Archives/edgar/data/0000948708/000156459021011475/smsi-10k_20201231.htm"}, {"form_type": "8-K", "filings_date": "2021-03-08", "url": "https://www.sec.gov/Archives/edgar/data/0000948708/000156459021011473/smsi-8k_20210308.htm"}, {"form_type": "4", "filings_date": "2021-02-18", "url": "https://www.sec.gov/Archives/edgar/data/0000948708/000120919121012148/xslF345X03/doc4.xml"}, {"form_type": "4", "filings_date": "2021-02-18", "url": "https://www.sec.gov/Archives/edgar/data/0000948708/000120919121012144/xslF345X03/doc4.xml"}, {"form_type": "4", "filings_date": "2021-02-18", "url": "https://www.sec.gov/Archives/edgar/data/0000948708/000120919121012139/xslF345X03/doc4.xml"}, {"form_type": "4", "filings_date": "2021-02-18", "url": "https://www.sec.gov/Archives/edgar/data/0000948708/000120919121012136/xslF345X03/doc4.xml"}, {"form_type": "4", "filings_date": "2021-02-18", "url": "https://www.sec.gov/Archives/edgar/data/0000948708/000120919121012132/xslF345X03/doc4.xml"}, {"form_type": "4", "filings_date": "2021-02-18", "url": "https://www.sec.gov/Archives/edgar/data/0000948708/000120919121012130/xslF345X03/doc4.xml"}, {"form_type": "4", "filings_date": "2021-02-18", "url": "https://www.sec.gov/Archives/edgar/data/0000948708/000120919121012126/xslF345X03/doc4.xml"}, {"form_type": "SC 13G/A", "filings_date": "2021-02-16", "url": "https://www.sec.gov/Archives/edgar/data/0000948708/000119312521044686/d132295dsc13ga.htm"}, {"form_type": "SC 13G", "filings_date": "2021-02-02", "url": "https://www.sec.gov/Archives/edgar/data/0000948708/000083423721006999/us8321542073_020221.txt"}, {"form_type": "4", "filings_date": "2021-01-22", "url": "https://www.sec.gov/Archives/edgar/data/0000948708/000120919121004899/xslF345X03/doc4.xml"}, {"form_type": "4", "filings_date": "2021-01-22", "url": "https://www.sec.gov/Archives/edgar/data/0000948708/000120919121004897/xslF345X03/doc4.xml"}, {"form_type": "4", "filings_date": "2020-12-31", "url": "https://www.sec.gov/Archives/edgar/data/0000948708/000120919120065691/xslF345X03/doc4.xml"}, {"form_type": "4", "filings_date": "2020-12-31", "url": "https://www.sec.gov/Archives/edgar/data/0000948708/000120919120065687/xslF345X03/doc4.xml"}, {"form_type": "4", "filings_date": "2020-11-19", "url": "https://www.sec.gov/Archives/edgar/data/0000948708/000120919120059566/xslF345X03/doc4.xml"}, {"form_type": "4", "filings_date": "2020-11-19", "url": "https://www.sec.gov/Archives/edgar/data/0000948708/000120919120059564/xslF345X03/doc4.xml"}, {"form_type": "10-Q", "filings_date": "2020-11-09", "url": "https://www.sec.gov/Archives/edgar/data/0000948708/000156459020052475/smsi-10q_20200930.htm"}, {"form_type": "8-K", "filings_date": "2020-11-04", "url": "https://www.sec.gov/Archives/edgar/data/0000948708/000156459020050451/smsi-8k_20201104.htm"}, {"form_type": "4", "filings_date": "2020-09-24", "url": "https://www.sec.gov/Archives/edgar/data/0000948708/000120919120051959/xslF345X03/doc4.xml"}, {"form_type": "4", "filings_date": "2020-09-24", "url": "https://www.sec.gov/Archives/edgar/data/0000948708/000120919120051956/xslF345X03/doc4.xml"}, {"form_type": "S-8", "filings_date": "2020-08-26", "url": "https://www.sec.gov/Archives/edgar/data/0000948708/000156459020041341/smsi-s8.htm"}, {"form_type": "4", "filings_date": "2020-08-12", "url": "https://www.sec.gov/Archives/edgar/data/0000948708/000120919120046435/xslF345X03/doc4.xml"}, {"form_type": "10-Q", "filings_date": "2020-08-10", "url": "https://www.sec.gov/Archives/edgar/data/0000948708/000156459020038894/smsi-10q_20200630.htm"}, {"form_type": "8-K", "filings_date": "2020-08-05", "url": "https://www.sec.gov/Archives/edgar/data/0000948708/000156459020036773/smsi-8k_20200805.htm"}, {"form_type": "4", "filings_date": "2020-06-30", "url": "https://www.sec.gov/Archives/edgar/data/0000948708/000120919120039494/xslF345X03/doc4.xml"}, {"form_type": "4", "filings_date": "2020-06-30", "url": "https://www.sec.gov/Archives/edgar/data/0000948708/000120919120039491/xslF345X03/doc4.xml"}, {"form_type": "8-K", "filings_date": "2020-06-11", "url": "https://www.sec.gov/Archives/edgar/data/0000948708/000156459020029005/smsi-8k_20200609.htm"}, {"form_type": "4", "filings_date": "2020-06-04", "url": "https://www.sec.gov/Archives/edgar/data/0000948708/000120919120034491/xslF345X03/doc4.xml"}, {"form_type": "4", "filings_date": "2020-06-04", "url": "https://www.sec.gov/Archives/edgar/data/0000948708/000120919120034486/xslF345X03/doc4.xml"}, {"form_type": "EFFECT", "filings_date": "2020-05-13", "url": "https://www.sec.gov/Archives/edgar/data/0000948708/999999999520001151/xslEFFECTX01/primary_doc.xml"}, {"form_type": "CORRESP", "filings_date": "2020-05-12", "url": "https://www.sec.gov/Archives/edgar/data/0000948708/000156459020024645/filename1.htm"}, {"form_type": "UPLOAD", "filings_date": "2020-05-12", "url": "https://www.sec.gov/Archives/edgar/data/0000948708/000000000020004153/filename1.pdf"}, {"form_type": "10-Q", "filings_date": "2020-05-11", "url": "https://www.sec.gov/Archives/edgar/data/0000948708/000156459020024156/smsi-10q_20200331.htm"}, {"form_type": "S-3", "filings_date": "2020-05-07", "url": "https://www.sec.gov/Archives/edgar/data/0000948708/000156459020022156/smsi-s3.htm"}, {"form_type": "8-K", "filings_date": "2020-05-06", "url": "https://www.sec.gov/Archives/edgar/data/0000948708/000156459020021899/smsi-8k_20200506.htm"}, {"form_type": "8-K/A", "filings_date": "2020-04-30", "url": "https://www.sec.gov/Archives/edgar/data/0000948708/000156459020020162/smsi-8ka_20200212.htm"}, {"form_type": "DEFA14A", "filings_date": "2020-04-28", "url": "https://www.sec.gov/Archives/edgar/data/0000948708/000156459020019189/smsi-defa14a_20200609.htm"}, {"form_type": "DEF 14A", "filings_date": "2020-04-28", "url": "https://www.sec.gov/Archives/edgar/data/0000948708/000156459020019186/smsi-def14a_20200609.htm"}, {"form_type": "4", "filings_date": "2020-03-27", "url": "https://www.sec.gov/Archives/edgar/data/0000948708/000120919120021441/xslF345X03/doc4.xml"}, {"form_type": "4", "filings_date": "2020-03-27", "url": "https://www.sec.gov/Archives/edgar/data/0000948708/000120919120021439/xslF345X03/doc4.xml"}, {"form_type": "10-K", "filings_date": "2020-03-13", "url": "https://www.sec.gov/Archives/edgar/data/0000948708/000156459020010806/smsi-10k_20191231.htm"}, {"form_type": "8-K", "filings_date": "2020-03-05", "url": "https://www.sec.gov/Archives/edgar/data/0000948708/000156459020008950/smsi-8k_20200305.htm"}, {"form_type": "8-K", "filings_date": "2020-02-19", "url": "https://www.sec.gov/Archives/edgar/data/0000948708/000156459020005267/smsi-8k_20200212.htm"}, {"form_type": "SC 13G/A", "filings_date": "2020-02-14", "url": "https://www.sec.gov/Archives/edgar/data/0000948708/000119312520038122/d871515dsc13ga.htm"}, {"form_type": "4", "filings_date": "2020-02-13", "url": "https://www.sec.gov/Archives/edgar/data/0000948708/000120919120009431/xslF345X03/doc4.xml"}, {"form_type": "4", "filings_date": "2020-02-13", "url": "https://www.sec.gov/Archives/edgar/data/0000948708/000120919120009429/xslF345X03/doc4.xml"}, {"form_type": "4", "filings_date": "2020-02-13", "url": "https://www.sec.gov/Archives/edgar/data/0000948708/000120919120009427/xslF345X03/doc4.xml"}, {"form_type": "4", "filings_date": "2020-02-13", "url": "https://www.sec.gov/Archives/edgar/data/0000948708/000120919120009426/xslF345X03/doc4.xml"}, {"form_type": "4", "filings_date": "2020-02-13", "url": "https://www.sec.gov/Archives/edgar/data/0000948708/000120919120009425/xslF345X03/doc4.xml"}, {"form_type": "4", "filings_date": "2020-02-13", "url": "https://www.sec.gov/Archives/edgar/data/0000948708/000120919120009424/xslF345X03/doc4.xml"}, {"form_type": "4", "filings_date": "2020-02-13", "url": "https://www.sec.gov/Archives/edgar/data/0000948708/000120919120009423/xslF345X03/doc4.xml"}, {"form_type": "SC 13G/A", "filings_date": "2020-02-13", "url": "https://www.sec.gov/Archives/edgar/data/0000948708/000119312520034031/d881953dsc13ga.htm"}, {"form_type": "SC 13G/A", "filings_date": "2020-02-07", "url": "https://www.sec.gov/Archives/edgar/data/0000948708/000139382520000083/smsi_13ga.htm"}, {"form_type": "4", "filings_date": "2019-12-30", "url": "https://www.sec.gov/Archives/edgar/data/0000948708/000120919119062178/xslF345X03/doc4.xml"}, {"form_type": "4", "filings_date": "2019-12-30", "url": "https://www.sec.gov/Archives/edgar/data/0000948708/000120919119062174/xslF345X03/doc4.xml"}, {"form_type": "424B3", "filings_date": "2019-11-01", "url": "https://www.sec.gov/Archives/edgar/data/0000948708/000156459019039414/smsi-424b3.htm"}, {"form_type": "10-Q", "filings_date": "2019-11-01", "url": "https://www.sec.gov/Archives/edgar/data/0000948708/000156459019039413/smsi-10q_20190930.htm"}, {"form_type": "8-K", "filings_date": "2019-10-29", "url": "https://www.sec.gov/Archives/edgar/data/0000948708/000156459019038420/smsi-8k_20191024.htm"}, {"form_type": "8-K", "filings_date": "2019-10-24", "url": "https://www.sec.gov/Archives/edgar/data/0000948708/000156459019037749/smsi-8k_20191024.htm"}, {"form_type": "4", "filings_date": "2019-09-26", "url": "https://www.sec.gov/Archives/edgar/data/0000948708/000120919119050881/xslF345X03/doc4.xml"}, {"form_type": "4", "filings_date": "2019-09-26", "url": "https://www.sec.gov/Archives/edgar/data/0000948708/000120919119050878/xslF345X03/doc4.xml"}, {"form_type": "4", "filings_date": "2019-08-16", "url": "https://www.sec.gov/Archives/edgar/data/0000948708/000120919119046247/xslF345X03/doc4.xml"}, {"form_type": "SC 13G/A", "filings_date": "2019-08-14", "url": "https://www.sec.gov/Archives/edgar/data/0000948708/000119312519221052/d775126dsc13ga.htm"}, {"form_type": "10-Q", "filings_date": "2019-08-02", "url": "https://www.sec.gov/Archives/edgar/data/0000948708/000156459019028369/smsi-10q_20190630.htm"}, {"form_type": "4", "filings_date": "2019-08-01", "url": "https://www.sec.gov/Archives/edgar/data/0000948708/000120919119044129/xslF345X03/doc4.xml"}, {"form_type": "8-K", "filings_date": "2019-07-25", "url": "https://www.sec.gov/Archives/edgar/data/0000948708/000156459019026114/smsi-8k_20190630.htm"}, {"form_type": "4", "filings_date": "2019-06-28", "url": "https://www.sec.gov/Archives/edgar/data/0000948708/000120919119039513/xslF345X03/doc4.xml"}, {"form_type": "4", "filings_date": "2019-06-28", "url": "https://www.sec.gov/Archives/edgar/data/0000948708/000120919119039511/xslF345X03/doc4.xml"}, {"form_type": "8-K", "filings_date": "2019-06-06", "url": "https://www.sec.gov/Archives/edgar/data/0000948708/000156459019021908/smsi-8k_20190604.htm"}, {"form_type": "10-Q", "filings_date": "2019-05-15", "url": "https://www.sec.gov/Archives/edgar/data/0000948708/000156459019019395/smsi-10q_20190331.htm"}, {"form_type": "4", "filings_date": "2019-05-14", "url": "https://www.sec.gov/Archives/edgar/data/0000948708/000120919119029708/xslF345X03/doc4.xml"}, {"form_type": "8-K", "filings_date": "2019-05-08", "url": "https://www.sec.gov/Archives/edgar/data/0000948708/000156459019017180/smsi-8k_20190508.htm"}, {"form_type": "DEFA14A", "filings_date": "2019-04-22", "url": "https://www.sec.gov/Archives/edgar/data/0000948708/000156459019012252/smsi-defa14a_20190604.htm"}, {"form_type": "DEF 14A", "filings_date": "2019-04-22", "url": "https://www.sec.gov/Archives/edgar/data/0000948708/000156459019012249/smsi-def14a_20190604.htm"}, {"form_type": "4", "filings_date": "2019-04-01", "url": "https://www.sec.gov/Archives/edgar/data/0000948708/000120919119021979/xslF345X03/doc4.xml"}, {"form_type": "4", "filings_date": "2019-04-01", "url": "https://www.sec.gov/Archives/edgar/data/0000948708/000120919119021977/xslF345X03/doc4.xml"}, {"form_type": "8-K/A", "filings_date": "2019-03-27", "url": "https://www.sec.gov/Archives/edgar/data/0000948708/000156459019009617/smsi-8ka_20190109.htm"}, {"form_type": "10-K", "filings_date": "2019-03-27", "url": "https://www.sec.gov/Archives/edgar/data/0000948708/000156459019009576/smsi-10k_20181231.htm"}, {"form_type": "424B3", "filings_date": "2019-03-22", "url": "https://www.sec.gov/Archives/edgar/data/0000948708/000156459019008896/smsi-424b3.htm"}, {"form_type": "EFFECT", "filings_date": "2019-03-21", "url": "https://www.sec.gov/Archives/edgar/data/0000948708/999999999519000492/xslEFFECTX01/primary_doc.xml"}, {"form_type": "CORRESP", "filings_date": "2019-03-20", "url": "https://www.sec.gov/Archives/edgar/data/0000948708/000156459019008639/filename1.htm"}, {"form_type": "UPLOAD", "filings_date": "2019-03-18", "url": "https://www.sec.gov/Archives/edgar/data/0000948708/000000000019004942/filename1.pdf"}, {"form_type": "4", "filings_date": "2019-03-15", "url": "https://www.sec.gov/Archives/edgar/data/0000948708/000120919119019589/xslF345X03/doc4.xml"}, {"form_type": "4", "filings_date": "2019-03-15", "url": "https://www.sec.gov/Archives/edgar/data/0000948708/000120919119019587/xslF345X03/doc4.xml"}, {"form_type": "8-K", "filings_date": "2019-03-15", "url": "https://www.sec.gov/Archives/edgar/data/0000948708/000156459019007937/smsi-8k_20190314.htm"}, {"form_type": "8-K", "filings_date": "2019-03-13", "url": "https://www.sec.gov/Archives/edgar/data/0000948708/000156459019007560/smsi-8k_20190313.htm"}, {"form_type": "SC 13G", "filings_date": "2019-03-11", "url": "https://www.sec.gov/Archives/edgar/data/0000948708/000119312519070464/d719873dsc13g.htm"}, {"form_type": "S-3", "filings_date": "2019-03-08", "url": "https://www.sec.gov/Archives/edgar/data/0000948708/000156459019006996/smsi-s3.htm"}, {"form_type": "4", "filings_date": "2019-02-14", "url": "https://www.sec.gov/Archives/edgar/data/0000948708/000120919119010452/xslF345X03/doc4.xml"}, {"form_type": "4", "filings_date": "2019-02-14", "url": "https://www.sec.gov/Archives/edgar/data/0000948708/000120919119010448/xslF345X03/doc4.xml"}, {"form_type": "4", "filings_date": "2019-02-14", "url": "https://www.sec.gov/Archives/edgar/data/0000948708/000120919119010446/xslF345X03/doc4.xml"}, {"form_type": "4", "filings_date": "2019-02-14", "url": "https://www.sec.gov/Archives/edgar/data/0000948708/000120919119010444/xslF345X03/doc4.xml"}, {"form_type": "4", "filings_date": "2019-02-14", "url": "https://www.sec.gov/Archives/edgar/data/0000948708/000120919119010442/xslF345X03/doc4.xml"}, {"form_type": "4", "filings_date": "2019-02-14", "url": "https://www.sec.gov/Archives/edgar/data/0000948708/000120919119010440/xslF345X03/doc4.xml"}, {"form_type": "4", "filings_date": "2019-02-14", "url": "https://www.sec.gov/Archives/edgar/data/0000948708/000120919119010438/xslF345X03/doc4.xml"}, {"form_type": "SC 13G/A", "filings_date": "2019-02-14", "url": "https://www.sec.gov/Archives/edgar/data/0000948708/000119312519040849/d686172dsc13ga.htm"}, {"form_type": "SC 13G/A", "filings_date": "2019-02-14", "url": "https://www.sec.gov/Archives/edgar/data/0000948708/000119312519040140/d685267dsc13ga.htm"}, {"form_type": "SC 13G/A", "filings_date": "2019-02-14", "url": "https://www.sec.gov/Archives/edgar/data/0000948708/000093041319000499/c93045_sch13ga.htm"}, {"form_type": "SC 13G/A", "filings_date": "2019-02-13", "url": "https://www.sec.gov/Archives/edgar/data/0000948708/000119312519038033/d640663dsc13ga.htm"}, {"form_type": "SC 13G", "filings_date": "2019-02-05", "url": "https://www.sec.gov/Archives/edgar/data/0000948708/000139382519000097/smsi_13g.htm"}, {"form_type": "D", "filings_date": "2019-01-17", "url": "https://www.sec.gov/Archives/edgar/data/0000948708/000094870819000001/xslFormDX01/primary_doc.xml"}, {"form_type": "SC 13G/A", "filings_date": "2019-01-17", "url": "https://www.sec.gov/Archives/edgar/data/0000948708/000090266419000270/p19-0121sc13ga.htm"}, {"form_type": "8-K", "filings_date": "2019-01-11", "url": "https://www.sec.gov/Archives/edgar/data/0000948708/000156459019000578/smsi-8k_20190109.htm"}, {"form_type": "4", "filings_date": "2018-12-28", "url": "https://www.sec.gov/Archives/edgar/data/0000948708/000120919118064347/xslF345X03/doc4.xml"}, {"form_type": "4", "filings_date": "2018-12-28", "url": "https://www.sec.gov/Archives/edgar/data/0000948708/000120919118064346/xslF345X03/doc4.xml"}, {"form_type": "8-K", "filings_date": "2018-12-18", "url": "https://www.sec.gov/Archives/edgar/data/0000948708/000156459018031033/smsi-8k_20181218.htm"}, {"form_type": "424B3", "filings_date": "2018-12-07", "url": "https://www.sec.gov/Archives/edgar/data/0000948708/000156459018030646/smsi-424b3.htm"}, {"form_type": "EFFECT", "filings_date": "2018-12-06", "url": "https://www.sec.gov/Archives/edgar/data/0000948708/999999999518003056/xslEFFECTX01/primary_doc.xml"}, {"form_type": "CORRESP", "filings_date": "2018-12-06", "url": "https://www.sec.gov/Archives/edgar/data/0000948708/000156459018030552/filename1.htm"}, {"form_type": "UPLOAD", "filings_date": "2018-11-30", "url": "https://www.sec.gov/Archives/edgar/data/0000948708/000000000018036890/filename1.pdf"}, {"form_type": "D", "filings_date": "2018-11-21", "url": "https://www.sec.gov/Archives/edgar/data/0000948708/000094870818000005/xslFormDX01/primary_doc.xml"}, {"form_type": "S-3", "filings_date": "2018-11-21", "url": "https://www.sec.gov/Archives/edgar/data/0000948708/000156459018030026/smsi-s3.htm"}, {"form_type": "8-K", "filings_date": "2018-11-07", "url": "https://www.sec.gov/Archives/edgar/data/0000948708/000156459018028132/smsi-8k_20181107.htm"}, {"form_type": "10-Q", "filings_date": "2018-10-26", "url": "https://www.sec.gov/Archives/edgar/data/0000948708/000156459018025261/smsi-10q_20180930.htm"}, {"form_type": "8-K", "filings_date": "2018-10-24", "url": "https://www.sec.gov/Archives/edgar/data/0000948708/000156459018024891/smsi-8k_20181024.htm"}, {"form_type": "4", "filings_date": "2018-09-28", "url": "https://www.sec.gov/Archives/edgar/data/0000948708/000120919118052561/xslF345X03/doc4.xml"}, {"form_type": "4", "filings_date": "2018-09-28", "url": "https://www.sec.gov/Archives/edgar/data/0000948708/000120919118052559/xslF345X03/doc4.xml"}, {"form_type": "424B3", "filings_date": "2018-08-29", "url": "https://www.sec.gov/Archives/edgar/data/0000948708/000156459018022421/smsi-424b3.htm"}, {"form_type": "EFFECT", "filings_date": "2018-08-28", "url": "https://www.sec.gov/Archives/edgar/data/0000948708/999999999518002224/xslEFFECTX01/primary_doc.xml"}, {"form_type": "CORRESP", "filings_date": "2018-08-27", "url": "https://www.sec.gov/Archives/edgar/data/0000948708/000156459018022333/filename1.htm"}, {"form_type": "UPLOAD", "filings_date": "2018-08-22", "url": "https://www.sec.gov/Archives/edgar/data/0000948708/000000000018026114/filename1.pdf"}, {"form_type": "S-3", "filings_date": "2018-08-17", "url": "https://www.sec.gov/Archives/edgar/data/0000948708/000095012318009048/smsi-s3.htm"}, {"form_type": "S-8", "filings_date": "2018-08-17", "url": "https://www.sec.gov/Archives/edgar/data/0000948708/000156459018021974/smsi-s8.htm"}, {"form_type": "10-Q", "filings_date": "2018-07-27", "url": "https://www.sec.gov/Archives/edgar/data/0000948708/000156459018017750/smsi-10q_20180630.htm"}, {"form_type": "8-K", "filings_date": "2018-07-24", "url": "https://www.sec.gov/Archives/edgar/data/0000948708/000156459018017298/smsi-8k_20180724.htm"}, {"form_type": "4", "filings_date": "2018-07-02", "url": "https://www.sec.gov/Archives/edgar/data/0000948708/000120919118040380/xslF345X03/doc4.xml"}, {"form_type": "4", "filings_date": "2018-07-02", "url": "https://www.sec.gov/Archives/edgar/data/0000948708/000120919118040375/xslF345X03/doc4.xml"}, {"form_type": "424B3", "filings_date": "2018-06-20", "url": "https://www.sec.gov/Archives/edgar/data/0000948708/000156459018015856/smsi-424b3.htm"}, {"form_type": "EFFECT", "filings_date": "2018-06-19", "url": "https://www.sec.gov/Archives/edgar/data/0000948708/999999999518001542/xslEFFECTX01/primary_doc.xml"}, {"form_type": "4", "filings_date": "2018-06-18", "url": "https://www.sec.gov/Archives/edgar/data/0000948708/000120919118038280/xslF345X03/doc4.xml"}, {"form_type": "CORRESP", "filings_date": "2018-06-18", "url": "https://www.sec.gov/Archives/edgar/data/0000948708/000156459018015745/filename1.htm"}, {"form_type": "8-K", "filings_date": "2018-06-15", "url": "https://www.sec.gov/Archives/edgar/data/0000948708/000156459018015684/smsi-8k_20180614.htm"}, {"form_type": "UPLOAD", "filings_date": "2018-06-13", "url": "https://www.sec.gov/Archives/edgar/data/0000948708/000000000018018213/filename1.pdf"}, {"form_type": "S-3", "filings_date": "2018-06-01", "url": "https://www.sec.gov/Archives/edgar/data/0000948708/000156459018014940/smsi-s3.htm"}, {"form_type": "SC 13G", "filings_date": "2018-05-22", "url": "https://www.sec.gov/Archives/edgar/data/0000948708/000093041318001883/c91251_sc13g.htm"}, {"form_type": "4", "filings_date": "2018-05-21", "url": "https://www.sec.gov/Archives/edgar/data/0000948708/000120919118031869/xslF345X03/doc4.xml"}, {"form_type": "4", "filings_date": "2018-05-21", "url": "https://www.sec.gov/Archives/edgar/data/0000948708/000120919118031862/xslF345X03/doc4.xml"}, {"form_type": "D", "filings_date": "2018-05-17", "url": "https://www.sec.gov/Archives/edgar/data/0000948708/000094870818000002/xslFormDX01/primary_doc.xml"}, {"form_type": "10-Q", "filings_date": "2018-05-15", "url": "https://www.sec.gov/Archives/edgar/data/0000948708/000156459018013626/smsi-10q_20180331.htm"}, {"form_type": "SC 13G", "filings_date": "2018-05-14", "url": "https://www.sec.gov/Archives/edgar/data/0000948708/000119312518162560/d589096dsc13g.htm"}, {"form_type": "8-K", "filings_date": "2018-05-09", "url": "https://www.sec.gov/Archives/edgar/data/0000948708/000156459018012388/smsi-8k_20180509.htm"}, {"form_type": "SC 13G", "filings_date": "2018-05-08", "url": "https://www.sec.gov/Archives/edgar/data/0000948708/000090266418002129/p18-1111sc13g.htm"}, {"form_type": "8-K", "filings_date": "2018-05-04", "url": "https://www.sec.gov/Archives/edgar/data/0000948708/000156459018010989/smsi-8k_20180503.htm"}, {"form_type": "DEFA14A", "filings_date": "2018-05-03", "url": "https://www.sec.gov/Archives/edgar/data/0000948708/000156459018010468/smsi-defa14a_20180614.htm"}, {"form_type": "DEF 14A", "filings_date": "2018-05-03", "url": "https://www.sec.gov/Archives/edgar/data/0000948708/000156459018010462/smsi-def14a_20180614.htm"}, {"form_type": "PRE 14A", "filings_date": "2018-04-20", "url": "https://www.sec.gov/Archives/edgar/data/0000948708/000156459018008592/smsi-pre14a_20180614.htm"}, {"form_type": "424B3", "filings_date": "2018-04-19", "url": "https://www.sec.gov/Archives/edgar/data/0000948708/000156459018008437/smsi-424b3.htm"}, {"form_type": "EFFECT", "filings_date": "2018-04-18", "url": "https://www.sec.gov/Archives/edgar/data/0000948708/999999999518000853/xslEFFECTX01/primary_doc.xml"}, {"form_type": "CORRESP", "filings_date": "2018-04-17", "url": "https://www.sec.gov/Archives/edgar/data/0000948708/000156459018008343/filename1.htm"}, {"form_type": "10-K/A", "filings_date": "2018-04-17", "url": "https://www.sec.gov/Archives/edgar/data/0000948708/000156459018008324/smsi-10ka_20171231.htm"}, {"form_type": "UPLOAD", "filings_date": "2018-04-11", "url": "https://www.sec.gov/Archives/edgar/data/0000948708/000000000018010935/filename1.pdf"}, {"form_type": "S-3", "filings_date": "2018-04-04", "url": "https://www.sec.gov/Archives/edgar/data/0000948708/000095012318003345/smsi-s3.htm"}, {"form_type": "10-K", "filings_date": "2018-03-30", "url": "https://www.sec.gov/Archives/edgar/data/0000948708/000156459018007263/smsi-10k_20171231.htm"}, {"form_type": "4", "filings_date": "2018-03-28", "url": "https://www.sec.gov/Archives/edgar/data/0000948708/000120919118021952/xslF345X03/doc4.xml"}, {"form_type": "D", "filings_date": "2018-03-16", "url": "https://www.sec.gov/Archives/edgar/data/0000948708/000094870818000001/xslFormDX01/primary_doc.xml"}, {"form_type": "4/A", "filings_date": "2018-03-14", "url": "https://www.sec.gov/Archives/edgar/data/0000948708/000120919118019741/xslF345X03/doc4a.xml"}, {"form_type": "4", "filings_date": "2018-03-14", "url": "https://www.sec.gov/Archives/edgar/data/0000948708/000120919118019733/xslF345X03/doc4.xml"}, {"form_type": "4", "filings_date": "2018-03-14", "url": "https://www.sec.gov/Archives/edgar/data/0000948708/000120919118019731/xslF345X03/doc4.xml"}, {"form_type": "4", "filings_date": "2018-03-14", "url": "https://www.sec.gov/Archives/edgar/data/0000948708/000120919118019729/xslF345X03/doc4.xml"}, {"form_type": "4", "filings_date": "2018-03-14", "url": "https://www.sec.gov/Archives/edgar/data/0000948708/000120919118019727/xslF345X03/doc4.xml"}, {"form_type": "4", "filings_date": "2018-03-14", "url": "https://www.sec.gov/Archives/edgar/data/0000948708/000120919118019722/xslF345X03/doc4.xml"}, {"form_type": "4", "filings_date": "2018-03-14", "url": "https://www.sec.gov/Archives/edgar/data/0000948708/000120919118019719/xslF345X03/doc4.xml"}, {"form_type": "4", "filings_date": "2018-03-14", "url": "https://www.sec.gov/Archives/edgar/data/0000948708/000120919118019717/xslF345X03/doc4.xml"}, {"form_type": "8-K", "filings_date": "2018-03-14", "url": "https://www.sec.gov/Archives/edgar/data/0000948708/000156459018005618/smsi-8k_20180314.htm"}, {"form_type": "8-K", "filings_date": "2018-03-06", "url": "https://www.sec.gov/Archives/edgar/data/0000948708/000156459018004549/smsi-8k_20180305.htm"}, {"form_type": "SC 13G/A", "filings_date": "2018-02-14", "url": "https://www.sec.gov/Archives/edgar/data/0000948708/000119312518045493/d533463dsc13ga.htm"}, {"form_type": "RW", "filings_date": "2018-02-13", "url": "https://www.sec.gov/Archives/edgar/data/0000948708/000095012318001500/smsi-rw.htm"}, {"form_type": "SC 13G/A", "filings_date": "2018-02-05", "url": "https://www.sec.gov/Archives/edgar/data/0000948708/000117266118000263/smsi123117a2.htm"}, {"form_type": "8-K", "filings_date": "2018-01-31", "url": "https://www.sec.gov/Archives/edgar/data/0000948708/000156459018001146/smsi-8k_20180131.htm"}, {"form_type": "SC 13G/A", "filings_date": "2018-01-12", "url": "https://www.sec.gov/Archives/edgar/data/0000948708/000119312518009658/d507239dsc13ga.htm"}, {"form_type": "4", "filings_date": "2017-12-29", "url": "https://www.sec.gov/Archives/edgar/data/0000948708/000120919117067616/xslF345X03/doc4.xml"}, {"form_type": "S-1/A", "filings_date": "2017-12-29", "url": "https://www.sec.gov/Archives/edgar/data/0000948708/000095012317011571/smsi-s1a_20171027.htm"}, {"form_type": "10-Q/A", "filings_date": "2017-12-28", "url": "https://www.sec.gov/Archives/edgar/data/0000948708/000156459017025363/smsi-10qa_20170930.htm"}, {"form_type": "8-K", "filings_date": "2017-12-28", "url": "https://www.sec.gov/Archives/edgar/data/0000948708/000095012317011569/smsi-cover_14.htm"}, {"form_type": "D", "filings_date": "2017-11-15", "url": "https://www.sec.gov/Archives/edgar/data/0000948708/000120919117060766/xslFormDX01/primary_doc.xml"}, {"form_type": "10-Q", "filings_date": "2017-11-14", "url": "https://www.sec.gov/Archives/edgar/data/0000948708/000156459017023769/smsi-10q_20170930.htm"}, {"form_type": "8-K/A", "filings_date": "2017-11-03", "url": "https://www.sec.gov/Archives/edgar/data/0000948708/000156459017021552/smsi-8ka_20170615.htm"}, {"form_type": "S-3", "filings_date": "2017-10-27", "url": "https://www.sec.gov/Archives/edgar/data/0000948708/000119312517323298/d459620ds3.htm"}, {"form_type": "8-K", "filings_date": "2017-10-25", "url": "https://www.sec.gov/Archives/edgar/data/0000948708/000156459017020013/smsi-8k_20171025.htm"}, {"form_type": "8-K", "filings_date": "2017-10-05", "url": "https://www.sec.gov/Archives/edgar/data/0000948708/000156459017019249/smsi-8k_20170929.htm"}, {"form_type": "8-K", "filings_date": "2017-10-04", "url": "https://www.sec.gov/Archives/edgar/data/0000948708/000156459017019209/smsi-8k_20170929.htm"}, {"form_type": "4", "filings_date": "2017-10-03", "url": "https://www.sec.gov/Archives/edgar/data/0000948708/000120919117055136/xslF345X03/doc4.xml"}, {"form_type": "4", "filings_date": "2017-10-03", "url": "https://www.sec.gov/Archives/edgar/data/0000948708/000120919117055129/xslF345X03/doc4.xml"}, {"form_type": "4", "filings_date": "2017-09-28", "url": "https://www.sec.gov/Archives/edgar/data/0000948708/000120919117054313/xslF345X03/doc4.xml"}, {"form_type": "8-K", "filings_date": "2017-08-25", "url": "https://www.sec.gov/Archives/edgar/data/0000948708/000156459017018064/smsi-8k_20170822.htm"}, {"form_type": "10-Q", "filings_date": "2017-08-14", "url": "https://www.sec.gov/Archives/edgar/data/0000948708/000156459017017634/smsi-10q_20170630.htm"}, {"form_type": "8-K", "filings_date": "2017-08-08", "url": "https://www.sec.gov/Archives/edgar/data/0000948708/000156459017016568/smsi-8k_20170808.htm"}, {"form_type": "4/A", "filings_date": "2017-07-21", "url": "https://www.sec.gov/Archives/edgar/data/0000948708/000120919117046008/xslF345X03/doc4a.xml"}, {"form_type": "10-K/A", "filings_date": "2017-07-21", "url": "https://www.sec.gov/Archives/edgar/data/0000948708/000156459017013820/smsi-10ka_20161231.htm"}, {"form_type": "4/A", "filings_date": "2017-07-21", "url": "https://www.sec.gov/Archives/edgar/data/0000948708/000120919117046007/xslF345X03/doc4a.xml"}, {"form_type": "4/A", "filings_date": "2017-07-21", "url": "https://www.sec.gov/Archives/edgar/data/0000948708/000120919117046006/xslF345X03/doc4a.xml"}, {"form_type": "4/A", "filings_date": "2017-07-21", "url": "https://www.sec.gov/Archives/edgar/data/0000948708/000120919117046005/xslF345X03/doc4a.xml"}, {"form_type": "4/A", "filings_date": "2017-07-21", "url": "https://www.sec.gov/Archives/edgar/data/0000948708/000120919117046004/xslF345X03/doc4a.xml"}, {"form_type": "4/A", "filings_date": "2017-07-21", "url": "https://www.sec.gov/Archives/edgar/data/0000948708/000120919117045989/xslF345X03/doc4a.xml"}, {"form_type": "4/A", "filings_date": "2017-07-12", "url": "https://www.sec.gov/Archives/edgar/data/0000948708/000120919117044946/xslF345X03/doc4a.xml"}, {"form_type": "8-K/A", "filings_date": "2017-07-11", "url": "https://www.sec.gov/Archives/edgar/data/0000948708/000156459017013338/smsi-8ka_20170619.htm"}, {"form_type": "8-K", "filings_date": "2017-07-07", "url": "https://www.sec.gov/Archives/edgar/data/0000948708/000156459017013250/smsi-8k_20170630.htm"}, {"form_type": "4", "filings_date": "2017-07-03", "url": "https://www.sec.gov/Archives/edgar/data/0000948708/000120919117042857/xslF345X03/doc4.xml"}, {"form_type": "4", "filings_date": "2017-06-30", "url": "https://www.sec.gov/Archives/edgar/data/0000948708/000120919117042467/xslF345X03/doc4.xml"}, {"form_type": "4", "filings_date": "2017-06-30", "url": "https://www.sec.gov/Archives/edgar/data/0000948708/000120919117042465/xslF345X03/doc4.xml"}, {"form_type": "8-K", "filings_date": "2017-06-20", "url": "https://www.sec.gov/Archives/edgar/data/0000948708/000156459017012746/smsi-8k_20170619.htm"}, {"form_type": "4", "filings_date": "2017-06-20", "url": "https://www.sec.gov/Archives/edgar/data/0000948708/000120919117041012/xslF345X03/doc4.xml"}, {"form_type": "3", "filings_date": "2017-06-20", "url": "https://www.sec.gov/Archives/edgar/data/0000948708/000120919117041009/xslF345X02/doc3.xml"}, {"form_type": "8-K", "filings_date": "2017-06-16", "url": "https://www.sec.gov/Archives/edgar/data/0000948708/000156459017012656/smsi-8k_20170615.htm"}, {"form_type": "4", "filings_date": "2017-05-18", "url": "https://www.sec.gov/Archives/edgar/data/0000948708/000120919117033635/xslF345X03/doc4.xml"}, {"form_type": "8-K", "filings_date": "2017-05-17", "url": "https://www.sec.gov/Archives/edgar/data/0000948708/000156459017011227/smsi-8k_20170516.htm"}, {"form_type": "424B5", "filings_date": "2017-05-17", "url": "https://www.sec.gov/Archives/edgar/data/0000948708/000156459017011174/smsi-424b5.htm"}, {"form_type": "8-K", "filings_date": "2017-05-11", "url": "https://www.sec.gov/Archives/edgar/data/0000948708/000156459017010534/smsi-8k_20170508.htm"}, {"form_type": "DEFA14A", "filings_date": "2017-05-10", "url": "https://www.sec.gov/Archives/edgar/data/0000948708/000156459017010103/smsi-defa14a_20170510.htm"}, {"form_type": "DEFR14A", "filings_date": "2017-05-10", "url": "https://www.sec.gov/Archives/edgar/data/0000948708/000156459017010097/smsi-defr14a_20170615.htm"}, {"form_type": "10-Q", "filings_date": "2017-05-04", "url": "https://www.sec.gov/Archives/edgar/data/0000948708/000156459017008687/smsi-10q_20170331.htm"}, {"form_type": "8-K", "filings_date": "2017-05-03", "url": "https://www.sec.gov/Archives/edgar/data/0000948708/000156459017008385/smsi-8k_20170331.htm"}, {"form_type": "DEFA14A", "filings_date": "2017-04-28", "url": "https://www.sec.gov/Archives/edgar/data/0000948708/000156459017007728/smsi-defa14a_20170516.htm"}, {"form_type": "DEF 14A", "filings_date": "2017-04-28", "url": "https://www.sec.gov/Archives/edgar/data/0000948708/000156459017007723/smsi-def14a_20170615.htm"}, {"form_type": "4", "filings_date": "2017-04-05", "url": "https://www.sec.gov/Archives/edgar/data/0000948708/000120919117025523/xslF345X03/doc4.xml"}, {"form_type": "4", "filings_date": "2017-04-05", "url": "https://www.sec.gov/Archives/edgar/data/0000948708/000120919117025521/xslF345X03/doc4.xml"}, {"form_type": "8-K", "filings_date": "2017-04-03", "url": "https://www.sec.gov/Archives/edgar/data/0000948708/000119312517108546/d278057d8k.htm"}, {"form_type": "8-K", "filings_date": "2017-03-28", "url": "https://www.sec.gov/Archives/edgar/data/0000948708/000119312517099732/d369093d8k.htm"}, {"form_type": "4", "filings_date": "2017-03-13", "url": "https://www.sec.gov/Archives/edgar/data/0000948708/000120919117020256/xslF345X03/doc4.xml"}, {"form_type": "4", "filings_date": "2017-03-13", "url": "https://www.sec.gov/Archives/edgar/data/0000948708/000120919117020251/xslF345X03/doc4.xml"}, {"form_type": "4", "filings_date": "2017-03-13", "url": "https://www.sec.gov/Archives/edgar/data/0000948708/000120919117020246/xslF345X03/doc4.xml"}, {"form_type": "4", "filings_date": "2017-03-13", "url": "https://www.sec.gov/Archives/edgar/data/0000948708/000120919117020241/xslF345X03/doc4.xml"}, {"form_type": "4", "filings_date": "2017-03-13", "url": "https://www.sec.gov/Archives/edgar/data/0000948708/000120919117020231/xslF345X03/doc4.xml"}, {"form_type": "10-K", "filings_date": "2017-03-10", "url": "https://www.sec.gov/Archives/edgar/data/0000948708/000156459017004015/smsi-10k_20161231.htm"}, {"form_type": "8-K", "filings_date": "2017-03-09", "url": "https://www.sec.gov/Archives/edgar/data/0000948708/000156459017003857/smsi-8k_20170309.htm"}, {"form_type": "4", "filings_date": "2017-02-23", "url": "https://www.sec.gov/Archives/edgar/data/0000948708/000120919117013980/xslF345X03/doc4.xml"}, {"form_type": "4", "filings_date": "2017-02-23", "url": "https://www.sec.gov/Archives/edgar/data/0000948708/000120919117013975/xslF345X03/doc4.xml"}, {"form_type": "8-K", "filings_date": "2017-02-23", "url": "https://www.sec.gov/Archives/edgar/data/0000948708/000156459017002128/smsi-8k_20170222.htm"}, {"form_type": "SC 13G/A", "filings_date": "2017-02-14", "url": "https://www.sec.gov/Archives/edgar/data/0000948708/000119312517043813/d327540dsc13ga.htm"}, {"form_type": "5", "filings_date": "2017-02-14", "url": "https://www.sec.gov/Archives/edgar/data/0000948708/000120919117010406/xslF345X03/doc5.xml"}, {"form_type": "SC 13G/A", "filings_date": "2017-02-13", "url": "https://www.sec.gov/Archives/edgar/data/0000948708/000117266117000423/smsi123116a1.htm"}, {"form_type": "EFFECT", "filings_date": "2017-02-10", "url": "https://www.sec.gov/Archives/edgar/data/0000948708/999999999517000357/xslEFFECTX01/primary_doc.xml"}, {"form_type": "8-K", "filings_date": "2017-02-08", "url": "https://www.sec.gov/Archives/edgar/data/0000948708/000119312517034797/d235264d8k.htm"}, {"form_type": "CORRESP", "filings_date": "2017-02-08", "url": "https://www.sec.gov/Archives/edgar/data/0000948708/000119312517034590/filename1.htm"}, {"form_type": "UPLOAD", "filings_date": "2017-02-06", "url": "https://www.sec.gov/Archives/edgar/data/0000948708/000000000017004106/filename1.pdf"}, {"form_type": "S-3", "filings_date": "2017-01-27", "url": "https://www.sec.gov/Archives/edgar/data/0000948708/000119312517021864/d336448ds3.htm"}, {"form_type": "SC 13G/A", "filings_date": "2017-01-24", "url": "https://www.sec.gov/Archives/edgar/data/0000948708/000119312517016170/d313686dsc13ga.htm"}]}