{"company": {"cik": "0001640147", "name": "Snowflake Inc.", "sic": "Services-Prepackaged Software", "state_incorp": "DE", "ticker": "SNOW", "mailing_addr": "106 EAST BABCOCK STREET, BOZEMAN, MT, 59715", "category": "Non-accelerated filer<br>Emerging growth company", "fiscal_year_end": "31, January"}, "filings": [{"form_type": "5", "filings_date": "2022-03-11", "url": "https://www.sec.gov/Archives/edgar/data/0001640147/000164014722000015/xslF345X03/wf-form5_164704701909247.xml"}, {"form_type": "4", "filings_date": "2022-03-11", "url": "https://www.sec.gov/Archives/edgar/data/0001640147/000164014722000014/xslF345X03/wf-form4_164704699889369.xml"}, {"form_type": "4", "filings_date": "2022-03-11", "url": "https://www.sec.gov/Archives/edgar/data/0001640147/000164014722000013/xslF345X03/wf-form4_164704697707949.xml"}, {"form_type": "4", "filings_date": "2022-03-11", "url": "https://www.sec.gov/Archives/edgar/data/0001640147/000164014722000012/xslF345X03/wf-form4_164704695895168.xml"}, {"form_type": "4", "filings_date": "2022-03-11", "url": "https://www.sec.gov/Archives/edgar/data/0001640147/000164014722000011/xslF345X03/wf-form4_164704693712817.xml"}, {"form_type": "4", "filings_date": "2022-03-11", "url": "https://www.sec.gov/Archives/edgar/data/0001640147/000106299322007514/xslF345X03/form4.xml"}, {"form_type": "8-K", "filings_date": "2022-03-02", "url": "https://www.sec.gov/Archives/edgar/data/0001640147/000164014722000005/snow-20220302.htm"}, {"form_type": "5", "filings_date": "2022-02-25", "url": "https://www.sec.gov/Archives/edgar/data/0001640147/000122520822003479/xslF345X03/doc5.xml"}, {"form_type": "SC 13G/A", "filings_date": "2022-02-15", "url": "https://www.sec.gov/Archives/edgar/data/0001640147/000182939822000003/schedule13ga-cruanes2021.htm"}, {"form_type": "SC 13G/A", "filings_date": "2022-02-15", "url": "https://www.sec.gov/Archives/edgar/data/0001640147/000182173722000006/schedule13ga-dageville2021.htm"}, {"form_type": "SC 13G/A", "filings_date": "2022-02-15", "url": "https://www.sec.gov/Archives/edgar/data/0001640147/000140234822000007/schedule13ga-slootman2021.htm"}, {"form_type": "SC 13G/A", "filings_date": "2022-02-14", "url": "https://www.sec.gov/Archives/edgar/data/0001640147/000119312522042027/d272078dsc13ga.htm"}, {"form_type": "SC 13G/A", "filings_date": "2022-02-14", "url": "https://www.sec.gov/Archives/edgar/data/0001640147/000154161722000004/alt13g2021snowover5.txt"}, {"form_type": "SC 13G/A", "filings_date": "2022-02-14", "url": "https://www.sec.gov/Archives/edgar/data/0001640147/000119312522041732/d298865dsc13ga.htm"}, {"form_type": "SC 13G/A", "filings_date": "2022-02-14", "url": "https://www.sec.gov/Archives/edgar/data/0001640147/000119312522041250/d304233dsc13ga.htm"}, {"form_type": "SC 13G/A", "filings_date": "2022-02-14", "url": "https://www.sec.gov/Archives/edgar/data/0001640147/000113777422000029/SNOW2.htm"}, {"form_type": "SC 13G/A", "filings_date": "2022-02-14", "url": "https://www.sec.gov/Archives/edgar/data/0001640147/000119312522040323/d266560dsc13ga.htm"}, {"form_type": "SC 13G/A", "filings_date": "2022-02-14", "url": "https://www.sec.gov/Archives/edgar/data/0001640147/000110465922021599/tm226349d1_sc13ga.htm"}, {"form_type": "SC 13G/A", "filings_date": "2022-02-11", "url": "https://www.sec.gov/Archives/edgar/data/0001640147/000089542122000341/Snowflake.txt"}, {"form_type": "SC 13G/A", "filings_date": "2022-02-10", "url": "https://www.sec.gov/Archives/edgar/data/0001640147/000005341722000021/SNOW1221.txt"}, {"form_type": "SC 13G", "filings_date": "2022-02-10", "url": "https://www.sec.gov/Archives/edgar/data/0001640147/000110465922018588/tv01915-snowflakeincclassa.htm"}, {"form_type": "SC 13G/A", "filings_date": "2022-02-09", "url": "https://www.sec.gov/Archives/edgar/data/0001640147/000031506622001342/filing.txt"}, {"form_type": "4", "filings_date": "2022-01-20", "url": "https://www.sec.gov/Archives/edgar/data/0001640147/000164014722000002/xslF345X03/wf-form4_164273295634549.xml"}, {"form_type": "4/A", "filings_date": "2021-12-22", "url": "https://www.sec.gov/Archives/edgar/data/0001640147/000164014721000287/xslF345X03/wf-form4a_164021458738175.xml"}, {"form_type": "4", "filings_date": "2021-12-22", "url": "https://www.sec.gov/Archives/edgar/data/0001640147/000164014721000286/xslF345X03/wf-form4_164021456859100.xml"}, {"form_type": "4", "filings_date": "2021-12-17", "url": "https://www.sec.gov/Archives/edgar/data/0001640147/000164014721000283/xslF345X03/wf-form4_163978622247605.xml"}, {"form_type": "4", "filings_date": "2021-12-17", "url": "https://www.sec.gov/Archives/edgar/data/0001640147/000164014721000282/xslF345X03/wf-form4_163978620544446.xml"}, {"form_type": "4", "filings_date": "2021-12-16", "url": "https://www.sec.gov/Archives/edgar/data/0001640147/000164014721000279/xslF345X03/wf-form4_163969214561336.xml"}, {"form_type": "4", "filings_date": "2021-12-16", "url": "https://www.sec.gov/Archives/edgar/data/0001640147/000164014721000278/xslF345X03/wf-form4_163969212814387.xml"}, {"form_type": "4", "filings_date": "2021-12-10", "url": "https://www.sec.gov/Archives/edgar/data/0001640147/000164014721000275/xslF345X03/wf-form4_163918740223186.xml"}, {"form_type": "4", "filings_date": "2021-12-03", "url": "https://www.sec.gov/Archives/edgar/data/0001640147/000164014721000273/xslF345X03/wf-form4_163857827168845.xml"}, {"form_type": "10-Q", "filings_date": "2021-12-03", "url": "https://www.sec.gov/Archives/edgar/data/0001640147/000164014721000271/snow-20211031.htm"}, {"form_type": "8-K", "filings_date": "2021-12-01", "url": "https://www.sec.gov/Archives/edgar/data/0001640147/000164014721000268/snow-20211201.htm"}, {"form_type": "4", "filings_date": "2021-11-24", "url": "https://www.sec.gov/Archives/edgar/data/0001640147/000164014721000264/xslF345X03/wf-form4_163780030976957.xml"}, {"form_type": "4", "filings_date": "2021-11-24", "url": "https://www.sec.gov/Archives/edgar/data/0001640147/000164014721000263/xslF345X03/wf-form4_163780029037335.xml"}, {"form_type": "4", "filings_date": "2021-11-18", "url": "https://www.sec.gov/Archives/edgar/data/0001640147/000164014721000260/xslF345X03/wf-form4_163728820368614.xml"}, {"form_type": "4", "filings_date": "2021-11-18", "url": "https://www.sec.gov/Archives/edgar/data/0001640147/000164014721000259/xslF345X03/wf-form4_163728817768410.xml"}, {"form_type": "4", "filings_date": "2021-11-18", "url": "https://www.sec.gov/Archives/edgar/data/0001640147/000164014721000258/xslF345X03/wf-form4_163728815924474.xml"}, {"form_type": "4", "filings_date": "2021-11-17", "url": "https://www.sec.gov/Archives/edgar/data/0001640147/000164014721000254/xslF345X03/wf-form4_163719824315337.xml"}, {"form_type": "4", "filings_date": "2021-11-12", "url": "https://www.sec.gov/Archives/edgar/data/0001640147/000164014721000252/xslF345X03/wf-form4_163676551213155.xml"}, {"form_type": "4", "filings_date": "2021-11-10", "url": "https://www.sec.gov/Archives/edgar/data/0001640147/000164014721000250/xslF345X03/wf-form4_163659563847221.xml"}, {"form_type": "4", "filings_date": "2021-11-09", "url": "https://www.sec.gov/Archives/edgar/data/0001640147/000164014721000248/xslF345X03/wf-form4_163650497444454.xml"}, {"form_type": "4", "filings_date": "2021-11-03", "url": "https://www.sec.gov/Archives/edgar/data/0001640147/000164014721000246/xslF345X03/wf-form4_163598259705371.xml"}, {"form_type": "4", "filings_date": "2021-11-02", "url": "https://www.sec.gov/Archives/edgar/data/0001640147/000164014721000244/xslF345X03/wf-form4_163589893514686.xml"}, {"form_type": "4", "filings_date": "2021-11-01", "url": "https://www.sec.gov/Archives/edgar/data/0001640147/000164014721000242/xslF345X03/wf-form4_163581732858041.xml"}, {"form_type": "4", "filings_date": "2021-10-29", "url": "https://www.sec.gov/Archives/edgar/data/0001640147/000164014721000240/xslF345X03/wf-form4_163554890702150.xml"}, {"form_type": "4", "filings_date": "2021-10-29", "url": "https://www.sec.gov/Archives/edgar/data/0001640147/000164014721000239/xslF345X03/wf-form4_163554888723844.xml"}, {"form_type": "4", "filings_date": "2021-10-22", "url": "https://www.sec.gov/Archives/edgar/data/0001640147/000164014721000236/xslF345X03/wf-form4_163494227547277.xml"}, {"form_type": "4", "filings_date": "2021-10-19", "url": "https://www.sec.gov/Archives/edgar/data/0001640147/000164014721000234/xslF345X03/wf-form4_163469265504728.xml"}, {"form_type": "4", "filings_date": "2021-10-19", "url": "https://www.sec.gov/Archives/edgar/data/0001640147/000164014721000233/xslF345X03/wf-form4_163469264000925.xml"}, {"form_type": "4", "filings_date": "2021-10-15", "url": "https://www.sec.gov/Archives/edgar/data/0001640147/000164014721000230/xslF345X03/wf-form4_163433479956826.xml"}, {"form_type": "4", "filings_date": "2021-10-07", "url": "https://www.sec.gov/Archives/edgar/data/0001640147/000164014721000228/xslF345X03/wf-form4_163365383414054.xml"}, {"form_type": "4", "filings_date": "2021-10-05", "url": "https://www.sec.gov/Archives/edgar/data/0001640147/000164014721000226/xslF345X03/wf-form4_163347702515690.xml"}, {"form_type": "4", "filings_date": "2021-09-22", "url": "https://www.sec.gov/Archives/edgar/data/0001640147/000164014721000224/xslF345X03/wf-form4_163235454400286.xml"}, {"form_type": "4", "filings_date": "2021-09-17", "url": "https://www.sec.gov/Archives/edgar/data/0001640147/000164014721000222/xslF345X03/wf-form4_163191488064229.xml"}, {"form_type": "4", "filings_date": "2021-09-17", "url": "https://www.sec.gov/Archives/edgar/data/0001640147/000164014721000221/xslF345X03/wf-form4_163191486526403.xml"}, {"form_type": "4", "filings_date": "2021-09-10", "url": "https://www.sec.gov/Archives/edgar/data/0001640147/000164014721000218/xslF345X03/wf-form4_163132131490876.xml"}, {"form_type": "SC 13G/A", "filings_date": "2021-09-10", "url": "https://www.sec.gov/Archives/edgar/data/0001640147/000089542121000478/Snowflake.txt"}, {"form_type": "4", "filings_date": "2021-09-10", "url": "https://www.sec.gov/Archives/edgar/data/0001640147/000089924321035542/xslF345X03/doc4.xml"}, {"form_type": "4", "filings_date": "2021-09-09", "url": "https://www.sec.gov/Archives/edgar/data/0001640147/000164014721000216/xslF345X03/wf-form4_163123108332284.xml"}, {"form_type": "4", "filings_date": "2021-09-03", "url": "https://www.sec.gov/Archives/edgar/data/0001640147/000164014721000214/xslF345X03/wf-form4_163070910171615.xml"}, {"form_type": "10-Q", "filings_date": "2021-09-02", "url": "https://www.sec.gov/Archives/edgar/data/0001640147/000164014721000212/snow-20210731.htm"}, {"form_type": "4", "filings_date": "2021-08-31", "url": "https://www.sec.gov/Archives/edgar/data/0001640147/000122520821011871/xslF345X03/doc4.xml"}, {"form_type": "4", "filings_date": "2021-08-30", "url": "https://www.sec.gov/Archives/edgar/data/0001640147/000164014721000208/xslF345X03/wf-form4_163036898338207.xml"}, {"form_type": "4", "filings_date": "2021-08-30", "url": "https://www.sec.gov/Archives/edgar/data/0001640147/000164014721000207/xslF345X03/wf-form4_163036895853413.xml"}, {"form_type": "4", "filings_date": "2021-08-30", "url": "https://www.sec.gov/Archives/edgar/data/0001640147/000164014721000206/xslF345X03/wf-form4_163036893741887.xml"}, {"form_type": "4", "filings_date": "2021-08-30", "url": "https://www.sec.gov/Archives/edgar/data/0001640147/000164014721000205/xslF345X03/wf-form4_163036889522646.xml"}, {"form_type": "4", "filings_date": "2021-08-30", "url": "https://www.sec.gov/Archives/edgar/data/0001640147/000164014721000204/xslF345X03/wf-form4_163036887652800.xml"}, {"form_type": "4", "filings_date": "2021-08-30", "url": "https://www.sec.gov/Archives/edgar/data/0001640147/000089924321034512/xslF345X03/doc4.xml"}, {"form_type": "8-K", "filings_date": "2021-08-25", "url": "https://www.sec.gov/Archives/edgar/data/0001640147/000164014721000197/snow-20210825.htm"}, {"form_type": "4", "filings_date": "2021-08-24", "url": "https://www.sec.gov/Archives/edgar/data/0001640147/000164014721000194/xslF345X03/wf-form4_162984898160805.xml"}, {"form_type": "4", "filings_date": "2021-08-18", "url": "https://www.sec.gov/Archives/edgar/data/0001640147/000164014721000191/xslF345X03/wf-form4_162933529934513.xml"}, {"form_type": "4", "filings_date": "2021-08-17", "url": "https://www.sec.gov/Archives/edgar/data/0001640147/000164014721000189/xslF345X03/wf-form4_162924962289755.xml"}, {"form_type": "4", "filings_date": "2021-08-09", "url": "https://www.sec.gov/Archives/edgar/data/0001640147/000164014721000187/xslF345X03/wf-form4_162855414339128.xml"}, {"form_type": "4", "filings_date": "2021-08-05", "url": "https://www.sec.gov/Archives/edgar/data/0001640147/000164014721000185/xslF345X03/wf-form4_162821136078490.xml"}, {"form_type": "4", "filings_date": "2021-08-05", "url": "https://www.sec.gov/Archives/edgar/data/0001640147/000164014721000184/xslF345X03/wf-form4_162821133205750.xml"}, {"form_type": "4", "filings_date": "2021-08-05", "url": "https://www.sec.gov/Archives/edgar/data/0001640147/000089924321031782/xslF345X03/doc4.xml"}, {"form_type": "4", "filings_date": "2021-08-04", "url": "https://www.sec.gov/Archives/edgar/data/0001640147/000164014721000181/xslF345X03/wf-form4_162812170148946.xml"}, {"form_type": "4", "filings_date": "2021-07-22", "url": "https://www.sec.gov/Archives/edgar/data/0001640147/000164014721000179/xslF345X03/wf-form4_162700076887745.xml"}, {"form_type": "4", "filings_date": "2021-07-19", "url": "https://www.sec.gov/Archives/edgar/data/0001640147/000164014721000177/xslF345X03/wf-form4_162674379038350.xml"}, {"form_type": "4", "filings_date": "2021-07-19", "url": "https://www.sec.gov/Archives/edgar/data/0001640147/000164014721000176/xslF345X03/wf-form4_162674377220283.xml"}, {"form_type": "4", "filings_date": "2021-07-15", "url": "https://www.sec.gov/Archives/edgar/data/0001640147/000164014721000173/xslF345X03/wf-form4_162639354479958.xml"}, {"form_type": "8-K", "filings_date": "2021-07-13", "url": "https://www.sec.gov/Archives/edgar/data/0001640147/000164014721000171/snow-20210708.htm"}, {"form_type": "4", "filings_date": "2021-07-12", "url": "https://www.sec.gov/Archives/edgar/data/0001640147/000122520821010586/xslF345X03/doc4.xml"}, {"form_type": "4", "filings_date": "2021-07-12", "url": "https://www.sec.gov/Archives/edgar/data/0001640147/000164014721000168/xslF345X03/wf-form4_162613675546411.xml"}, {"form_type": "4", "filings_date": "2021-07-12", "url": "https://www.sec.gov/Archives/edgar/data/0001640147/000164014721000167/xslF345X03/wf-form4_162613673623511.xml"}, {"form_type": "4", "filings_date": "2021-07-12", "url": "https://www.sec.gov/Archives/edgar/data/0001640147/000164014721000166/xslF345X03/wf-form4_162613671924800.xml"}, {"form_type": "4", "filings_date": "2021-07-12", "url": "https://www.sec.gov/Archives/edgar/data/0001640147/000164014721000165/xslF345X03/wf-form4_162613670236764.xml"}, {"form_type": "4", "filings_date": "2021-07-12", "url": "https://www.sec.gov/Archives/edgar/data/0001640147/000164014721000164/xslF345X03/wf-form4_162613668385033.xml"}, {"form_type": "4", "filings_date": "2021-07-12", "url": "https://www.sec.gov/Archives/edgar/data/0001640147/000164014721000163/xslF345X03/wf-form4_162613666798179.xml"}, {"form_type": "4", "filings_date": "2021-07-12", "url": "https://www.sec.gov/Archives/edgar/data/0001640147/000164014721000162/xslF345X03/wf-form4_162613664924315.xml"}, {"form_type": "4", "filings_date": "2021-07-08", "url": "https://www.sec.gov/Archives/edgar/data/0001640147/000164014721000154/xslF345X03/wf-form4_162578894739235.xml"}, {"form_type": "4", "filings_date": "2021-07-06", "url": "https://www.sec.gov/Archives/edgar/data/0001640147/000164014721000152/xslF345X03/wf-form4_162561974178775.xml"}, {"form_type": "4", "filings_date": "2021-06-30", "url": "https://www.sec.gov/Archives/edgar/data/0001640147/000106299321006121/xslF345X03/form4.xml"}, {"form_type": "4", "filings_date": "2021-06-29", "url": "https://www.sec.gov/Archives/edgar/data/0001640147/000164014721000150/xslF345X03/wf-form4_162501310321761.xml"}, {"form_type": "4", "filings_date": "2021-06-28", "url": "https://www.sec.gov/Archives/edgar/data/0001640147/000164014721000148/xslF345X03/wf-form4_162492670872044.xml"}, {"form_type": "4", "filings_date": "2021-06-25", "url": "https://www.sec.gov/Archives/edgar/data/0001640147/000164014721000146/xslF345X03/wf-form4_162466471628317.xml"}, {"form_type": "4", "filings_date": "2021-06-24", "url": "https://www.sec.gov/Archives/edgar/data/0001640147/000164014721000144/xslF345X03/wf-form4_162457975667433.xml"}, {"form_type": "4", "filings_date": "2021-06-24", "url": "https://www.sec.gov/Archives/edgar/data/0001640147/000164014721000143/xslF345X03/wf-form4_162457971003723.xml"}, {"form_type": "4", "filings_date": "2021-06-24", "url": "https://www.sec.gov/Archives/edgar/data/0001640147/000164014721000142/xslF345X03/wf-form4_162457966787503.xml"}, {"form_type": "4", "filings_date": "2021-06-23", "url": "https://www.sec.gov/Archives/edgar/data/0001640147/000164014721000138/xslF345X03/wf-form4_162448837948333.xml"}, {"form_type": "4", "filings_date": "2021-06-23", "url": "https://www.sec.gov/Archives/edgar/data/0001640147/000164014721000137/xslF345X03/wf-form4_162448835894572.xml"}, {"form_type": "4", "filings_date": "2021-06-22", "url": "https://www.sec.gov/Archives/edgar/data/0001640147/000164014721000134/xslF345X03/wf-form4_162440596493378.xml"}, {"form_type": "4", "filings_date": "2021-06-21", "url": "https://www.sec.gov/Archives/edgar/data/0001640147/000106299321005821/xslF345X03/form4.xml"}, {"form_type": "SC 13G/A", "filings_date": "2021-06-21", "url": "https://www.sec.gov/Archives/edgar/data/0001640147/000154161721000004/alt13gsnow-under10-june2021.htm"}, {"form_type": "4", "filings_date": "2021-06-17", "url": "https://www.sec.gov/Archives/edgar/data/0001640147/000164014721000132/xslF345X03/wf-form4_162397461835710.xml"}, {"form_type": "4", "filings_date": "2021-06-14", "url": "https://www.sec.gov/Archives/edgar/data/0001640147/000110465921080869/xslF345X03/tm2119689d1_4.xml"}, {"form_type": "4", "filings_date": "2021-06-11", "url": "https://www.sec.gov/Archives/edgar/data/0001640147/000164014721000130/xslF345X03/wf-form4_162345606643354.xml"}, {"form_type": "4", "filings_date": "2021-06-09", "url": "https://www.sec.gov/Archives/edgar/data/0001640147/000164014721000128/xslF345X03/wf-form4_162328994266073.xml"}, {"form_type": "4", "filings_date": "2021-06-09", "url": "https://www.sec.gov/Archives/edgar/data/0001640147/000164014721000127/xslF345X03/wf-form4_162328990926291.xml"}, {"form_type": "4", "filings_date": "2021-06-09", "url": "https://www.sec.gov/Archives/edgar/data/0001640147/000164014721000126/xslF345X03/wf-form4_162328987990038.xml"}, {"form_type": "4", "filings_date": "2021-06-04", "url": "https://www.sec.gov/Archives/edgar/data/0001640147/000106299321005409/xslF345X03/form4.xml"}, {"form_type": "10-Q", "filings_date": "2021-06-04", "url": "https://www.sec.gov/Archives/edgar/data/0001640147/000164014721000122/snow-20210430.htm"}, {"form_type": "4", "filings_date": "2021-06-03", "url": "https://www.sec.gov/Archives/edgar/data/0001640147/000164014721000119/xslF345X03/wf-form4_162276434597432.xml"}, {"form_type": "4", "filings_date": "2021-06-02", "url": "https://www.sec.gov/Archives/edgar/data/0001640147/000164014721000116/xslF345X03/wf-form4_162268109579048.xml"}, {"form_type": "4", "filings_date": "2021-06-02", "url": "https://www.sec.gov/Archives/edgar/data/0001640147/000164014721000115/xslF345X03/wf-form4_162268104873574.xml"}, {"form_type": "4", "filings_date": "2021-06-01", "url": "https://www.sec.gov/Archives/edgar/data/0001640147/000106299321005261/xslF345X03/form4.xml"}, {"form_type": "4", "filings_date": "2021-06-01", "url": "https://www.sec.gov/Archives/edgar/data/0001640147/000106299321005260/xslF345X03/form4.xml"}, {"form_type": "4", "filings_date": "2021-06-01", "url": "https://www.sec.gov/Archives/edgar/data/0001640147/000106299321005259/xslF345X03/form4.xml"}, {"form_type": "DEFA14A", "filings_date": "2021-05-27", "url": "https://www.sec.gov/Archives/edgar/data/0001640147/000164014721000112/defa14a-2021.htm"}, {"form_type": "DEF 14A", "filings_date": "2021-05-27", "url": "https://www.sec.gov/Archives/edgar/data/0001640147/000164014721000111/snow-2021proxystatement.htm"}, {"form_type": "8-K", "filings_date": "2021-05-26", "url": "https://www.sec.gov/Archives/edgar/data/0001640147/000164014721000103/snow-20210526.htm"}, {"form_type": "4", "filings_date": "2021-05-25", "url": "https://www.sec.gov/Archives/edgar/data/0001640147/000164014721000099/xslF345X03/wf-form4_162194963696000.xml"}, {"form_type": "4", "filings_date": "2021-05-18", "url": "https://www.sec.gov/Archives/edgar/data/0001640147/000164014721000097/xslF345X03/wf-form4_162138653349579.xml"}, {"form_type": "4", "filings_date": "2021-05-10", "url": "https://www.sec.gov/Archives/edgar/data/0001640147/000089924321018902/xslF345X03/doc4.xml"}, {"form_type": "4", "filings_date": "2021-05-05", "url": "https://www.sec.gov/Archives/edgar/data/0001640147/000164014721000095/xslF345X03/wf-form4_162026406553927.xml"}, {"form_type": "4", "filings_date": "2021-04-29", "url": "https://www.sec.gov/Archives/edgar/data/0001640147/000164014721000093/xslF345X03/wf-form4_161974290803877.xml"}, {"form_type": "4", "filings_date": "2021-04-22", "url": "https://www.sec.gov/Archives/edgar/data/0001640147/000164014721000091/xslF345X03/wf-form4_161913975947937.xml"}, {"form_type": "4", "filings_date": "2021-04-14", "url": "https://www.sec.gov/Archives/edgar/data/0001640147/000164014721000089/xslF345X03/wf-form4_161844639229541.xml"}, {"form_type": "4", "filings_date": "2021-04-09", "url": "https://www.sec.gov/Archives/edgar/data/0001640147/000164014721000087/xslF345X03/wf-form4_161801332960074.xml"}, {"form_type": "4", "filings_date": "2021-04-07", "url": "https://www.sec.gov/Archives/edgar/data/0001640147/000164014721000085/xslF345X03/wf-form4_161784293368026.xml"}, {"form_type": "4", "filings_date": "2021-04-07", "url": "https://www.sec.gov/Archives/edgar/data/0001640147/000164014721000084/xslF345X03/wf-form4_161784290498166.xml"}, {"form_type": "4", "filings_date": "2021-04-05", "url": "https://www.sec.gov/Archives/edgar/data/0001640147/000164014721000081/xslF345X03/wf-form4_161767351088996.xml"}, {"form_type": "4", "filings_date": "2021-04-01", "url": "https://www.sec.gov/Archives/edgar/data/0001640147/000110465921045736/xslF345X03/tm2111894-1_4seq1.xml"}, {"form_type": "4", "filings_date": "2021-03-31", "url": "https://www.sec.gov/Archives/edgar/data/0001640147/000164014721000079/xslF345X03/wf-form4_161723732009006.xml"}, {"form_type": "4", "filings_date": "2021-03-31", "url": "https://www.sec.gov/Archives/edgar/data/0001640147/000164014721000078/xslF345X03/wf-form4_161723726194498.xml"}, {"form_type": "S-8", "filings_date": "2021-03-31", "url": "https://www.sec.gov/Archives/edgar/data/0001640147/000164014721000075/snowflakes-8fy21evergreen.htm"}, {"form_type": "10-K", "filings_date": "2021-03-31", "url": "https://www.sec.gov/Archives/edgar/data/0001640147/000164014721000073/snow-20210131.htm"}, {"form_type": "4", "filings_date": "2021-03-30", "url": "https://www.sec.gov/Archives/edgar/data/0001640147/000164014721000067/xslF345X03/wf-form4_161715433258914.xml"}, {"form_type": "4", "filings_date": "2021-03-30", "url": "https://www.sec.gov/Archives/edgar/data/0001640147/000164014721000066/xslF345X03/wf-form4_161715431601069.xml"}, {"form_type": "4", "filings_date": "2021-03-24", "url": "https://www.sec.gov/Archives/edgar/data/0001640147/000164014721000061/xslF345X03/wf-form4_161662948703203.xml"}, {"form_type": "4", "filings_date": "2021-03-24", "url": "https://www.sec.gov/Archives/edgar/data/0001640147/000164014721000060/xslF345X03/wf-form4_161662946653685.xml"}, {"form_type": "4", "filings_date": "2021-03-24", "url": "https://www.sec.gov/Archives/edgar/data/0001640147/000164014721000059/xslF345X03/wf-form4_161662944566252.xml"}, {"form_type": "4", "filings_date": "2021-03-18", "url": "https://www.sec.gov/Archives/edgar/data/0001640147/000164014721000055/xslF345X03/wf-form4_161611655848064.xml"}, {"form_type": "4", "filings_date": "2021-03-18", "url": "https://www.sec.gov/Archives/edgar/data/0001640147/000164014721000054/xslF345X03/wf-form4_161611653489117.xml"}, {"form_type": "4", "filings_date": "2021-03-12", "url": "https://www.sec.gov/Archives/edgar/data/0001640147/000164014721000051/xslF345X03/wf-form4_161560007895721.xml"}, {"form_type": "4", "filings_date": "2021-03-11", "url": "https://www.sec.gov/Archives/edgar/data/0001640147/000122520821005142/xslF345X03/doc4.xml"}, {"form_type": "4", "filings_date": "2021-03-10", "url": "https://www.sec.gov/Archives/edgar/data/0001640147/000164014721000049/xslF345X03/wf-form4_161542675067665.xml"}, {"form_type": "4", "filings_date": "2021-03-09", "url": "https://www.sec.gov/Archives/edgar/data/0001640147/000164014721000047/xslF345X03/wf-form4_161533977906957.xml"}, {"form_type": "4", "filings_date": "2021-03-09", "url": "https://www.sec.gov/Archives/edgar/data/0001640147/000164014721000046/xslF345X03/wf-form4_161533975878600.xml"}, {"form_type": "4", "filings_date": "2021-03-09", "url": "https://www.sec.gov/Archives/edgar/data/0001640147/000164014721000045/xslF345X03/wf-form4_161533973624355.xml"}, {"form_type": "4", "filings_date": "2021-03-09", "url": "https://www.sec.gov/Archives/edgar/data/0001640147/000089924321010730/xslF345X03/doc4.xml"}, {"form_type": "4", "filings_date": "2021-03-09", "url": "https://www.sec.gov/Archives/edgar/data/0001640147/000089924321010729/xslF345X03/doc4.xml"}, {"form_type": "SC 13G/A", "filings_date": "2021-03-09", "url": "https://www.sec.gov/Archives/edgar/data/0001640147/000089542121000291/Snowflake.txt"}, {"form_type": "4", "filings_date": "2021-03-08", "url": "https://www.sec.gov/Archives/edgar/data/0001640147/000122520821004874/xslF345X03/doc4.xml"}, {"form_type": "4", "filings_date": "2021-03-08", "url": "https://www.sec.gov/Archives/edgar/data/0001640147/000122520821004873/xslF345X03/doc4.xml"}, {"form_type": "4", "filings_date": "2021-03-04", "url": "https://www.sec.gov/Archives/edgar/data/0001640147/000089924321009782/xslF345X03/doc4.xml"}, {"form_type": "4", "filings_date": "2021-03-04", "url": "https://www.sec.gov/Archives/edgar/data/0001640147/000089924321009778/xslF345X03/doc4.xml"}, {"form_type": "4", "filings_date": "2021-03-03", "url": "https://www.sec.gov/Archives/edgar/data/0001640147/000122520821004635/xslF345X03/doc4.xml"}, {"form_type": "4", "filings_date": "2021-03-03", "url": "https://www.sec.gov/Archives/edgar/data/0001640147/000122520821004634/xslF345X03/doc4.xml"}, {"form_type": "4", "filings_date": "2021-03-03", "url": "https://www.sec.gov/Archives/edgar/data/0001640147/000110465921031673/xslF345X03/tm218635-1_4seq1.xml"}, {"form_type": "4", "filings_date": "2021-03-03", "url": "https://www.sec.gov/Archives/edgar/data/0001640147/000164014721000041/xslF345X03/wf-form4_161481444093374.xml"}, {"form_type": "4", "filings_date": "2021-03-03", "url": "https://www.sec.gov/Archives/edgar/data/0001640147/000164014721000040/xslF345X03/wf-form4_161481439664959.xml"}, {"form_type": "4", "filings_date": "2021-03-03", "url": "https://www.sec.gov/Archives/edgar/data/0001640147/000164014721000039/xslF345X03/wf-form4_161481436183252.xml"}, {"form_type": "4", "filings_date": "2021-03-03", "url": "https://www.sec.gov/Archives/edgar/data/0001640147/000164014721000038/xslF345X03/wf-form4_161481432848142.xml"}, {"form_type": "4", "filings_date": "2021-03-03", "url": "https://www.sec.gov/Archives/edgar/data/0001640147/000164014721000037/xslF345X03/wf-form4_161481429205898.xml"}, {"form_type": "4", "filings_date": "2021-03-03", "url": "https://www.sec.gov/Archives/edgar/data/0001640147/000164014721000036/xslF345X03/wf-form4_161481426147014.xml"}, {"form_type": "4", "filings_date": "2021-03-03", "url": "https://www.sec.gov/Archives/edgar/data/0001640147/000164014721000035/xslF345X03/wf-form4_161481423648862.xml"}, {"form_type": "4", "filings_date": "2021-03-03", "url": "https://www.sec.gov/Archives/edgar/data/0001640147/000164014721000034/xslF345X03/wf-form4_161481420363050.xml"}, {"form_type": "4", "filings_date": "2021-03-03", "url": "https://www.sec.gov/Archives/edgar/data/0001640147/000164014721000033/xslF345X03/wf-form4_161481418081117.xml"}, {"form_type": "4", "filings_date": "2021-03-03", "url": "https://www.sec.gov/Archives/edgar/data/0001640147/000164014721000032/xslF345X03/wf-form4_161481414549438.xml"}, {"form_type": "4", "filings_date": "2021-03-03", "url": "https://www.sec.gov/Archives/edgar/data/0001640147/000106299321002311/xslF345X03/form4.xml"}, {"form_type": "4", "filings_date": "2021-03-03", "url": "https://www.sec.gov/Archives/edgar/data/0001640147/000106299321002309/xslF345X03/form4.xml"}, {"form_type": "4", "filings_date": "2021-03-03", "url": "https://www.sec.gov/Archives/edgar/data/0001640147/000106299321002308/xslF345X03/form4.xml"}, {"form_type": "4", "filings_date": "2021-03-03", "url": "https://www.sec.gov/Archives/edgar/data/0001640147/000106299321002307/xslF345X03/form4.xml"}, {"form_type": "8-K", "filings_date": "2021-03-03", "url": "https://www.sec.gov/Archives/edgar/data/0001640147/000164014721000021/snow-20210301.htm"}, {"form_type": "4", "filings_date": "2021-03-02", "url": "https://www.sec.gov/Archives/edgar/data/0001640147/000164014721000016/xslF345X03/wf-form4_161472357933971.xml"}, {"form_type": "4", "filings_date": "2021-03-01", "url": "https://www.sec.gov/Archives/edgar/data/0001640147/000110465921030247/xslF345X03/tm218363-1_form4.xml"}, {"form_type": "SC 13G", "filings_date": "2021-02-16", "url": "https://www.sec.gov/Archives/edgar/data/0001640147/000119312521045204/d128911dsc13g.htm"}, {"form_type": "SC 13G/A", "filings_date": "2021-02-16", "url": "https://www.sec.gov/Archives/edgar/data/0001640147/000110465921024214/tm216477d2_sc13ga.htm"}, {"form_type": "SC 13G", "filings_date": "2021-02-16", "url": "https://www.sec.gov/Archives/edgar/data/0001640147/000164014721000014/schedule13g-cruanes2020.htm"}, {"form_type": "SC 13G", "filings_date": "2021-02-16", "url": "https://www.sec.gov/Archives/edgar/data/0001640147/000164014721000012/schedule13g-dageville2020.htm"}, {"form_type": "SC 13G", "filings_date": "2021-02-16", "url": "https://www.sec.gov/Archives/edgar/data/0001640147/000164014721000010/schedule13g-slootman2020.htm"}, {"form_type": "SC 13G", "filings_date": "2021-02-16", "url": "https://www.sec.gov/Archives/edgar/data/0001640147/000119312521044842/d137431dsc13g.htm"}, {"form_type": "SC 13G", "filings_date": "2021-02-16", "url": "https://www.sec.gov/Archives/edgar/data/0001640147/000119312521043206/d128401dsc13g.htm"}, {"form_type": "SC 13G", "filings_date": "2021-02-16", "url": "https://www.sec.gov/Archives/edgar/data/0001640147/000110465921022450/tm216706d1_sc13g.htm"}, {"form_type": "SC 13G/A", "filings_date": "2021-02-12", "url": "https://www.sec.gov/Archives/edgar/data/0001640147/000089542121000238/Snowflake.txt"}, {"form_type": "SC 13G/A", "filings_date": "2021-02-10", "url": "https://www.sec.gov/Archives/edgar/data/0001640147/000119312521036422/d103273dsc13ga.htm"}, {"form_type": "SC 13G", "filings_date": "2021-02-10", "url": "https://www.sec.gov/Archives/edgar/data/0001640147/000005341721000033/SNOW1220.txt"}, {"form_type": "SC 13G", "filings_date": "2021-02-09", "url": "https://www.sec.gov/Archives/edgar/data/0001640147/000113777421000015/snow.htm"}, {"form_type": "SC 13G", "filings_date": "2021-02-08", "url": "https://www.sec.gov/Archives/edgar/data/0001640147/000031506621000795/filing.txt"}, {"form_type": "4", "filings_date": "2021-01-11", "url": "https://www.sec.gov/Archives/edgar/data/0001640147/000110465921003088/xslF345X03/tm212829d1_4.xml"}, {"form_type": "4", "filings_date": "2021-01-11", "url": "https://www.sec.gov/Archives/edgar/data/0001640147/000089924321001312/xslF345X03/doc4.xml"}, {"form_type": "4", "filings_date": "2021-01-04", "url": "https://www.sec.gov/Archives/edgar/data/0001640147/000089924321000108/xslF345X03/doc4.xml"}, {"form_type": "4", "filings_date": "2021-01-04", "url": "https://www.sec.gov/Archives/edgar/data/0001640147/000089924321000106/xslF345X03/doc4.xml"}, {"form_type": "8-K", "filings_date": "2020-12-29", "url": "https://www.sec.gov/Archives/edgar/data/0001640147/000164014720000028/snow-20201229.htm"}, {"form_type": "4", "filings_date": "2020-12-29", "url": "https://www.sec.gov/Archives/edgar/data/0001640147/000110465920140181/xslF345X03/tm2039524d1_4.xml"}, {"form_type": "3/A", "filings_date": "2020-12-22", "url": "https://www.sec.gov/Archives/edgar/data/0001640147/000164014720000025/xslF345X02/wf-form3a_160867847568590.xml"}, {"form_type": "SC 13G", "filings_date": "2020-12-09", "url": "https://www.sec.gov/Archives/edgar/data/0001640147/000089542120000588/Snowflake.txt"}, {"form_type": "10-Q", "filings_date": "2020-12-03", "url": "https://www.sec.gov/Archives/edgar/data/0001640147/000164014720000023/snow-20201031.htm"}, {"form_type": "8-K", "filings_date": "2020-12-02", "url": "https://www.sec.gov/Archives/edgar/data/0001640147/000164014720000020/snow-20201202.htm"}, {"form_type": "40-APP/A", "filings_date": "2020-10-07", "url": "https://www.sec.gov/Archives/edgar/data/0001640147/000164014720000015/snowflake-40appa.htm"}, {"form_type": "3", "filings_date": "2020-09-28", "url": "https://www.sec.gov/Archives/edgar/data/0001640147/000120919120052220/xslF345X02/doc3.xml"}, {"form_type": "SC 13G", "filings_date": "2020-09-28", "url": "https://www.sec.gov/Archives/edgar/data/0001640147/000110465920109346/tm2031911d1_sc13g.htm"}, {"form_type": "SC 13G", "filings_date": "2020-09-28", "url": "https://www.sec.gov/Archives/edgar/data/0001640147/000119312520256669/d938207dsc13g.htm"}, {"form_type": "SC 13G", "filings_date": "2020-09-25", "url": "https://www.sec.gov/Archives/edgar/data/0001640147/000119312520254588/d800735dsc13g.htm"}, {"form_type": "3", "filings_date": "2020-09-23", "url": "https://www.sec.gov/Archives/edgar/data/0001640147/000089924320026196/xslF345X02/doc3.xml"}, {"form_type": "4", "filings_date": "2020-09-22", "url": "https://www.sec.gov/Archives/edgar/data/0001640147/000089924320025988/xslF345X03/doc4.xml"}, {"form_type": "4", "filings_date": "2020-09-22", "url": "https://www.sec.gov/Archives/edgar/data/0001640147/000089924320025987/xslF345X03/doc4.xml"}, {"form_type": "4", "filings_date": "2020-09-22", "url": "https://www.sec.gov/Archives/edgar/data/0001640147/000122520820011758/xslF345X03/doc4.xml"}, {"form_type": "4", "filings_date": "2020-09-22", "url": "https://www.sec.gov/Archives/edgar/data/0001640147/000122520820011757/xslF345X03/doc4.xml"}, {"form_type": "4", "filings_date": "2020-09-22", "url": "https://www.sec.gov/Archives/edgar/data/0001640147/000122520820011756/xslF345X03/doc4.xml"}, {"form_type": "4", "filings_date": "2020-09-22", "url": "https://www.sec.gov/Archives/edgar/data/0001640147/000122520820011755/xslF345X03/doc4.xml"}, {"form_type": "4", "filings_date": "2020-09-22", "url": "https://www.sec.gov/Archives/edgar/data/0001640147/000122520820011754/xslF345X03/doc4.xml"}, {"form_type": "4", "filings_date": "2020-09-22", "url": "https://www.sec.gov/Archives/edgar/data/0001640147/000122520820011753/xslF345X03/doc4.xml"}, {"form_type": "4", "filings_date": "2020-09-22", "url": "https://www.sec.gov/Archives/edgar/data/0001640147/000122520820011752/xslF345X03/doc4.xml"}, {"form_type": "4", "filings_date": "2020-09-22", "url": "https://www.sec.gov/Archives/edgar/data/0001640147/000122520820011751/xslF345X03/doc4.xml"}, {"form_type": "4", "filings_date": "2020-09-22", "url": "https://www.sec.gov/Archives/edgar/data/0001640147/000122520820011750/xslF345X03/doc4.xml"}, {"form_type": "4", "filings_date": "2020-09-22", "url": "https://www.sec.gov/Archives/edgar/data/0001640147/000122520820011749/xslF345X03/doc4.xml"}, {"form_type": "4", "filings_date": "2020-09-22", "url": "https://www.sec.gov/Archives/edgar/data/0001640147/000122520820011748/xslF345X03/doc4.xml"}, {"form_type": "4", "filings_date": "2020-09-22", "url": "https://www.sec.gov/Archives/edgar/data/0001640147/000122520820011747/xslF345X03/doc4.xml"}, {"form_type": "4", "filings_date": "2020-09-22", "url": "https://www.sec.gov/Archives/edgar/data/0001640147/000122520820011746/xslF345X03/doc4.xml"}, {"form_type": "4", "filings_date": "2020-09-22", "url": "https://www.sec.gov/Archives/edgar/data/0001640147/000110465920107400/xslF345X03/tm2031453d1_form4.xml"}, {"form_type": "4", "filings_date": "2020-09-21", "url": "https://www.sec.gov/Archives/edgar/data/0001640147/000089924320025874/xslF345X03/doc4.xml"}, {"form_type": "4", "filings_date": "2020-09-21", "url": "https://www.sec.gov/Archives/edgar/data/0001640147/000089924320025873/xslF345X03/doc4.xml"}, {"form_type": "4", "filings_date": "2020-09-21", "url": "https://www.sec.gov/Archives/edgar/data/0001640147/000089924320025872/xslF345X03/doc4.xml"}, {"form_type": "4", "filings_date": "2020-09-21", "url": "https://www.sec.gov/Archives/edgar/data/0001640147/000089924320025863/xslF345X03/doc4.xml"}, {"form_type": "4", "filings_date": "2020-09-21", "url": "https://www.sec.gov/Archives/edgar/data/0001640147/000162828020013806/xslF345X03/wf-form4_160073622148595.xml"}, {"form_type": "4", "filings_date": "2020-09-21", "url": "https://www.sec.gov/Archives/edgar/data/0001640147/000162828020013805/xslF345X03/wf-form4_160073619690031.xml"}, {"form_type": "4", "filings_date": "2020-09-21", "url": "https://www.sec.gov/Archives/edgar/data/0001640147/000162828020013804/xslF345X03/wf-form4_160073617401252.xml"}, {"form_type": "8-K", "filings_date": "2020-09-18", "url": "https://www.sec.gov/Archives/edgar/data/0001640147/000162828020013752/snowflake8-k.htm"}, {"form_type": "40-APP", "filings_date": "2020-09-18", "url": "https://www.sec.gov/Archives/edgar/data/0001640147/000162828020013727/snowflake-40app.htm"}, {"form_type": "424B4", "filings_date": "2020-09-16", "url": "https://www.sec.gov/Archives/edgar/data/0001640147/000162828020013667/snowflake424b4.htm"}, {"form_type": "S-8", "filings_date": "2020-09-16", "url": "https://www.sec.gov/Archives/edgar/data/0001640147/000162828020013641/snowflakes-8.htm"}, {"form_type": "EFFECT", "filings_date": "2020-09-15", "url": "https://www.sec.gov/Archives/edgar/data/0001640147/999999999520002452/xslEFFECTX01/primary_doc.xml"}, {"form_type": "3", "filings_date": "2020-09-15", "url": "https://www.sec.gov/Archives/edgar/data/0001640147/000089924320025235/xslF345X02/doc3.xml"}, {"form_type": "3", "filings_date": "2020-09-15", "url": "https://www.sec.gov/Archives/edgar/data/0001640147/000089924320025234/xslF345X02/doc3.xml"}, {"form_type": "3", "filings_date": "2020-09-15", "url": "https://www.sec.gov/Archives/edgar/data/0001640147/000089924320025231/xslF345X02/doc3.xml"}, {"form_type": "3", "filings_date": "2020-09-15", "url": "https://www.sec.gov/Archives/edgar/data/0001640147/000089924320025230/xslF345X02/doc3.xml"}, {"form_type": "3", "filings_date": "2020-09-15", "url": "https://www.sec.gov/Archives/edgar/data/0001640147/000089924320025191/xslF345X02/doc3.xml"}, {"form_type": "3", "filings_date": "2020-09-15", "url": "https://www.sec.gov/Archives/edgar/data/0001640147/000089924320025188/xslF345X02/doc3.xml"}, {"form_type": "3", "filings_date": "2020-09-15", "url": "https://www.sec.gov/Archives/edgar/data/0001640147/000110465920105371/xslF345X02/tm2030932d1_3.xml"}, {"form_type": "3", "filings_date": "2020-09-15", "url": "https://www.sec.gov/Archives/edgar/data/0001640147/000122520820011609/xslF345X02/doc3.xml"}, {"form_type": "3", "filings_date": "2020-09-15", "url": "https://www.sec.gov/Archives/edgar/data/0001640147/000122520820011608/xslF345X02/doc3.xml"}, {"form_type": "3", "filings_date": "2020-09-15", "url": "https://www.sec.gov/Archives/edgar/data/0001640147/000122520820011607/xslF345X02/doc3.xml"}, {"form_type": "3", "filings_date": "2020-09-15", "url": "https://www.sec.gov/Archives/edgar/data/0001640147/000122520820011606/xslF345X02/doc3.xml"}, {"form_type": "3", "filings_date": "2020-09-15", "url": "https://www.sec.gov/Archives/edgar/data/0001640147/000122520820011605/xslF345X02/doc3.xml"}, {"form_type": "3", "filings_date": "2020-09-15", "url": "https://www.sec.gov/Archives/edgar/data/0001640147/000122520820011604/xslF345X02/doc3.xml"}, {"form_type": "3", "filings_date": "2020-09-15", "url": "https://www.sec.gov/Archives/edgar/data/0001640147/000122520820011603/xslF345X02/doc3.xml"}, {"form_type": "3", "filings_date": "2020-09-15", "url": "https://www.sec.gov/Archives/edgar/data/0001640147/000122520820011602/xslF345X02/doc3.xml"}, {"form_type": "3", "filings_date": "2020-09-15", "url": "https://www.sec.gov/Archives/edgar/data/0001640147/000162828020013634/xslF345X02/wf-form3_160021477094821.xml"}, {"form_type": "3", "filings_date": "2020-09-15", "url": "https://www.sec.gov/Archives/edgar/data/0001640147/000162828020013633/xslF345X02/wf-form3_160021475381687.xml"}, {"form_type": "3", "filings_date": "2020-09-15", "url": "https://www.sec.gov/Archives/edgar/data/0001640147/000162828020013632/xslF345X02/wf-form3_160021473716178.xml"}, {"form_type": "3", "filings_date": "2020-09-15", "url": "https://www.sec.gov/Archives/edgar/data/0001640147/000162828020013631/xslF345X02/wf-form3_160021471963189.xml"}, {"form_type": "3", "filings_date": "2020-09-15", "url": "https://www.sec.gov/Archives/edgar/data/0001640147/000162828020013630/xslF345X02/wf-form3_160021469839752.xml"}, {"form_type": "3", "filings_date": "2020-09-15", "url": "https://www.sec.gov/Archives/edgar/data/0001640147/000162828020013629/xslF345X02/wf-form3_160021467330640.xml"}, {"form_type": "3", "filings_date": "2020-09-15", "url": "https://www.sec.gov/Archives/edgar/data/0001640147/000162828020013628/xslF345X02/wf-form3_160021465353165.xml"}, {"form_type": "3", "filings_date": "2020-09-15", "url": "https://www.sec.gov/Archives/edgar/data/0001640147/000162828020013627/xslF345X02/wf-form3_160021463461372.xml"}, {"form_type": "3", "filings_date": "2020-09-15", "url": "https://www.sec.gov/Archives/edgar/data/0001640147/000162828020013626/xslF345X02/wf-form3_160021461439708.xml"}, {"form_type": "3", "filings_date": "2020-09-15", "url": "https://www.sec.gov/Archives/edgar/data/0001640147/000162828020013625/xslF345X02/wf-form3_160021459478221.xml"}, {"form_type": "S-1/A", "filings_date": "2020-09-14", "url": "https://www.sec.gov/Archives/edgar/data/0001640147/000162828020013518/snowflakes-1a2.htm"}, {"form_type": "CORRESP", "filings_date": "2020-09-11", "url": "https://www.sec.gov/Archives/edgar/data/0001640147/000162828020013507/filename1.htm"}, {"form_type": "CORRESP", "filings_date": "2020-09-11", "url": "https://www.sec.gov/Archives/edgar/data/0001640147/000162828020013504/filename1.htm"}, {"form_type": "CERT", "filings_date": "2020-09-10", "url": "https://www.sec.gov/Archives/edgar/data/0001640147/000087666120000753/SNOW091020.pdf"}, {"form_type": "8-A12B", "filings_date": "2020-09-09", "url": "https://www.sec.gov/Archives/edgar/data/0001640147/000162828020013410/snowflake-form8xa992020.htm"}, {"form_type": "S-1/A", "filings_date": "2020-09-08", "url": "https://www.sec.gov/Archives/edgar/data/0001640147/000162828020013381/snowflakes-1a1.htm"}, {"form_type": "CORRESP", "filings_date": "2020-08-31", "url": "https://www.sec.gov/Archives/edgar/data/0001640147/000162828020013151/filename1.htm"}, {"form_type": "S-1", "filings_date": "2020-08-24", "url": "https://www.sec.gov/Archives/edgar/data/0001640147/000162828020013010/snowflakes-1.htm"}, {"form_type": "DRSLTR", "filings_date": "2020-07-17", "url": "https://www.sec.gov/Archives/edgar/data/0001640147/000162827920000139/filename1.htm"}, {"form_type": "DRS/A", "filings_date": "2020-07-17", "url": "https://www.sec.gov/Archives/edgar/data/0001640147/000162827920000137/filename1.htm"}, {"form_type": "UPLOAD", "filings_date": "2020-07-10", "url": "https://www.sec.gov/Archives/edgar/data/0001640147/000000000020006255/filename1.pdf"}, {"form_type": "DRS", "filings_date": "2020-06-15", "url": "https://www.sec.gov/Archives/edgar/data/0001640147/000162827920000112/filename1.htm"}, {"form_type": "D/A", "filings_date": "2020-05-06", "url": "https://www.sec.gov/Archives/edgar/data/0001640147/000164014720000006/xslFormDX01/primary_doc.xml"}, {"form_type": "D/A", "filings_date": "2020-05-06", "url": "https://www.sec.gov/Archives/edgar/data/0001640147/000164014720000005/xslFormDX01/primary_doc.xml"}, {"form_type": "D", "filings_date": "2020-02-26", "url": "https://www.sec.gov/Archives/edgar/data/0001640147/000164014720000004/xslFormDX01/primary_doc.xml"}, {"form_type": "D", "filings_date": "2018-10-16", "url": "https://www.sec.gov/Archives/edgar/data/0001640147/000164014718000003/xslFormDX01/primary_doc.xml"}, {"form_type": "D", "filings_date": "2018-01-25", "url": "https://www.sec.gov/Archives/edgar/data/0001640147/000164014718000002/xslFormDX01/primary_doc.xml"}, {"form_type": "D", "filings_date": "2017-04-11", "url": "https://www.sec.gov/Archives/edgar/data/0001640147/000164014717000008/xslFormDX01/primary_doc.xml"}, {"form_type": "D", "filings_date": "2017-04-11", "url": "https://www.sec.gov/Archives/edgar/data/0001640147/000164014717000007/xslFormDX01/primary_doc.xml"}, {"form_type": "D", "filings_date": "2017-04-11", "url": "https://www.sec.gov/Archives/edgar/data/0001640147/000164014717000006/xslFormDX01/primary_doc.xml"}, {"form_type": "D", "filings_date": "2017-04-11", "url": "https://www.sec.gov/Archives/edgar/data/0001640147/000164014717000005/xslFormDX01/primary_doc.xml"}, {"form_type": "D", "filings_date": "2017-04-11", "url": "https://www.sec.gov/Archives/edgar/data/0001640147/000164014717000004/xslFormDX01/primary_doc.xml"}]}