{"company": {"cik": "0001517375", "name": "Sprout Social, Inc.", "sic": "Services-Prepackaged Software", "state_incorp": "DE", "ticker": "SPT", "mailing_addr": "131 SOUTH DEARBORN STREET, CHICAGO, IL, 60603", "category": "Large accelerated filer", "fiscal_year_end": "31, December"}, "filings": [{"form_type": "4", "filings_date": "2022-03-17", "url": "https://www.sec.gov/Archives/edgar/data/0001517375/000156218022002783/xslF345X03/primarydocument.xml"}, {"form_type": "4", "filings_date": "2022-03-09", "url": "https://www.sec.gov/Archives/edgar/data/0001517375/000156218022002460/xslF345X03/primarydocument.xml"}, {"form_type": "4", "filings_date": "2022-03-07", "url": "https://www.sec.gov/Archives/edgar/data/0001517375/000156218022002402/xslF345X03/primarydocument.xml"}, {"form_type": "4", "filings_date": "2022-03-04", "url": "https://www.sec.gov/Archives/edgar/data/0001517375/000156218022002377/xslF345X03/primarydocument.xml"}, {"form_type": "4", "filings_date": "2022-03-03", "url": "https://www.sec.gov/Archives/edgar/data/0001517375/000156218022002264/xslF345X03/primarydocument.xml"}, {"form_type": "4", "filings_date": "2022-03-03", "url": "https://www.sec.gov/Archives/edgar/data/0001517375/000156218022002265/xslF345X03/primarydocument.xml"}, {"form_type": "4", "filings_date": "2022-03-03", "url": "https://www.sec.gov/Archives/edgar/data/0001517375/000156218022002262/xslF345X03/primarydocument.xml"}, {"form_type": "4", "filings_date": "2022-03-03", "url": "https://www.sec.gov/Archives/edgar/data/0001517375/000156218022002261/xslF345X03/primarydocument.xml"}, {"form_type": "4", "filings_date": "2022-03-03", "url": "https://www.sec.gov/Archives/edgar/data/0001517375/000156218022002260/xslF345X03/primarydocument.xml"}, {"form_type": "10-K", "filings_date": "2022-02-23", "url": "https://www.sec.gov/Archives/edgar/data/0001517375/000151737522000009/spt-20211231.htm"}, {"form_type": "4", "filings_date": "2022-02-22", "url": "https://www.sec.gov/Archives/edgar/data/0001517375/000156218022001690/xslF345X03/primarydocument.xml"}, {"form_type": "4", "filings_date": "2022-02-22", "url": "https://www.sec.gov/Archives/edgar/data/0001517375/000156218022001689/xslF345X03/primarydocument.xml"}, {"form_type": "4", "filings_date": "2022-02-22", "url": "https://www.sec.gov/Archives/edgar/data/0001517375/000156218022001688/xslF345X03/primarydocument.xml"}, {"form_type": "4", "filings_date": "2022-02-22", "url": "https://www.sec.gov/Archives/edgar/data/0001517375/000156218022001687/xslF345X03/primarydocument.xml"}, {"form_type": "4", "filings_date": "2022-02-22", "url": "https://www.sec.gov/Archives/edgar/data/0001517375/000156218022001686/xslF345X03/primarydocument.xml"}, {"form_type": "8-K", "filings_date": "2022-02-22", "url": "https://www.sec.gov/Archives/edgar/data/0001517375/000151737522000003/spt-20220222.htm"}, {"form_type": "4", "filings_date": "2022-02-18", "url": "https://www.sec.gov/Archives/edgar/data/0001517375/000156218022001629/xslF345X03/primarydocument.xml"}, {"form_type": "SC 13G/A", "filings_date": "2022-02-14", "url": "https://www.sec.gov/Archives/edgar/data/0001517375/000076999322000224/SPROUTSOCIAL.txt"}, {"form_type": "SC 13G", "filings_date": "2022-02-10", "url": "https://www.sec.gov/Archives/edgar/data/0001517375/000110465922018609/tv01936-sproutsocialincclass.htm"}, {"form_type": "4", "filings_date": "2022-02-09", "url": "https://www.sec.gov/Archives/edgar/data/0001517375/000156218022001259/xslF345X03/primarydocument.xml"}, {"form_type": "4", "filings_date": "2022-02-04", "url": "https://www.sec.gov/Archives/edgar/data/0001517375/000156218022001139/xslF345X03/primarydocument.xml"}, {"form_type": "SC 13G/A", "filings_date": "2022-02-04", "url": "https://www.sec.gov/Archives/edgar/data/0001517375/000167885822000228/SEC13G_Filing.htm"}, {"form_type": "SC 13G/A", "filings_date": "2022-02-03", "url": "https://www.sec.gov/Archives/edgar/data/0001517375/000083423722006345/us85209w1099_020322.txt"}, {"form_type": "SC 13G/A", "filings_date": "2022-02-03", "url": "https://www.sec.gov/Archives/edgar/data/0001517375/000179194622000003/spt-13gaxrankin2022.htm"}, {"form_type": "4", "filings_date": "2022-02-03", "url": "https://www.sec.gov/Archives/edgar/data/0001517375/000156218022001030/xslF345X03/primarydocument.xml"}, {"form_type": "4", "filings_date": "2022-01-21", "url": "https://www.sec.gov/Archives/edgar/data/0001517375/000156218022000564/xslF345X03/primarydocument.xml"}, {"form_type": "4", "filings_date": "2022-01-20", "url": "https://www.sec.gov/Archives/edgar/data/0001517375/000156218022000550/xslF345X03/primarydocument.xml"}, {"form_type": "4", "filings_date": "2022-01-19", "url": "https://www.sec.gov/Archives/edgar/data/0001517375/000156218022000497/xslF345X03/primarydocument.xml"}, {"form_type": "4", "filings_date": "2022-01-11", "url": "https://www.sec.gov/Archives/edgar/data/0001517375/000156218022000397/xslF345X03/primarydocument.xml"}, {"form_type": "4", "filings_date": "2022-01-11", "url": "https://www.sec.gov/Archives/edgar/data/0001517375/000156218022000396/xslF345X03/primarydocument.xml"}, {"form_type": "4", "filings_date": "2022-01-05", "url": "https://www.sec.gov/Archives/edgar/data/0001517375/000156218022000239/xslF345X03/primarydocument.xml"}, {"form_type": "4", "filings_date": "2022-01-05", "url": "https://www.sec.gov/Archives/edgar/data/0001517375/000156218022000237/xslF345X03/primarydocument.xml"}, {"form_type": "4", "filings_date": "2021-12-21", "url": "https://www.sec.gov/Archives/edgar/data/0001517375/000156218021007839/xslF345X03/primarydocument.xml"}, {"form_type": "4", "filings_date": "2021-12-20", "url": "https://www.sec.gov/Archives/edgar/data/0001517375/000156218021007773/xslF345X03/primarydocument.xml"}, {"form_type": "4", "filings_date": "2021-12-20", "url": "https://www.sec.gov/Archives/edgar/data/0001517375/000156218021007772/xslF345X03/primarydocument.xml"}, {"form_type": "4", "filings_date": "2021-12-14", "url": "https://www.sec.gov/Archives/edgar/data/0001517375/000156218021007693/xslF345X03/primarydocument.xml"}, {"form_type": "4", "filings_date": "2021-12-09", "url": "https://www.sec.gov/Archives/edgar/data/0001517375/000156218021007619/xslF345X03/primarydocument.xml"}, {"form_type": "4", "filings_date": "2021-12-03", "url": "https://www.sec.gov/Archives/edgar/data/0001517375/000156218021007442/xslF345X03/primarydocument.xml"}, {"form_type": "4", "filings_date": "2021-12-03", "url": "https://www.sec.gov/Archives/edgar/data/0001517375/000156218021007441/xslF345X03/primarydocument.xml"}, {"form_type": "4", "filings_date": "2021-12-02", "url": "https://www.sec.gov/Archives/edgar/data/0001517375/000156218021007403/xslF345X03/primarydocument.xml"}, {"form_type": "4", "filings_date": "2021-11-23", "url": "https://www.sec.gov/Archives/edgar/data/0001517375/000156218021007227/xslF345X03/primarydocument.xml"}, {"form_type": "4", "filings_date": "2021-11-18", "url": "https://www.sec.gov/Archives/edgar/data/0001517375/000156218021007154/xslF345X03/primarydocument.xml"}, {"form_type": "4", "filings_date": "2021-11-09", "url": "https://www.sec.gov/Archives/edgar/data/0001517375/000156218021006948/xslF345X03/primarydocument.xml"}, {"form_type": "4", "filings_date": "2021-11-09", "url": "https://www.sec.gov/Archives/edgar/data/0001517375/000156218021006947/xslF345X03/primarydocument.xml"}, {"form_type": "4", "filings_date": "2021-11-09", "url": "https://www.sec.gov/Archives/edgar/data/0001517375/000156218021006946/xslF345X03/primarydocument.xml"}, {"form_type": "10-K/A", "filings_date": "2021-11-03", "url": "https://www.sec.gov/Archives/edgar/data/0001517375/000151737521000064/spt-20201231.htm"}, {"form_type": "10-Q", "filings_date": "2021-11-03", "url": "https://www.sec.gov/Archives/edgar/data/0001517375/000151737521000062/spt-20210930.htm"}, {"form_type": "4", "filings_date": "2021-11-02", "url": "https://www.sec.gov/Archives/edgar/data/0001517375/000156218021006764/xslF345X03/primarydocument.xml"}, {"form_type": "4", "filings_date": "2021-11-02", "url": "https://www.sec.gov/Archives/edgar/data/0001517375/000156218021006763/xslF345X03/primarydocument.xml"}, {"form_type": "8-K", "filings_date": "2021-11-02", "url": "https://www.sec.gov/Archives/edgar/data/0001517375/000151737521000058/spt-20211102.htm"}, {"form_type": "4", "filings_date": "2021-10-21", "url": "https://www.sec.gov/Archives/edgar/data/0001517375/000156218021006611/xslF345X03/primarydocument.xml"}, {"form_type": "4", "filings_date": "2021-10-20", "url": "https://www.sec.gov/Archives/edgar/data/0001517375/000156218021006590/xslF345X03/primarydocument.xml"}, {"form_type": "4", "filings_date": "2021-10-13", "url": "https://www.sec.gov/Archives/edgar/data/0001517375/000156218021006450/xslF345X03/primarydocument.xml"}, {"form_type": "4", "filings_date": "2021-10-12", "url": "https://www.sec.gov/Archives/edgar/data/0001517375/000156218021006392/xslF345X03/primarydocument.xml"}, {"form_type": "4", "filings_date": "2021-10-07", "url": "https://www.sec.gov/Archives/edgar/data/0001517375/000156218021006379/xslF345X03/primarydocument.xml"}, {"form_type": "4", "filings_date": "2021-10-05", "url": "https://www.sec.gov/Archives/edgar/data/0001517375/000156218021006307/xslF345X03/primarydocument.xml"}, {"form_type": "8-K", "filings_date": "2021-10-05", "url": "https://www.sec.gov/Archives/edgar/data/0001517375/000151737521000051/spt-20211004.htm"}, {"form_type": "4", "filings_date": "2021-10-04", "url": "https://www.sec.gov/Archives/edgar/data/0001517375/000156218021006235/xslF345X03/primarydocument.xml"}, {"form_type": "8-K", "filings_date": "2021-09-22", "url": "https://www.sec.gov/Archives/edgar/data/0001517375/000151737521000046/spt-20210922.htm"}, {"form_type": "4", "filings_date": "2021-09-21", "url": "https://www.sec.gov/Archives/edgar/data/0001517375/000156218021006046/xslF345X03/primarydocument.xml"}, {"form_type": "4", "filings_date": "2021-09-20", "url": "https://www.sec.gov/Archives/edgar/data/0001517375/000156218021006020/xslF345X03/primarydocument.xml"}, {"form_type": "4", "filings_date": "2021-09-09", "url": "https://www.sec.gov/Archives/edgar/data/0001517375/000156218021005887/xslF345X03/primarydocument.xml"}, {"form_type": "4", "filings_date": "2021-09-08", "url": "https://www.sec.gov/Archives/edgar/data/0001517375/000156218021005885/xslF345X03/primarydocument.xml"}, {"form_type": "4", "filings_date": "2021-09-03", "url": "https://www.sec.gov/Archives/edgar/data/0001517375/000156218021005821/xslF345X03/primarydocument.xml"}, {"form_type": "4", "filings_date": "2021-09-03", "url": "https://www.sec.gov/Archives/edgar/data/0001517375/000156218021005820/xslF345X03/primarydocument.xml"}, {"form_type": "4", "filings_date": "2021-09-03", "url": "https://www.sec.gov/Archives/edgar/data/0001517375/000156218021005818/xslF345X03/primarydocument.xml"}, {"form_type": "4", "filings_date": "2021-09-03", "url": "https://www.sec.gov/Archives/edgar/data/0001517375/000156218021005817/xslF345X03/primarydocument.xml"}, {"form_type": "4", "filings_date": "2021-09-03", "url": "https://www.sec.gov/Archives/edgar/data/0001517375/000156218021005815/xslF345X03/primarydocument.xml"}, {"form_type": "4", "filings_date": "2021-08-23", "url": "https://www.sec.gov/Archives/edgar/data/0001517375/000156218021005523/xslF345X03/primarydocument.xml"}, {"form_type": "4", "filings_date": "2021-08-18", "url": "https://www.sec.gov/Archives/edgar/data/0001517375/000156218021005422/xslF345X03/primarydocument.xml"}, {"form_type": "4", "filings_date": "2021-08-11", "url": "https://www.sec.gov/Archives/edgar/data/0001517375/000156218021005285/xslF345X03/primarydocument.xml"}, {"form_type": "4", "filings_date": "2021-08-10", "url": "https://www.sec.gov/Archives/edgar/data/0001517375/000156218021005249/xslF345X03/primarydocument.xml"}, {"form_type": "4", "filings_date": "2021-08-05", "url": "https://www.sec.gov/Archives/edgar/data/0001517375/000156218021005194/xslF345X03/primarydocument.xml"}, {"form_type": "4", "filings_date": "2021-08-04", "url": "https://www.sec.gov/Archives/edgar/data/0001517375/000156218021005164/xslF345X03/primarydocument.xml"}, {"form_type": "10-Q", "filings_date": "2021-08-04", "url": "https://www.sec.gov/Archives/edgar/data/0001517375/000151737521000041/spt-20210630.htm"}, {"form_type": "4", "filings_date": "2021-08-03", "url": "https://www.sec.gov/Archives/edgar/data/0001517375/000156218021005130/xslF345X03/primarydocument.xml"}, {"form_type": "8-K", "filings_date": "2021-08-03", "url": "https://www.sec.gov/Archives/edgar/data/0001517375/000151737521000038/spt-20210803.htm"}, {"form_type": "4", "filings_date": "2021-07-21", "url": "https://www.sec.gov/Archives/edgar/data/0001517375/000156218021005029/xslF345X03/primarydocument.xml"}, {"form_type": "4", "filings_date": "2021-07-20", "url": "https://www.sec.gov/Archives/edgar/data/0001517375/000156218021005011/xslF345X03/primarydocument.xml"}, {"form_type": "4", "filings_date": "2021-07-15", "url": "https://www.sec.gov/Archives/edgar/data/0001517375/000156218021004953/xslF345X03/primarydocument.xml"}, {"form_type": "4", "filings_date": "2021-07-09", "url": "https://www.sec.gov/Archives/edgar/data/0001517375/000156218021004872/xslF345X03/primarydocument.xml"}, {"form_type": "4", "filings_date": "2021-07-06", "url": "https://www.sec.gov/Archives/edgar/data/0001517375/000156218021004821/xslF345X03/primarydocument.xml"}, {"form_type": "4", "filings_date": "2021-07-06", "url": "https://www.sec.gov/Archives/edgar/data/0001517375/000156218021004816/xslF345X03/primarydocument.xml"}, {"form_type": "4", "filings_date": "2021-07-06", "url": "https://www.sec.gov/Archives/edgar/data/0001517375/000156218021004815/xslF345X03/primarydocument.xml"}, {"form_type": "4", "filings_date": "2021-06-22", "url": "https://www.sec.gov/Archives/edgar/data/0001517375/000156218021004425/xslF345X03/primarydocument.xml"}, {"form_type": "3", "filings_date": "2021-06-17", "url": "https://www.sec.gov/Archives/edgar/data/0001517375/000156218021004359/xslF345X02/primarydocument.xml"}, {"form_type": "4", "filings_date": "2021-06-17", "url": "https://www.sec.gov/Archives/edgar/data/0001517375/000156218021004358/xslF345X03/primarydocument.xml"}, {"form_type": "4", "filings_date": "2021-06-17", "url": "https://www.sec.gov/Archives/edgar/data/0001517375/000156218021004357/xslF345X03/primarydocument.xml"}, {"form_type": "8-K", "filings_date": "2021-06-16", "url": "https://www.sec.gov/Archives/edgar/data/0001517375/000151737521000033/spt-20210616.htm"}, {"form_type": "4", "filings_date": "2021-06-09", "url": "https://www.sec.gov/Archives/edgar/data/0001517375/000156218021004153/xslF345X03/primarydocument.xml"}, {"form_type": "4", "filings_date": "2021-06-08", "url": "https://www.sec.gov/Archives/edgar/data/0001517375/000156218021004142/xslF345X03/primarydocument.xml"}, {"form_type": "4", "filings_date": "2021-06-03", "url": "https://www.sec.gov/Archives/edgar/data/0001517375/000156218021004021/xslF345X03/primarydocument.xml"}, {"form_type": "4", "filings_date": "2021-06-03", "url": "https://www.sec.gov/Archives/edgar/data/0001517375/000156218021004020/xslF345X03/primarydocument.xml"}, {"form_type": "4", "filings_date": "2021-06-03", "url": "https://www.sec.gov/Archives/edgar/data/0001517375/000156218021004019/xslF345X03/primarydocument.xml"}, {"form_type": "4", "filings_date": "2021-06-03", "url": "https://www.sec.gov/Archives/edgar/data/0001517375/000156218021004018/xslF345X03/primarydocument.xml"}, {"form_type": "4", "filings_date": "2021-06-02", "url": "https://www.sec.gov/Archives/edgar/data/0001517375/000156218021003948/xslF345X03/primarydocument.xml"}, {"form_type": "SC 13D/A", "filings_date": "2021-06-02", "url": "https://www.sec.gov/Archives/edgar/data/0001517375/000179181621000010/spt13da-jhmay2021newtradin.htm"}, {"form_type": "4", "filings_date": "2021-05-28", "url": "https://www.sec.gov/Archives/edgar/data/0001517375/000120919121036549/xslF345X03/doc4.xml"}, {"form_type": "4", "filings_date": "2021-05-27", "url": "https://www.sec.gov/Archives/edgar/data/0001517375/000156218021003792/xslF345X03/primarydocument.xml"}, {"form_type": "4", "filings_date": "2021-05-27", "url": "https://www.sec.gov/Archives/edgar/data/0001517375/000156218021003791/xslF345X03/primarydocument.xml"}, {"form_type": "4", "filings_date": "2021-05-27", "url": "https://www.sec.gov/Archives/edgar/data/0001517375/000156218021003790/xslF345X03/primarydocument.xml"}, {"form_type": "8-K", "filings_date": "2021-05-27", "url": "https://www.sec.gov/Archives/edgar/data/0001517375/000151737521000028/spt-20210526.htm"}, {"form_type": "4", "filings_date": "2021-05-21", "url": "https://www.sec.gov/Archives/edgar/data/0001517375/000156218021003692/xslF345X03/primarydocument.xml"}, {"form_type": "4", "filings_date": "2021-05-20", "url": "https://www.sec.gov/Archives/edgar/data/0001517375/000156218021003683/xslF345X03/primarydocument.xml"}, {"form_type": "4", "filings_date": "2021-05-20", "url": "https://www.sec.gov/Archives/edgar/data/0001517375/000120919121034438/xslF345X03/doc4.xml"}, {"form_type": "4", "filings_date": "2021-05-19", "url": "https://www.sec.gov/Archives/edgar/data/0001517375/000156218021003607/xslF345X03/primarydocument.xml"}, {"form_type": "4", "filings_date": "2021-05-11", "url": "https://www.sec.gov/Archives/edgar/data/0001517375/000156218021003394/xslF345X03/primarydocument.xml"}, {"form_type": "4", "filings_date": "2021-05-05", "url": "https://www.sec.gov/Archives/edgar/data/0001517375/000156218021003224/xslF345X03/primarydocument.xml"}, {"form_type": "10-Q", "filings_date": "2021-05-05", "url": "https://www.sec.gov/Archives/edgar/data/0001517375/000151737521000025/spt-20210331.htm"}, {"form_type": "4", "filings_date": "2021-05-04", "url": "https://www.sec.gov/Archives/edgar/data/0001517375/000156218021003165/xslF345X03/primarydocument.xml"}, {"form_type": "8-K", "filings_date": "2021-05-04", "url": "https://www.sec.gov/Archives/edgar/data/0001517375/000151737521000023/spt-20210504.htm"}, {"form_type": "4", "filings_date": "2021-04-23", "url": "https://www.sec.gov/Archives/edgar/data/0001517375/000156218021002928/xslF345X03/primarydocument.xml"}, {"form_type": "4", "filings_date": "2021-04-22", "url": "https://www.sec.gov/Archives/edgar/data/0001517375/000156218021002910/xslF345X03/primarydocument.xml"}, {"form_type": "4", "filings_date": "2021-04-20", "url": "https://www.sec.gov/Archives/edgar/data/0001517375/000156218021002887/xslF345X03/primarydocument.xml"}, {"form_type": "4", "filings_date": "2021-04-09", "url": "https://www.sec.gov/Archives/edgar/data/0001517375/000156218021002767/xslF345X03/primarydocument.xml"}, {"form_type": "DEFA14A", "filings_date": "2021-04-09", "url": "https://www.sec.gov/Archives/edgar/data/0001517375/000151737521000017/sproutsocial2021proxyaddit.htm"}, {"form_type": "DEF 14A", "filings_date": "2021-04-09", "url": "https://www.sec.gov/Archives/edgar/data/0001517375/000151737521000015/sproutsocialproxy2021.htm"}, {"form_type": "4", "filings_date": "2021-04-06", "url": "https://www.sec.gov/Archives/edgar/data/0001517375/000156218021002699/xslF345X03/primarydocument.xml"}, {"form_type": "4", "filings_date": "2021-04-02", "url": "https://www.sec.gov/Archives/edgar/data/0001517375/000156218021002558/xslF345X03/primarydocument.xml"}, {"form_type": "4", "filings_date": "2021-04-02", "url": "https://www.sec.gov/Archives/edgar/data/0001517375/000156218021002557/xslF345X03/primarydocument.xml"}, {"form_type": "4", "filings_date": "2021-03-17", "url": "https://www.sec.gov/Archives/edgar/data/0001517375/000156218021002321/xslF345X03/primarydocument.xml"}, {"form_type": "4", "filings_date": "2021-03-17", "url": "https://www.sec.gov/Archives/edgar/data/0001517375/000156218021002320/xslF345X03/primarydocument.xml"}, {"form_type": "4", "filings_date": "2021-03-17", "url": "https://www.sec.gov/Archives/edgar/data/0001517375/000156218021002294/xslF345X03/primarydocument.xml"}, {"form_type": "4", "filings_date": "2021-03-10", "url": "https://www.sec.gov/Archives/edgar/data/0001517375/000156218021002160/xslF345X03/primarydocument.xml"}, {"form_type": "4", "filings_date": "2021-03-04", "url": "https://www.sec.gov/Archives/edgar/data/0001517375/000089924321010059/xslF345X03/doc4.xml"}, {"form_type": "4", "filings_date": "2021-03-04", "url": "https://www.sec.gov/Archives/edgar/data/0001517375/000089924321010043/xslF345X03/doc4.xml"}, {"form_type": "4", "filings_date": "2021-03-03", "url": "https://www.sec.gov/Archives/edgar/data/0001517375/000156218021001917/xslF345X03/primarydocument.xml"}, {"form_type": "4", "filings_date": "2021-03-03", "url": "https://www.sec.gov/Archives/edgar/data/0001517375/000156218021001915/xslF345X03/primarydocument.xml"}, {"form_type": "4", "filings_date": "2021-03-03", "url": "https://www.sec.gov/Archives/edgar/data/0001517375/000156218021001914/xslF345X03/primarydocument.xml"}, {"form_type": "4", "filings_date": "2021-03-03", "url": "https://www.sec.gov/Archives/edgar/data/0001517375/000156218021001913/xslF345X03/primarydocument.xml"}, {"form_type": "4", "filings_date": "2021-03-02", "url": "https://www.sec.gov/Archives/edgar/data/0001517375/000156218021001824/xslF345X03/primarydocument.xml"}, {"form_type": "4", "filings_date": "2021-03-02", "url": "https://www.sec.gov/Archives/edgar/data/0001517375/000156218021001823/xslF345X03/primarydocument.xml"}, {"form_type": "4", "filings_date": "2021-02-25", "url": "https://www.sec.gov/Archives/edgar/data/0001517375/000120919121014358/xslF345X03/doc4.xml"}, {"form_type": "4", "filings_date": "2021-02-24", "url": "https://www.sec.gov/Archives/edgar/data/0001517375/000156218021001552/xslF345X03/primarydocument.xml"}, {"form_type": "4", "filings_date": "2021-02-24", "url": "https://www.sec.gov/Archives/edgar/data/0001517375/000156218021001551/xslF345X03/primarydocument.xml"}, {"form_type": "10-K", "filings_date": "2021-02-24", "url": "https://www.sec.gov/Archives/edgar/data/0001517375/000151737521000009/spt-20201231.htm"}, {"form_type": "8-K", "filings_date": "2021-02-23", "url": "https://www.sec.gov/Archives/edgar/data/0001517375/000151737521000006/spt-20210223.htm"}, {"form_type": "4", "filings_date": "2021-02-18", "url": "https://www.sec.gov/Archives/edgar/data/0001517375/000156218021001303/xslF345X03/primarydocument.xml"}, {"form_type": "4", "filings_date": "2021-02-18", "url": "https://www.sec.gov/Archives/edgar/data/0001517375/000156218021001302/xslF345X03/primarydocument.xml"}, {"form_type": "4", "filings_date": "2021-02-18", "url": "https://www.sec.gov/Archives/edgar/data/0001517375/000156218021001298/xslF345X03/primarydocument.xml"}, {"form_type": "4", "filings_date": "2021-02-18", "url": "https://www.sec.gov/Archives/edgar/data/0001517375/000156218021001297/xslF345X03/primarydocument.xml"}, {"form_type": "4", "filings_date": "2021-02-18", "url": "https://www.sec.gov/Archives/edgar/data/0001517375/000156218021001295/xslF345X03/primarydocument.xml"}, {"form_type": "SC 13G/A", "filings_date": "2021-02-16", "url": "https://www.sec.gov/Archives/edgar/data/0001517375/000076999321000158/13GSproutSocial_Final.txt"}, {"form_type": "SC 13G/A", "filings_date": "2021-02-12", "url": "https://www.sec.gov/Archives/edgar/data/0001517375/000119312521041196/d105888dsc13ga.htm"}, {"form_type": "SC 13G/A", "filings_date": "2021-02-12", "url": "https://www.sec.gov/Archives/edgar/data/0001517375/000107261321000191/nea-sch13g_18464.htm"}, {"form_type": "SC 13G/A", "filings_date": "2021-02-11", "url": "https://www.sec.gov/Archives/edgar/data/0001517375/000179194621000004/spt-13gaxrankin12312020.htm"}, {"form_type": "SC 13D/A", "filings_date": "2021-02-11", "url": "https://www.sec.gov/Archives/edgar/data/0001517375/000179181621000005/spt13da-justynhowardfebrua.htm"}, {"form_type": "4", "filings_date": "2021-02-09", "url": "https://www.sec.gov/Archives/edgar/data/0001517375/000156218021001007/xslF345X03/primarydocument.xml"}, {"form_type": "4", "filings_date": "2021-02-04", "url": "https://www.sec.gov/Archives/edgar/data/0001517375/000156218021000917/xslF345X03/primarydocument.xml"}, {"form_type": "SC 13G", "filings_date": "2021-02-04", "url": "https://www.sec.gov/Archives/edgar/data/0001517375/000090221921000176/SEC13G_Filing.htm"}, {"form_type": "4", "filings_date": "2021-02-02", "url": "https://www.sec.gov/Archives/edgar/data/0001517375/000156218021000761/xslF345X03/primarydocument.xml"}, {"form_type": "SC 13G", "filings_date": "2021-02-02", "url": "https://www.sec.gov/Archives/edgar/data/0001517375/000083423721006799/us85209w1099_020221.txt"}, {"form_type": "4", "filings_date": "2021-01-25", "url": "https://www.sec.gov/Archives/edgar/data/0001517375/000156218021000495/xslF345X03/primarydocument.xml"}, {"form_type": "4", "filings_date": "2021-01-20", "url": "https://www.sec.gov/Archives/edgar/data/0001517375/000156218021000402/xslF345X03/primarydocument.xml"}, {"form_type": "4", "filings_date": "2021-01-20", "url": "https://www.sec.gov/Archives/edgar/data/0001517375/000156218021000380/xslF345X03/primarydocument.xml"}, {"form_type": "4", "filings_date": "2021-01-13", "url": "https://www.sec.gov/Archives/edgar/data/0001517375/000089924321001879/xslF345X03/doc4.xml"}, {"form_type": "4", "filings_date": "2021-01-13", "url": "https://www.sec.gov/Archives/edgar/data/0001517375/000089924321001878/xslF345X03/doc4.xml"}, {"form_type": "4", "filings_date": "2021-01-11", "url": "https://www.sec.gov/Archives/edgar/data/0001517375/000156218021000295/xslF345X03/primarydocument.xml"}, {"form_type": "4", "filings_date": "2021-01-06", "url": "https://www.sec.gov/Archives/edgar/data/0001517375/000156218021000240/xslF345X03/primarydocument.xml"}, {"form_type": "4", "filings_date": "2021-01-06", "url": "https://www.sec.gov/Archives/edgar/data/0001517375/000156218021000239/xslF345X03/primarydocument.xml"}, {"form_type": "4", "filings_date": "2021-01-05", "url": "https://www.sec.gov/Archives/edgar/data/0001517375/000156218021000133/xslF345X03/primarydocument.xml"}, {"form_type": "4", "filings_date": "2021-01-05", "url": "https://www.sec.gov/Archives/edgar/data/0001517375/000156218021000132/xslF345X03/primarydocument.xml"}, {"form_type": "4", "filings_date": "2020-12-30", "url": "https://www.sec.gov/Archives/edgar/data/0001517375/000156218020007511/xslF345X03/primarydocument.xml"}, {"form_type": "8-K", "filings_date": "2020-12-28", "url": "https://www.sec.gov/Archives/edgar/data/0001517375/000151737520000057/spt-20201228.htm"}, {"form_type": "4", "filings_date": "2020-12-14", "url": "https://www.sec.gov/Archives/edgar/data/0001517375/000156218020007280/xslF345X03/primarydocument.xml"}, {"form_type": "4", "filings_date": "2020-12-11", "url": "https://www.sec.gov/Archives/edgar/data/0001517375/000156218020007217/xslF345X03/primarydocument.xml"}, {"form_type": "4", "filings_date": "2020-12-11", "url": "https://www.sec.gov/Archives/edgar/data/0001517375/000156218020007216/xslF345X03/primarydocument.xml"}, {"form_type": "3", "filings_date": "2020-12-11", "url": "https://www.sec.gov/Archives/edgar/data/0001517375/000156218020007215/xslF345X02/primarydocument.xml"}, {"form_type": "8-K", "filings_date": "2020-12-10", "url": "https://www.sec.gov/Archives/edgar/data/0001517375/000151737520000050/spt-20201210.htm"}, {"form_type": "4", "filings_date": "2020-12-09", "url": "https://www.sec.gov/Archives/edgar/data/0001517375/000156218020007146/xslF345X03/primarydocument.xml"}, {"form_type": "4", "filings_date": "2020-12-08", "url": "https://www.sec.gov/Archives/edgar/data/0001517375/000089924320033079/xslF345X03/doc4.xml"}, {"form_type": "4", "filings_date": "2020-12-08", "url": "https://www.sec.gov/Archives/edgar/data/0001517375/000089924320033078/xslF345X03/doc4.xml"}, {"form_type": "4/A", "filings_date": "2020-12-04", "url": "https://www.sec.gov/Archives/edgar/data/0001517375/000089924320032804/xslF345X03/doc4a.xml"}, {"form_type": "4", "filings_date": "2020-12-04", "url": "https://www.sec.gov/Archives/edgar/data/0001517375/000089924320032801/xslF345X03/doc4.xml"}, {"form_type": "4", "filings_date": "2020-12-04", "url": "https://www.sec.gov/Archives/edgar/data/0001517375/000089924320032800/xslF345X03/doc4.xml"}, {"form_type": "4", "filings_date": "2020-12-03", "url": "https://www.sec.gov/Archives/edgar/data/0001517375/000156218020007050/xslF345X03/primarydocument.xml"}, {"form_type": "4", "filings_date": "2020-12-03", "url": "https://www.sec.gov/Archives/edgar/data/0001517375/000156218020007049/xslF345X03/primarydocument.xml"}, {"form_type": "4", "filings_date": "2020-11-20", "url": "https://www.sec.gov/Archives/edgar/data/0001517375/000156218020006821/xslF345X03/primarydocument.xml"}, {"form_type": "4", "filings_date": "2020-11-18", "url": "https://www.sec.gov/Archives/edgar/data/0001517375/000156218020006789/xslF345X03/primarydocument.xml"}, {"form_type": "4", "filings_date": "2020-11-17", "url": "https://www.sec.gov/Archives/edgar/data/0001517375/000120919120058877/xslF345X03/doc4.xml"}, {"form_type": "4", "filings_date": "2020-11-17", "url": "https://www.sec.gov/Archives/edgar/data/0001517375/000120919120058875/xslF345X03/doc4.xml"}, {"form_type": "4", "filings_date": "2020-11-17", "url": "https://www.sec.gov/Archives/edgar/data/0001517375/000120919120058874/xslF345X03/doc4.xml"}, {"form_type": "4", "filings_date": "2020-11-17", "url": "https://www.sec.gov/Archives/edgar/data/0001517375/000120919120058873/xslF345X03/doc4.xml"}, {"form_type": "4", "filings_date": "2020-11-17", "url": "https://www.sec.gov/Archives/edgar/data/0001517375/000120919120058872/xslF345X03/doc4.xml"}, {"form_type": "4", "filings_date": "2020-11-17", "url": "https://www.sec.gov/Archives/edgar/data/0001517375/000120919120058871/xslF345X03/doc4.xml"}, {"form_type": "4", "filings_date": "2020-11-12", "url": "https://www.sec.gov/Archives/edgar/data/0001517375/000089924320030890/xslF345X03/doc4.xml"}, {"form_type": "4", "filings_date": "2020-11-12", "url": "https://www.sec.gov/Archives/edgar/data/0001517375/000089924320030889/xslF345X03/doc4.xml"}, {"form_type": "4", "filings_date": "2020-11-12", "url": "https://www.sec.gov/Archives/edgar/data/0001517375/000089924320030886/xslF345X03/doc4.xml"}, {"form_type": "4", "filings_date": "2020-11-10", "url": "https://www.sec.gov/Archives/edgar/data/0001517375/000156218020006662/xslF345X03/primarydocument.xml"}, {"form_type": "10-Q", "filings_date": "2020-11-10", "url": "https://www.sec.gov/Archives/edgar/data/0001517375/000151737520000047/spt-20200930.htm"}, {"form_type": "8-K", "filings_date": "2020-11-09", "url": "https://www.sec.gov/Archives/edgar/data/0001517375/000151737520000045/spt-20201109.htm"}, {"form_type": "4", "filings_date": "2020-11-04", "url": "https://www.sec.gov/Archives/edgar/data/0001517375/000156218020006559/xslF345X03/primarydocument.xml"}, {"form_type": "4", "filings_date": "2020-11-04", "url": "https://www.sec.gov/Archives/edgar/data/0001517375/000156218020006558/xslF345X03/primarydocument.xml"}, {"form_type": "4", "filings_date": "2020-11-04", "url": "https://www.sec.gov/Archives/edgar/data/0001517375/000156218020006557/xslF345X03/primarydocument.xml"}, {"form_type": "4", "filings_date": "2020-10-30", "url": "https://www.sec.gov/Archives/edgar/data/0001517375/000156218020006475/xslF345X03/primarydocument.xml"}, {"form_type": "4", "filings_date": "2020-10-13", "url": "https://www.sec.gov/Archives/edgar/data/0001517375/000156218020006350/xslF345X03/primarydocument.xml"}, {"form_type": "4", "filings_date": "2020-10-08", "url": "https://www.sec.gov/Archives/edgar/data/0001517375/000156218020006327/xslF345X03/primarydocument.xml"}, {"form_type": "4", "filings_date": "2020-10-08", "url": "https://www.sec.gov/Archives/edgar/data/0001517375/000156218020006326/xslF345X03/primarydocument.xml"}, {"form_type": "4", "filings_date": "2020-10-05", "url": "https://www.sec.gov/Archives/edgar/data/0001517375/000156218020006286/xslF345X03/primarydocument.xml"}, {"form_type": "4", "filings_date": "2020-10-05", "url": "https://www.sec.gov/Archives/edgar/data/0001517375/000156218020006285/xslF345X03/primarydocument.xml"}, {"form_type": "4", "filings_date": "2020-09-11", "url": "https://www.sec.gov/Archives/edgar/data/0001517375/000156218020005969/xslF345X03/primarydocument.xml"}, {"form_type": "4", "filings_date": "2020-09-11", "url": "https://www.sec.gov/Archives/edgar/data/0001517375/000156218020005968/xslF345X03/primarydocument.xml"}, {"form_type": "4", "filings_date": "2020-09-03", "url": "https://www.sec.gov/Archives/edgar/data/0001517375/000156218020005858/xslF345X03/primarydocument.xml"}, {"form_type": "4", "filings_date": "2020-09-03", "url": "https://www.sec.gov/Archives/edgar/data/0001517375/000156218020005857/xslF345X03/primarydocument.xml"}, {"form_type": "4", "filings_date": "2020-08-26", "url": "https://www.sec.gov/Archives/edgar/data/0001517375/000156218020005661/xslF345X03/primarydocument.xml"}, {"form_type": "4", "filings_date": "2020-08-25", "url": "https://www.sec.gov/Archives/edgar/data/0001517375/000156218020005653/xslF345X03/primarydocument.xml"}, {"form_type": "4", "filings_date": "2020-08-18", "url": "https://www.sec.gov/Archives/edgar/data/0001517375/000076999320000330/xslF345X03/ownershipdoc08172020121319.xml"}, {"form_type": "4", "filings_date": "2020-08-18", "url": "https://www.sec.gov/Archives/edgar/data/0001517375/000076999320000328/xslF345X03/ownershipdoc08172020121319.xml"}, {"form_type": "4", "filings_date": "2020-08-18", "url": "https://www.sec.gov/Archives/edgar/data/0001517375/000120919120047101/xslF345X03/doc4.xml"}, {"form_type": "4", "filings_date": "2020-08-17", "url": "https://www.sec.gov/Archives/edgar/data/0001517375/000156218020005468/xslF345X03/primarydocument.xml"}, {"form_type": "424B4", "filings_date": "2020-08-13", "url": "https://www.sec.gov/Archives/edgar/data/0001517375/000162828020012645/sproutsocial424b4.htm"}, {"form_type": "EFFECT", "filings_date": "2020-08-12", "url": "https://www.sec.gov/Archives/edgar/data/0001517375/999999999520002126/xslEFFECTX01/primary_doc.xml"}, {"form_type": "CORRESP", "filings_date": "2020-08-10", "url": "https://www.sec.gov/Archives/edgar/data/0001517375/000162828020012367/filename1.htm"}, {"form_type": "CORRESP", "filings_date": "2020-08-10", "url": "https://www.sec.gov/Archives/edgar/data/0001517375/000162828020012364/filename1.htm"}, {"form_type": "S-1", "filings_date": "2020-08-10", "url": "https://www.sec.gov/Archives/edgar/data/0001517375/000162828020012343/sprout-sx1august.htm"}, {"form_type": "10-Q", "filings_date": "2020-08-06", "url": "https://www.sec.gov/Archives/edgar/data/0001517375/000151737520000038/sproutsocial10-qq22020.htm"}, {"form_type": "4", "filings_date": "2020-08-06", "url": "https://www.sec.gov/Archives/edgar/data/0001517375/000156218020005351/xslF345X03/primarydocument.xml"}, {"form_type": "4", "filings_date": "2020-08-06", "url": "https://www.sec.gov/Archives/edgar/data/0001517375/000156218020005350/xslF345X03/primarydocument.xml"}, {"form_type": "8-K", "filings_date": "2020-08-05", "url": "https://www.sec.gov/Archives/edgar/data/0001517375/000151737520000035/spt20200805earnings8-k.htm"}, {"form_type": "SC 13D/A", "filings_date": "2020-08-04", "url": "https://www.sec.gov/Archives/edgar/data/0001517375/000179181620000005/spt13da-justynhowardaugust.htm"}, {"form_type": "UPLOAD", "filings_date": "2020-08-03", "url": "https://www.sec.gov/Archives/edgar/data/0001517375/000000000020007070/filename1.pdf"}, {"form_type": "DRS", "filings_date": "2020-07-31", "url": "https://www.sec.gov/Archives/edgar/data/0001517375/000162827920000154/filename1.htm"}, {"form_type": "4", "filings_date": "2020-07-30", "url": "https://www.sec.gov/Archives/edgar/data/0001517375/000156218020005236/xslF345X03/primarydocument.xml"}, {"form_type": "4", "filings_date": "2020-07-17", "url": "https://www.sec.gov/Archives/edgar/data/0001517375/000156218020005163/xslF345X03/primarydocument.xml"}, {"form_type": "4", "filings_date": "2020-07-10", "url": "https://www.sec.gov/Archives/edgar/data/0001517375/000156218020005097/xslF345X03/primarydocument.xml"}, {"form_type": "4", "filings_date": "2020-07-07", "url": "https://www.sec.gov/Archives/edgar/data/0001517375/000156218020005064/xslF345X03/primarydocument.xml"}, {"form_type": "4", "filings_date": "2020-07-07", "url": "https://www.sec.gov/Archives/edgar/data/0001517375/000156218020005063/xslF345X03/primarydocument.xml"}, {"form_type": "4", "filings_date": "2020-06-24", "url": "https://www.sec.gov/Archives/edgar/data/0001517375/000156218020004678/xslF345X03/primarydocument.xml"}, {"form_type": "4", "filings_date": "2020-06-18", "url": "https://www.sec.gov/Archives/edgar/data/0001517375/000156218020004601/xslF345X03/primarydocument.xml"}, {"form_type": "4", "filings_date": "2020-06-18", "url": "https://www.sec.gov/Archives/edgar/data/0001517375/000156218020004600/xslF345X03/primarydocument.xml"}, {"form_type": "4", "filings_date": "2020-06-18", "url": "https://www.sec.gov/Archives/edgar/data/0001517375/000156218020004599/xslF345X03/primarydocument.xml"}, {"form_type": "4", "filings_date": "2020-06-17", "url": "https://www.sec.gov/Archives/edgar/data/0001517375/000156218020004558/xslF345X03/primarydocument.xml"}, {"form_type": "4", "filings_date": "2020-06-04", "url": "https://www.sec.gov/Archives/edgar/data/0001517375/000156218020004299/xslF345X03/primarydocument.xml"}, {"form_type": "4", "filings_date": "2020-06-04", "url": "https://www.sec.gov/Archives/edgar/data/0001517375/000156218020004298/xslF345X03/primarydocument.xml"}, {"form_type": "4", "filings_date": "2020-06-04", "url": "https://www.sec.gov/Archives/edgar/data/0001517375/000156218020004297/xslF345X03/primarydocument.xml"}, {"form_type": "4", "filings_date": "2020-05-29", "url": "https://www.sec.gov/Archives/edgar/data/0001517375/000076999320000251/xslF345X03/ownershipdoc05262020040207.xml"}, {"form_type": "4", "filings_date": "2020-05-29", "url": "https://www.sec.gov/Archives/edgar/data/0001517375/000076999320000250/xslF345X03/ownershipdoc05262020040207.xml"}, {"form_type": "4", "filings_date": "2020-05-29", "url": "https://www.sec.gov/Archives/edgar/data/0001517375/000120919120033002/xslF345X03/doc4.xml"}, {"form_type": "4", "filings_date": "2020-05-29", "url": "https://www.sec.gov/Archives/edgar/data/0001517375/000156218020004000/xslF345X03/primarydocument.xml"}, {"form_type": "4", "filings_date": "2020-05-29", "url": "https://www.sec.gov/Archives/edgar/data/0001517375/000156218020003994/xslF345X03/primarydocument.xml"}, {"form_type": "8-K", "filings_date": "2020-05-29", "url": "https://www.sec.gov/Archives/edgar/data/0001517375/000151737520000030/spt20200528votingresul.htm"}, {"form_type": "4", "filings_date": "2020-05-26", "url": "https://www.sec.gov/Archives/edgar/data/0001517375/000156218020003929/xslF345X03/primarydocument.xml"}, {"form_type": "SC 13D/A", "filings_date": "2020-05-26", "url": "https://www.sec.gov/Archives/edgar/data/0001517375/000179181620000002/spt13d-justynhowardmay2020.htm"}, {"form_type": "4", "filings_date": "2020-05-18", "url": "https://www.sec.gov/Archives/edgar/data/0001517375/000156218020003693/xslF345X03/primarydocument.xml"}, {"form_type": "4", "filings_date": "2020-05-18", "url": "https://www.sec.gov/Archives/edgar/data/0001517375/000156218020003692/xslF345X03/primarydocument.xml"}, {"form_type": "4", "filings_date": "2020-05-18", "url": "https://www.sec.gov/Archives/edgar/data/0001517375/000156218020003691/xslF345X03/primarydocument.xml"}, {"form_type": "10-Q", "filings_date": "2020-05-07", "url": "https://www.sec.gov/Archives/edgar/data/0001517375/000151737520000026/sproutsocial10-qq12020.htm"}, {"form_type": "8-K", "filings_date": "2020-05-06", "url": "https://www.sec.gov/Archives/edgar/data/0001517375/000151737520000023/spt20200506earnings8-k.htm"}, {"form_type": "4", "filings_date": "2020-04-27", "url": "https://www.sec.gov/Archives/edgar/data/0001517375/000156218020003179/xslF345X03/primarydocument.xml"}, {"form_type": "4", "filings_date": "2020-04-17", "url": "https://www.sec.gov/Archives/edgar/data/0001517375/000156218020003049/xslF345X03/primarydocument.xml"}, {"form_type": "4", "filings_date": "2020-04-17", "url": "https://www.sec.gov/Archives/edgar/data/0001517375/000156218020003048/xslF345X03/primarydocument.xml"}, {"form_type": "4", "filings_date": "2020-04-17", "url": "https://www.sec.gov/Archives/edgar/data/0001517375/000156218020003047/xslF345X03/primarydocument.xml"}, {"form_type": "DEFA14A", "filings_date": "2020-04-16", "url": "https://www.sec.gov/Archives/edgar/data/0001517375/000151737520000018/sproutsocial2020proxyaddit.htm"}, {"form_type": "DEF 14A", "filings_date": "2020-04-16", "url": "https://www.sec.gov/Archives/edgar/data/0001517375/000151737520000015/sproutsocialproxy2020.htm"}, {"form_type": "4", "filings_date": "2020-03-25", "url": "https://www.sec.gov/Archives/edgar/data/0001517375/000156218020002691/xslF345X03/primarydocument.xml"}, {"form_type": "4/A", "filings_date": "2020-03-18", "url": "https://www.sec.gov/Archives/edgar/data/0001517375/000156218020002628/xslF345X03/primarydocument.xml"}, {"form_type": "4/A", "filings_date": "2020-03-18", "url": "https://www.sec.gov/Archives/edgar/data/0001517375/000156218020002627/xslF345X03/primarydocument.xml"}, {"form_type": "4", "filings_date": "2020-03-18", "url": "https://www.sec.gov/Archives/edgar/data/0001517375/000156218020002617/xslF345X03/primarydocument.xml"}, {"form_type": "4/A", "filings_date": "2020-03-17", "url": "https://www.sec.gov/Archives/edgar/data/0001517375/000156218020002589/xslF345X03/primarydocument.xml"}, {"form_type": "4", "filings_date": "2020-03-17", "url": "https://www.sec.gov/Archives/edgar/data/0001517375/000156218020002583/xslF345X03/primarydocument.xml"}, {"form_type": "4", "filings_date": "2020-03-17", "url": "https://www.sec.gov/Archives/edgar/data/0001517375/000156218020002582/xslF345X03/primarydocument.xml"}, {"form_type": "4", "filings_date": "2020-03-11", "url": "https://www.sec.gov/Archives/edgar/data/0001517375/000156218020002400/xslF345X03/primarydocument.xml"}, {"form_type": "4", "filings_date": "2020-03-06", "url": "https://www.sec.gov/Archives/edgar/data/0001517375/000156218020002269/xslF345X03/primarydocument.xml"}, {"form_type": "4", "filings_date": "2020-03-06", "url": "https://www.sec.gov/Archives/edgar/data/0001517375/000156218020002268/xslF345X03/primarydocument.xml"}, {"form_type": "4", "filings_date": "2020-03-06", "url": "https://www.sec.gov/Archives/edgar/data/0001517375/000156218020002267/xslF345X03/primarydocument.xml"}, {"form_type": "10-K", "filings_date": "2020-02-28", "url": "https://www.sec.gov/Archives/edgar/data/0001517375/000151737520000012/spt10-k12312019.htm"}, {"form_type": "8-K", "filings_date": "2020-02-26", "url": "https://www.sec.gov/Archives/edgar/data/0001517375/000151737520000007/sproutsocialinc8-k.htm"}, {"form_type": "8-K", "filings_date": "2020-02-25", "url": "https://www.sec.gov/Archives/edgar/data/0001517375/000151737520000002/spt8-kdelpretoempagr.htm"}, {"form_type": "4", "filings_date": "2020-02-24", "url": "https://www.sec.gov/Archives/edgar/data/0001517375/000156218020001574/xslF345X03/primarydocument.xml"}, {"form_type": "4", "filings_date": "2020-02-21", "url": "https://www.sec.gov/Archives/edgar/data/0001517375/000156218020001490/xslF345X03/primarydocument.xml"}, {"form_type": "4", "filings_date": "2020-02-21", "url": "https://www.sec.gov/Archives/edgar/data/0001517375/000156218020001489/xslF345X03/primarydocument.xml"}, {"form_type": "4", "filings_date": "2020-02-21", "url": "https://www.sec.gov/Archives/edgar/data/0001517375/000156218020001488/xslF345X03/primarydocument.xml"}, {"form_type": "4", "filings_date": "2020-02-21", "url": "https://www.sec.gov/Archives/edgar/data/0001517375/000156218020001487/xslF345X03/primarydocument.xml"}, {"form_type": "4", "filings_date": "2020-02-18", "url": "https://www.sec.gov/Archives/edgar/data/0001517375/000156218020001308/xslF345X03/primarydocument.xml"}, {"form_type": "4", "filings_date": "2020-02-18", "url": "https://www.sec.gov/Archives/edgar/data/0001517375/000156218020001307/xslF345X03/primarydocument.xml"}, {"form_type": "4", "filings_date": "2020-02-18", "url": "https://www.sec.gov/Archives/edgar/data/0001517375/000156218020001306/xslF345X03/primarydocument.xml"}, {"form_type": "SC 13G", "filings_date": "2020-02-14", "url": "https://www.sec.gov/Archives/edgar/data/0001517375/000076999320000175/13G_SproutSocial_Final.txt"}, {"form_type": "SC 13G", "filings_date": "2020-02-14", "url": "https://www.sec.gov/Archives/edgar/data/0001517375/000119312520038135/d887989dsc13g.htm"}, {"form_type": "SC 13G", "filings_date": "2020-02-13", "url": "https://www.sec.gov/Archives/edgar/data/0001517375/000107261320000088/sprout-sch13g_18374.htm"}, {"form_type": "SC 13G", "filings_date": "2020-02-11", "url": "https://www.sec.gov/Archives/edgar/data/0001517375/000119312520031297/d868103dsc13g.htm"}, {"form_type": "SC 13G", "filings_date": "2020-02-10", "url": "https://www.sec.gov/Archives/edgar/data/0001517375/000179194620000002/spt-13gxrankin2020_1132903.htm"}, {"form_type": "4", "filings_date": "2020-01-27", "url": "https://www.sec.gov/Archives/edgar/data/0001517375/000156218020000582/xslF345X03/primarydocument.xml"}, {"form_type": "4", "filings_date": "2020-01-17", "url": "https://www.sec.gov/Archives/edgar/data/0001517375/000156218020000412/xslF345X03/primarydocument.xml"}, {"form_type": "4", "filings_date": "2020-01-17", "url": "https://www.sec.gov/Archives/edgar/data/0001517375/000156218020000411/xslF345X03/primarydocument.xml"}, {"form_type": "4", "filings_date": "2020-01-17", "url": "https://www.sec.gov/Archives/edgar/data/0001517375/000156218020000410/xslF345X03/primarydocument.xml"}, {"form_type": "4", "filings_date": "2020-01-17", "url": "https://www.sec.gov/Archives/edgar/data/0001517375/000156218020000409/xslF345X03/primarydocument.xml"}, {"form_type": "4", "filings_date": "2020-01-17", "url": "https://www.sec.gov/Archives/edgar/data/0001517375/000156218020000407/xslF345X03/primarydocument.xml"}, {"form_type": "SC 13D", "filings_date": "2019-12-27", "url": "https://www.sec.gov/Archives/edgar/data/0001517375/000162828019015314/sproutsocialsc13d122719.htm"}, {"form_type": "4", "filings_date": "2019-12-26", "url": "https://www.sec.gov/Archives/edgar/data/0001517375/000162828019015302/xslF345X03/wf-form4_157739454388295.xml"}, {"form_type": "4", "filings_date": "2019-12-18", "url": "https://www.sec.gov/Archives/edgar/data/0001517375/000120919119061149/xslF345X03/doc4.xml"}, {"form_type": "4", "filings_date": "2019-12-18", "url": "https://www.sec.gov/Archives/edgar/data/0001517375/000120919119061147/xslF345X03/doc4.xml"}, {"form_type": "4", "filings_date": "2019-12-18", "url": "https://www.sec.gov/Archives/edgar/data/0001517375/000162828019015203/xslF345X03/wf-form4_157670373299379.xml"}, {"form_type": "4", "filings_date": "2019-12-18", "url": "https://www.sec.gov/Archives/edgar/data/0001517375/000162828019015202/xslF345X03/wf-form4_157670371023549.xml"}, {"form_type": "4", "filings_date": "2019-12-18", "url": "https://www.sec.gov/Archives/edgar/data/0001517375/000162828019015201/xslF345X03/wf-form4_157670368358662.xml"}, {"form_type": "4", "filings_date": "2019-12-18", "url": "https://www.sec.gov/Archives/edgar/data/0001517375/000162828019015200/xslF345X03/wf-form4_157670366217973.xml"}, {"form_type": "8-K", "filings_date": "2019-12-17", "url": "https://www.sec.gov/Archives/edgar/data/0001517375/000162828019015150/sproutsocial8k121719.htm"}, {"form_type": "S-8", "filings_date": "2019-12-17", "url": "https://www.sec.gov/Archives/edgar/data/0001517375/000162828019015148/sproutsocials-8.htm"}, {"form_type": "424B4", "filings_date": "2019-12-13", "url": "https://www.sec.gov/Archives/edgar/data/0001517375/000162828019015085/sproutsocial424b4.htm"}, {"form_type": "EFFECT", "filings_date": "2019-12-12", "url": "https://www.sec.gov/Archives/edgar/data/0001517375/999999999519002794/xslEFFECTX01/primary_doc.xml"}, {"form_type": "3", "filings_date": "2019-12-12", "url": "https://www.sec.gov/Archives/edgar/data/0001517375/000076999319000589/xslF345X02/ownershipdoc12102019012031.xml"}, {"form_type": "3", "filings_date": "2019-12-12", "url": "https://www.sec.gov/Archives/edgar/data/0001517375/000076999319000588/xslF345X02/ownershipdoc12102019012031.xml"}, {"form_type": "3", "filings_date": "2019-12-12", "url": "https://www.sec.gov/Archives/edgar/data/0001517375/000120919119060297/xslF345X02/doc3.xml"}, {"form_type": "3", "filings_date": "2019-12-12", "url": "https://www.sec.gov/Archives/edgar/data/0001517375/000120919119060296/xslF345X02/doc3.xml"}, {"form_type": "3", "filings_date": "2019-12-12", "url": "https://www.sec.gov/Archives/edgar/data/0001517375/000101297519000789/xslF345X02/edgar.xml"}, {"form_type": "3", "filings_date": "2019-12-12", "url": "https://www.sec.gov/Archives/edgar/data/0001517375/000162828019015040/xslF345X02/wf-form3_157620133605056.xml"}, {"form_type": "3", "filings_date": "2019-12-12", "url": "https://www.sec.gov/Archives/edgar/data/0001517375/000162828019015039/xslF345X02/wf-form3_157620130996294.xml"}, {"form_type": "3", "filings_date": "2019-12-12", "url": "https://www.sec.gov/Archives/edgar/data/0001517375/000162828019015038/xslF345X02/wf-form3_157620128485460.xml"}, {"form_type": "3", "filings_date": "2019-12-12", "url": "https://www.sec.gov/Archives/edgar/data/0001517375/000162828019015037/xslF345X02/wf-form3_157620126204578.xml"}, {"form_type": "3", "filings_date": "2019-12-12", "url": "https://www.sec.gov/Archives/edgar/data/0001517375/000162828019015036/xslF345X02/wf-form3_157620124006242.xml"}, {"form_type": "3", "filings_date": "2019-12-12", "url": "https://www.sec.gov/Archives/edgar/data/0001517375/000162828019015035/xslF345X02/wf-form3_157620121298959.xml"}, {"form_type": "3", "filings_date": "2019-12-12", "url": "https://www.sec.gov/Archives/edgar/data/0001517375/000162828019015034/xslF345X02/wf-form3_157620118947317.xml"}, {"form_type": "3", "filings_date": "2019-12-12", "url": "https://www.sec.gov/Archives/edgar/data/0001517375/000089924319029097/xslF345X02/doc3.xml"}, {"form_type": "CERT", "filings_date": "2019-12-12", "url": "https://www.sec.gov/Archives/edgar/data/0001517375/000135445719000649/8A_Cert_SPT.pdf"}, {"form_type": "CORRESP", "filings_date": "2019-12-10", "url": "https://www.sec.gov/Archives/edgar/data/0001517375/000162828019014906/filename1.htm"}, {"form_type": "CORRESP", "filings_date": "2019-12-10", "url": "https://www.sec.gov/Archives/edgar/data/0001517375/000162828019014905/filename1.htm"}, {"form_type": "8-A12B", "filings_date": "2019-12-09", "url": "https://www.sec.gov/Archives/edgar/data/0001517375/000162828019014863/sproutsocial8-a12919.htm"}, {"form_type": "FWP", "filings_date": "2019-12-06", "url": "https://www.sec.gov/Archives/edgar/data/0001517375/000162828019014837/sproutsocialfreewritingpro.htm"}, {"form_type": "CORRESP", "filings_date": "2019-12-06", "url": "https://www.sec.gov/Archives/edgar/data/0001517375/000162828019014828/filename1.htm"}, {"form_type": "S-1/A", "filings_date": "2019-12-06", "url": "https://www.sec.gov/Archives/edgar/data/0001517375/000162828019014826/sproutsocials-1a2.htm"}, {"form_type": "UPLOAD", "filings_date": "2019-12-04", "url": "https://www.sec.gov/Archives/edgar/data/0001517375/000000000019016114/filename1.pdf"}, {"form_type": "SEC STAFF LETTER", "filings_date": "2019-12-02", "url": "https://www.sec.gov/Archives/edgar/data/0001517375/999999999719007747/filename1.pdf"}, {"form_type": "CORRESP", "filings_date": "2019-12-02", "url": "https://www.sec.gov/Archives/edgar/data/0001517375/000162828019014617/filename1.htm"}, {"form_type": "S-1/A", "filings_date": "2019-12-02", "url": "https://www.sec.gov/Archives/edgar/data/0001517375/000162828019014615/sproutsocials-1a.htm"}, {"form_type": "UPLOAD", "filings_date": "2019-11-12", "url": "https://www.sec.gov/Archives/edgar/data/0001517375/000000000019015447/filename1.pdf"}, {"form_type": "CORRESP", "filings_date": "2019-11-06", "url": "https://www.sec.gov/Archives/edgar/data/0001517375/000162828019013555/filename1.htm"}, {"form_type": "UPLOAD", "filings_date": "2019-11-06", "url": "https://www.sec.gov/Archives/edgar/data/0001517375/000000000019015211/filename1.pdf"}, {"form_type": "SEC STAFF LETTER", "filings_date": "2019-11-05", "url": "https://www.sec.gov/Archives/edgar/data/0001517375/999999999719007452/filename1.pdf"}, {"form_type": "CORRESP", "filings_date": "2019-10-25", "url": "https://www.sec.gov/Archives/edgar/data/0001517375/000162828019012568/filename1.htm"}, {"form_type": "S-1", "filings_date": "2019-10-25", "url": "https://www.sec.gov/Archives/edgar/data/0001517375/000162828019012563/sproutsocials-1.htm"}, {"form_type": "UPLOAD", "filings_date": "2019-10-21", "url": "https://www.sec.gov/Archives/edgar/data/0001517375/000000000019014738/filename1.pdf"}, {"form_type": "DRSLTR", "filings_date": "2019-10-16", "url": "https://www.sec.gov/Archives/edgar/data/0001517375/000162827919000331/filename1.htm"}, {"form_type": "DRS/A", "filings_date": "2019-10-16", "url": "https://www.sec.gov/Archives/edgar/data/0001517375/000162827919000329/filename1.htm"}, {"form_type": "UPLOAD", "filings_date": "2019-10-10", "url": "https://www.sec.gov/Archives/edgar/data/0001517375/000000000019014489/filename1.pdf"}, {"form_type": "DRS/A", "filings_date": "2019-10-03", "url": "https://www.sec.gov/Archives/edgar/data/0001517375/000162827919000323/filename1.htm"}, {"form_type": "DRSLTR", "filings_date": "2019-10-02", "url": "https://www.sec.gov/Archives/edgar/data/0001517375/000162827919000325/filename1.htm"}, {"form_type": "UPLOAD", "filings_date": "2019-09-18", "url": "https://www.sec.gov/Archives/edgar/data/0001517375/000000000019013718/filename1.pdf"}, {"form_type": "DRSLTR", "filings_date": "2019-09-03", "url": "https://www.sec.gov/Archives/edgar/data/0001517375/000162827919000302/filename1.htm"}, {"form_type": "DRS/A", "filings_date": "2019-09-03", "url": "https://www.sec.gov/Archives/edgar/data/0001517375/000162827919000300/filename1.htm"}, {"form_type": "UPLOAD", "filings_date": "2019-08-16", "url": "https://www.sec.gov/Archives/edgar/data/0001517375/000000000019012574/filename1.pdf"}, {"form_type": "DRSLTR", "filings_date": "2019-08-01", "url": "https://www.sec.gov/Archives/edgar/data/0001517375/000162827919000284/filename1.htm"}, {"form_type": "DRS/A", "filings_date": "2019-08-01", "url": "https://www.sec.gov/Archives/edgar/data/0001517375/000162827919000282/filename1.htm"}, {"form_type": "UPLOAD", "filings_date": "2019-07-10", "url": "https://www.sec.gov/Archives/edgar/data/0001517375/000000000019010928/filename1.pdf"}, {"form_type": "DRSLTR", "filings_date": "2019-06-13", "url": "https://www.sec.gov/Archives/edgar/data/0001517375/000162827919000221/filename1.htm"}, {"form_type": "DRS", "filings_date": "2019-06-13", "url": "https://www.sec.gov/Archives/edgar/data/0001517375/000162827919000220/filename1.htm"}, {"form_type": "D", "filings_date": "2018-12-20", "url": "https://www.sec.gov/Archives/edgar/data/0001517375/000151737518000001/xslFormDX01/primary_doc.xml"}]}