{"company": {"cik": "0001092699", "name": "SPS COMMERCE INC", "sic": "Services-Prepackaged Software", "state_incorp": "DE", "ticker": "SPSC", "mailing_addr": "333 SOUTH SEVENTH STREET, MINNEAPOLIS, MN, 55402", "category": "Large accelerated filer", "fiscal_year_end": "31, December"}, "filings": [{"form_type": "4", "filings_date": "2022-03-15", "url": "https://www.sec.gov/Archives/edgar/data/0001092699/000120919122018814/xslF345X03/doc4.xml"}, {"form_type": "4", "filings_date": "2022-03-03", "url": "https://www.sec.gov/Archives/edgar/data/0001092699/000120919122015818/xslF345X03/doc4.xml"}, {"form_type": "4", "filings_date": "2022-03-03", "url": "https://www.sec.gov/Archives/edgar/data/0001092699/000120919122015798/xslF345X03/doc4.xml"}, {"form_type": "4", "filings_date": "2022-03-02", "url": "https://www.sec.gov/Archives/edgar/data/0001092699/000120919122014948/xslF345X03/doc4.xml"}, {"form_type": "4", "filings_date": "2022-02-28", "url": "https://www.sec.gov/Archives/edgar/data/0001092699/000120919122013562/xslF345X03/doc4.xml"}, {"form_type": "4", "filings_date": "2022-02-28", "url": "https://www.sec.gov/Archives/edgar/data/0001092699/000120919122013556/xslF345X03/doc4.xml"}, {"form_type": "4", "filings_date": "2022-02-24", "url": "https://www.sec.gov/Archives/edgar/data/0001092699/000120919122012683/xslF345X03/doc4.xml"}, {"form_type": "10-K", "filings_date": "2022-02-22", "url": "https://www.sec.gov/Archives/edgar/data/0001092699/000156459022005952/spsc-10k_20211231.htm"}, {"form_type": "4", "filings_date": "2022-02-18", "url": "https://www.sec.gov/Archives/edgar/data/0001092699/000120919122011217/xslF345X03/doc4.xml"}, {"form_type": "4", "filings_date": "2022-02-18", "url": "https://www.sec.gov/Archives/edgar/data/0001092699/000120919122011214/xslF345X03/doc4.xml"}, {"form_type": "4", "filings_date": "2022-02-18", "url": "https://www.sec.gov/Archives/edgar/data/0001092699/000120919122011213/xslF345X03/doc4.xml"}, {"form_type": "SC 13G", "filings_date": "2022-02-11", "url": "https://www.sec.gov/Archives/edgar/data/0001092699/000156761922003603/doc1.htm"}, {"form_type": "SC 13G/A", "filings_date": "2022-02-10", "url": "https://www.sec.gov/Archives/edgar/data/0001092699/000110465922018611/tv01938-spscommerceinc.htm"}, {"form_type": "8-K", "filings_date": "2022-02-09", "url": "https://www.sec.gov/Archives/edgar/data/0001092699/000117184322000898/f8k_020922.htm"}, {"form_type": "4", "filings_date": "2022-01-28", "url": "https://www.sec.gov/Archives/edgar/data/0001092699/000120919122005397/xslF345X03/doc4.xml"}, {"form_type": "4", "filings_date": "2022-01-28", "url": "https://www.sec.gov/Archives/edgar/data/0001092699/000120919122005389/xslF345X03/doc4.xml"}, {"form_type": "4", "filings_date": "2022-01-28", "url": "https://www.sec.gov/Archives/edgar/data/0001092699/000120919122005379/xslF345X03/doc4.xml"}, {"form_type": "SC 13G/A", "filings_date": "2022-01-28", "url": "https://www.sec.gov/Archives/edgar/data/0001092699/000083423722003191/us78463m1071_012822.txt"}, {"form_type": "SC 13G/A", "filings_date": "2022-01-10", "url": "https://www.sec.gov/Archives/edgar/data/0001092699/000108514622000079/spsca1_11022.htm"}, {"form_type": "8-K", "filings_date": "2022-01-06", "url": "https://www.sec.gov/Archives/edgar/data/0001092699/000119312522003531/d271160d8k.htm"}, {"form_type": "4", "filings_date": "2021-11-22", "url": "https://www.sec.gov/Archives/edgar/data/0001092699/000120919121066091/xslF345X03/doc4.xml"}, {"form_type": "4", "filings_date": "2021-11-18", "url": "https://www.sec.gov/Archives/edgar/data/0001092699/000120919121065468/xslF345X03/doc4.xml"}, {"form_type": "4", "filings_date": "2021-11-12", "url": "https://www.sec.gov/Archives/edgar/data/0001092699/000120919121064335/xslF345X03/doc4.xml"}, {"form_type": "4", "filings_date": "2021-11-05", "url": "https://www.sec.gov/Archives/edgar/data/0001092699/000120919121063134/xslF345X03/doc4.xml"}, {"form_type": "10-Q", "filings_date": "2021-10-28", "url": "https://www.sec.gov/Archives/edgar/data/0001092699/000156459021052660/spsc-10q_20210930.htm"}, {"form_type": "8-K", "filings_date": "2021-10-28", "url": "https://www.sec.gov/Archives/edgar/data/0001092699/000117184321007274/f8k_102821.htm"}, {"form_type": "4", "filings_date": "2021-08-25", "url": "https://www.sec.gov/Archives/edgar/data/0001092699/000120919121053308/xslF345X03/doc4.xml"}, {"form_type": "4", "filings_date": "2021-08-16", "url": "https://www.sec.gov/Archives/edgar/data/0001092699/000120919121051629/xslF345X03/doc4.xml"}, {"form_type": "4", "filings_date": "2021-08-10", "url": "https://www.sec.gov/Archives/edgar/data/0001092699/000120919121050617/xslF345X03/doc4.xml"}, {"form_type": "4", "filings_date": "2021-08-05", "url": "https://www.sec.gov/Archives/edgar/data/0001092699/000120919121049949/xslF345X03/doc4.xml"}, {"form_type": "10-Q", "filings_date": "2021-07-29", "url": "https://www.sec.gov/Archives/edgar/data/0001092699/000156459021039148/spsc-10q_20210630.htm"}, {"form_type": "8-K", "filings_date": "2021-07-29", "url": "https://www.sec.gov/Archives/edgar/data/0001092699/000117184321005290/f8k_072921.htm"}, {"form_type": "11-K", "filings_date": "2021-06-11", "url": "https://www.sec.gov/Archives/edgar/data/0001092699/000156459021032655/spsc-11k_20201231.htm"}, {"form_type": "4/A", "filings_date": "2021-05-25", "url": "https://www.sec.gov/Archives/edgar/data/0001092699/000120919121035834/xslF345X03/doc4a.xml"}, {"form_type": "4/A", "filings_date": "2021-05-25", "url": "https://www.sec.gov/Archives/edgar/data/0001092699/000120919121035832/xslF345X03/doc4a.xml"}, {"form_type": "4/A", "filings_date": "2021-05-25", "url": "https://www.sec.gov/Archives/edgar/data/0001092699/000120919121035830/xslF345X03/doc4a.xml"}, {"form_type": "4/A", "filings_date": "2021-05-25", "url": "https://www.sec.gov/Archives/edgar/data/0001092699/000120919121035828/xslF345X03/doc4a.xml"}, {"form_type": "4/A", "filings_date": "2021-05-25", "url": "https://www.sec.gov/Archives/edgar/data/0001092699/000120919121035825/xslF345X03/doc4a.xml"}, {"form_type": "4/A", "filings_date": "2021-05-25", "url": "https://www.sec.gov/Archives/edgar/data/0001092699/000120919121035824/xslF345X03/doc4a.xml"}, {"form_type": "8-K", "filings_date": "2021-05-24", "url": "https://www.sec.gov/Archives/edgar/data/0001092699/000119312521170837/d279527d8k.htm"}, {"form_type": "4", "filings_date": "2021-05-21", "url": "https://www.sec.gov/Archives/edgar/data/0001092699/000120919121034938/xslF345X03/doc4.xml"}, {"form_type": "4", "filings_date": "2021-05-21", "url": "https://www.sec.gov/Archives/edgar/data/0001092699/000120919121034933/xslF345X03/doc4.xml"}, {"form_type": "4", "filings_date": "2021-05-21", "url": "https://www.sec.gov/Archives/edgar/data/0001092699/000120919121034920/xslF345X03/doc4.xml"}, {"form_type": "4", "filings_date": "2021-05-21", "url": "https://www.sec.gov/Archives/edgar/data/0001092699/000120919121034916/xslF345X03/doc4.xml"}, {"form_type": "4", "filings_date": "2021-05-21", "url": "https://www.sec.gov/Archives/edgar/data/0001092699/000120919121034903/xslF345X03/doc4.xml"}, {"form_type": "4", "filings_date": "2021-05-21", "url": "https://www.sec.gov/Archives/edgar/data/0001092699/000120919121034900/xslF345X03/doc4.xml"}, {"form_type": "10-Q", "filings_date": "2021-04-29", "url": "https://www.sec.gov/Archives/edgar/data/0001092699/000156459021021965/spsc-10q_20210331.htm"}, {"form_type": "8-K", "filings_date": "2021-04-29", "url": "https://www.sec.gov/Archives/edgar/data/0001092699/000117184321002949/f8k_042921.htm"}, {"form_type": "DEFA14A", "filings_date": "2021-04-07", "url": "https://www.sec.gov/Archives/edgar/data/0001092699/000156459021018008/spsc-defa14a_20201231.htm"}, {"form_type": "DEF 14A", "filings_date": "2021-04-07", "url": "https://www.sec.gov/Archives/edgar/data/0001092699/000156459021018005/spsc-def14a_20201231.htm"}, {"form_type": "4", "filings_date": "2021-03-15", "url": "https://www.sec.gov/Archives/edgar/data/0001092699/000120919121020448/xslF345X03/doc4.xml"}, {"form_type": "4", "filings_date": "2021-03-03", "url": "https://www.sec.gov/Archives/edgar/data/0001092699/000120919121017190/xslF345X03/doc4.xml"}, {"form_type": "4", "filings_date": "2021-03-02", "url": "https://www.sec.gov/Archives/edgar/data/0001092699/000120919121015872/xslF345X03/doc4.xml"}, {"form_type": "4", "filings_date": "2021-02-26", "url": "https://www.sec.gov/Archives/edgar/data/0001092699/000120919121014727/xslF345X03/doc4.xml"}, {"form_type": "4", "filings_date": "2021-02-26", "url": "https://www.sec.gov/Archives/edgar/data/0001092699/000120919121014706/xslF345X03/doc4.xml"}, {"form_type": "4", "filings_date": "2021-02-23", "url": "https://www.sec.gov/Archives/edgar/data/0001092699/000120919121013333/xslF345X03/doc4.xml"}, {"form_type": "4", "filings_date": "2021-02-23", "url": "https://www.sec.gov/Archives/edgar/data/0001092699/000120919121013313/xslF345X03/doc4.xml"}, {"form_type": "4", "filings_date": "2021-02-23", "url": "https://www.sec.gov/Archives/edgar/data/0001092699/000120919121013310/xslF345X03/doc4.xml"}, {"form_type": "4", "filings_date": "2021-02-23", "url": "https://www.sec.gov/Archives/edgar/data/0001092699/000120919121013303/xslF345X03/doc4.xml"}, {"form_type": "10-K", "filings_date": "2021-02-23", "url": "https://www.sec.gov/Archives/edgar/data/0001092699/000156459021007614/spsc-10k_20201231.htm"}, {"form_type": "4", "filings_date": "2021-02-22", "url": "https://www.sec.gov/Archives/edgar/data/0001092699/000120919121012680/xslF345X03/doc4.xml"}, {"form_type": "4", "filings_date": "2021-02-19", "url": "https://www.sec.gov/Archives/edgar/data/0001092699/000120919121012370/xslF345X03/doc4.xml"}, {"form_type": "8-K", "filings_date": "2021-02-11", "url": "https://www.sec.gov/Archives/edgar/data/0001092699/000117184321000975/f8k_021121.htm"}, {"form_type": "SC 13G/A", "filings_date": "2021-02-10", "url": "https://www.sec.gov/Archives/edgar/data/0001092699/000110465921019127/tv01873-spscommerceinc.htm"}, {"form_type": "4", "filings_date": "2021-01-29", "url": "https://www.sec.gov/Archives/edgar/data/0001092699/000120919121006132/xslF345X03/doc4.xml"}, {"form_type": "4", "filings_date": "2021-01-29", "url": "https://www.sec.gov/Archives/edgar/data/0001092699/000120919121006130/xslF345X03/doc4.xml"}, {"form_type": "4", "filings_date": "2021-01-29", "url": "https://www.sec.gov/Archives/edgar/data/0001092699/000120919121006129/xslF345X03/doc4.xml"}, {"form_type": "SC 13G", "filings_date": "2021-01-25", "url": "https://www.sec.gov/Archives/edgar/data/0001092699/000083423721000619/us78463m1071_012521.txt"}, {"form_type": "SC 13G", "filings_date": "2021-01-06", "url": "https://www.sec.gov/Archives/edgar/data/0001092699/000108514621000016/spsc_10621.htm"}, {"form_type": "8-K", "filings_date": "2020-12-17", "url": "https://www.sec.gov/Archives/edgar/data/0001092699/000119312520319557/d45407d8k.htm"}, {"form_type": "4", "filings_date": "2020-11-20", "url": "https://www.sec.gov/Archives/edgar/data/0001092699/000120919120059678/xslF345X03/doc4.xml"}, {"form_type": "3", "filings_date": "2020-11-13", "url": "https://www.sec.gov/Archives/edgar/data/0001092699/000120919120058327/xslF345X02/doc3.xml"}, {"form_type": "8-K", "filings_date": "2020-11-06", "url": "https://www.sec.gov/Archives/edgar/data/0001092699/000119312520287983/d33578d8k.htm"}, {"form_type": "4", "filings_date": "2020-11-05", "url": "https://www.sec.gov/Archives/edgar/data/0001092699/000120919120057202/xslF345X03/doc4.xml"}, {"form_type": "4", "filings_date": "2020-11-05", "url": "https://www.sec.gov/Archives/edgar/data/0001092699/000120919120057153/xslF345X03/doc4.xml"}, {"form_type": "4", "filings_date": "2020-11-04", "url": "https://www.sec.gov/Archives/edgar/data/0001092699/000120919120056892/xslF345X03/doc4.xml"}, {"form_type": "10-Q", "filings_date": "2020-10-28", "url": "https://www.sec.gov/Archives/edgar/data/0001092699/000156459020048340/spsc-10q_20200930.htm"}, {"form_type": "8-K", "filings_date": "2020-10-28", "url": "https://www.sec.gov/Archives/edgar/data/0001092699/000117184320007310/f8k_102820.htm"}, {"form_type": "SC 13G/A", "filings_date": "2020-10-13", "url": "https://www.sec.gov/Archives/edgar/data/0001092699/000110465920114320/tv0006-spscommerceinc.htm"}, {"form_type": "4", "filings_date": "2020-08-06", "url": "https://www.sec.gov/Archives/edgar/data/0001092699/000120919120045518/xslF345X03/doc4.xml"}, {"form_type": "4", "filings_date": "2020-08-05", "url": "https://www.sec.gov/Archives/edgar/data/0001092699/000120919120045225/xslF345X03/doc4.xml"}, {"form_type": "4", "filings_date": "2020-08-05", "url": "https://www.sec.gov/Archives/edgar/data/0001092699/000120919120045221/xslF345X03/doc4.xml"}, {"form_type": "4", "filings_date": "2020-08-05", "url": "https://www.sec.gov/Archives/edgar/data/0001092699/000120919120045220/xslF345X03/doc4.xml"}, {"form_type": "10-Q", "filings_date": "2020-07-30", "url": "https://www.sec.gov/Archives/edgar/data/0001092699/000156459020034914/spsc-10q_20200630.htm"}, {"form_type": "8-K", "filings_date": "2020-07-30", "url": "https://www.sec.gov/Archives/edgar/data/0001092699/000117184320005413/f8k_073020.htm"}, {"form_type": "4", "filings_date": "2020-07-29", "url": "https://www.sec.gov/Archives/edgar/data/0001092699/000120919120043946/xslF345X03/doc4.xml"}, {"form_type": "11-K", "filings_date": "2020-06-19", "url": "https://www.sec.gov/Archives/edgar/data/0001092699/000156459020029967/spsc-11k_20191231.htm"}, {"form_type": "4", "filings_date": "2020-06-03", "url": "https://www.sec.gov/Archives/edgar/data/0001092699/000120919120034077/xslF345X03/doc4.xml"}, {"form_type": "4", "filings_date": "2020-05-28", "url": "https://www.sec.gov/Archives/edgar/data/0001092699/000120919120032668/xslF345X03/doc4.xml"}, {"form_type": "4", "filings_date": "2020-05-28", "url": "https://www.sec.gov/Archives/edgar/data/0001092699/000120919120032663/xslF345X03/doc4.xml"}, {"form_type": "4", "filings_date": "2020-05-22", "url": "https://www.sec.gov/Archives/edgar/data/0001092699/000120919120031739/xslF345X03/doc4.xml"}, {"form_type": "4/A", "filings_date": "2020-05-22", "url": "https://www.sec.gov/Archives/edgar/data/0001092699/000120919120031691/xslF345X03/doc4a.xml"}, {"form_type": "8-K", "filings_date": "2020-05-21", "url": "https://www.sec.gov/Archives/edgar/data/0001092699/000119312520148645/d833455d8k.htm"}, {"form_type": "4", "filings_date": "2020-05-20", "url": "https://www.sec.gov/Archives/edgar/data/0001092699/000120919120031027/xslF345X03/doc4.xml"}, {"form_type": "4", "filings_date": "2020-05-20", "url": "https://www.sec.gov/Archives/edgar/data/0001092699/000120919120030934/xslF345X03/doc4.xml"}, {"form_type": "4", "filings_date": "2020-05-20", "url": "https://www.sec.gov/Archives/edgar/data/0001092699/000120919120030928/xslF345X03/doc4.xml"}, {"form_type": "4", "filings_date": "2020-05-20", "url": "https://www.sec.gov/Archives/edgar/data/0001092699/000120919120030926/xslF345X03/doc4.xml"}, {"form_type": "4", "filings_date": "2020-05-20", "url": "https://www.sec.gov/Archives/edgar/data/0001092699/000120919120030922/xslF345X03/doc4.xml"}, {"form_type": "4", "filings_date": "2020-05-20", "url": "https://www.sec.gov/Archives/edgar/data/0001092699/000120919120030918/xslF345X03/doc4.xml"}, {"form_type": "4", "filings_date": "2020-05-20", "url": "https://www.sec.gov/Archives/edgar/data/0001092699/000120919120030914/xslF345X03/doc4.xml"}, {"form_type": "4", "filings_date": "2020-05-11", "url": "https://www.sec.gov/Archives/edgar/data/0001092699/000120919120028398/xslF345X03/doc4.xml"}, {"form_type": "4", "filings_date": "2020-05-11", "url": "https://www.sec.gov/Archives/edgar/data/0001092699/000120919120028396/xslF345X03/doc4.xml"}, {"form_type": "4", "filings_date": "2020-05-08", "url": "https://www.sec.gov/Archives/edgar/data/0001092699/000120919120028053/xslF345X03/doc4.xml"}, {"form_type": "DEFA14A", "filings_date": "2020-05-07", "url": "https://www.sec.gov/Archives/edgar/data/0001092699/000119312520136293/d929703ddefa14a.htm"}, {"form_type": "10-Q", "filings_date": "2020-04-30", "url": "https://www.sec.gov/Archives/edgar/data/0001092699/000156459020020182/spsc-10q_20200331.htm"}, {"form_type": "8-K", "filings_date": "2020-04-30", "url": "https://www.sec.gov/Archives/edgar/data/0001092699/000117184320003130/f8k_043020.htm"}, {"form_type": "DEFR14A", "filings_date": "2020-04-13", "url": "https://www.sec.gov/Archives/edgar/data/0001092699/000119312520105331/d909905ddefr14a.htm"}, {"form_type": "DEFA14A", "filings_date": "2020-04-06", "url": "https://www.sec.gov/Archives/edgar/data/0001092699/000156459020015507/spsc-defa14a_20200521.htm"}, {"form_type": "DEF 14A", "filings_date": "2020-04-06", "url": "https://www.sec.gov/Archives/edgar/data/0001092699/000156459020015502/spsc-def14a_20200518.htm"}, {"form_type": "PRE 14A", "filings_date": "2020-03-27", "url": "https://www.sec.gov/Archives/edgar/data/0001092699/000156459020013612/spsc-pre14a_20200521.htm"}, {"form_type": "4", "filings_date": "2020-03-05", "url": "https://www.sec.gov/Archives/edgar/data/0001092699/000120919120016740/xslF345X03/doc4.xml"}, {"form_type": "S-8", "filings_date": "2020-02-27", "url": "https://www.sec.gov/Archives/edgar/data/0001092699/000119312520050292/d885491ds8.htm"}, {"form_type": "10-K", "filings_date": "2020-02-25", "url": "https://www.sec.gov/Archives/edgar/data/0001092699/000156459020006450/spsc-10k_20191231.htm"}, {"form_type": "4", "filings_date": "2020-02-24", "url": "https://www.sec.gov/Archives/edgar/data/0001092699/000120919120011973/xslF345X03/doc4.xml"}, {"form_type": "4", "filings_date": "2020-02-21", "url": "https://www.sec.gov/Archives/edgar/data/0001092699/000120919120011743/xslF345X03/doc4.xml"}, {"form_type": "4", "filings_date": "2020-02-21", "url": "https://www.sec.gov/Archives/edgar/data/0001092699/000120919120011741/xslF345X03/doc4.xml"}, {"form_type": "4", "filings_date": "2020-02-20", "url": "https://www.sec.gov/Archives/edgar/data/0001092699/000120919120011319/xslF345X03/doc4.xml"}, {"form_type": "4", "filings_date": "2020-02-18", "url": "https://www.sec.gov/Archives/edgar/data/0001092699/000120919120010411/xslF345X03/doc4.xml"}, {"form_type": "4", "filings_date": "2020-02-18", "url": "https://www.sec.gov/Archives/edgar/data/0001092699/000120919120010410/xslF345X03/doc4.xml"}, {"form_type": "8-K", "filings_date": "2020-02-18", "url": "https://www.sec.gov/Archives/edgar/data/0001092699/000119312520040291/d890301d8k.htm"}, {"form_type": "8-K", "filings_date": "2020-02-13", "url": "https://www.sec.gov/Archives/edgar/data/0001092699/000117184320000967/f8k_021320.htm"}, {"form_type": "SC 13G/A", "filings_date": "2020-02-12", "url": "https://www.sec.gov/Archives/edgar/data/0001092699/000110465920018574/tv01818-spscommerceinc.htm"}, {"form_type": "4", "filings_date": "2020-02-07", "url": "https://www.sec.gov/Archives/edgar/data/0001092699/000120919120007543/xslF345X03/doc4.xml"}, {"form_type": "SC 13G/A", "filings_date": "2020-02-04", "url": "https://www.sec.gov/Archives/edgar/data/0001092699/000083423720002734/us78463m1071_020320.txt"}, {"form_type": "4", "filings_date": "2020-01-15", "url": "https://www.sec.gov/Archives/edgar/data/0001092699/000120919120003503/xslF345X03/doc4.xml"}, {"form_type": "4", "filings_date": "2019-12-05", "url": "https://www.sec.gov/Archives/edgar/data/0001092699/000120919119059330/xslF345X03/doc4.xml"}, {"form_type": "4", "filings_date": "2019-11-27", "url": "https://www.sec.gov/Archives/edgar/data/0001092699/000120919119058371/xslF345X03/doc4.xml"}, {"form_type": "10-Q", "filings_date": "2019-10-25", "url": "https://www.sec.gov/Archives/edgar/data/0001092699/000156459019037910/spsc-10q_20190930.htm"}, {"form_type": "8-K", "filings_date": "2019-10-24", "url": "https://www.sec.gov/Archives/edgar/data/0001092699/000117184319006802/f8k_102419.htm"}, {"form_type": "4", "filings_date": "2019-08-02", "url": "https://www.sec.gov/Archives/edgar/data/0001092699/000120919119044272/xslF345X03/doc4.xml"}, {"form_type": "4", "filings_date": "2019-08-01", "url": "https://www.sec.gov/Archives/edgar/data/0001092699/000120919119044046/xslF345X03/doc4.xml"}, {"form_type": "4", "filings_date": "2019-07-30", "url": "https://www.sec.gov/Archives/edgar/data/0001092699/000120919119043775/xslF345X03/doc4.xml"}, {"form_type": "4", "filings_date": "2019-07-30", "url": "https://www.sec.gov/Archives/edgar/data/0001092699/000120919119043773/xslF345X03/doc4.xml"}, {"form_type": "10-Q", "filings_date": "2019-07-26", "url": "https://www.sec.gov/Archives/edgar/data/0001092699/000156459019026357/spsc-10q_20190630.htm"}, {"form_type": "8-K", "filings_date": "2019-07-25", "url": "https://www.sec.gov/Archives/edgar/data/0001092699/000117184319004883/f8k_072519.htm"}, {"form_type": "11-K/A", "filings_date": "2019-07-02", "url": "https://www.sec.gov/Archives/edgar/data/0001092699/000156459019024268/spsc-11ka_20181231.htm"}, {"form_type": "11-K", "filings_date": "2019-06-28", "url": "https://www.sec.gov/Archives/edgar/data/0001092699/000156459019024058/spsc-11k_20181231.htm"}, {"form_type": "4", "filings_date": "2019-06-24", "url": "https://www.sec.gov/Archives/edgar/data/0001092699/000120919119038843/xslF345X03/doc4.xml"}, {"form_type": "4", "filings_date": "2019-06-24", "url": "https://www.sec.gov/Archives/edgar/data/0001092699/000120919119038842/xslF345X03/doc4.xml"}, {"form_type": "4", "filings_date": "2019-06-12", "url": "https://www.sec.gov/Archives/edgar/data/0001092699/000120919119036399/xslF345X03/doc4.xml"}, {"form_type": "4", "filings_date": "2019-06-12", "url": "https://www.sec.gov/Archives/edgar/data/0001092699/000120919119036394/xslF345X03/doc4.xml"}, {"form_type": "4", "filings_date": "2019-06-06", "url": "https://www.sec.gov/Archives/edgar/data/0001092699/000120919119035119/xslF345X03/doc4.xml"}, {"form_type": "8-K", "filings_date": "2019-05-17", "url": "https://www.sec.gov/Archives/edgar/data/0001092699/000119312519150522/d725465d8k.htm"}, {"form_type": "4", "filings_date": "2019-05-16", "url": "https://www.sec.gov/Archives/edgar/data/0001092699/000120919119030500/xslF345X03/doc4.xml"}, {"form_type": "4", "filings_date": "2019-05-16", "url": "https://www.sec.gov/Archives/edgar/data/0001092699/000120919119030498/xslF345X03/doc4.xml"}, {"form_type": "4", "filings_date": "2019-05-16", "url": "https://www.sec.gov/Archives/edgar/data/0001092699/000120919119030497/xslF345X03/doc4.xml"}, {"form_type": "4", "filings_date": "2019-05-16", "url": "https://www.sec.gov/Archives/edgar/data/0001092699/000120919119030495/xslF345X03/doc4.xml"}, {"form_type": "4", "filings_date": "2019-05-16", "url": "https://www.sec.gov/Archives/edgar/data/0001092699/000120919119030493/xslF345X03/doc4.xml"}, {"form_type": "4", "filings_date": "2019-05-16", "url": "https://www.sec.gov/Archives/edgar/data/0001092699/000120919119030490/xslF345X03/doc4.xml"}, {"form_type": "4", "filings_date": "2019-05-02", "url": "https://www.sec.gov/Archives/edgar/data/0001092699/000120919119027076/xslF345X03/doc4.xml"}, {"form_type": "4", "filings_date": "2019-05-02", "url": "https://www.sec.gov/Archives/edgar/data/0001092699/000120919119027072/xslF345X03/doc4.xml"}, {"form_type": "4", "filings_date": "2019-05-02", "url": "https://www.sec.gov/Archives/edgar/data/0001092699/000120919119027071/xslF345X03/doc4.xml"}, {"form_type": "10-Q", "filings_date": "2019-04-26", "url": "https://www.sec.gov/Archives/edgar/data/0001092699/000156459019013342/spsc-10q_20190331.htm"}, {"form_type": "8-K", "filings_date": "2019-04-25", "url": "https://www.sec.gov/Archives/edgar/data/0001092699/000117184319002643/f8k_042519.htm"}, {"form_type": "DEFA14A", "filings_date": "2019-04-01", "url": "https://www.sec.gov/Archives/edgar/data/0001092699/000119312519094618/d725094ddefa14a.htm"}, {"form_type": "DEF 14A", "filings_date": "2019-04-01", "url": "https://www.sec.gov/Archives/edgar/data/0001092699/000119312519094610/d725094ddef14a.htm"}, {"form_type": "10-K/A", "filings_date": "2019-03-15", "url": "https://www.sec.gov/Archives/edgar/data/0001092699/000156459019008020/spsc-10ka_20181231.htm"}, {"form_type": "4", "filings_date": "2019-03-01", "url": "https://www.sec.gov/Archives/edgar/data/0001092699/000120919119014955/xslF345X03/doc4.xml"}, {"form_type": "4/A", "filings_date": "2019-02-26", "url": "https://www.sec.gov/Archives/edgar/data/0001092699/000120919119013668/xslF345X03/doc4a.xml"}, {"form_type": "4/A", "filings_date": "2019-02-26", "url": "https://www.sec.gov/Archives/edgar/data/0001092699/000120919119013667/xslF345X03/doc4a.xml"}, {"form_type": "4/A", "filings_date": "2019-02-26", "url": "https://www.sec.gov/Archives/edgar/data/0001092699/000120919119013666/xslF345X03/doc4a.xml"}, {"form_type": "S-8", "filings_date": "2019-02-25", "url": "https://www.sec.gov/Archives/edgar/data/0001092699/000119312519049826/d711923ds8.htm"}, {"form_type": "10-K", "filings_date": "2019-02-22", "url": "https://www.sec.gov/Archives/edgar/data/0001092699/000156459019003903/spsc-10k_20181231.htm"}, {"form_type": "4", "filings_date": "2019-02-21", "url": "https://www.sec.gov/Archives/edgar/data/0001092699/000120919119012108/xslF345X03/doc4.xml"}, {"form_type": "4", "filings_date": "2019-02-21", "url": "https://www.sec.gov/Archives/edgar/data/0001092699/000120919119012105/xslF345X03/doc4.xml"}, {"form_type": "4", "filings_date": "2019-02-21", "url": "https://www.sec.gov/Archives/edgar/data/0001092699/000120919119012098/xslF345X03/doc4.xml"}, {"form_type": "4", "filings_date": "2019-02-20", "url": "https://www.sec.gov/Archives/edgar/data/0001092699/000120919119011827/xslF345X03/doc4.xml"}, {"form_type": "4", "filings_date": "2019-02-19", "url": "https://www.sec.gov/Archives/edgar/data/0001092699/000120919119011367/xslF345X03/doc4.xml"}, {"form_type": "4", "filings_date": "2019-02-15", "url": "https://www.sec.gov/Archives/edgar/data/0001092699/000120919119010655/xslF345X03/doc4.xml"}, {"form_type": "4", "filings_date": "2019-02-14", "url": "https://www.sec.gov/Archives/edgar/data/0001092699/000120919119010435/xslF345X03/doc4.xml"}, {"form_type": "SC 13G/A", "filings_date": "2019-02-14", "url": "https://www.sec.gov/Archives/edgar/data/0001092699/000091957419001426/d8189913_13ga.htm"}, {"form_type": "SC 13G/A", "filings_date": "2019-02-14", "url": "https://www.sec.gov/Archives/edgar/data/0001092699/000142284919000119/edgspsc.txt"}, {"form_type": "8-K", "filings_date": "2019-02-12", "url": "https://www.sec.gov/Archives/edgar/data/0001092699/000117184319000856/f8k_021219.htm"}, {"form_type": "SC 13G/A", "filings_date": "2019-02-11", "url": "https://www.sec.gov/Archives/edgar/data/0001092699/000093247119005463/spscommerceinc.htm"}, {"form_type": "SC 13G/A", "filings_date": "2019-01-31", "url": "https://www.sec.gov/Archives/edgar/data/0001092699/000021545719002742/us78463m1071_013119.txt"}, {"form_type": "4", "filings_date": "2018-11-09", "url": "https://www.sec.gov/Archives/edgar/data/0001092699/000120919118057993/xslF345X03/doc4.xml"}, {"form_type": "4", "filings_date": "2018-11-09", "url": "https://www.sec.gov/Archives/edgar/data/0001092699/000120919118057987/xslF345X03/doc4.xml"}, {"form_type": "4", "filings_date": "2018-11-06", "url": "https://www.sec.gov/Archives/edgar/data/0001092699/000120919118057473/xslF345X03/doc4.xml"}, {"form_type": "10-Q", "filings_date": "2018-10-26", "url": "https://www.sec.gov/Archives/edgar/data/0001092699/000156459018025262/spsc-10q_20180930.htm"}, {"form_type": "8-K", "filings_date": "2018-10-25", "url": "https://www.sec.gov/Archives/edgar/data/0001092699/000117184318007241/f8k_102518.htm"}, {"form_type": "4", "filings_date": "2018-09-17", "url": "https://www.sec.gov/Archives/edgar/data/0001092699/000120919118051272/xslF345X03/doc4.xml"}, {"form_type": "4", "filings_date": "2018-08-17", "url": "https://www.sec.gov/Archives/edgar/data/0001092699/000120919118047386/xslF345X03/doc4.xml"}, {"form_type": "4", "filings_date": "2018-08-09", "url": "https://www.sec.gov/Archives/edgar/data/0001092699/000120919118046070/xslF345X03/doc4.xml"}, {"form_type": "4", "filings_date": "2018-08-08", "url": "https://www.sec.gov/Archives/edgar/data/0001092699/000120919118045893/xslF345X03/doc4.xml"}, {"form_type": "4", "filings_date": "2018-08-03", "url": "https://www.sec.gov/Archives/edgar/data/0001092699/000120919118045311/xslF345X03/doc4.xml"}, {"form_type": "4", "filings_date": "2018-08-02", "url": "https://www.sec.gov/Archives/edgar/data/0001092699/000120919118045069/xslF345X03/doc4.xml"}, {"form_type": "4", "filings_date": "2018-08-02", "url": "https://www.sec.gov/Archives/edgar/data/0001092699/000120919118045060/xslF345X03/doc4.xml"}, {"form_type": "4/A", "filings_date": "2018-08-02", "url": "https://www.sec.gov/Archives/edgar/data/0001092699/000120919118045043/xslF345X03/doc4a.xml"}, {"form_type": "10-Q", "filings_date": "2018-07-27", "url": "https://www.sec.gov/Archives/edgar/data/0001092699/000156459018017749/spsc-10q_20180630.htm"}, {"form_type": "8-K", "filings_date": "2018-07-26", "url": "https://www.sec.gov/Archives/edgar/data/0001092699/000117184318005441/f8k_072618.htm"}, {"form_type": "4", "filings_date": "2018-06-04", "url": "https://www.sec.gov/Archives/edgar/data/0001092699/000120919118035364/xslF345X03/doc4.xml"}, {"form_type": "4", "filings_date": "2018-06-04", "url": "https://www.sec.gov/Archives/edgar/data/0001092699/000120919118035293/xslF345X03/doc4.xml"}, {"form_type": "4", "filings_date": "2018-06-04", "url": "https://www.sec.gov/Archives/edgar/data/0001092699/000120919118035286/xslF345X03/doc4.xml"}, {"form_type": "4", "filings_date": "2018-06-04", "url": "https://www.sec.gov/Archives/edgar/data/0001092699/000120919118035276/xslF345X03/doc4.xml"}, {"form_type": "4", "filings_date": "2018-06-04", "url": "https://www.sec.gov/Archives/edgar/data/0001092699/000120919118035274/xslF345X03/doc4.xml"}, {"form_type": "4", "filings_date": "2018-06-04", "url": "https://www.sec.gov/Archives/edgar/data/0001092699/000120919118035268/xslF345X03/doc4.xml"}, {"form_type": "4", "filings_date": "2018-06-04", "url": "https://www.sec.gov/Archives/edgar/data/0001092699/000120919118035262/xslF345X03/doc4.xml"}, {"form_type": "4", "filings_date": "2018-06-04", "url": "https://www.sec.gov/Archives/edgar/data/0001092699/000120919118035260/xslF345X03/doc4.xml"}, {"form_type": "8-K", "filings_date": "2018-05-31", "url": "https://www.sec.gov/Archives/edgar/data/0001092699/000119312518180333/d558661d8k.htm"}, {"form_type": "4", "filings_date": "2018-05-07", "url": "https://www.sec.gov/Archives/edgar/data/0001092699/000120919118028380/xslF345X03/doc4.xml"}, {"form_type": "4", "filings_date": "2018-05-07", "url": "https://www.sec.gov/Archives/edgar/data/0001092699/000120919118028377/xslF345X03/doc4.xml"}, {"form_type": "4", "filings_date": "2018-05-07", "url": "https://www.sec.gov/Archives/edgar/data/0001092699/000120919118028368/xslF345X03/doc4.xml"}, {"form_type": "4", "filings_date": "2018-05-07", "url": "https://www.sec.gov/Archives/edgar/data/0001092699/000120919118028363/xslF345X03/doc4.xml"}, {"form_type": "4", "filings_date": "2018-05-04", "url": "https://www.sec.gov/Archives/edgar/data/0001092699/000120919118028149/xslF345X03/doc4.xml"}, {"form_type": "4", "filings_date": "2018-05-04", "url": "https://www.sec.gov/Archives/edgar/data/0001092699/000120919118028146/xslF345X03/doc4.xml"}, {"form_type": "10-Q", "filings_date": "2018-05-04", "url": "https://www.sec.gov/Archives/edgar/data/0001092699/000156459018010984/spsc-10q_20180331.htm"}, {"form_type": "8-K", "filings_date": "2018-04-26", "url": "https://www.sec.gov/Archives/edgar/data/0001092699/000117184318003104/f8k_042618.htm"}, {"form_type": "4", "filings_date": "2018-04-19", "url": "https://www.sec.gov/Archives/edgar/data/0001092699/000120919118025621/xslF345X03/doc4.xml"}, {"form_type": "DEFA14A", "filings_date": "2018-04-13", "url": "https://www.sec.gov/Archives/edgar/data/0001092699/000119312518116951/d566777ddefa14a.htm"}, {"form_type": "DEF 14A", "filings_date": "2018-04-13", "url": "https://www.sec.gov/Archives/edgar/data/0001092699/000119312518116942/d566777ddef14a.htm"}, {"form_type": "3", "filings_date": "2018-03-23", "url": "https://www.sec.gov/Archives/edgar/data/0001092699/000120919118021577/xslF345X02/doc3.xml"}, {"form_type": "3", "filings_date": "2018-03-23", "url": "https://www.sec.gov/Archives/edgar/data/0001092699/000120919118021575/xslF345X02/doc3.xml"}, {"form_type": "3", "filings_date": "2018-03-23", "url": "https://www.sec.gov/Archives/edgar/data/0001092699/000120919118021573/xslF345X02/doc3.xml"}, {"form_type": "8-K", "filings_date": "2018-03-16", "url": "https://www.sec.gov/Archives/edgar/data/0001092699/000119312518085894/d490663d8k.htm"}, {"form_type": "10-K", "filings_date": "2018-02-26", "url": "https://www.sec.gov/Archives/edgar/data/0001092699/000156459018003249/spsc-10k_20171231.htm"}, {"form_type": "4", "filings_date": "2018-02-16", "url": "https://www.sec.gov/Archives/edgar/data/0001092699/000120919118010922/xslF345X03/doc4.xml"}, {"form_type": "4", "filings_date": "2018-02-16", "url": "https://www.sec.gov/Archives/edgar/data/0001092699/000120919118010919/xslF345X03/doc4.xml"}, {"form_type": "4", "filings_date": "2018-02-16", "url": "https://www.sec.gov/Archives/edgar/data/0001092699/000120919118010913/xslF345X03/doc4.xml"}, {"form_type": "SC 13G/A", "filings_date": "2018-02-15", "url": "https://www.sec.gov/Archives/edgar/data/0001092699/000091957418001856/d7821376_13g-a.htm"}, {"form_type": "SC 13G", "filings_date": "2018-02-14", "url": "https://www.sec.gov/Archives/edgar/data/0001092699/000142284918000115/edgspsc.txt"}, {"form_type": "SC 13G", "filings_date": "2018-02-09", "url": "https://www.sec.gov/Archives/edgar/data/0001092699/000093247118003816/spscommerceinc.htm"}, {"form_type": "8-K", "filings_date": "2018-02-07", "url": "https://www.sec.gov/Archives/edgar/data/0001092699/000119312518034816/d525819d8k.htm"}, {"form_type": "8-K", "filings_date": "2018-02-06", "url": "https://www.sec.gov/Archives/edgar/data/0001092699/000117184318000917/f8k_020618.htm"}, {"form_type": "SC 13G/A", "filings_date": "2018-02-06", "url": "https://www.sec.gov/Archives/edgar/data/0001092699/000081229518000019/spsc2102018.txt"}, {"form_type": "SC 13G/A", "filings_date": "2018-01-19", "url": "https://www.sec.gov/Archives/edgar/data/0001092699/000021545718001658/us78463m1071_011718.txt"}, {"form_type": "S-8", "filings_date": "2018-01-05", "url": "https://www.sec.gov/Archives/edgar/data/0001092699/000119312518004471/d514772ds8.htm"}, {"form_type": "S-8", "filings_date": "2018-01-05", "url": "https://www.sec.gov/Archives/edgar/data/0001092699/000119312518004466/d486632ds8.htm"}, {"form_type": "8-K", "filings_date": "2017-11-17", "url": "https://www.sec.gov/Archives/edgar/data/0001092699/000119312517347093/d493658d8k.htm"}, {"form_type": "8-K", "filings_date": "2017-11-02", "url": "https://www.sec.gov/Archives/edgar/data/0001092699/000117184317006569/f8k_110217.htm"}, {"form_type": "10-Q", "filings_date": "2017-10-27", "url": "https://www.sec.gov/Archives/edgar/data/0001092699/000156459017020287/spsc-10q_20170930.htm"}, {"form_type": "8-K", "filings_date": "2017-10-26", "url": "https://www.sec.gov/Archives/edgar/data/0001092699/000117184317006333/f8k_102617.htm"}, {"form_type": "8-K", "filings_date": "2017-10-17", "url": "https://www.sec.gov/Archives/edgar/data/0001092699/000119312517311896/d430310d8k.htm"}, {"form_type": "4", "filings_date": "2017-08-31", "url": "https://www.sec.gov/Archives/edgar/data/0001092699/000120919117050925/xslF345X03/doc4.xml"}, {"form_type": "10-Q", "filings_date": "2017-07-28", "url": "https://www.sec.gov/Archives/edgar/data/0001092699/000119312517240456/d415812d10q.htm"}, {"form_type": "8-K", "filings_date": "2017-07-27", "url": "https://www.sec.gov/Archives/edgar/data/0001092699/000117184317004403/f8k_072717.htm"}, {"form_type": "4", "filings_date": "2017-06-05", "url": "https://www.sec.gov/Archives/edgar/data/0001092699/000120919117037812/xslF345X03/doc4.xml"}, {"form_type": "4", "filings_date": "2017-05-25", "url": "https://www.sec.gov/Archives/edgar/data/0001092699/000120919117035513/xslF345X03/doc4.xml"}, {"form_type": "4", "filings_date": "2017-05-25", "url": "https://www.sec.gov/Archives/edgar/data/0001092699/000120919117035509/xslF345X03/doc4.xml"}, {"form_type": "4", "filings_date": "2017-05-25", "url": "https://www.sec.gov/Archives/edgar/data/0001092699/000120919117035506/xslF345X03/doc4.xml"}, {"form_type": "4", "filings_date": "2017-05-25", "url": "https://www.sec.gov/Archives/edgar/data/0001092699/000120919117035504/xslF345X03/doc4.xml"}, {"form_type": "4", "filings_date": "2017-05-25", "url": "https://www.sec.gov/Archives/edgar/data/0001092699/000120919117035500/xslF345X03/doc4.xml"}, {"form_type": "4", "filings_date": "2017-05-25", "url": "https://www.sec.gov/Archives/edgar/data/0001092699/000120919117035496/xslF345X03/doc4.xml"}, {"form_type": "8-K", "filings_date": "2017-05-23", "url": "https://www.sec.gov/Archives/edgar/data/0001092699/000119312517179808/d399769d8k.htm"}, {"form_type": "10-Q", "filings_date": "2017-04-28", "url": "https://www.sec.gov/Archives/edgar/data/0001092699/000119312517148118/d370860d10q.htm"}, {"form_type": "8-K", "filings_date": "2017-04-27", "url": "https://www.sec.gov/Archives/edgar/data/0001092699/000117184317002377/f8k_042717.htm"}, {"form_type": "DEFA14A", "filings_date": "2017-03-31", "url": "https://www.sec.gov/Archives/edgar/data/0001092699/000119312517106713/d336543ddefa14a.htm"}, {"form_type": "DEF 14A", "filings_date": "2017-03-31", "url": "https://www.sec.gov/Archives/edgar/data/0001092699/000119312517106692/d336543ddef14a.htm"}, {"form_type": "4", "filings_date": "2017-03-03", "url": "https://www.sec.gov/Archives/edgar/data/0001092699/000120919117017934/xslF345X03/doc4.xml"}, {"form_type": "S-8", "filings_date": "2017-02-27", "url": "https://www.sec.gov/Archives/edgar/data/0001092699/000119312517059319/d348209ds8.htm"}, {"form_type": "10-K", "filings_date": "2017-02-27", "url": "https://www.sec.gov/Archives/edgar/data/0001092699/000119312517059313/d282145d10k.htm"}, {"form_type": "4", "filings_date": "2017-02-15", "url": "https://www.sec.gov/Archives/edgar/data/0001092699/000120919117011157/xslF345X03/doc4.xml"}, {"form_type": "4", "filings_date": "2017-02-15", "url": "https://www.sec.gov/Archives/edgar/data/0001092699/000120919117011155/xslF345X03/doc4.xml"}, {"form_type": "8-K", "filings_date": "2017-02-15", "url": "https://www.sec.gov/Archives/edgar/data/0001092699/000119312517045225/d348307d8k.htm"}, {"form_type": "4", "filings_date": "2017-02-14", "url": "https://www.sec.gov/Archives/edgar/data/0001092699/000120919117010882/xslF345X03/doc4.xml"}, {"form_type": "SC 13G", "filings_date": "2017-02-13", "url": "https://www.sec.gov/Archives/edgar/data/0001092699/000081229517000097/spsc2102017.txt"}, {"form_type": "SC 13G/A", "filings_date": "2017-02-10", "url": "https://www.sec.gov/Archives/edgar/data/0001092699/000119312517037376/d342129dsc13ga.htm"}, {"form_type": "4", "filings_date": "2017-02-09", "url": "https://www.sec.gov/Archives/edgar/data/0001092699/000120919117009180/xslF345X03/doc4.xml"}, {"form_type": "4", "filings_date": "2017-02-09", "url": "https://www.sec.gov/Archives/edgar/data/0001092699/000120919117009174/xslF345X03/doc4.xml"}, {"form_type": "4", "filings_date": "2017-02-08", "url": "https://www.sec.gov/Archives/edgar/data/0001092699/000120919117008758/xslF345X03/doc4.xml"}, {"form_type": "8-K", "filings_date": "2017-02-07", "url": "https://www.sec.gov/Archives/edgar/data/0001092699/000117184317000721/f8k_020717.htm"}, {"form_type": "SC 13G/A", "filings_date": "2017-02-07", "url": "https://www.sec.gov/Archives/edgar/data/0001092699/000008025517001187/spsc13gadec16.txt"}, {"form_type": "4", "filings_date": "2017-02-03", "url": "https://www.sec.gov/Archives/edgar/data/0001092699/000120919117007759/xslF345X03/doc4.xml"}, {"form_type": "SC 13G", "filings_date": "2017-01-17", "url": "https://www.sec.gov/Archives/edgar/data/0001092699/000091957417000566/d7394945_sc13g.htm"}, {"form_type": "SC 13G/A", "filings_date": "2017-01-17", "url": "https://www.sec.gov/Archives/edgar/data/0001092699/000021545717000895/sps.commerce.inc.txt"}, {"form_type": "4", "filings_date": "2017-01-05", "url": "https://www.sec.gov/Archives/edgar/data/0001092699/000120919117002252/xslF345X03/doc4.xml"}]}