{"company": {"cik": "0001402436", "name": "SS&C Technologies Holdings Inc", "sic": "Services-Prepackaged Software", "state_incorp": "DE", "ticker": "SSNC", "mailing_addr": "80 LAMBERTON RD, WINDSOR, CT, 06095", "category": "Large accelerated filer", "fiscal_year_end": "31, December"}, "filings": [{"form_type": "10-K", "filings_date": "2022-02-25", "url": "https://www.sec.gov/Archives/edgar/data/0001402436/000095017022002107/ssnc-20211231.htm"}, {"form_type": "SC 13G", "filings_date": "2022-02-14", "url": "https://www.sec.gov/Archives/edgar/data/0001402436/000089914022000257/i021122a.htm"}, {"form_type": "SC 13G/A", "filings_date": "2022-02-10", "url": "https://www.sec.gov/Archives/edgar/data/0001402436/000127417322000053/ssnc2102022.txt"}, {"form_type": "8-K", "filings_date": "2022-02-10", "url": "https://www.sec.gov/Archives/edgar/data/0001402436/000095017022001078/ssnc-20220210.htm"}, {"form_type": "SC 13G/A", "filings_date": "2022-02-10", "url": "https://www.sec.gov/Archives/edgar/data/0001402436/000110465922018614/tv01941-ssctechnologiesholdi.htm"}, {"form_type": "SC 13G/A", "filings_date": "2022-02-07", "url": "https://www.sec.gov/Archives/edgar/data/0001402436/000119312522029646/d254345dsc13ga.htm"}, {"form_type": "SC 13G", "filings_date": "2022-02-04", "url": "https://www.sec.gov/Archives/edgar/data/0001402436/000083423722007291/us78467j1007_020422.txt"}, {"form_type": "4", "filings_date": "2021-12-27", "url": "https://www.sec.gov/Archives/edgar/data/0001402436/000120919121071272/xslF345X03/doc4.xml"}, {"form_type": "4", "filings_date": "2021-12-23", "url": "https://www.sec.gov/Archives/edgar/data/0001402436/000120919121071192/xslF345X03/doc4.xml"}, {"form_type": "4", "filings_date": "2021-12-23", "url": "https://www.sec.gov/Archives/edgar/data/0001402436/000120919121071190/xslF345X03/doc4.xml"}, {"form_type": "4", "filings_date": "2021-12-23", "url": "https://www.sec.gov/Archives/edgar/data/0001402436/000120919121071188/xslF345X03/doc4.xml"}, {"form_type": "4", "filings_date": "2021-12-23", "url": "https://www.sec.gov/Archives/edgar/data/0001402436/000120919121071186/xslF345X03/doc4.xml"}, {"form_type": "8-K", "filings_date": "2021-12-07", "url": "https://www.sec.gov/Archives/edgar/data/0001402436/000095017021005064/ssnc-20211207.htm"}, {"form_type": "10-Q", "filings_date": "2021-11-05", "url": "https://www.sec.gov/Archives/edgar/data/0001402436/000095017021003236/ssnc-20210930.htm"}, {"form_type": "8-K", "filings_date": "2021-10-28", "url": "https://www.sec.gov/Archives/edgar/data/0001402436/000095017021002458/ssnc-20211028.htm"}, {"form_type": "4", "filings_date": "2021-09-22", "url": "https://www.sec.gov/Archives/edgar/data/0001402436/000120919121057306/xslF345X03/doc4.xml"}, {"form_type": "3", "filings_date": "2021-09-17", "url": "https://www.sec.gov/Archives/edgar/data/0001402436/000120919121056542/xslF345X02/doc3.xml"}, {"form_type": "8-K", "filings_date": "2021-09-01", "url": "https://www.sec.gov/Archives/edgar/data/0001402436/000156459021046761/ssnc-8k_20210827.htm"}, {"form_type": "4", "filings_date": "2021-08-27", "url": "https://www.sec.gov/Archives/edgar/data/0001402436/000120919121053742/xslF345X03/doc4.xml"}, {"form_type": "4", "filings_date": "2021-08-05", "url": "https://www.sec.gov/Archives/edgar/data/0001402436/000120919121049956/xslF345X03/doc4.xml"}, {"form_type": "10-Q", "filings_date": "2021-08-04", "url": "https://www.sec.gov/Archives/edgar/data/0001402436/000156459021040815/ssnc-10q_20210630.htm"}, {"form_type": "8-K", "filings_date": "2021-07-28", "url": "https://www.sec.gov/Archives/edgar/data/0001402436/000156459021038625/ssnc-8k_20210728.htm"}, {"form_type": "8-K", "filings_date": "2021-07-21", "url": "https://www.sec.gov/Archives/edgar/data/0001402436/000156459021037401/ssnc-8k_20210715.htm"}, {"form_type": "4", "filings_date": "2021-06-22", "url": "https://www.sec.gov/Archives/edgar/data/0001402436/000120919121042413/xslF345X03/doc4.xml"}, {"form_type": "4", "filings_date": "2021-05-28", "url": "https://www.sec.gov/Archives/edgar/data/0001402436/000120919121036530/xslF345X03/doc4.xml"}, {"form_type": "8-K", "filings_date": "2021-05-24", "url": "https://www.sec.gov/Archives/edgar/data/0001402436/000156459021029503/ssnc-8k_20210519.htm"}, {"form_type": "4", "filings_date": "2021-05-20", "url": "https://www.sec.gov/Archives/edgar/data/0001402436/000120919121034672/xslF345X03/doc4.xml"}, {"form_type": "4", "filings_date": "2021-05-20", "url": "https://www.sec.gov/Archives/edgar/data/0001402436/000120919121034667/xslF345X03/doc4.xml"}, {"form_type": "4", "filings_date": "2021-05-20", "url": "https://www.sec.gov/Archives/edgar/data/0001402436/000120919121034663/xslF345X03/doc4.xml"}, {"form_type": "4", "filings_date": "2021-05-20", "url": "https://www.sec.gov/Archives/edgar/data/0001402436/000120919121034660/xslF345X03/doc4.xml"}, {"form_type": "4", "filings_date": "2021-05-20", "url": "https://www.sec.gov/Archives/edgar/data/0001402436/000120919121034657/xslF345X03/doc4.xml"}, {"form_type": "4", "filings_date": "2021-05-20", "url": "https://www.sec.gov/Archives/edgar/data/0001402436/000120919121034655/xslF345X03/doc4.xml"}, {"form_type": "10-Q", "filings_date": "2021-05-05", "url": "https://www.sec.gov/Archives/edgar/data/0001402436/000156459021024110/ssnc-10q_20210331.htm"}, {"form_type": "8-K", "filings_date": "2021-04-26", "url": "https://www.sec.gov/Archives/edgar/data/0001402436/000156459021020529/ssnc-8k_20210426.htm"}, {"form_type": "DEFA14A", "filings_date": "2021-04-06", "url": "https://www.sec.gov/Archives/edgar/data/0001402436/000156459021017849/ssnc-defa14a_20210519.htm"}, {"form_type": "DEF 14A", "filings_date": "2021-04-06", "url": "https://www.sec.gov/Archives/edgar/data/0001402436/000156459021017847/ssnc-def14a_20210519.htm"}, {"form_type": "4", "filings_date": "2021-03-19", "url": "https://www.sec.gov/Archives/edgar/data/0001402436/000120919121022144/xslF345X03/doc4.xml"}, {"form_type": "4", "filings_date": "2021-03-11", "url": "https://www.sec.gov/Archives/edgar/data/0001402436/000120919121019965/xslF345X03/doc4.xml"}, {"form_type": "4", "filings_date": "2021-03-02", "url": "https://www.sec.gov/Archives/edgar/data/0001402436/000120919121016512/xslF345X03/doc4.xml"}, {"form_type": "10-K", "filings_date": "2021-02-25", "url": "https://www.sec.gov/Archives/edgar/data/0001402436/000156459021008862/ssnc-10k_20201231.htm"}, {"form_type": "5", "filings_date": "2021-02-12", "url": "https://www.sec.gov/Archives/edgar/data/0001402436/000120919121010469/xslF345X03/doc5.xml"}, {"form_type": "SC 13G/A", "filings_date": "2021-02-11", "url": "https://www.sec.gov/Archives/edgar/data/0001402436/000127417321000072/ssnc2102021.txt"}, {"form_type": "4", "filings_date": "2021-02-11", "url": "https://www.sec.gov/Archives/edgar/data/0001402436/000120919121009710/xslF345X03/doc4.xml"}, {"form_type": "8-K", "filings_date": "2021-02-10", "url": "https://www.sec.gov/Archives/edgar/data/0001402436/000156459021005265/ssnc-8k_20201231.htm"}, {"form_type": "SC 13G/A", "filings_date": "2021-02-10", "url": "https://www.sec.gov/Archives/edgar/data/0001402436/000110465921019131/tv01877-ssctechnologiesholdi.htm"}, {"form_type": "SC 13G/A", "filings_date": "2021-02-04", "url": "https://www.sec.gov/Archives/edgar/data/0001402436/000090221921000170/SEC13G_Filing.htm"}, {"form_type": "SC 13G/A", "filings_date": "2021-01-27", "url": "https://www.sec.gov/Archives/edgar/data/0001402436/000119312521019153/d119369dsc13ga.htm"}, {"form_type": "4", "filings_date": "2021-01-13", "url": "https://www.sec.gov/Archives/edgar/data/0001402436/000120919121003402/xslF345X03/doc4.xml"}, {"form_type": "UPLOAD", "filings_date": "2021-01-08", "url": "https://www.sec.gov/Archives/edgar/data/0001402436/000000000021000283/filename1.pdf"}, {"form_type": "CORRESP", "filings_date": "2020-12-28", "url": "https://www.sec.gov/Archives/edgar/data/0001402436/000156459020058601/filename1.htm"}, {"form_type": "4", "filings_date": "2020-12-28", "url": "https://www.sec.gov/Archives/edgar/data/0001402436/000120919120065178/xslF345X03/doc4.xml"}, {"form_type": "4", "filings_date": "2020-12-28", "url": "https://www.sec.gov/Archives/edgar/data/0001402436/000120919120065176/xslF345X03/doc4.xml"}, {"form_type": "4", "filings_date": "2020-12-28", "url": "https://www.sec.gov/Archives/edgar/data/0001402436/000120919120065174/xslF345X03/doc4.xml"}, {"form_type": "4", "filings_date": "2020-12-28", "url": "https://www.sec.gov/Archives/edgar/data/0001402436/000120919120065172/xslF345X03/doc4.xml"}, {"form_type": "UPLOAD", "filings_date": "2020-12-23", "url": "https://www.sec.gov/Archives/edgar/data/0001402436/000000000020012364/filename1.pdf"}, {"form_type": "4", "filings_date": "2020-12-18", "url": "https://www.sec.gov/Archives/edgar/data/0001402436/000120919120064449/xslF345X03/doc4.xml"}, {"form_type": "4", "filings_date": "2020-12-14", "url": "https://www.sec.gov/Archives/edgar/data/0001402436/000120919120063282/xslF345X03/doc4.xml"}, {"form_type": "4", "filings_date": "2020-12-07", "url": "https://www.sec.gov/Archives/edgar/data/0001402436/000120919120062019/xslF345X03/doc4.xml"}, {"form_type": "CORRESP", "filings_date": "2020-11-18", "url": "https://www.sec.gov/Archives/edgar/data/0001402436/000156459020054466/filename1.htm"}, {"form_type": "4", "filings_date": "2020-11-12", "url": "https://www.sec.gov/Archives/edgar/data/0001402436/000120919120057906/xslF345X03/doc4.xml"}, {"form_type": "10-Q", "filings_date": "2020-11-04", "url": "https://www.sec.gov/Archives/edgar/data/0001402436/000156459020050447/ssnc-10q_20200930.htm"}, {"form_type": "8-K", "filings_date": "2020-10-28", "url": "https://www.sec.gov/Archives/edgar/data/0001402436/000156459020048331/ssnc-8k_20201028.htm"}, {"form_type": "UPLOAD", "filings_date": "2020-10-20", "url": "https://www.sec.gov/Archives/edgar/data/0001402436/000000000020009903/filename1.pdf"}, {"form_type": "4", "filings_date": "2020-10-13", "url": "https://www.sec.gov/Archives/edgar/data/0001402436/000120919120054730/xslF345X03/doc4.xml"}, {"form_type": "4", "filings_date": "2020-09-24", "url": "https://www.sec.gov/Archives/edgar/data/0001402436/000120919120051984/xslF345X03/doc4.xml"}, {"form_type": "4", "filings_date": "2020-09-18", "url": "https://www.sec.gov/Archives/edgar/data/0001402436/000120919120051200/xslF345X03/doc4.xml"}, {"form_type": "4", "filings_date": "2020-09-11", "url": "https://www.sec.gov/Archives/edgar/data/0001402436/000120919120050203/xslF345X03/doc4.xml"}, {"form_type": "CORRESP", "filings_date": "2020-09-03", "url": "https://www.sec.gov/Archives/edgar/data/0001402436/000156459020042530/filename1.htm"}, {"form_type": "4", "filings_date": "2020-08-25", "url": "https://www.sec.gov/Archives/edgar/data/0001402436/000120919120048282/xslF345X03/doc4.xml"}, {"form_type": "4", "filings_date": "2020-08-21", "url": "https://www.sec.gov/Archives/edgar/data/0001402436/000120919120047927/xslF345X03/doc4.xml"}, {"form_type": "UPLOAD", "filings_date": "2020-08-20", "url": "https://www.sec.gov/Archives/edgar/data/0001402436/000000000020007770/filename1.pdf"}, {"form_type": "4", "filings_date": "2020-08-12", "url": "https://www.sec.gov/Archives/edgar/data/0001402436/000120919120046346/xslF345X03/doc4.xml"}, {"form_type": "4", "filings_date": "2020-08-06", "url": "https://www.sec.gov/Archives/edgar/data/0001402436/000120919120045454/xslF345X03/doc4.xml"}, {"form_type": "10-Q", "filings_date": "2020-08-05", "url": "https://www.sec.gov/Archives/edgar/data/0001402436/000156459020036562/ssnc-10q_20200630.htm"}, {"form_type": "8-K", "filings_date": "2020-07-28", "url": "https://www.sec.gov/Archives/edgar/data/0001402436/000156459020033896/ssnc-8k_20200728.htm"}, {"form_type": "4", "filings_date": "2020-07-13", "url": "https://www.sec.gov/Archives/edgar/data/0001402436/000120919120042269/xslF345X03/doc4.xml"}, {"form_type": "4", "filings_date": "2020-06-17", "url": "https://www.sec.gov/Archives/edgar/data/0001402436/000120919120037409/xslF345X03/doc4.xml"}, {"form_type": "4", "filings_date": "2020-06-11", "url": "https://www.sec.gov/Archives/edgar/data/0001402436/000120919120036004/xslF345X03/doc4.xml"}, {"form_type": "8-K", "filings_date": "2020-05-22", "url": "https://www.sec.gov/Archives/edgar/data/0001402436/000156459020026735/ssnc-8k_20200520.htm"}, {"form_type": "4", "filings_date": "2020-05-21", "url": "https://www.sec.gov/Archives/edgar/data/0001402436/000120919120031399/xslF345X03/doc4.xml"}, {"form_type": "4", "filings_date": "2020-05-21", "url": "https://www.sec.gov/Archives/edgar/data/0001402436/000120919120031397/xslF345X03/doc4.xml"}, {"form_type": "4", "filings_date": "2020-05-21", "url": "https://www.sec.gov/Archives/edgar/data/0001402436/000120919120031394/xslF345X03/doc4.xml"}, {"form_type": "4", "filings_date": "2020-05-21", "url": "https://www.sec.gov/Archives/edgar/data/0001402436/000120919120031391/xslF345X03/doc4.xml"}, {"form_type": "4", "filings_date": "2020-05-21", "url": "https://www.sec.gov/Archives/edgar/data/0001402436/000120919120031388/xslF345X03/doc4.xml"}, {"form_type": "4", "filings_date": "2020-05-21", "url": "https://www.sec.gov/Archives/edgar/data/0001402436/000120919120031384/xslF345X03/doc4.xml"}, {"form_type": "8-K", "filings_date": "2020-05-19", "url": "https://www.sec.gov/Archives/edgar/data/0001402436/000156459020026176/ssnc-8k_20200518.htm"}, {"form_type": "4", "filings_date": "2020-05-13", "url": "https://www.sec.gov/Archives/edgar/data/0001402436/000120919120029007/xslF345X03/doc4.xml"}, {"form_type": "4", "filings_date": "2020-05-11", "url": "https://www.sec.gov/Archives/edgar/data/0001402436/000120919120028348/xslF345X03/doc4.xml"}, {"form_type": "DEFA14A", "filings_date": "2020-05-08", "url": "https://www.sec.gov/Archives/edgar/data/0001402436/000156459020023555/ssnc-defa14a_20200508.htm"}, {"form_type": "10-Q", "filings_date": "2020-05-07", "url": "https://www.sec.gov/Archives/edgar/data/0001402436/000156459020022479/ssnc-10q_20200331.htm"}, {"form_type": "8-K", "filings_date": "2020-04-30", "url": "https://www.sec.gov/Archives/edgar/data/0001402436/000156459020020195/ssnc-8k_20200429.htm"}, {"form_type": "8-K", "filings_date": "2020-04-30", "url": "https://www.sec.gov/Archives/edgar/data/0001402436/000156459020020174/ssnc-8k_20200430.htm"}, {"form_type": "4", "filings_date": "2020-04-13", "url": "https://www.sec.gov/Archives/edgar/data/0001402436/000120919120024235/xslF345X03/doc4.xml"}, {"form_type": "DEFA14A", "filings_date": "2020-04-06", "url": "https://www.sec.gov/Archives/edgar/data/0001402436/000156459020015512/ssnc-defa14a_20200520.htm"}, {"form_type": "DEF 14A", "filings_date": "2020-04-06", "url": "https://www.sec.gov/Archives/edgar/data/0001402436/000156459020015508/ssnc-def14a_20200520.htm"}, {"form_type": "4", "filings_date": "2020-04-03", "url": "https://www.sec.gov/Archives/edgar/data/0001402436/000120919120023468/xslF345X03/doc4.xml"}, {"form_type": "8-K", "filings_date": "2020-03-25", "url": "https://www.sec.gov/Archives/edgar/data/0001402436/000156459020012833/ssnc-8k_20200323.htm"}, {"form_type": "4", "filings_date": "2020-03-24", "url": "https://www.sec.gov/Archives/edgar/data/0001402436/000120919120021009/xslF345X03/doc4.xml"}, {"form_type": "4", "filings_date": "2020-03-19", "url": "https://www.sec.gov/Archives/edgar/data/0001402436/000120919120020334/xslF345X03/doc4.xml"}, {"form_type": "4", "filings_date": "2020-03-19", "url": "https://www.sec.gov/Archives/edgar/data/0001402436/000120919120020318/xslF345X03/doc4.xml"}, {"form_type": "4", "filings_date": "2020-03-11", "url": "https://www.sec.gov/Archives/edgar/data/0001402436/000120919120018276/xslF345X03/doc4.xml"}, {"form_type": "4", "filings_date": "2020-03-10", "url": "https://www.sec.gov/Archives/edgar/data/0001402436/000120919120017739/xslF345X03/doc4.xml"}, {"form_type": "4", "filings_date": "2020-02-28", "url": "https://www.sec.gov/Archives/edgar/data/0001402436/000120919120014041/xslF345X03/doc4.xml"}, {"form_type": "10-K", "filings_date": "2020-02-28", "url": "https://www.sec.gov/Archives/edgar/data/0001402436/000156459020007695/ssnc-10k_20191231.htm"}, {"form_type": "4", "filings_date": "2020-02-26", "url": "https://www.sec.gov/Archives/edgar/data/0001402436/000120919120013184/xslF345X03/doc4.xml"}, {"form_type": "4", "filings_date": "2020-02-20", "url": "https://www.sec.gov/Archives/edgar/data/0001402436/000120919120011286/xslF345X03/doc4.xml"}, {"form_type": "SC 13G/A", "filings_date": "2020-02-14", "url": "https://www.sec.gov/Archives/edgar/data/0001402436/000008025520001200/ssnc13gadec19.txt"}, {"form_type": "SC 13G/A", "filings_date": "2020-02-13", "url": "https://www.sec.gov/Archives/edgar/data/0001402436/000127417320000054/ssnc2102020.txt"}, {"form_type": "4", "filings_date": "2020-02-12", "url": "https://www.sec.gov/Archives/edgar/data/0001402436/000120919120009008/xslF345X03/doc4.xml"}, {"form_type": "SC 13G/A", "filings_date": "2020-02-12", "url": "https://www.sec.gov/Archives/edgar/data/0001402436/000119312520033372/d888509dsc13ga.htm"}, {"form_type": "8-K", "filings_date": "2020-02-12", "url": "https://www.sec.gov/Archives/edgar/data/0001402436/000156459020004354/ssnc-8k_20200212.htm"}, {"form_type": "SC 13G/A", "filings_date": "2020-02-12", "url": "https://www.sec.gov/Archives/edgar/data/0001402436/000110465920018343/tv01638-ssctechnologiesholdi.htm"}, {"form_type": "SC 13G/A", "filings_date": "2020-01-28", "url": "https://www.sec.gov/Archives/edgar/data/0001402436/000090221920000254/SEC13G_Filing.htm"}, {"form_type": "8-K", "filings_date": "2020-01-22", "url": "https://www.sec.gov/Archives/edgar/data/0001402436/000095010320000882/dp119503_8k.htm"}, {"form_type": "4", "filings_date": "2020-01-10", "url": "https://www.sec.gov/Archives/edgar/data/0001402436/000120919120003135/xslF345X03/doc4.xml"}, {"form_type": "4", "filings_date": "2019-12-26", "url": "https://www.sec.gov/Archives/edgar/data/0001402436/000120919119061933/xslF345X03/doc4.xml"}, {"form_type": "4", "filings_date": "2019-12-26", "url": "https://www.sec.gov/Archives/edgar/data/0001402436/000120919119061931/xslF345X03/doc4.xml"}, {"form_type": "4", "filings_date": "2019-12-26", "url": "https://www.sec.gov/Archives/edgar/data/0001402436/000120919119061928/xslF345X03/doc4.xml"}, {"form_type": "4", "filings_date": "2019-12-26", "url": "https://www.sec.gov/Archives/edgar/data/0001402436/000120919119061925/xslF345X03/doc4.xml"}, {"form_type": "4", "filings_date": "2019-12-20", "url": "https://www.sec.gov/Archives/edgar/data/0001402436/000120919119061499/xslF345X03/doc4.xml"}, {"form_type": "4", "filings_date": "2019-12-19", "url": "https://www.sec.gov/Archives/edgar/data/0001402436/000120919119061408/xslF345X03/doc4.xml"}, {"form_type": "4", "filings_date": "2019-12-18", "url": "https://www.sec.gov/Archives/edgar/data/0001402436/000120919119061140/xslF345X03/doc4.xml"}, {"form_type": "4", "filings_date": "2019-12-17", "url": "https://www.sec.gov/Archives/edgar/data/0001402436/000120919119060857/xslF345X03/doc4.xml"}, {"form_type": "4", "filings_date": "2019-12-11", "url": "https://www.sec.gov/Archives/edgar/data/0001402436/000120919119060063/xslF345X03/doc4.xml"}, {"form_type": "4", "filings_date": "2019-11-26", "url": "https://www.sec.gov/Archives/edgar/data/0001402436/000120919119058155/xslF345X03/doc4.xml"}, {"form_type": "4", "filings_date": "2019-11-12", "url": "https://www.sec.gov/Archives/edgar/data/0001402436/000120919119056084/xslF345X03/doc4.xml"}, {"form_type": "4", "filings_date": "2019-11-07", "url": "https://www.sec.gov/Archives/edgar/data/0001402436/000120919119055664/xslF345X03/doc4.xml"}, {"form_type": "4", "filings_date": "2019-11-07", "url": "https://www.sec.gov/Archives/edgar/data/0001402436/000120919119055662/xslF345X03/doc4.xml"}, {"form_type": "10-Q", "filings_date": "2019-11-07", "url": "https://www.sec.gov/Archives/edgar/data/0001402436/000156459019041744/ssnc-10q_20190930.htm"}, {"form_type": "8-K", "filings_date": "2019-10-31", "url": "https://www.sec.gov/Archives/edgar/data/0001402436/000156459019039137/ssnc-8k_20191031.htm"}, {"form_type": "4", "filings_date": "2019-10-11", "url": "https://www.sec.gov/Archives/edgar/data/0001402436/000120919119053058/xslF345X03/doc4.xml"}, {"form_type": "4", "filings_date": "2019-09-12", "url": "https://www.sec.gov/Archives/edgar/data/0001402436/000120919119049325/xslF345X03/doc4.xml"}, {"form_type": "4", "filings_date": "2019-08-12", "url": "https://www.sec.gov/Archives/edgar/data/0001402436/000120919119045674/xslF345X03/doc4.xml"}, {"form_type": "8-K", "filings_date": "2019-08-08", "url": "https://www.sec.gov/Archives/edgar/data/0001402436/000156459019030770/ssnc-8k_20190801.htm"}, {"form_type": "8-K", "filings_date": "2019-08-08", "url": "https://www.sec.gov/Archives/edgar/data/0001402436/000156459019030632/ssnc-8k_20190808.htm"}, {"form_type": "10-Q", "filings_date": "2019-08-07", "url": "https://www.sec.gov/Archives/edgar/data/0001402436/000156459019029931/ssnc-10q_20190630.htm"}, {"form_type": "4", "filings_date": "2019-08-05", "url": "https://www.sec.gov/Archives/edgar/data/0001402436/000120919119044548/xslF345X03/doc4.xml"}, {"form_type": "S-8", "filings_date": "2019-08-02", "url": "https://www.sec.gov/Archives/edgar/data/0001402436/000156459019028303/ssnc-s8.htm"}, {"form_type": "8-K", "filings_date": "2019-07-29", "url": "https://www.sec.gov/Archives/edgar/data/0001402436/000156459019026596/ssnc-8k_20190630.htm"}, {"form_type": "4", "filings_date": "2019-07-10", "url": "https://www.sec.gov/Archives/edgar/data/0001402436/000120919119041687/xslF345X03/doc4.xml"}, {"form_type": "4", "filings_date": "2019-06-19", "url": "https://www.sec.gov/Archives/edgar/data/0001402436/000120919119038167/xslF345X03/doc4.xml"}, {"form_type": "4", "filings_date": "2019-06-12", "url": "https://www.sec.gov/Archives/edgar/data/0001402436/000120919119036457/xslF345X03/doc4.xml"}, {"form_type": "4", "filings_date": "2019-05-20", "url": "https://www.sec.gov/Archives/edgar/data/0001402436/000120919119031327/xslF345X03/doc4.xml"}, {"form_type": "4", "filings_date": "2019-05-16", "url": "https://www.sec.gov/Archives/edgar/data/0001402436/000120919119030544/xslF345X03/doc4.xml"}, {"form_type": "4", "filings_date": "2019-05-16", "url": "https://www.sec.gov/Archives/edgar/data/0001402436/000120919119030538/xslF345X03/doc4.xml"}, {"form_type": "4", "filings_date": "2019-05-16", "url": "https://www.sec.gov/Archives/edgar/data/0001402436/000120919119030533/xslF345X03/doc4.xml"}, {"form_type": "4", "filings_date": "2019-05-16", "url": "https://www.sec.gov/Archives/edgar/data/0001402436/000120919119030528/xslF345X03/doc4.xml"}, {"form_type": "4", "filings_date": "2019-05-16", "url": "https://www.sec.gov/Archives/edgar/data/0001402436/000120919119030524/xslF345X03/doc4.xml"}, {"form_type": "8-K", "filings_date": "2019-05-16", "url": "https://www.sec.gov/Archives/edgar/data/0001402436/000156459019019626/ssnc-8k_20190515.htm"}, {"form_type": "4", "filings_date": "2019-05-15", "url": "https://www.sec.gov/Archives/edgar/data/0001402436/000120919119030111/xslF345X03/doc4.xml"}, {"form_type": "4", "filings_date": "2019-05-13", "url": "https://www.sec.gov/Archives/edgar/data/0001402436/000120919119029498/xslF345X03/doc4.xml"}, {"form_type": "10-Q", "filings_date": "2019-05-08", "url": "https://www.sec.gov/Archives/edgar/data/0001402436/000156459019017244/ssnc-10q_20190331.htm"}, {"form_type": "4", "filings_date": "2019-05-07", "url": "https://www.sec.gov/Archives/edgar/data/0001402436/000120919119028080/xslF345X03/doc4.xml"}, {"form_type": "4", "filings_date": "2019-05-07", "url": "https://www.sec.gov/Archives/edgar/data/0001402436/000120919119028076/xslF345X03/doc4.xml"}, {"form_type": "8-K", "filings_date": "2019-04-30", "url": "https://www.sec.gov/Archives/edgar/data/0001402436/000156459019014280/ssnc-8k_20190331.htm"}, {"form_type": "DEF 14A", "filings_date": "2019-04-05", "url": "https://www.sec.gov/Archives/edgar/data/0001402436/000156459019010915/ssnc-def14a_20190515.htm"}, {"form_type": "8-K", "filings_date": "2019-03-28", "url": "https://www.sec.gov/Archives/edgar/data/0001402436/000156459019009842/ssnc-8k_20190328.htm"}, {"form_type": "4", "filings_date": "2019-03-21", "url": "https://www.sec.gov/Archives/edgar/data/0001402436/000120919119020760/xslF345X03/doc4.xml"}, {"form_type": "8-K", "filings_date": "2019-03-20", "url": "https://www.sec.gov/Archives/edgar/data/0001402436/000119312519080860/d710332d8k.htm"}, {"form_type": "4", "filings_date": "2019-03-19", "url": "https://www.sec.gov/Archives/edgar/data/0001402436/000120919119020255/xslF345X03/doc4.xml"}, {"form_type": "4", "filings_date": "2019-03-15", "url": "https://www.sec.gov/Archives/edgar/data/0001402436/000120919119019651/xslF345X03/doc4.xml"}, {"form_type": "8-K", "filings_date": "2019-03-15", "url": "https://www.sec.gov/Archives/edgar/data/0001402436/000119312519075218/d719571d8k.htm"}, {"form_type": "8-K", "filings_date": "2019-03-14", "url": "https://www.sec.gov/Archives/edgar/data/0001402436/000119312519074071/d723315d8k.htm"}, {"form_type": "8-K", "filings_date": "2019-03-08", "url": "https://www.sec.gov/Archives/edgar/data/0001402436/000156459019007042/ssnc-8k_20190308.htm"}, {"form_type": "424B7", "filings_date": "2019-03-08", "url": "https://www.sec.gov/Archives/edgar/data/0001402436/000156459019007040/ssnc-424b7.htm"}, {"form_type": "10-K", "filings_date": "2019-03-01", "url": "https://www.sec.gov/Archives/edgar/data/0001402436/000156459019005753/ssnc-10k_20181231.htm"}, {"form_type": "4", "filings_date": "2019-02-22", "url": "https://www.sec.gov/Archives/edgar/data/0001402436/000120919119012598/xslF345X03/doc4.xml"}, {"form_type": "8-K", "filings_date": "2019-02-14", "url": "https://www.sec.gov/Archives/edgar/data/0001402436/000156459019003005/ssnc-8k_20190214.htm"}, {"form_type": "SC 13G/A", "filings_date": "2019-02-14", "url": "https://www.sec.gov/Archives/edgar/data/0001402436/000089914019000239/s27599284a.htm"}, {"form_type": "SC 13G/A", "filings_date": "2019-02-14", "url": "https://www.sec.gov/Archives/edgar/data/0001402436/000008025519002589/ssnc13gadec18.txt"}, {"form_type": "SC 13G", "filings_date": "2019-02-12", "url": "https://www.sec.gov/Archives/edgar/data/0001402436/000090221919000241/SEC13G_Filing.htm"}, {"form_type": "SC 13G/A", "filings_date": "2019-02-12", "url": "https://www.sec.gov/Archives/edgar/data/0001402436/000127417319000074/ssnc2102019.txt"}, {"form_type": "SC 13G/A", "filings_date": "2019-02-11", "url": "https://www.sec.gov/Archives/edgar/data/0001402436/000093247119005499/ssctechnologiesholdingsinc.htm"}, {"form_type": "SC 13G/A", "filings_date": "2019-02-11", "url": "https://www.sec.gov/Archives/edgar/data/0001402436/000119312519032555/d684662dsc13ga.htm"}, {"form_type": "8-K", "filings_date": "2019-01-04", "url": "https://www.sec.gov/Archives/edgar/data/0001402436/000156459019000194/ssnc-8k_20190104.htm"}, {"form_type": "424B7", "filings_date": "2019-01-04", "url": "https://www.sec.gov/Archives/edgar/data/0001402436/000156459019000193/ssnc-424b7.htm"}, {"form_type": "4", "filings_date": "2018-12-26", "url": "https://www.sec.gov/Archives/edgar/data/0001402436/000120919118064051/xslF345X03/doc4.xml"}, {"form_type": "4", "filings_date": "2018-12-21", "url": "https://www.sec.gov/Archives/edgar/data/0001402436/000120919118063877/xslF345X03/doc4.xml"}, {"form_type": "4", "filings_date": "2018-12-21", "url": "https://www.sec.gov/Archives/edgar/data/0001402436/000120919118063875/xslF345X03/doc4.xml"}, {"form_type": "4", "filings_date": "2018-12-21", "url": "https://www.sec.gov/Archives/edgar/data/0001402436/000120919118063874/xslF345X03/doc4.xml"}, {"form_type": "4", "filings_date": "2018-12-21", "url": "https://www.sec.gov/Archives/edgar/data/0001402436/000120919118063873/xslF345X03/doc4.xml"}, {"form_type": "4", "filings_date": "2018-12-21", "url": "https://www.sec.gov/Archives/edgar/data/0001402436/000120919118063872/xslF345X03/doc4.xml"}, {"form_type": "4", "filings_date": "2018-12-19", "url": "https://www.sec.gov/Archives/edgar/data/0001402436/000120919118063556/xslF345X03/doc4.xml"}, {"form_type": "8-K", "filings_date": "2018-12-06", "url": "https://www.sec.gov/Archives/edgar/data/0001402436/000156459018030556/ssnc-8k_20181206.htm"}, {"form_type": "424B7", "filings_date": "2018-12-04", "url": "https://www.sec.gov/Archives/edgar/data/0001402436/000119312518342339/d673572d424b7.htm"}, {"form_type": "424B7", "filings_date": "2018-12-03", "url": "https://www.sec.gov/Archives/edgar/data/0001402436/000119312518340293/d673572d424b7.htm"}, {"form_type": "FWP", "filings_date": "2018-12-03", "url": "https://www.sec.gov/Archives/edgar/data/0001402436/000095010318014096/dp99074_fwp.htm"}, {"form_type": "4", "filings_date": "2018-11-21", "url": "https://www.sec.gov/Archives/edgar/data/0001402436/000120919118059660/xslF345X03/doc4.xml"}, {"form_type": "4", "filings_date": "2018-11-20", "url": "https://www.sec.gov/Archives/edgar/data/0001402436/000120919118059511/xslF345X03/doc4.xml"}, {"form_type": "4", "filings_date": "2018-11-19", "url": "https://www.sec.gov/Archives/edgar/data/0001402436/000120919118059309/xslF345X03/doc4.xml"}, {"form_type": "8-K", "filings_date": "2018-11-19", "url": "https://www.sec.gov/Archives/edgar/data/0001402436/000156459018029767/ssnc-8k_20181116.htm"}, {"form_type": "4", "filings_date": "2018-11-14", "url": "https://www.sec.gov/Archives/edgar/data/0001402436/000120919118058631/xslF345X03/doc4.xml"}, {"form_type": "10-Q", "filings_date": "2018-11-07", "url": "https://www.sec.gov/Archives/edgar/data/0001402436/000156459018027975/ssnc-10q_20180930.htm"}, {"form_type": "4", "filings_date": "2018-11-07", "url": "https://www.sec.gov/Archives/edgar/data/0001402436/000120919118057538/xslF345X03/doc4.xml"}, {"form_type": "8-K", "filings_date": "2018-10-31", "url": "https://www.sec.gov/Archives/edgar/data/0001402436/000156459018025846/ssnc-8k_20180930.htm"}, {"form_type": "S-3ASR", "filings_date": "2018-10-31", "url": "https://www.sec.gov/Archives/edgar/data/0001402436/000156459018025833/ssnc-s3asr.htm"}, {"form_type": "8-K/A", "filings_date": "2018-10-31", "url": "https://www.sec.gov/Archives/edgar/data/0001402436/000156459018025826/ssnc-8ka_20180416.htm"}, {"form_type": "8-K", "filings_date": "2018-10-22", "url": "https://www.sec.gov/Archives/edgar/data/0001402436/000156459018024620/ssnc-8k_20181018.htm"}, {"form_type": "8-K", "filings_date": "2018-10-05", "url": "https://www.sec.gov/Archives/edgar/data/0001402436/000156459018024003/ssnc-8k_20181001.htm"}, {"form_type": "4", "filings_date": "2018-09-20", "url": "https://www.sec.gov/Archives/edgar/data/0001402436/000120919118051843/xslF345X03/doc4.xml"}, {"form_type": "8-K", "filings_date": "2018-09-06", "url": "https://www.sec.gov/Archives/edgar/data/0001402436/000156459018022752/ssnc-8k_20180906.htm"}, {"form_type": "10-Q", "filings_date": "2018-08-09", "url": "https://www.sec.gov/Archives/edgar/data/0001402436/000156459018021049/ssnc-10q_20180630.htm"}, {"form_type": "4", "filings_date": "2018-08-06", "url": "https://www.sec.gov/Archives/edgar/data/0001402436/000120919118045567/xslF345X03/doc4.xml"}, {"form_type": "8-K", "filings_date": "2018-08-02", "url": "https://www.sec.gov/Archives/edgar/data/0001402436/000156459018018906/ssnc-8k_20180802.htm"}, {"form_type": "8-K", "filings_date": "2018-07-02", "url": "https://www.sec.gov/Archives/edgar/data/0001402436/000156459018016492/ssnc-8k_20180626.htm"}, {"form_type": "3", "filings_date": "2018-06-08", "url": "https://www.sec.gov/Archives/edgar/data/0001402436/000120919118036637/xslF345X02/doc3.xml"}, {"form_type": "4", "filings_date": "2018-05-18", "url": "https://www.sec.gov/Archives/edgar/data/0001402436/000120919118031294/xslF345X03/doc4.xml"}, {"form_type": "4", "filings_date": "2018-05-17", "url": "https://www.sec.gov/Archives/edgar/data/0001402436/000120919118031152/xslF345X03/doc4.xml"}, {"form_type": "4", "filings_date": "2018-05-17", "url": "https://www.sec.gov/Archives/edgar/data/0001402436/000120919118031150/xslF345X03/doc4.xml"}, {"form_type": "4", "filings_date": "2018-05-17", "url": "https://www.sec.gov/Archives/edgar/data/0001402436/000120919118031148/xslF345X03/doc4.xml"}, {"form_type": "4", "filings_date": "2018-05-17", "url": "https://www.sec.gov/Archives/edgar/data/0001402436/000120919118031144/xslF345X03/doc4.xml"}, {"form_type": "8-K", "filings_date": "2018-05-17", "url": "https://www.sec.gov/Archives/edgar/data/0001402436/000156459018013863/ssnc-8k_20180516.htm"}, {"form_type": "4", "filings_date": "2018-05-15", "url": "https://www.sec.gov/Archives/edgar/data/0001402436/000120919118030264/xslF345X03/doc4.xml"}, {"form_type": "10-Q", "filings_date": "2018-05-10", "url": "https://www.sec.gov/Archives/edgar/data/0001402436/000156459018012803/ssnc-10q_20180331.htm"}, {"form_type": "4", "filings_date": "2018-05-08", "url": "https://www.sec.gov/Archives/edgar/data/0001402436/000120919118028686/xslF345X03/doc4.xml"}, {"form_type": "4", "filings_date": "2018-05-02", "url": "https://www.sec.gov/Archives/edgar/data/0001402436/000120919118027324/xslF345X03/doc4.xml"}, {"form_type": "8-K", "filings_date": "2018-05-01", "url": "https://www.sec.gov/Archives/edgar/data/0001402436/000156459018010015/ssnc-8k_20180501.htm"}, {"form_type": "3", "filings_date": "2018-04-26", "url": "https://www.sec.gov/Archives/edgar/data/0001402436/000089924318010808/xslF345X02/doc3.xml"}, {"form_type": "3", "filings_date": "2018-04-26", "url": "https://www.sec.gov/Archives/edgar/data/0001402436/000089924318010806/xslF345X02/doc3.xml"}, {"form_type": "3", "filings_date": "2018-04-26", "url": "https://www.sec.gov/Archives/edgar/data/0001402436/000089924318010805/xslF345X02/doc3.xml"}, {"form_type": "3", "filings_date": "2018-04-26", "url": "https://www.sec.gov/Archives/edgar/data/0001402436/000089924318010802/xslF345X02/doc3.xml"}, {"form_type": "S-8", "filings_date": "2018-04-20", "url": "https://www.sec.gov/Archives/edgar/data/0001402436/000095010318005019/dp89814_s8.htm"}, {"form_type": "8-K", "filings_date": "2018-04-16", "url": "https://www.sec.gov/Archives/edgar/data/0001402436/000095010318004822/dp89585_8k.htm"}, {"form_type": "DEF 14A", "filings_date": "2018-04-06", "url": "https://www.sec.gov/Archives/edgar/data/0001402436/000156459018007762/ssnc-def14a_20180516.htm"}, {"form_type": "8-K", "filings_date": "2018-04-06", "url": "https://www.sec.gov/Archives/edgar/data/0001402436/000119312518109343/d564610d8k.htm"}, {"form_type": "424B2", "filings_date": "2018-04-05", "url": "https://www.sec.gov/Archives/edgar/data/0001402436/000119312518108774/d553724d424b2.htm"}, {"form_type": "424B5", "filings_date": "2018-04-03", "url": "https://www.sec.gov/Archives/edgar/data/0001402436/000119312518105616/d553724d424b5.htm"}, {"form_type": "8-K", "filings_date": "2018-04-03", "url": "https://www.sec.gov/Archives/edgar/data/0001402436/000119312518105608/d554583d8k.htm"}, {"form_type": "8-K", "filings_date": "2018-03-15", "url": "https://www.sec.gov/Archives/edgar/data/0001402436/000095010318003413/dp88216_8k.htm"}, {"form_type": "3", "filings_date": "2018-03-13", "url": "https://www.sec.gov/Archives/edgar/data/0001402436/000095010318003335/xslF345X02/dp88124_3-frank.xml"}, {"form_type": "4", "filings_date": "2018-03-13", "url": "https://www.sec.gov/Archives/edgar/data/0001402436/000095010318003333/xslF345X03/dp88125_4-frank.xml"}, {"form_type": "SC 13G/A", "filings_date": "2018-03-12", "url": "https://www.sec.gov/Archives/edgar/data/0001402436/000008025518002687/ssnc13gafeb18.txt"}, {"form_type": "8-K", "filings_date": "2018-03-07", "url": "https://www.sec.gov/Archives/edgar/data/0001402436/000095010318003120/dp87914_8k.htm"}, {"form_type": "10-K", "filings_date": "2018-02-28", "url": "https://www.sec.gov/Archives/edgar/data/0001402436/000156459018003827/ssnc-10k_20171231.htm"}, {"form_type": "8-K", "filings_date": "2018-02-20", "url": "https://www.sec.gov/Archives/edgar/data/0001402436/000095010318002182/dp86955_8k.htm"}, {"form_type": "8-K", "filings_date": "2018-02-15", "url": "https://www.sec.gov/Archives/edgar/data/0001402436/000156459018002208/ssnc-8k_20180215.htm"}, {"form_type": "SC 13G/A", "filings_date": "2018-02-14", "url": "https://www.sec.gov/Archives/edgar/data/0001402436/000008025518002489/ssnc13gadec17.txt"}, {"form_type": "SC 13G", "filings_date": "2018-02-14", "url": "https://www.sec.gov/Archives/edgar/data/0001402436/000089914018000203/s23534871a.htm"}, {"form_type": "SC 13G/A", "filings_date": "2018-02-12", "url": "https://www.sec.gov/Archives/edgar/data/0001402436/000093247118004860/ssctechnologiesholdingsinc.htm"}, {"form_type": "SC 13G/A", "filings_date": "2018-02-12", "url": "https://www.sec.gov/Archives/edgar/data/0001402436/000127417318000019/ssnc2102018.txt"}, {"form_type": "SC 13G/A", "filings_date": "2018-02-08", "url": "https://www.sec.gov/Archives/edgar/data/0001402436/000090221918000188/SEC13G_Filing.htm"}, {"form_type": "SC 13G/A", "filings_date": "2018-02-08", "url": "https://www.sec.gov/Archives/edgar/data/0001402436/000119312518035027/d439931dsc13ga.htm"}, {"form_type": "4", "filings_date": "2018-02-05", "url": "https://www.sec.gov/Archives/edgar/data/0001402436/000120919118007496/xslF345X03/doc4.xml"}, {"form_type": "5", "filings_date": "2018-02-05", "url": "https://www.sec.gov/Archives/edgar/data/0001402436/000120919118007490/xslF345X03/doc5.xml"}, {"form_type": "8-K", "filings_date": "2018-01-11", "url": "https://www.sec.gov/Archives/edgar/data/0001402436/000095010318000363/dp85092_8k.htm"}, {"form_type": "4", "filings_date": "2018-01-03", "url": "https://www.sec.gov/Archives/edgar/data/0001402436/000120919118000820/xslF345X03/doc4.xml"}, {"form_type": "4", "filings_date": "2017-12-27", "url": "https://www.sec.gov/Archives/edgar/data/0001402436/000120919117067414/xslF345X03/doc4.xml"}, {"form_type": "4", "filings_date": "2017-12-27", "url": "https://www.sec.gov/Archives/edgar/data/0001402436/000120919117067412/xslF345X03/doc4.xml"}, {"form_type": "4", "filings_date": "2017-12-27", "url": "https://www.sec.gov/Archives/edgar/data/0001402436/000120919117067410/xslF345X03/doc4.xml"}, {"form_type": "4", "filings_date": "2017-12-27", "url": "https://www.sec.gov/Archives/edgar/data/0001402436/000120919117067407/xslF345X03/doc4.xml"}, {"form_type": "4", "filings_date": "2017-12-27", "url": "https://www.sec.gov/Archives/edgar/data/0001402436/000120919117067404/xslF345X03/doc4.xml"}, {"form_type": "4", "filings_date": "2017-12-04", "url": "https://www.sec.gov/Archives/edgar/data/0001402436/000120919117063551/xslF345X03/doc4.xml"}, {"form_type": "4", "filings_date": "2017-11-02", "url": "https://www.sec.gov/Archives/edgar/data/0001402436/000120919117058840/xslF345X03/doc4.xml"}, {"form_type": "10-Q", "filings_date": "2017-11-02", "url": "https://www.sec.gov/Archives/edgar/data/0001402436/000156459017021135/ssnc-10q_20170930.htm"}, {"form_type": "8-K", "filings_date": "2017-10-25", "url": "https://www.sec.gov/Archives/edgar/data/0001402436/000156459017020010/ssnc-8k_20171025.htm"}, {"form_type": "4", "filings_date": "2017-10-03", "url": "https://www.sec.gov/Archives/edgar/data/0001402436/000120919117055245/xslF345X03/doc4.xml"}, {"form_type": "4", "filings_date": "2017-09-08", "url": "https://www.sec.gov/Archives/edgar/data/0001402436/000120919117052019/xslF345X03/doc4.xml"}, {"form_type": "4", "filings_date": "2017-09-05", "url": "https://www.sec.gov/Archives/edgar/data/0001402436/000120919117051161/xslF345X03/doc4.xml"}, {"form_type": "4", "filings_date": "2017-08-17", "url": "https://www.sec.gov/Archives/edgar/data/0001402436/000120919117049337/xslF345X03/doc4.xml"}, {"form_type": "4", "filings_date": "2017-08-11", "url": "https://www.sec.gov/Archives/edgar/data/0001402436/000120919117048597/xslF345X03/doc4.xml"}, {"form_type": "10-Q", "filings_date": "2017-08-04", "url": "https://www.sec.gov/Archives/edgar/data/0001402436/000156459017015642/ssnc-10q_20170630.htm"}, {"form_type": "8-K", "filings_date": "2017-07-27", "url": "https://www.sec.gov/Archives/edgar/data/0001402436/000156459017014271/ssnc-8k_20170727.htm"}, {"form_type": "SC 13G/A", "filings_date": "2017-06-12", "url": "https://www.sec.gov/Archives/edgar/data/0001402436/000081229517000143/ssnc5102017.txt"}, {"form_type": "SC 13G", "filings_date": "2017-06-12", "url": "https://www.sec.gov/Archives/edgar/data/0001402436/000081229517000142/ssnc6102017.txt"}, {"form_type": "8-K", "filings_date": "2017-05-18", "url": "https://www.sec.gov/Archives/edgar/data/0001402436/000156459017011267/ssnc-8k_20170517.htm"}, {"form_type": "4", "filings_date": "2017-05-18", "url": "https://www.sec.gov/Archives/edgar/data/0001402436/000120919117033552/xslF345X03/doc4.xml"}, {"form_type": "4", "filings_date": "2017-05-18", "url": "https://www.sec.gov/Archives/edgar/data/0001402436/000120919117033550/xslF345X03/doc4.xml"}, {"form_type": "4", "filings_date": "2017-05-18", "url": "https://www.sec.gov/Archives/edgar/data/0001402436/000120919117033548/xslF345X03/doc4.xml"}, {"form_type": "4", "filings_date": "2017-05-18", "url": "https://www.sec.gov/Archives/edgar/data/0001402436/000120919117033546/xslF345X03/doc4.xml"}, {"form_type": "4", "filings_date": "2017-05-18", "url": "https://www.sec.gov/Archives/edgar/data/0001402436/000120919117033544/xslF345X03/doc4.xml"}, {"form_type": "10-Q", "filings_date": "2017-05-05", "url": "https://www.sec.gov/Archives/edgar/data/0001402436/000156459017009029/ssnc-10q_20170331.htm"}, {"form_type": "8-K", "filings_date": "2017-04-27", "url": "https://www.sec.gov/Archives/edgar/data/0001402436/000156459017007548/ssnc-8k_20170427.htm"}, {"form_type": "DEF 14A", "filings_date": "2017-04-03", "url": "https://www.sec.gov/Archives/edgar/data/0001402436/000156459017005918/ssnc-def14a_20170517.htm"}, {"form_type": "8-K", "filings_date": "2017-04-03", "url": "https://www.sec.gov/Archives/edgar/data/0001402436/000156459017005888/ssnc-8k_20170403.htm"}, {"form_type": "4", "filings_date": "2017-03-22", "url": "https://www.sec.gov/Archives/edgar/data/0001402436/000120919117022242/xslF345X03/doc4.xml"}, {"form_type": "8-K", "filings_date": "2017-03-06", "url": "https://www.sec.gov/Archives/edgar/data/0001402436/000119312517070043/d358676d8k.htm"}, {"form_type": "10-K", "filings_date": "2017-02-28", "url": "https://www.sec.gov/Archives/edgar/data/0001402436/000156459017002806/ssnc-10k_20161231.htm"}, {"form_type": "8-K", "filings_date": "2017-02-15", "url": "https://www.sec.gov/Archives/edgar/data/0001402436/000156459017001638/ssnc-8k_20170215.htm"}, {"form_type": "SC 13G/A", "filings_date": "2017-02-14", "url": "https://www.sec.gov/Archives/edgar/data/0001402436/000031506617002023/filing.txt"}, {"form_type": "SC 13G/A", "filings_date": "2017-02-10", "url": "https://www.sec.gov/Archives/edgar/data/0001402436/000119312517037816/d335383dsc13ga.htm"}, {"form_type": "SC 13G/A", "filings_date": "2017-02-10", "url": "https://www.sec.gov/Archives/edgar/data/0001402436/000093247117000994/ssctechnologiesholdingsinc.htm"}, {"form_type": "SC 13G", "filings_date": "2017-02-09", "url": "https://www.sec.gov/Archives/edgar/data/0001402436/000090221917000372/SEC13G_Filing.htm"}, {"form_type": "SC 13G/A", "filings_date": "2017-02-07", "url": "https://www.sec.gov/Archives/edgar/data/0001402436/000008025517001188/ssnc13gadec16.txt"}, {"form_type": "SC 13G/A", "filings_date": "2017-01-10", "url": "https://www.sec.gov/Archives/edgar/data/0001402436/000081229517000001/ssnc1102017.txt"}]}