{"company": {"cik": "0001643269", "name": "Sumo Logic, Inc.", "sic": "Services-Prepackaged Software", "state_incorp": "DE", "ticker": "SUMO", "mailing_addr": "305 MAIN STREET, REDWOOD CITY, CA, 94063", "category": "Large accelerated filer", "fiscal_year_end": "31, January"}, "filings": [{"form_type": "4", "filings_date": "2022-03-18", "url": "https://www.sec.gov/Archives/edgar/data/0001643269/000120919122019998/xslF345X03/doc4.xml"}, {"form_type": "4", "filings_date": "2022-03-17", "url": "https://www.sec.gov/Archives/edgar/data/0001643269/000120919122019590/xslF345X03/doc4.xml"}, {"form_type": "4", "filings_date": "2022-03-17", "url": "https://www.sec.gov/Archives/edgar/data/0001643269/000120919122019581/xslF345X03/doc4.xml"}, {"form_type": "4", "filings_date": "2022-03-17", "url": "https://www.sec.gov/Archives/edgar/data/0001643269/000120919122019579/xslF345X03/doc4.xml"}, {"form_type": "4", "filings_date": "2022-03-17", "url": "https://www.sec.gov/Archives/edgar/data/0001643269/000120919122019578/xslF345X03/doc4.xml"}, {"form_type": "4", "filings_date": "2022-03-17", "url": "https://www.sec.gov/Archives/edgar/data/0001643269/000120919122019577/xslF345X03/doc4.xml"}, {"form_type": "S-8", "filings_date": "2022-03-14", "url": "https://www.sec.gov/Archives/edgar/data/0001643269/000164326922000009/sumo-sx8evergreenfy23.htm"}, {"form_type": "10-K", "filings_date": "2022-03-14", "url": "https://www.sec.gov/Archives/edgar/data/0001643269/000164326922000007/sumo-20220131.htm"}, {"form_type": "8-K", "filings_date": "2022-03-08", "url": "https://www.sec.gov/Archives/edgar/data/0001643269/000164326922000002/sumo-20220308.htm"}, {"form_type": "4", "filings_date": "2022-02-24", "url": "https://www.sec.gov/Archives/edgar/data/0001643269/000120919122012659/xslF345X03/doc4.xml"}, {"form_type": "SC 13G/A", "filings_date": "2022-02-14", "url": "https://www.sec.gov/Archives/edgar/data/0001643269/000110465922023229/tm226123d23_sc13ga.htm"}, {"form_type": "SC 13G/A", "filings_date": "2022-02-14", "url": "https://www.sec.gov/Archives/edgar/data/0001643269/000091957422001420/d9179415_13g-a.htm"}, {"form_type": "SC 13G/A", "filings_date": "2022-02-11", "url": "https://www.sec.gov/Archives/edgar/data/0001643269/000117266122000379/sapphire-sumo123121a1.htm"}, {"form_type": "SC 13G/A", "filings_date": "2022-02-11", "url": "https://www.sec.gov/Archives/edgar/data/0001643269/000119312522037009/d213629dsc13ga.htm"}, {"form_type": "SC 13G", "filings_date": "2022-02-10", "url": "https://www.sec.gov/Archives/edgar/data/0001643269/000110465922018648/tv01975-sumologicinc.htm"}, {"form_type": "SC 13G", "filings_date": "2022-02-07", "url": "https://www.sec.gov/Archives/edgar/data/0001643269/000083423722007883/us86646p1030_020722.txt"}, {"form_type": "4", "filings_date": "2022-01-24", "url": "https://www.sec.gov/Archives/edgar/data/0001643269/000120919122004601/xslF345X03/doc4.xml"}, {"form_type": "4", "filings_date": "2022-01-04", "url": "https://www.sec.gov/Archives/edgar/data/0001643269/000120919122000801/xslF345X03/doc4.xml"}, {"form_type": "4", "filings_date": "2021-12-28", "url": "https://www.sec.gov/Archives/edgar/data/0001643269/000120919121071387/xslF345X03/doc4.xml"}, {"form_type": "4", "filings_date": "2021-12-28", "url": "https://www.sec.gov/Archives/edgar/data/0001643269/000120919121071386/xslF345X03/doc4.xml"}, {"form_type": "4", "filings_date": "2021-12-27", "url": "https://www.sec.gov/Archives/edgar/data/0001643269/000120919121071242/xslF345X03/doc4.xml"}, {"form_type": "4/A", "filings_date": "2021-12-23", "url": "https://www.sec.gov/Archives/edgar/data/0001643269/000120919121071146/xslF345X03/doc4a.xml"}, {"form_type": "4/A", "filings_date": "2021-12-23", "url": "https://www.sec.gov/Archives/edgar/data/0001643269/000120919121071144/xslF345X03/doc4a.xml"}, {"form_type": "4/A", "filings_date": "2021-12-23", "url": "https://www.sec.gov/Archives/edgar/data/0001643269/000120919121071141/xslF345X03/doc4a.xml"}, {"form_type": "4", "filings_date": "2021-12-22", "url": "https://www.sec.gov/Archives/edgar/data/0001643269/000120919121070970/xslF345X03/doc4.xml"}, {"form_type": "4", "filings_date": "2021-12-22", "url": "https://www.sec.gov/Archives/edgar/data/0001643269/000120919121070969/xslF345X03/doc4.xml"}, {"form_type": "4", "filings_date": "2021-12-22", "url": "https://www.sec.gov/Archives/edgar/data/0001643269/000120919121070968/xslF345X03/doc4.xml"}, {"form_type": "4", "filings_date": "2021-12-21", "url": "https://www.sec.gov/Archives/edgar/data/0001643269/000120919121070780/xslF345X03/doc4.xml"}, {"form_type": "3", "filings_date": "2021-12-21", "url": "https://www.sec.gov/Archives/edgar/data/0001643269/000120919121070778/xslF345X02/doc3.xml"}, {"form_type": "4", "filings_date": "2021-12-17", "url": "https://www.sec.gov/Archives/edgar/data/0001643269/000120919121070454/xslF345X03/doc4.xml"}, {"form_type": "4", "filings_date": "2021-12-17", "url": "https://www.sec.gov/Archives/edgar/data/0001643269/000120919121070451/xslF345X03/doc4.xml"}, {"form_type": "4", "filings_date": "2021-12-17", "url": "https://www.sec.gov/Archives/edgar/data/0001643269/000120919121070450/xslF345X03/doc4.xml"}, {"form_type": "4", "filings_date": "2021-12-17", "url": "https://www.sec.gov/Archives/edgar/data/0001643269/000120919121070449/xslF345X03/doc4.xml"}, {"form_type": "4", "filings_date": "2021-12-17", "url": "https://www.sec.gov/Archives/edgar/data/0001643269/000120919121070448/xslF345X03/doc4.xml"}, {"form_type": "4", "filings_date": "2021-12-17", "url": "https://www.sec.gov/Archives/edgar/data/0001643269/000120919121070447/xslF345X03/doc4.xml"}, {"form_type": "4", "filings_date": "2021-12-17", "url": "https://www.sec.gov/Archives/edgar/data/0001643269/000120919121070446/xslF345X03/doc4.xml"}, {"form_type": "4", "filings_date": "2021-12-08", "url": "https://www.sec.gov/Archives/edgar/data/0001643269/000120919121068521/xslF345X03/doc4.xml"}, {"form_type": "10-Q", "filings_date": "2021-12-08", "url": "https://www.sec.gov/Archives/edgar/data/0001643269/000164326921000041/sumo-20211031.htm"}, {"form_type": "8-K", "filings_date": "2021-12-06", "url": "https://www.sec.gov/Archives/edgar/data/0001643269/000164326921000039/sumo-20211206.htm"}, {"form_type": "4", "filings_date": "2021-11-23", "url": "https://www.sec.gov/Archives/edgar/data/0001643269/000120919121066523/xslF345X03/doc4.xml"}, {"form_type": "4", "filings_date": "2021-11-19", "url": "https://www.sec.gov/Archives/edgar/data/0001643269/000120919121065811/xslF345X03/doc4.xml"}, {"form_type": "3", "filings_date": "2021-11-01", "url": "https://www.sec.gov/Archives/edgar/data/0001643269/000120919121062229/xslF345X02/doc3.xml"}, {"form_type": "8-K", "filings_date": "2021-11-01", "url": "https://www.sec.gov/Archives/edgar/data/0001643269/000164326921000037/sumo-20211101.htm"}, {"form_type": "4", "filings_date": "2021-10-22", "url": "https://www.sec.gov/Archives/edgar/data/0001643269/000120919121061360/xslF345X03/doc4.xml"}, {"form_type": "4", "filings_date": "2021-10-22", "url": "https://www.sec.gov/Archives/edgar/data/0001643269/000120919121061359/xslF345X03/doc4.xml"}, {"form_type": "4", "filings_date": "2021-09-21", "url": "https://www.sec.gov/Archives/edgar/data/0001643269/000120919121057025/xslF345X03/doc4.xml"}, {"form_type": "4", "filings_date": "2021-09-20", "url": "https://www.sec.gov/Archives/edgar/data/0001643269/000120919121056952/xslF345X03/doc4.xml"}, {"form_type": "4", "filings_date": "2021-09-20", "url": "https://www.sec.gov/Archives/edgar/data/0001643269/000120919121056951/xslF345X03/doc4.xml"}, {"form_type": "4", "filings_date": "2021-09-17", "url": "https://www.sec.gov/Archives/edgar/data/0001643269/000120919121056748/xslF345X03/doc4.xml"}, {"form_type": "4", "filings_date": "2021-09-17", "url": "https://www.sec.gov/Archives/edgar/data/0001643269/000120919121056746/xslF345X03/doc4.xml"}, {"form_type": "4", "filings_date": "2021-09-17", "url": "https://www.sec.gov/Archives/edgar/data/0001643269/000120919121056744/xslF345X03/doc4.xml"}, {"form_type": "4", "filings_date": "2021-09-17", "url": "https://www.sec.gov/Archives/edgar/data/0001643269/000120919121056742/xslF345X03/doc4.xml"}, {"form_type": "4", "filings_date": "2021-09-17", "url": "https://www.sec.gov/Archives/edgar/data/0001643269/000120919121056739/xslF345X03/doc4.xml"}, {"form_type": "4", "filings_date": "2021-09-17", "url": "https://www.sec.gov/Archives/edgar/data/0001643269/000120919121056738/xslF345X03/doc4.xml"}, {"form_type": "4", "filings_date": "2021-09-16", "url": "https://www.sec.gov/Archives/edgar/data/0001643269/000089924321036243/xslF345X03/doc4.xml"}, {"form_type": "10-Q", "filings_date": "2021-09-10", "url": "https://www.sec.gov/Archives/edgar/data/0001643269/000164326921000033/sumo-20210731.htm"}, {"form_type": "4", "filings_date": "2021-09-09", "url": "https://www.sec.gov/Archives/edgar/data/0001643269/000120919121055302/xslF345X03/doc4.xml"}, {"form_type": "3", "filings_date": "2021-09-09", "url": "https://www.sec.gov/Archives/edgar/data/0001643269/000120919121055300/xslF345X02/doc3.xml"}, {"form_type": "8-K", "filings_date": "2021-09-09", "url": "https://www.sec.gov/Archives/edgar/data/0001643269/000164326921000031/sumo-20210909.htm"}, {"form_type": "8-K", "filings_date": "2021-09-09", "url": "https://www.sec.gov/Archives/edgar/data/0001643269/000164326921000026/sumo-20210906.htm"}, {"form_type": "4", "filings_date": "2021-09-08", "url": "https://www.sec.gov/Archives/edgar/data/0001643269/000120919121055128/xslF345X03/doc4.xml"}, {"form_type": "4", "filings_date": "2021-09-08", "url": "https://www.sec.gov/Archives/edgar/data/0001643269/000120919121055127/xslF345X03/doc4.xml"}, {"form_type": "4", "filings_date": "2021-08-24", "url": "https://www.sec.gov/Archives/edgar/data/0001643269/000120919121053125/xslF345X03/doc4.xml"}, {"form_type": "4", "filings_date": "2021-08-20", "url": "https://www.sec.gov/Archives/edgar/data/0001643269/000120919121052791/xslF345X03/doc4.xml"}, {"form_type": "4", "filings_date": "2021-08-04", "url": "https://www.sec.gov/Archives/edgar/data/0001643269/000120919121049601/xslF345X03/doc4.xml"}, {"form_type": "8-K", "filings_date": "2021-08-02", "url": "https://www.sec.gov/Archives/edgar/data/0001643269/000164326921000023/sumo-20210729.htm"}, {"form_type": "4", "filings_date": "2021-07-23", "url": "https://www.sec.gov/Archives/edgar/data/0001643269/000120919121047972/xslF345X03/doc4.xml"}, {"form_type": "4", "filings_date": "2021-07-21", "url": "https://www.sec.gov/Archives/edgar/data/0001643269/000120919121047643/xslF345X03/doc4.xml"}, {"form_type": "4", "filings_date": "2021-07-09", "url": "https://www.sec.gov/Archives/edgar/data/0001643269/000120919121046258/xslF345X03/doc4.xml"}, {"form_type": "4", "filings_date": "2021-07-09", "url": "https://www.sec.gov/Archives/edgar/data/0001643269/000120919121046257/xslF345X03/doc4.xml"}, {"form_type": "8-K", "filings_date": "2021-07-08", "url": "https://www.sec.gov/Archives/edgar/data/0001643269/000164326921000021/sumo-20210706.htm"}, {"form_type": "4", "filings_date": "2021-07-07", "url": "https://www.sec.gov/Archives/edgar/data/0001643269/000120919121045902/xslF345X03/doc4.xml"}, {"form_type": "4", "filings_date": "2021-07-07", "url": "https://www.sec.gov/Archives/edgar/data/0001643269/000120919121045900/xslF345X03/doc4.xml"}, {"form_type": "4", "filings_date": "2021-07-07", "url": "https://www.sec.gov/Archives/edgar/data/0001643269/000120919121045896/xslF345X03/doc4.xml"}, {"form_type": "4", "filings_date": "2021-07-07", "url": "https://www.sec.gov/Archives/edgar/data/0001643269/000120919121045895/xslF345X03/doc4.xml"}, {"form_type": "4", "filings_date": "2021-07-07", "url": "https://www.sec.gov/Archives/edgar/data/0001643269/000120919121045894/xslF345X03/doc4.xml"}, {"form_type": "4", "filings_date": "2021-07-07", "url": "https://www.sec.gov/Archives/edgar/data/0001643269/000120919121045893/xslF345X03/doc4.xml"}, {"form_type": "4", "filings_date": "2021-07-02", "url": "https://www.sec.gov/Archives/edgar/data/0001643269/000120919121044940/xslF345X03/doc4.xml"}, {"form_type": "4/A", "filings_date": "2021-07-02", "url": "https://www.sec.gov/Archives/edgar/data/0001643269/000120919121044917/xslF345X03/doc4a.xml"}, {"form_type": "4", "filings_date": "2021-06-25", "url": "https://www.sec.gov/Archives/edgar/data/0001643269/000120919121043341/xslF345X03/doc4.xml"}, {"form_type": "4", "filings_date": "2021-06-24", "url": "https://www.sec.gov/Archives/edgar/data/0001643269/000120919121043067/xslF345X03/doc4.xml"}, {"form_type": "4", "filings_date": "2021-06-24", "url": "https://www.sec.gov/Archives/edgar/data/0001643269/000120919121043065/xslF345X03/doc4.xml"}, {"form_type": "4", "filings_date": "2021-06-22", "url": "https://www.sec.gov/Archives/edgar/data/0001643269/000120919121042586/xslF345X03/doc4.xml"}, {"form_type": "4", "filings_date": "2021-06-22", "url": "https://www.sec.gov/Archives/edgar/data/0001643269/000120919121042584/xslF345X03/doc4.xml"}, {"form_type": "4", "filings_date": "2021-06-22", "url": "https://www.sec.gov/Archives/edgar/data/0001643269/000120919121042583/xslF345X03/doc4.xml"}, {"form_type": "4", "filings_date": "2021-06-22", "url": "https://www.sec.gov/Archives/edgar/data/0001643269/000120919121042581/xslF345X03/doc4.xml"}, {"form_type": "4", "filings_date": "2021-06-22", "url": "https://www.sec.gov/Archives/edgar/data/0001643269/000120919121042580/xslF345X03/doc4.xml"}, {"form_type": "4", "filings_date": "2021-06-22", "url": "https://www.sec.gov/Archives/edgar/data/0001643269/000120919121042579/xslF345X03/doc4.xml"}, {"form_type": "4", "filings_date": "2021-06-21", "url": "https://www.sec.gov/Archives/edgar/data/0001643269/000120919121042215/xslF345X03/doc4.xml"}, {"form_type": "S-8", "filings_date": "2021-06-21", "url": "https://www.sec.gov/Archives/edgar/data/0001643269/000164326921000018/sumologic-sx8sensuoptionpl.htm"}, {"form_type": "8-K/A", "filings_date": "2021-06-16", "url": "https://www.sec.gov/Archives/edgar/data/0001643269/000164326921000016/sumo-20210527.htm"}, {"form_type": "4", "filings_date": "2021-06-16", "url": "https://www.sec.gov/Archives/edgar/data/0001643269/000120919121040885/xslF345X03/doc4.xml"}, {"form_type": "4", "filings_date": "2021-06-16", "url": "https://www.sec.gov/Archives/edgar/data/0001643269/000120919121040883/xslF345X03/doc4.xml"}, {"form_type": "4", "filings_date": "2021-06-16", "url": "https://www.sec.gov/Archives/edgar/data/0001643269/000120919121040882/xslF345X03/doc4.xml"}, {"form_type": "4", "filings_date": "2021-06-10", "url": "https://www.sec.gov/Archives/edgar/data/0001643269/000089924321023034/xslF345X03/doc4.xml"}, {"form_type": "4", "filings_date": "2021-06-10", "url": "https://www.sec.gov/Archives/edgar/data/0001643269/000120919121039428/xslF345X03/doc4.xml"}, {"form_type": "4", "filings_date": "2021-06-09", "url": "https://www.sec.gov/Archives/edgar/data/0001643269/000120919121039178/xslF345X03/doc4.xml"}, {"form_type": "10-Q", "filings_date": "2021-06-04", "url": "https://www.sec.gov/Archives/edgar/data/0001643269/000164326921000014/sumo-20210430.htm"}, {"form_type": "4", "filings_date": "2021-06-03", "url": "https://www.sec.gov/Archives/edgar/data/0001643269/000120919121037708/xslF345X03/doc4.xml"}, {"form_type": "8-K", "filings_date": "2021-06-03", "url": "https://www.sec.gov/Archives/edgar/data/0001643269/000164326921000012/sumo-20210603.htm"}, {"form_type": "8-K", "filings_date": "2021-06-02", "url": "https://www.sec.gov/Archives/edgar/data/0001643269/000164326921000010/sumo-20210527.htm"}, {"form_type": "4", "filings_date": "2021-05-24", "url": "https://www.sec.gov/Archives/edgar/data/0001643269/000120919121035331/xslF345X03/doc4.xml"}, {"form_type": "DEFA14A", "filings_date": "2021-05-21", "url": "https://www.sec.gov/Archives/edgar/data/0001643269/000114036121018355/nc10023708x2_defa14a.htm"}, {"form_type": "DEF 14A", "filings_date": "2021-05-21", "url": "https://www.sec.gov/Archives/edgar/data/0001643269/000114036121018354/nc10023708x1_def14a.htm"}, {"form_type": "4", "filings_date": "2021-05-05", "url": "https://www.sec.gov/Archives/edgar/data/0001643269/000120919121030293/xslF345X03/doc4.xml"}, {"form_type": "4", "filings_date": "2021-04-22", "url": "https://www.sec.gov/Archives/edgar/data/0001643269/000120919121027984/xslF345X03/doc4.xml"}, {"form_type": "4", "filings_date": "2021-04-02", "url": "https://www.sec.gov/Archives/edgar/data/0001643269/000120919121024897/xslF345X03/doc4.xml"}, {"form_type": "4", "filings_date": "2021-04-01", "url": "https://www.sec.gov/Archives/edgar/data/0001643269/000120919121024130/xslF345X03/doc4.xml"}, {"form_type": "4", "filings_date": "2021-03-25", "url": "https://www.sec.gov/Archives/edgar/data/0001643269/000120919121023084/xslF345X03/doc4.xml"}, {"form_type": "4", "filings_date": "2021-03-23", "url": "https://www.sec.gov/Archives/edgar/data/0001643269/000120919121022761/xslF345X03/doc4.xml"}, {"form_type": "4", "filings_date": "2021-03-23", "url": "https://www.sec.gov/Archives/edgar/data/0001643269/000120919121022759/xslF345X03/doc4.xml"}, {"form_type": "4", "filings_date": "2021-03-19", "url": "https://www.sec.gov/Archives/edgar/data/0001643269/000120919121022169/xslF345X03/doc4.xml"}, {"form_type": "4", "filings_date": "2021-03-19", "url": "https://www.sec.gov/Archives/edgar/data/0001643269/000120919121022141/xslF345X03/doc4.xml"}, {"form_type": "4", "filings_date": "2021-03-17", "url": "https://www.sec.gov/Archives/edgar/data/0001643269/000120919121021580/xslF345X03/doc4.xml"}, {"form_type": "4", "filings_date": "2021-03-17", "url": "https://www.sec.gov/Archives/edgar/data/0001643269/000120919121021579/xslF345X03/doc4.xml"}, {"form_type": "4", "filings_date": "2021-03-17", "url": "https://www.sec.gov/Archives/edgar/data/0001643269/000120919121021578/xslF345X03/doc4.xml"}, {"form_type": "4", "filings_date": "2021-03-17", "url": "https://www.sec.gov/Archives/edgar/data/0001643269/000120919121021577/xslF345X03/doc4.xml"}, {"form_type": "4", "filings_date": "2021-03-17", "url": "https://www.sec.gov/Archives/edgar/data/0001643269/000120919121021576/xslF345X03/doc4.xml"}, {"form_type": "4", "filings_date": "2021-03-17", "url": "https://www.sec.gov/Archives/edgar/data/0001643269/000120919121021575/xslF345X03/doc4.xml"}, {"form_type": "4", "filings_date": "2021-03-17", "url": "https://www.sec.gov/Archives/edgar/data/0001643269/000120919121021574/xslF345X03/doc4.xml"}, {"form_type": "4", "filings_date": "2021-03-17", "url": "https://www.sec.gov/Archives/edgar/data/0001643269/000120919121021573/xslF345X03/doc4.xml"}, {"form_type": "4", "filings_date": "2021-03-17", "url": "https://www.sec.gov/Archives/edgar/data/0001643269/000089924321012168/xslF345X03/doc4.xml"}, {"form_type": "S-8", "filings_date": "2021-03-15", "url": "https://www.sec.gov/Archives/edgar/data/0001643269/000164326921000008/sumo-sx8evergreenfy22.htm"}, {"form_type": "10-K", "filings_date": "2021-03-12", "url": "https://www.sec.gov/Archives/edgar/data/0001643269/000164326921000006/sumo-20210131.htm"}, {"form_type": "8-K", "filings_date": "2021-03-10", "url": "https://www.sec.gov/Archives/edgar/data/0001643269/000164326921000004/sumo-20210310.htm"}, {"form_type": "3/A", "filings_date": "2021-03-05", "url": "https://www.sec.gov/Archives/edgar/data/0001643269/000089924321010204/xslF345X02/doc3a.xml"}, {"form_type": "4/A", "filings_date": "2021-03-05", "url": "https://www.sec.gov/Archives/edgar/data/0001643269/000089924321010201/xslF345X03/doc4a.xml"}, {"form_type": "SC 13G/A", "filings_date": "2021-02-16", "url": "https://www.sec.gov/Archives/edgar/data/0001643269/000091957421001598/d8799635_13g-a.htm"}, {"form_type": "SC 13G", "filings_date": "2021-02-16", "url": "https://www.sec.gov/Archives/edgar/data/0001643269/000117266121000725/sapphire-sumo123120.htm"}, {"form_type": "SC 13G", "filings_date": "2021-02-16", "url": "https://www.sec.gov/Archives/edgar/data/0001643269/000110465921023117/tm216617d4_sc13g.htm"}, {"form_type": "8-K", "filings_date": "2021-02-12", "url": "https://www.sec.gov/Archives/edgar/data/0001643269/000164326921000002/sumo-20210208.htm"}, {"form_type": "SC 13G", "filings_date": "2021-02-12", "url": "https://www.sec.gov/Archives/edgar/data/0001643269/000119312521041091/d20939dsc13g.htm"}, {"form_type": "4", "filings_date": "2020-12-08", "url": "https://www.sec.gov/Archives/edgar/data/0001643269/000089924320033017/xslF345X03/doc4.xml"}, {"form_type": "3", "filings_date": "2020-12-08", "url": "https://www.sec.gov/Archives/edgar/data/0001643269/000089924320033016/xslF345X02/doc3.xml"}, {"form_type": "10-Q", "filings_date": "2020-12-08", "url": "https://www.sec.gov/Archives/edgar/data/0001643269/000164326920000008/sumo-20201031.htm"}, {"form_type": "8-K", "filings_date": "2020-12-07", "url": "https://www.sec.gov/Archives/edgar/data/0001643269/000164326920000004/sumo-20201204.htm"}, {"form_type": "SC 13G", "filings_date": "2020-09-28", "url": "https://www.sec.gov/Archives/edgar/data/0001643269/000091957420006045/d8624228_13-g.htm"}, {"form_type": "4", "filings_date": "2020-09-21", "url": "https://www.sec.gov/Archives/edgar/data/0001643269/000089924320025824/xslF345X03/doc4.xml"}, {"form_type": "4", "filings_date": "2020-09-21", "url": "https://www.sec.gov/Archives/edgar/data/0001643269/000089924320025822/xslF345X03/doc4.xml"}, {"form_type": "4", "filings_date": "2020-09-21", "url": "https://www.sec.gov/Archives/edgar/data/0001643269/000089924320025821/xslF345X03/doc4.xml"}, {"form_type": "S-8", "filings_date": "2020-09-17", "url": "https://www.sec.gov/Archives/edgar/data/0001643269/000119312520248092/d53529ds8.htm"}, {"form_type": "424B4", "filings_date": "2020-09-17", "url": "https://www.sec.gov/Archives/edgar/data/0001643269/000119312520248044/d821436d424b4.htm"}, {"form_type": "EFFECT", "filings_date": "2020-09-16", "url": "https://www.sec.gov/Archives/edgar/data/0001643269/999999999520002465/xslEFFECTX01/primary_doc.xml"}, {"form_type": "3", "filings_date": "2020-09-16", "url": "https://www.sec.gov/Archives/edgar/data/0001643269/000089924320025393/xslF345X02/doc3.xml"}, {"form_type": "3", "filings_date": "2020-09-16", "url": "https://www.sec.gov/Archives/edgar/data/0001643269/000089924320025391/xslF345X02/doc3.xml"}, {"form_type": "3", "filings_date": "2020-09-16", "url": "https://www.sec.gov/Archives/edgar/data/0001643269/000089924320025388/xslF345X02/doc3.xml"}, {"form_type": "3", "filings_date": "2020-09-16", "url": "https://www.sec.gov/Archives/edgar/data/0001643269/000089924320025387/xslF345X02/doc3.xml"}, {"form_type": "3", "filings_date": "2020-09-16", "url": "https://www.sec.gov/Archives/edgar/data/0001643269/000089924320025385/xslF345X02/doc3.xml"}, {"form_type": "3", "filings_date": "2020-09-16", "url": "https://www.sec.gov/Archives/edgar/data/0001643269/000089924320025383/xslF345X02/doc3.xml"}, {"form_type": "3", "filings_date": "2020-09-16", "url": "https://www.sec.gov/Archives/edgar/data/0001643269/000089924320025382/xslF345X02/doc3.xml"}, {"form_type": "3", "filings_date": "2020-09-16", "url": "https://www.sec.gov/Archives/edgar/data/0001643269/000089924320025380/xslF345X02/doc3.xml"}, {"form_type": "3", "filings_date": "2020-09-16", "url": "https://www.sec.gov/Archives/edgar/data/0001643269/000089924320025377/xslF345X02/doc3.xml"}, {"form_type": "3", "filings_date": "2020-09-16", "url": "https://www.sec.gov/Archives/edgar/data/0001643269/000089924320025375/xslF345X02/doc3.xml"}, {"form_type": "3", "filings_date": "2020-09-16", "url": "https://www.sec.gov/Archives/edgar/data/0001643269/000089924320025373/xslF345X02/doc3.xml"}, {"form_type": "3", "filings_date": "2020-09-16", "url": "https://www.sec.gov/Archives/edgar/data/0001643269/000089924320025371/xslF345X02/doc3.xml"}, {"form_type": "3", "filings_date": "2020-09-16", "url": "https://www.sec.gov/Archives/edgar/data/0001643269/000089924320025369/xslF345X02/doc3.xml"}, {"form_type": "CERT", "filings_date": "2020-09-16", "url": "https://www.sec.gov/Archives/edgar/data/0001643269/000135445720000471/SUMO_8A_Cert_IPO.pdf"}, {"form_type": "CORRESP", "filings_date": "2020-09-14", "url": "https://www.sec.gov/Archives/edgar/data/0001643269/000119312520245022/filename1.htm"}, {"form_type": "8-A12B", "filings_date": "2020-09-09", "url": "https://www.sec.gov/Archives/edgar/data/0001643269/000119312520242171/d48021d8a12b.htm"}, {"form_type": "S-1/A", "filings_date": "2020-09-08", "url": "https://www.sec.gov/Archives/edgar/data/0001643269/000119312520240445/d821436ds1a.htm"}, {"form_type": "S-1/A", "filings_date": "2020-08-31", "url": "https://www.sec.gov/Archives/edgar/data/0001643269/000119312520236213/d821436ds1a.htm"}, {"form_type": "CORRESP", "filings_date": "2020-08-27", "url": "https://www.sec.gov/Archives/edgar/data/0001643269/000119312520233115/filename1.htm"}, {"form_type": "S-1", "filings_date": "2020-08-24", "url": "https://www.sec.gov/Archives/edgar/data/0001643269/000119312520227201/d821436ds1.htm"}, {"form_type": "DRS/A", "filings_date": "2020-07-20", "url": "https://www.sec.gov/Archives/edgar/data/0001643269/000095012320007029/filename1.htm"}, {"form_type": "DRSLTR", "filings_date": "2020-07-17", "url": "https://www.sec.gov/Archives/edgar/data/0001643269/000095012320007030/filename1.htm"}, {"form_type": "UPLOAD", "filings_date": "2020-04-21", "url": "https://www.sec.gov/Archives/edgar/data/0001643269/000000000020003419/filename1.pdf"}, {"form_type": "DRS/A", "filings_date": "2020-04-08", "url": "https://www.sec.gov/Archives/edgar/data/0001643269/000095012320003169/filename1.htm"}, {"form_type": "DRS/A", "filings_date": "2020-03-09", "url": "https://www.sec.gov/Archives/edgar/data/0001643269/000095012320002784/filename1.htm"}, {"form_type": "DRSLTR", "filings_date": "2020-03-06", "url": "https://www.sec.gov/Archives/edgar/data/0001643269/000095012320002785/filename1.htm"}, {"form_type": "UPLOAD", "filings_date": "2020-02-04", "url": "https://www.sec.gov/Archives/edgar/data/0001643269/000000000020001066/filename1.pdf"}, {"form_type": "DRS/A", "filings_date": "2020-01-21", "url": "https://www.sec.gov/Archives/edgar/data/0001643269/000095012320000352/filename1.htm"}, {"form_type": "DRSLTR", "filings_date": "2020-01-17", "url": "https://www.sec.gov/Archives/edgar/data/0001643269/000095012320000354/filename1.htm"}, {"form_type": "UPLOAD", "filings_date": "2019-12-19", "url": "https://www.sec.gov/Archives/edgar/data/0001643269/000000000019016631/filename1.pdf"}, {"form_type": "DRS", "filings_date": "2019-11-22", "url": "https://www.sec.gov/Archives/edgar/data/0001643269/000095012319011588/filename1.htm"}, {"form_type": "D", "filings_date": "2019-05-14", "url": "https://www.sec.gov/Archives/edgar/data/0001643269/000164326919000001/xslFormDX01/primary_doc.xml"}]}