{"company": {"cik": "0001739936", "name": "MOMENTIVE GLOBAL INC.", "sic": "Services-Computer Programming, Data Processing, Etc.", "state_incorp": "DE", "ticker": "MNTV", "mailing_addr": "ONE CURIOSITY WAY, SAN MATEO, CA, 94403", "category": "Large accelerated filer", "fiscal_year_end": "31, December"}, "filings": [{"form_type": "4", "filings_date": "2022-03-15", "url": "https://www.sec.gov/Archives/edgar/data/0001739936/000120919122018972/xslF345X03/doc4.xml"}, {"form_type": "3", "filings_date": "2022-03-11", "url": "https://www.sec.gov/Archives/edgar/data/0001739936/000120919122018335/xslF345X02/doc3.xml"}, {"form_type": "3", "filings_date": "2022-03-11", "url": "https://www.sec.gov/Archives/edgar/data/0001739936/000120919122018325/xslF345X02/doc3.xml"}, {"form_type": "SC 13G", "filings_date": "2022-03-11", "url": "https://www.sec.gov/Archives/edgar/data/0001739936/000083423722009124/us60878y1082_031122.txt"}, {"form_type": "SC 13G/A", "filings_date": "2022-03-10", "url": "https://www.sec.gov/Archives/edgar/data/0001739936/000031506622001486/filing.txt"}, {"form_type": "S-8", "filings_date": "2022-03-08", "url": "https://www.sec.gov/Archives/edgar/data/0001739936/000119312522069275/d295578ds8.htm"}, {"form_type": "4", "filings_date": "2022-03-01", "url": "https://www.sec.gov/Archives/edgar/data/0001739936/000120919122014421/xslF345X03/doc4.xml"}, {"form_type": "4", "filings_date": "2022-03-01", "url": "https://www.sec.gov/Archives/edgar/data/0001739936/000120919122014420/xslF345X03/doc4.xml"}, {"form_type": "4", "filings_date": "2022-03-01", "url": "https://www.sec.gov/Archives/edgar/data/0001739936/000120919122014419/xslF345X03/doc4.xml"}, {"form_type": "4", "filings_date": "2022-03-01", "url": "https://www.sec.gov/Archives/edgar/data/0001739936/000120919122014418/xslF345X03/doc4.xml"}, {"form_type": "8-K", "filings_date": "2022-02-28", "url": "https://www.sec.gov/Archives/edgar/data/0001739936/000119312522056288/d284383d8k.htm"}, {"form_type": "4", "filings_date": "2022-02-22", "url": "https://www.sec.gov/Archives/edgar/data/0001739936/000120919122011989/xslF345X03/doc4.xml"}, {"form_type": "4", "filings_date": "2022-02-18", "url": "https://www.sec.gov/Archives/edgar/data/0001739936/000120919122011355/xslF345X03/doc4.xml"}, {"form_type": "4", "filings_date": "2022-02-18", "url": "https://www.sec.gov/Archives/edgar/data/0001739936/000120919122011354/xslF345X03/doc4.xml"}, {"form_type": "4", "filings_date": "2022-02-18", "url": "https://www.sec.gov/Archives/edgar/data/0001739936/000120919122011353/xslF345X03/doc4.xml"}, {"form_type": "4", "filings_date": "2022-02-18", "url": "https://www.sec.gov/Archives/edgar/data/0001739936/000120919122011351/xslF345X03/doc4.xml"}, {"form_type": "4", "filings_date": "2022-02-18", "url": "https://www.sec.gov/Archives/edgar/data/0001739936/000120919122011352/xslF345X03/doc4.xml"}, {"form_type": "4", "filings_date": "2022-02-18", "url": "https://www.sec.gov/Archives/edgar/data/0001739936/000120919122011350/xslF345X03/doc4.xml"}, {"form_type": "425", "filings_date": "2022-02-16", "url": "https://www.sec.gov/Archives/edgar/data/0001739936/000119312522044358/d308625d425.htm"}, {"form_type": "10-K", "filings_date": "2022-02-14", "url": "https://www.sec.gov/Archives/edgar/data/0001739936/000095017022001217/mntv-20211231.htm"}, {"form_type": "SC 13G", "filings_date": "2022-02-14", "url": "https://www.sec.gov/Archives/edgar/data/0001739936/000117266122000518/spyglass-mntv123121.htm"}, {"form_type": "SC 13G/A", "filings_date": "2022-02-14", "url": "https://www.sec.gov/Archives/edgar/data/0001739936/000134100422000060/sc13ga3.htm"}, {"form_type": "425", "filings_date": "2022-02-11", "url": "https://www.sec.gov/Archives/edgar/data/0001739936/000119312522037275/d307203d425.htm"}, {"form_type": "425", "filings_date": "2022-02-11", "url": "https://www.sec.gov/Archives/edgar/data/0001739936/000119312522037094/d331443d425.htm"}, {"form_type": "425", "filings_date": "2022-02-11", "url": "https://www.sec.gov/Archives/edgar/data/0001739936/000119312522037060/d331528d425.htm"}, {"form_type": "SC 13G/A", "filings_date": "2022-02-11", "url": "https://www.sec.gov/Archives/edgar/data/0001739936/000156459022004783/mntv-sc13ga.htm"}, {"form_type": "425", "filings_date": "2022-02-10", "url": "https://www.sec.gov/Archives/edgar/data/0001739936/000119312522034680/d253574d425.htm"}, {"form_type": "8-K", "filings_date": "2022-02-10", "url": "https://www.sec.gov/Archives/edgar/data/0001739936/000095017022001073/mntv-20220210.htm"}, {"form_type": "SC 13G", "filings_date": "2022-02-10", "url": "https://www.sec.gov/Archives/edgar/data/0001739936/000134888322000023/mome21in1.htm"}, {"form_type": "SC 13G/A", "filings_date": "2022-02-10", "url": "https://www.sec.gov/Archives/edgar/data/0001739936/000110465922018117/tv01453-momentiveglobalinc.htm"}, {"form_type": "SC 13G/A", "filings_date": "2022-02-09", "url": "https://www.sec.gov/Archives/edgar/data/0001739936/000031506622001109/filing.txt"}, {"form_type": "SC 13G", "filings_date": "2022-02-08", "url": "https://www.sec.gov/Archives/edgar/data/0001739936/000083423722008324/us60878y1082_020822.txt"}, {"form_type": "425", "filings_date": "2022-02-07", "url": "https://www.sec.gov/Archives/edgar/data/0001739936/000119312522029126/d255289d425.htm"}, {"form_type": "425", "filings_date": "2022-02-03", "url": "https://www.sec.gov/Archives/edgar/data/0001739936/000119312522027008/d300966d425.htm"}, {"form_type": "425", "filings_date": "2022-02-02", "url": "https://www.sec.gov/Archives/edgar/data/0001739936/000119312522025922/d147620d425.htm"}, {"form_type": "425", "filings_date": "2022-01-27", "url": "https://www.sec.gov/Archives/edgar/data/0001739936/000119312522019914/d155824d425.htm"}, {"form_type": "425", "filings_date": "2022-01-27", "url": "https://www.sec.gov/Archives/edgar/data/0001739936/000119312522019894/d282347d425.htm"}, {"form_type": "425", "filings_date": "2022-01-27", "url": "https://www.sec.gov/Archives/edgar/data/0001739936/000119312522019860/d245175d425.htm"}, {"form_type": "425", "filings_date": "2022-01-27", "url": "https://www.sec.gov/Archives/edgar/data/0001739936/000119312522019059/d286194d425.htm"}, {"form_type": "425", "filings_date": "2022-01-24", "url": "https://www.sec.gov/Archives/edgar/data/0001739936/000119312522016119/d295711d425.htm"}, {"form_type": "425", "filings_date": "2022-01-19", "url": "https://www.sec.gov/Archives/edgar/data/0001739936/000119312522012537/d477772d425.htm"}, {"form_type": "425", "filings_date": "2022-01-14", "url": "https://www.sec.gov/Archives/edgar/data/0001739936/000119312522010059/d280701d425.htm"}, {"form_type": "425", "filings_date": "2022-01-13", "url": "https://www.sec.gov/Archives/edgar/data/0001739936/000119312522008707/d295496d425.htm"}, {"form_type": "425", "filings_date": "2022-01-07", "url": "https://www.sec.gov/Archives/edgar/data/0001739936/000119312522004441/d268046d425.htm"}, {"form_type": "425", "filings_date": "2022-01-07", "url": "https://www.sec.gov/Archives/edgar/data/0001739936/000119312522004111/d233548d425.htm"}, {"form_type": "8-K", "filings_date": "2022-01-07", "url": "https://www.sec.gov/Archives/edgar/data/0001739936/000119312522004109/d233548d8k.htm"}, {"form_type": "DEFM14A", "filings_date": "2022-01-07", "url": "https://www.sec.gov/Archives/edgar/data/0001739936/000119312522004106/d259799ddefm14a.htm"}, {"form_type": "425", "filings_date": "2022-01-05", "url": "https://www.sec.gov/Archives/edgar/data/0001739936/000119312522002732/d235295d425.htm"}, {"form_type": "425", "filings_date": "2021-12-17", "url": "https://www.sec.gov/Archives/edgar/data/0001739936/000119312521361063/d268884d425.htm"}, {"form_type": "425", "filings_date": "2021-12-14", "url": "https://www.sec.gov/Archives/edgar/data/0001739936/000119312521356885/d635400d425.htm"}, {"form_type": "425", "filings_date": "2021-12-07", "url": "https://www.sec.gov/Archives/edgar/data/0001739936/000119312521350306/d253200d425.htm"}, {"form_type": "4", "filings_date": "2021-11-24", "url": "https://www.sec.gov/Archives/edgar/data/0001739936/000120919121066706/xslF345X03/doc4.xml"}, {"form_type": "4", "filings_date": "2021-11-24", "url": "https://www.sec.gov/Archives/edgar/data/0001739936/000120919121066705/xslF345X03/doc4.xml"}, {"form_type": "4", "filings_date": "2021-11-24", "url": "https://www.sec.gov/Archives/edgar/data/0001739936/000120919121066704/xslF345X03/doc4.xml"}, {"form_type": "4", "filings_date": "2021-11-24", "url": "https://www.sec.gov/Archives/edgar/data/0001739936/000120919121066703/xslF345X03/doc4.xml"}, {"form_type": "425", "filings_date": "2021-11-23", "url": "https://www.sec.gov/Archives/edgar/data/0001739936/000119312521338432/d221948d425.htm"}, {"form_type": "425", "filings_date": "2021-11-19", "url": "https://www.sec.gov/Archives/edgar/data/0001739936/000119312521335377/d197565d425.htm"}, {"form_type": "4", "filings_date": "2021-11-18", "url": "https://www.sec.gov/Archives/edgar/data/0001739936/000120919121065675/xslF345X03/doc4.xml"}, {"form_type": "4", "filings_date": "2021-11-18", "url": "https://www.sec.gov/Archives/edgar/data/0001739936/000120919121065674/xslF345X03/doc4.xml"}, {"form_type": "4", "filings_date": "2021-11-18", "url": "https://www.sec.gov/Archives/edgar/data/0001739936/000120919121065672/xslF345X03/doc4.xml"}, {"form_type": "4", "filings_date": "2021-11-18", "url": "https://www.sec.gov/Archives/edgar/data/0001739936/000120919121065671/xslF345X03/doc4.xml"}, {"form_type": "4", "filings_date": "2021-11-18", "url": "https://www.sec.gov/Archives/edgar/data/0001739936/000120919121065670/xslF345X03/doc4.xml"}, {"form_type": "4", "filings_date": "2021-11-18", "url": "https://www.sec.gov/Archives/edgar/data/0001739936/000120919121065669/xslF345X03/doc4.xml"}, {"form_type": "425", "filings_date": "2021-11-18", "url": "https://www.sec.gov/Archives/edgar/data/0001739936/000119312521332753/d257165d425.htm"}, {"form_type": "425", "filings_date": "2021-11-17", "url": "https://www.sec.gov/Archives/edgar/data/0001739936/000119312521332483/d401948d425.htm"}, {"form_type": "10-Q", "filings_date": "2021-11-09", "url": "https://www.sec.gov/Archives/edgar/data/0001739936/000095017021003722/mntv-20210930.htm"}, {"form_type": "8-K", "filings_date": "2021-11-09", "url": "https://www.sec.gov/Archives/edgar/data/0001739936/000095017021003581/mntv-20211109.htm"}, {"form_type": "425", "filings_date": "2021-11-01", "url": "https://www.sec.gov/Archives/edgar/data/0001739936/000119312521315506/d153549d425.htm"}, {"form_type": "425", "filings_date": "2021-11-01", "url": "https://www.sec.gov/Archives/edgar/data/0001739936/000119312521315497/d242967d425.htm"}, {"form_type": "425", "filings_date": "2021-11-01", "url": "https://www.sec.gov/Archives/edgar/data/0001739936/000119312521315486/d134896d425.htm"}, {"form_type": "425", "filings_date": "2021-11-01", "url": "https://www.sec.gov/Archives/edgar/data/0001739936/000119312521315475/d130496d425.htm"}, {"form_type": "425", "filings_date": "2021-11-01", "url": "https://www.sec.gov/Archives/edgar/data/0001739936/000119312521313725/d229027d425.htm"}, {"form_type": "425", "filings_date": "2021-10-29", "url": "https://www.sec.gov/Archives/edgar/data/0001739936/000119312521313525/d253890d425.htm"}, {"form_type": "425", "filings_date": "2021-10-29", "url": "https://www.sec.gov/Archives/edgar/data/0001739936/000119312521313513/d187554d425.htm"}, {"form_type": "8-K", "filings_date": "2021-10-29", "url": "https://www.sec.gov/Archives/edgar/data/0001739936/000119312521313506/d253890d8k.htm"}, {"form_type": "425", "filings_date": "2021-10-29", "url": "https://www.sec.gov/Archives/edgar/data/0001739936/000119312521313498/d251199d425.htm"}, {"form_type": "425", "filings_date": "2021-10-29", "url": "https://www.sec.gov/Archives/edgar/data/0001739936/000119312521313329/d243768d425.htm"}, {"form_type": "425", "filings_date": "2021-10-29", "url": "https://www.sec.gov/Archives/edgar/data/0001739936/000119312521313318/d250981d425.htm"}, {"form_type": "425", "filings_date": "2021-10-29", "url": "https://www.sec.gov/Archives/edgar/data/0001739936/000119312521311898/d238771d425.htm"}, {"form_type": "425", "filings_date": "2021-10-29", "url": "https://www.sec.gov/Archives/edgar/data/0001739936/000119312521311896/d239081d425.htm"}, {"form_type": "425", "filings_date": "2021-10-29", "url": "https://www.sec.gov/Archives/edgar/data/0001739936/000119312521311895/d241458d425.htm"}, {"form_type": "425", "filings_date": "2021-10-29", "url": "https://www.sec.gov/Archives/edgar/data/0001739936/000119312521311891/d251270d425.htm"}, {"form_type": "425", "filings_date": "2021-10-29", "url": "https://www.sec.gov/Archives/edgar/data/0001739936/000119312521311563/d200580d425.htm"}, {"form_type": "4", "filings_date": "2021-10-28", "url": "https://www.sec.gov/Archives/edgar/data/0001739936/000120919121062000/xslF345X03/doc4.xml"}, {"form_type": "4", "filings_date": "2021-10-28", "url": "https://www.sec.gov/Archives/edgar/data/0001739936/000120919121061998/xslF345X03/doc4.xml"}, {"form_type": "425", "filings_date": "2021-10-28", "url": "https://www.sec.gov/Archives/edgar/data/0001739936/000119312521311549/d247977d425.htm"}, {"form_type": "425", "filings_date": "2021-10-28", "url": "https://www.sec.gov/Archives/edgar/data/0001739936/000119312521311496/d190326d425.htm"}, {"form_type": "8-K", "filings_date": "2021-10-28", "url": "https://www.sec.gov/Archives/edgar/data/0001739936/000119312521311487/d190326d8k.htm"}, {"form_type": "8-K", "filings_date": "2021-10-28", "url": "https://www.sec.gov/Archives/edgar/data/0001739936/000119312521311426/d167741d8k.htm"}, {"form_type": "4", "filings_date": "2021-10-15", "url": "https://www.sec.gov/Archives/edgar/data/0001739936/000120919121060640/xslF345X03/doc4.xml"}, {"form_type": "4", "filings_date": "2021-10-13", "url": "https://www.sec.gov/Archives/edgar/data/0001739936/000120919121060436/xslF345X03/doc4.xml"}, {"form_type": "4", "filings_date": "2021-10-13", "url": "https://www.sec.gov/Archives/edgar/data/0001739936/000120919121060432/xslF345X03/doc4.xml"}, {"form_type": "4", "filings_date": "2021-10-13", "url": "https://www.sec.gov/Archives/edgar/data/0001739936/000120919121060431/xslF345X03/doc4.xml"}, {"form_type": "4", "filings_date": "2021-10-08", "url": "https://www.sec.gov/Archives/edgar/data/0001739936/000120919121060127/xslF345X03/doc4.xml"}, {"form_type": "4", "filings_date": "2021-09-09", "url": "https://www.sec.gov/Archives/edgar/data/0001739936/000120919121055284/xslF345X03/doc4.xml"}, {"form_type": "4", "filings_date": "2021-08-27", "url": "https://www.sec.gov/Archives/edgar/data/0001739936/000120919121053715/xslF345X03/doc4.xml"}, {"form_type": "4", "filings_date": "2021-08-23", "url": "https://www.sec.gov/Archives/edgar/data/0001739936/000120919121053038/xslF345X03/doc4.xml"}, {"form_type": "4", "filings_date": "2021-08-23", "url": "https://www.sec.gov/Archives/edgar/data/0001739936/000120919121053036/xslF345X03/doc4.xml"}, {"form_type": "4", "filings_date": "2021-08-23", "url": "https://www.sec.gov/Archives/edgar/data/0001739936/000120919121053032/xslF345X03/doc4.xml"}, {"form_type": "4", "filings_date": "2021-08-23", "url": "https://www.sec.gov/Archives/edgar/data/0001739936/000120919121053031/xslF345X03/doc4.xml"}, {"form_type": "4", "filings_date": "2021-08-23", "url": "https://www.sec.gov/Archives/edgar/data/0001739936/000120919121053028/xslF345X03/doc4.xml"}, {"form_type": "4", "filings_date": "2021-08-23", "url": "https://www.sec.gov/Archives/edgar/data/0001739936/000120919121053027/xslF345X03/doc4.xml"}, {"form_type": "4", "filings_date": "2021-08-23", "url": "https://www.sec.gov/Archives/edgar/data/0001739936/000120919121053024/xslF345X03/doc4.xml"}, {"form_type": "4/A", "filings_date": "2021-08-10", "url": "https://www.sec.gov/Archives/edgar/data/0001739936/000120919121050744/xslF345X03/doc4a.xml"}, {"form_type": "4", "filings_date": "2021-08-10", "url": "https://www.sec.gov/Archives/edgar/data/0001739936/000120919121050740/xslF345X03/doc4.xml"}, {"form_type": "4", "filings_date": "2021-08-10", "url": "https://www.sec.gov/Archives/edgar/data/0001739936/000120919121050738/xslF345X03/doc4.xml"}, {"form_type": "4", "filings_date": "2021-08-10", "url": "https://www.sec.gov/Archives/edgar/data/0001739936/000120919121050736/xslF345X03/doc4.xml"}, {"form_type": "4", "filings_date": "2021-08-10", "url": "https://www.sec.gov/Archives/edgar/data/0001739936/000120919121050735/xslF345X03/doc4.xml"}, {"form_type": "4", "filings_date": "2021-08-10", "url": "https://www.sec.gov/Archives/edgar/data/0001739936/000120919121050734/xslF345X03/doc4.xml"}, {"form_type": "4", "filings_date": "2021-08-10", "url": "https://www.sec.gov/Archives/edgar/data/0001739936/000120919121050733/xslF345X03/doc4.xml"}, {"form_type": "4", "filings_date": "2021-08-10", "url": "https://www.sec.gov/Archives/edgar/data/0001739936/000120919121050732/xslF345X03/doc4.xml"}, {"form_type": "4", "filings_date": "2021-08-10", "url": "https://www.sec.gov/Archives/edgar/data/0001739936/000120919121050731/xslF345X03/doc4.xml"}, {"form_type": "10-Q", "filings_date": "2021-08-05", "url": "https://www.sec.gov/Archives/edgar/data/0001739936/000156459021041563/mntv-10q_20210630.htm"}, {"form_type": "8-K", "filings_date": "2021-08-04", "url": "https://www.sec.gov/Archives/edgar/data/0001739936/000156459021040798/mntv-8k_20210804.htm"}, {"form_type": "8-K", "filings_date": "2021-07-23", "url": "https://www.sec.gov/Archives/edgar/data/0001739936/000156459021037737/mntv-8k_20210719.htm"}, {"form_type": "4", "filings_date": "2021-07-22", "url": "https://www.sec.gov/Archives/edgar/data/0001739936/000120919121047811/xslF345X03/doc4.xml"}, {"form_type": "3", "filings_date": "2021-07-02", "url": "https://www.sec.gov/Archives/edgar/data/0001739936/000120919121045191/xslF345X02/doc3.xml"}, {"form_type": "4", "filings_date": "2021-06-22", "url": "https://www.sec.gov/Archives/edgar/data/0001739936/000120919121042564/xslF345X03/doc4.xml"}, {"form_type": "8-K", "filings_date": "2021-06-21", "url": "https://www.sec.gov/Archives/edgar/data/0001739936/000156459021033610/mntv-8k_20210615.htm"}, {"form_type": "4", "filings_date": "2021-06-17", "url": "https://www.sec.gov/Archives/edgar/data/0001739936/000120919121041748/xslF345X03/doc4.xml"}, {"form_type": "4", "filings_date": "2021-06-11", "url": "https://www.sec.gov/Archives/edgar/data/0001739936/000120919121039888/xslF345X03/doc4.xml"}, {"form_type": "8-K", "filings_date": "2021-06-07", "url": "https://www.sec.gov/Archives/edgar/data/0001739936/000156459021031936/svmk-8k_20210602.htm"}, {"form_type": "4", "filings_date": "2021-05-26", "url": "https://www.sec.gov/Archives/edgar/data/0001739936/000120919121036121/xslF345X03/doc4.xml"}, {"form_type": "4", "filings_date": "2021-05-26", "url": "https://www.sec.gov/Archives/edgar/data/0001739936/000120919121036074/xslF345X03/doc4.xml"}, {"form_type": "4", "filings_date": "2021-05-26", "url": "https://www.sec.gov/Archives/edgar/data/0001739936/000120919121036073/xslF345X03/doc4.xml"}, {"form_type": "4", "filings_date": "2021-05-26", "url": "https://www.sec.gov/Archives/edgar/data/0001739936/000120919121036072/xslF345X03/doc4.xml"}, {"form_type": "4", "filings_date": "2021-05-26", "url": "https://www.sec.gov/Archives/edgar/data/0001739936/000120919121036071/xslF345X03/doc4.xml"}, {"form_type": "4", "filings_date": "2021-05-26", "url": "https://www.sec.gov/Archives/edgar/data/0001739936/000120919121036070/xslF345X03/doc4.xml"}, {"form_type": "4/A", "filings_date": "2021-05-20", "url": "https://www.sec.gov/Archives/edgar/data/0001739936/000120919121034728/xslF345X03/doc4a.xml"}, {"form_type": "4", "filings_date": "2021-05-20", "url": "https://www.sec.gov/Archives/edgar/data/0001739936/000120919121034474/xslF345X03/doc4.xml"}, {"form_type": "4", "filings_date": "2021-05-20", "url": "https://www.sec.gov/Archives/edgar/data/0001739936/000120919121034467/xslF345X03/doc4.xml"}, {"form_type": "4", "filings_date": "2021-05-20", "url": "https://www.sec.gov/Archives/edgar/data/0001739936/000120919121034459/xslF345X03/doc4.xml"}, {"form_type": "4", "filings_date": "2021-05-20", "url": "https://www.sec.gov/Archives/edgar/data/0001739936/000120919121034457/xslF345X03/doc4.xml"}, {"form_type": "4", "filings_date": "2021-05-20", "url": "https://www.sec.gov/Archives/edgar/data/0001739936/000120919121034462/xslF345X03/doc4.xml"}, {"form_type": "4", "filings_date": "2021-05-20", "url": "https://www.sec.gov/Archives/edgar/data/0001739936/000120919121034461/xslF345X03/doc4.xml"}, {"form_type": "4", "filings_date": "2021-05-17", "url": "https://www.sec.gov/Archives/edgar/data/0001739936/000120919121033010/xslF345X03/doc4.xml"}, {"form_type": "10-Q", "filings_date": "2021-05-07", "url": "https://www.sec.gov/Archives/edgar/data/0001739936/000156459021025538/svmk-10q_20210331.htm"}, {"form_type": "8-K", "filings_date": "2021-05-06", "url": "https://www.sec.gov/Archives/edgar/data/0001739936/000156459021024924/svmk-8k_20210506.htm"}, {"form_type": "4", "filings_date": "2021-04-30", "url": "https://www.sec.gov/Archives/edgar/data/0001739936/000120919121029353/xslF345X03/doc4.xml"}, {"form_type": "DEFA14A", "filings_date": "2021-04-20", "url": "https://www.sec.gov/Archives/edgar/data/0001739936/000119312521122846/d171177ddefa14a.htm"}, {"form_type": "DEF 14A", "filings_date": "2021-04-20", "url": "https://www.sec.gov/Archives/edgar/data/0001739936/000119312521122836/d166840ddef14a.htm"}, {"form_type": "8-K", "filings_date": "2021-02-25", "url": "https://www.sec.gov/Archives/edgar/data/0001739936/000156459021008810/svmk-8k_20210222.htm"}, {"form_type": "4", "filings_date": "2021-02-24", "url": "https://www.sec.gov/Archives/edgar/data/0001739936/000120919121014008/xslF345X03/doc4.xml"}, {"form_type": "4", "filings_date": "2021-02-19", "url": "https://www.sec.gov/Archives/edgar/data/0001739936/000120919121012241/xslF345X03/doc4.xml"}, {"form_type": "4", "filings_date": "2021-02-19", "url": "https://www.sec.gov/Archives/edgar/data/0001739936/000120919121012243/xslF345X03/doc4.xml"}, {"form_type": "4", "filings_date": "2021-02-19", "url": "https://www.sec.gov/Archives/edgar/data/0001739936/000120919121012239/xslF345X03/doc4.xml"}, {"form_type": "4", "filings_date": "2021-02-18", "url": "https://www.sec.gov/Archives/edgar/data/0001739936/000120919121012238/xslF345X03/doc4.xml"}, {"form_type": "4", "filings_date": "2021-02-18", "url": "https://www.sec.gov/Archives/edgar/data/0001739936/000120919121012237/xslF345X03/doc4.xml"}, {"form_type": "4", "filings_date": "2021-02-18", "url": "https://www.sec.gov/Archives/edgar/data/0001739936/000120919121012236/xslF345X03/doc4.xml"}, {"form_type": "4", "filings_date": "2021-02-18", "url": "https://www.sec.gov/Archives/edgar/data/0001739936/000120919121012235/xslF345X03/doc4.xml"}, {"form_type": "S-8", "filings_date": "2021-02-18", "url": "https://www.sec.gov/Archives/edgar/data/0001739936/000156459021006697/svmk-s8.htm"}, {"form_type": "10-K", "filings_date": "2021-02-18", "url": "https://www.sec.gov/Archives/edgar/data/0001739936/000156459021006682/svmk-10k_20201231.htm"}, {"form_type": "4", "filings_date": "2021-02-16", "url": "https://www.sec.gov/Archives/edgar/data/0001739936/000120919121011068/xslF345X03/doc4.xml"}, {"form_type": "4", "filings_date": "2021-02-16", "url": "https://www.sec.gov/Archives/edgar/data/0001739936/000120919121011061/xslF345X03/doc4.xml"}, {"form_type": "SC 13G/A", "filings_date": "2021-02-16", "url": "https://www.sec.gov/Archives/edgar/data/0001739936/000156223021000037/SEC13G_Filing.htm"}, {"form_type": "SC 13G/A", "filings_date": "2021-02-16", "url": "https://www.sec.gov/Archives/edgar/data/0001739936/000156223021000020/SEC13G_Filing.htm"}, {"form_type": "5", "filings_date": "2021-02-12", "url": "https://www.sec.gov/Archives/edgar/data/0001739936/000120919121010423/xslF345X03/doc5.xml"}, {"form_type": "SC 13G/A", "filings_date": "2021-02-12", "url": "https://www.sec.gov/Archives/edgar/data/0001739936/000134100421000078/sc13ga2.htm"}, {"form_type": "8-K", "filings_date": "2021-02-11", "url": "https://www.sec.gov/Archives/edgar/data/0001739936/000156459021005527/svmk-8k_20210211.htm"}, {"form_type": "SC 13G/A", "filings_date": "2021-02-10", "url": "https://www.sec.gov/Archives/edgar/data/0001739936/000110465921019175/tv01917-svmkinc.htm"}, {"form_type": "4", "filings_date": "2021-02-09", "url": "https://www.sec.gov/Archives/edgar/data/0001739936/000120919121009094/xslF345X03/doc4.xml"}, {"form_type": "4", "filings_date": "2021-02-09", "url": "https://www.sec.gov/Archives/edgar/data/0001739936/000120919121009086/xslF345X03/doc4.xml"}, {"form_type": "SC 13G/A", "filings_date": "2021-02-08", "url": "https://www.sec.gov/Archives/edgar/data/0001739936/000031506621001262/filing.txt"}, {"form_type": "4", "filings_date": "2021-02-05", "url": "https://www.sec.gov/Archives/edgar/data/0001739936/000120919121008327/xslF345X03/doc4.xml"}, {"form_type": "SC 13G/A", "filings_date": "2021-02-01", "url": "https://www.sec.gov/Archives/edgar/data/0001739936/000083423721005674/us78489x1037_013121.txt"}, {"form_type": "SC 13G", "filings_date": "2021-01-29", "url": "https://www.sec.gov/Archives/edgar/data/0001739936/000156459021003378/svmk-sc13g.htm"}, {"form_type": "4", "filings_date": "2021-01-12", "url": "https://www.sec.gov/Archives/edgar/data/0001739936/000120919121003337/xslF345X03/doc4.xml"}, {"form_type": "SC 13G/A", "filings_date": "2021-01-11", "url": "https://www.sec.gov/Archives/edgar/data/0001739936/000090221921000008/SEC13G_Filing.htm"}, {"form_type": "4", "filings_date": "2021-01-07", "url": "https://www.sec.gov/Archives/edgar/data/0001739936/000120919121002643/xslF345X03/doc4.xml"}, {"form_type": "4", "filings_date": "2021-01-06", "url": "https://www.sec.gov/Archives/edgar/data/0001739936/000120919121002416/xslF345X03/doc4.xml"}, {"form_type": "4", "filings_date": "2021-01-06", "url": "https://www.sec.gov/Archives/edgar/data/0001739936/000120919121002407/xslF345X03/doc4.xml"}, {"form_type": "4", "filings_date": "2020-12-30", "url": "https://www.sec.gov/Archives/edgar/data/0001739936/000120919120065609/xslF345X03/doc4.xml"}, {"form_type": "4", "filings_date": "2020-12-29", "url": "https://www.sec.gov/Archives/edgar/data/0001739936/000120919120065420/xslF345X03/doc4.xml"}, {"form_type": "4", "filings_date": "2020-12-23", "url": "https://www.sec.gov/Archives/edgar/data/0001739936/000120919120065112/xslF345X03/doc4.xml"}, {"form_type": "4", "filings_date": "2020-12-23", "url": "https://www.sec.gov/Archives/edgar/data/0001739936/000120919120065110/xslF345X03/doc4.xml"}, {"form_type": "4", "filings_date": "2020-12-18", "url": "https://www.sec.gov/Archives/edgar/data/0001739936/000120919120064472/xslF345X03/doc4.xml"}, {"form_type": "4", "filings_date": "2020-11-25", "url": "https://www.sec.gov/Archives/edgar/data/0001739936/000120919120060505/xslF345X03/doc4.xml"}, {"form_type": "4", "filings_date": "2020-11-25", "url": "https://www.sec.gov/Archives/edgar/data/0001739936/000120919120060503/xslF345X03/doc4.xml"}, {"form_type": "4", "filings_date": "2020-11-25", "url": "https://www.sec.gov/Archives/edgar/data/0001739936/000120919120060501/xslF345X03/doc4.xml"}, {"form_type": "4", "filings_date": "2020-11-25", "url": "https://www.sec.gov/Archives/edgar/data/0001739936/000120919120060499/xslF345X03/doc4.xml"}, {"form_type": "4", "filings_date": "2020-11-25", "url": "https://www.sec.gov/Archives/edgar/data/0001739936/000120919120060494/xslF345X03/doc4.xml"}, {"form_type": "4", "filings_date": "2020-11-25", "url": "https://www.sec.gov/Archives/edgar/data/0001739936/000120919120060492/xslF345X03/doc4.xml"}, {"form_type": "4/A", "filings_date": "2020-11-25", "url": "https://www.sec.gov/Archives/edgar/data/0001739936/000120919120060490/xslF345X03/doc4a.xml"}, {"form_type": "4/A", "filings_date": "2020-11-20", "url": "https://www.sec.gov/Archives/edgar/data/0001739936/000120919120059572/xslF345X03/doc4a.xml"}, {"form_type": "4/A", "filings_date": "2020-11-20", "url": "https://www.sec.gov/Archives/edgar/data/0001739936/000120919120059571/xslF345X03/doc4a.xml"}, {"form_type": "4/A", "filings_date": "2020-11-20", "url": "https://www.sec.gov/Archives/edgar/data/0001739936/000120919120059570/xslF345X03/doc4a.xml"}, {"form_type": "4", "filings_date": "2020-11-19", "url": "https://www.sec.gov/Archives/edgar/data/0001739936/000120919120059562/xslF345X03/doc4.xml"}, {"form_type": "4", "filings_date": "2020-11-19", "url": "https://www.sec.gov/Archives/edgar/data/0001739936/000120919120059561/xslF345X03/doc4.xml"}, {"form_type": "4", "filings_date": "2020-11-19", "url": "https://www.sec.gov/Archives/edgar/data/0001739936/000120919120059560/xslF345X03/doc4.xml"}, {"form_type": "4", "filings_date": "2020-11-19", "url": "https://www.sec.gov/Archives/edgar/data/0001739936/000120919120059559/xslF345X03/doc4.xml"}, {"form_type": "4", "filings_date": "2020-11-19", "url": "https://www.sec.gov/Archives/edgar/data/0001739936/000120919120059557/xslF345X03/doc4.xml"}, {"form_type": "4", "filings_date": "2020-11-19", "url": "https://www.sec.gov/Archives/edgar/data/0001739936/000120919120059556/xslF345X03/doc4.xml"}, {"form_type": "4", "filings_date": "2020-11-19", "url": "https://www.sec.gov/Archives/edgar/data/0001739936/000120919120059555/xslF345X03/doc4.xml"}, {"form_type": "SC 13G", "filings_date": "2020-11-10", "url": "https://www.sec.gov/Archives/edgar/data/0001739936/000031506620001892/filing.txt"}, {"form_type": "10-Q", "filings_date": "2020-11-06", "url": "https://www.sec.gov/Archives/edgar/data/0001739936/000156459020051943/svmk-10q_20200930.htm"}, {"form_type": "8-K", "filings_date": "2020-11-05", "url": "https://www.sec.gov/Archives/edgar/data/0001739936/000156459020050875/svmk-8k_20201105.htm"}, {"form_type": "SC 13G/A", "filings_date": "2020-10-09", "url": "https://www.sec.gov/Archives/edgar/data/0001739936/000156223020000080/SEC13G_Filing.htm"}, {"form_type": "4", "filings_date": "2020-10-02", "url": "https://www.sec.gov/Archives/edgar/data/0001739936/000120919120053401/xslF345X03/doc4.xml"}, {"form_type": "4", "filings_date": "2020-09-03", "url": "https://www.sec.gov/Archives/edgar/data/0001739936/000120919120049568/xslF345X03/doc4.xml"}, {"form_type": "4", "filings_date": "2020-09-03", "url": "https://www.sec.gov/Archives/edgar/data/0001739936/000120919120049567/xslF345X03/doc4.xml"}, {"form_type": "4", "filings_date": "2020-09-03", "url": "https://www.sec.gov/Archives/edgar/data/0001739936/000120919120049566/xslF345X03/doc4.xml"}, {"form_type": "4", "filings_date": "2020-09-03", "url": "https://www.sec.gov/Archives/edgar/data/0001739936/000120919120049564/xslF345X03/doc4.xml"}, {"form_type": "4", "filings_date": "2020-09-02", "url": "https://www.sec.gov/Archives/edgar/data/0001739936/000120919120049279/xslF345X03/doc4.xml"}, {"form_type": "4", "filings_date": "2020-09-01", "url": "https://www.sec.gov/Archives/edgar/data/0001739936/000120919120048986/xslF345X03/doc4.xml"}, {"form_type": "4", "filings_date": "2020-08-28", "url": "https://www.sec.gov/Archives/edgar/data/0001739936/000120919120048700/xslF345X03/doc4.xml"}, {"form_type": "4", "filings_date": "2020-08-28", "url": "https://www.sec.gov/Archives/edgar/data/0001739936/000120919120048696/xslF345X03/doc4.xml"}, {"form_type": "8-K/A", "filings_date": "2020-08-28", "url": "https://www.sec.gov/Archives/edgar/data/0001739936/000156459020041754/svmk-8ka_20200604.htm"}, {"form_type": "4", "filings_date": "2020-08-21", "url": "https://www.sec.gov/Archives/edgar/data/0001739936/000120919120048011/xslF345X03/doc4.xml"}, {"form_type": "4", "filings_date": "2020-08-20", "url": "https://www.sec.gov/Archives/edgar/data/0001739936/000120919120047864/xslF345X03/doc4.xml"}, {"form_type": "4", "filings_date": "2020-08-20", "url": "https://www.sec.gov/Archives/edgar/data/0001739936/000120919120047862/xslF345X03/doc4.xml"}, {"form_type": "4", "filings_date": "2020-08-20", "url": "https://www.sec.gov/Archives/edgar/data/0001739936/000120919120047861/xslF345X03/doc4.xml"}, {"form_type": "4", "filings_date": "2020-08-20", "url": "https://www.sec.gov/Archives/edgar/data/0001739936/000120919120047853/xslF345X03/doc4.xml"}, {"form_type": "4", "filings_date": "2020-08-20", "url": "https://www.sec.gov/Archives/edgar/data/0001739936/000120919120047851/xslF345X03/doc4.xml"}, {"form_type": "4", "filings_date": "2020-08-20", "url": "https://www.sec.gov/Archives/edgar/data/0001739936/000120919120047850/xslF345X03/doc4.xml"}, {"form_type": "4", "filings_date": "2020-08-20", "url": "https://www.sec.gov/Archives/edgar/data/0001739936/000120919120047848/xslF345X03/doc4.xml"}, {"form_type": "4", "filings_date": "2020-08-19", "url": "https://www.sec.gov/Archives/edgar/data/0001739936/000120919120047605/xslF345X03/doc4.xml"}, {"form_type": "4", "filings_date": "2020-08-13", "url": "https://www.sec.gov/Archives/edgar/data/0001739936/000120919120046708/xslF345X03/doc4.xml"}, {"form_type": "4", "filings_date": "2020-08-12", "url": "https://www.sec.gov/Archives/edgar/data/0001739936/000120919120046500/xslF345X03/doc4.xml"}, {"form_type": "4", "filings_date": "2020-08-12", "url": "https://www.sec.gov/Archives/edgar/data/0001739936/000120919120046499/xslF345X03/doc4.xml"}, {"form_type": "4", "filings_date": "2020-08-12", "url": "https://www.sec.gov/Archives/edgar/data/0001739936/000120919120046498/xslF345X03/doc4.xml"}, {"form_type": "4", "filings_date": "2020-08-12", "url": "https://www.sec.gov/Archives/edgar/data/0001739936/000120919120046497/xslF345X03/doc4.xml"}, {"form_type": "4", "filings_date": "2020-08-12", "url": "https://www.sec.gov/Archives/edgar/data/0001739936/000120919120046456/xslF345X03/doc4.xml"}, {"form_type": "4", "filings_date": "2020-08-12", "url": "https://www.sec.gov/Archives/edgar/data/0001739936/000120919120046444/xslF345X03/doc4.xml"}, {"form_type": "4", "filings_date": "2020-08-12", "url": "https://www.sec.gov/Archives/edgar/data/0001739936/000120919120046442/xslF345X03/doc4.xml"}, {"form_type": "4", "filings_date": "2020-08-12", "url": "https://www.sec.gov/Archives/edgar/data/0001739936/000120919120046440/xslF345X03/doc4.xml"}, {"form_type": "4", "filings_date": "2020-08-12", "url": "https://www.sec.gov/Archives/edgar/data/0001739936/000120919120046438/xslF345X03/doc4.xml"}, {"form_type": "10-Q", "filings_date": "2020-08-07", "url": "https://www.sec.gov/Archives/edgar/data/0001739936/000156459020038373/svmk-10q_20200630.htm"}, {"form_type": "8-K", "filings_date": "2020-08-06", "url": "https://www.sec.gov/Archives/edgar/data/0001739936/000156459020037702/svmk-8k_20200806.htm"}, {"form_type": "4", "filings_date": "2020-08-05", "url": "https://www.sec.gov/Archives/edgar/data/0001739936/000120919120045400/xslF345X03/doc4.xml"}, {"form_type": "4", "filings_date": "2020-08-05", "url": "https://www.sec.gov/Archives/edgar/data/0001739936/000120919120045398/xslF345X03/doc4.xml"}, {"form_type": "4", "filings_date": "2020-07-02", "url": "https://www.sec.gov/Archives/edgar/data/0001739936/000120919120040733/xslF345X03/doc4.xml"}, {"form_type": "4", "filings_date": "2020-07-02", "url": "https://www.sec.gov/Archives/edgar/data/0001739936/000120919120040729/xslF345X03/doc4.xml"}, {"form_type": "4", "filings_date": "2020-06-26", "url": "https://www.sec.gov/Archives/edgar/data/0001739936/000120919120039170/xslF345X03/doc4.xml"}, {"form_type": "4", "filings_date": "2020-06-26", "url": "https://www.sec.gov/Archives/edgar/data/0001739936/000120919120039153/xslF345X03/doc4.xml"}, {"form_type": "4", "filings_date": "2020-06-23", "url": "https://www.sec.gov/Archives/edgar/data/0001739936/000120919120038633/xslF345X03/doc4.xml"}, {"form_type": "4", "filings_date": "2020-06-18", "url": "https://www.sec.gov/Archives/edgar/data/0001739936/000120919120037776/xslF345X03/doc4.xml"}, {"form_type": "4", "filings_date": "2020-06-18", "url": "https://www.sec.gov/Archives/edgar/data/0001739936/000120919120037775/xslF345X03/doc4.xml"}, {"form_type": "4", "filings_date": "2020-06-12", "url": "https://www.sec.gov/Archives/edgar/data/0001739936/000120919120036473/xslF345X03/doc4.xml"}, {"form_type": "4", "filings_date": "2020-06-09", "url": "https://www.sec.gov/Archives/edgar/data/0001739936/000120919120035435/xslF345X03/doc4.xml"}, {"form_type": "4", "filings_date": "2020-06-09", "url": "https://www.sec.gov/Archives/edgar/data/0001739936/000120919120035433/xslF345X03/doc4.xml"}, {"form_type": "4", "filings_date": "2020-06-09", "url": "https://www.sec.gov/Archives/edgar/data/0001739936/000120919120035432/xslF345X03/doc4.xml"}, {"form_type": "8-K", "filings_date": "2020-06-09", "url": "https://www.sec.gov/Archives/edgar/data/0001739936/000156459020028762/svmk-8k_20200604.htm"}, {"form_type": "4", "filings_date": "2020-06-08", "url": "https://www.sec.gov/Archives/edgar/data/0001739936/000120919120035168/xslF345X03/doc4.xml"}, {"form_type": "4", "filings_date": "2020-06-08", "url": "https://www.sec.gov/Archives/edgar/data/0001739936/000120919120035167/xslF345X03/doc4.xml"}, {"form_type": "4", "filings_date": "2020-06-08", "url": "https://www.sec.gov/Archives/edgar/data/0001739936/000120919120035166/xslF345X03/doc4.xml"}, {"form_type": "4", "filings_date": "2020-06-08", "url": "https://www.sec.gov/Archives/edgar/data/0001739936/000120919120035165/xslF345X03/doc4.xml"}, {"form_type": "4", "filings_date": "2020-06-08", "url": "https://www.sec.gov/Archives/edgar/data/0001739936/000120919120035164/xslF345X03/doc4.xml"}, {"form_type": "4", "filings_date": "2020-06-08", "url": "https://www.sec.gov/Archives/edgar/data/0001739936/000120919120035163/xslF345X03/doc4.xml"}, {"form_type": "4", "filings_date": "2020-06-08", "url": "https://www.sec.gov/Archives/edgar/data/0001739936/000120919120035162/xslF345X03/doc4.xml"}, {"form_type": "4", "filings_date": "2020-06-08", "url": "https://www.sec.gov/Archives/edgar/data/0001739936/000120919120035161/xslF345X03/doc4.xml"}, {"form_type": "4", "filings_date": "2020-05-27", "url": "https://www.sec.gov/Archives/edgar/data/0001739936/000120919120032501/xslF345X03/doc4.xml"}, {"form_type": "4", "filings_date": "2020-05-27", "url": "https://www.sec.gov/Archives/edgar/data/0001739936/000120919120032500/xslF345X03/doc4.xml"}, {"form_type": "4", "filings_date": "2020-05-27", "url": "https://www.sec.gov/Archives/edgar/data/0001739936/000120919120032499/xslF345X03/doc4.xml"}, {"form_type": "4", "filings_date": "2020-05-27", "url": "https://www.sec.gov/Archives/edgar/data/0001739936/000120919120032498/xslF345X03/doc4.xml"}, {"form_type": "4", "filings_date": "2020-05-27", "url": "https://www.sec.gov/Archives/edgar/data/0001739936/000120919120032497/xslF345X03/doc4.xml"}, {"form_type": "4", "filings_date": "2020-05-27", "url": "https://www.sec.gov/Archives/edgar/data/0001739936/000120919120032496/xslF345X03/doc4.xml"}, {"form_type": "4", "filings_date": "2020-05-27", "url": "https://www.sec.gov/Archives/edgar/data/0001739936/000120919120032495/xslF345X03/doc4.xml"}, {"form_type": "4", "filings_date": "2020-05-20", "url": "https://www.sec.gov/Archives/edgar/data/0001739936/000120919120031096/xslF345X03/doc4.xml"}, {"form_type": "4", "filings_date": "2020-05-20", "url": "https://www.sec.gov/Archives/edgar/data/0001739936/000120919120031095/xslF345X03/doc4.xml"}, {"form_type": "4", "filings_date": "2020-05-20", "url": "https://www.sec.gov/Archives/edgar/data/0001739936/000120919120031088/xslF345X03/doc4.xml"}, {"form_type": "4", "filings_date": "2020-05-20", "url": "https://www.sec.gov/Archives/edgar/data/0001739936/000120919120031083/xslF345X03/doc4.xml"}, {"form_type": "4", "filings_date": "2020-05-20", "url": "https://www.sec.gov/Archives/edgar/data/0001739936/000120919120031081/xslF345X03/doc4.xml"}, {"form_type": "4", "filings_date": "2020-05-20", "url": "https://www.sec.gov/Archives/edgar/data/0001739936/000120919120031079/xslF345X03/doc4.xml"}, {"form_type": "4", "filings_date": "2020-05-20", "url": "https://www.sec.gov/Archives/edgar/data/0001739936/000120919120031077/xslF345X03/doc4.xml"}, {"form_type": "10-Q", "filings_date": "2020-05-08", "url": "https://www.sec.gov/Archives/edgar/data/0001739936/000156459020023541/svmk-10q_20200331.htm"}, {"form_type": "8-K", "filings_date": "2020-05-07", "url": "https://www.sec.gov/Archives/edgar/data/0001739936/000156459020022816/svmk-8k_20200507.htm"}, {"form_type": "DEFA14A", "filings_date": "2020-04-22", "url": "https://www.sec.gov/Archives/edgar/data/0001739936/000119312520115153/d921318ddefa14a.htm"}, {"form_type": "DEF 14A", "filings_date": "2020-04-22", "url": "https://www.sec.gov/Archives/edgar/data/0001739936/000119312520115147/d106081ddef14a.htm"}, {"form_type": "SC 13G/A", "filings_date": "2020-04-09", "url": "https://www.sec.gov/Archives/edgar/data/0001739936/000156223020000064/edgsvmk.txt"}, {"form_type": "8-K", "filings_date": "2020-03-27", "url": "https://www.sec.gov/Archives/edgar/data/0001739936/000156459020013588/svmk-8k_20200327.htm"}, {"form_type": "4", "filings_date": "2020-02-28", "url": "https://www.sec.gov/Archives/edgar/data/0001739936/000120919120014219/xslF345X03/doc4.xml"}, {"form_type": "S-8", "filings_date": "2020-02-27", "url": "https://www.sec.gov/Archives/edgar/data/0001739936/000156459020007431/svmk-s8.htm"}, {"form_type": "10-K", "filings_date": "2020-02-27", "url": "https://www.sec.gov/Archives/edgar/data/0001739936/000156459020007349/svmk-10k_20191231.htm"}, {"form_type": "4", "filings_date": "2020-02-21", "url": "https://www.sec.gov/Archives/edgar/data/0001739936/000120919120011822/xslF345X03/doc4.xml"}, {"form_type": "4", "filings_date": "2020-02-21", "url": "https://www.sec.gov/Archives/edgar/data/0001739936/000120919120011821/xslF345X03/doc4.xml"}, {"form_type": "4", "filings_date": "2020-02-21", "url": "https://www.sec.gov/Archives/edgar/data/0001739936/000120919120011820/xslF345X03/doc4.xml"}, {"form_type": "4", "filings_date": "2020-02-21", "url": "https://www.sec.gov/Archives/edgar/data/0001739936/000120919120011819/xslF345X03/doc4.xml"}, {"form_type": "4", "filings_date": "2020-02-21", "url": "https://www.sec.gov/Archives/edgar/data/0001739936/000120919120011818/xslF345X03/doc4.xml"}, {"form_type": "4", "filings_date": "2020-02-21", "url": "https://www.sec.gov/Archives/edgar/data/0001739936/000120919120011817/xslF345X03/doc4.xml"}, {"form_type": "4", "filings_date": "2020-02-21", "url": "https://www.sec.gov/Archives/edgar/data/0001739936/000120919120011816/xslF345X03/doc4.xml"}, {"form_type": "4", "filings_date": "2020-02-20", "url": "https://www.sec.gov/Archives/edgar/data/0001739936/000120919120010897/xslF345X03/doc4.xml"}, {"form_type": "4", "filings_date": "2020-02-20", "url": "https://www.sec.gov/Archives/edgar/data/0001739936/000120919120010896/xslF345X03/doc4.xml"}, {"form_type": "4", "filings_date": "2020-02-20", "url": "https://www.sec.gov/Archives/edgar/data/0001739936/000120919120010895/xslF345X03/doc4.xml"}, {"form_type": "4", "filings_date": "2020-02-19", "url": "https://www.sec.gov/Archives/edgar/data/0001739936/000120919120010894/xslF345X03/doc4.xml"}, {"form_type": "4", "filings_date": "2020-02-19", "url": "https://www.sec.gov/Archives/edgar/data/0001739936/000120919120010893/xslF345X03/doc4.xml"}, {"form_type": "4", "filings_date": "2020-02-19", "url": "https://www.sec.gov/Archives/edgar/data/0001739936/000120919120010890/xslF345X03/doc4.xml"}, {"form_type": "4", "filings_date": "2020-02-19", "url": "https://www.sec.gov/Archives/edgar/data/0001739936/000120919120010887/xslF345X03/doc4.xml"}, {"form_type": "SC 13G/A", "filings_date": "2020-02-14", "url": "https://www.sec.gov/Archives/edgar/data/0001739936/000091957420001548/d8472489_13g-a.htm"}, {"form_type": "SC 13G", "filings_date": "2020-02-14", "url": "https://www.sec.gov/Archives/edgar/data/0001739936/000156223020000054/edgsvmk.txt"}, {"form_type": "8-K", "filings_date": "2020-02-13", "url": "https://www.sec.gov/Archives/edgar/data/0001739936/000156459020004583/svmk-8k_20200213.htm"}, {"form_type": "SC 13G", "filings_date": "2020-02-11", "url": "https://www.sec.gov/Archives/edgar/data/0001739936/000110465920016338/tv0035-svmkinc.htm"}, {"form_type": "SC 13G/A", "filings_date": "2020-02-10", "url": "https://www.sec.gov/Archives/edgar/data/0001739936/000134100420000044/sc13g_a.htm"}, {"form_type": "SC 13G", "filings_date": "2020-02-07", "url": "https://www.sec.gov/Archives/edgar/data/0001739936/000156459020003881/svmk-sc13g.htm"}, {"form_type": "SC 13G", "filings_date": "2020-02-07", "url": "https://www.sec.gov/Archives/edgar/data/0001739936/000083423720008133/us78489x1037_020620.txt"}, {"form_type": "SC 13G/A", "filings_date": "2020-02-05", "url": "https://www.sec.gov/Archives/edgar/data/0001739936/000107261320000021/svmk-sch13g_18280.htm"}, {"form_type": "SC 13G/A", "filings_date": "2020-01-27", "url": "https://www.sec.gov/Archives/edgar/data/0001739936/000090221920000137/SEC13G_Filing.htm"}, {"form_type": "4", "filings_date": "2020-01-17", "url": "https://www.sec.gov/Archives/edgar/data/0001739936/000120919120004195/xslF345X03/doc4.xml"}, {"form_type": "4", "filings_date": "2020-01-17", "url": "https://www.sec.gov/Archives/edgar/data/0001739936/000120919120004194/xslF345X03/doc4.xml"}, {"form_type": "4", "filings_date": "2020-01-17", "url": "https://www.sec.gov/Archives/edgar/data/0001739936/000120919120004192/xslF345X03/doc4.xml"}, {"form_type": "4/A", "filings_date": "2020-01-17", "url": "https://www.sec.gov/Archives/edgar/data/0001739936/000120919120003788/xslF345X03/doc4a.xml"}, {"form_type": "4", "filings_date": "2020-01-16", "url": "https://www.sec.gov/Archives/edgar/data/0001739936/000120919120003783/xslF345X03/doc4.xml"}, {"form_type": "4", "filings_date": "2020-01-16", "url": "https://www.sec.gov/Archives/edgar/data/0001739936/000120919120003781/xslF345X03/doc4.xml"}, {"form_type": "4", "filings_date": "2020-01-16", "url": "https://www.sec.gov/Archives/edgar/data/0001739936/000120919120003780/xslF345X03/doc4.xml"}, {"form_type": "4", "filings_date": "2020-01-03", "url": "https://www.sec.gov/Archives/edgar/data/0001739936/000120919120001466/xslF345X03/doc4.xml"}, {"form_type": "4", "filings_date": "2020-01-03", "url": "https://www.sec.gov/Archives/edgar/data/0001739936/000120919120001461/xslF345X03/doc4.xml"}, {"form_type": "4", "filings_date": "2019-12-13", "url": "https://www.sec.gov/Archives/edgar/data/0001739936/000120919119060529/xslF345X03/doc4.xml"}, {"form_type": "4", "filings_date": "2019-12-13", "url": "https://www.sec.gov/Archives/edgar/data/0001739936/000120919119060527/xslF345X03/doc4.xml"}, {"form_type": "4", "filings_date": "2019-12-13", "url": "https://www.sec.gov/Archives/edgar/data/0001739936/000120919119060525/xslF345X03/doc4.xml"}, {"form_type": "4", "filings_date": "2019-11-25", "url": "https://www.sec.gov/Archives/edgar/data/0001739936/000120919119058020/xslF345X03/doc4.xml"}, {"form_type": "4", "filings_date": "2019-11-25", "url": "https://www.sec.gov/Archives/edgar/data/0001739936/000120919119058017/xslF345X03/doc4.xml"}, {"form_type": "4", "filings_date": "2019-11-25", "url": "https://www.sec.gov/Archives/edgar/data/0001739936/000120919119058012/xslF345X03/doc4.xml"}, {"form_type": "4", "filings_date": "2019-11-25", "url": "https://www.sec.gov/Archives/edgar/data/0001739936/000120919119058009/xslF345X03/doc4.xml"}, {"form_type": "4", "filings_date": "2019-11-25", "url": "https://www.sec.gov/Archives/edgar/data/0001739936/000120919119058006/xslF345X03/doc4.xml"}, {"form_type": "4", "filings_date": "2019-11-25", "url": "https://www.sec.gov/Archives/edgar/data/0001739936/000120919119058004/xslF345X03/doc4.xml"}, {"form_type": "4", "filings_date": "2019-11-20", "url": "https://www.sec.gov/Archives/edgar/data/0001739936/000120919119057530/xslF345X03/doc4.xml"}, {"form_type": "4", "filings_date": "2019-11-20", "url": "https://www.sec.gov/Archives/edgar/data/0001739936/000120919119057528/xslF345X03/doc4.xml"}, {"form_type": "4", "filings_date": "2019-11-20", "url": "https://www.sec.gov/Archives/edgar/data/0001739936/000120919119057524/xslF345X03/doc4.xml"}, {"form_type": "4", "filings_date": "2019-11-20", "url": "https://www.sec.gov/Archives/edgar/data/0001739936/000120919119057522/xslF345X03/doc4.xml"}, {"form_type": "4", "filings_date": "2019-11-20", "url": "https://www.sec.gov/Archives/edgar/data/0001739936/000120919119057520/xslF345X03/doc4.xml"}, {"form_type": "4", "filings_date": "2019-11-20", "url": "https://www.sec.gov/Archives/edgar/data/0001739936/000120919119057513/xslF345X03/doc4.xml"}, {"form_type": "4", "filings_date": "2019-11-19", "url": "https://www.sec.gov/Archives/edgar/data/0001739936/000120919119057352/xslF345X03/doc4.xml"}, {"form_type": "SC 13G", "filings_date": "2019-11-08", "url": "https://www.sec.gov/Archives/edgar/data/0001739936/000090221919000470/SEC13G_Filing.htm"}, {"form_type": "10-Q", "filings_date": "2019-11-07", "url": "https://www.sec.gov/Archives/edgar/data/0001739936/000156459019041756/svmk-10q_20190930.htm"}, {"form_type": "8-K", "filings_date": "2019-11-07", "url": "https://www.sec.gov/Archives/edgar/data/0001739936/000156459019041701/svmk-8k_20191107.htm"}, {"form_type": "4", "filings_date": "2019-08-30", "url": "https://www.sec.gov/Archives/edgar/data/0001739936/000120919119047832/xslF345X03/doc4.xml"}, {"form_type": "4", "filings_date": "2019-08-27", "url": "https://www.sec.gov/Archives/edgar/data/0001739936/000120919119047561/xslF345X03/doc4.xml"}, {"form_type": "4", "filings_date": "2019-08-23", "url": "https://www.sec.gov/Archives/edgar/data/0001739936/000120919119047369/xslF345X03/doc4.xml"}, {"form_type": "4", "filings_date": "2019-08-23", "url": "https://www.sec.gov/Archives/edgar/data/0001739936/000120919119047335/xslF345X03/doc4.xml"}, {"form_type": "4", "filings_date": "2019-08-23", "url": "https://www.sec.gov/Archives/edgar/data/0001739936/000120919119047257/xslF345X03/doc4.xml"}, {"form_type": "4", "filings_date": "2019-08-23", "url": "https://www.sec.gov/Archives/edgar/data/0001739936/000120919119047255/xslF345X03/doc4.xml"}, {"form_type": "4", "filings_date": "2019-08-23", "url": "https://www.sec.gov/Archives/edgar/data/0001739936/000120919119047253/xslF345X03/doc4.xml"}, {"form_type": "4", "filings_date": "2019-08-20", "url": "https://www.sec.gov/Archives/edgar/data/0001739936/000120919119046863/xslF345X03/doc4.xml"}, {"form_type": "4", "filings_date": "2019-08-20", "url": "https://www.sec.gov/Archives/edgar/data/0001739936/000120919119046861/xslF345X03/doc4.xml"}, {"form_type": "4", "filings_date": "2019-08-20", "url": "https://www.sec.gov/Archives/edgar/data/0001739936/000120919119046859/xslF345X03/doc4.xml"}, {"form_type": "4", "filings_date": "2019-08-16", "url": "https://www.sec.gov/Archives/edgar/data/0001739936/000120919119046442/xslF345X03/doc4.xml"}, {"form_type": "4", "filings_date": "2019-08-16", "url": "https://www.sec.gov/Archives/edgar/data/0001739936/000120919119046440/xslF345X03/doc4.xml"}, {"form_type": "4", "filings_date": "2019-08-16", "url": "https://www.sec.gov/Archives/edgar/data/0001739936/000120919119046437/xslF345X03/doc4.xml"}, {"form_type": "4", "filings_date": "2019-08-16", "url": "https://www.sec.gov/Archives/edgar/data/0001739936/000120919119046434/xslF345X03/doc4.xml"}, {"form_type": "4", "filings_date": "2019-08-16", "url": "https://www.sec.gov/Archives/edgar/data/0001739936/000120919119046432/xslF345X03/doc4.xml"}, {"form_type": "4", "filings_date": "2019-08-16", "url": "https://www.sec.gov/Archives/edgar/data/0001739936/000120919119046430/xslF345X03/doc4.xml"}, {"form_type": "4", "filings_date": "2019-08-16", "url": "https://www.sec.gov/Archives/edgar/data/0001739936/000120919119046427/xslF345X03/doc4.xml"}, {"form_type": "4", "filings_date": "2019-08-14", "url": "https://www.sec.gov/Archives/edgar/data/0001739936/000091957419005402/xslF345X03/ownership.xml"}, {"form_type": "SC 13G/A", "filings_date": "2019-08-12", "url": "https://www.sec.gov/Archives/edgar/data/0001739936/000031506619001671/filing.txt"}, {"form_type": "4", "filings_date": "2019-08-09", "url": "https://www.sec.gov/Archives/edgar/data/0001739936/000120919119045399/xslF345X03/doc4.xml"}, {"form_type": "8-K", "filings_date": "2019-08-08", "url": "https://www.sec.gov/Archives/edgar/data/0001739936/000156459019030744/svmk-8k_20190808.htm"}, {"form_type": "4", "filings_date": "2019-08-07", "url": "https://www.sec.gov/Archives/edgar/data/0001739936/000120919119045042/xslF345X03/doc4.xml"}, {"form_type": "4", "filings_date": "2019-08-07", "url": "https://www.sec.gov/Archives/edgar/data/0001739936/000120919119045040/xslF345X03/doc4.xml"}, {"form_type": "4", "filings_date": "2019-08-07", "url": "https://www.sec.gov/Archives/edgar/data/0001739936/000120919119045036/xslF345X03/doc4.xml"}, {"form_type": "4", "filings_date": "2019-08-07", "url": "https://www.sec.gov/Archives/edgar/data/0001739936/000120919119045035/xslF345X03/doc4.xml"}, {"form_type": "4", "filings_date": "2019-08-07", "url": "https://www.sec.gov/Archives/edgar/data/0001739936/000120919119045033/xslF345X03/doc4.xml"}, {"form_type": "4", "filings_date": "2019-08-07", "url": "https://www.sec.gov/Archives/edgar/data/0001739936/000120919119045030/xslF345X03/doc4.xml"}, {"form_type": "4", "filings_date": "2019-08-07", "url": "https://www.sec.gov/Archives/edgar/data/0001739936/000120919119045028/xslF345X03/doc4.xml"}, {"form_type": "4", "filings_date": "2019-08-07", "url": "https://www.sec.gov/Archives/edgar/data/0001739936/000120919119045026/xslF345X03/doc4.xml"}, {"form_type": "10-Q", "filings_date": "2019-08-06", "url": "https://www.sec.gov/Archives/edgar/data/0001739936/000156459019029312/svmk-10q_20190630.htm"}, {"form_type": "8-K", "filings_date": "2019-08-01", "url": "https://www.sec.gov/Archives/edgar/data/0001739936/000156459019027933/svmk-8k_20190801.htm"}, {"form_type": "4", "filings_date": "2019-07-29", "url": "https://www.sec.gov/Archives/edgar/data/0001739936/000120919119043583/xslF345X03/doc4.xml"}, {"form_type": "4", "filings_date": "2019-07-29", "url": "https://www.sec.gov/Archives/edgar/data/0001739936/000120919119043581/xslF345X03/doc4.xml"}, {"form_type": "4", "filings_date": "2019-07-29", "url": "https://www.sec.gov/Archives/edgar/data/0001739936/000120919119043579/xslF345X03/doc4.xml"}, {"form_type": "4", "filings_date": "2019-07-19", "url": "https://www.sec.gov/Archives/edgar/data/0001739936/000120919119042791/xslF345X03/doc4.xml"}, {"form_type": "3", "filings_date": "2019-07-12", "url": "https://www.sec.gov/Archives/edgar/data/0001739936/000120919119041951/xslF345X02/doc3.xml"}, {"form_type": "4", "filings_date": "2019-07-01", "url": "https://www.sec.gov/Archives/edgar/data/0001739936/000091957419004387/xslF345X03/ownership.xml"}, {"form_type": "4", "filings_date": "2019-06-13", "url": "https://www.sec.gov/Archives/edgar/data/0001739936/000120919119036970/xslF345X03/doc4.xml"}, {"form_type": "4", "filings_date": "2019-06-13", "url": "https://www.sec.gov/Archives/edgar/data/0001739936/000120919119036891/xslF345X03/doc4.xml"}, {"form_type": "4", "filings_date": "2019-06-13", "url": "https://www.sec.gov/Archives/edgar/data/0001739936/000120919119036884/xslF345X03/doc4.xml"}, {"form_type": "4", "filings_date": "2019-06-13", "url": "https://www.sec.gov/Archives/edgar/data/0001739936/000120919119036878/xslF345X03/doc4.xml"}, {"form_type": "4", "filings_date": "2019-06-13", "url": "https://www.sec.gov/Archives/edgar/data/0001739936/000120919119036876/xslF345X03/doc4.xml"}, {"form_type": "4", "filings_date": "2019-06-13", "url": "https://www.sec.gov/Archives/edgar/data/0001739936/000120919119036874/xslF345X03/doc4.xml"}, {"form_type": "4", "filings_date": "2019-06-13", "url": "https://www.sec.gov/Archives/edgar/data/0001739936/000120919119036868/xslF345X03/doc4.xml"}, {"form_type": "4", "filings_date": "2019-06-13", "url": "https://www.sec.gov/Archives/edgar/data/0001739936/000120919119036855/xslF345X03/doc4.xml"}, {"form_type": "8-K", "filings_date": "2019-06-13", "url": "https://www.sec.gov/Archives/edgar/data/0001739936/000156459019022454/svmk-8k_20190611.htm"}, {"form_type": "8-K", "filings_date": "2019-06-07", "url": "https://www.sec.gov/Archives/edgar/data/0001739936/000156459019022023/svmk-8k_20190603.htm"}, {"form_type": "4", "filings_date": "2019-05-24", "url": "https://www.sec.gov/Archives/edgar/data/0001739936/000120919119032807/xslF345X03/doc4.xml"}, {"form_type": "4", "filings_date": "2019-05-24", "url": "https://www.sec.gov/Archives/edgar/data/0001739936/000120919119032805/xslF345X03/doc4.xml"}, {"form_type": "4", "filings_date": "2019-05-24", "url": "https://www.sec.gov/Archives/edgar/data/0001739936/000120919119032802/xslF345X03/doc4.xml"}, {"form_type": "4", "filings_date": "2019-05-24", "url": "https://www.sec.gov/Archives/edgar/data/0001739936/000120919119032797/xslF345X03/doc4.xml"}, {"form_type": "4", "filings_date": "2019-05-24", "url": "https://www.sec.gov/Archives/edgar/data/0001739936/000120919119032791/xslF345X03/doc4.xml"}, {"form_type": "4", "filings_date": "2019-05-24", "url": "https://www.sec.gov/Archives/edgar/data/0001739936/000120919119032773/xslF345X03/doc4.xml"}, {"form_type": "4", "filings_date": "2019-05-17", "url": "https://www.sec.gov/Archives/edgar/data/0001739936/000120919119031191/xslF345X03/doc4.xml"}, {"form_type": "4", "filings_date": "2019-05-17", "url": "https://www.sec.gov/Archives/edgar/data/0001739936/000120919119031183/xslF345X03/doc4.xml"}, {"form_type": "4", "filings_date": "2019-05-17", "url": "https://www.sec.gov/Archives/edgar/data/0001739936/000120919119031180/xslF345X03/doc4.xml"}, {"form_type": "4", "filings_date": "2019-05-17", "url": "https://www.sec.gov/Archives/edgar/data/0001739936/000120919119031175/xslF345X03/doc4.xml"}, {"form_type": "4", "filings_date": "2019-05-17", "url": "https://www.sec.gov/Archives/edgar/data/0001739936/000120919119031171/xslF345X03/doc4.xml"}, {"form_type": "4", "filings_date": "2019-05-17", "url": "https://www.sec.gov/Archives/edgar/data/0001739936/000120919119031161/xslF345X03/doc4.xml"}, {"form_type": "4", "filings_date": "2019-05-15", "url": "https://www.sec.gov/Archives/edgar/data/0001739936/000101297519000382/xslF345X03/edgar.xml"}, {"form_type": "10-Q", "filings_date": "2019-05-08", "url": "https://www.sec.gov/Archives/edgar/data/0001739936/000156459019017266/svmk-10q_20190331.htm"}, {"form_type": "8-K", "filings_date": "2019-05-08", "url": "https://www.sec.gov/Archives/edgar/data/0001739936/000156459019017237/svmk-8k_20190508.htm"}, {"form_type": "DEFA14A", "filings_date": "2019-04-25", "url": "https://www.sec.gov/Archives/edgar/data/0001739936/000119312519119788/d703210ddefa14a.htm"}, {"form_type": "DEF 14A", "filings_date": "2019-04-25", "url": "https://www.sec.gov/Archives/edgar/data/0001739936/000119312519119780/d703197ddef14a.htm"}, {"form_type": "SC 13G", "filings_date": "2019-04-10", "url": "https://www.sec.gov/Archives/edgar/data/0001739936/000031506619001484/filing.txt"}, {"form_type": "4", "filings_date": "2019-03-29", "url": "https://www.sec.gov/Archives/edgar/data/0001739936/000120919119021837/xslF345X03/doc4.xml"}, {"form_type": "4", "filings_date": "2019-03-29", "url": "https://www.sec.gov/Archives/edgar/data/0001739936/000120919119021836/xslF345X03/doc4.xml"}, {"form_type": "4", "filings_date": "2019-03-27", "url": "https://www.sec.gov/Archives/edgar/data/0001739936/000091957419002613/xslF345X03/ownership.xml"}, {"form_type": "4", "filings_date": "2019-03-18", "url": "https://www.sec.gov/Archives/edgar/data/0001739936/000120919119020122/xslF345X03/doc4.xml"}, {"form_type": "4", "filings_date": "2019-03-15", "url": "https://www.sec.gov/Archives/edgar/data/0001739936/000091957419002453/xslF345X03/ownership.xml"}, {"form_type": "8-K", "filings_date": "2019-03-05", "url": "https://www.sec.gov/Archives/edgar/data/0001739936/000156459019006153/svmk-8k_20190227.htm"}, {"form_type": "4", "filings_date": "2019-02-28", "url": "https://www.sec.gov/Archives/edgar/data/0001739936/000120919119014781/xslF345X03/doc4.xml"}, {"form_type": "4", "filings_date": "2019-02-28", "url": "https://www.sec.gov/Archives/edgar/data/0001739936/000120919119014779/xslF345X03/doc4.xml"}, {"form_type": "S-8", "filings_date": "2019-02-26", "url": "https://www.sec.gov/Archives/edgar/data/0001739936/000156459019004474/svmk-s8.htm"}, {"form_type": "10-K", "filings_date": "2019-02-26", "url": "https://www.sec.gov/Archives/edgar/data/0001739936/000156459019004449/svmk-10k_20181231.htm"}, {"form_type": "4", "filings_date": "2019-02-25", "url": "https://www.sec.gov/Archives/edgar/data/0001739936/000120919119013259/xslF345X03/doc4.xml"}, {"form_type": "4", "filings_date": "2019-02-25", "url": "https://www.sec.gov/Archives/edgar/data/0001739936/000120919119013253/xslF345X03/doc4.xml"}, {"form_type": "4", "filings_date": "2019-02-25", "url": "https://www.sec.gov/Archives/edgar/data/0001739936/000120919119013251/xslF345X03/doc4.xml"}, {"form_type": "4", "filings_date": "2019-02-20", "url": "https://www.sec.gov/Archives/edgar/data/0001739936/000120919119011852/xslF345X03/doc4.xml"}, {"form_type": "4", "filings_date": "2019-02-20", "url": "https://www.sec.gov/Archives/edgar/data/0001739936/000120919119011847/xslF345X03/doc4.xml"}, {"form_type": "4", "filings_date": "2019-02-20", "url": "https://www.sec.gov/Archives/edgar/data/0001739936/000120919119011844/xslF345X03/doc4.xml"}, {"form_type": "4", "filings_date": "2019-02-20", "url": "https://www.sec.gov/Archives/edgar/data/0001739936/000120919119011842/xslF345X03/doc4.xml"}, {"form_type": "4", "filings_date": "2019-02-20", "url": "https://www.sec.gov/Archives/edgar/data/0001739936/000120919119011839/xslF345X03/doc4.xml"}, {"form_type": "4", "filings_date": "2019-02-20", "url": "https://www.sec.gov/Archives/edgar/data/0001739936/000120919119011837/xslF345X03/doc4.xml"}, {"form_type": "4", "filings_date": "2019-02-20", "url": "https://www.sec.gov/Archives/edgar/data/0001739936/000120919119011835/xslF345X03/doc4.xml"}, {"form_type": "SC 13G", "filings_date": "2019-02-14", "url": "https://www.sec.gov/Archives/edgar/data/0001739936/000091957419001624/d8188103_13-g.htm"}, {"form_type": "8-K", "filings_date": "2019-02-13", "url": "https://www.sec.gov/Archives/edgar/data/0001739936/000156459019002828/svmk-8k_20190213.htm"}, {"form_type": "SC 13G", "filings_date": "2019-02-12", "url": "https://www.sec.gov/Archives/edgar/data/0001739936/000156459019002700/svmk-sc13g.htm"}, {"form_type": "SC 13G", "filings_date": "2019-02-08", "url": "https://www.sec.gov/Archives/edgar/data/0001739936/000134100419000088/sc13g.htm"}, {"form_type": "SC 13G", "filings_date": "2019-02-01", "url": "https://www.sec.gov/Archives/edgar/data/0001739936/000107261319000024/svmk-sch13g_18280.htm"}, {"form_type": "4", "filings_date": "2019-01-18", "url": "https://www.sec.gov/Archives/edgar/data/0001739936/000120919119004643/xslF345X03/doc4.xml"}, {"form_type": "8-K", "filings_date": "2018-12-28", "url": "https://www.sec.gov/Archives/edgar/data/0001739936/000119312518360994/d654372d8k.htm"}, {"form_type": "4", "filings_date": "2018-11-20", "url": "https://www.sec.gov/Archives/edgar/data/0001739936/000120919118059576/xslF345X03/doc4.xml"}, {"form_type": "4", "filings_date": "2018-11-20", "url": "https://www.sec.gov/Archives/edgar/data/0001739936/000120919118059573/xslF345X03/doc4.xml"}, {"form_type": "4", "filings_date": "2018-11-20", "url": "https://www.sec.gov/Archives/edgar/data/0001739936/000120919118059570/xslF345X03/doc4.xml"}, {"form_type": "4", "filings_date": "2018-11-20", "url": "https://www.sec.gov/Archives/edgar/data/0001739936/000120919118059560/xslF345X03/doc4.xml"}, {"form_type": "4", "filings_date": "2018-11-20", "url": "https://www.sec.gov/Archives/edgar/data/0001739936/000120919118059551/xslF345X03/doc4.xml"}, {"form_type": "4", "filings_date": "2018-11-20", "url": "https://www.sec.gov/Archives/edgar/data/0001739936/000120919118059548/xslF345X03/doc4.xml"}, {"form_type": "4", "filings_date": "2018-11-20", "url": "https://www.sec.gov/Archives/edgar/data/0001739936/000120919118059543/xslF345X03/doc4.xml"}, {"form_type": "4", "filings_date": "2018-11-19", "url": "https://www.sec.gov/Archives/edgar/data/0001739936/000120919118059369/xslF345X03/doc4.xml"}, {"form_type": "10-Q", "filings_date": "2018-11-13", "url": "https://www.sec.gov/Archives/edgar/data/0001739936/000156459018029333/svmk-10q_20180930.htm"}, {"form_type": "8-K", "filings_date": "2018-11-13", "url": "https://www.sec.gov/Archives/edgar/data/0001739936/000156459018029317/svmk-8k_20181113.htm"}, {"form_type": "3", "filings_date": "2018-10-19", "url": "https://www.sec.gov/Archives/edgar/data/0001739936/000120919118055784/xslF345X02/doc3.xml"}, {"form_type": "8-K", "filings_date": "2018-10-12", "url": "https://www.sec.gov/Archives/edgar/data/0001739936/000119312518298417/d630322d8k.htm"}, {"form_type": "4", "filings_date": "2018-10-02", "url": "https://www.sec.gov/Archives/edgar/data/0001739936/000120919118053102/xslF345X03/doc4.xml"}, {"form_type": "S-8", "filings_date": "2018-10-01", "url": "https://www.sec.gov/Archives/edgar/data/0001739936/000119312518289521/d611176ds8.htm"}, {"form_type": "424B4", "filings_date": "2018-09-26", "url": "https://www.sec.gov/Archives/edgar/data/0001739936/000119312518283721/d494258d424b4.htm"}, {"form_type": "CT ORDER", "filings_date": "2018-09-26", "url": "https://www.sec.gov/Archives/edgar/data/0001739936/999999999718008168/filename1.pdf"}, {"form_type": "EFFECT", "filings_date": "2018-09-25", "url": "https://www.sec.gov/Archives/edgar/data/0001739936/999999999518002455/xslEFFECTX01/primary_doc.xml"}, {"form_type": "S-1MEF", "filings_date": "2018-09-25", "url": "https://www.sec.gov/Archives/edgar/data/0001739936/000119312518282864/d627925ds1mef.htm"}, {"form_type": "3", "filings_date": "2018-09-25", "url": "https://www.sec.gov/Archives/edgar/data/0001739936/000120919118052195/xslF345X02/doc3.xml"}, {"form_type": "3", "filings_date": "2018-09-25", "url": "https://www.sec.gov/Archives/edgar/data/0001739936/000120919118052194/xslF345X02/doc3.xml"}, {"form_type": "3", "filings_date": "2018-09-25", "url": "https://www.sec.gov/Archives/edgar/data/0001739936/000120919118052193/xslF345X02/doc3.xml"}, {"form_type": "3", "filings_date": "2018-09-25", "url": "https://www.sec.gov/Archives/edgar/data/0001739936/000120919118052192/xslF345X02/doc3.xml"}, {"form_type": "3", "filings_date": "2018-09-25", "url": "https://www.sec.gov/Archives/edgar/data/0001739936/000120919118052190/xslF345X02/doc3.xml"}, {"form_type": "3", "filings_date": "2018-09-25", "url": "https://www.sec.gov/Archives/edgar/data/0001739936/000120919118052188/xslF345X02/doc3.xml"}, {"form_type": "3", "filings_date": "2018-09-25", "url": "https://www.sec.gov/Archives/edgar/data/0001739936/000120919118052186/xslF345X02/doc3.xml"}, {"form_type": "3", "filings_date": "2018-09-25", "url": "https://www.sec.gov/Archives/edgar/data/0001739936/000120919118052182/xslF345X02/doc3.xml"}, {"form_type": "3", "filings_date": "2018-09-25", "url": "https://www.sec.gov/Archives/edgar/data/0001739936/000120919118052179/xslF345X02/doc3.xml"}, {"form_type": "3", "filings_date": "2018-09-25", "url": "https://www.sec.gov/Archives/edgar/data/0001739936/000120919118052177/xslF345X02/doc3.xml"}, {"form_type": "3", "filings_date": "2018-09-25", "url": "https://www.sec.gov/Archives/edgar/data/0001739936/000120919118052175/xslF345X02/doc3.xml"}, {"form_type": "3", "filings_date": "2018-09-25", "url": "https://www.sec.gov/Archives/edgar/data/0001739936/000120919118052174/xslF345X02/doc3.xml"}, {"form_type": "3", "filings_date": "2018-09-25", "url": "https://www.sec.gov/Archives/edgar/data/0001739936/000120919118052173/xslF345X02/doc3.xml"}, {"form_type": "3", "filings_date": "2018-09-25", "url": "https://www.sec.gov/Archives/edgar/data/0001739936/000120919118052172/xslF345X02/doc3.xml"}, {"form_type": "3", "filings_date": "2018-09-25", "url": "https://www.sec.gov/Archives/edgar/data/0001739936/000091957418006315/xslF345X02/ownership.xml"}, {"form_type": "3", "filings_date": "2018-09-25", "url": "https://www.sec.gov/Archives/edgar/data/0001739936/000120919118052171/xslF345X02/doc3.xml"}, {"form_type": "CORRESP", "filings_date": "2018-09-21", "url": "https://www.sec.gov/Archives/edgar/data/0001739936/000119312518280001/filename1.htm"}, {"form_type": "CORRESP", "filings_date": "2018-09-21", "url": "https://www.sec.gov/Archives/edgar/data/0001739936/000119312518279996/filename1.htm"}, {"form_type": "CERT", "filings_date": "2018-09-19", "url": "https://www.sec.gov/Archives/edgar/data/0001739936/000135445718000354/8ACERT_SVMK.pdf"}, {"form_type": "8-A12B", "filings_date": "2018-09-18", "url": "https://www.sec.gov/Archives/edgar/data/0001739936/000119312518276494/d597880d8a12b.htm"}, {"form_type": "CORRESP", "filings_date": "2018-09-13", "url": "https://www.sec.gov/Archives/edgar/data/0001739936/000119312518272207/filename1.htm"}, {"form_type": "S-1/A", "filings_date": "2018-09-13", "url": "https://www.sec.gov/Archives/edgar/data/0001739936/000119312518272192/d494258ds1a.htm"}, {"form_type": "UPLOAD", "filings_date": "2018-09-07", "url": "https://www.sec.gov/Archives/edgar/data/0001739936/000000000018027795/filename1.pdf"}, {"form_type": "CORRESP", "filings_date": "2018-08-29", "url": "https://www.sec.gov/Archives/edgar/data/0001739936/000119312518261898/filename1.htm"}, {"form_type": "S-1", "filings_date": "2018-08-29", "url": "https://www.sec.gov/Archives/edgar/data/0001739936/000119312518261892/d494258ds1.htm"}, {"form_type": "UPLOAD", "filings_date": "2018-08-22", "url": "https://www.sec.gov/Archives/edgar/data/0001739936/000000000018026167/filename1.pdf"}, {"form_type": "DRSLTR", "filings_date": "2018-08-10", "url": "https://www.sec.gov/Archives/edgar/data/0001739936/000095012318008080/filename1.htm"}, {"form_type": "DRS/A", "filings_date": "2018-08-10", "url": "https://www.sec.gov/Archives/edgar/data/0001739936/000095012318008079/filename1.htm"}, {"form_type": "UPLOAD", "filings_date": "2018-08-03", "url": "https://www.sec.gov/Archives/edgar/data/0001739936/000000000018024050/filename1.pdf"}, {"form_type": "DRSLTR", "filings_date": "2018-07-20", "url": "https://www.sec.gov/Archives/edgar/data/0001739936/000095012318006915/filename1.htm"}, {"form_type": "DRS/A", "filings_date": "2018-07-20", "url": "https://www.sec.gov/Archives/edgar/data/0001739936/000095012318006909/filename1.htm"}, {"form_type": "UPLOAD", "filings_date": "2018-07-13", "url": "https://www.sec.gov/Archives/edgar/data/0001739936/000000000018021516/filename1.pdf"}, {"form_type": "DRS", "filings_date": "2018-06-15", "url": "https://www.sec.gov/Archives/edgar/data/0001739936/000095012318006387/filename1.htm"}]}