{"company": {"cik": "0001131554", "name": "SYNCHRONOSS TECHNOLOGIES INC", "sic": "Services-Computer Programming Services", "state_incorp": "", "ticker": "SNCR, SNCRL", "mailing_addr": "200 CROSSING BOULEVARD, BRIDGEWATER, NJ, 08807", "category": "Accelerated filer", "fiscal_year_end": "31, December"}, "filings": [{"form_type": "4", "filings_date": "2022-03-17", "url": "https://www.sec.gov/Archives/edgar/data/0001131554/000113155422000022/xslF345X03/wf-form4_164753564893369.xml"}, {"form_type": "4", "filings_date": "2022-03-16", "url": "https://www.sec.gov/Archives/edgar/data/0001131554/000113155422000021/xslF345X03/wf-form4_164743264963050.xml"}, {"form_type": "4", "filings_date": "2022-03-15", "url": "https://www.sec.gov/Archives/edgar/data/0001131554/000113155422000020/xslF345X03/wf-form4_164738252452189.xml"}, {"form_type": "4", "filings_date": "2022-03-15", "url": "https://www.sec.gov/Archives/edgar/data/0001131554/000113155422000019/xslF345X03/wf-form4_164738180239340.xml"}, {"form_type": "4", "filings_date": "2022-03-15", "url": "https://www.sec.gov/Archives/edgar/data/0001131554/000121390022012615/xslF345X03/ownership.xml"}, {"form_type": "SC 13D/A", "filings_date": "2022-03-15", "url": "https://www.sec.gov/Archives/edgar/data/0001131554/000121390022012614/ea156922-13da2briley_synchro.htm"}, {"form_type": "10-K", "filings_date": "2022-03-15", "url": "https://www.sec.gov/Archives/edgar/data/0001131554/000113155422000018/sncr-20211231.htm"}, {"form_type": "4", "filings_date": "2022-03-15", "url": "https://www.sec.gov/Archives/edgar/data/0001131554/000113155422000016/xslF345X03/wf-form4_164735016658003.xml"}, {"form_type": "4", "filings_date": "2022-03-14", "url": "https://www.sec.gov/Archives/edgar/data/0001131554/000113155422000015/xslF345X03/wf-form4_164729604221121.xml"}, {"form_type": "4", "filings_date": "2022-03-14", "url": "https://www.sec.gov/Archives/edgar/data/0001131554/000113155422000014/xslF345X03/wf-form4_164729590765625.xml"}, {"form_type": "4", "filings_date": "2022-03-14", "url": "https://www.sec.gov/Archives/edgar/data/0001131554/000113155422000013/xslF345X03/wf-form4_164729565454139.xml"}, {"form_type": "4", "filings_date": "2022-03-14", "url": "https://www.sec.gov/Archives/edgar/data/0001131554/000113155422000011/xslF345X03/wf-form4_164726293754762.xml"}, {"form_type": "4", "filings_date": "2022-03-10", "url": "https://www.sec.gov/Archives/edgar/data/0001131554/000113155422000010/xslF345X03/wf-form4_164695363144584.xml"}, {"form_type": "4", "filings_date": "2022-03-08", "url": "https://www.sec.gov/Archives/edgar/data/0001131554/000113155422000009/xslF345X03/wf-form4_164677676342969.xml"}, {"form_type": "8-K", "filings_date": "2022-03-08", "url": "https://www.sec.gov/Archives/edgar/data/0001131554/000113155422000007/sncr-20220308.htm"}, {"form_type": "SC 13G", "filings_date": "2022-02-14", "url": "https://www.sec.gov/Archives/edgar/data/0001131554/000089373922000009/sncr-13gx2x14x22.htm"}, {"form_type": "4", "filings_date": "2022-02-04", "url": "https://www.sec.gov/Archives/edgar/data/0001131554/000113155422000005/xslF345X03/wf-form4_164401275513005.xml"}, {"form_type": "4", "filings_date": "2022-02-03", "url": "https://www.sec.gov/Archives/edgar/data/0001131554/000113155422000004/xslF345X03/wf-form4_164392658159317.xml"}, {"form_type": "4", "filings_date": "2022-02-03", "url": "https://www.sec.gov/Archives/edgar/data/0001131554/000113155422000003/xslF345X03/wf-form4_164392639538181.xml"}, {"form_type": "4", "filings_date": "2022-01-07", "url": "https://www.sec.gov/Archives/edgar/data/0001131554/000113155422000002/xslF345X03/wf-form4_164159450901981.xml"}, {"form_type": "4", "filings_date": "2021-11-10", "url": "https://www.sec.gov/Archives/edgar/data/0001131554/000113155421000091/xslF345X03/wf-form4_163658125361304.xml"}, {"form_type": "3", "filings_date": "2021-11-10", "url": "https://www.sec.gov/Archives/edgar/data/0001131554/000113155421000090/xslF345X02/wf-form3_163658080133282.xml"}, {"form_type": "10-Q", "filings_date": "2021-11-09", "url": "https://www.sec.gov/Archives/edgar/data/0001131554/000113155421000088/sncr-20210930.htm"}, {"form_type": "8-K", "filings_date": "2021-11-08", "url": "https://www.sec.gov/Archives/edgar/data/0001131554/000113155421000086/sncr-20211108.htm"}, {"form_type": "8-K", "filings_date": "2021-11-05", "url": "https://www.sec.gov/Archives/edgar/data/0001131554/000113155421000078/sncr-20211104.htm"}, {"form_type": "4", "filings_date": "2021-11-04", "url": "https://www.sec.gov/Archives/edgar/data/0001131554/000113155421000083/xslF345X03/wf-form4_163606514652921.xml"}, {"form_type": "4", "filings_date": "2021-11-04", "url": "https://www.sec.gov/Archives/edgar/data/0001131554/000113155421000082/xslF345X03/wf-form4_163606508146802.xml"}, {"form_type": "4", "filings_date": "2021-11-04", "url": "https://www.sec.gov/Archives/edgar/data/0001131554/000113155421000081/xslF345X03/wf-form4_163606500942429.xml"}, {"form_type": "4/A", "filings_date": "2021-11-04", "url": "https://www.sec.gov/Archives/edgar/data/0001131554/000113155421000080/xslF345X03/wf-form4a_163606477463873.xml"}, {"form_type": "8-K", "filings_date": "2021-11-02", "url": "https://www.sec.gov/Archives/edgar/data/0001131554/000113155421000076/sncr-20211102.htm"}, {"form_type": "SC 13D/A", "filings_date": "2021-11-01", "url": "https://www.sec.gov/Archives/edgar/data/0001131554/000121390021055600/ea149532-13da1briley_synchro.htm"}, {"form_type": "4", "filings_date": "2021-10-29", "url": "https://www.sec.gov/Archives/edgar/data/0001131554/000121390021055608/xslF345X03/ownership.xml"}, {"form_type": "8-K", "filings_date": "2021-10-26", "url": "https://www.sec.gov/Archives/edgar/data/0001131554/000110465921129786/tm2130710d2_8k.htm"}, {"form_type": "424B5", "filings_date": "2021-10-26", "url": "https://www.sec.gov/Archives/edgar/data/0001131554/000110465921129780/tm2130710-3_424b5.htm"}, {"form_type": "S-3MEF", "filings_date": "2021-10-25", "url": "https://www.sec.gov/Archives/edgar/data/0001131554/000110465921129559/tm2130710d1_s3mef.htm"}, {"form_type": "4", "filings_date": "2021-10-20", "url": "https://www.sec.gov/Archives/edgar/data/0001131554/000113155421000073/xslF345X03/wf-form4_163476581084574.xml"}, {"form_type": "4", "filings_date": "2021-10-08", "url": "https://www.sec.gov/Archives/edgar/data/0001131554/000113155421000071/xslF345X03/wf-form4_163369462560087.xml"}, {"form_type": "4", "filings_date": "2021-09-02", "url": "https://www.sec.gov/Archives/edgar/data/0001131554/000113155421000069/xslF345X03/wf-form4_163062104076716.xml"}, {"form_type": "3", "filings_date": "2021-08-13", "url": "https://www.sec.gov/Archives/edgar/data/0001131554/000113155421000066/xslF345X02/wf-form3_162890314505787.xml"}, {"form_type": "3", "filings_date": "2021-08-12", "url": "https://www.sec.gov/Archives/edgar/data/0001131554/000113155421000064/xslF345X02/wf-form3_162880479718213.xml"}, {"form_type": "3", "filings_date": "2021-08-12", "url": "https://www.sec.gov/Archives/edgar/data/0001131554/000113155421000062/xslF345X02/wf-form3_162880454243253.xml"}, {"form_type": "4", "filings_date": "2021-08-12", "url": "https://www.sec.gov/Archives/edgar/data/0001131554/000113155421000060/xslF345X03/wf-form4_162880428931936.xml"}, {"form_type": "3", "filings_date": "2021-08-12", "url": "https://www.sec.gov/Archives/edgar/data/0001131554/000113155421000059/xslF345X02/wf-form3_162880386731677.xml"}, {"form_type": "10-Q", "filings_date": "2021-08-09", "url": "https://www.sec.gov/Archives/edgar/data/0001131554/000113155421000057/sncr-20210630.htm"}, {"form_type": "8-K", "filings_date": "2021-08-09", "url": "https://www.sec.gov/Archives/edgar/data/0001131554/000113155421000056/sncr-20210809.htm"}, {"form_type": "4", "filings_date": "2021-08-06", "url": "https://www.sec.gov/Archives/edgar/data/0001131554/000113155421000053/xslF345X03/wf-form4_162828248191075.xml"}, {"form_type": "4", "filings_date": "2021-08-05", "url": "https://www.sec.gov/Archives/edgar/data/0001131554/000113155421000050/xslF345X03/wf-form4_162819370579737.xml"}, {"form_type": "8-K", "filings_date": "2021-07-27", "url": "https://www.sec.gov/Archives/edgar/data/0001131554/000113155421000049/sncr-20210727.htm"}, {"form_type": "3", "filings_date": "2021-07-22", "url": "https://www.sec.gov/Archives/edgar/data/0001131554/000113155421000046/xslF345X02/wf-form3_162695091416387.xml"}, {"form_type": "8-K", "filings_date": "2021-07-16", "url": "https://www.sec.gov/Archives/edgar/data/0001131554/000113155421000045/sncr-20210712.htm"}, {"form_type": "4", "filings_date": "2021-07-12", "url": "https://www.sec.gov/Archives/edgar/data/0001131554/000113155421000042/xslF345X03/wf-form4_162612103812787.xml"}, {"form_type": "SC 13G/A", "filings_date": "2021-07-12", "url": "https://www.sec.gov/Archives/edgar/data/0001131554/000083423721008758/us87157b1035_071021.txt"}, {"form_type": "SC 13G/A", "filings_date": "2021-07-08", "url": "https://www.sec.gov/Archives/edgar/data/0001131554/000001961721000360/SYNCHRONOSS_TECHNOLOGIES_I.htm"}, {"form_type": "SC 13D", "filings_date": "2021-07-06", "url": "https://www.sec.gov/Archives/edgar/data/0001131554/000121390021035754/ea143781-13dbriley_synchron.htm"}, {"form_type": "CERT", "filings_date": "2021-07-02", "url": "https://www.sec.gov/Archives/edgar/data/0001131554/000135445721000757/8A_Cert_SNCRL.pdf"}, {"form_type": "4", "filings_date": "2021-07-01", "url": "https://www.sec.gov/Archives/edgar/data/0001131554/000113155421000041/xslF345X03/wf-form4_162518841363210.xml"}, {"form_type": "SC 13D/A", "filings_date": "2021-07-01", "url": "https://www.sec.gov/Archives/edgar/data/0001131554/000119312521205584/d27461dsc13da.htm"}, {"form_type": "4", "filings_date": "2021-07-01", "url": "https://www.sec.gov/Archives/edgar/data/0001131554/000089924321026884/xslF345X03/doc4.xml"}, {"form_type": "4", "filings_date": "2021-07-01", "url": "https://www.sec.gov/Archives/edgar/data/0001131554/000089924321026883/xslF345X03/doc4.xml"}, {"form_type": "4", "filings_date": "2021-07-01", "url": "https://www.sec.gov/Archives/edgar/data/0001131554/000089924321026882/xslF345X03/doc4.xml"}, {"form_type": "8-A12B", "filings_date": "2021-06-30", "url": "https://www.sec.gov/Archives/edgar/data/0001131554/000110465921087643/tm2120300d4_8a12b.htm"}, {"form_type": "8-K", "filings_date": "2021-06-30", "url": "https://www.sec.gov/Archives/edgar/data/0001131554/000110465921087598/tm2120300d3_8k.htm"}, {"form_type": "424B5", "filings_date": "2021-06-29", "url": "https://www.sec.gov/Archives/edgar/data/0001131554/000110465921086906/tm2120310-2_424b5.htm"}, {"form_type": "3", "filings_date": "2021-06-29", "url": "https://www.sec.gov/Archives/edgar/data/0001131554/000121390021034692/xslF345X02/ownership.xml"}, {"form_type": "424B5", "filings_date": "2021-06-28", "url": "https://www.sec.gov/Archives/edgar/data/0001131554/000110465921086300/tm2120300-2_424b5.htm"}, {"form_type": "FWP", "filings_date": "2021-06-25", "url": "https://www.sec.gov/Archives/edgar/data/0001131554/000110465921085829/tm2120310d3_fwp.htm"}, {"form_type": "SC 13D/A", "filings_date": "2021-06-25", "url": "https://www.sec.gov/Archives/edgar/data/0001131554/000119312521199455/d189450dsc13da.htm"}, {"form_type": "424B5", "filings_date": "2021-06-24", "url": "https://www.sec.gov/Archives/edgar/data/0001131554/000110465921085141/tm2120310-1_424b5.htm"}, {"form_type": "424B5", "filings_date": "2021-06-24", "url": "https://www.sec.gov/Archives/edgar/data/0001131554/000110465921085139/tm2120300-1_424b5.htm"}, {"form_type": "305B2", "filings_date": "2021-06-24", "url": "https://www.sec.gov/Archives/edgar/data/0001131554/000110465921085134/tm2120319d1_305b2.htm"}, {"form_type": "4", "filings_date": "2021-06-16", "url": "https://www.sec.gov/Archives/edgar/data/0001131554/000113155421000040/xslF345X03/wf-form4_162388506724224.xml"}, {"form_type": "4", "filings_date": "2021-06-16", "url": "https://www.sec.gov/Archives/edgar/data/0001131554/000113155421000039/xslF345X03/wf-form4_162388493779832.xml"}, {"form_type": "4", "filings_date": "2021-06-16", "url": "https://www.sec.gov/Archives/edgar/data/0001131554/000113155421000038/xslF345X03/wf-form4_162388383486916.xml"}, {"form_type": "4", "filings_date": "2021-06-16", "url": "https://www.sec.gov/Archives/edgar/data/0001131554/000113155421000037/xslF345X03/wf-form4_162388371407788.xml"}, {"form_type": "4", "filings_date": "2021-06-16", "url": "https://www.sec.gov/Archives/edgar/data/0001131554/000113155421000036/xslF345X03/wf-form4_162388359199557.xml"}, {"form_type": "4", "filings_date": "2021-06-16", "url": "https://www.sec.gov/Archives/edgar/data/0001131554/000113155421000035/xslF345X03/wf-form4_162388351350782.xml"}, {"form_type": "4", "filings_date": "2021-06-16", "url": "https://www.sec.gov/Archives/edgar/data/0001131554/000113155421000034/xslF345X03/wf-form4_162388341339503.xml"}, {"form_type": "4", "filings_date": "2021-06-16", "url": "https://www.sec.gov/Archives/edgar/data/0001131554/000113155421000033/xslF345X03/wf-form4_162388320028240.xml"}, {"form_type": "4", "filings_date": "2021-06-16", "url": "https://www.sec.gov/Archives/edgar/data/0001131554/000089924321024233/xslF345X03/doc4.xml"}, {"form_type": "4", "filings_date": "2021-06-16", "url": "https://www.sec.gov/Archives/edgar/data/0001131554/000089924321024232/xslF345X03/doc4.xml"}, {"form_type": "4", "filings_date": "2021-06-16", "url": "https://www.sec.gov/Archives/edgar/data/0001131554/000113155421000032/xslF345X03/wf-form4_162388299004325.xml"}, {"form_type": "4", "filings_date": "2021-06-16", "url": "https://www.sec.gov/Archives/edgar/data/0001131554/000089924321024223/xslF345X03/doc4.xml"}, {"form_type": "8-K", "filings_date": "2021-06-16", "url": "https://www.sec.gov/Archives/edgar/data/0001131554/000113155421000031/sncr-20210610.htm"}, {"form_type": "S-8", "filings_date": "2021-06-14", "url": "https://www.sec.gov/Archives/edgar/data/0001131554/000113155421000025/forms-806142021.htm"}, {"form_type": "10-Q", "filings_date": "2021-05-10", "url": "https://www.sec.gov/Archives/edgar/data/0001131554/000113155421000023/sncr-20210331.htm"}, {"form_type": "8-K", "filings_date": "2021-05-10", "url": "https://www.sec.gov/Archives/edgar/data/0001131554/000113155421000022/sncr-20210510.htm"}, {"form_type": "4", "filings_date": "2021-05-05", "url": "https://www.sec.gov/Archives/edgar/data/0001131554/000113155421000016/xslF345X03/wf-form4_162024724321357.xml"}, {"form_type": "DEFA14A", "filings_date": "2021-04-21", "url": "https://www.sec.gov/Archives/edgar/data/0001131554/000110465921053149/tm212502d2_defa14a.htm"}, {"form_type": "DEF 14A", "filings_date": "2021-04-21", "url": "https://www.sec.gov/Archives/edgar/data/0001131554/000110465921053143/tm212502-1_def14a.htm"}, {"form_type": "4", "filings_date": "2021-04-05", "url": "https://www.sec.gov/Archives/edgar/data/0001131554/000089924321014854/xslF345X03/doc4.xml"}, {"form_type": "SEC STAFF LETTER", "filings_date": "2021-03-29", "url": "https://www.sec.gov/Archives/edgar/data/0001131554/999999999721000989/filename1.pdf"}, {"form_type": "10-K", "filings_date": "2021-03-16", "url": "https://www.sec.gov/Archives/edgar/data/0001131554/000113155421000012/sncr-20201231.htm"}, {"form_type": "4", "filings_date": "2021-03-15", "url": "https://www.sec.gov/Archives/edgar/data/0001131554/000113155421000015/xslF345X03/wf-form4_161585689806704.xml"}, {"form_type": "4", "filings_date": "2021-03-15", "url": "https://www.sec.gov/Archives/edgar/data/0001131554/000113155421000014/xslF345X03/wf-form4_161585684890882.xml"}, {"form_type": "4", "filings_date": "2021-03-15", "url": "https://www.sec.gov/Archives/edgar/data/0001131554/000113155421000013/xslF345X03/wf-form4_161585679403676.xml"}, {"form_type": "4", "filings_date": "2021-03-10", "url": "https://www.sec.gov/Archives/edgar/data/0001131554/000113155421000010/xslF345X03/wf-form4_161541392205514.xml"}, {"form_type": "8-K", "filings_date": "2021-03-10", "url": "https://www.sec.gov/Archives/edgar/data/0001131554/000113155421000009/sncr-20210308.htm"}, {"form_type": "8-K", "filings_date": "2021-03-08", "url": "https://www.sec.gov/Archives/edgar/data/0001131554/000113155421000007/sncr-20210308.htm"}, {"form_type": "4", "filings_date": "2021-03-02", "url": "https://www.sec.gov/Archives/edgar/data/0001131554/000113155421000003/xslF345X03/wf-form4_161472287663431.xml"}, {"form_type": "SEC STAFF LETTER", "filings_date": "2021-03-01", "url": "https://www.sec.gov/Archives/edgar/data/0001131554/999999999721000533/filename1.pdf"}, {"form_type": "4", "filings_date": "2021-02-16", "url": "https://www.sec.gov/Archives/edgar/data/0001131554/000113155421000002/xslF345X03/wf-form4_161352555762815.xml"}, {"form_type": "SC 13G/A", "filings_date": "2021-02-16", "url": "https://www.sec.gov/Archives/edgar/data/0001131554/000091957421001118/d8791749_13g-a.htm"}, {"form_type": "4", "filings_date": "2021-02-05", "url": "https://www.sec.gov/Archives/edgar/data/0001131554/000113155421000001/xslF345X03/wf-form4_161256301483460.xml"}, {"form_type": "SC 13G/A", "filings_date": "2021-02-01", "url": "https://www.sec.gov/Archives/edgar/data/0001131554/000083423721005732/us87157b1035_013121.txt"}, {"form_type": "SC 13G", "filings_date": "2021-01-19", "url": "https://www.sec.gov/Archives/edgar/data/0001131554/000001961721000099/SYNCHRONOSS_TECHNOLOGIES_I.htm"}, {"form_type": "4", "filings_date": "2021-01-05", "url": "https://www.sec.gov/Archives/edgar/data/0001131554/000089924321000423/xslF345X03/doc4.xml"}, {"form_type": "10-Q", "filings_date": "2020-11-09", "url": "https://www.sec.gov/Archives/edgar/data/0001131554/000113155420000088/sncr-20200930.htm"}, {"form_type": "8-K", "filings_date": "2020-11-09", "url": "https://www.sec.gov/Archives/edgar/data/0001131554/000113155420000086/sncr-20201109.htm"}, {"form_type": "4", "filings_date": "2020-10-05", "url": "https://www.sec.gov/Archives/edgar/data/0001131554/000089924320027296/xslF345X03/doc4.xml"}, {"form_type": "8-K", "filings_date": "2020-10-02", "url": "https://www.sec.gov/Archives/edgar/data/0001131554/000113155420000082/a8-kitem502.htm"}, {"form_type": "8-K", "filings_date": "2020-09-21", "url": "https://www.sec.gov/Archives/edgar/data/0001131554/000110465920107052/tm2031424d1_8k.htm"}, {"form_type": "EFFECT", "filings_date": "2020-08-28", "url": "https://www.sec.gov/Archives/edgar/data/0001131554/999999999520002309/xslEFFECTX01/primary_doc.xml"}, {"form_type": "UPLOAD", "filings_date": "2020-08-27", "url": "https://www.sec.gov/Archives/edgar/data/0001131554/000000000020008086/filename1.pdf"}, {"form_type": "CORRESP", "filings_date": "2020-08-27", "url": "https://www.sec.gov/Archives/edgar/data/0001131554/000110465920099384/filename1.htm"}, {"form_type": "S-3", "filings_date": "2020-08-19", "url": "https://www.sec.gov/Archives/edgar/data/0001131554/000110465920096915/tm2027266-1_s3.htm"}, {"form_type": "10-Q", "filings_date": "2020-08-12", "url": "https://www.sec.gov/Archives/edgar/data/0001131554/000113155420000079/sncr-20200630.htm"}, {"form_type": "8-K", "filings_date": "2020-08-11", "url": "https://www.sec.gov/Archives/edgar/data/0001131554/000113155420000074/a8-kverizonagreementit.htm"}, {"form_type": "8-K", "filings_date": "2020-08-10", "url": "https://www.sec.gov/Archives/edgar/data/0001131554/000113155420000072/a8-kprq22020.htm"}, {"form_type": "4", "filings_date": "2020-08-04", "url": "https://www.sec.gov/Archives/edgar/data/0001131554/000113155420000064/xslF345X03/wf-form4_159657654233753.xml"}, {"form_type": "4", "filings_date": "2020-07-09", "url": "https://www.sec.gov/Archives/edgar/data/0001131554/000113155420000063/xslF345X03/wf-form4_159432690494926.xml"}, {"form_type": "4", "filings_date": "2020-07-06", "url": "https://www.sec.gov/Archives/edgar/data/0001131554/000089924320018457/xslF345X03/doc4.xml"}, {"form_type": "4", "filings_date": "2020-06-22", "url": "https://www.sec.gov/Archives/edgar/data/0001131554/000113155420000061/xslF345X03/wf-form4_159287493826200.xml"}, {"form_type": "SC 13G/A", "filings_date": "2020-06-15", "url": "https://www.sec.gov/Archives/edgar/data/0001131554/000108514620001668/sncra5_61520.htm"}, {"form_type": "4", "filings_date": "2020-06-09", "url": "https://www.sec.gov/Archives/edgar/data/0001131554/000113155420000060/xslF345X03/wf-form4_159173859171894.xml"}, {"form_type": "4", "filings_date": "2020-06-09", "url": "https://www.sec.gov/Archives/edgar/data/0001131554/000113155420000059/xslF345X03/wf-form4_159173852645677.xml"}, {"form_type": "4", "filings_date": "2020-06-09", "url": "https://www.sec.gov/Archives/edgar/data/0001131554/000113155420000058/xslF345X03/wf-form4_159173844475387.xml"}, {"form_type": "4", "filings_date": "2020-06-09", "url": "https://www.sec.gov/Archives/edgar/data/0001131554/000113155420000057/xslF345X03/wf-form4_159173837014737.xml"}, {"form_type": "8-K", "filings_date": "2020-06-08", "url": "https://www.sec.gov/Archives/edgar/data/0001131554/000113155420000056/a06-08x20208xk.htm"}, {"form_type": "10-Q/A", "filings_date": "2020-06-01", "url": "https://www.sec.gov/Archives/edgar/data/0001131554/000113155420000052/sncr10-qaq1covidexplan.htm"}, {"form_type": "10-Q", "filings_date": "2020-05-21", "url": "https://www.sec.gov/Archives/edgar/data/0001131554/000113155420000047/sncr-20200331.htm"}, {"form_type": "8-K", "filings_date": "2020-05-18", "url": "https://www.sec.gov/Archives/edgar/data/0001131554/000113155420000045/a05-18x20208xk.htm"}, {"form_type": "8-K", "filings_date": "2020-05-11", "url": "https://www.sec.gov/Archives/edgar/data/0001131554/000113155420000043/a8-kq12020.htm"}, {"form_type": "8-K", "filings_date": "2020-05-08", "url": "https://www.sec.gov/Archives/edgar/data/0001131554/000113155420000036/a05-08x20208xk.htm"}, {"form_type": "4", "filings_date": "2020-05-05", "url": "https://www.sec.gov/Archives/edgar/data/0001131554/000113155420000034/xslF345X03/wf-form4_158871348583960.xml"}, {"form_type": "4", "filings_date": "2020-05-05", "url": "https://www.sec.gov/Archives/edgar/data/0001131554/000113155420000033/xslF345X03/wf-form4_158871340546762.xml"}, {"form_type": "4", "filings_date": "2020-04-29", "url": "https://www.sec.gov/Archives/edgar/data/0001131554/000113155420000032/xslF345X03/wf-form4_158819192284243.xml"}, {"form_type": "8-K", "filings_date": "2020-04-28", "url": "https://www.sec.gov/Archives/edgar/data/0001131554/000113155420000031/a04-28x20208xk.htm"}, {"form_type": "DEFA14A", "filings_date": "2020-04-16", "url": "https://www.sec.gov/Archives/edgar/data/0001131554/000110465920047535/tm202163-2_defa14a.htm"}, {"form_type": "DEF 14A", "filings_date": "2020-04-16", "url": "https://www.sec.gov/Archives/edgar/data/0001131554/000110465920047532/tm202163-1_def14a.htm"}, {"form_type": "4", "filings_date": "2020-04-03", "url": "https://www.sec.gov/Archives/edgar/data/0001131554/000089924320010146/xslF345X03/doc4.xml"}, {"form_type": "S-8", "filings_date": "2020-03-19", "url": "https://www.sec.gov/Archives/edgar/data/0001131554/000113155420000028/forms-8march2020.htm"}, {"form_type": "10-K", "filings_date": "2020-03-16", "url": "https://www.sec.gov/Archives/edgar/data/0001131554/000113155420000025/sncr-12311910xk.htm"}, {"form_type": "8-K", "filings_date": "2020-03-10", "url": "https://www.sec.gov/Archives/edgar/data/0001131554/000113155420000023/a8-kq42019.htm"}, {"form_type": "4", "filings_date": "2020-03-03", "url": "https://www.sec.gov/Archives/edgar/data/0001131554/000113155420000021/xslF345X03/wf-form4_158327128385971.xml"}, {"form_type": "4", "filings_date": "2020-03-03", "url": "https://www.sec.gov/Archives/edgar/data/0001131554/000113155420000020/xslF345X03/wf-form4_158327118660741.xml"}, {"form_type": "4", "filings_date": "2020-02-27", "url": "https://www.sec.gov/Archives/edgar/data/0001131554/000113155420000019/xslF345X03/wf-form4_158285010138968.xml"}, {"form_type": "4", "filings_date": "2020-02-27", "url": "https://www.sec.gov/Archives/edgar/data/0001131554/000113155420000018/xslF345X03/wf-form4_158284992918331.xml"}, {"form_type": "4", "filings_date": "2020-02-24", "url": "https://www.sec.gov/Archives/edgar/data/0001131554/000089924320005632/xslF345X03/doc4.xml"}, {"form_type": "4", "filings_date": "2020-02-24", "url": "https://www.sec.gov/Archives/edgar/data/0001131554/000089924320005629/xslF345X03/doc4.xml"}, {"form_type": "4", "filings_date": "2020-02-24", "url": "https://www.sec.gov/Archives/edgar/data/0001131554/000089924320005628/xslF345X03/doc4.xml"}, {"form_type": "4", "filings_date": "2020-02-24", "url": "https://www.sec.gov/Archives/edgar/data/0001131554/000113155420000017/xslF345X03/wf-form4_158258088633096.xml"}, {"form_type": "4", "filings_date": "2020-02-24", "url": "https://www.sec.gov/Archives/edgar/data/0001131554/000113155420000016/xslF345X03/wf-form4_158258079125936.xml"}, {"form_type": "4", "filings_date": "2020-02-24", "url": "https://www.sec.gov/Archives/edgar/data/0001131554/000113155420000015/xslF345X03/wf-form4_158258069377350.xml"}, {"form_type": "4", "filings_date": "2020-02-24", "url": "https://www.sec.gov/Archives/edgar/data/0001131554/000113155420000014/xslF345X03/wf-form4_158258058658087.xml"}, {"form_type": "4", "filings_date": "2020-02-24", "url": "https://www.sec.gov/Archives/edgar/data/0001131554/000113155420000013/xslF345X03/wf-form4_158258050851860.xml"}, {"form_type": "4", "filings_date": "2020-02-24", "url": "https://www.sec.gov/Archives/edgar/data/0001131554/000113155420000012/xslF345X03/wf-form4_158258040962820.xml"}, {"form_type": "4", "filings_date": "2020-02-24", "url": "https://www.sec.gov/Archives/edgar/data/0001131554/000113155420000011/xslF345X03/wf-form4_158258032556042.xml"}, {"form_type": "4", "filings_date": "2020-02-24", "url": "https://www.sec.gov/Archives/edgar/data/0001131554/000113155420000010/xslF345X03/wf-form4_158258023879524.xml"}, {"form_type": "4", "filings_date": "2020-02-24", "url": "https://www.sec.gov/Archives/edgar/data/0001131554/000113155420000009/xslF345X03/wf-form4_158257996589019.xml"}, {"form_type": "4", "filings_date": "2020-02-24", "url": "https://www.sec.gov/Archives/edgar/data/0001131554/000113155420000008/xslF345X03/wf-form4_158257986244409.xml"}, {"form_type": "4", "filings_date": "2020-02-24", "url": "https://www.sec.gov/Archives/edgar/data/0001131554/000113155420000007/xslF345X03/wf-form4_158257972856589.xml"}, {"form_type": "4", "filings_date": "2020-02-24", "url": "https://www.sec.gov/Archives/edgar/data/0001131554/000113155420000006/xslF345X03/wf-form4_158257945181836.xml"}, {"form_type": "SC 13G", "filings_date": "2020-02-13", "url": "https://www.sec.gov/Archives/edgar/data/0001131554/000091957420001114/d8184934a_13-g.htm"}, {"form_type": "SC 13G", "filings_date": "2020-02-07", "url": "https://www.sec.gov/Archives/edgar/data/0001131554/000083423720008193/us87157b1035_020620.txt"}, {"form_type": "4", "filings_date": "2020-02-05", "url": "https://www.sec.gov/Archives/edgar/data/0001131554/000113155420000005/xslF345X03/wf-form4_158093343723849.xml"}, {"form_type": "4", "filings_date": "2020-02-05", "url": "https://www.sec.gov/Archives/edgar/data/0001131554/000113155420000004/xslF345X03/wf-form4_158093334769890.xml"}, {"form_type": "SC 13G/A", "filings_date": "2020-01-23", "url": "https://www.sec.gov/Archives/edgar/data/0001131554/000108514620000254/sncra4_12320.htm"}, {"form_type": "8-K", "filings_date": "2020-01-15", "url": "https://www.sec.gov/Archives/edgar/data/0001131554/000113155420000003/a01-15x20208xk.htm"}, {"form_type": "4", "filings_date": "2020-01-06", "url": "https://www.sec.gov/Archives/edgar/data/0001131554/000089924320000598/xslF345X03/doc4.xml"}, {"form_type": "4", "filings_date": "2019-11-18", "url": "https://www.sec.gov/Archives/edgar/data/0001131554/000113155419000081/xslF345X03/wf-form4_157408550378667.xml"}, {"form_type": "4", "filings_date": "2019-11-14", "url": "https://www.sec.gov/Archives/edgar/data/0001131554/000113155419000080/xslF345X03/wf-form4_157376584144861.xml"}, {"form_type": "4", "filings_date": "2019-11-14", "url": "https://www.sec.gov/Archives/edgar/data/0001131554/000113155419000079/xslF345X03/wf-form4_157373857211983.xml"}, {"form_type": "10-Q", "filings_date": "2019-11-05", "url": "https://www.sec.gov/Archives/edgar/data/0001131554/000113155419000078/sncr-09301910xq.htm"}, {"form_type": "8-K", "filings_date": "2019-11-05", "url": "https://www.sec.gov/Archives/edgar/data/0001131554/000113155419000076/a8-kq32019.htm"}, {"form_type": "4", "filings_date": "2019-11-04", "url": "https://www.sec.gov/Archives/edgar/data/0001131554/000089924319026606/xslF345X03/doc4.xml"}, {"form_type": "8-K", "filings_date": "2019-10-08", "url": "https://www.sec.gov/Archives/edgar/data/0001131554/000113155419000074/a10-08x20198xk.htm"}, {"form_type": "SC 13G", "filings_date": "2019-10-01", "url": "https://www.sec.gov/Archives/edgar/data/0001131554/000165495419011315/cwc_sc13g.htm"}, {"form_type": "4", "filings_date": "2019-08-19", "url": "https://www.sec.gov/Archives/edgar/data/0001131554/000113155419000072/xslF345X03/wf-form4_156624792305039.xml"}, {"form_type": "8-K", "filings_date": "2019-08-19", "url": "https://www.sec.gov/Archives/edgar/data/0001131554/000113155419000071/a8-19x20198xk.htm"}, {"form_type": "4", "filings_date": "2019-08-15", "url": "https://www.sec.gov/Archives/edgar/data/0001131554/000113155419000068/xslF345X03/wf-form4_156590014631988.xml"}, {"form_type": "10-Q", "filings_date": "2019-08-06", "url": "https://www.sec.gov/Archives/edgar/data/0001131554/000113155419000067/sncr-06301910xq.htm"}, {"form_type": "4", "filings_date": "2019-08-05", "url": "https://www.sec.gov/Archives/edgar/data/0001131554/000089924319021027/xslF345X03/doc4.xml"}, {"form_type": "4", "filings_date": "2019-08-05", "url": "https://www.sec.gov/Archives/edgar/data/0001131554/000113155419000063/xslF345X03/wf-form4_156504511099192.xml"}, {"form_type": "8-K", "filings_date": "2019-08-05", "url": "https://www.sec.gov/Archives/edgar/data/0001131554/000113155419000061/a8-kq22019.htm"}, {"form_type": "8-K", "filings_date": "2019-08-02", "url": "https://www.sec.gov/Archives/edgar/data/0001131554/000113155419000058/a8-1x20198xk.htm"}, {"form_type": "4", "filings_date": "2019-08-01", "url": "https://www.sec.gov/Archives/edgar/data/0001131554/000113155419000056/xslF345X03/wf-form4_156471059572052.xml"}, {"form_type": "3", "filings_date": "2019-08-01", "url": "https://www.sec.gov/Archives/edgar/data/0001131554/000113155419000055/xslF345X02/wf-form3_156471043652566.xml"}, {"form_type": "4", "filings_date": "2019-08-01", "url": "https://www.sec.gov/Archives/edgar/data/0001131554/000113155419000054/xslF345X03/wf-form4_156469325759947.xml"}, {"form_type": "4", "filings_date": "2019-07-11", "url": "https://www.sec.gov/Archives/edgar/data/0001131554/000113155419000052/xslF345X03/wf-form4_156287877027330.xml"}, {"form_type": "SC 13G/A", "filings_date": "2019-07-01", "url": "https://www.sec.gov/Archives/edgar/data/0001131554/000108514619001771/sncra3_70119.htm"}, {"form_type": "8-K", "filings_date": "2019-06-11", "url": "https://www.sec.gov/Archives/edgar/data/0001131554/000113155419000050/a6-11x20198xk.htm"}, {"form_type": "4", "filings_date": "2019-06-10", "url": "https://www.sec.gov/Archives/edgar/data/0001131554/000089924319016293/xslF345X03/doc4.xml"}, {"form_type": "4", "filings_date": "2019-06-10", "url": "https://www.sec.gov/Archives/edgar/data/0001131554/000089924319016292/xslF345X03/doc4.xml"}, {"form_type": "4", "filings_date": "2019-06-10", "url": "https://www.sec.gov/Archives/edgar/data/0001131554/000089924319016291/xslF345X03/doc4.xml"}, {"form_type": "4", "filings_date": "2019-06-10", "url": "https://www.sec.gov/Archives/edgar/data/0001131554/000113155419000048/xslF345X03/wf-form4_156020971049583.xml"}, {"form_type": "4", "filings_date": "2019-06-10", "url": "https://www.sec.gov/Archives/edgar/data/0001131554/000113155419000047/xslF345X03/wf-form4_156020891445480.xml"}, {"form_type": "4", "filings_date": "2019-06-10", "url": "https://www.sec.gov/Archives/edgar/data/0001131554/000113155419000045/xslF345X03/wf-form4_156020871728594.xml"}, {"form_type": "4", "filings_date": "2019-06-10", "url": "https://www.sec.gov/Archives/edgar/data/0001131554/000113155419000044/xslF345X03/wf-form4_156020863491555.xml"}, {"form_type": "4", "filings_date": "2019-06-10", "url": "https://www.sec.gov/Archives/edgar/data/0001131554/000113155419000042/xslF345X03/wf-form4_156020822104673.xml"}, {"form_type": "4", "filings_date": "2019-06-10", "url": "https://www.sec.gov/Archives/edgar/data/0001131554/000113155419000041/xslF345X03/wf-form4_156020795199321.xml"}, {"form_type": "4", "filings_date": "2019-06-10", "url": "https://www.sec.gov/Archives/edgar/data/0001131554/000113155419000040/xslF345X03/wf-form4_156020785343275.xml"}, {"form_type": "4", "filings_date": "2019-06-10", "url": "https://www.sec.gov/Archives/edgar/data/0001131554/000113155419000039/xslF345X03/wf-form4_156020778328603.xml"}, {"form_type": "4", "filings_date": "2019-06-10", "url": "https://www.sec.gov/Archives/edgar/data/0001131554/000113155419000038/xslF345X03/wf-form4_156020766897857.xml"}, {"form_type": "4", "filings_date": "2019-06-10", "url": "https://www.sec.gov/Archives/edgar/data/0001131554/000113155419000037/xslF345X03/wf-form4_156020755121816.xml"}, {"form_type": "DEFA14A", "filings_date": "2019-05-22", "url": "https://www.sec.gov/Archives/edgar/data/0001131554/000110465919031095/a19-10505_1defa14a.htm"}, {"form_type": "DEFA14A", "filings_date": "2019-05-14", "url": "https://www.sec.gov/Archives/edgar/data/0001131554/000110465919029301/a19-9944_1defa14a.htm"}, {"form_type": "10-Q", "filings_date": "2019-05-10", "url": "https://www.sec.gov/Archives/edgar/data/0001131554/000113155419000036/sncr-03311910xq.htm"}, {"form_type": "8-K", "filings_date": "2019-05-09", "url": "https://www.sec.gov/Archives/edgar/data/0001131554/000113155419000031/a8-kq12019.htm"}, {"form_type": "4", "filings_date": "2019-05-07", "url": "https://www.sec.gov/Archives/edgar/data/0001131554/000113155419000028/xslF345X03/wf-form4_155727435325832.xml"}, {"form_type": "8-K", "filings_date": "2019-04-24", "url": "https://www.sec.gov/Archives/edgar/data/0001131554/000113155419000027/a4-23x20188xk.htm"}, {"form_type": "DEF 14A", "filings_date": "2019-04-22", "url": "https://www.sec.gov/Archives/edgar/data/0001131554/000104746919002463/a2238503zdef14a.htm"}, {"form_type": "4", "filings_date": "2019-04-03", "url": "https://www.sec.gov/Archives/edgar/data/0001131554/000089924319009837/xslF345X03/doc4.xml"}, {"form_type": "S-8", "filings_date": "2019-03-27", "url": "https://www.sec.gov/Archives/edgar/data/0001131554/000110465919017853/a19-7041_1s8.htm"}, {"form_type": "8-K", "filings_date": "2019-03-20", "url": "https://www.sec.gov/Archives/edgar/data/0001131554/000110465919016332/a19-6894_18k.htm"}, {"form_type": "10-K", "filings_date": "2019-03-18", "url": "https://www.sec.gov/Archives/edgar/data/0001131554/000113155419000024/sncr-12311810xk.htm"}, {"form_type": "4", "filings_date": "2019-03-14", "url": "https://www.sec.gov/Archives/edgar/data/0001131554/000113155419000012/xslF345X03/wf-form4_155260796015855.xml"}, {"form_type": "4", "filings_date": "2019-03-14", "url": "https://www.sec.gov/Archives/edgar/data/0001131554/000113155419000011/xslF345X03/wf-form4_155260783388773.xml"}, {"form_type": "4", "filings_date": "2019-03-14", "url": "https://www.sec.gov/Archives/edgar/data/0001131554/000113155419000010/xslF345X03/wf-form4_155260766017384.xml"}, {"form_type": "4", "filings_date": "2019-03-08", "url": "https://www.sec.gov/Archives/edgar/data/0001131554/000113155419000008/xslF345X03/wf-form4_155207993936383.xml"}, {"form_type": "4", "filings_date": "2019-03-05", "url": "https://www.sec.gov/Archives/edgar/data/0001131554/000113155419000007/xslF345X03/wf-form4_155182292915053.xml"}, {"form_type": "4", "filings_date": "2019-02-28", "url": "https://www.sec.gov/Archives/edgar/data/0001131554/000113155419000006/xslF345X03/wf-form4_155135362649429.xml"}, {"form_type": "4", "filings_date": "2019-02-28", "url": "https://www.sec.gov/Archives/edgar/data/0001131554/000113155419000005/xslF345X03/wf-form4_155135349518772.xml"}, {"form_type": "4", "filings_date": "2019-02-22", "url": "https://www.sec.gov/Archives/edgar/data/0001131554/000113155419000004/xslF345X03/wf-form4_155087423556343.xml"}, {"form_type": "4", "filings_date": "2019-02-22", "url": "https://www.sec.gov/Archives/edgar/data/0001131554/000113155419000003/xslF345X03/wf-form4_155087354945538.xml"}, {"form_type": "SC 13G/A", "filings_date": "2019-02-11", "url": "https://www.sec.gov/Archives/edgar/data/0001131554/000093247119004590/synchronosstechnologiesinc.htm"}, {"form_type": "SC 13G/A", "filings_date": "2019-02-08", "url": "https://www.sec.gov/Archives/edgar/data/0001131554/000108514619000417/sncra2_20819.htm"}, {"form_type": "UPLOAD", "filings_date": "2019-02-08", "url": "https://www.sec.gov/Archives/edgar/data/0001131554/000000000019001575/filename1.pdf"}, {"form_type": "4", "filings_date": "2019-02-05", "url": "https://www.sec.gov/Archives/edgar/data/0001131554/000113155419000002/xslF345X03/wf-form4_154941366691270.xml"}, {"form_type": "8-K", "filings_date": "2019-01-22", "url": "https://www.sec.gov/Archives/edgar/data/0001131554/000110465919002770/a19-3244_18k.htm"}, {"form_type": "3", "filings_date": "2019-01-22", "url": "https://www.sec.gov/Archives/edgar/data/0001131554/000113155419000001/xslF345X02/wf-form3_154819144197129.xml"}, {"form_type": "CORRESP", "filings_date": "2018-12-18", "url": "https://www.sec.gov/Archives/edgar/data/0001131554/000113155418000093/filename1.htm"}, {"form_type": "UPLOAD", "filings_date": "2018-12-04", "url": "https://www.sec.gov/Archives/edgar/data/0001131554/000000000018037177/filename1.pdf"}, {"form_type": "4/A", "filings_date": "2018-11-23", "url": "https://www.sec.gov/Archives/edgar/data/0001131554/000113155418000090/xslF345X03/wf-form4a_154297740500657.xml"}, {"form_type": "4/A", "filings_date": "2018-11-20", "url": "https://www.sec.gov/Archives/edgar/data/0001131554/000113155418000089/xslF345X03/wf-form4a_154274879149025.xml"}, {"form_type": "4", "filings_date": "2018-11-20", "url": "https://www.sec.gov/Archives/edgar/data/0001131554/000113155418000088/xslF345X03/wf-form4_154274862244413.xml"}, {"form_type": "4", "filings_date": "2018-11-19", "url": "https://www.sec.gov/Archives/edgar/data/0001131554/000113155418000087/xslF345X03/wf-form4_154266317308743.xml"}, {"form_type": "CORRESP", "filings_date": "2018-11-14", "url": "https://www.sec.gov/Archives/edgar/data/0001131554/000113155418000086/filename1.htm"}, {"form_type": "10-Q", "filings_date": "2018-11-09", "url": "https://www.sec.gov/Archives/edgar/data/0001131554/000113155418000083/sncr-09301810xq.htm"}, {"form_type": "8-K", "filings_date": "2018-11-07", "url": "https://www.sec.gov/Archives/edgar/data/0001131554/000110465918066675/a18-39778_18k.htm"}, {"form_type": "4", "filings_date": "2018-11-06", "url": "https://www.sec.gov/Archives/edgar/data/0001131554/000113155418000074/xslF345X03/wf-form4_154154633966435.xml"}, {"form_type": "4/A", "filings_date": "2018-11-06", "url": "https://www.sec.gov/Archives/edgar/data/0001131554/000113155418000073/xslF345X03/wf-form4a_154154603961170.xml"}, {"form_type": "4/A", "filings_date": "2018-11-05", "url": "https://www.sec.gov/Archives/edgar/data/0001131554/000113155418000072/xslF345X03/wf-form4a_154146547759817.xml"}, {"form_type": "4/A", "filings_date": "2018-11-05", "url": "https://www.sec.gov/Archives/edgar/data/0001131554/000113155418000071/xslF345X03/wf-form4a_154146529319601.xml"}, {"form_type": "8-K", "filings_date": "2018-11-02", "url": "https://www.sec.gov/Archives/edgar/data/0001131554/000110465918065750/a18-39391_18k.htm"}, {"form_type": "8-K", "filings_date": "2018-10-29", "url": "https://www.sec.gov/Archives/edgar/data/0001131554/000110465918064393/a18-38176_18k.htm"}, {"form_type": "3", "filings_date": "2018-10-26", "url": "https://www.sec.gov/Archives/edgar/data/0001131554/000113155418000068/xslF345X02/wf-form3_154058883394203.xml"}, {"form_type": "CORRESP", "filings_date": "2018-10-24", "url": "https://www.sec.gov/Archives/edgar/data/0001131554/000110465918063686/filename1.htm"}, {"form_type": "UPLOAD", "filings_date": "2018-10-16", "url": "https://www.sec.gov/Archives/edgar/data/0001131554/000000000018032478/filename1.pdf"}, {"form_type": "DEFA14A", "filings_date": "2018-10-05", "url": "https://www.sec.gov/Archives/edgar/data/0001131554/000110465918060776/a18-36415_1defa14a.htm"}, {"form_type": "CT ORDER", "filings_date": "2018-10-04", "url": "https://www.sec.gov/Archives/edgar/data/0001131554/999999999718008378/filename1.pdf"}, {"form_type": "DEFA14A", "filings_date": "2018-09-10", "url": "https://www.sec.gov/Archives/edgar/data/0001131554/000110465918056012/a18-23008_3defa14a.htm"}, {"form_type": "DEF 14A", "filings_date": "2018-09-10", "url": "https://www.sec.gov/Archives/edgar/data/0001131554/000104746918006085/a2236624zdef14a.htm"}, {"form_type": "4", "filings_date": "2018-09-06", "url": "https://www.sec.gov/Archives/edgar/data/0001131554/000113155418000066/xslF345X03/wf-form4_153627372160744.xml"}, {"form_type": "4", "filings_date": "2018-08-29", "url": "https://www.sec.gov/Archives/edgar/data/0001131554/000113155418000065/xslF345X03/wf-form4_153557735305859.xml"}, {"form_type": "8-K", "filings_date": "2018-08-20", "url": "https://www.sec.gov/Archives/edgar/data/0001131554/000110465918052844/a18-20024_18k.htm"}, {"form_type": "3", "filings_date": "2018-08-17", "url": "https://www.sec.gov/Archives/edgar/data/0001131554/000113155418000063/xslF345X02/wf-form3_153454257386387.xml"}, {"form_type": "4", "filings_date": "2018-08-17", "url": "https://www.sec.gov/Archives/edgar/data/0001131554/000113155418000062/xslF345X03/wf-form4_153454249842748.xml"}, {"form_type": "4", "filings_date": "2018-08-16", "url": "https://www.sec.gov/Archives/edgar/data/0001131554/000113155418000061/xslF345X03/wf-form4_153445195051104.xml"}, {"form_type": "8-K", "filings_date": "2018-08-13", "url": "https://www.sec.gov/Archives/edgar/data/0001131554/000110465918051532/a18-18731_18k.htm"}, {"form_type": "10-Q", "filings_date": "2018-08-09", "url": "https://www.sec.gov/Archives/edgar/data/0001131554/000113155418000060/sncr-06301810xqjkcd.htm"}, {"form_type": "8-K", "filings_date": "2018-08-09", "url": "https://www.sec.gov/Archives/edgar/data/0001131554/000110465918050965/a18-18583_18k.htm"}, {"form_type": "8-K", "filings_date": "2018-07-30", "url": "https://www.sec.gov/Archives/edgar/data/0001131554/000110465918048086/a18-17938_18k.htm"}, {"form_type": "3", "filings_date": "2018-07-27", "url": "https://www.sec.gov/Archives/edgar/data/0001131554/000113155418000051/xslF345X02/wf-form3_153270630778191.xml"}, {"form_type": "CT ORDER", "filings_date": "2018-07-26", "url": "https://www.sec.gov/Archives/edgar/data/0001131554/999999999718007036/filename1.pdf"}, {"form_type": "10-K/A", "filings_date": "2018-07-09", "url": "https://www.sec.gov/Archives/edgar/data/0001131554/000113155418000049/sncr-12311710xka.htm"}, {"form_type": "10-Q", "filings_date": "2018-07-09", "url": "https://www.sec.gov/Archives/edgar/data/0001131554/000113155418000045/sncr-06301710xqjkcd.htm"}, {"form_type": "10-Q", "filings_date": "2018-07-09", "url": "https://www.sec.gov/Archives/edgar/data/0001131554/000113155418000044/sncr-09301710xqjkcd.htm"}, {"form_type": "10-Q", "filings_date": "2018-07-09", "url": "https://www.sec.gov/Archives/edgar/data/0001131554/000113155418000043/sncr-03311710xqjkcd.htm"}, {"form_type": "4", "filings_date": "2018-07-05", "url": "https://www.sec.gov/Archives/edgar/data/0001131554/000089924318019475/xslF345X03/doc4.xml"}, {"form_type": "8-K", "filings_date": "2018-07-02", "url": "https://www.sec.gov/Archives/edgar/data/0001131554/000110465918043346/a18-16305_18k.htm"}, {"form_type": "10-Q/A", "filings_date": "2018-07-02", "url": "https://www.sec.gov/Archives/edgar/data/0001131554/000113155418000028/sncr-03311810xqjkcd1.htm"}, {"form_type": "10-K", "filings_date": "2018-07-02", "url": "https://www.sec.gov/Archives/edgar/data/0001131554/000113155418000025/sncr-12311710xk.htm"}, {"form_type": "10-Q", "filings_date": "2018-07-02", "url": "https://www.sec.gov/Archives/edgar/data/0001131554/000113155418000026/sncr-03311810xqjkcd.htm"}, {"form_type": "SC 13G/A", "filings_date": "2018-06-08", "url": "https://www.sec.gov/Archives/edgar/data/0001131554/000021545718005679/us87157b1035_060618.txt"}, {"form_type": "8-K", "filings_date": "2018-05-30", "url": "https://www.sec.gov/Archives/edgar/data/0001131554/000110465918036736/a18-14490_18k.htm"}, {"form_type": "8-K", "filings_date": "2018-05-11", "url": "https://www.sec.gov/Archives/edgar/data/0001131554/000110465918032592/a18-13440_18k.htm"}, {"form_type": "4", "filings_date": "2018-04-27", "url": "https://www.sec.gov/Archives/edgar/data/0001131554/000113155418000019/xslF345X03/wf-form4_152486425292827.xml"}, {"form_type": "3", "filings_date": "2018-04-27", "url": "https://www.sec.gov/Archives/edgar/data/0001131554/000113155418000018/xslF345X02/wf-form3_152486409314186.xml"}, {"form_type": "4", "filings_date": "2018-04-09", "url": "https://www.sec.gov/Archives/edgar/data/0001131554/000113155418000016/xslF345X03/wf-form4_152331636298245.xml"}, {"form_type": "4", "filings_date": "2018-04-09", "url": "https://www.sec.gov/Archives/edgar/data/0001131554/000113155418000015/xslF345X03/wf-form4_152331620662498.xml"}, {"form_type": "4", "filings_date": "2018-04-09", "url": "https://www.sec.gov/Archives/edgar/data/0001131554/000113155418000014/xslF345X03/wf-form4_152331614832965.xml"}, {"form_type": "4", "filings_date": "2018-04-09", "url": "https://www.sec.gov/Archives/edgar/data/0001131554/000113155418000013/xslF345X03/wf-form4_152331609431323.xml"}, {"form_type": "4", "filings_date": "2018-04-09", "url": "https://www.sec.gov/Archives/edgar/data/0001131554/000113155418000012/xslF345X03/wf-form4_152331594486357.xml"}, {"form_type": "4", "filings_date": "2018-04-09", "url": "https://www.sec.gov/Archives/edgar/data/0001131554/000113155418000011/xslF345X03/wf-form4_152331583380798.xml"}, {"form_type": "4", "filings_date": "2018-04-09", "url": "https://www.sec.gov/Archives/edgar/data/0001131554/000113155418000010/xslF345X03/wf-form4_152331544103141.xml"}, {"form_type": "4", "filings_date": "2018-04-09", "url": "https://www.sec.gov/Archives/edgar/data/0001131554/000113155418000009/xslF345X03/wf-form4_152331525253875.xml"}, {"form_type": "4", "filings_date": "2018-04-04", "url": "https://www.sec.gov/Archives/edgar/data/0001131554/000089924318009502/xslF345X03/doc4.xml"}, {"form_type": "8-K", "filings_date": "2018-03-22", "url": "https://www.sec.gov/Archives/edgar/data/0001131554/000110465918019442/a18-8799_18k.htm"}, {"form_type": "NT 10-K", "filings_date": "2018-03-09", "url": "https://www.sec.gov/Archives/edgar/data/0001131554/000110465918016366/a18-7775_1nt10k.htm"}, {"form_type": "4", "filings_date": "2018-02-27", "url": "https://www.sec.gov/Archives/edgar/data/0001131554/000113155418000007/xslF345X03/wf-form4_151977693271009.xml"}, {"form_type": "4", "filings_date": "2018-02-27", "url": "https://www.sec.gov/Archives/edgar/data/0001131554/000113155418000006/xslF345X03/wf-form4_151977687054989.xml"}, {"form_type": "4", "filings_date": "2018-02-27", "url": "https://www.sec.gov/Archives/edgar/data/0001131554/000113155418000005/xslF345X03/wf-form4_151977678908546.xml"}, {"form_type": "4", "filings_date": "2018-02-20", "url": "https://www.sec.gov/Archives/edgar/data/0001131554/000089924318004695/xslF345X03/doc4.xml"}, {"form_type": "4", "filings_date": "2018-02-20", "url": "https://www.sec.gov/Archives/edgar/data/0001131554/000110465918010905/xslF345X03/a4.xml"}, {"form_type": "4", "filings_date": "2018-02-20", "url": "https://www.sec.gov/Archives/edgar/data/0001131554/000110465918010904/xslF345X03/a4.xml"}, {"form_type": "3", "filings_date": "2018-02-20", "url": "https://www.sec.gov/Archives/edgar/data/0001131554/000110465918010903/xslF345X02/a3.xml"}, {"form_type": "3", "filings_date": "2018-02-20", "url": "https://www.sec.gov/Archives/edgar/data/0001131554/000110465918010902/xslF345X02/a3.xml"}, {"form_type": "SC 13D/A", "filings_date": "2018-02-20", "url": "https://www.sec.gov/Archives/edgar/data/0001131554/000119312518050414/d537208dsc13da.htm"}, {"form_type": "8-K", "filings_date": "2018-02-20", "url": "https://www.sec.gov/Archives/edgar/data/0001131554/000110465918010721/a18-6289_18k.htm"}, {"form_type": "SC 13G/A", "filings_date": "2018-02-13", "url": "https://www.sec.gov/Archives/edgar/data/0001131554/000108514618000671/sncra1_21318.htm"}, {"form_type": "SC 13G/A", "filings_date": "2018-02-09", "url": "https://www.sec.gov/Archives/edgar/data/0001131554/000093247118004191/synchronosstechnologiesinc.htm"}, {"form_type": "8-K", "filings_date": "2018-02-09", "url": "https://www.sec.gov/Archives/edgar/data/0001131554/000110465918007821/a18-5752_18k.htm"}, {"form_type": "3", "filings_date": "2018-02-05", "url": "https://www.sec.gov/Archives/edgar/data/0001131554/000113155418000004/xslF345X02/wf-form3_151788409338792.xml"}, {"form_type": "4", "filings_date": "2018-02-01", "url": "https://www.sec.gov/Archives/edgar/data/0001131554/000113155418000002/xslF345X03/wf-form4_151752553902439.xml"}, {"form_type": "SC 13G/A", "filings_date": "2018-01-23", "url": "https://www.sec.gov/Archives/edgar/data/0001131554/000021545718002179/us87157b1035_011818.txt"}, {"form_type": "8-K", "filings_date": "2017-12-21", "url": "https://www.sec.gov/Archives/edgar/data/0001131554/000110465917074626/a17-28588_18k.htm"}, {"form_type": "8-K", "filings_date": "2017-12-07", "url": "https://www.sec.gov/Archives/edgar/data/0001131554/000110465917072331/a17-28123_18k.htm"}, {"form_type": "8-K", "filings_date": "2017-11-20", "url": "https://www.sec.gov/Archives/edgar/data/0001131554/000110465917069658/a17-27281_28k.htm"}, {"form_type": "8-K", "filings_date": "2017-11-17", "url": "https://www.sec.gov/Archives/edgar/data/0001131554/000110465917069469/a17-27281_18k.htm"}, {"form_type": "3", "filings_date": "2017-11-17", "url": "https://www.sec.gov/Archives/edgar/data/0001131554/000113155417000084/xslF345X02/wf-form3_151095532517785.xml"}, {"form_type": "SC 13D/A", "filings_date": "2017-11-16", "url": "https://www.sec.gov/Archives/edgar/data/0001131554/000119312517344738/d492416dsc13da.htm"}, {"form_type": "8-K", "filings_date": "2017-11-15", "url": "https://www.sec.gov/Archives/edgar/data/0001131554/000110465917068708/a17-27143_18k.htm"}, {"form_type": "SC 13D/A", "filings_date": "2017-10-20", "url": "https://www.sec.gov/Archives/edgar/data/0001131554/000119312517314359/d419732dsc13da.htm"}, {"form_type": "8-K", "filings_date": "2017-10-19", "url": "https://www.sec.gov/Archives/edgar/data/0001131554/000110465917062979/a17-24106_18k.htm"}, {"form_type": "SC 13D/A", "filings_date": "2017-10-17", "url": "https://www.sec.gov/Archives/edgar/data/0001131554/000119312517311368/d450040dsc13da.htm"}, {"form_type": "8-K", "filings_date": "2017-10-12", "url": "https://www.sec.gov/Archives/edgar/data/0001131554/000110465917061970/a17-23935_18k.htm"}, {"form_type": "SC 13D/A", "filings_date": "2017-10-05", "url": "https://www.sec.gov/Archives/edgar/data/0001131554/000119312517304690/d471272dsc13da.htm"}, {"form_type": "SC 13D/A", "filings_date": "2017-09-29", "url": "https://www.sec.gov/Archives/edgar/data/0001131554/000119312517299795/d460690dsc13da.htm"}, {"form_type": "SC 13D/A", "filings_date": "2017-09-19", "url": "https://www.sec.gov/Archives/edgar/data/0001131554/000119312517287610/d453994dsc13da.htm"}, {"form_type": "8-K/A", "filings_date": "2017-08-24", "url": "https://www.sec.gov/Archives/edgar/data/0001131554/000110465917053452/a17-20290_18ka.htm"}, {"form_type": "8-K", "filings_date": "2017-08-22", "url": "https://www.sec.gov/Archives/edgar/data/0001131554/000110465917053130/a17-20849_18k.htm"}, {"form_type": "8-K", "filings_date": "2017-08-01", "url": "https://www.sec.gov/Archives/edgar/data/0001131554/000110465917048503/a17-18715_18k.htm"}, {"form_type": "4", "filings_date": "2017-07-28", "url": "https://www.sec.gov/Archives/edgar/data/0001131554/000113155417000082/xslF345X03/wf-form4_150128373438014.xml"}, {"form_type": "4", "filings_date": "2017-07-28", "url": "https://www.sec.gov/Archives/edgar/data/0001131554/000113155417000081/xslF345X03/wf-form4_150128367585455.xml"}, {"form_type": "4", "filings_date": "2017-07-28", "url": "https://www.sec.gov/Archives/edgar/data/0001131554/000113155417000080/xslF345X03/wf-form4_150128326740585.xml"}, {"form_type": "8-K", "filings_date": "2017-07-25", "url": "https://www.sec.gov/Archives/edgar/data/0001131554/000110465917046814/a17-17989_28k.htm"}, {"form_type": "8-K", "filings_date": "2017-07-17", "url": "https://www.sec.gov/Archives/edgar/data/0001131554/000110465917045321/a17-17989_18k.htm"}, {"form_type": "8-K", "filings_date": "2017-07-03", "url": "https://www.sec.gov/Archives/edgar/data/0001131554/000110465917043048/a17-15999_18k.htm"}, {"form_type": "SC 13G", "filings_date": "2017-06-26", "url": "https://www.sec.gov/Archives/edgar/data/0001131554/000108514617001412/sncr_62617.htm"}, {"form_type": "SC 13D/A", "filings_date": "2017-06-23", "url": "https://www.sec.gov/Archives/edgar/data/0001131554/000119312517210834/d418443dsc13da.htm"}, {"form_type": "8-K", "filings_date": "2017-06-22", "url": "https://www.sec.gov/Archives/edgar/data/0001131554/000110465917040890/a17-15602_18k.htm"}, {"form_type": "8-K", "filings_date": "2017-06-20", "url": "https://www.sec.gov/Archives/edgar/data/0001131554/000110465917040459/a17-15505_18k.htm"}, {"form_type": "8-K", "filings_date": "2017-06-15", "url": "https://www.sec.gov/Archives/edgar/data/0001131554/000110465917039598/a17-15305_18k.htm"}, {"form_type": "8-K", "filings_date": "2017-06-13", "url": "https://www.sec.gov/Archives/edgar/data/0001131554/000110465917038974/a17-15176_18k.htm"}, {"form_type": "SC 13G/A", "filings_date": "2017-06-12", "url": "https://www.sec.gov/Archives/edgar/data/0001131554/000031506617002462/filing.txt"}, {"form_type": "UPLOAD", "filings_date": "2017-05-31", "url": "https://www.sec.gov/Archives/edgar/data/0001131554/000000000017019011/filename1.pdf"}, {"form_type": "CORRESP", "filings_date": "2017-05-24", "url": "https://www.sec.gov/Archives/edgar/data/0001131554/000113155417000079/filename1.htm"}, {"form_type": "8-K", "filings_date": "2017-05-22", "url": "https://www.sec.gov/Archives/edgar/data/0001131554/000113155417000077/sncr-8k_52217xnasdaq.htm"}, {"form_type": "SC 13D/A", "filings_date": "2017-05-22", "url": "https://www.sec.gov/Archives/edgar/data/0001131554/000119312517177379/d392176dsc13da.htm"}, {"form_type": "8-K", "filings_date": "2017-05-22", "url": "https://www.sec.gov/Archives/edgar/data/0001131554/000113155417000075/sncr-8_kx52217xstockholder.htm"}, {"form_type": "8-K", "filings_date": "2017-05-15", "url": "https://www.sec.gov/Archives/edgar/data/0001131554/000113155417000073/form8-k_051517.htm"}, {"form_type": "NT 10-Q", "filings_date": "2017-05-12", "url": "https://www.sec.gov/Archives/edgar/data/0001131554/000113155417000068/form12b-25.htm"}, {"form_type": "UPLOAD", "filings_date": "2017-05-10", "url": "https://www.sec.gov/Archives/edgar/data/0001131554/000000000017016470/filename1.pdf"}, {"form_type": "SC 13D", "filings_date": "2017-05-05", "url": "https://www.sec.gov/Archives/edgar/data/0001131554/000119312517159787/d360306dsc13d.htm"}, {"form_type": "4", "filings_date": "2017-05-04", "url": "https://www.sec.gov/Archives/edgar/data/0001131554/000089924317011948/xslF345X03/doc4.xml"}, {"form_type": "3", "filings_date": "2017-05-04", "url": "https://www.sec.gov/Archives/edgar/data/0001131554/000089924317011943/xslF345X02/doc3.xml"}, {"form_type": "4", "filings_date": "2017-05-01", "url": "https://www.sec.gov/Archives/edgar/data/0001131554/000113155417000066/xslF345X03/wf-form4_149367903314199.xml"}, {"form_type": "3", "filings_date": "2017-05-01", "url": "https://www.sec.gov/Archives/edgar/data/0001131554/000113155417000065/xslF345X02/wf-form3_149367869910957.xml"}, {"form_type": "4", "filings_date": "2017-04-28", "url": "https://www.sec.gov/Archives/edgar/data/0001131554/000113155417000064/xslF345X03/wf-form4_149341850444277.xml"}, {"form_type": "8-K", "filings_date": "2017-04-28", "url": "https://www.sec.gov/Archives/edgar/data/0001131554/000110465917027357/a17-12040_18k.htm"}, {"form_type": "CORRESP", "filings_date": "2017-04-26", "url": "https://www.sec.gov/Archives/edgar/data/0001131554/000113155417000063/filename1.htm"}, {"form_type": "CORRESP", "filings_date": "2017-04-12", "url": "https://www.sec.gov/Archives/edgar/data/0001131554/000110465917023117/filename1.htm"}, {"form_type": "DEF 14A", "filings_date": "2017-04-06", "url": "https://www.sec.gov/Archives/edgar/data/0001131554/000113155417000061/sncr-2017xdef14a.htm"}, {"form_type": "8-K/A", "filings_date": "2017-04-06", "url": "https://www.sec.gov/Archives/edgar/data/0001131554/000113155417000059/sncr_8kx4617.htm"}, {"form_type": "8-K/A", "filings_date": "2017-04-03", "url": "https://www.sec.gov/Archives/edgar/data/0001131554/000113155417000057/sncr_8kxax33117.htm"}, {"form_type": "8-K", "filings_date": "2017-03-30", "url": "https://www.sec.gov/Archives/edgar/data/0001131554/000113155417000055/sncr_8kx33117.htm"}, {"form_type": "UPLOAD", "filings_date": "2017-03-29", "url": "https://www.sec.gov/Archives/edgar/data/0001131554/000000000017010444/filename1.pdf"}, {"form_type": "4", "filings_date": "2017-03-28", "url": "https://www.sec.gov/Archives/edgar/data/0001131554/000113155417000053/xslF345X03/wf-form4_149075215868755.xml"}, {"form_type": "4", "filings_date": "2017-03-28", "url": "https://www.sec.gov/Archives/edgar/data/0001131554/000113155417000052/xslF345X03/wf-form4_149074762007051.xml"}, {"form_type": "4", "filings_date": "2017-03-28", "url": "https://www.sec.gov/Archives/edgar/data/0001131554/000113155417000051/xslF345X03/wf-form4_149074750502793.xml"}, {"form_type": "4", "filings_date": "2017-03-28", "url": "https://www.sec.gov/Archives/edgar/data/0001131554/000113155417000050/xslF345X03/wf-form4_149074743496968.xml"}, {"form_type": "4", "filings_date": "2017-03-28", "url": "https://www.sec.gov/Archives/edgar/data/0001131554/000113155417000049/xslF345X03/wf-form4_149074735509195.xml"}, {"form_type": "4", "filings_date": "2017-03-28", "url": "https://www.sec.gov/Archives/edgar/data/0001131554/000113155417000048/xslF345X03/wf-form4_149074712337534.xml"}, {"form_type": "4", "filings_date": "2017-03-28", "url": "https://www.sec.gov/Archives/edgar/data/0001131554/000113155417000047/xslF345X03/wf-form4_149074678991411.xml"}, {"form_type": "4", "filings_date": "2017-03-28", "url": "https://www.sec.gov/Archives/edgar/data/0001131554/000113155417000046/xslF345X03/wf-form4_149074668647072.xml"}, {"form_type": "4", "filings_date": "2017-03-28", "url": "https://www.sec.gov/Archives/edgar/data/0001131554/000113155417000045/xslF345X03/wf-form4_149074660566220.xml"}, {"form_type": "3", "filings_date": "2017-03-28", "url": "https://www.sec.gov/Archives/edgar/data/0001131554/000113155417000044/xslF345X02/wf-form3_149074643219625.xml"}, {"form_type": "4", "filings_date": "2017-03-22", "url": "https://www.sec.gov/Archives/edgar/data/0001131554/000113155417000043/xslF345X03/wf-form4_149021847889211.xml"}, {"form_type": "4", "filings_date": "2017-03-22", "url": "https://www.sec.gov/Archives/edgar/data/0001131554/000113155417000042/xslF345X03/wf-form4_149021827066850.xml"}, {"form_type": "S-8", "filings_date": "2017-03-10", "url": "https://www.sec.gov/Archives/edgar/data/0001131554/000110465917015853/a17-7390_1s8.htm"}, {"form_type": "4", "filings_date": "2017-03-09", "url": "https://www.sec.gov/Archives/edgar/data/0001131554/000113155417000041/xslF345X03/wf-form4_148911416099230.xml"}, {"form_type": "4", "filings_date": "2017-03-07", "url": "https://www.sec.gov/Archives/edgar/data/0001131554/000113155417000040/xslF345X03/wf-form4_148892758631483.xml"}, {"form_type": "8-K", "filings_date": "2017-03-02", "url": "https://www.sec.gov/Archives/edgar/data/0001131554/000113155417000039/a8k_3217xnewcfoannouncement.htm"}, {"form_type": "10-K", "filings_date": "2017-02-27", "url": "https://www.sec.gov/Archives/edgar/data/0001131554/000113155417000037/sncr-12311610xk.htm"}, {"form_type": "4", "filings_date": "2017-02-23", "url": "https://www.sec.gov/Archives/edgar/data/0001131554/000113155417000035/xslF345X03/wf-form4_148789729170625.xml"}, {"form_type": "4", "filings_date": "2017-02-23", "url": "https://www.sec.gov/Archives/edgar/data/0001131554/000113155417000034/xslF345X03/wf-form4_148789720103236.xml"}, {"form_type": "4", "filings_date": "2017-02-23", "url": "https://www.sec.gov/Archives/edgar/data/0001131554/000113155417000033/xslF345X03/wf-form4_148789713858678.xml"}, {"form_type": "4", "filings_date": "2017-02-23", "url": "https://www.sec.gov/Archives/edgar/data/0001131554/000113155417000032/xslF345X03/wf-form4_148789708837496.xml"}, {"form_type": "4", "filings_date": "2017-02-16", "url": "https://www.sec.gov/Archives/edgar/data/0001131554/000113155417000031/xslF345X03/wf-form4_148728719829601.xml"}, {"form_type": "4", "filings_date": "2017-02-16", "url": "https://www.sec.gov/Archives/edgar/data/0001131554/000113155417000030/xslF345X03/wf-form4_148728713088191.xml"}, {"form_type": "4", "filings_date": "2017-02-16", "url": "https://www.sec.gov/Archives/edgar/data/0001131554/000113155417000029/xslF345X03/wf-form4_148728707127208.xml"}, {"form_type": "4", "filings_date": "2017-02-16", "url": "https://www.sec.gov/Archives/edgar/data/0001131554/000113155417000028/xslF345X03/wf-form4_148728698868851.xml"}, {"form_type": "5", "filings_date": "2017-02-14", "url": "https://www.sec.gov/Archives/edgar/data/0001131554/000113155417000027/xslF345X03/wf-form5_148711210406544.xml"}, {"form_type": "8-K", "filings_date": "2017-02-14", "url": "https://www.sec.gov/Archives/edgar/data/0001131554/000113155417000026/sncr-8xk_021417.htm"}, {"form_type": "SC 13G/A", "filings_date": "2017-02-14", "url": "https://www.sec.gov/Archives/edgar/data/0001131554/000031506617002096/filing.txt"}, {"form_type": "SC 13G", "filings_date": "2017-02-14", "url": "https://www.sec.gov/Archives/edgar/data/0001131554/000114036117006304/doc1.htm"}, {"form_type": "4", "filings_date": "2017-02-10", "url": "https://www.sec.gov/Archives/edgar/data/0001131554/000113155417000024/xslF345X03/wf-form4_148676034635728.xml"}, {"form_type": "4", "filings_date": "2017-02-10", "url": "https://www.sec.gov/Archives/edgar/data/0001131554/000113155417000023/xslF345X03/wf-form4_148676002362768.xml"}, {"form_type": "SC 13G/A", "filings_date": "2017-02-10", "url": "https://www.sec.gov/Archives/edgar/data/0001131554/000119312517037787/d339610dsc13ga.htm"}, {"form_type": "SC 13G/A", "filings_date": "2017-02-10", "url": "https://www.sec.gov/Archives/edgar/data/0001131554/000093247117001053/synchronosstechnologiesinc.htm"}, {"form_type": "8-K", "filings_date": "2017-02-08", "url": "https://www.sec.gov/Archives/edgar/data/0001131554/000113155417000022/sncr-123116x8k.htm"}, {"form_type": "4", "filings_date": "2017-02-03", "url": "https://www.sec.gov/Archives/edgar/data/0001131554/000113155417000020/xslF345X03/wf-form4_148616101819963.xml"}, {"form_type": "4", "filings_date": "2017-02-03", "url": "https://www.sec.gov/Archives/edgar/data/0001131554/000113155417000019/xslF345X03/wf-form4_148616058471529.xml"}, {"form_type": "4", "filings_date": "2017-02-03", "url": "https://www.sec.gov/Archives/edgar/data/0001131554/000113155417000018/xslF345X03/wf-form4_148616044983664.xml"}, {"form_type": "4", "filings_date": "2017-02-03", "url": "https://www.sec.gov/Archives/edgar/data/0001131554/000113155417000017/xslF345X03/wf-form4_148616032545743.xml"}, {"form_type": "4", "filings_date": "2017-02-01", "url": "https://www.sec.gov/Archives/edgar/data/0001131554/000113155417000016/xslF345X03/wf-form4_148599023142544.xml"}, {"form_type": "4", "filings_date": "2017-01-27", "url": "https://www.sec.gov/Archives/edgar/data/0001131554/000113155417000015/xslF345X03/wf-form4_148555460605627.xml"}, {"form_type": "4", "filings_date": "2017-01-27", "url": "https://www.sec.gov/Archives/edgar/data/0001131554/000113155417000014/xslF345X03/wf-form4_148555453221460.xml"}, {"form_type": "4", "filings_date": "2017-01-25", "url": "https://www.sec.gov/Archives/edgar/data/0001131554/000113155417000013/xslF345X03/wf-form4_148538883712534.xml"}, {"form_type": "3", "filings_date": "2017-01-24", "url": "https://www.sec.gov/Archives/edgar/data/0001131554/000113155417000012/xslF345X02/wf-form3_148529922953233.xml"}, {"form_type": "8-K", "filings_date": "2017-01-19", "url": "https://www.sec.gov/Archives/edgar/data/0001131554/000110465917003123/a17-2744_88k.htm"}, {"form_type": "SC TO-T/A", "filings_date": "2017-01-19", "url": "https://www.sec.gov/Archives/edgar/data/0001131554/000110465917002922/a17-2744_3sctota.htm"}, {"form_type": "SC 13G/A", "filings_date": "2017-01-17", "url": "https://www.sec.gov/Archives/edgar/data/0001131554/000021545717000918/synchronoss.techno.txt"}, {"form_type": "4", "filings_date": "2017-01-13", "url": "https://www.sec.gov/Archives/edgar/data/0001131554/000113155417000011/xslF345X03/wf-form4_148434939908381.xml"}, {"form_type": "4", "filings_date": "2017-01-13", "url": "https://www.sec.gov/Archives/edgar/data/0001131554/000113155417000010/xslF345X03/wf-form4_148434869781468.xml"}, {"form_type": "4", "filings_date": "2017-01-13", "url": "https://www.sec.gov/Archives/edgar/data/0001131554/000113155417000009/xslF345X03/wf-form4_148434843021816.xml"}, {"form_type": "4", "filings_date": "2017-01-06", "url": "https://www.sec.gov/Archives/edgar/data/0001131554/000113155417000008/xslF345X03/wf-form4_148373693635037.xml"}, {"form_type": "4", "filings_date": "2017-01-06", "url": "https://www.sec.gov/Archives/edgar/data/0001131554/000113155417000007/xslF345X03/wf-form4_148373687073101.xml"}, {"form_type": "4", "filings_date": "2017-01-06", "url": "https://www.sec.gov/Archives/edgar/data/0001131554/000113155417000006/xslF345X03/wf-form4_148373679127321.xml"}, {"form_type": "8-K", "filings_date": "2017-01-05", "url": "https://www.sec.gov/Archives/edgar/data/0001131554/000113155417000005/sncr_8kx1517.htm"}, {"form_type": "8-K/A", "filings_date": "2017-01-05", "url": "https://www.sec.gov/Archives/edgar/data/0001131554/000113155417000003/sncr_8kax1517.htm"}, {"form_type": "SC TO-T/A", "filings_date": "2017-01-04", "url": "https://www.sec.gov/Archives/edgar/data/0001131554/000110465917000572/a16-22854_13sctota.htm"}, {"form_type": "4", "filings_date": "2017-01-04", "url": "https://www.sec.gov/Archives/edgar/data/0001131554/000113155417000001/xslF345X03/wf-form4_148353555196199.xml"}]}