{"company": {"cik": "0000883241", "name": "SYNOPSYS INC", "sic": "Services-Prepackaged Software", "state_incorp": "DE", "ticker": "SNPS", "mailing_addr": "690 E MIDDLEFIELD RD, MOUNTAIN VIEW, CA, 94043", "category": "Large accelerated filer", "fiscal_year_end": "31, October"}, "filings": [{"form_type": "4", "filings_date": "2022-03-01", "url": "https://www.sec.gov/Archives/edgar/data/0000883241/000119971922000018/xslF345X03/edgardoc.xml"}, {"form_type": "4", "filings_date": "2022-03-01", "url": "https://www.sec.gov/Archives/edgar/data/0000883241/000119971922000017/xslF345X03/edgardoc.xml"}, {"form_type": "4", "filings_date": "2022-03-01", "url": "https://www.sec.gov/Archives/edgar/data/0000883241/000119971922000016/xslF345X03/edgardoc.xml"}, {"form_type": "4", "filings_date": "2022-03-01", "url": "https://www.sec.gov/Archives/edgar/data/0000883241/000119971922000015/xslF345X03/edgardoc.xml"}, {"form_type": "4", "filings_date": "2022-03-01", "url": "https://www.sec.gov/Archives/edgar/data/0000883241/000119971922000014/xslF345X03/edgardoc.xml"}, {"form_type": "4", "filings_date": "2022-03-01", "url": "https://www.sec.gov/Archives/edgar/data/0000883241/000119971922000013/xslF345X03/edgardoc.xml"}, {"form_type": "4", "filings_date": "2022-03-01", "url": "https://www.sec.gov/Archives/edgar/data/0000883241/000119971922000012/xslF345X03/edgardoc.xml"}, {"form_type": "8-K", "filings_date": "2022-02-25", "url": "https://www.sec.gov/Archives/edgar/data/0000883241/000119312522054510/d581720d8k.htm"}, {"form_type": "DEFA14A", "filings_date": "2022-02-23", "url": "https://www.sec.gov/Archives/edgar/data/0000883241/000088324122000008/a2022proxystatement-addlma.htm"}, {"form_type": "DEF 14A", "filings_date": "2022-02-23", "url": "https://www.sec.gov/Archives/edgar/data/0000883241/000088324122000007/a2022proxystatementdef14a.htm"}, {"form_type": "4", "filings_date": "2022-02-23", "url": "https://www.sec.gov/Archives/edgar/data/0000883241/000119971922000004/xslF345X03/edgardoc.xml"}, {"form_type": "4", "filings_date": "2022-02-23", "url": "https://www.sec.gov/Archives/edgar/data/0000883241/000119971922000003/xslF345X03/edgardoc.xml"}, {"form_type": "10-Q", "filings_date": "2022-02-18", "url": "https://www.sec.gov/Archives/edgar/data/0000883241/000088324122000003/snps-20220131.htm"}, {"form_type": "8-K", "filings_date": "2022-02-16", "url": "https://www.sec.gov/Archives/edgar/data/0000883241/000119312522044395/d282332d8k.htm"}, {"form_type": "SC 13G/A", "filings_date": "2022-02-14", "url": "https://www.sec.gov/Archives/edgar/data/0000883241/000008025522001899/snps13gadec21.txt"}, {"form_type": "SC 13G/A", "filings_date": "2022-02-10", "url": "https://www.sec.gov/Archives/edgar/data/0000883241/000110465922018662/tv01989-synopsysinc.htm"}, {"form_type": "SC 13G/A", "filings_date": "2022-02-01", "url": "https://www.sec.gov/Archives/edgar/data/0000883241/000083423722004551/us8716071076_020122.txt"}, {"form_type": "4", "filings_date": "2021-12-23", "url": "https://www.sec.gov/Archives/edgar/data/0000883241/000119971921000130/xslF345X03/edgardoc.xml"}, {"form_type": "4", "filings_date": "2021-12-23", "url": "https://www.sec.gov/Archives/edgar/data/0000883241/000119971921000128/xslF345X03/edgardoc.xml"}, {"form_type": "4", "filings_date": "2021-12-20", "url": "https://www.sec.gov/Archives/edgar/data/0000883241/000119971921000126/xslF345X03/edgardoc.xml"}, {"form_type": "4", "filings_date": "2021-12-16", "url": "https://www.sec.gov/Archives/edgar/data/0000883241/000119971921000123/xslF345X03/edgardoc.xml"}, {"form_type": "8-K", "filings_date": "2021-12-16", "url": "https://www.sec.gov/Archives/edgar/data/0000883241/000119312521359208/d170125d8k.htm"}, {"form_type": "4", "filings_date": "2021-12-14", "url": "https://www.sec.gov/Archives/edgar/data/0000883241/000119971921000121/xslF345X03/edgardoc.xml"}, {"form_type": "10-K", "filings_date": "2021-12-13", "url": "https://www.sec.gov/Archives/edgar/data/0000883241/000088324121000022/snps-20211031.htm"}, {"form_type": "4", "filings_date": "2021-12-13", "url": "https://www.sec.gov/Archives/edgar/data/0000883241/000119971921000119/xslF345X03/edgardoc.xml"}, {"form_type": "4", "filings_date": "2021-12-13", "url": "https://www.sec.gov/Archives/edgar/data/0000883241/000119971921000118/xslF345X03/edgardoc.xml"}, {"form_type": "4", "filings_date": "2021-12-13", "url": "https://www.sec.gov/Archives/edgar/data/0000883241/000119971921000117/xslF345X03/edgardoc.xml"}, {"form_type": "4", "filings_date": "2021-12-13", "url": "https://www.sec.gov/Archives/edgar/data/0000883241/000119971921000116/xslF345X03/edgardoc.xml"}, {"form_type": "4", "filings_date": "2021-12-13", "url": "https://www.sec.gov/Archives/edgar/data/0000883241/000119971921000115/xslF345X03/edgardoc.xml"}, {"form_type": "4", "filings_date": "2021-12-13", "url": "https://www.sec.gov/Archives/edgar/data/0000883241/000119971921000114/xslF345X03/edgardoc.xml"}, {"form_type": "4", "filings_date": "2021-12-13", "url": "https://www.sec.gov/Archives/edgar/data/0000883241/000119971921000113/xslF345X03/edgardoc.xml"}, {"form_type": "4", "filings_date": "2021-12-10", "url": "https://www.sec.gov/Archives/edgar/data/0000883241/000119971921000105/xslF345X03/edgardoc.xml"}, {"form_type": "4", "filings_date": "2021-12-10", "url": "https://www.sec.gov/Archives/edgar/data/0000883241/000119971921000104/xslF345X03/edgardoc.xml"}, {"form_type": "4", "filings_date": "2021-12-10", "url": "https://www.sec.gov/Archives/edgar/data/0000883241/000119971921000103/xslF345X03/edgardoc.xml"}, {"form_type": "4", "filings_date": "2021-12-10", "url": "https://www.sec.gov/Archives/edgar/data/0000883241/000119971921000102/xslF345X03/edgardoc.xml"}, {"form_type": "4", "filings_date": "2021-12-10", "url": "https://www.sec.gov/Archives/edgar/data/0000883241/000119971921000101/xslF345X03/edgardoc.xml"}, {"form_type": "4", "filings_date": "2021-12-10", "url": "https://www.sec.gov/Archives/edgar/data/0000883241/000119971921000100/xslF345X03/edgardoc.xml"}, {"form_type": "4", "filings_date": "2021-12-10", "url": "https://www.sec.gov/Archives/edgar/data/0000883241/000119971921000099/xslF345X03/edgardoc.xml"}, {"form_type": "8-K", "filings_date": "2021-12-10", "url": "https://www.sec.gov/Archives/edgar/data/0000883241/000119312521353438/d239575d8k.htm"}, {"form_type": "4", "filings_date": "2021-12-07", "url": "https://www.sec.gov/Archives/edgar/data/0000883241/000119971921000091/xslF345X03/edgardoc.xml"}, {"form_type": "4", "filings_date": "2021-12-07", "url": "https://www.sec.gov/Archives/edgar/data/0000883241/000119971921000090/xslF345X03/edgardoc.xml"}, {"form_type": "8-K", "filings_date": "2021-12-06", "url": "https://www.sec.gov/Archives/edgar/data/0000883241/000119312521349046/d183482d8k.htm"}, {"form_type": "8-K", "filings_date": "2021-12-01", "url": "https://www.sec.gov/Archives/edgar/data/0000883241/000119312521345428/d122984d8k.htm"}, {"form_type": "8-K", "filings_date": "2021-12-01", "url": "https://www.sec.gov/Archives/edgar/data/0000883241/000119312521345415/d123849d8k.htm"}, {"form_type": "4", "filings_date": "2021-09-17", "url": "https://www.sec.gov/Archives/edgar/data/0000883241/000119971921000087/xslF345X03/edgardoc.xml"}, {"form_type": "4", "filings_date": "2021-09-17", "url": "https://www.sec.gov/Archives/edgar/data/0000883241/000119971921000086/xslF345X03/edgardoc.xml"}, {"form_type": "4", "filings_date": "2021-09-17", "url": "https://www.sec.gov/Archives/edgar/data/0000883241/000119971921000085/xslF345X03/edgardoc.xml"}, {"form_type": "8-K", "filings_date": "2021-09-13", "url": "https://www.sec.gov/Archives/edgar/data/0000883241/000119312521271490/d180682d8k.htm"}, {"form_type": "4", "filings_date": "2021-09-02", "url": "https://www.sec.gov/Archives/edgar/data/0000883241/000119971921000081/xslF345X03/edgardoc.xml"}, {"form_type": "4", "filings_date": "2021-09-02", "url": "https://www.sec.gov/Archives/edgar/data/0000883241/000119971921000080/xslF345X03/edgardoc.xml"}, {"form_type": "4", "filings_date": "2021-09-02", "url": "https://www.sec.gov/Archives/edgar/data/0000883241/000119971921000079/xslF345X03/edgardoc.xml"}, {"form_type": "4", "filings_date": "2021-09-02", "url": "https://www.sec.gov/Archives/edgar/data/0000883241/000119971921000078/xslF345X03/edgardoc.xml"}, {"form_type": "4", "filings_date": "2021-09-02", "url": "https://www.sec.gov/Archives/edgar/data/0000883241/000119971921000077/xslF345X03/edgardoc.xml"}, {"form_type": "4", "filings_date": "2021-09-02", "url": "https://www.sec.gov/Archives/edgar/data/0000883241/000119971921000076/xslF345X03/edgardoc.xml"}, {"form_type": "4", "filings_date": "2021-09-02", "url": "https://www.sec.gov/Archives/edgar/data/0000883241/000119971921000075/xslF345X03/edgardoc.xml"}, {"form_type": "4", "filings_date": "2021-09-01", "url": "https://www.sec.gov/Archives/edgar/data/0000883241/000119971921000067/xslF345X03/edgardoc.xml"}, {"form_type": "8-K", "filings_date": "2021-08-26", "url": "https://www.sec.gov/Archives/edgar/data/0000883241/000119312521257617/d187429d8k.htm"}, {"form_type": "4", "filings_date": "2021-08-25", "url": "https://www.sec.gov/Archives/edgar/data/0000883241/000119971921000065/xslF345X03/edgardoc.xml"}, {"form_type": "4", "filings_date": "2021-08-24", "url": "https://www.sec.gov/Archives/edgar/data/0000883241/000119971921000063/xslF345X03/edgardoc.xml"}, {"form_type": "4", "filings_date": "2021-08-24", "url": "https://www.sec.gov/Archives/edgar/data/0000883241/000119971921000062/xslF345X03/edgardoc.xml"}, {"form_type": "4", "filings_date": "2021-08-23", "url": "https://www.sec.gov/Archives/edgar/data/0000883241/000119971921000059/xslF345X03/edgardoc.xml"}, {"form_type": "10-Q", "filings_date": "2021-08-20", "url": "https://www.sec.gov/Archives/edgar/data/0000883241/000088324121000017/snps-20210731.htm"}, {"form_type": "8-K", "filings_date": "2021-08-18", "url": "https://www.sec.gov/Archives/edgar/data/0000883241/000119312521250451/d219157d8k.htm"}, {"form_type": "4", "filings_date": "2021-06-28", "url": "https://www.sec.gov/Archives/edgar/data/0000883241/000119971921000057/xslF345X03/edgardoc.xml"}, {"form_type": "8-K", "filings_date": "2021-06-24", "url": "https://www.sec.gov/Archives/edgar/data/0000883241/000119312521198706/d169852d8k.htm"}, {"form_type": "8-K", "filings_date": "2021-06-17", "url": "https://www.sec.gov/Archives/edgar/data/0000883241/000119312521193245/d142205d8k.htm"}, {"form_type": "4", "filings_date": "2021-06-16", "url": "https://www.sec.gov/Archives/edgar/data/0000883241/000119971921000055/xslF345X03/edgardoc.xml"}, {"form_type": "4", "filings_date": "2021-06-15", "url": "https://www.sec.gov/Archives/edgar/data/0000883241/000119971921000053/xslF345X03/edgardoc.xml"}, {"form_type": "SD", "filings_date": "2021-05-28", "url": "https://www.sec.gov/Archives/edgar/data/0000883241/000119312521177064/d145546dsd.htm"}, {"form_type": "4", "filings_date": "2021-05-25", "url": "https://www.sec.gov/Archives/edgar/data/0000883241/000119971921000051/xslF345X03/edgardoc.xml"}, {"form_type": "4", "filings_date": "2021-05-24", "url": "https://www.sec.gov/Archives/edgar/data/0000883241/000119971921000049/xslF345X03/edgardoc.xml"}, {"form_type": "4", "filings_date": "2021-05-24", "url": "https://www.sec.gov/Archives/edgar/data/0000883241/000119971921000048/xslF345X03/edgardoc.xml"}, {"form_type": "4", "filings_date": "2021-05-24", "url": "https://www.sec.gov/Archives/edgar/data/0000883241/000119971921000047/xslF345X03/edgardoc.xml"}, {"form_type": "S-8", "filings_date": "2021-05-21", "url": "https://www.sec.gov/Archives/edgar/data/0000883241/000119312521169378/d455702ds8.htm"}, {"form_type": "10-Q", "filings_date": "2021-05-21", "url": "https://www.sec.gov/Archives/edgar/data/0000883241/000088324121000012/snps-20210430.htm"}, {"form_type": "8-K", "filings_date": "2021-05-19", "url": "https://www.sec.gov/Archives/edgar/data/0000883241/000119312521166643/d141994d8k.htm"}, {"form_type": "8-K", "filings_date": "2021-05-03", "url": "https://www.sec.gov/Archives/edgar/data/0000883241/000119312521146205/d171122d8k.htm"}, {"form_type": "4", "filings_date": "2021-04-12", "url": "https://www.sec.gov/Archives/edgar/data/0000883241/000119971921000043/xslF345X03/edgardoc.xml"}, {"form_type": "4", "filings_date": "2021-04-12", "url": "https://www.sec.gov/Archives/edgar/data/0000883241/000119971921000041/xslF345X03/edgardoc.xml"}, {"form_type": "4", "filings_date": "2021-04-12", "url": "https://www.sec.gov/Archives/edgar/data/0000883241/000119971921000040/xslF345X03/edgardoc.xml"}, {"form_type": "4", "filings_date": "2021-04-12", "url": "https://www.sec.gov/Archives/edgar/data/0000883241/000119971921000039/xslF345X03/edgardoc.xml"}, {"form_type": "4", "filings_date": "2021-04-12", "url": "https://www.sec.gov/Archives/edgar/data/0000883241/000119971921000038/xslF345X03/edgardoc.xml"}, {"form_type": "4", "filings_date": "2021-04-12", "url": "https://www.sec.gov/Archives/edgar/data/0000883241/000119971921000037/xslF345X03/edgardoc.xml"}, {"form_type": "4", "filings_date": "2021-04-12", "url": "https://www.sec.gov/Archives/edgar/data/0000883241/000119971921000036/xslF345X03/edgardoc.xml"}, {"form_type": "8-K", "filings_date": "2021-04-12", "url": "https://www.sec.gov/Archives/edgar/data/0000883241/000119312521113218/d120665d8k.htm"}, {"form_type": "8-K", "filings_date": "2021-04-05", "url": "https://www.sec.gov/Archives/edgar/data/0000883241/000119312521106382/d114034d8k.htm"}, {"form_type": "DEFA14A", "filings_date": "2021-04-01", "url": "https://www.sec.gov/Archives/edgar/data/0000883241/000119312521104038/d110100ddefa14a.htm"}, {"form_type": "4", "filings_date": "2021-03-29", "url": "https://www.sec.gov/Archives/edgar/data/0000883241/000119971921000026/xslF345X03/edgardoc.xml"}, {"form_type": "4", "filings_date": "2021-03-25", "url": "https://www.sec.gov/Archives/edgar/data/0000883241/000119971921000024/xslF345X03/edgardoc.xml"}, {"form_type": "4", "filings_date": "2021-03-04", "url": "https://www.sec.gov/Archives/edgar/data/0000883241/000119971921000022/xslF345X03/edgardoc.xml"}, {"form_type": "4", "filings_date": "2021-03-01", "url": "https://www.sec.gov/Archives/edgar/data/0000883241/000119971921000019/xslF345X03/edgardoc.xml"}, {"form_type": "4", "filings_date": "2021-03-01", "url": "https://www.sec.gov/Archives/edgar/data/0000883241/000119971921000020/xslF345X03/edgardoc.xml"}, {"form_type": "4", "filings_date": "2021-03-01", "url": "https://www.sec.gov/Archives/edgar/data/0000883241/000119971921000018/xslF345X03/edgardoc.xml"}, {"form_type": "4", "filings_date": "2021-03-01", "url": "https://www.sec.gov/Archives/edgar/data/0000883241/000119971921000017/xslF345X03/edgardoc.xml"}, {"form_type": "4", "filings_date": "2021-03-01", "url": "https://www.sec.gov/Archives/edgar/data/0000883241/000119971921000016/xslF345X03/edgardoc.xml"}, {"form_type": "4", "filings_date": "2021-03-01", "url": "https://www.sec.gov/Archives/edgar/data/0000883241/000119971921000015/xslF345X03/edgardoc.xml"}, {"form_type": "4", "filings_date": "2021-03-01", "url": "https://www.sec.gov/Archives/edgar/data/0000883241/000119971921000014/xslF345X03/edgardoc.xml"}, {"form_type": "PX14A6G", "filings_date": "2021-02-25", "url": "https://www.sec.gov/Archives/edgar/data/0000883241/000121465921002340/j225210px14a6g.htm"}, {"form_type": "4", "filings_date": "2021-02-23", "url": "https://www.sec.gov/Archives/edgar/data/0000883241/000119971921000006/xslF345X03/edgardoc.xml"}, {"form_type": "4", "filings_date": "2021-02-22", "url": "https://www.sec.gov/Archives/edgar/data/0000883241/000119971921000004/xslF345X03/edgardoc.xml"}, {"form_type": "4", "filings_date": "2021-02-22", "url": "https://www.sec.gov/Archives/edgar/data/0000883241/000119971921000003/xslF345X03/edgardoc.xml"}, {"form_type": "10-Q", "filings_date": "2021-02-19", "url": "https://www.sec.gov/Archives/edgar/data/0000883241/000088324121000009/snps-20210131.htm"}, {"form_type": "DEFA14A", "filings_date": "2021-02-18", "url": "https://www.sec.gov/Archives/edgar/data/0000883241/000088324121000007/a2021proxystatement-addlma.htm"}, {"form_type": "DEF 14A", "filings_date": "2021-02-18", "url": "https://www.sec.gov/Archives/edgar/data/0000883241/000088324121000005/a2021proxystatementdef14a.htm"}, {"form_type": "8-K", "filings_date": "2021-02-17", "url": "https://www.sec.gov/Archives/edgar/data/0000883241/000119312521046554/d142579d8k.htm"}, {"form_type": "SC 13G/A", "filings_date": "2021-02-16", "url": "https://www.sec.gov/Archives/edgar/data/0000883241/000008025521000992/snps13gadec20.txt"}, {"form_type": "SC 13G/A", "filings_date": "2021-02-10", "url": "https://www.sec.gov/Archives/edgar/data/0000883241/000110465921019183/tv01925-synopsysinc.htm"}, {"form_type": "8-K", "filings_date": "2021-02-09", "url": "https://www.sec.gov/Archives/edgar/data/0000883241/000119312521034440/d121167d8k.htm"}, {"form_type": "SC 13G/A", "filings_date": "2021-02-01", "url": "https://www.sec.gov/Archives/edgar/data/0000883241/000083423721005523/us8716071076_013121.txt"}, {"form_type": "8-K", "filings_date": "2021-01-25", "url": "https://www.sec.gov/Archives/edgar/data/0000883241/000119312521016311/d101736d8k.htm"}, {"form_type": "4", "filings_date": "2020-12-23", "url": "https://www.sec.gov/Archives/edgar/data/0000883241/000159437620000004/xslF345X03/edgardoc.xml"}, {"form_type": "4", "filings_date": "2020-12-23", "url": "https://www.sec.gov/Archives/edgar/data/0000883241/000159437620000002/xslF345X03/edgardoc.xml"}, {"form_type": "4", "filings_date": "2020-12-22", "url": "https://www.sec.gov/Archives/edgar/data/0000883241/000119971920000144/xslF345X03/edgardoc.xml"}, {"form_type": "4", "filings_date": "2020-12-22", "url": "https://www.sec.gov/Archives/edgar/data/0000883241/000119971920000143/xslF345X03/edgardoc.xml"}, {"form_type": "4", "filings_date": "2020-12-17", "url": "https://www.sec.gov/Archives/edgar/data/0000883241/000119971920000140/xslF345X03/edgardoc.xml"}, {"form_type": "8-K", "filings_date": "2020-12-16", "url": "https://www.sec.gov/Archives/edgar/data/0000883241/000119312520319079/d51323d8k.htm"}, {"form_type": "10-K", "filings_date": "2020-12-15", "url": "https://www.sec.gov/Archives/edgar/data/0000883241/000088324120000015/snps10312010-k.htm"}, {"form_type": "4", "filings_date": "2020-12-14", "url": "https://www.sec.gov/Archives/edgar/data/0000883241/000119971920000138/xslF345X03/edgardoc.xml"}, {"form_type": "4", "filings_date": "2020-12-14", "url": "https://www.sec.gov/Archives/edgar/data/0000883241/000119971920000137/xslF345X03/edgardoc.xml"}, {"form_type": "4", "filings_date": "2020-12-14", "url": "https://www.sec.gov/Archives/edgar/data/0000883241/000119971920000136/xslF345X03/edgardoc.xml"}, {"form_type": "4", "filings_date": "2020-12-14", "url": "https://www.sec.gov/Archives/edgar/data/0000883241/000119971920000135/xslF345X03/edgardoc.xml"}, {"form_type": "4", "filings_date": "2020-12-14", "url": "https://www.sec.gov/Archives/edgar/data/0000883241/000119971920000134/xslF345X03/edgardoc.xml"}, {"form_type": "4", "filings_date": "2020-12-14", "url": "https://www.sec.gov/Archives/edgar/data/0000883241/000119971920000133/xslF345X03/edgardoc.xml"}, {"form_type": "4", "filings_date": "2020-12-14", "url": "https://www.sec.gov/Archives/edgar/data/0000883241/000119971920000132/xslF345X03/edgardoc.xml"}, {"form_type": "4", "filings_date": "2020-12-09", "url": "https://www.sec.gov/Archives/edgar/data/0000883241/000119971920000124/xslF345X03/edgardoc.xml"}, {"form_type": "4", "filings_date": "2020-12-09", "url": "https://www.sec.gov/Archives/edgar/data/0000883241/000119971920000123/xslF345X03/edgardoc.xml"}, {"form_type": "4", "filings_date": "2020-12-09", "url": "https://www.sec.gov/Archives/edgar/data/0000883241/000119971920000122/xslF345X03/edgardoc.xml"}, {"form_type": "4", "filings_date": "2020-12-09", "url": "https://www.sec.gov/Archives/edgar/data/0000883241/000119971920000121/xslF345X03/edgardoc.xml"}, {"form_type": "4", "filings_date": "2020-12-09", "url": "https://www.sec.gov/Archives/edgar/data/0000883241/000119971920000120/xslF345X03/edgardoc.xml"}, {"form_type": "4", "filings_date": "2020-12-09", "url": "https://www.sec.gov/Archives/edgar/data/0000883241/000119971920000119/xslF345X03/edgardoc.xml"}, {"form_type": "4", "filings_date": "2020-12-09", "url": "https://www.sec.gov/Archives/edgar/data/0000883241/000119971920000118/xslF345X03/edgardoc.xml"}, {"form_type": "4", "filings_date": "2020-12-08", "url": "https://www.sec.gov/Archives/edgar/data/0000883241/000119971920000110/xslF345X03/edgardoc.xml"}, {"form_type": "4", "filings_date": "2020-12-08", "url": "https://www.sec.gov/Archives/edgar/data/0000883241/000119971920000109/xslF345X03/edgardoc.xml"}, {"form_type": "8-K", "filings_date": "2020-12-02", "url": "https://www.sec.gov/Archives/edgar/data/0000883241/000119312520308415/d72016d8k.htm"}, {"form_type": "4", "filings_date": "2020-10-15", "url": "https://www.sec.gov/Archives/edgar/data/0000883241/000119971920000106/xslF345X03/edgardoc.xml"}, {"form_type": "4", "filings_date": "2020-10-08", "url": "https://www.sec.gov/Archives/edgar/data/0000883241/000119971920000104/xslF345X03/edgardoc.xml"}, {"form_type": "4", "filings_date": "2020-09-30", "url": "https://www.sec.gov/Archives/edgar/data/0000883241/000119971920000102/xslF345X03/edgardoc.xml"}, {"form_type": "8-K", "filings_date": "2020-09-04", "url": "https://www.sec.gov/Archives/edgar/data/0000883241/000119312520240116/d936911d8k.htm"}, {"form_type": "4", "filings_date": "2020-09-04", "url": "https://www.sec.gov/Archives/edgar/data/0000883241/000119971920000100/xslF345X03/edgardoc.xml"}, {"form_type": "3", "filings_date": "2020-09-03", "url": "https://www.sec.gov/Archives/edgar/data/0000883241/000119971920000098/xslF345X02/edgardoc.xml"}, {"form_type": "4", "filings_date": "2020-09-02", "url": "https://www.sec.gov/Archives/edgar/data/0000883241/000119971920000095/xslF345X03/edgardoc.xml"}, {"form_type": "4", "filings_date": "2020-09-02", "url": "https://www.sec.gov/Archives/edgar/data/0000883241/000119971920000094/xslF345X03/edgardoc.xml"}, {"form_type": "4", "filings_date": "2020-09-02", "url": "https://www.sec.gov/Archives/edgar/data/0000883241/000119971920000093/xslF345X03/edgardoc.xml"}, {"form_type": "4", "filings_date": "2020-09-02", "url": "https://www.sec.gov/Archives/edgar/data/0000883241/000119971920000092/xslF345X03/edgardoc.xml"}, {"form_type": "4", "filings_date": "2020-09-02", "url": "https://www.sec.gov/Archives/edgar/data/0000883241/000119971920000091/xslF345X03/edgardoc.xml"}, {"form_type": "4", "filings_date": "2020-09-02", "url": "https://www.sec.gov/Archives/edgar/data/0000883241/000119971920000090/xslF345X03/edgardoc.xml"}, {"form_type": "4", "filings_date": "2020-09-02", "url": "https://www.sec.gov/Archives/edgar/data/0000883241/000119971920000089/xslF345X03/edgardoc.xml"}, {"form_type": "4", "filings_date": "2020-08-26", "url": "https://www.sec.gov/Archives/edgar/data/0000883241/000119971920000081/xslF345X03/edgardoc.xml"}, {"form_type": "3", "filings_date": "2020-08-25", "url": "https://www.sec.gov/Archives/edgar/data/0000883241/000119971920000079/xslF345X02/edgardoc.xml"}, {"form_type": "4", "filings_date": "2020-08-25", "url": "https://www.sec.gov/Archives/edgar/data/0000883241/000119971920000077/xslF345X03/edgardoc.xml"}, {"form_type": "4", "filings_date": "2020-08-24", "url": "https://www.sec.gov/Archives/edgar/data/0000883241/000119971920000074/xslF345X03/edgardoc.xml"}, {"form_type": "4", "filings_date": "2020-08-24", "url": "https://www.sec.gov/Archives/edgar/data/0000883241/000119971920000073/xslF345X03/edgardoc.xml"}, {"form_type": "4", "filings_date": "2020-08-24", "url": "https://www.sec.gov/Archives/edgar/data/0000883241/000119971920000072/xslF345X03/edgardoc.xml"}, {"form_type": "10-Q", "filings_date": "2020-08-21", "url": "https://www.sec.gov/Archives/edgar/data/0000883241/000088324120000012/a073120snps10-q.htm"}, {"form_type": "8-K", "filings_date": "2020-08-19", "url": "https://www.sec.gov/Archives/edgar/data/0000883241/000119312520224745/d33820d8k.htm"}, {"form_type": "8-K", "filings_date": "2020-08-19", "url": "https://www.sec.gov/Archives/edgar/data/0000883241/000119312520224728/d10011d8k.htm"}, {"form_type": "4", "filings_date": "2020-06-24", "url": "https://www.sec.gov/Archives/edgar/data/0000883241/000119971920000068/xslF345X03/edgardoc.xml"}, {"form_type": "8-K", "filings_date": "2020-06-19", "url": "https://www.sec.gov/Archives/edgar/data/0000883241/000119312520174110/d907114d8k.htm"}, {"form_type": "4", "filings_date": "2020-06-18", "url": "https://www.sec.gov/Archives/edgar/data/0000883241/000119971920000066/xslF345X03/edgardoc.xml"}, {"form_type": "4", "filings_date": "2020-06-17", "url": "https://www.sec.gov/Archives/edgar/data/0000883241/000119971920000064/xslF345X03/edgardoc.xml"}, {"form_type": "4", "filings_date": "2020-06-11", "url": "https://www.sec.gov/Archives/edgar/data/0000883241/000119971920000062/xslF345X03/edgardoc.xml"}, {"form_type": "4", "filings_date": "2020-06-02", "url": "https://www.sec.gov/Archives/edgar/data/0000883241/000119971920000060/xslF345X03/edgardoc.xml"}, {"form_type": "4", "filings_date": "2020-05-29", "url": "https://www.sec.gov/Archives/edgar/data/0000883241/000119971920000058/xslF345X03/edgardoc.xml"}, {"form_type": "SD", "filings_date": "2020-05-29", "url": "https://www.sec.gov/Archives/edgar/data/0000883241/000119312520155859/d818434dsd.htm"}, {"form_type": "4", "filings_date": "2020-05-27", "url": "https://www.sec.gov/Archives/edgar/data/0000883241/000119971920000056/xslF345X03/edgardoc.xml"}, {"form_type": "4", "filings_date": "2020-05-27", "url": "https://www.sec.gov/Archives/edgar/data/0000883241/000119971920000055/xslF345X03/edgardoc.xml"}, {"form_type": "4", "filings_date": "2020-05-26", "url": "https://www.sec.gov/Archives/edgar/data/0000883241/000119971920000052/xslF345X03/edgardoc.xml"}, {"form_type": "4", "filings_date": "2020-05-26", "url": "https://www.sec.gov/Archives/edgar/data/0000883241/000119971920000051/xslF345X03/edgardoc.xml"}, {"form_type": "4", "filings_date": "2020-05-26", "url": "https://www.sec.gov/Archives/edgar/data/0000883241/000119971920000050/xslF345X03/edgardoc.xml"}, {"form_type": "4", "filings_date": "2020-05-26", "url": "https://www.sec.gov/Archives/edgar/data/0000883241/000119971920000049/xslF345X03/edgardoc.xml"}, {"form_type": "S-8", "filings_date": "2020-05-22", "url": "https://www.sec.gov/Archives/edgar/data/0000883241/000119312520150227/d832760ds8.htm"}, {"form_type": "10-Q", "filings_date": "2020-05-22", "url": "https://www.sec.gov/Archives/edgar/data/0000883241/000088324120000009/a043020snps10-q.htm"}, {"form_type": "8-K", "filings_date": "2020-05-20", "url": "https://www.sec.gov/Archives/edgar/data/0000883241/000119312520147361/d932179d8k.htm"}, {"form_type": "4", "filings_date": "2020-04-20", "url": "https://www.sec.gov/Archives/edgar/data/0000883241/000119971920000044/xslF345X03/edgardoc.xml"}, {"form_type": "4", "filings_date": "2020-04-17", "url": "https://www.sec.gov/Archives/edgar/data/0000883241/000119971920000042/xslF345X03/edgardoc.xml"}, {"form_type": "4", "filings_date": "2020-04-15", "url": "https://www.sec.gov/Archives/edgar/data/0000883241/000119971920000040/xslF345X03/edgardoc.xml"}, {"form_type": "8-K", "filings_date": "2020-04-15", "url": "https://www.sec.gov/Archives/edgar/data/0000883241/000119312520107549/d903111d8k.htm"}, {"form_type": "4", "filings_date": "2020-04-13", "url": "https://www.sec.gov/Archives/edgar/data/0000883241/000119971920000038/xslF345X03/edgardoc.xml"}, {"form_type": "4", "filings_date": "2020-04-13", "url": "https://www.sec.gov/Archives/edgar/data/0000883241/000119971920000037/xslF345X03/edgardoc.xml"}, {"form_type": "4", "filings_date": "2020-04-13", "url": "https://www.sec.gov/Archives/edgar/data/0000883241/000119971920000036/xslF345X03/edgardoc.xml"}, {"form_type": "4", "filings_date": "2020-04-13", "url": "https://www.sec.gov/Archives/edgar/data/0000883241/000119971920000035/xslF345X03/edgardoc.xml"}, {"form_type": "4", "filings_date": "2020-04-13", "url": "https://www.sec.gov/Archives/edgar/data/0000883241/000119971920000034/xslF345X03/edgardoc.xml"}, {"form_type": "4", "filings_date": "2020-04-13", "url": "https://www.sec.gov/Archives/edgar/data/0000883241/000119971920000033/xslF345X03/edgardoc.xml"}, {"form_type": "4", "filings_date": "2020-04-13", "url": "https://www.sec.gov/Archives/edgar/data/0000883241/000119971920000032/xslF345X03/edgardoc.xml"}, {"form_type": "DEFA14A", "filings_date": "2020-03-27", "url": "https://www.sec.gov/Archives/edgar/data/0000883241/000119312520087528/d904890ddefa14a.htm"}, {"form_type": "DEFA14A", "filings_date": "2020-03-27", "url": "https://www.sec.gov/Archives/edgar/data/0000883241/000119312520087508/d904890ddefa14a.htm"}, {"form_type": "4", "filings_date": "2020-03-13", "url": "https://www.sec.gov/Archives/edgar/data/0000883241/000119971920000024/xslF345X03/edgardoc.xml"}, {"form_type": "4", "filings_date": "2020-03-05", "url": "https://www.sec.gov/Archives/edgar/data/0000883241/000119971920000022/xslF345X03/edgardoc.xml"}, {"form_type": "4", "filings_date": "2020-03-03", "url": "https://www.sec.gov/Archives/edgar/data/0000883241/000119971920000020/xslF345X03/edgardoc.xml"}, {"form_type": "4", "filings_date": "2020-03-03", "url": "https://www.sec.gov/Archives/edgar/data/0000883241/000119971920000019/xslF345X03/edgardoc.xml"}, {"form_type": "4", "filings_date": "2020-03-03", "url": "https://www.sec.gov/Archives/edgar/data/0000883241/000119971920000018/xslF345X03/edgardoc.xml"}, {"form_type": "4", "filings_date": "2020-03-03", "url": "https://www.sec.gov/Archives/edgar/data/0000883241/000119971920000017/xslF345X03/edgardoc.xml"}, {"form_type": "4", "filings_date": "2020-03-03", "url": "https://www.sec.gov/Archives/edgar/data/0000883241/000119971920000016/xslF345X03/edgardoc.xml"}, {"form_type": "8-K", "filings_date": "2020-02-27", "url": "https://www.sec.gov/Archives/edgar/data/0000883241/000119312520052807/d853509d8k.htm"}, {"form_type": "4", "filings_date": "2020-02-25", "url": "https://www.sec.gov/Archives/edgar/data/0000883241/000119971920000010/xslF345X03/edgardoc.xml"}, {"form_type": "4", "filings_date": "2020-02-25", "url": "https://www.sec.gov/Archives/edgar/data/0000883241/000119971920000009/xslF345X03/edgardoc.xml"}, {"form_type": "4", "filings_date": "2020-02-25", "url": "https://www.sec.gov/Archives/edgar/data/0000883241/000119971920000008/xslF345X03/edgardoc.xml"}, {"form_type": "4", "filings_date": "2020-02-25", "url": "https://www.sec.gov/Archives/edgar/data/0000883241/000119971920000007/xslF345X03/edgardoc.xml"}, {"form_type": "10-Q", "filings_date": "2020-02-21", "url": "https://www.sec.gov/Archives/edgar/data/0000883241/000088324120000006/a013120snps10-q.htm"}, {"form_type": "8-K", "filings_date": "2020-02-19", "url": "https://www.sec.gov/Archives/edgar/data/0000883241/000119312520041965/d888474d8k.htm"}, {"form_type": "DEFA14A", "filings_date": "2020-02-18", "url": "https://www.sec.gov/Archives/edgar/data/0000883241/000088324120000004/snps2020defa14a.htm"}, {"form_type": "DEF 14A", "filings_date": "2020-02-18", "url": "https://www.sec.gov/Archives/edgar/data/0000883241/000088324120000003/synopsys-2020proxy.htm"}, {"form_type": "SC 13G/A", "filings_date": "2020-02-14", "url": "https://www.sec.gov/Archives/edgar/data/0000883241/000008025520001000/snps13gadec19.txt"}, {"form_type": "SC 13G/A", "filings_date": "2020-02-12", "url": "https://www.sec.gov/Archives/edgar/data/0000883241/000110465920016970/tv0471-synopsysinc.htm"}, {"form_type": "SC 13G/A", "filings_date": "2020-02-06", "url": "https://www.sec.gov/Archives/edgar/data/0000883241/000083423720006674/us8716071076_020520.txt"}, {"form_type": "4", "filings_date": "2020-01-07", "url": "https://www.sec.gov/Archives/edgar/data/0000883241/000119971920000002/xslF345X03/edgardoc.xml"}, {"form_type": "4", "filings_date": "2019-12-23", "url": "https://www.sec.gov/Archives/edgar/data/0000883241/000119971919000090/xslF345X03/edgardoc.xml"}, {"form_type": "10-K", "filings_date": "2019-12-20", "url": "https://www.sec.gov/Archives/edgar/data/0000883241/000088324119000019/snps10311910-k.htm"}, {"form_type": "8-K", "filings_date": "2019-12-19", "url": "https://www.sec.gov/Archives/edgar/data/0000883241/000119312519319171/d837919d8k.htm"}, {"form_type": "4", "filings_date": "2019-12-16", "url": "https://www.sec.gov/Archives/edgar/data/0000883241/000119971919000088/xslF345X03/edgardoc.xml"}, {"form_type": "4", "filings_date": "2019-12-16", "url": "https://www.sec.gov/Archives/edgar/data/0000883241/000119971919000087/xslF345X03/edgardoc.xml"}, {"form_type": "4", "filings_date": "2019-12-16", "url": "https://www.sec.gov/Archives/edgar/data/0000883241/000119971919000086/xslF345X03/edgardoc.xml"}, {"form_type": "4", "filings_date": "2019-12-16", "url": "https://www.sec.gov/Archives/edgar/data/0000883241/000119971919000085/xslF345X03/edgardoc.xml"}, {"form_type": "4", "filings_date": "2019-12-16", "url": "https://www.sec.gov/Archives/edgar/data/0000883241/000119971919000084/xslF345X03/edgardoc.xml"}, {"form_type": "4", "filings_date": "2019-12-16", "url": "https://www.sec.gov/Archives/edgar/data/0000883241/000119971919000083/xslF345X03/edgardoc.xml"}, {"form_type": "4", "filings_date": "2019-12-10", "url": "https://www.sec.gov/Archives/edgar/data/0000883241/000119971919000076/xslF345X03/edgardoc.xml"}, {"form_type": "4", "filings_date": "2019-12-10", "url": "https://www.sec.gov/Archives/edgar/data/0000883241/000119971919000075/xslF345X03/edgardoc.xml"}, {"form_type": "4", "filings_date": "2019-12-10", "url": "https://www.sec.gov/Archives/edgar/data/0000883241/000119971919000074/xslF345X03/edgardoc.xml"}, {"form_type": "4", "filings_date": "2019-12-10", "url": "https://www.sec.gov/Archives/edgar/data/0000883241/000119971919000073/xslF345X03/edgardoc.xml"}, {"form_type": "4", "filings_date": "2019-12-10", "url": "https://www.sec.gov/Archives/edgar/data/0000883241/000119971919000072/xslF345X03/edgardoc.xml"}, {"form_type": "4", "filings_date": "2019-12-10", "url": "https://www.sec.gov/Archives/edgar/data/0000883241/000119971919000071/xslF345X03/edgardoc.xml"}, {"form_type": "8-K", "filings_date": "2019-12-04", "url": "https://www.sec.gov/Archives/edgar/data/0000883241/000119312519306224/d822869d8k.htm"}, {"form_type": "4", "filings_date": "2019-09-16", "url": "https://www.sec.gov/Archives/edgar/data/0000883241/000119971919000064/xslF345X03/edgardoc.xml"}, {"form_type": "4", "filings_date": "2019-09-05", "url": "https://www.sec.gov/Archives/edgar/data/0000883241/000119971919000062/xslF345X03/edgardoc.xml"}, {"form_type": "4", "filings_date": "2019-09-03", "url": "https://www.sec.gov/Archives/edgar/data/0000883241/000119971919000060/xslF345X03/edgardoc.xml"}, {"form_type": "4", "filings_date": "2019-09-03", "url": "https://www.sec.gov/Archives/edgar/data/0000883241/000119971919000058/xslF345X03/edgardoc.xml"}, {"form_type": "4", "filings_date": "2019-09-03", "url": "https://www.sec.gov/Archives/edgar/data/0000883241/000119971919000057/xslF345X03/edgardoc.xml"}, {"form_type": "4", "filings_date": "2019-09-03", "url": "https://www.sec.gov/Archives/edgar/data/0000883241/000119971919000056/xslF345X03/edgardoc.xml"}, {"form_type": "4", "filings_date": "2019-09-03", "url": "https://www.sec.gov/Archives/edgar/data/0000883241/000119971919000055/xslF345X03/edgardoc.xml"}, {"form_type": "8-K", "filings_date": "2019-08-29", "url": "https://www.sec.gov/Archives/edgar/data/0000883241/000119312519234087/d755849d8k.htm"}, {"form_type": "4", "filings_date": "2019-08-26", "url": "https://www.sec.gov/Archives/edgar/data/0000883241/000119971919000050/xslF345X03/edgardoc.xml"}, {"form_type": "4", "filings_date": "2019-08-26", "url": "https://www.sec.gov/Archives/edgar/data/0000883241/000119971919000049/xslF345X03/edgardoc.xml"}, {"form_type": "10-Q", "filings_date": "2019-08-26", "url": "https://www.sec.gov/Archives/edgar/data/0000883241/000088324119000015/a073119snps10-q.htm"}, {"form_type": "8-K", "filings_date": "2019-08-22", "url": "https://www.sec.gov/Archives/edgar/data/0000883241/000119312519226959/d794676d8k.htm"}, {"form_type": "8-K", "filings_date": "2019-08-21", "url": "https://www.sec.gov/Archives/edgar/data/0000883241/000119312519226155/d792392d8k.htm"}, {"form_type": "4", "filings_date": "2019-07-01", "url": "https://www.sec.gov/Archives/edgar/data/0000883241/000159437619000018/xslF345X03/edgardoc.xml"}, {"form_type": "4", "filings_date": "2019-06-25", "url": "https://www.sec.gov/Archives/edgar/data/0000883241/000119971919000046/xslF345X03/edgardoc.xml"}, {"form_type": "4", "filings_date": "2019-06-17", "url": "https://www.sec.gov/Archives/edgar/data/0000883241/000159437619000016/xslF345X03/edgardoc.xml"}, {"form_type": "4", "filings_date": "2019-06-17", "url": "https://www.sec.gov/Archives/edgar/data/0000883241/000159437619000014/xslF345X03/edgardoc.xml"}, {"form_type": "8-K", "filings_date": "2019-06-14", "url": "https://www.sec.gov/Archives/edgar/data/0000883241/000119312519173728/d766123d8k.htm"}, {"form_type": "4", "filings_date": "2019-06-12", "url": "https://www.sec.gov/Archives/edgar/data/0000883241/000119971919000044/xslF345X03/edgardoc.xml"}, {"form_type": "4", "filings_date": "2019-06-10", "url": "https://www.sec.gov/Archives/edgar/data/0000883241/000119971919000042/xslF345X03/edgardoc.xml"}, {"form_type": "8-K", "filings_date": "2019-06-05", "url": "https://www.sec.gov/Archives/edgar/data/0000883241/000119312519166165/d761170d8k.htm"}, {"form_type": "UPLOAD", "filings_date": "2019-06-05", "url": "https://www.sec.gov/Archives/edgar/data/0000883241/000000000019009400/filename1.pdf"}, {"form_type": "SD", "filings_date": "2019-05-31", "url": "https://www.sec.gov/Archives/edgar/data/0000883241/000119312519162176/d743986dsd.htm"}, {"form_type": "4", "filings_date": "2019-05-28", "url": "https://www.sec.gov/Archives/edgar/data/0000883241/000119971919000040/xslF345X03/edgardoc.xml"}, {"form_type": "4", "filings_date": "2019-05-28", "url": "https://www.sec.gov/Archives/edgar/data/0000883241/000119971919000039/xslF345X03/edgardoc.xml"}, {"form_type": "4", "filings_date": "2019-05-28", "url": "https://www.sec.gov/Archives/edgar/data/0000883241/000119971919000038/xslF345X03/edgardoc.xml"}, {"form_type": "4", "filings_date": "2019-05-28", "url": "https://www.sec.gov/Archives/edgar/data/0000883241/000119971919000037/xslF345X03/edgardoc.xml"}, {"form_type": "S-8", "filings_date": "2019-05-24", "url": "https://www.sec.gov/Archives/edgar/data/0000883241/000119312519157140/d766927ds8.htm"}, {"form_type": "10-Q", "filings_date": "2019-05-24", "url": "https://www.sec.gov/Archives/edgar/data/0000883241/000088324119000011/a043019snps10-q.htm"}, {"form_type": "8-K", "filings_date": "2019-05-22", "url": "https://www.sec.gov/Archives/edgar/data/0000883241/000119312519154078/d752873d8k.htm"}, {"form_type": "CORRESP", "filings_date": "2019-05-16", "url": "https://www.sec.gov/Archives/edgar/data/0000883241/000119312519149675/filename1.htm"}, {"form_type": "UPLOAD", "filings_date": "2019-05-09", "url": "https://www.sec.gov/Archives/edgar/data/0000883241/000000000019008296/filename1.pdf"}, {"form_type": "4", "filings_date": "2019-04-12", "url": "https://www.sec.gov/Archives/edgar/data/0000883241/000119971919000032/xslF345X03/edgardoc.xml"}, {"form_type": "4", "filings_date": "2019-04-12", "url": "https://www.sec.gov/Archives/edgar/data/0000883241/000119971919000031/xslF345X03/edgardoc.xml"}, {"form_type": "4", "filings_date": "2019-04-12", "url": "https://www.sec.gov/Archives/edgar/data/0000883241/000119971919000030/xslF345X03/edgardoc.xml"}, {"form_type": "8-K", "filings_date": "2019-04-09", "url": "https://www.sec.gov/Archives/edgar/data/0000883241/000119312519101715/d710201d8k.htm"}, {"form_type": "4", "filings_date": "2019-04-09", "url": "https://www.sec.gov/Archives/edgar/data/0000883241/000119971919000026/xslF345X03/edgardoc.xml"}, {"form_type": "4", "filings_date": "2019-04-09", "url": "https://www.sec.gov/Archives/edgar/data/0000883241/000119971919000025/xslF345X03/edgardoc.xml"}, {"form_type": "4", "filings_date": "2019-04-09", "url": "https://www.sec.gov/Archives/edgar/data/0000883241/000119971919000024/xslF345X03/edgardoc.xml"}, {"form_type": "4", "filings_date": "2019-04-09", "url": "https://www.sec.gov/Archives/edgar/data/0000883241/000119971919000023/xslF345X03/edgardoc.xml"}, {"form_type": "4", "filings_date": "2019-04-09", "url": "https://www.sec.gov/Archives/edgar/data/0000883241/000119971919000022/xslF345X03/edgardoc.xml"}, {"form_type": "4", "filings_date": "2019-04-09", "url": "https://www.sec.gov/Archives/edgar/data/0000883241/000119971919000021/xslF345X03/edgardoc.xml"}, {"form_type": "4", "filings_date": "2019-04-09", "url": "https://www.sec.gov/Archives/edgar/data/0000883241/000119971919000020/xslF345X03/edgardoc.xml"}, {"form_type": "4", "filings_date": "2019-03-19", "url": "https://www.sec.gov/Archives/edgar/data/0000883241/000119971919000012/xslF345X03/edgardoc.xml"}, {"form_type": "4", "filings_date": "2019-03-13", "url": "https://www.sec.gov/Archives/edgar/data/0000883241/000159437619000012/xslF345X03/edgardoc.xml"}, {"form_type": "4", "filings_date": "2019-03-01", "url": "https://www.sec.gov/Archives/edgar/data/0000883241/000159437619000010/xslF345X03/edgardoc.xml"}, {"form_type": "4", "filings_date": "2019-03-01", "url": "https://www.sec.gov/Archives/edgar/data/0000883241/000159437619000008/xslF345X03/edgardoc.xml"}, {"form_type": "4", "filings_date": "2019-03-01", "url": "https://www.sec.gov/Archives/edgar/data/0000883241/000159437619000006/xslF345X03/edgardoc.xml"}, {"form_type": "4", "filings_date": "2019-03-01", "url": "https://www.sec.gov/Archives/edgar/data/0000883241/000159437619000004/xslF345X03/edgardoc.xml"}, {"form_type": "4", "filings_date": "2019-03-01", "url": "https://www.sec.gov/Archives/edgar/data/0000883241/000159437619000002/xslF345X03/edgardoc.xml"}, {"form_type": "8-K", "filings_date": "2019-02-28", "url": "https://www.sec.gov/Archives/edgar/data/0000883241/000119312519057627/d715230d8k.htm"}, {"form_type": "4", "filings_date": "2019-02-27", "url": "https://www.sec.gov/Archives/edgar/data/0000883241/000119971919000010/xslF345X03/edgardoc.xml"}, {"form_type": "4", "filings_date": "2019-02-26", "url": "https://www.sec.gov/Archives/edgar/data/0000883241/000119971919000008/xslF345X03/edgardoc.xml"}, {"form_type": "4", "filings_date": "2019-02-26", "url": "https://www.sec.gov/Archives/edgar/data/0000883241/000119971919000007/xslF345X03/edgardoc.xml"}, {"form_type": "4", "filings_date": "2019-02-26", "url": "https://www.sec.gov/Archives/edgar/data/0000883241/000119971919000006/xslF345X03/edgardoc.xml"}, {"form_type": "4", "filings_date": "2019-02-26", "url": "https://www.sec.gov/Archives/edgar/data/0000883241/000119971919000005/xslF345X03/edgardoc.xml"}, {"form_type": "10-Q", "filings_date": "2019-02-25", "url": "https://www.sec.gov/Archives/edgar/data/0000883241/000088324119000008/a013119snps10-q.htm"}, {"form_type": "8-K", "filings_date": "2019-02-20", "url": "https://www.sec.gov/Archives/edgar/data/0000883241/000119312519045457/d680223d8k.htm"}, {"form_type": "DEFA14A", "filings_date": "2019-02-15", "url": "https://www.sec.gov/Archives/edgar/data/0000883241/000088324119000006/snps2019defa14a.htm"}, {"form_type": "DEF 14A", "filings_date": "2019-02-15", "url": "https://www.sec.gov/Archives/edgar/data/0000883241/000088324119000004/synopsys-2019proxy.htm"}, {"form_type": "SC 13G", "filings_date": "2019-02-14", "url": "https://www.sec.gov/Archives/edgar/data/0000883241/000008025519002382/snps13gdec18.txt"}, {"form_type": "SC 13G/A", "filings_date": "2019-02-13", "url": "https://www.sec.gov/Archives/edgar/data/0000883241/000093247119006167/synopsysinc.htm"}, {"form_type": "SC 13G/A", "filings_date": "2019-02-06", "url": "https://www.sec.gov/Archives/edgar/data/0000883241/000021545719005660/us8716071076_020619.txt"}, {"form_type": "4", "filings_date": "2018-12-21", "url": "https://www.sec.gov/Archives/edgar/data/0000883241/000119971918000093/xslF345X03/edgardoc.xml"}, {"form_type": "10-K", "filings_date": "2018-12-17", "url": "https://www.sec.gov/Archives/edgar/data/0000883241/000088324118000012/snps10311810-k.htm"}, {"form_type": "4", "filings_date": "2018-12-14", "url": "https://www.sec.gov/Archives/edgar/data/0000883241/000119971918000091/xslF345X03/edgardoc.xml"}, {"form_type": "4", "filings_date": "2018-12-14", "url": "https://www.sec.gov/Archives/edgar/data/0000883241/000119971918000090/xslF345X03/edgardoc.xml"}, {"form_type": "4", "filings_date": "2018-12-14", "url": "https://www.sec.gov/Archives/edgar/data/0000883241/000119971918000089/xslF345X03/edgardoc.xml"}, {"form_type": "4", "filings_date": "2018-12-14", "url": "https://www.sec.gov/Archives/edgar/data/0000883241/000119971918000088/xslF345X03/edgardoc.xml"}, {"form_type": "4", "filings_date": "2018-12-14", "url": "https://www.sec.gov/Archives/edgar/data/0000883241/000119971918000087/xslF345X03/edgardoc.xml"}, {"form_type": "4", "filings_date": "2018-12-14", "url": "https://www.sec.gov/Archives/edgar/data/0000883241/000119971918000086/xslF345X03/edgardoc.xml"}, {"form_type": "4", "filings_date": "2018-12-11", "url": "https://www.sec.gov/Archives/edgar/data/0000883241/000119971918000079/xslF345X03/edgardoc.xml"}, {"form_type": "4", "filings_date": "2018-12-11", "url": "https://www.sec.gov/Archives/edgar/data/0000883241/000119971918000078/xslF345X03/edgardoc.xml"}, {"form_type": "4", "filings_date": "2018-12-11", "url": "https://www.sec.gov/Archives/edgar/data/0000883241/000119971918000077/xslF345X03/edgardoc.xml"}, {"form_type": "4", "filings_date": "2018-12-11", "url": "https://www.sec.gov/Archives/edgar/data/0000883241/000119971918000076/xslF345X03/edgardoc.xml"}, {"form_type": "4", "filings_date": "2018-12-11", "url": "https://www.sec.gov/Archives/edgar/data/0000883241/000119971918000075/xslF345X03/edgardoc.xml"}, {"form_type": "4", "filings_date": "2018-12-11", "url": "https://www.sec.gov/Archives/edgar/data/0000883241/000119971918000074/xslF345X03/edgardoc.xml"}, {"form_type": "8-K", "filings_date": "2018-12-07", "url": "https://www.sec.gov/Archives/edgar/data/0000883241/000119312518344971/d671144d8k.htm"}, {"form_type": "8-K", "filings_date": "2018-12-06", "url": "https://www.sec.gov/Archives/edgar/data/0000883241/000119312518343886/d668237d8k.htm"}, {"form_type": "4", "filings_date": "2018-10-02", "url": "https://www.sec.gov/Archives/edgar/data/0000883241/000119971918000067/xslF345X03/edgardoc.xml"}, {"form_type": "4", "filings_date": "2018-09-20", "url": "https://www.sec.gov/Archives/edgar/data/0000883241/000119971918000065/xslF345X03/edgardoc.xml"}, {"form_type": "4", "filings_date": "2018-09-17", "url": "https://www.sec.gov/Archives/edgar/data/0000883241/000119971918000063/xslF345X03/edgardoc.xml"}, {"form_type": "4", "filings_date": "2018-09-04", "url": "https://www.sec.gov/Archives/edgar/data/0000883241/000119971918000061/xslF345X03/edgardoc.xml"}, {"form_type": "4", "filings_date": "2018-09-04", "url": "https://www.sec.gov/Archives/edgar/data/0000883241/000119971918000060/xslF345X03/edgardoc.xml"}, {"form_type": "4", "filings_date": "2018-09-04", "url": "https://www.sec.gov/Archives/edgar/data/0000883241/000119971918000059/xslF345X03/edgardoc.xml"}, {"form_type": "4", "filings_date": "2018-09-04", "url": "https://www.sec.gov/Archives/edgar/data/0000883241/000119971918000058/xslF345X03/edgardoc.xml"}, {"form_type": "4", "filings_date": "2018-09-04", "url": "https://www.sec.gov/Archives/edgar/data/0000883241/000119971918000057/xslF345X03/edgardoc.xml"}, {"form_type": "4", "filings_date": "2018-08-27", "url": "https://www.sec.gov/Archives/edgar/data/0000883241/000119971918000051/xslF345X03/edgardoc.xml"}, {"form_type": "4", "filings_date": "2018-08-27", "url": "https://www.sec.gov/Archives/edgar/data/0000883241/000119971918000050/xslF345X03/edgardoc.xml"}, {"form_type": "10-Q", "filings_date": "2018-08-24", "url": "https://www.sec.gov/Archives/edgar/data/0000883241/000088324118000008/a073118snps10-q.htm"}, {"form_type": "8-K", "filings_date": "2018-08-22", "url": "https://www.sec.gov/Archives/edgar/data/0000883241/000119312518255121/d568510d8k.htm"}, {"form_type": "8-K", "filings_date": "2018-07-05", "url": "https://www.sec.gov/Archives/edgar/data/0000883241/000119312518212594/d855319d8k.htm"}, {"form_type": "4", "filings_date": "2018-06-19", "url": "https://www.sec.gov/Archives/edgar/data/0000883241/000119971918000047/xslF345X03/edgardoc.xml"}, {"form_type": "4", "filings_date": "2018-06-19", "url": "https://www.sec.gov/Archives/edgar/data/0000883241/000119971918000046/xslF345X03/edgardoc.xml"}, {"form_type": "4", "filings_date": "2018-06-08", "url": "https://www.sec.gov/Archives/edgar/data/0000883241/000119971918000043/xslF345X03/edgardoc.xml"}, {"form_type": "8-K", "filings_date": "2018-05-31", "url": "https://www.sec.gov/Archives/edgar/data/0000883241/000119312518180400/d791633d8k.htm"}, {"form_type": "SD", "filings_date": "2018-05-30", "url": "https://www.sec.gov/Archives/edgar/data/0000883241/000119312518178576/d521212dsd.htm"}, {"form_type": "4", "filings_date": "2018-05-29", "url": "https://www.sec.gov/Archives/edgar/data/0000883241/000119971918000041/xslF345X03/edgardoc.xml"}, {"form_type": "4", "filings_date": "2018-05-29", "url": "https://www.sec.gov/Archives/edgar/data/0000883241/000119971918000040/xslF345X03/edgardoc.xml"}, {"form_type": "S-8", "filings_date": "2018-05-25", "url": "https://www.sec.gov/Archives/edgar/data/0000883241/000119312518175472/d590641ds8.htm"}, {"form_type": "10-Q", "filings_date": "2018-05-25", "url": "https://www.sec.gov/Archives/edgar/data/0000883241/000088324118000005/a043018snps10-q.htm"}, {"form_type": "8-K", "filings_date": "2018-05-23", "url": "https://www.sec.gov/Archives/edgar/data/0000883241/000119312518172088/d592004d8k.htm"}, {"form_type": "SC 13G/A", "filings_date": "2018-05-08", "url": "https://www.sec.gov/Archives/edgar/data/0000883241/000021545718005618/us8716071076_050318.txt"}, {"form_type": "4", "filings_date": "2018-04-09", "url": "https://www.sec.gov/Archives/edgar/data/0000883241/000119971918000037/xslF345X03/edgardoc.xml"}, {"form_type": "4", "filings_date": "2018-04-09", "url": "https://www.sec.gov/Archives/edgar/data/0000883241/000119971918000036/xslF345X03/edgardoc.xml"}, {"form_type": "4", "filings_date": "2018-04-09", "url": "https://www.sec.gov/Archives/edgar/data/0000883241/000119971918000035/xslF345X03/edgardoc.xml"}, {"form_type": "4", "filings_date": "2018-04-09", "url": "https://www.sec.gov/Archives/edgar/data/0000883241/000119971918000034/xslF345X03/edgardoc.xml"}, {"form_type": "4", "filings_date": "2018-04-09", "url": "https://www.sec.gov/Archives/edgar/data/0000883241/000119971918000033/xslF345X03/edgardoc.xml"}, {"form_type": "4", "filings_date": "2018-04-09", "url": "https://www.sec.gov/Archives/edgar/data/0000883241/000119971918000032/xslF345X03/edgardoc.xml"}, {"form_type": "4", "filings_date": "2018-04-09", "url": "https://www.sec.gov/Archives/edgar/data/0000883241/000119971918000031/xslF345X03/edgardoc.xml"}, {"form_type": "8-K", "filings_date": "2018-04-06", "url": "https://www.sec.gov/Archives/edgar/data/0000883241/000119312518110052/d564794d8k.htm"}, {"form_type": "8-K", "filings_date": "2018-04-05", "url": "https://www.sec.gov/Archives/edgar/data/0000883241/000119312518108781/d564548d8k.htm"}, {"form_type": "4", "filings_date": "2018-03-15", "url": "https://www.sec.gov/Archives/edgar/data/0000883241/000119971918000022/xslF345X03/edgardoc.xml"}, {"form_type": "4", "filings_date": "2018-03-12", "url": "https://www.sec.gov/Archives/edgar/data/0000883241/000119971918000020/xslF345X03/edgardoc.xml"}, {"form_type": "4", "filings_date": "2018-03-02", "url": "https://www.sec.gov/Archives/edgar/data/0000883241/000119971918000018/xslF345X03/edgardoc.xml"}, {"form_type": "4", "filings_date": "2018-03-02", "url": "https://www.sec.gov/Archives/edgar/data/0000883241/000119971918000017/xslF345X03/edgardoc.xml"}, {"form_type": "4", "filings_date": "2018-03-02", "url": "https://www.sec.gov/Archives/edgar/data/0000883241/000119971918000016/xslF345X03/edgardoc.xml"}, {"form_type": "4", "filings_date": "2018-03-02", "url": "https://www.sec.gov/Archives/edgar/data/0000883241/000119971918000014/xslF345X03/edgardoc.xml"}, {"form_type": "4", "filings_date": "2018-03-02", "url": "https://www.sec.gov/Archives/edgar/data/0000883241/000119971918000015/xslF345X03/edgardoc.xml"}, {"form_type": "4", "filings_date": "2018-02-26", "url": "https://www.sec.gov/Archives/edgar/data/0000883241/000119971918000008/xslF345X03/edgardoc.xml"}, {"form_type": "4", "filings_date": "2018-02-26", "url": "https://www.sec.gov/Archives/edgar/data/0000883241/000119971918000007/xslF345X03/edgardoc.xml"}, {"form_type": "10-Q", "filings_date": "2018-02-23", "url": "https://www.sec.gov/Archives/edgar/data/0000883241/000088324118000002/a013118snps10-q.htm"}, {"form_type": "8-K", "filings_date": "2018-02-21", "url": "https://www.sec.gov/Archives/edgar/data/0000883241/000119312518052025/d539717d8k.htm"}, {"form_type": "DEFA14A", "filings_date": "2018-02-16", "url": "https://www.sec.gov/Archives/edgar/data/0000883241/000119312518048666/d450041ddefa14a.htm"}, {"form_type": "DEF 14A", "filings_date": "2018-02-16", "url": "https://www.sec.gov/Archives/edgar/data/0000883241/000119312518048649/d515555ddef14a.htm"}, {"form_type": "SC 13G/A", "filings_date": "2018-02-13", "url": "https://www.sec.gov/Archives/edgar/data/0000883241/000119312518042164/d445907dsc13ga.htm"}, {"form_type": "SC 13G/A", "filings_date": "2018-02-09", "url": "https://www.sec.gov/Archives/edgar/data/0000883241/000093247118004195/synopsysinc.htm"}, {"form_type": "SC 13G/A", "filings_date": "2018-01-23", "url": "https://www.sec.gov/Archives/edgar/data/0000883241/000021545718002488/us8716071076_012318.txt"}, {"form_type": "4", "filings_date": "2018-01-17", "url": "https://www.sec.gov/Archives/edgar/data/0000883241/000119971918000004/xslF345X03/edgardoc.xml"}, {"form_type": "4", "filings_date": "2018-01-03", "url": "https://www.sec.gov/Archives/edgar/data/0000883241/000119971918000002/xslF345X03/edgardoc.xml"}, {"form_type": "4", "filings_date": "2017-12-20", "url": "https://www.sec.gov/Archives/edgar/data/0000883241/000119971917000095/xslF345X03/edgardoc.xml"}, {"form_type": "8-K", "filings_date": "2017-12-14", "url": "https://www.sec.gov/Archives/edgar/data/0000883241/000119312517369533/d500366d8k.htm"}, {"form_type": "10-K", "filings_date": "2017-12-14", "url": "https://www.sec.gov/Archives/edgar/data/0000883241/000088324117000014/snps10311710-k.htm"}, {"form_type": "4", "filings_date": "2017-12-12", "url": "https://www.sec.gov/Archives/edgar/data/0000883241/000119971917000093/xslF345X03/edgardoc.xml"}, {"form_type": "4", "filings_date": "2017-12-12", "url": "https://www.sec.gov/Archives/edgar/data/0000883241/000119971917000092/xslF345X03/edgardoc.xml"}, {"form_type": "4", "filings_date": "2017-12-12", "url": "https://www.sec.gov/Archives/edgar/data/0000883241/000119971917000091/xslF345X03/edgardoc.xml"}, {"form_type": "4", "filings_date": "2017-12-12", "url": "https://www.sec.gov/Archives/edgar/data/0000883241/000119971917000090/xslF345X03/edgardoc.xml"}, {"form_type": "4", "filings_date": "2017-12-12", "url": "https://www.sec.gov/Archives/edgar/data/0000883241/000119971917000089/xslF345X03/edgardoc.xml"}, {"form_type": "4", "filings_date": "2017-12-12", "url": "https://www.sec.gov/Archives/edgar/data/0000883241/000119971917000088/xslF345X03/edgardoc.xml"}, {"form_type": "S-8", "filings_date": "2017-12-11", "url": "https://www.sec.gov/Archives/edgar/data/0000883241/000119312517366335/d506237ds8.htm"}, {"form_type": "8-K", "filings_date": "2017-12-11", "url": "https://www.sec.gov/Archives/edgar/data/0000883241/000119312517366296/d504878d8k.htm"}, {"form_type": "8-K", "filings_date": "2017-12-07", "url": "https://www.sec.gov/Archives/edgar/data/0000883241/000119312517363996/d481313d8k.htm"}, {"form_type": "4", "filings_date": "2017-12-04", "url": "https://www.sec.gov/Archives/edgar/data/0000883241/000119971917000081/xslF345X03/edgardoc.xml"}, {"form_type": "4", "filings_date": "2017-12-04", "url": "https://www.sec.gov/Archives/edgar/data/0000883241/000119971917000080/xslF345X03/edgardoc.xml"}, {"form_type": "4", "filings_date": "2017-12-04", "url": "https://www.sec.gov/Archives/edgar/data/0000883241/000119971917000079/xslF345X03/edgardoc.xml"}, {"form_type": "5", "filings_date": "2017-12-01", "url": "https://www.sec.gov/Archives/edgar/data/0000883241/000119971917000075/xslF345X03/edgardoc.xml"}, {"form_type": "8-K", "filings_date": "2017-11-29", "url": "https://www.sec.gov/Archives/edgar/data/0000883241/000119312517355729/d503235d8k.htm"}, {"form_type": "8-K", "filings_date": "2017-11-02", "url": "https://www.sec.gov/Archives/edgar/data/0000883241/000119312517331104/d488640d8k.htm"}, {"form_type": "4", "filings_date": "2017-09-18", "url": "https://www.sec.gov/Archives/edgar/data/0000883241/000119971917000073/xslF345X03/edgardoc.xml"}, {"form_type": "8-K", "filings_date": "2017-09-14", "url": "https://www.sec.gov/Archives/edgar/data/0000883241/000119312517285152/d458602d8k.htm"}, {"form_type": "8-K", "filings_date": "2017-09-11", "url": "https://www.sec.gov/Archives/edgar/data/0000883241/000119312517280820/d449853d8k.htm"}, {"form_type": "4", "filings_date": "2017-09-05", "url": "https://www.sec.gov/Archives/edgar/data/0000883241/000119971917000071/xslF345X03/edgardoc.xml"}, {"form_type": "4", "filings_date": "2017-09-05", "url": "https://www.sec.gov/Archives/edgar/data/0000883241/000119971917000070/xslF345X03/edgardoc.xml"}, {"form_type": "4", "filings_date": "2017-09-05", "url": "https://www.sec.gov/Archives/edgar/data/0000883241/000119971917000069/xslF345X03/edgardoc.xml"}, {"form_type": "4", "filings_date": "2017-09-05", "url": "https://www.sec.gov/Archives/edgar/data/0000883241/000119971917000068/xslF345X03/edgardoc.xml"}, {"form_type": "4", "filings_date": "2017-09-05", "url": "https://www.sec.gov/Archives/edgar/data/0000883241/000119971917000067/xslF345X03/edgardoc.xml"}, {"form_type": "4", "filings_date": "2017-08-21", "url": "https://www.sec.gov/Archives/edgar/data/0000883241/000119971917000060/xslF345X03/edgardoc.xml"}, {"form_type": "4", "filings_date": "2017-08-21", "url": "https://www.sec.gov/Archives/edgar/data/0000883241/000119971917000059/xslF345X03/edgardoc.xml"}, {"form_type": "10-Q", "filings_date": "2017-08-18", "url": "https://www.sec.gov/Archives/edgar/data/0000883241/000088324117000007/a073117snps10-q.htm"}, {"form_type": "8-K", "filings_date": "2017-08-16", "url": "https://www.sec.gov/Archives/edgar/data/0000883241/000119312517259886/d439607d8k.htm"}, {"form_type": "8-K", "filings_date": "2017-06-16", "url": "https://www.sec.gov/Archives/edgar/data/0000883241/000119312517206051/d406478d8k.htm"}, {"form_type": "4", "filings_date": "2017-06-16", "url": "https://www.sec.gov/Archives/edgar/data/0000883241/000119971917000056/xslF345X03/edgardoc.xml"}, {"form_type": "4", "filings_date": "2017-06-16", "url": "https://www.sec.gov/Archives/edgar/data/0000883241/000119971917000055/xslF345X03/edgardoc.xml"}, {"form_type": "4", "filings_date": "2017-06-16", "url": "https://www.sec.gov/Archives/edgar/data/0000883241/000119971917000054/xslF345X03/edgardoc.xml"}, {"form_type": "SD", "filings_date": "2017-05-31", "url": "https://www.sec.gov/Archives/edgar/data/0000883241/000119312517189362/d406236dsd.htm"}, {"form_type": "8-K", "filings_date": "2017-05-26", "url": "https://www.sec.gov/Archives/edgar/data/0000883241/000119312517185635/d406231d8k.htm"}, {"form_type": "4", "filings_date": "2017-05-23", "url": "https://www.sec.gov/Archives/edgar/data/0000883241/000119971917000050/xslF345X03/edgardoc.xml"}, {"form_type": "4", "filings_date": "2017-05-23", "url": "https://www.sec.gov/Archives/edgar/data/0000883241/000119971917000049/xslF345X03/edgardoc.xml"}, {"form_type": "4", "filings_date": "2017-05-23", "url": "https://www.sec.gov/Archives/edgar/data/0000883241/000119971917000048/xslF345X03/edgardoc.xml"}, {"form_type": "4", "filings_date": "2017-05-23", "url": "https://www.sec.gov/Archives/edgar/data/0000883241/000119971917000047/xslF345X03/edgardoc.xml"}, {"form_type": "4", "filings_date": "2017-05-23", "url": "https://www.sec.gov/Archives/edgar/data/0000883241/000119971917000046/xslF345X03/edgardoc.xml"}, {"form_type": "4", "filings_date": "2017-05-23", "url": "https://www.sec.gov/Archives/edgar/data/0000883241/000119971917000045/xslF345X03/edgardoc.xml"}, {"form_type": "10-Q", "filings_date": "2017-05-19", "url": "https://www.sec.gov/Archives/edgar/data/0000883241/000088324117000005/a043017snps10-q.htm"}, {"form_type": "8-K", "filings_date": "2017-05-17", "url": "https://www.sec.gov/Archives/edgar/data/0000883241/000119312517173527/d399683d8k.htm"}, {"form_type": "SC 13G/A", "filings_date": "2017-05-10", "url": "https://www.sec.gov/Archives/edgar/data/0000883241/000093247117004104/synopsysinc.htm"}, {"form_type": "8-K", "filings_date": "2017-04-10", "url": "https://www.sec.gov/Archives/edgar/data/0000883241/000119312517118712/d360146d8k.htm"}, {"form_type": "4", "filings_date": "2017-04-10", "url": "https://www.sec.gov/Archives/edgar/data/0000883241/000119971917000038/xslF345X03/edgardoc.xml"}, {"form_type": "4", "filings_date": "2017-04-10", "url": "https://www.sec.gov/Archives/edgar/data/0000883241/000119971917000037/xslF345X03/edgardoc.xml"}, {"form_type": "4", "filings_date": "2017-04-10", "url": "https://www.sec.gov/Archives/edgar/data/0000883241/000119971917000036/xslF345X03/edgardoc.xml"}, {"form_type": "4", "filings_date": "2017-04-10", "url": "https://www.sec.gov/Archives/edgar/data/0000883241/000119971917000035/xslF345X03/edgardoc.xml"}, {"form_type": "4", "filings_date": "2017-04-10", "url": "https://www.sec.gov/Archives/edgar/data/0000883241/000119971917000034/xslF345X03/edgardoc.xml"}, {"form_type": "4", "filings_date": "2017-04-10", "url": "https://www.sec.gov/Archives/edgar/data/0000883241/000119971917000033/xslF345X03/edgardoc.xml"}, {"form_type": "4", "filings_date": "2017-04-10", "url": "https://www.sec.gov/Archives/edgar/data/0000883241/000119971917000032/xslF345X03/edgardoc.xml"}, {"form_type": "4", "filings_date": "2017-04-10", "url": "https://www.sec.gov/Archives/edgar/data/0000883241/000119971917000031/xslF345X03/edgardoc.xml"}, {"form_type": "S-8", "filings_date": "2017-04-06", "url": "https://www.sec.gov/Archives/edgar/data/0000883241/000119312517113615/d371870ds8.htm"}, {"form_type": "4", "filings_date": "2017-03-02", "url": "https://www.sec.gov/Archives/edgar/data/0000883241/000159437617000012/xslF345X03/edgardoc.xml"}, {"form_type": "4", "filings_date": "2017-03-02", "url": "https://www.sec.gov/Archives/edgar/data/0000883241/000159437617000010/xslF345X03/edgardoc.xml"}, {"form_type": "4", "filings_date": "2017-03-02", "url": "https://www.sec.gov/Archives/edgar/data/0000883241/000159437617000008/xslF345X03/edgardoc.xml"}, {"form_type": "4", "filings_date": "2017-03-02", "url": "https://www.sec.gov/Archives/edgar/data/0000883241/000159437617000006/xslF345X03/edgardoc.xml"}, {"form_type": "4", "filings_date": "2017-03-02", "url": "https://www.sec.gov/Archives/edgar/data/0000883241/000159437617000004/xslF345X03/edgardoc.xml"}, {"form_type": "4", "filings_date": "2017-03-02", "url": "https://www.sec.gov/Archives/edgar/data/0000883241/000159437617000002/xslF345X03/edgardoc.xml"}, {"form_type": "4", "filings_date": "2017-02-28", "url": "https://www.sec.gov/Archives/edgar/data/0000883241/000119971917000022/xslF345X03/edgardoc.xml"}, {"form_type": "4", "filings_date": "2017-02-23", "url": "https://www.sec.gov/Archives/edgar/data/0000883241/000119971917000020/xslF345X03/edgardoc.xml"}, {"form_type": "4", "filings_date": "2017-02-23", "url": "https://www.sec.gov/Archives/edgar/data/0000883241/000119971917000019/xslF345X03/edgardoc.xml"}, {"form_type": "8-K", "filings_date": "2017-02-23", "url": "https://www.sec.gov/Archives/edgar/data/0000883241/000119312517054068/d303267d8k.htm"}, {"form_type": "4", "filings_date": "2017-02-22", "url": "https://www.sec.gov/Archives/edgar/data/0000883241/000119971917000015/xslF345X03/edgardoc.xml"}, {"form_type": "4", "filings_date": "2017-02-21", "url": "https://www.sec.gov/Archives/edgar/data/0000883241/000119971917000013/xslF345X03/edgardoc.xml"}, {"form_type": "4", "filings_date": "2017-02-21", "url": "https://www.sec.gov/Archives/edgar/data/0000883241/000119971917000012/xslF345X03/edgardoc.xml"}, {"form_type": "4", "filings_date": "2017-02-21", "url": "https://www.sec.gov/Archives/edgar/data/0000883241/000119971917000011/xslF345X03/edgardoc.xml"}, {"form_type": "DEFA14A", "filings_date": "2017-02-17", "url": "https://www.sec.gov/Archives/edgar/data/0000883241/000119312517048094/d351514ddefa14a.htm"}, {"form_type": "DEF 14A", "filings_date": "2017-02-17", "url": "https://www.sec.gov/Archives/edgar/data/0000883241/000119312517048088/d308693ddef14a.htm"}, {"form_type": "10-Q", "filings_date": "2017-02-17", "url": "https://www.sec.gov/Archives/edgar/data/0000883241/000088324117000003/a013117snps10-q.htm"}, {"form_type": "4", "filings_date": "2017-02-16", "url": "https://www.sec.gov/Archives/edgar/data/0000883241/000119971917000007/xslF345X03/edgardoc.xml"}, {"form_type": "3", "filings_date": "2017-02-16", "url": "https://www.sec.gov/Archives/edgar/data/0000883241/000119971917000006/xslF345X02/edgardoc.xml"}, {"form_type": "8-K", "filings_date": "2017-02-15", "url": "https://www.sec.gov/Archives/edgar/data/0000883241/000119312517045296/d321310d8k.htm"}, {"form_type": "SC 13G/A", "filings_date": "2017-02-14", "url": "https://www.sec.gov/Archives/edgar/data/0000883241/000119312517043473/d344518dsc13ga.htm"}, {"form_type": "SC 13G/A", "filings_date": "2017-02-10", "url": "https://www.sec.gov/Archives/edgar/data/0000883241/000119312517037569/d236112dsc13ga.htm"}, {"form_type": "SC 13G/A", "filings_date": "2017-02-10", "url": "https://www.sec.gov/Archives/edgar/data/0000883241/000093247117001057/synopsysinc.htm"}, {"form_type": "8-K", "filings_date": "2017-01-30", "url": "https://www.sec.gov/Archives/edgar/data/0000883241/000119312517023756/d339236d8k.htm"}, {"form_type": "SC 13G/A", "filings_date": "2017-01-17", "url": "https://www.sec.gov/Archives/edgar/data/0000883241/000021545717000920/synopsys.inc.txt"}, {"form_type": "S-8", "filings_date": "2017-01-12", "url": "https://www.sec.gov/Archives/edgar/data/0000883241/000119312517007976/d316056ds8.htm"}, {"form_type": "4", "filings_date": "2017-01-03", "url": "https://www.sec.gov/Archives/edgar/data/0000883241/000119971917000002/xslF345X03/edgardoc.xml"}]}