{"company": {"cik": "0001389067", "name": "TAUTACHROME INC.", "sic": "Services-Prepackaged Software", "state_incorp": "DE", "ticker": "TTCM", "mailing_addr": "1846 E. INNOVATION PARK DRIVE, ORO VALLEY, AZ, 85755", "category": "Non-accelerated filer<br>Smaller reporting company", "fiscal_year_end": "31, December"}, "filings": [{"form_type": "8-K", "filings_date": "2022-02-23", "url": "https://www.sec.gov/Archives/edgar/data/0001389067/000147793222001025/ttcm_8k.htm"}, {"form_type": "4", "filings_date": "2021-12-29", "url": "https://www.sec.gov/Archives/edgar/data/0001389067/000147793221009542/xslF345X03/form4.xml"}, {"form_type": "8-K", "filings_date": "2021-12-29", "url": "https://www.sec.gov/Archives/edgar/data/0001389067/000147793221009534/ttcm_8k.htm"}, {"form_type": "8-K", "filings_date": "2021-12-13", "url": "https://www.sec.gov/Archives/edgar/data/0001389067/000147793221009183/ttcm_8k.htm"}, {"form_type": "10-Q", "filings_date": "2021-11-17", "url": "https://www.sec.gov/Archives/edgar/data/0001389067/000147793221008474/ttcm_10q.htm"}, {"form_type": "NT 10-Q", "filings_date": "2021-11-15", "url": "https://www.sec.gov/Archives/edgar/data/0001389067/000147793221008226/ttcm_nt10q.htm"}, {"form_type": "8-K", "filings_date": "2021-10-12", "url": "https://www.sec.gov/Archives/edgar/data/0001389067/000147793221007122/ttcm_8k.htm"}, {"form_type": "8-K", "filings_date": "2021-09-21", "url": "https://www.sec.gov/Archives/edgar/data/0001389067/000147793221006495/ttcm_8k.htm"}, {"form_type": "8-K", "filings_date": "2021-08-23", "url": "https://www.sec.gov/Archives/edgar/data/0001389067/000147793221005909/ttcm_8k.htm"}, {"form_type": "10-Q", "filings_date": "2021-08-13", "url": "https://www.sec.gov/Archives/edgar/data/0001389067/000147793221005412/ttcm_10q.htm"}, {"form_type": "10-Q", "filings_date": "2021-05-17", "url": "https://www.sec.gov/Archives/edgar/data/0001389067/000147793221003177/ttcm_10q.htm"}, {"form_type": "8-K", "filings_date": "2021-04-19", "url": "https://www.sec.gov/Archives/edgar/data/0001389067/000147793221002473/ttcm_8k.htm"}, {"form_type": "10-K", "filings_date": "2021-03-30", "url": "https://www.sec.gov/Archives/edgar/data/0001389067/000147793221001762/ttcm_10k.htm"}, {"form_type": "8-K", "filings_date": "2020-12-21", "url": "https://www.sec.gov/Archives/edgar/data/0001389067/000147793220007405/ttcm_8k.htm"}, {"form_type": "8-K/A", "filings_date": "2020-11-23", "url": "https://www.sec.gov/Archives/edgar/data/0001389067/000147793220006823/ttcm_8ka.htm"}, {"form_type": "8-K", "filings_date": "2020-11-20", "url": "https://www.sec.gov/Archives/edgar/data/0001389067/000147793220006820/ttcm_8k.htm"}, {"form_type": "10-Q", "filings_date": "2020-11-13", "url": "https://www.sec.gov/Archives/edgar/data/0001389067/000147793220006529/ttcm_10q.htm"}, {"form_type": "8-K", "filings_date": "2020-10-01", "url": "https://www.sec.gov/Archives/edgar/data/0001389067/000147793220005684/ttcm_8k.htm"}, {"form_type": "8-K", "filings_date": "2020-08-31", "url": "https://www.sec.gov/Archives/edgar/data/0001389067/000147793220005244/ttcm_8k.htm"}, {"form_type": "8-K", "filings_date": "2020-08-26", "url": "https://www.sec.gov/Archives/edgar/data/0001389067/000147793220005181/ttcm_8k.htm"}, {"form_type": "10-Q", "filings_date": "2020-08-12", "url": "https://www.sec.gov/Archives/edgar/data/0001389067/000147793220004757/ttcm_10q.htm"}, {"form_type": "3", "filings_date": "2020-07-23", "url": "https://www.sec.gov/Archives/edgar/data/0001389067/000147793220004181/xslF345X02/form3.xml"}, {"form_type": "D", "filings_date": "2020-06-08", "url": "https://www.sec.gov/Archives/edgar/data/0001389067/000155399720000008/xslFormDX01/primary_doc.xml"}, {"form_type": "10-Q", "filings_date": "2020-05-12", "url": "https://www.sec.gov/Archives/edgar/data/0001389067/000147793220002537/ttcm_10q.htm"}, {"form_type": "8-K", "filings_date": "2020-05-08", "url": "https://www.sec.gov/Archives/edgar/data/0001389067/000147793220002476/ttcm_8k.htm"}, {"form_type": "10-K", "filings_date": "2020-03-30", "url": "https://www.sec.gov/Archives/edgar/data/0001389067/000147793220001617/ttcm_10k.htm"}, {"form_type": "8-K", "filings_date": "2020-01-17", "url": "https://www.sec.gov/Archives/edgar/data/0001389067/000147793220000269/ttcm_8k.htm"}, {"form_type": "3", "filings_date": "2019-11-08", "url": "https://www.sec.gov/Archives/edgar/data/0001389067/000155399719000030/xslF345X02/primary_doc.xml"}, {"form_type": "10-Q", "filings_date": "2019-11-08", "url": "https://www.sec.gov/Archives/edgar/data/0001389067/000147793219006260/ttcm_10q.htm"}, {"form_type": "8-K", "filings_date": "2019-10-10", "url": "https://www.sec.gov/Archives/edgar/data/0001389067/000147793219005815/ttcm_8k.htm"}, {"form_type": "10-Q", "filings_date": "2019-08-09", "url": "https://www.sec.gov/Archives/edgar/data/0001389067/000147793219004627/ttcm_10q.htm"}, {"form_type": "D", "filings_date": "2019-08-06", "url": "https://www.sec.gov/Archives/edgar/data/0001389067/000147793219004545/xslFormDX01/primary_doc.xml"}, {"form_type": "4", "filings_date": "2019-07-26", "url": "https://www.sec.gov/Archives/edgar/data/0001389067/000147793219004331/xslF345X03/form4.xml"}, {"form_type": "D/A", "filings_date": "2019-07-26", "url": "https://www.sec.gov/Archives/edgar/data/0001389067/000155399719000015/xslFormDX01/primary_doc.xml"}, {"form_type": "D", "filings_date": "2019-07-24", "url": "https://www.sec.gov/Archives/edgar/data/0001389067/000168316819002344/xslFormDX01/primary_doc.xml"}, {"form_type": "10-Q", "filings_date": "2019-05-22", "url": "https://www.sec.gov/Archives/edgar/data/0001389067/000147793219003090/ttcm_10q.htm"}, {"form_type": "NT 10-Q", "filings_date": "2019-05-15", "url": "https://www.sec.gov/Archives/edgar/data/0001389067/000147793219002763/ttcm_nt10q.htm"}, {"form_type": "SC 13G", "filings_date": "2019-05-07", "url": "https://www.sec.gov/Archives/edgar/data/0001389067/000107878219000400/13g050719_sc13g.htm"}, {"form_type": "10-K/A", "filings_date": "2019-04-19", "url": "https://www.sec.gov/Archives/edgar/data/0001389067/000147793219001856/ttcm_10ka.htm"}, {"form_type": "10-K", "filings_date": "2019-04-16", "url": "https://www.sec.gov/Archives/edgar/data/0001389067/000147793219001766/ttcm_10k.htm"}, {"form_type": "NT 10-K", "filings_date": "2019-04-01", "url": "https://www.sec.gov/Archives/edgar/data/0001389067/000147793219001313/ttcm_nt10k.htm"}, {"form_type": "8-K", "filings_date": "2019-03-21", "url": "https://www.sec.gov/Archives/edgar/data/0001389067/000147793219001080/ttcm_8k.htm"}, {"form_type": "8-K", "filings_date": "2019-01-11", "url": "https://www.sec.gov/Archives/edgar/data/0001389067/000147793219000086/ttcm_8k.htm"}, {"form_type": "10-Q", "filings_date": "2018-11-14", "url": "https://www.sec.gov/Archives/edgar/data/0001389067/000147793218005502/ttcm_10q.htm"}, {"form_type": "10-Q", "filings_date": "2018-07-30", "url": "https://www.sec.gov/Archives/edgar/data/0001389067/000147793218003700/ttcm_10q.htm"}, {"form_type": "10-Q", "filings_date": "2018-05-11", "url": "https://www.sec.gov/Archives/edgar/data/0001389067/000147793218002323/ttcm_10q.htm"}, {"form_type": "8-K", "filings_date": "2018-04-24", "url": "https://www.sec.gov/Archives/edgar/data/0001389067/000147793218002012/ttcm_8k.htm"}, {"form_type": "10-K", "filings_date": "2018-04-02", "url": "https://www.sec.gov/Archives/edgar/data/0001389067/000147793218001556/ttcm_10k.htm"}, {"form_type": "8-K/A", "filings_date": "2018-03-21", "url": "https://www.sec.gov/Archives/edgar/data/0001389067/000147793218001378/ttcm_8ka.htm"}, {"form_type": "8-K", "filings_date": "2018-02-15", "url": "https://www.sec.gov/Archives/edgar/data/0001389067/000147793218000867/ttcm_8k.htm"}, {"form_type": "8-K", "filings_date": "2018-01-12", "url": "https://www.sec.gov/Archives/edgar/data/0001389067/000147793218000168/ttcm_8k.htm"}, {"form_type": "8-K", "filings_date": "2018-01-09", "url": "https://www.sec.gov/Archives/edgar/data/0001389067/000147793218000112/ttcm_8k.htm"}, {"form_type": "8-K", "filings_date": "2017-12-19", "url": "https://www.sec.gov/Archives/edgar/data/0001389067/000147793217006155/ttcm_8k.htm"}, {"form_type": "8-K", "filings_date": "2017-11-06", "url": "https://www.sec.gov/Archives/edgar/data/0001389067/000147793217005376/ttcm_8k.htm"}, {"form_type": "10-Q", "filings_date": "2017-11-03", "url": "https://www.sec.gov/Archives/edgar/data/0001389067/000147793217005363/ttcm_10q.htm"}, {"form_type": "8-K", "filings_date": "2017-10-24", "url": "https://www.sec.gov/Archives/edgar/data/0001389067/000147793217005198/ttcm_8k.htm"}, {"form_type": "8-K", "filings_date": "2017-09-26", "url": "https://www.sec.gov/Archives/edgar/data/0001389067/000147793217004722/ttcm_8k.htm"}, {"form_type": "8-K", "filings_date": "2017-09-25", "url": "https://www.sec.gov/Archives/edgar/data/0001389067/000147793217004700/ttcm_8k.htm"}, {"form_type": "8-K", "filings_date": "2017-08-31", "url": "https://www.sec.gov/Archives/edgar/data/0001389067/000147793217004276/ttcm_8k.htm"}, {"form_type": "10-Q", "filings_date": "2017-08-11", "url": "https://www.sec.gov/Archives/edgar/data/0001389067/000147793217003830/ttcm_10q.htm"}, {"form_type": "8-K", "filings_date": "2017-07-18", "url": "https://www.sec.gov/Archives/edgar/data/0001389067/000147793217003396/ttcm_8k.htm"}, {"form_type": "10-Q", "filings_date": "2017-05-11", "url": "https://www.sec.gov/Archives/edgar/data/0001389067/000147793217002160/ttcm_10q.htm"}, {"form_type": "10-K/A", "filings_date": "2017-04-19", "url": "https://www.sec.gov/Archives/edgar/data/0001389067/000147793217001828/ttcm_10ka.htm"}, {"form_type": "10-K", "filings_date": "2017-04-17", "url": "https://www.sec.gov/Archives/edgar/data/0001389067/000147793217001802/ttcm_10k.htm"}, {"form_type": "NT 10-K", "filings_date": "2017-03-30", "url": "https://www.sec.gov/Archives/edgar/data/0001389067/000147793217001390/ttcm_nt10k.htm"}, {"form_type": "8-K", "filings_date": "2017-01-04", "url": "https://www.sec.gov/Archives/edgar/data/0001389067/000147793217000029/ttcm_8k.htm"}]}