{"company": {"cik": "0001474439", "name": "Telenav, Inc.", "sic": "Search, Detection, Navigation, Guidance, Aeronautical Sys", "state_incorp": "DE", "ticker": "", "mailing_addr": "4655 GREAT AMERICA PARKWAY, SANTA CLARA, CA, 95054", "category": "", "fiscal_year_end": "30, June"}, "filings": [{"form_type": "15-12B", "filings_date": "2021-03-01", "url": "https://www.sec.gov/Archives/edgar/data/0001474439/000119312521063892/d40572d1512b.htm"}, {"form_type": "EFFECT", "filings_date": "2021-02-19", "url": "https://www.sec.gov/Archives/edgar/data/0001474439/999999999521000690/xslEFFECTX01/primary_doc.xml"}, {"form_type": "4", "filings_date": "2021-02-19", "url": "https://www.sec.gov/Archives/edgar/data/0001474439/000121465921002112/xslF345X03/marketforms-51528.xml"}, {"form_type": "4", "filings_date": "2021-02-19", "url": "https://www.sec.gov/Archives/edgar/data/0001474439/000121465921002109/xslF345X03/marketforms-51525.xml"}, {"form_type": "4", "filings_date": "2021-02-19", "url": "https://www.sec.gov/Archives/edgar/data/0001474439/000121465921002108/xslF345X03/marketforms-51527.xml"}, {"form_type": "4", "filings_date": "2021-02-19", "url": "https://www.sec.gov/Archives/edgar/data/0001474439/000121465921002107/xslF345X03/marketforms-51520.xml"}, {"form_type": "4", "filings_date": "2021-02-19", "url": "https://www.sec.gov/Archives/edgar/data/0001474439/000121465921002106/xslF345X03/marketforms-51524.xml"}, {"form_type": "4", "filings_date": "2021-02-19", "url": "https://www.sec.gov/Archives/edgar/data/0001474439/000121465921002104/xslF345X03/marketforms-51521.xml"}, {"form_type": "4", "filings_date": "2021-02-19", "url": "https://www.sec.gov/Archives/edgar/data/0001474439/000121465921002103/xslF345X03/marketforms-51526.xml"}, {"form_type": "4", "filings_date": "2021-02-19", "url": "https://www.sec.gov/Archives/edgar/data/0001474439/000121465921002102/xslF345X03/marketforms-51523.xml"}, {"form_type": "4", "filings_date": "2021-02-19", "url": "https://www.sec.gov/Archives/edgar/data/0001474439/000121465921002101/xslF345X03/marketforms-51522.xml"}, {"form_type": "4", "filings_date": "2021-02-19", "url": "https://www.sec.gov/Archives/edgar/data/0001474439/000121465921002100/xslF345X03/marketforms-51530.xml"}, {"form_type": "SC 13E3/A", "filings_date": "2021-02-18", "url": "https://www.sec.gov/Archives/edgar/data/0001474439/000119312521047405/d143127dsc13e3a.htm"}, {"form_type": "SC 13D/A", "filings_date": "2021-02-18", "url": "https://www.sec.gov/Archives/edgar/data/0001474439/000119312521047395/d138838dsc13da.htm"}, {"form_type": "POS AM", "filings_date": "2021-02-17", "url": "https://www.sec.gov/Archives/edgar/data/0001474439/000119312521046526/d38868dposam.htm"}, {"form_type": "S-8 POS", "filings_date": "2021-02-17", "url": "https://www.sec.gov/Archives/edgar/data/0001474439/000119312521046503/d81611ds8pos.htm"}, {"form_type": "S-8 POS", "filings_date": "2021-02-17", "url": "https://www.sec.gov/Archives/edgar/data/0001474439/000119312521046500/d81611ds8pos.htm"}, {"form_type": "S-8 POS", "filings_date": "2021-02-17", "url": "https://www.sec.gov/Archives/edgar/data/0001474439/000119312521046495/d81611ds8pos.htm"}, {"form_type": "S-8 POS", "filings_date": "2021-02-17", "url": "https://www.sec.gov/Archives/edgar/data/0001474439/000119312521046489/d81611ds8pos.htm"}, {"form_type": "S-8 POS", "filings_date": "2021-02-17", "url": "https://www.sec.gov/Archives/edgar/data/0001474439/000119312521046484/d81611ds8pos.htm"}, {"form_type": "S-8 POS", "filings_date": "2021-02-17", "url": "https://www.sec.gov/Archives/edgar/data/0001474439/000119312521046481/d81611ds8pos.htm"}, {"form_type": "S-8 POS", "filings_date": "2021-02-17", "url": "https://www.sec.gov/Archives/edgar/data/0001474439/000119312521046482/d81611ds8pos.htm"}, {"form_type": "S-8 POS", "filings_date": "2021-02-17", "url": "https://www.sec.gov/Archives/edgar/data/0001474439/000119312521046480/d81611ds8pos.htm"}, {"form_type": "S-8 POS", "filings_date": "2021-02-17", "url": "https://www.sec.gov/Archives/edgar/data/0001474439/000119312521046478/d81611ds8pos.htm"}, {"form_type": "S-8 POS", "filings_date": "2021-02-17", "url": "https://www.sec.gov/Archives/edgar/data/0001474439/000119312521046476/d81611ds8pos.htm"}, {"form_type": "S-8 POS", "filings_date": "2021-02-17", "url": "https://www.sec.gov/Archives/edgar/data/0001474439/000119312521046474/d81611ds8pos.htm"}, {"form_type": "S-8 POS", "filings_date": "2021-02-17", "url": "https://www.sec.gov/Archives/edgar/data/0001474439/000119312521046473/d81611ds8pos.htm"}, {"form_type": "S-8 POS", "filings_date": "2021-02-17", "url": "https://www.sec.gov/Archives/edgar/data/0001474439/000119312521046469/d81611ds8pos.htm"}, {"form_type": "8-K", "filings_date": "2021-02-17", "url": "https://www.sec.gov/Archives/edgar/data/0001474439/000119312521046459/d109547d8k.htm"}, {"form_type": "25-NSE", "filings_date": "2021-02-17", "url": "https://www.sec.gov/Archives/edgar/data/0001474439/000135445721000237/xslF25X02/primary_doc.xml"}, {"form_type": "8-K", "filings_date": "2021-02-17", "url": "https://www.sec.gov/Archives/edgar/data/0001474439/000119312521045720/d137419d8k.htm"}, {"form_type": "SC 13G/A", "filings_date": "2021-02-16", "url": "https://www.sec.gov/Archives/edgar/data/0001474439/000164572121000005/tnav_13gv4.htm"}, {"form_type": "SC 13G/A", "filings_date": "2021-02-12", "url": "https://www.sec.gov/Archives/edgar/data/0001474439/000101143821000091/form_sc13ga-telenav.htm"}, {"form_type": "8-K", "filings_date": "2021-02-08", "url": "https://www.sec.gov/Archives/edgar/data/0001474439/000119312521032319/d108048d8k.htm"}, {"form_type": "10-Q", "filings_date": "2021-02-05", "url": "https://www.sec.gov/Archives/edgar/data/0001474439/000147443921000006/tnav-20201231.htm"}, {"form_type": "8-K", "filings_date": "2021-02-05", "url": "https://www.sec.gov/Archives/edgar/data/0001474439/000147443921000004/tnav-20210205.htm"}, {"form_type": "SC 13G", "filings_date": "2021-02-02", "url": "https://www.sec.gov/Archives/edgar/data/0001474439/000083423721006880/us8794551031_020221.txt"}, {"form_type": "SC 13G", "filings_date": "2021-01-28", "url": "https://www.sec.gov/Archives/edgar/data/0001474439/000090514821000097/efc21-098_sc13g.htm"}, {"form_type": "DEFA14A", "filings_date": "2021-01-14", "url": "https://www.sec.gov/Archives/edgar/data/0001474439/000119312521009062/d58972ddefa14a.htm"}, {"form_type": "DEFA14A", "filings_date": "2021-01-13", "url": "https://www.sec.gov/Archives/edgar/data/0001474439/000119312521008235/d55943ddefa14a.htm"}, {"form_type": "CORRESP", "filings_date": "2021-01-08", "url": "https://www.sec.gov/Archives/edgar/data/0001474439/000119312521005144/filename1.htm"}, {"form_type": "SC 13E3/A", "filings_date": "2021-01-08", "url": "https://www.sec.gov/Archives/edgar/data/0001474439/000119312521004928/d20002dsc13e3a.htm"}, {"form_type": "DEFM14A", "filings_date": "2021-01-08", "url": "https://www.sec.gov/Archives/edgar/data/0001474439/000119312521004630/d97197ddefm14a.htm"}, {"form_type": "CORRESP", "filings_date": "2020-12-31", "url": "https://www.sec.gov/Archives/edgar/data/0001474439/000119312520330241/filename1.htm"}, {"form_type": "PRER14A", "filings_date": "2020-12-31", "url": "https://www.sec.gov/Archives/edgar/data/0001474439/000119312520330236/d97197dprer14a.htm"}, {"form_type": "UPLOAD", "filings_date": "2020-12-29", "url": "https://www.sec.gov/Archives/edgar/data/0001474439/000000000020012504/filename1.pdf"}, {"form_type": "SC 13D/A", "filings_date": "2020-12-22", "url": "https://www.sec.gov/Archives/edgar/data/0001474439/000119312520324680/d100801dsc13da.htm"}, {"form_type": "SC 13E3", "filings_date": "2020-12-21", "url": "https://www.sec.gov/Archives/edgar/data/0001474439/000119312520321754/d69306dsc13e3.htm"}, {"form_type": "PREM14A", "filings_date": "2020-12-18", "url": "https://www.sec.gov/Archives/edgar/data/0001474439/000119312520321699/d97197dprem14a.htm"}, {"form_type": "DEFA14A", "filings_date": "2020-12-18", "url": "https://www.sec.gov/Archives/edgar/data/0001474439/000119312520321631/d81393ddefa14a.htm"}, {"form_type": "8-K", "filings_date": "2020-12-18", "url": "https://www.sec.gov/Archives/edgar/data/0001474439/000119312520321615/d81393d8k.htm"}, {"form_type": "4", "filings_date": "2020-12-11", "url": "https://www.sec.gov/Archives/edgar/data/0001474439/000121465920010377/xslF345X03/marketforms-50615.xml"}, {"form_type": "4", "filings_date": "2020-12-03", "url": "https://www.sec.gov/Archives/edgar/data/0001474439/000121465920010172/xslF345X03/marketforms-50515.xml"}, {"form_type": "4", "filings_date": "2020-12-03", "url": "https://www.sec.gov/Archives/edgar/data/0001474439/000121465920010171/xslF345X03/marketforms-50350.xml"}, {"form_type": "4", "filings_date": "2020-12-03", "url": "https://www.sec.gov/Archives/edgar/data/0001474439/000121465920010170/xslF345X03/marketforms-50516.xml"}, {"form_type": "4", "filings_date": "2020-12-03", "url": "https://www.sec.gov/Archives/edgar/data/0001474439/000121465920010168/xslF345X03/marketforms-50514.xml"}, {"form_type": "4", "filings_date": "2020-12-03", "url": "https://www.sec.gov/Archives/edgar/data/0001474439/000121465920010167/xslF345X03/marketforms-50513.xml"}, {"form_type": "4", "filings_date": "2020-12-03", "url": "https://www.sec.gov/Archives/edgar/data/0001474439/000121465920010166/xslF345X03/marketforms-50512.xml"}, {"form_type": "DEFA14A", "filings_date": "2020-12-03", "url": "https://www.sec.gov/Archives/edgar/data/0001474439/000119312520309672/d25710ddefa14a.htm"}, {"form_type": "8-K", "filings_date": "2020-12-03", "url": "https://www.sec.gov/Archives/edgar/data/0001474439/000119312520309665/d25710d8k.htm"}, {"form_type": "DEFA14A", "filings_date": "2020-12-03", "url": "https://www.sec.gov/Archives/edgar/data/0001474439/000119312520309662/d90643ddefa14a.htm"}, {"form_type": "4", "filings_date": "2020-11-23", "url": "https://www.sec.gov/Archives/edgar/data/0001474439/000121465920009821/xslF345X03/marketforms-50166.xml"}, {"form_type": "4", "filings_date": "2020-11-20", "url": "https://www.sec.gov/Archives/edgar/data/0001474439/000121465920009809/xslF345X03/marketforms-50165.xml"}, {"form_type": "4", "filings_date": "2020-11-20", "url": "https://www.sec.gov/Archives/edgar/data/0001474439/000121465920009806/xslF345X03/marketforms-50168.xml"}, {"form_type": "4", "filings_date": "2020-11-20", "url": "https://www.sec.gov/Archives/edgar/data/0001474439/000121465920009805/xslF345X03/marketforms-50167.xml"}, {"form_type": "4", "filings_date": "2020-11-20", "url": "https://www.sec.gov/Archives/edgar/data/0001474439/000121465920009804/xslF345X03/marketforms-50169.xml"}, {"form_type": "SC 13D", "filings_date": "2020-11-12", "url": "https://www.sec.gov/Archives/edgar/data/0001474439/000119312520290463/d30418dsc13d.htm"}, {"form_type": "10-Q", "filings_date": "2020-11-05", "url": "https://www.sec.gov/Archives/edgar/data/0001474439/000147443920000039/tnav-20200930.htm"}, {"form_type": "DEFA14A", "filings_date": "2020-11-03", "url": "https://www.sec.gov/Archives/edgar/data/0001474439/000119312520284438/d61849ddefa14a.htm"}, {"form_type": "DEFA14A", "filings_date": "2020-11-03", "url": "https://www.sec.gov/Archives/edgar/data/0001474439/000119312520284427/d50981ddefa14a.htm"}, {"form_type": "8-K", "filings_date": "2020-11-03", "url": "https://www.sec.gov/Archives/edgar/data/0001474439/000119312520284422/d50981d8k.htm"}, {"form_type": "10-K/A", "filings_date": "2020-10-26", "url": "https://www.sec.gov/Archives/edgar/data/0001474439/000119312520275675/d20682d10ka.htm"}, {"form_type": "4", "filings_date": "2020-10-13", "url": "https://www.sec.gov/Archives/edgar/data/0001474439/000121465920008582/xslF345X03/marketforms-49843.xml"}, {"form_type": "4", "filings_date": "2020-10-13", "url": "https://www.sec.gov/Archives/edgar/data/0001474439/000121465920008581/xslF345X03/marketforms-49842.xml"}, {"form_type": "4", "filings_date": "2020-10-13", "url": "https://www.sec.gov/Archives/edgar/data/0001474439/000121465920008580/xslF345X03/marketforms-49845.xml"}, {"form_type": "8-K", "filings_date": "2020-10-06", "url": "https://www.sec.gov/Archives/edgar/data/0001474439/000147443920000034/tnav-20200930.htm"}, {"form_type": "SC 13D", "filings_date": "2020-10-05", "url": "https://www.sec.gov/Archives/edgar/data/0001474439/000119312520262747/d20773dsc13d.htm"}, {"form_type": "DEFA14A", "filings_date": "2020-10-02", "url": "https://www.sec.gov/Archives/edgar/data/0001474439/000119312520262043/d27651ddefa14a.htm"}, {"form_type": "8-K", "filings_date": "2020-10-02", "url": "https://www.sec.gov/Archives/edgar/data/0001474439/000119312520261851/d22944d8k.htm"}, {"form_type": "SC 13D/A", "filings_date": "2020-10-02", "url": "https://www.sec.gov/Archives/edgar/data/0001474439/000119312520261639/d45212dsc13da.htm"}, {"form_type": "8-K", "filings_date": "2020-09-29", "url": "https://www.sec.gov/Archives/edgar/data/0001474439/000147443920000031/tnav-20200929.htm"}, {"form_type": "4", "filings_date": "2020-09-25", "url": "https://www.sec.gov/Archives/edgar/data/0001474439/000121465920008123/xslF345X03/marketforms-49761.xml"}, {"form_type": "4", "filings_date": "2020-09-25", "url": "https://www.sec.gov/Archives/edgar/data/0001474439/000121465920008122/xslF345X03/marketforms-49760.xml"}, {"form_type": "4", "filings_date": "2020-09-25", "url": "https://www.sec.gov/Archives/edgar/data/0001474439/000121465920008121/xslF345X03/marketforms-49757.xml"}, {"form_type": "4", "filings_date": "2020-09-25", "url": "https://www.sec.gov/Archives/edgar/data/0001474439/000121465920008120/xslF345X03/marketforms-49759.xml"}, {"form_type": "4", "filings_date": "2020-09-25", "url": "https://www.sec.gov/Archives/edgar/data/0001474439/000121465920008119/xslF345X03/marketforms-49758.xml"}, {"form_type": "4", "filings_date": "2020-09-11", "url": "https://www.sec.gov/Archives/edgar/data/0001474439/000121465920007817/xslF345X03/marketforms-49669.xml"}, {"form_type": "4", "filings_date": "2020-09-11", "url": "https://www.sec.gov/Archives/edgar/data/0001474439/000121465920007807/xslF345X03/marketforms-49666.xml"}, {"form_type": "4", "filings_date": "2020-09-11", "url": "https://www.sec.gov/Archives/edgar/data/0001474439/000121465920007806/xslF345X03/marketforms-49501.xml"}, {"form_type": "10-K", "filings_date": "2020-08-21", "url": "https://www.sec.gov/Archives/edgar/data/0001474439/000147443920000029/tnav630202010k.htm"}, {"form_type": "EFFECT", "filings_date": "2020-08-14", "url": "https://www.sec.gov/Archives/edgar/data/0001474439/999999999520002153/xslEFFECTX01/primary_doc.xml"}, {"form_type": "4", "filings_date": "2020-08-12", "url": "https://www.sec.gov/Archives/edgar/data/0001474439/000121465920007008/xslF345X03/marketforms-49437.xml"}, {"form_type": "4", "filings_date": "2020-08-12", "url": "https://www.sec.gov/Archives/edgar/data/0001474439/000121465920007007/xslF345X03/marketforms-49438.xml"}, {"form_type": "4", "filings_date": "2020-08-12", "url": "https://www.sec.gov/Archives/edgar/data/0001474439/000121465920007006/xslF345X03/marketforms-49446.xml"}, {"form_type": "4", "filings_date": "2020-08-12", "url": "https://www.sec.gov/Archives/edgar/data/0001474439/000121465920007005/xslF345X03/marketforms-49447.xml"}, {"form_type": "8-K", "filings_date": "2020-08-12", "url": "https://www.sec.gov/Archives/edgar/data/0001474439/000147443920000026/tnav63020208-k.htm"}, {"form_type": "CORRESP", "filings_date": "2020-08-12", "url": "https://www.sec.gov/Archives/edgar/data/0001474439/000119312520217618/filename1.htm"}, {"form_type": "UPLOAD", "filings_date": "2020-08-05", "url": "https://www.sec.gov/Archives/edgar/data/0001474439/000000000020007161/filename1.pdf"}, {"form_type": "S-3", "filings_date": "2020-07-31", "url": "https://www.sec.gov/Archives/edgar/data/0001474439/000119312520206631/d120773ds3.htm"}, {"form_type": "4", "filings_date": "2020-07-13", "url": "https://www.sec.gov/Archives/edgar/data/0001474439/000121465920006281/xslF345X03/marketforms-49212.xml"}, {"form_type": "4", "filings_date": "2020-07-02", "url": "https://www.sec.gov/Archives/edgar/data/0001474439/000089924320018345/xslF345X03/doc4.xml"}, {"form_type": "SC 13G", "filings_date": "2020-07-02", "url": "https://www.sec.gov/Archives/edgar/data/0001474439/000101143820000154/form_sc13g-telenav.htm"}, {"form_type": "4", "filings_date": "2020-06-12", "url": "https://www.sec.gov/Archives/edgar/data/0001474439/000121465920005563/xslF345X03/marketforms-49022.xml"}, {"form_type": "10-Q", "filings_date": "2020-05-08", "url": "https://www.sec.gov/Archives/edgar/data/0001474439/000147443920000023/tnav331202010q.htm"}, {"form_type": "8-K", "filings_date": "2020-05-07", "url": "https://www.sec.gov/Archives/edgar/data/0001474439/000147443920000021/tnav33120208-k.htm"}, {"form_type": "8-K", "filings_date": "2020-04-07", "url": "https://www.sec.gov/Archives/edgar/data/0001474439/000119312520100450/d902923d8k.htm"}, {"form_type": "SC 13D", "filings_date": "2020-03-06", "url": "https://www.sec.gov/Archives/edgar/data/0001474439/000119312520065215/d900066dsc13d.htm"}, {"form_type": "4", "filings_date": "2020-03-04", "url": "https://www.sec.gov/Archives/edgar/data/0001474439/000121465920002263/xslF345X03/marketforms-48130.xml"}, {"form_type": "4/A", "filings_date": "2020-03-04", "url": "https://www.sec.gov/Archives/edgar/data/0001474439/000121465920002262/xslF345X03/marketforms-48129.xml"}, {"form_type": "4", "filings_date": "2020-02-28", "url": "https://www.sec.gov/Archives/edgar/data/0001474439/000121465920002003/xslF345X03/marketforms-47989.xml"}, {"form_type": "4", "filings_date": "2020-02-28", "url": "https://www.sec.gov/Archives/edgar/data/0001474439/000121465920002002/xslF345X03/marketforms-47990.xml"}, {"form_type": "8-K", "filings_date": "2020-02-28", "url": "https://www.sec.gov/Archives/edgar/data/0001474439/000119312520056206/d871766d8k.htm"}, {"form_type": "SC 13G/A", "filings_date": "2020-02-14", "url": "https://www.sec.gov/Archives/edgar/data/0001474439/000164572120000007/tnav_13gv5.htm"}, {"form_type": "8-K", "filings_date": "2020-02-13", "url": "https://www.sec.gov/Archives/edgar/data/0001474439/000119312520034369/d867250d8k.htm"}, {"form_type": "10-Q", "filings_date": "2020-02-13", "url": "https://www.sec.gov/Archives/edgar/data/0001474439/000147443920000017/tnav1231201910q.htm"}, {"form_type": "10-Q/A", "filings_date": "2020-02-13", "url": "https://www.sec.gov/Archives/edgar/data/0001474439/000147443920000016/tnav930201910qa.htm"}, {"form_type": "8-K/A", "filings_date": "2020-02-12", "url": "https://www.sec.gov/Archives/edgar/data/0001474439/000119312520031843/d858302d8ka.htm"}, {"form_type": "NT 10-Q", "filings_date": "2020-02-11", "url": "https://www.sec.gov/Archives/edgar/data/0001474439/000119312520031474/d869288dnt10q.htm"}, {"form_type": "SC 13G/A", "filings_date": "2020-02-11", "url": "https://www.sec.gov/Archives/edgar/data/0001474439/000119312520031278/d869910dsc13ga.htm"}, {"form_type": "8-K", "filings_date": "2020-02-06", "url": "https://www.sec.gov/Archives/edgar/data/0001474439/000147443920000012/tnav123120198-k.htm"}, {"form_type": "8-K", "filings_date": "2020-02-03", "url": "https://www.sec.gov/Archives/edgar/data/0001474439/000147443920000007/tnav13120208-k.htm"}, {"form_type": "8-K", "filings_date": "2020-01-10", "url": "https://www.sec.gov/Archives/edgar/data/0001474439/000147443920000004/tnav1920208-k.htm"}, {"form_type": "4", "filings_date": "2019-11-22", "url": "https://www.sec.gov/Archives/edgar/data/0001474439/000147746819000020/xslF345X03/wf-form4_157447105606043.xml"}, {"form_type": "4", "filings_date": "2019-11-22", "url": "https://www.sec.gov/Archives/edgar/data/0001474439/000139193519000004/xslF345X03/wf-form4_157447090012249.xml"}, {"form_type": "4", "filings_date": "2019-11-22", "url": "https://www.sec.gov/Archives/edgar/data/0001474439/000119305419000008/xslF345X03/wf-form4_157447031839245.xml"}, {"form_type": "4", "filings_date": "2019-11-22", "url": "https://www.sec.gov/Archives/edgar/data/0001474439/000153405019000007/xslF345X03/wf-form4_157447024586223.xml"}, {"form_type": "4", "filings_date": "2019-11-22", "url": "https://www.sec.gov/Archives/edgar/data/0001474439/000147558719000008/xslF345X03/wf-form4_157446988393635.xml"}, {"form_type": "4", "filings_date": "2019-11-22", "url": "https://www.sec.gov/Archives/edgar/data/0001474439/000147791919000005/xslF345X03/wf-form4_157446891942894.xml"}, {"form_type": "4", "filings_date": "2019-11-22", "url": "https://www.sec.gov/Archives/edgar/data/0001474439/000160742919000005/xslF345X03/wf-form4_157446970489259.xml"}, {"form_type": "4", "filings_date": "2019-11-20", "url": "https://www.sec.gov/Archives/edgar/data/0001474439/000147558719000005/xslF345X03/wf-form4_157429660989631.xml"}, {"form_type": "4", "filings_date": "2019-11-20", "url": "https://www.sec.gov/Archives/edgar/data/0001474439/000147763119000022/xslF345X03/wf-form4_157429636847098.xml"}, {"form_type": "8-K", "filings_date": "2019-11-20", "url": "https://www.sec.gov/Archives/edgar/data/0001474439/000147443919000063/tnav112020198-k.htm"}, {"form_type": "4", "filings_date": "2019-11-12", "url": "https://www.sec.gov/Archives/edgar/data/0001474439/000119305419000005/xslF345X03/wf-form4_157360674696577.xml"}, {"form_type": "4", "filings_date": "2019-11-12", "url": "https://www.sec.gov/Archives/edgar/data/0001474439/000147558719000003/xslF345X03/wf-form4_157360180329169.xml"}, {"form_type": "4", "filings_date": "2019-11-12", "url": "https://www.sec.gov/Archives/edgar/data/0001474439/000153405019000005/xslF345X03/wf-form4_157360141663858.xml"}, {"form_type": "4", "filings_date": "2019-11-12", "url": "https://www.sec.gov/Archives/edgar/data/0001474439/000160742919000002/xslF345X03/wf-form4_157360124342678.xml"}, {"form_type": "4", "filings_date": "2019-11-12", "url": "https://www.sec.gov/Archives/edgar/data/0001474439/000139193519000002/xslF345X03/wf-form4_157360106848513.xml"}, {"form_type": "4", "filings_date": "2019-11-12", "url": "https://www.sec.gov/Archives/edgar/data/0001474439/000147791919000002/xslF345X03/wf-form4_157360091809837.xml"}, {"form_type": "S-8", "filings_date": "2019-11-08", "url": "https://www.sec.gov/Archives/edgar/data/0001474439/000119312519288541/d800754ds8.htm"}, {"form_type": "10-Q", "filings_date": "2019-11-08", "url": "https://www.sec.gov/Archives/edgar/data/0001474439/000147443919000060/tnav930201910q.htm"}, {"form_type": "8-K", "filings_date": "2019-11-07", "url": "https://www.sec.gov/Archives/edgar/data/0001474439/000147443919000057/tnav93020198-k.htm"}, {"form_type": "DEFA14A", "filings_date": "2019-11-06", "url": "https://www.sec.gov/Archives/edgar/data/0001474439/000119312519285067/d828912ddefa14a.htm"}, {"form_type": "4", "filings_date": "2019-11-04", "url": "https://www.sec.gov/Archives/edgar/data/0001474439/000153405019000003/xslF345X03/wf-form4_157290835273910.xml"}, {"form_type": "4", "filings_date": "2019-10-15", "url": "https://www.sec.gov/Archives/edgar/data/0001474439/000169655519000026/xslF345X03/wf-form4_157118456006732.xml"}, {"form_type": "4", "filings_date": "2019-10-15", "url": "https://www.sec.gov/Archives/edgar/data/0001474439/000147754919000024/xslF345X03/wf-form4_157117988723500.xml"}, {"form_type": "4", "filings_date": "2019-10-15", "url": "https://www.sec.gov/Archives/edgar/data/0001474439/000147746819000018/xslF345X03/wf-form4_157117963632961.xml"}, {"form_type": "8-K", "filings_date": "2019-10-11", "url": "https://www.sec.gov/Archives/edgar/data/0001474439/000147443919000051/tnav101120198-k.htm"}, {"form_type": "DEFA14A", "filings_date": "2019-10-10", "url": "https://www.sec.gov/Archives/edgar/data/0001474439/000147443919000049/tnav2019proxyadditionalmat.htm"}, {"form_type": "DEF 14A", "filings_date": "2019-10-10", "url": "https://www.sec.gov/Archives/edgar/data/0001474439/000147443919000047/tnav2019proxy.htm"}, {"form_type": "8-K", "filings_date": "2019-09-24", "url": "https://www.sec.gov/Archives/edgar/data/0001474439/000147443919000044/tnav92320198-k.htm"}, {"form_type": "4/A", "filings_date": "2019-09-23", "url": "https://www.sec.gov/Archives/edgar/data/0001474439/000147763119000020/xslF345X03/wf-form4a_156927765883292.xml"}, {"form_type": "4", "filings_date": "2019-09-23", "url": "https://www.sec.gov/Archives/edgar/data/0001474439/000147763119000018/xslF345X03/wf-form4_156927744935703.xml"}, {"form_type": "4", "filings_date": "2019-09-23", "url": "https://www.sec.gov/Archives/edgar/data/0001474439/000147746819000016/xslF345X03/wf-form4_156927714780745.xml"}, {"form_type": "4", "filings_date": "2019-09-23", "url": "https://www.sec.gov/Archives/edgar/data/0001474439/000147754919000022/xslF345X03/wf-form4_156927670539224.xml"}, {"form_type": "4", "filings_date": "2019-09-23", "url": "https://www.sec.gov/Archives/edgar/data/0001474439/000126374519000004/xslF345X03/wf-form4_156927636803007.xml"}, {"form_type": "4", "filings_date": "2019-09-06", "url": "https://www.sec.gov/Archives/edgar/data/0001474439/000169655519000024/xslF345X03/wf-form4_156781178032600.xml"}, {"form_type": "8-K", "filings_date": "2019-09-06", "url": "https://www.sec.gov/Archives/edgar/data/0001474439/000119312519239160/d791636d8k.htm"}, {"form_type": "4", "filings_date": "2019-09-05", "url": "https://www.sec.gov/Archives/edgar/data/0001474439/000169655519000022/xslF345X03/wf-form4_156772823294389.xml"}, {"form_type": "4", "filings_date": "2019-09-04", "url": "https://www.sec.gov/Archives/edgar/data/0001474439/000147754919000020/xslF345X03/wf-form4_156764114394087.xml"}, {"form_type": "4", "filings_date": "2019-08-26", "url": "https://www.sec.gov/Archives/edgar/data/0001474439/000147746819000014/xslF345X03/primary_doc.xml"}, {"form_type": "4", "filings_date": "2019-08-26", "url": "https://www.sec.gov/Archives/edgar/data/0001474439/000147746819000013/xslF345X03/primary_doc.xml"}, {"form_type": "SC 13D/A", "filings_date": "2019-08-23", "url": "https://www.sec.gov/Archives/edgar/data/0001474439/000090266419003532/p19-1825sc13da.htm"}, {"form_type": "4", "filings_date": "2019-08-22", "url": "https://www.sec.gov/Archives/edgar/data/0001474439/000147746819000012/xslF345X03/wf-form4_156651735517667.xml"}, {"form_type": "4", "filings_date": "2019-08-22", "url": "https://www.sec.gov/Archives/edgar/data/0001474439/000147754919000018/xslF345X03/wf-form4_156651709876153.xml"}, {"form_type": "3", "filings_date": "2019-08-22", "url": "https://www.sec.gov/Archives/edgar/data/0001474439/000126374519000002/xslF345X02/wf-form3_156651656999213.xml"}, {"form_type": "S-8", "filings_date": "2019-08-22", "url": "https://www.sec.gov/Archives/edgar/data/0001474439/000119312519226938/d794946ds8.htm"}, {"form_type": "8-K", "filings_date": "2019-08-22", "url": "https://www.sec.gov/Archives/edgar/data/0001474439/000147443919000040/tnav82220198-k.htm"}, {"form_type": "10-K", "filings_date": "2019-08-22", "url": "https://www.sec.gov/Archives/edgar/data/0001474439/000147443919000039/tnav630201910k.htm"}, {"form_type": "4", "filings_date": "2019-08-20", "url": "https://www.sec.gov/Archives/edgar/data/0001474439/000147754919000016/xslF345X03/wf-form4_156634423838846.xml"}, {"form_type": "4", "filings_date": "2019-08-20", "url": "https://www.sec.gov/Archives/edgar/data/0001474439/000119305419000003/xslF345X03/wf-form4_156633541041215.xml"}, {"form_type": "4", "filings_date": "2019-08-19", "url": "https://www.sec.gov/Archives/edgar/data/0001474439/000147763119000016/xslF345X03/wf-form4_156625244549086.xml"}, {"form_type": "4", "filings_date": "2019-08-15", "url": "https://www.sec.gov/Archives/edgar/data/0001474439/000147746819000010/xslF345X03/wf-form4_156591698238387.xml"}, {"form_type": "4", "filings_date": "2019-08-14", "url": "https://www.sec.gov/Archives/edgar/data/0001474439/000147746819000008/xslF345X03/wf-form4_156583244118124.xml"}, {"form_type": "4", "filings_date": "2019-08-14", "url": "https://www.sec.gov/Archives/edgar/data/0001474439/000147754919000014/xslF345X03/wf-form4_156583035640614.xml"}, {"form_type": "4", "filings_date": "2019-08-14", "url": "https://www.sec.gov/Archives/edgar/data/0001474439/000169655519000020/xslF345X03/wf-form4_156583016421997.xml"}, {"form_type": "4", "filings_date": "2019-08-14", "url": "https://www.sec.gov/Archives/edgar/data/0001474439/000147763119000014/xslF345X03/wf-form4_156582999823722.xml"}, {"form_type": "SC 13G", "filings_date": "2019-08-14", "url": "https://www.sec.gov/Archives/edgar/data/0001474439/000164572119000025/tnav_13g.htm"}, {"form_type": "SC 13D/A", "filings_date": "2019-08-14", "url": "https://www.sec.gov/Archives/edgar/data/0001474439/000164572119000024/tnav_13d.htm"}, {"form_type": "4", "filings_date": "2019-08-13", "url": "https://www.sec.gov/Archives/edgar/data/0001474439/000147763119000012/xslF345X03/wf-form4_156574767724023.xml"}, {"form_type": "4", "filings_date": "2019-08-13", "url": "https://www.sec.gov/Archives/edgar/data/0001474439/000147754919000012/xslF345X03/wf-form4_156574636464585.xml"}, {"form_type": "4", "filings_date": "2019-08-13", "url": "https://www.sec.gov/Archives/edgar/data/0001474439/000169655519000018/xslF345X03/wf-form4_156574617322171.xml"}, {"form_type": "4/A", "filings_date": "2019-08-13", "url": "https://www.sec.gov/Archives/edgar/data/0001474439/000147763119000010/xslF345X03/wf-form4a_156574601543177.xml"}, {"form_type": "4", "filings_date": "2019-08-13", "url": "https://www.sec.gov/Archives/edgar/data/0001474439/000147746819000006/xslF345X03/wf-form4_156574581344409.xml"}, {"form_type": "4", "filings_date": "2019-08-13", "url": "https://www.sec.gov/Archives/edgar/data/0001474439/000147763119000008/xslF345X03/wf-form4_156574127603704.xml"}, {"form_type": "SC 13G/A", "filings_date": "2019-08-09", "url": "https://www.sec.gov/Archives/edgar/data/0001474439/000093675319000113/tnav.txt"}, {"form_type": "8-K", "filings_date": "2019-08-08", "url": "https://www.sec.gov/Archives/edgar/data/0001474439/000147443919000034/tnav630198-k.htm"}, {"form_type": "8-K", "filings_date": "2019-08-08", "url": "https://www.sec.gov/Archives/edgar/data/0001474439/000119312519217004/d782164d8k.htm"}, {"form_type": "CT ORDER", "filings_date": "2019-08-07", "url": "https://www.sec.gov/Archives/edgar/data/0001474439/999999999719006394/filename1.pdf"}, {"form_type": "UPLOAD", "filings_date": "2019-08-07", "url": "https://www.sec.gov/Archives/edgar/data/0001474439/000000000019012141/filename1.pdf"}, {"form_type": "4", "filings_date": "2019-08-06", "url": "https://www.sec.gov/Archives/edgar/data/0001474439/000169655519000016/xslF345X03/wf-form4_156513761221172.xml"}, {"form_type": "8-K", "filings_date": "2019-08-05", "url": "https://www.sec.gov/Archives/edgar/data/0001474439/000119312519212288/d786661d8k.htm"}, {"form_type": "4", "filings_date": "2019-08-02", "url": "https://www.sec.gov/Archives/edgar/data/0001474439/000169655519000014/xslF345X03/wf-form4_156478793190176.xml"}, {"form_type": "4", "filings_date": "2019-07-31", "url": "https://www.sec.gov/Archives/edgar/data/0001474439/000178191019000003/xslF345X03/primary_doc.xml"}, {"form_type": "4", "filings_date": "2019-07-30", "url": "https://www.sec.gov/Archives/edgar/data/0001474439/000119305419000001/xslF345X03/primary_doc.xml"}, {"form_type": "CORRESP", "filings_date": "2019-07-22", "url": "https://www.sec.gov/Archives/edgar/data/0001474439/000147443919000031/filename1.htm"}, {"form_type": "4", "filings_date": "2019-07-17", "url": "https://www.sec.gov/Archives/edgar/data/0001474439/000169655519000012/xslF345X03/wf-form4_156338611802392.xml"}, {"form_type": "3", "filings_date": "2019-07-10", "url": "https://www.sec.gov/Archives/edgar/data/0001474439/000178191019000002/xslF345X02/wf-form3_156279243422542.xml"}, {"form_type": "CORRESP", "filings_date": "2019-07-10", "url": "https://www.sec.gov/Archives/edgar/data/0001474439/000147443919000028/filename1.htm"}, {"form_type": "4", "filings_date": "2019-07-10", "url": "https://www.sec.gov/Archives/edgar/data/0001474439/000147754919000010/xslF345X03/wf-form4_156277997527474.xml"}, {"form_type": "8-K", "filings_date": "2019-07-08", "url": "https://www.sec.gov/Archives/edgar/data/0001474439/000147443919000025/tnav70820198-k.htm"}, {"form_type": "4", "filings_date": "2019-07-02", "url": "https://www.sec.gov/Archives/edgar/data/0001474439/000169655519000010/xslF345X03/wf-form4_156211293204229.xml"}, {"form_type": "4", "filings_date": "2019-06-24", "url": "https://www.sec.gov/Archives/edgar/data/0001474439/000147754919000008/xslF345X03/wf-form4_156142314568297.xml"}, {"form_type": "4", "filings_date": "2019-06-24", "url": "https://www.sec.gov/Archives/edgar/data/0001474439/000169655519000008/xslF345X03/wf-form4_156142288034197.xml"}, {"form_type": "SC 13G/A", "filings_date": "2019-06-19", "url": "https://www.sec.gov/Archives/edgar/data/0001474439/000149839319000003/tnav_13gxa8.htm"}, {"form_type": "UPLOAD", "filings_date": "2019-06-18", "url": "https://www.sec.gov/Archives/edgar/data/0001474439/000000000019009965/filename1.pdf"}, {"form_type": "4", "filings_date": "2019-06-14", "url": "https://www.sec.gov/Archives/edgar/data/0001474439/000147754919000006/xslF345X03/wf-form4_156055410651036.xml"}, {"form_type": "4", "filings_date": "2019-06-14", "url": "https://www.sec.gov/Archives/edgar/data/0001474439/000147746819000004/xslF345X03/wf-form4_156055395483000.xml"}, {"form_type": "4", "filings_date": "2019-06-12", "url": "https://www.sec.gov/Archives/edgar/data/0001474439/000147746819000002/xslF345X03/wf-form4_156037372092415.xml"}, {"form_type": "4", "filings_date": "2019-06-11", "url": "https://www.sec.gov/Archives/edgar/data/0001474439/000147754919000004/xslF345X03/wf-form4_156029904125172.xml"}, {"form_type": "4", "filings_date": "2019-06-07", "url": "https://www.sec.gov/Archives/edgar/data/0001474439/000169655519000006/xslF345X03/wf-form4_155995115053806.xml"}, {"form_type": "4", "filings_date": "2019-06-06", "url": "https://www.sec.gov/Archives/edgar/data/0001474439/000169655519000004/xslF345X03/wf-form4_155986513232549.xml"}, {"form_type": "SC 13D/A", "filings_date": "2019-05-28", "url": "https://www.sec.gov/Archives/edgar/data/0001474439/000164572119000021/tnav_13dv1.htm"}, {"form_type": "CORRESP", "filings_date": "2019-05-23", "url": "https://www.sec.gov/Archives/edgar/data/0001474439/000119312519155296/filename1.htm"}, {"form_type": "10-Q", "filings_date": "2019-05-10", "url": "https://www.sec.gov/Archives/edgar/data/0001474439/000147443919000023/tnav331201910q.htm"}, {"form_type": "8-K", "filings_date": "2019-05-09", "url": "https://www.sec.gov/Archives/edgar/data/0001474439/000147443919000020/tnav331198-k.htm"}, {"form_type": "4", "filings_date": "2019-05-08", "url": "https://www.sec.gov/Archives/edgar/data/0001474439/000147763119000006/xslF345X03/wf-form4_155735381547608.xml"}, {"form_type": "4", "filings_date": "2019-05-03", "url": "https://www.sec.gov/Archives/edgar/data/0001474439/000147763119000004/xslF345X03/wf-form4_155692592846925.xml"}, {"form_type": "CORRESP", "filings_date": "2019-05-01", "url": "https://www.sec.gov/Archives/edgar/data/0001474439/000147443919000015/filename1.htm"}, {"form_type": "4", "filings_date": "2019-04-30", "url": "https://www.sec.gov/Archives/edgar/data/0001474439/000147763119000002/xslF345X03/wf-form4_155665567911827.xml"}, {"form_type": "UPLOAD", "filings_date": "2019-04-25", "url": "https://www.sec.gov/Archives/edgar/data/0001474439/000000000019007595/filename1.pdf"}, {"form_type": "4", "filings_date": "2019-04-15", "url": "https://www.sec.gov/Archives/edgar/data/0001474439/000147754919000002/xslF345X03/wf-form4_155537111572899.xml"}, {"form_type": "4", "filings_date": "2019-03-18", "url": "https://www.sec.gov/Archives/edgar/data/0001474439/000089924319008131/xslF345X03/doc4.xml"}, {"form_type": "4", "filings_date": "2019-03-15", "url": "https://www.sec.gov/Archives/edgar/data/0001474439/000089924319007951/xslF345X03/doc4.xml"}, {"form_type": "CT ORDER", "filings_date": "2019-03-07", "url": "https://www.sec.gov/Archives/edgar/data/0001474439/999999999719000809/filename1.pdf"}, {"form_type": "SC 13D", "filings_date": "2019-02-26", "url": "https://www.sec.gov/Archives/edgar/data/0001474439/000164572119000017/tnav_13d.htm"}, {"form_type": "4", "filings_date": "2019-02-19", "url": "https://www.sec.gov/Archives/edgar/data/0001474439/000089924319004059/xslF345X03/doc4.xml"}, {"form_type": "4", "filings_date": "2019-02-15", "url": "https://www.sec.gov/Archives/edgar/data/0001474439/000089924319003851/xslF345X03/doc4.xml"}, {"form_type": "4", "filings_date": "2019-02-14", "url": "https://www.sec.gov/Archives/edgar/data/0001474439/000089924319003602/xslF345X03/doc4.xml"}, {"form_type": "SC 13G/A", "filings_date": "2019-02-14", "url": "https://www.sec.gov/Archives/edgar/data/0001474439/000093675319000062/tnav.txt"}, {"form_type": "SC 13G/A", "filings_date": "2019-02-13", "url": "https://www.sec.gov/Archives/edgar/data/0001474439/000164572119000008/v434526_sc13g2.htm"}, {"form_type": "10-Q", "filings_date": "2019-02-08", "url": "https://www.sec.gov/Archives/edgar/data/0001474439/000147443919000012/tnav1231201810q.htm"}, {"form_type": "8-K", "filings_date": "2019-02-07", "url": "https://www.sec.gov/Archives/edgar/data/0001474439/000147443919000009/tnav1231188-k.htm"}, {"form_type": "3", "filings_date": "2019-01-15", "url": "https://www.sec.gov/Archives/edgar/data/0001474439/000137959119000002/xslF345X02/wf-form3_154760408759827.xml"}, {"form_type": "4", "filings_date": "2019-01-14", "url": "https://www.sec.gov/Archives/edgar/data/0001474439/000169655519000002/xslF345X03/wf-form4_154751313061219.xml"}, {"form_type": "3", "filings_date": "2019-01-11", "url": "https://www.sec.gov/Archives/edgar/data/0001474439/000176455519000002/xslF345X02/wf-form3_154724984697458.xml"}, {"form_type": "8-K", "filings_date": "2019-01-07", "url": "https://www.sec.gov/Archives/edgar/data/0001474439/000147443919000003/tnav10720198-k.htm"}, {"form_type": "4", "filings_date": "2018-12-12", "url": "https://www.sec.gov/Archives/edgar/data/0001474439/000160742918000007/xslF345X03/wf-form4_154465312036380.xml"}, {"form_type": "4", "filings_date": "2018-12-07", "url": "https://www.sec.gov/Archives/edgar/data/0001474439/000147746818000007/xslF345X03/wf-form4_154423198265171.xml"}, {"form_type": "4", "filings_date": "2018-12-07", "url": "https://www.sec.gov/Archives/edgar/data/0001474439/000147754918000007/xslF345X03/wf-form4_154421392676440.xml"}, {"form_type": "4", "filings_date": "2018-11-29", "url": "https://www.sec.gov/Archives/edgar/data/0001474439/000169655518000015/xslF345X03/wf-form4_154353862409371.xml"}, {"form_type": "4", "filings_date": "2018-11-26", "url": "https://www.sec.gov/Archives/edgar/data/0001474439/000169655518000013/xslF345X03/wf-form4_154327845844508.xml"}, {"form_type": "4", "filings_date": "2018-11-26", "url": "https://www.sec.gov/Archives/edgar/data/0001474439/000147763118000010/xslF345X03/wf-form4_154327830292567.xml"}, {"form_type": "4", "filings_date": "2018-11-21", "url": "https://www.sec.gov/Archives/edgar/data/0001474439/000147763118000008/xslF345X03/wf-form4_154284607229432.xml"}, {"form_type": "4", "filings_date": "2018-11-21", "url": "https://www.sec.gov/Archives/edgar/data/0001474439/000169655518000011/xslF345X03/wf-form4_154284148953413.xml"}, {"form_type": "8-K", "filings_date": "2018-11-20", "url": "https://www.sec.gov/Archives/edgar/data/0001474439/000147443918000059/tnav1120188-k.htm"}, {"form_type": "4", "filings_date": "2018-11-19", "url": "https://www.sec.gov/Archives/edgar/data/0001474439/000160742918000005/xslF345X03/wf-form4_154267488063945.xml"}, {"form_type": "4", "filings_date": "2018-11-19", "url": "https://www.sec.gov/Archives/edgar/data/0001474439/000147558718000004/xslF345X03/wf-form4_154267470155038.xml"}, {"form_type": "4", "filings_date": "2018-11-19", "url": "https://www.sec.gov/Archives/edgar/data/0001474439/000119305418000006/xslF345X03/wf-form4_154267419854368.xml"}, {"form_type": "4", "filings_date": "2018-11-19", "url": "https://www.sec.gov/Archives/edgar/data/0001474439/000153405018000006/xslF345X03/wf-form4_154267401976342.xml"}, {"form_type": "4", "filings_date": "2018-11-19", "url": "https://www.sec.gov/Archives/edgar/data/0001474439/000147791918000011/xslF345X03/wf-form4_154267384385000.xml"}, {"form_type": "4", "filings_date": "2018-11-19", "url": "https://www.sec.gov/Archives/edgar/data/0001474439/000169655518000009/xslF345X03/wf-form4_154267369446015.xml"}, {"form_type": "4", "filings_date": "2018-11-19", "url": "https://www.sec.gov/Archives/edgar/data/0001474439/000139193518000006/xslF345X03/wf-form4_154267351743192.xml"}, {"form_type": "4", "filings_date": "2018-11-13", "url": "https://www.sec.gov/Archives/edgar/data/0001474439/000147791918000009/xslF345X03/wf-form4_154216146719902.xml"}, {"form_type": "4", "filings_date": "2018-11-13", "url": "https://www.sec.gov/Archives/edgar/data/0001474439/000147558718000002/xslF345X03/wf-form4_154215613713519.xml"}, {"form_type": "4", "filings_date": "2018-11-13", "url": "https://www.sec.gov/Archives/edgar/data/0001474439/000160742918000003/xslF345X03/wf-form4_154215589617672.xml"}, {"form_type": "4", "filings_date": "2018-11-13", "url": "https://www.sec.gov/Archives/edgar/data/0001474439/000139193518000004/xslF345X03/wf-form4_154215565837667.xml"}, {"form_type": "4", "filings_date": "2018-11-13", "url": "https://www.sec.gov/Archives/edgar/data/0001474439/000153405018000004/xslF345X03/wf-form4_154215529049259.xml"}, {"form_type": "4", "filings_date": "2018-11-13", "url": "https://www.sec.gov/Archives/edgar/data/0001474439/000119305418000004/xslF345X03/wf-form4_154215509884768.xml"}, {"form_type": "10-Q", "filings_date": "2018-11-09", "url": "https://www.sec.gov/Archives/edgar/data/0001474439/000147443918000057/tnav930201810q.htm"}, {"form_type": "8-K", "filings_date": "2018-11-08", "url": "https://www.sec.gov/Archives/edgar/data/0001474439/000147443918000055/tnav930188-k.htm"}, {"form_type": "4", "filings_date": "2018-11-02", "url": "https://www.sec.gov/Archives/edgar/data/0001474439/000153405018000002/xslF345X03/wf-form4_154119471145475.xml"}, {"form_type": "8-K", "filings_date": "2018-11-02", "url": "https://www.sec.gov/Archives/edgar/data/0001474439/000119312518317320/d649023d8k.htm"}, {"form_type": "4", "filings_date": "2018-10-31", "url": "https://www.sec.gov/Archives/edgar/data/0001474439/000147763118000006/xslF345X03/wf-form4_154102958603371.xml"}, {"form_type": "4", "filings_date": "2018-10-11", "url": "https://www.sec.gov/Archives/edgar/data/0001474439/000171334618000012/xslF345X03/wf-form4_153929568641993.xml"}, {"form_type": "CT ORDER", "filings_date": "2018-10-11", "url": "https://www.sec.gov/Archives/edgar/data/0001474439/999999999718008539/filename1.pdf"}, {"form_type": "DEFA14A", "filings_date": "2018-10-03", "url": "https://www.sec.gov/Archives/edgar/data/0001474439/000147443918000051/tnav2018proxyadditionalmat.htm"}, {"form_type": "DEF 14A", "filings_date": "2018-10-03", "url": "https://www.sec.gov/Archives/edgar/data/0001474439/000147443918000050/tnav2018proxy.htm"}, {"form_type": "4", "filings_date": "2018-10-02", "url": "https://www.sec.gov/Archives/edgar/data/0001474439/000169655518000007/xslF345X03/wf-form4_153852007664546.xml"}, {"form_type": "4", "filings_date": "2018-09-27", "url": "https://www.sec.gov/Archives/edgar/data/0001474439/000171334618000010/xslF345X03/wf-form4_153808997922649.xml"}, {"form_type": "4", "filings_date": "2018-09-27", "url": "https://www.sec.gov/Archives/edgar/data/0001474439/000147746818000005/xslF345X03/wf-form4_153808860717976.xml"}, {"form_type": "4", "filings_date": "2018-09-27", "url": "https://www.sec.gov/Archives/edgar/data/0001474439/000147754918000005/xslF345X03/wf-form4_153808807916191.xml"}, {"form_type": "4", "filings_date": "2018-09-27", "url": "https://www.sec.gov/Archives/edgar/data/0001474439/000169655518000005/xslF345X03/wf-form4_153808778462053.xml"}, {"form_type": "8-K", "filings_date": "2018-09-12", "url": "https://www.sec.gov/Archives/edgar/data/0001474439/000147443918000042/tnav0912188-k.htm"}, {"form_type": "S-8", "filings_date": "2018-09-12", "url": "https://www.sec.gov/Archives/edgar/data/0001474439/000147443918000039/tnav083118s-8.htm"}, {"form_type": "10-K", "filings_date": "2018-09-12", "url": "https://www.sec.gov/Archives/edgar/data/0001474439/000147443918000038/tnav630201810k.htm"}, {"form_type": "4", "filings_date": "2018-09-11", "url": "https://www.sec.gov/Archives/edgar/data/0001474439/000171334618000008/xslF345X03/wf-form4_153669923552013.xml"}, {"form_type": "4", "filings_date": "2018-08-27", "url": "https://www.sec.gov/Archives/edgar/data/0001474439/000139193518000002/xslF345X03/wf-form4_153541464577102.xml"}, {"form_type": "4", "filings_date": "2018-08-14", "url": "https://www.sec.gov/Archives/edgar/data/0001474439/000169655518000003/xslF345X03/wf-form4_153428148062565.xml"}, {"form_type": "4", "filings_date": "2018-08-13", "url": "https://www.sec.gov/Archives/edgar/data/0001474439/000171334618000006/xslF345X03/wf-form4_153420997482107.xml"}, {"form_type": "4", "filings_date": "2018-08-13", "url": "https://www.sec.gov/Archives/edgar/data/0001474439/000155132718000002/xslF345X03/wf-form4_153420974423740.xml"}, {"form_type": "4", "filings_date": "2018-08-13", "url": "https://www.sec.gov/Archives/edgar/data/0001474439/000147746818000003/xslF345X03/wf-form4_153420954038385.xml"}, {"form_type": "4", "filings_date": "2018-08-13", "url": "https://www.sec.gov/Archives/edgar/data/0001474439/000147763118000004/xslF345X03/wf-form4_153420933607509.xml"}, {"form_type": "4", "filings_date": "2018-08-13", "url": "https://www.sec.gov/Archives/edgar/data/0001474439/000147754918000003/xslF345X03/wf-form4_153420911933959.xml"}, {"form_type": "8-K", "filings_date": "2018-08-07", "url": "https://www.sec.gov/Archives/edgar/data/0001474439/000147443918000031/tnav630188-k.htm"}, {"form_type": "8-K/A", "filings_date": "2018-08-03", "url": "https://www.sec.gov/Archives/edgar/data/0001474439/000147443918000027/tnav0803188-k.htm"}, {"form_type": "4", "filings_date": "2018-07-30", "url": "https://www.sec.gov/Archives/edgar/data/0001474439/000119305418000002/xslF345X03/wf-form4_153299156577286.xml"}, {"form_type": "CT ORDER", "filings_date": "2018-06-13", "url": "https://www.sec.gov/Archives/edgar/data/0001474439/999999999718006364/filename1.pdf"}, {"form_type": "CT ORDER", "filings_date": "2018-06-13", "url": "https://www.sec.gov/Archives/edgar/data/0001474439/999999999718006363/filename1.pdf"}, {"form_type": "CT ORDER", "filings_date": "2018-06-13", "url": "https://www.sec.gov/Archives/edgar/data/0001474439/999999999718006362/filename1.pdf"}, {"form_type": "4", "filings_date": "2018-06-12", "url": "https://www.sec.gov/Archives/edgar/data/0001474439/000171334618000004/xslF345X03/wf-form4_152884431739621.xml"}, {"form_type": "10-Q", "filings_date": "2018-05-10", "url": "https://www.sec.gov/Archives/edgar/data/0001474439/000147443918000025/tnav331201810q.htm"}, {"form_type": "8-K", "filings_date": "2018-05-03", "url": "https://www.sec.gov/Archives/edgar/data/0001474439/000147443918000021/tnav331188-k.htm"}, {"form_type": "8-K", "filings_date": "2018-04-26", "url": "https://www.sec.gov/Archives/edgar/data/0001474439/000147443918000017/tnav426188-k.htm"}, {"form_type": "4", "filings_date": "2018-03-12", "url": "https://www.sec.gov/Archives/edgar/data/0001474439/000171334618000001/xslF345X03/wf-form4_152088655149883.xml"}, {"form_type": "4", "filings_date": "2018-02-20", "url": "https://www.sec.gov/Archives/edgar/data/0001474439/000147763118000002/xslF345X03/wf-form4_151917293903118.xml"}, {"form_type": "SC 13G/A", "filings_date": "2018-02-13", "url": "https://www.sec.gov/Archives/edgar/data/0001474439/000164572118000008/v434526_sc13g.htm"}, {"form_type": "SC 13G/A", "filings_date": "2018-02-13", "url": "https://www.sec.gov/Archives/edgar/data/0001474439/000093675318000099/tnav.txt"}, {"form_type": "4", "filings_date": "2018-02-12", "url": "https://www.sec.gov/Archives/edgar/data/0001474439/000147746818000001/xslF345X03/wf-form4_151846549885678.xml"}, {"form_type": "4", "filings_date": "2018-02-12", "url": "https://www.sec.gov/Archives/edgar/data/0001474439/000147754918000001/xslF345X03/wf-form4_151846537323055.xml"}, {"form_type": "SC 13G/A", "filings_date": "2018-02-09", "url": "https://www.sec.gov/Archives/edgar/data/0001474439/000147443918000014/tnav_13ga7x2018.htm"}, {"form_type": "10-Q", "filings_date": "2018-02-08", "url": "https://www.sec.gov/Archives/edgar/data/0001474439/000147443918000011/tnav1231201710q.htm"}, {"form_type": "4", "filings_date": "2018-02-06", "url": "https://www.sec.gov/Archives/edgar/data/0001474439/000147763118000001/xslF345X03/wf-form4_151795744063976.xml"}, {"form_type": "8-K", "filings_date": "2018-02-02", "url": "https://www.sec.gov/Archives/edgar/data/0001474439/000147443918000008/tnav1231178-ka.htm"}, {"form_type": "8-K", "filings_date": "2018-02-01", "url": "https://www.sec.gov/Archives/edgar/data/0001474439/000147443918000006/tnav1231178-k.htm"}, {"form_type": "8-K", "filings_date": "2018-02-01", "url": "https://www.sec.gov/Archives/edgar/data/0001474439/000147443918000004/tnav0131188-k.htm"}, {"form_type": "4", "filings_date": "2018-01-12", "url": "https://www.sec.gov/Archives/edgar/data/0001474439/000169655518000001/xslF345X03/wf-form4_151578817111064.xml"}, {"form_type": "8-K", "filings_date": "2018-01-09", "url": "https://www.sec.gov/Archives/edgar/data/0001474439/000147443918000002/tnav0109188-k.htm"}, {"form_type": "8-K", "filings_date": "2017-12-20", "url": "https://www.sec.gov/Archives/edgar/data/0001474439/000147443917000061/tnav1220178-k.htm"}, {"form_type": "4", "filings_date": "2017-12-13", "url": "https://www.sec.gov/Archives/edgar/data/0001474439/000160742917000008/xslF345X03/wf-form4_151319566924720.xml"}, {"form_type": "4", "filings_date": "2017-12-11", "url": "https://www.sec.gov/Archives/edgar/data/0001474439/000171334617000005/xslF345X03/wf-form4_151302274266019.xml"}, {"form_type": "4", "filings_date": "2017-12-04", "url": "https://www.sec.gov/Archives/edgar/data/0001474439/000147558717000006/xslF345X03/wf-form4_151242704016366.xml"}, {"form_type": "4", "filings_date": "2017-11-20", "url": "https://www.sec.gov/Archives/edgar/data/0001474439/000147558717000005/xslF345X03/wf-form4_151120697452640.xml"}, {"form_type": "4", "filings_date": "2017-11-17", "url": "https://www.sec.gov/Archives/edgar/data/0001474439/000160742917000007/xslF345X03/wf-form4_151095852195042.xml"}, {"form_type": "8-K", "filings_date": "2017-11-17", "url": "https://www.sec.gov/Archives/edgar/data/0001474439/000147443917000059/tnav1117178-k.htm"}, {"form_type": "4", "filings_date": "2017-11-16", "url": "https://www.sec.gov/Archives/edgar/data/0001474439/000162828017011648/xslF345X03/wf-form4_151088383140906.xml"}, {"form_type": "4", "filings_date": "2017-11-16", "url": "https://www.sec.gov/Archives/edgar/data/0001474439/000139193517000005/xslF345X03/wf-form4_151088267345614.xml"}, {"form_type": "4", "filings_date": "2017-11-16", "url": "https://www.sec.gov/Archives/edgar/data/0001474439/000147558717000004/xslF345X03/wf-form4_151088197050732.xml"}, {"form_type": "4", "filings_date": "2017-11-16", "url": "https://www.sec.gov/Archives/edgar/data/0001474439/000153405017000005/xslF345X03/wf-form4_151088172932049.xml"}, {"form_type": "4", "filings_date": "2017-11-16", "url": "https://www.sec.gov/Archives/edgar/data/0001474439/000119305417000006/xslF345X03/wf-form4_151088153997120.xml"}, {"form_type": "CT ORDER", "filings_date": "2017-11-15", "url": "https://www.sec.gov/Archives/edgar/data/0001474439/999999999717009902/filename1.pdf"}, {"form_type": "10-Q", "filings_date": "2017-11-09", "url": "https://www.sec.gov/Archives/edgar/data/0001474439/000147443917000057/tnav930201710q.htm"}, {"form_type": "4", "filings_date": "2017-11-07", "url": "https://www.sec.gov/Archives/edgar/data/0001474439/000160742917000006/xslF345X03/wf-form4_151009900815067.xml"}, {"form_type": "DEFR14A", "filings_date": "2017-11-07", "url": "https://www.sec.gov/Archives/edgar/data/0001474439/000147443917000054/tnav2017proxyamendment.htm"}, {"form_type": "8-K", "filings_date": "2017-11-03", "url": "https://www.sec.gov/Archives/edgar/data/0001474439/000147443917000052/tnav1103178-k.htm"}, {"form_type": "8-K", "filings_date": "2017-11-02", "url": "https://www.sec.gov/Archives/edgar/data/0001474439/000147443917000050/tnav930178-k.htm"}, {"form_type": "3", "filings_date": "2017-11-01", "url": "https://www.sec.gov/Archives/edgar/data/0001474439/000153405017000004/xslF345X02/wf-form3_150958323241737.xml"}, {"form_type": "4", "filings_date": "2017-11-01", "url": "https://www.sec.gov/Archives/edgar/data/0001474439/000153405017000003/xslF345X03/wf-form4_150958218002019.xml"}, {"form_type": "4", "filings_date": "2017-10-10", "url": "https://www.sec.gov/Archives/edgar/data/0001474439/000147558717000003/xslF345X03/wf-form4_150768047564774.xml"}, {"form_type": "4", "filings_date": "2017-10-10", "url": "https://www.sec.gov/Archives/edgar/data/0001474439/000147791917000003/xslF345X03/wf-form4_150768014315934.xml"}, {"form_type": "4", "filings_date": "2017-10-10", "url": "https://www.sec.gov/Archives/edgar/data/0001474439/000125123517000003/xslF345X03/wf-form4_150767973479899.xml"}, {"form_type": "4", "filings_date": "2017-10-10", "url": "https://www.sec.gov/Archives/edgar/data/0001474439/000119305417000005/xslF345X03/wf-form4_150767950138536.xml"}, {"form_type": "4", "filings_date": "2017-10-10", "url": "https://www.sec.gov/Archives/edgar/data/0001474439/000171334617000004/xslF345X03/wf-form4_150767903874850.xml"}, {"form_type": "DEFA14A", "filings_date": "2017-10-06", "url": "https://www.sec.gov/Archives/edgar/data/0001474439/000147443917000047/tnav2017proxyadditionalmat.htm"}, {"form_type": "DEF 14A", "filings_date": "2017-10-06", "url": "https://www.sec.gov/Archives/edgar/data/0001474439/000147443917000046/tnav2017proxy.htm"}, {"form_type": "4/A", "filings_date": "2017-10-05", "url": "https://www.sec.gov/Archives/edgar/data/0001474439/000169655517000008/xslF345X03/wf-form4a_150722888368627.xml"}, {"form_type": "4", "filings_date": "2017-10-03", "url": "https://www.sec.gov/Archives/edgar/data/0001474439/000169655517000007/xslF345X03/wf-form4_150705359640742.xml"}, {"form_type": "8-K/A", "filings_date": "2017-09-29", "url": "https://www.sec.gov/Archives/edgar/data/0001474439/000147443917000042/tnav0929178-ka.htm"}, {"form_type": "SC 13G/A", "filings_date": "2017-09-19", "url": "https://www.sec.gov/Archives/edgar/data/0001474439/000164572117000015/v475456_sc13ga.htm"}, {"form_type": "4", "filings_date": "2017-09-13", "url": "https://www.sec.gov/Archives/edgar/data/0001474439/000147754917000008/xslF345X03/wf-form4_150534928131887.xml"}, {"form_type": "4", "filings_date": "2017-09-13", "url": "https://www.sec.gov/Archives/edgar/data/0001474439/000147746817000007/xslF345X03/wf-form4_150534910382162.xml"}, {"form_type": "4", "filings_date": "2017-09-13", "url": "https://www.sec.gov/Archives/edgar/data/0001474439/000155132717000010/xslF345X03/wf-form4_150534886035361.xml"}, {"form_type": "4", "filings_date": "2017-09-12", "url": "https://www.sec.gov/Archives/edgar/data/0001474439/000160742917000005/xslF345X03/wf-form4_150525411135548.xml"}, {"form_type": "4", "filings_date": "2017-09-11", "url": "https://www.sec.gov/Archives/edgar/data/0001474439/000162828017009234/xslF345X03/wf-form4_150516758470678.xml"}, {"form_type": "8-K", "filings_date": "2017-09-05", "url": "https://www.sec.gov/Archives/edgar/data/0001474439/000147443917000040/tnav0831178-k.htm"}, {"form_type": "S-8", "filings_date": "2017-08-25", "url": "https://www.sec.gov/Archives/edgar/data/0001474439/000147443917000038/tnav082417s-8.htm"}, {"form_type": "10-K", "filings_date": "2017-08-25", "url": "https://www.sec.gov/Archives/edgar/data/0001474439/000147443917000036/tnav630201710k.htm"}, {"form_type": "4", "filings_date": "2017-08-24", "url": "https://www.sec.gov/Archives/edgar/data/0001474439/000139193517000004/xslF345X03/wf-form4_150362001771516.xml"}, {"form_type": "8-K", "filings_date": "2017-08-24", "url": "https://www.sec.gov/Archives/edgar/data/0001474439/000147443917000034/tnav0824178-knokomis.htm"}, {"form_type": "SC 13D/A", "filings_date": "2017-08-24", "url": "https://www.sec.gov/Archives/edgar/data/0001474439/000090266417003432/p17-1768sc13da.htm"}, {"form_type": "8-K", "filings_date": "2017-08-24", "url": "https://www.sec.gov/Archives/edgar/data/0001474439/000147443917000030/tnav0818178-k.htm"}, {"form_type": "4", "filings_date": "2017-08-11", "url": "https://www.sec.gov/Archives/edgar/data/0001474439/000147754917000007/xslF345X03/wf-form4_150248643839272.xml"}, {"form_type": "4", "filings_date": "2017-08-11", "url": "https://www.sec.gov/Archives/edgar/data/0001474439/000147746817000006/xslF345X03/wf-form4_150247731755078.xml"}, {"form_type": "4", "filings_date": "2017-08-11", "url": "https://www.sec.gov/Archives/edgar/data/0001474439/000169655017000013/xslF345X03/wf-form4_150247707435050.xml"}, {"form_type": "4", "filings_date": "2017-08-11", "url": "https://www.sec.gov/Archives/edgar/data/0001474439/000155132717000008/xslF345X03/wf-form4_150247684037617.xml"}, {"form_type": "4", "filings_date": "2017-08-11", "url": "https://www.sec.gov/Archives/edgar/data/0001474439/000147763117000002/xslF345X03/wf-form4_150247663762605.xml"}, {"form_type": "8-K", "filings_date": "2017-08-08", "url": "https://www.sec.gov/Archives/edgar/data/0001474439/000147443917000023/tnav0808178-k.htm"}, {"form_type": "4", "filings_date": "2017-08-08", "url": "https://www.sec.gov/Archives/edgar/data/0001474439/000147754917000006/xslF345X03/wf-form4_150221691982893.xml"}, {"form_type": "4", "filings_date": "2017-08-08", "url": "https://www.sec.gov/Archives/edgar/data/0001474439/000147746817000004/xslF345X03/wf-form4_150221634261959.xml"}, {"form_type": "4", "filings_date": "2017-08-08", "url": "https://www.sec.gov/Archives/edgar/data/0001474439/000169655517000005/xslF345X03/wf-form4_150221613500310.xml"}, {"form_type": "4", "filings_date": "2017-08-08", "url": "https://www.sec.gov/Archives/edgar/data/0001474439/000155132717000006/xslF345X03/wf-form4_150221545495923.xml"}, {"form_type": "4", "filings_date": "2017-08-08", "url": "https://www.sec.gov/Archives/edgar/data/0001474439/000169655017000011/xslF345X03/wf-form4_150221457739300.xml"}, {"form_type": "3", "filings_date": "2017-08-08", "url": "https://www.sec.gov/Archives/edgar/data/0001474439/000171334617000003/xslF345X02/wf-form3_150221428787637.xml"}, {"form_type": "8-K", "filings_date": "2017-08-07", "url": "https://www.sec.gov/Archives/edgar/data/0001474439/000147443917000020/tnav0801178-k.htm"}, {"form_type": "8-K", "filings_date": "2017-08-03", "url": "https://www.sec.gov/Archives/edgar/data/0001474439/000147443917000018/tnav630178-k.htm"}, {"form_type": "4", "filings_date": "2017-08-01", "url": "https://www.sec.gov/Archives/edgar/data/0001474439/000169655017000009/xslF345X03/wf-form4_150161461550591.xml"}, {"form_type": "4", "filings_date": "2017-07-28", "url": "https://www.sec.gov/Archives/edgar/data/0001474439/000119305417000004/xslF345X03/wf-form4_150128032894536.xml"}, {"form_type": "4", "filings_date": "2017-07-11", "url": "https://www.sec.gov/Archives/edgar/data/0001474439/000169655017000007/xslF345X03/wf-form4_149979556986372.xml"}, {"form_type": "SC 13G", "filings_date": "2017-06-22", "url": "https://www.sec.gov/Archives/edgar/data/0001474439/000164572117000008/tnav_13g_divisar.txt"}, {"form_type": "4", "filings_date": "2017-06-15", "url": "https://www.sec.gov/Archives/edgar/data/0001474439/000155132717000004/xslF345X03/wf-form4_149756846922931.xml"}, {"form_type": "4", "filings_date": "2017-06-13", "url": "https://www.sec.gov/Archives/edgar/data/0001474439/000169655017000005/xslF345X03/wf-form4_149737595460819.xml"}, {"form_type": "4", "filings_date": "2017-06-13", "url": "https://www.sec.gov/Archives/edgar/data/0001474439/000147754917000004/xslF345X03/wf-form4_149737571087564.xml"}, {"form_type": "4", "filings_date": "2017-05-08", "url": "https://www.sec.gov/Archives/edgar/data/0001474439/000160742917000003/xslF345X03/wf-form4_149428507446655.xml"}, {"form_type": "4", "filings_date": "2017-05-08", "url": "https://www.sec.gov/Archives/edgar/data/0001474439/000155132717000002/xslF345X03/wf-form4_149428448840110.xml"}, {"form_type": "4", "filings_date": "2017-05-08", "url": "https://www.sec.gov/Archives/edgar/data/0001474439/000169655017000003/xslF345X03/wf-form4_149427579176897.xml"}, {"form_type": "4", "filings_date": "2017-05-08", "url": "https://www.sec.gov/Archives/edgar/data/0001474439/000147558717000002/xslF345X03/wf-form4_149427086746769.xml"}, {"form_type": "4", "filings_date": "2017-05-08", "url": "https://www.sec.gov/Archives/edgar/data/0001474439/000147791917000002/xslF345X03/wf-form4_149427008162295.xml"}, {"form_type": "4", "filings_date": "2017-05-08", "url": "https://www.sec.gov/Archives/edgar/data/0001474439/000125123517000002/xslF345X03/wf-form4_149426981872835.xml"}, {"form_type": "4", "filings_date": "2017-05-08", "url": "https://www.sec.gov/Archives/edgar/data/0001474439/000119305417000002/xslF345X03/wf-form4_149426953643760.xml"}, {"form_type": "4", "filings_date": "2017-05-08", "url": "https://www.sec.gov/Archives/edgar/data/0001474439/000139193517000002/xslF345X03/wf-form4_149426882027540.xml"}, {"form_type": "10-Q", "filings_date": "2017-05-05", "url": "https://www.sec.gov/Archives/edgar/data/0001474439/000147443917000016/tnav331201710q.htm"}, {"form_type": "8-K", "filings_date": "2017-05-02", "url": "https://www.sec.gov/Archives/edgar/data/0001474439/000147443917000014/tnav331178-k.htm"}, {"form_type": "4", "filings_date": "2017-02-14", "url": "https://www.sec.gov/Archives/edgar/data/0001474439/000147754917000002/xslF345X03/wf-form4_148710317121940.xml"}, {"form_type": "4", "filings_date": "2017-02-14", "url": "https://www.sec.gov/Archives/edgar/data/0001474439/000147746817000002/xslF345X03/wf-form4_148710301603496.xml"}, {"form_type": "SC 13G", "filings_date": "2017-02-14", "url": "https://www.sec.gov/Archives/edgar/data/0001474439/000093675317000092/tnav.txt"}, {"form_type": "CT ORDER", "filings_date": "2017-02-09", "url": "https://www.sec.gov/Archives/edgar/data/0001474439/999999999717000639/filename1.pdf"}, {"form_type": "4", "filings_date": "2017-02-06", "url": "https://www.sec.gov/Archives/edgar/data/0001474439/000147443917000011/xslF345X03/wf-form4_148642831792532.xml"}, {"form_type": "SC 13G/A", "filings_date": "2017-02-06", "url": "https://www.sec.gov/Archives/edgar/data/0001474439/000119312517031790/d338186dsc13ga.htm"}, {"form_type": "4", "filings_date": "2017-02-06", "url": "https://www.sec.gov/Archives/edgar/data/0001474439/000160742917000001/xslF345X03/wf-form4_148640944809679.xml"}, {"form_type": "4", "filings_date": "2017-02-03", "url": "https://www.sec.gov/Archives/edgar/data/0001474439/000119007117000001/xslF345X03/wf-form4_148616409290358.xml"}, {"form_type": "10-Q", "filings_date": "2017-02-03", "url": "https://www.sec.gov/Archives/edgar/data/0001474439/000147443917000009/tnav1231201610q.htm"}, {"form_type": "3", "filings_date": "2017-02-01", "url": "https://www.sec.gov/Archives/edgar/data/0001474439/000169655517000002/xslF345X02/primary_doc.xml"}, {"form_type": "3", "filings_date": "2017-02-01", "url": "https://www.sec.gov/Archives/edgar/data/0001474439/000169655517000001/xslF345X02/primary_doc.xml"}, {"form_type": "8-K", "filings_date": "2017-01-31", "url": "https://www.sec.gov/Archives/edgar/data/0001474439/000147443917000006/tnav1231168-k.htm"}, {"form_type": "4/A", "filings_date": "2017-01-17", "url": "https://www.sec.gov/Archives/edgar/data/0001474439/000147443917000003/xslF345X03/primary_doc.xml"}, {"form_type": "8-K", "filings_date": "2017-01-12", "url": "https://www.sec.gov/Archives/edgar/data/0001474439/000147443917000002/tnav011220178-k.htm"}]}