{"company": {"cik": "0001016125", "name": "ULTIMATE SOFTWARE GROUP INC", "sic": "Services-Prepackaged Software", "state_incorp": "DE", "ticker": "", "mailing_addr": "ULTIMATE SOFTWARE GROUP INC, WESTON, FL, 33326", "category": "", "fiscal_year_end": "31, December"}, "filings": [{"form_type": "SC 13G/A", "filings_date": "2020-02-14", "url": "https://www.sec.gov/Archives/edgar/data/0001016125/000127417320000083/ulti2102020.txt"}, {"form_type": "SC 13G/A", "filings_date": "2019-06-10", "url": "https://www.sec.gov/Archives/edgar/data/0001016125/000031506619001568/filing.txt"}, {"form_type": "15-12G", "filings_date": "2019-05-13", "url": "https://www.sec.gov/Archives/edgar/data/0001016125/000089968119000099/p19-0073_form15.htm"}, {"form_type": "SC 13G/A", "filings_date": "2019-05-10", "url": "https://www.sec.gov/Archives/edgar/data/0001016125/000127417319000118/ulti5102019.txt"}, {"form_type": "EFFECT", "filings_date": "2019-05-09", "url": "https://www.sec.gov/Archives/edgar/data/0001016125/999999999519001059/xslEFFECTX01/primary_doc.xml"}, {"form_type": "EFFECT", "filings_date": "2019-05-09", "url": "https://www.sec.gov/Archives/edgar/data/0001016125/999999999519001058/xslEFFECTX01/primary_doc.xml"}, {"form_type": "4", "filings_date": "2019-05-07", "url": "https://www.sec.gov/Archives/edgar/data/0001016125/000101612519000083/xslF345X03/wf-form4_155726350633385.xml"}, {"form_type": "4", "filings_date": "2019-05-07", "url": "https://www.sec.gov/Archives/edgar/data/0001016125/000101612519000082/xslF345X03/wf-form4_155726347743905.xml"}, {"form_type": "4", "filings_date": "2019-05-07", "url": "https://www.sec.gov/Archives/edgar/data/0001016125/000101612519000081/xslF345X03/wf-form4_155726344822702.xml"}, {"form_type": "4", "filings_date": "2019-05-07", "url": "https://www.sec.gov/Archives/edgar/data/0001016125/000101612519000080/xslF345X03/wf-form4_155726341431180.xml"}, {"form_type": "4", "filings_date": "2019-05-07", "url": "https://www.sec.gov/Archives/edgar/data/0001016125/000101612519000079/xslF345X03/wf-form4_155726338482669.xml"}, {"form_type": "4", "filings_date": "2019-05-07", "url": "https://www.sec.gov/Archives/edgar/data/0001016125/000101612519000078/xslF345X03/wf-form4_155726335465718.xml"}, {"form_type": "4", "filings_date": "2019-05-07", "url": "https://www.sec.gov/Archives/edgar/data/0001016125/000101612519000077/xslF345X03/wf-form4_155726332541415.xml"}, {"form_type": "4", "filings_date": "2019-05-07", "url": "https://www.sec.gov/Archives/edgar/data/0001016125/000101612519000076/xslF345X03/wf-form4_155726329588616.xml"}, {"form_type": "4", "filings_date": "2019-05-07", "url": "https://www.sec.gov/Archives/edgar/data/0001016125/000101612519000075/xslF345X03/wf-form4_155726326515097.xml"}, {"form_type": "4", "filings_date": "2019-05-07", "url": "https://www.sec.gov/Archives/edgar/data/0001016125/000101612519000074/xslF345X03/wf-form4_155726323564255.xml"}, {"form_type": "4", "filings_date": "2019-05-07", "url": "https://www.sec.gov/Archives/edgar/data/0001016125/000101612519000073/xslF345X03/wf-form4_155726320910665.xml"}, {"form_type": "4", "filings_date": "2019-05-07", "url": "https://www.sec.gov/Archives/edgar/data/0001016125/000101612519000072/xslF345X03/wf-form4_155726317898744.xml"}, {"form_type": "4", "filings_date": "2019-05-07", "url": "https://www.sec.gov/Archives/edgar/data/0001016125/000101612519000071/xslF345X03/wf-form4_155726314886192.xml"}, {"form_type": "S-8 POS", "filings_date": "2019-05-03", "url": "https://www.sec.gov/Archives/edgar/data/0001016125/000089968119000093/p19-0070_s8pos.htm"}, {"form_type": "S-8 POS", "filings_date": "2019-05-03", "url": "https://www.sec.gov/Archives/edgar/data/0001016125/000089968119000092/p19-0069_s8pos.htm"}, {"form_type": "S-8 POS", "filings_date": "2019-05-03", "url": "https://www.sec.gov/Archives/edgar/data/0001016125/000089968119000091/p19-0068_s8pos.htm"}, {"form_type": "S-8 POS", "filings_date": "2019-05-03", "url": "https://www.sec.gov/Archives/edgar/data/0001016125/000089968119000090/p19-0071_s8pos.htm"}, {"form_type": "S-8 POS", "filings_date": "2019-05-03", "url": "https://www.sec.gov/Archives/edgar/data/0001016125/000089968119000089/p19-0067_s8pos.htm"}, {"form_type": "S-8 POS", "filings_date": "2019-05-03", "url": "https://www.sec.gov/Archives/edgar/data/0001016125/000089968119000088/p19-0072_s8pos.htm"}, {"form_type": "S-8 POS", "filings_date": "2019-05-03", "url": "https://www.sec.gov/Archives/edgar/data/0001016125/000089968119000087/p19-0066_s8pos.htm"}, {"form_type": "POS AM", "filings_date": "2019-05-03", "url": "https://www.sec.gov/Archives/edgar/data/0001016125/000089968119000084/p19-0065_posam.htm"}, {"form_type": "POS AM", "filings_date": "2019-05-03", "url": "https://www.sec.gov/Archives/edgar/data/0001016125/000089968119000082/p19-0064_posam.htm"}, {"form_type": "POSASR", "filings_date": "2019-05-03", "url": "https://www.sec.gov/Archives/edgar/data/0001016125/000089968119000080/p19-0063_posasr.htm"}, {"form_type": "S-8 POS", "filings_date": "2019-05-03", "url": "https://www.sec.gov/Archives/edgar/data/0001016125/000089968119000076/p19-0061_s8pos.htm"}, {"form_type": "8-K", "filings_date": "2019-05-03", "url": "https://www.sec.gov/Archives/edgar/data/0001016125/000089968119000074/p19-0060_8k.htm"}, {"form_type": "25-NSE", "filings_date": "2019-05-03", "url": "https://www.sec.gov/Archives/edgar/data/0001016125/000135445719000249/xslF25X02/primary_doc.xml"}, {"form_type": "10-Q", "filings_date": "2019-05-01", "url": "https://www.sec.gov/Archives/edgar/data/0001016125/000101612519000057/ulti03312019q1.htm"}, {"form_type": "8-K", "filings_date": "2019-04-30", "url": "https://www.sec.gov/Archives/edgar/data/0001016125/000089968119000072/p19-0059_8k.htm"}, {"form_type": "4", "filings_date": "2019-04-29", "url": "https://www.sec.gov/Archives/edgar/data/0001016125/000101612519000051/xslF345X03/wf-form4_155656925786366.xml"}, {"form_type": "4", "filings_date": "2019-04-29", "url": "https://www.sec.gov/Archives/edgar/data/0001016125/000101612519000050/xslF345X03/wf-form4_155656921283836.xml"}, {"form_type": "4", "filings_date": "2019-04-29", "url": "https://www.sec.gov/Archives/edgar/data/0001016125/000101612519000049/xslF345X03/wf-form4_155656916878145.xml"}, {"form_type": "4", "filings_date": "2019-04-29", "url": "https://www.sec.gov/Archives/edgar/data/0001016125/000101612519000048/xslF345X03/wf-form4_155656912389722.xml"}, {"form_type": "4", "filings_date": "2019-04-29", "url": "https://www.sec.gov/Archives/edgar/data/0001016125/000101612519000047/xslF345X03/wf-form4_155656907875735.xml"}, {"form_type": "8-K", "filings_date": "2019-04-15", "url": "https://www.sec.gov/Archives/edgar/data/0001016125/000089968119000065/p19-0055_8k.htm"}, {"form_type": "8-K", "filings_date": "2019-03-26", "url": "https://www.sec.gov/Archives/edgar/data/0001016125/000089968119000061/p19-0052_8k.htm"}, {"form_type": "DEFM14A", "filings_date": "2019-03-26", "url": "https://www.sec.gov/Archives/edgar/data/0001016125/000114036119005654/s002694x3_defm14a.htm"}, {"form_type": "PREM14A", "filings_date": "2019-03-11", "url": "https://www.sec.gov/Archives/edgar/data/0001016125/000114036119004723/s002694x1_prem14a.htm"}, {"form_type": "10-K", "filings_date": "2019-03-01", "url": "https://www.sec.gov/Archives/edgar/data/0001016125/000101612519000041/ulti-20181231x10k.htm"}, {"form_type": "DEF 14A", "filings_date": "2019-02-20", "url": "https://www.sec.gov/Archives/edgar/data/0001016125/000089968119000050/p19-0039_def14a.htm"}, {"form_type": "DEF 14A", "filings_date": "2019-02-19", "url": "https://www.sec.gov/Archives/edgar/data/0001016125/000089968119000048/p19-0038_def14a.htm"}, {"form_type": "SC 13G/A", "filings_date": "2019-02-14", "url": "https://www.sec.gov/Archives/edgar/data/0001016125/000008025519002483/ulti13gadec18.txt"}, {"form_type": "SC 13G/A", "filings_date": "2019-02-13", "url": "https://www.sec.gov/Archives/edgar/data/0001016125/000031506619001399/filing.txt"}, {"form_type": "4", "filings_date": "2019-02-12", "url": "https://www.sec.gov/Archives/edgar/data/0001016125/000101612519000034/xslF345X03/wf-form4_155000926749804.xml"}, {"form_type": "4", "filings_date": "2019-02-12", "url": "https://www.sec.gov/Archives/edgar/data/0001016125/000101612519000033/xslF345X03/wf-form4_155000924043958.xml"}, {"form_type": "4", "filings_date": "2019-02-12", "url": "https://www.sec.gov/Archives/edgar/data/0001016125/000101612519000032/xslF345X03/wf-form4_155000921374975.xml"}, {"form_type": "4", "filings_date": "2019-02-12", "url": "https://www.sec.gov/Archives/edgar/data/0001016125/000101612519000031/xslF345X03/wf-form4_155000917398602.xml"}, {"form_type": "4", "filings_date": "2019-02-12", "url": "https://www.sec.gov/Archives/edgar/data/0001016125/000101612519000030/xslF345X03/wf-form4_155000914417558.xml"}, {"form_type": "4", "filings_date": "2019-02-12", "url": "https://www.sec.gov/Archives/edgar/data/0001016125/000101612519000029/xslF345X03/wf-form4_155000911594378.xml"}, {"form_type": "4", "filings_date": "2019-02-12", "url": "https://www.sec.gov/Archives/edgar/data/0001016125/000101612519000028/xslF345X03/wf-form4_155000908960436.xml"}, {"form_type": "4", "filings_date": "2019-02-12", "url": "https://www.sec.gov/Archives/edgar/data/0001016125/000101612519000027/xslF345X03/wf-form4_155000906224949.xml"}, {"form_type": "4", "filings_date": "2019-02-12", "url": "https://www.sec.gov/Archives/edgar/data/0001016125/000101612519000026/xslF345X03/wf-form4_155000903577321.xml"}, {"form_type": "4", "filings_date": "2019-02-12", "url": "https://www.sec.gov/Archives/edgar/data/0001016125/000101612519000025/xslF345X03/wf-form4_155000900868205.xml"}, {"form_type": "4", "filings_date": "2019-02-12", "url": "https://www.sec.gov/Archives/edgar/data/0001016125/000101612519000024/xslF345X03/wf-form4_155000898167697.xml"}, {"form_type": "4", "filings_date": "2019-02-12", "url": "https://www.sec.gov/Archives/edgar/data/0001016125/000101612519000023/xslF345X03/wf-form4_155000895414901.xml"}, {"form_type": "4", "filings_date": "2019-02-12", "url": "https://www.sec.gov/Archives/edgar/data/0001016125/000101612519000022/xslF345X03/wf-form4_155000892669840.xml"}, {"form_type": "SC 13G/A", "filings_date": "2019-02-12", "url": "https://www.sec.gov/Archives/edgar/data/0001016125/000127417319000080/ulti2102019.txt"}, {"form_type": "SC 13G/A", "filings_date": "2019-02-11", "url": "https://www.sec.gov/Archives/edgar/data/0001016125/000093247119004446/ultimatesoftwaregroupincthe.htm"}, {"form_type": "DEF 14A", "filings_date": "2019-02-08", "url": "https://www.sec.gov/Archives/edgar/data/0001016125/000089968119000036/p19-0031_def14a.htm"}, {"form_type": "DEF 14A", "filings_date": "2019-02-07", "url": "https://www.sec.gov/Archives/edgar/data/0001016125/000089968119000033/p19-0030_def14a.htm"}, {"form_type": "4", "filings_date": "2019-02-07", "url": "https://www.sec.gov/Archives/edgar/data/0001016125/000101612519000008/xslF345X03/wf-form4_154957405741288.xml"}, {"form_type": "4", "filings_date": "2019-02-07", "url": "https://www.sec.gov/Archives/edgar/data/0001016125/000101612519000007/xslF345X03/wf-form4_154957393520102.xml"}, {"form_type": "4", "filings_date": "2019-02-07", "url": "https://www.sec.gov/Archives/edgar/data/0001016125/000101612519000006/xslF345X03/wf-form4_154957382835194.xml"}, {"form_type": "SC 13G/A", "filings_date": "2019-02-06", "url": "https://www.sec.gov/Archives/edgar/data/0001016125/000021545719005705/us90385d1072_020619.txt"}, {"form_type": "8-K", "filings_date": "2019-02-04", "url": "https://www.sec.gov/Archives/edgar/data/0001016125/000101612519000004/q418form8-k.htm"}, {"form_type": "DEF 14A", "filings_date": "2019-02-04", "url": "https://www.sec.gov/Archives/edgar/data/0001016125/000089968119000031/p19-0029_def14a.htm"}, {"form_type": "8-K", "filings_date": "2019-02-04", "url": "https://www.sec.gov/Archives/edgar/data/0001016125/000089968119000030/p19-0028_8k.htm"}, {"form_type": "UPLOAD", "filings_date": "2018-11-28", "url": "https://www.sec.gov/Archives/edgar/data/0001016125/000000000018036545/filename1.pdf"}, {"form_type": "10-Q", "filings_date": "2018-11-08", "url": "https://www.sec.gov/Archives/edgar/data/0001016125/000101612518000170/ulti9302018q3.htm"}, {"form_type": "CT ORDER", "filings_date": "2018-11-08", "url": "https://www.sec.gov/Archives/edgar/data/0001016125/999999999718008943/filename1.pdf"}, {"form_type": "4", "filings_date": "2018-11-07", "url": "https://www.sec.gov/Archives/edgar/data/0001016125/000101612518000165/xslF345X03/wf-form4_154162738960763.xml"}, {"form_type": "4", "filings_date": "2018-11-07", "url": "https://www.sec.gov/Archives/edgar/data/0001016125/000101612518000164/xslF345X03/wf-form4_154162736352216.xml"}, {"form_type": "4", "filings_date": "2018-11-07", "url": "https://www.sec.gov/Archives/edgar/data/0001016125/000101612518000163/xslF345X03/wf-form4_154162733471997.xml"}, {"form_type": "4", "filings_date": "2018-11-07", "url": "https://www.sec.gov/Archives/edgar/data/0001016125/000101612518000162/xslF345X03/wf-form4_154162731325145.xml"}, {"form_type": "4", "filings_date": "2018-11-07", "url": "https://www.sec.gov/Archives/edgar/data/0001016125/000101612518000161/xslF345X03/wf-form4_154162713063097.xml"}, {"form_type": "4", "filings_date": "2018-11-06", "url": "https://www.sec.gov/Archives/edgar/data/0001016125/000101612518000155/xslF345X03/wf-form4_154153856873150.xml"}, {"form_type": "4", "filings_date": "2018-11-06", "url": "https://www.sec.gov/Archives/edgar/data/0001016125/000101612518000154/xslF345X03/wf-form4_154153854665133.xml"}, {"form_type": "4", "filings_date": "2018-11-06", "url": "https://www.sec.gov/Archives/edgar/data/0001016125/000101612518000153/xslF345X03/wf-form4_154153851547127.xml"}, {"form_type": "4", "filings_date": "2018-11-06", "url": "https://www.sec.gov/Archives/edgar/data/0001016125/000101612518000152/xslF345X03/wf-form4_154153849131480.xml"}, {"form_type": "4", "filings_date": "2018-11-06", "url": "https://www.sec.gov/Archives/edgar/data/0001016125/000101612518000151/xslF345X03/wf-form4_154153846617052.xml"}, {"form_type": "3", "filings_date": "2018-11-05", "url": "https://www.sec.gov/Archives/edgar/data/0001016125/000101612518000145/xslF345X02/wf-form3_154145257787320.xml"}, {"form_type": "4", "filings_date": "2018-11-02", "url": "https://www.sec.gov/Archives/edgar/data/0001016125/000101612518000143/xslF345X03/wf-form4_154118887066318.xml"}, {"form_type": "8-K", "filings_date": "2018-10-30", "url": "https://www.sec.gov/Archives/edgar/data/0001016125/000101612518000141/q318form8-k.htm"}, {"form_type": "4", "filings_date": "2018-10-24", "url": "https://www.sec.gov/Archives/edgar/data/0001016125/000101612518000138/xslF345X03/wf-form4_154041699092305.xml"}, {"form_type": "8-A12G/A", "filings_date": "2018-10-19", "url": "https://www.sec.gov/Archives/edgar/data/0001016125/000101612518000136/a77400574_2ultimate-8xarig.htm"}, {"form_type": "8-K", "filings_date": "2018-10-19", "url": "https://www.sec.gov/Archives/edgar/data/0001016125/000101612518000135/a77400568_1ultimate-form8x.htm"}, {"form_type": "CORRESP", "filings_date": "2018-10-15", "url": "https://www.sec.gov/Archives/edgar/data/0001016125/000101612518000130/filename1.htm"}, {"form_type": "8-K/A", "filings_date": "2018-10-10", "url": "https://www.sec.gov/Archives/edgar/data/0001016125/000101612518000128/peopledocform8-k.htm"}, {"form_type": "UPLOAD", "filings_date": "2018-09-25", "url": "https://www.sec.gov/Archives/edgar/data/0001016125/000000000018030220/filename1.pdf"}, {"form_type": "SC 13G/A", "filings_date": "2018-09-10", "url": "https://www.sec.gov/Archives/edgar/data/0001016125/000008025518002814/ulti13gaaug18.txt"}, {"form_type": "4", "filings_date": "2018-08-08", "url": "https://www.sec.gov/Archives/edgar/data/0001016125/000101612518000124/xslF345X03/wf-form4_153376086165306.xml"}, {"form_type": "4", "filings_date": "2018-08-08", "url": "https://www.sec.gov/Archives/edgar/data/0001016125/000101612518000123/xslF345X03/wf-form4_153376083423083.xml"}, {"form_type": "4", "filings_date": "2018-08-08", "url": "https://www.sec.gov/Archives/edgar/data/0001016125/000101612518000122/xslF345X03/wf-form4_153376080597429.xml"}, {"form_type": "4", "filings_date": "2018-08-08", "url": "https://www.sec.gov/Archives/edgar/data/0001016125/000101612518000121/xslF345X03/wf-form4_153376077454578.xml"}, {"form_type": "4", "filings_date": "2018-08-08", "url": "https://www.sec.gov/Archives/edgar/data/0001016125/000101612518000120/xslF345X03/wf-form4_153376074645126.xml"}, {"form_type": "S-8", "filings_date": "2018-08-08", "url": "https://www.sec.gov/Archives/edgar/data/0001016125/000101612518000114/forms-8_drafttostroock0803.htm"}, {"form_type": "10-Q", "filings_date": "2018-08-08", "url": "https://www.sec.gov/Archives/edgar/data/0001016125/000101612518000113/ulti6302018q2.htm"}, {"form_type": "4", "filings_date": "2018-08-03", "url": "https://www.sec.gov/Archives/edgar/data/0001016125/000101612518000107/xslF345X03/wf-form4_153332862835037.xml"}, {"form_type": "4", "filings_date": "2018-08-03", "url": "https://www.sec.gov/Archives/edgar/data/0001016125/000101612518000106/xslF345X03/wf-form4_153332860143020.xml"}, {"form_type": "4", "filings_date": "2018-08-03", "url": "https://www.sec.gov/Archives/edgar/data/0001016125/000101612518000105/xslF345X03/wf-form4_153332857753818.xml"}, {"form_type": "4", "filings_date": "2018-08-03", "url": "https://www.sec.gov/Archives/edgar/data/0001016125/000101612518000104/xslF345X03/wf-form4_153332855330530.xml"}, {"form_type": "S-3ASR", "filings_date": "2018-07-31", "url": "https://www.sec.gov/Archives/edgar/data/0001016125/000101612518000099/a77245525_7ultimate-formsx.htm"}, {"form_type": "8-K", "filings_date": "2018-07-31", "url": "https://www.sec.gov/Archives/edgar/data/0001016125/000101612518000098/q218form8-k.htm"}, {"form_type": "4", "filings_date": "2018-07-20", "url": "https://www.sec.gov/Archives/edgar/data/0001016125/000101612518000089/xslF345X03/wf-form4_153212167843689.xml"}, {"form_type": "8-K", "filings_date": "2018-07-17", "url": "https://www.sec.gov/Archives/edgar/data/0001016125/000089968118000052/p18-0037_8k.htm"}, {"form_type": "4", "filings_date": "2018-07-16", "url": "https://www.sec.gov/Archives/edgar/data/0001016125/000101612518000084/xslF345X03/wf-form4_153174658098840.xml"}, {"form_type": "8-K", "filings_date": "2018-05-15", "url": "https://www.sec.gov/Archives/edgar/data/0001016125/000101612518000082/a2018form8kvote.htm"}, {"form_type": "10-Q", "filings_date": "2018-05-09", "url": "https://www.sec.gov/Archives/edgar/data/0001016125/000101612518000079/ulti3312018q1.htm"}, {"form_type": "4", "filings_date": "2018-05-09", "url": "https://www.sec.gov/Archives/edgar/data/0001016125/000101612518000078/xslF345X03/wf-form4_152589926267531.xml"}, {"form_type": "4", "filings_date": "2018-05-09", "url": "https://www.sec.gov/Archives/edgar/data/0001016125/000101612518000077/xslF345X03/wf-form4_152589924580321.xml"}, {"form_type": "4", "filings_date": "2018-05-09", "url": "https://www.sec.gov/Archives/edgar/data/0001016125/000101612518000076/xslF345X03/wf-form4_152589922945156.xml"}, {"form_type": "4", "filings_date": "2018-05-09", "url": "https://www.sec.gov/Archives/edgar/data/0001016125/000101612518000075/xslF345X03/wf-form4_152589916584831.xml"}, {"form_type": "4", "filings_date": "2018-05-09", "url": "https://www.sec.gov/Archives/edgar/data/0001016125/000101612518000074/xslF345X03/wf-form4_152589914558835.xml"}, {"form_type": "4/A", "filings_date": "2018-05-09", "url": "https://www.sec.gov/Archives/edgar/data/0001016125/000101612518000068/xslF345X03/wf-form4a_152589873514512.xml"}, {"form_type": "4", "filings_date": "2018-05-08", "url": "https://www.sec.gov/Archives/edgar/data/0001016125/000101612518000063/xslF345X03/wf-form4_152581147683901.xml"}, {"form_type": "3", "filings_date": "2018-05-08", "url": "https://www.sec.gov/Archives/edgar/data/0001016125/000101612518000061/xslF345X02/wf-form3_152581070059348.xml"}, {"form_type": "4", "filings_date": "2018-05-04", "url": "https://www.sec.gov/Archives/edgar/data/0001016125/000101612518000058/xslF345X03/wf-form4_152546472655673.xml"}, {"form_type": "4", "filings_date": "2018-05-04", "url": "https://www.sec.gov/Archives/edgar/data/0001016125/000101612518000056/xslF345X03/wf-form4_152546456502191.xml"}, {"form_type": "8-K", "filings_date": "2018-05-04", "url": "https://www.sec.gov/Archives/edgar/data/0001016125/000101612518000054/a8-k.htm"}, {"form_type": "8-K", "filings_date": "2018-05-02", "url": "https://www.sec.gov/Archives/edgar/data/0001016125/000101612518000051/q118form8-k.htm"}, {"form_type": "4", "filings_date": "2018-04-25", "url": "https://www.sec.gov/Archives/edgar/data/0001016125/000101612518000048/xslF345X03/wf-form4_152468895820342.xml"}, {"form_type": "4", "filings_date": "2018-04-18", "url": "https://www.sec.gov/Archives/edgar/data/0001016125/000101612518000046/xslF345X03/wf-form4_152408257874902.xml"}, {"form_type": "DEFA14A", "filings_date": "2018-04-02", "url": "https://www.sec.gov/Archives/edgar/data/0001016125/000101612518000044/defa14a2018.htm"}, {"form_type": "DEF 14A", "filings_date": "2018-04-02", "url": "https://www.sec.gov/Archives/edgar/data/0001016125/000101612518000043/a2018proxystatement.htm"}, {"form_type": "10-K", "filings_date": "2018-02-26", "url": "https://www.sec.gov/Archives/edgar/data/0001016125/000101612518000039/ulti-20171231x10k.htm"}, {"form_type": "4", "filings_date": "2018-02-22", "url": "https://www.sec.gov/Archives/edgar/data/0001016125/000101612518000035/xslF345X03/wf-form4_151933379295599.xml"}, {"form_type": "SC 13G/A", "filings_date": "2018-02-14", "url": "https://www.sec.gov/Archives/edgar/data/0001016125/000008025518002377/ulti13gadec17.txt"}, {"form_type": "4", "filings_date": "2018-02-13", "url": "https://www.sec.gov/Archives/edgar/data/0001016125/000101612518000033/xslF345X03/wf-form4_151856262925400.xml"}, {"form_type": "4", "filings_date": "2018-02-13", "url": "https://www.sec.gov/Archives/edgar/data/0001016125/000101612518000032/xslF345X03/wf-form4_151856261089955.xml"}, {"form_type": "4", "filings_date": "2018-02-13", "url": "https://www.sec.gov/Archives/edgar/data/0001016125/000101612518000031/xslF345X03/wf-form4_151856259286934.xml"}, {"form_type": "4", "filings_date": "2018-02-13", "url": "https://www.sec.gov/Archives/edgar/data/0001016125/000101612518000030/xslF345X03/wf-form4_151856257425263.xml"}, {"form_type": "4", "filings_date": "2018-02-13", "url": "https://www.sec.gov/Archives/edgar/data/0001016125/000101612518000029/xslF345X03/wf-form4_151856255643975.xml"}, {"form_type": "4", "filings_date": "2018-02-13", "url": "https://www.sec.gov/Archives/edgar/data/0001016125/000101612518000028/xslF345X03/wf-form4_151856253743691.xml"}, {"form_type": "4", "filings_date": "2018-02-13", "url": "https://www.sec.gov/Archives/edgar/data/0001016125/000101612518000027/xslF345X03/wf-form4_151856251939213.xml"}, {"form_type": "4", "filings_date": "2018-02-13", "url": "https://www.sec.gov/Archives/edgar/data/0001016125/000101612518000026/xslF345X03/wf-form4_151856250126163.xml"}, {"form_type": "4", "filings_date": "2018-02-13", "url": "https://www.sec.gov/Archives/edgar/data/0001016125/000101612518000025/xslF345X03/wf-form4_151856248240304.xml"}, {"form_type": "4", "filings_date": "2018-02-13", "url": "https://www.sec.gov/Archives/edgar/data/0001016125/000101612518000024/xslF345X03/wf-form4_151856246521139.xml"}, {"form_type": "4", "filings_date": "2018-02-13", "url": "https://www.sec.gov/Archives/edgar/data/0001016125/000101612518000023/xslF345X03/wf-form4_151856244712973.xml"}, {"form_type": "4", "filings_date": "2018-02-13", "url": "https://www.sec.gov/Archives/edgar/data/0001016125/000101612518000022/xslF345X03/wf-form4_151856242953745.xml"}, {"form_type": "SC 13G/A", "filings_date": "2018-02-13", "url": "https://www.sec.gov/Archives/edgar/data/0001016125/000031506618001642/filing.txt"}, {"form_type": "SC 13G", "filings_date": "2018-02-13", "url": "https://www.sec.gov/Archives/edgar/data/0001016125/000127417318000053/ulti2122018.txt"}, {"form_type": "4", "filings_date": "2018-02-12", "url": "https://www.sec.gov/Archives/edgar/data/0001016125/000101612518000009/xslF345X03/wf-form4_151846775281140.xml"}, {"form_type": "SC 13G/A", "filings_date": "2018-02-09", "url": "https://www.sec.gov/Archives/edgar/data/0001016125/000093247118003500/ultimatesoftwaregroupincthe.htm"}, {"form_type": "4", "filings_date": "2018-02-08", "url": "https://www.sec.gov/Archives/edgar/data/0001016125/000162828018001317/xslF345X03/wf-form4_151813260778459.xml"}, {"form_type": "4", "filings_date": "2018-02-08", "url": "https://www.sec.gov/Archives/edgar/data/0001016125/000162828018001316/xslF345X03/wf-form4_151813258961461.xml"}, {"form_type": "8-K", "filings_date": "2018-02-07", "url": "https://www.sec.gov/Archives/edgar/data/0001016125/000101612518000006/q417form8-k.htm"}, {"form_type": "4", "filings_date": "2018-01-25", "url": "https://www.sec.gov/Archives/edgar/data/0001016125/000101612518000004/xslF345X03/wf-form4_151691430031404.xml"}, {"form_type": "SC 13G/A", "filings_date": "2018-01-23", "url": "https://www.sec.gov/Archives/edgar/data/0001016125/000021545718002351/us90385d1072_012318.txt"}, {"form_type": "4", "filings_date": "2018-01-10", "url": "https://www.sec.gov/Archives/edgar/data/0001016125/000101612518000002/xslF345X03/wf-form4_151562303517830.xml"}, {"form_type": "4", "filings_date": "2017-11-14", "url": "https://www.sec.gov/Archives/edgar/data/0001016125/000101612517000151/xslF345X03/wf-form4_151066605237780.xml"}, {"form_type": "4", "filings_date": "2017-11-08", "url": "https://www.sec.gov/Archives/edgar/data/0001016125/000101612517000149/xslF345X03/wf-form4_151018195449068.xml"}, {"form_type": "4", "filings_date": "2017-11-08", "url": "https://www.sec.gov/Archives/edgar/data/0001016125/000101612517000148/xslF345X03/wf-form4_151018193464078.xml"}, {"form_type": "4", "filings_date": "2017-11-08", "url": "https://www.sec.gov/Archives/edgar/data/0001016125/000101612517000147/xslF345X03/wf-form4_151018191820237.xml"}, {"form_type": "4", "filings_date": "2017-11-08", "url": "https://www.sec.gov/Archives/edgar/data/0001016125/000101612517000146/xslF345X03/wf-form4_151018190162833.xml"}, {"form_type": "4", "filings_date": "2017-11-08", "url": "https://www.sec.gov/Archives/edgar/data/0001016125/000101612517000145/xslF345X03/wf-form4_151018188671491.xml"}, {"form_type": "4", "filings_date": "2017-11-08", "url": "https://www.sec.gov/Archives/edgar/data/0001016125/000101612517000144/xslF345X03/wf-form4_151018186904753.xml"}, {"form_type": "4", "filings_date": "2017-11-08", "url": "https://www.sec.gov/Archives/edgar/data/0001016125/000101612517000143/xslF345X03/wf-form4_151018163395452.xml"}, {"form_type": "10-Q", "filings_date": "2017-11-07", "url": "https://www.sec.gov/Archives/edgar/data/0001016125/000101612517000135/ulti09302017q3.htm"}, {"form_type": "4", "filings_date": "2017-11-06", "url": "https://www.sec.gov/Archives/edgar/data/0001016125/000101612517000133/xslF345X03/wf-form4_151001069194526.xml"}, {"form_type": "4", "filings_date": "2017-11-06", "url": "https://www.sec.gov/Archives/edgar/data/0001016125/000101612517000132/xslF345X03/wf-form4_151001067462679.xml"}, {"form_type": "4", "filings_date": "2017-11-06", "url": "https://www.sec.gov/Archives/edgar/data/0001016125/000101612517000131/xslF345X03/wf-form4_151001065757620.xml"}, {"form_type": "4", "filings_date": "2017-11-06", "url": "https://www.sec.gov/Archives/edgar/data/0001016125/000101612517000130/xslF345X03/wf-form4_151001063769422.xml"}, {"form_type": "4", "filings_date": "2017-11-06", "url": "https://www.sec.gov/Archives/edgar/data/0001016125/000101612517000129/xslF345X03/wf-form4_151001062129752.xml"}, {"form_type": "4", "filings_date": "2017-11-06", "url": "https://www.sec.gov/Archives/edgar/data/0001016125/000101612517000128/xslF345X03/wf-form4_151001060489365.xml"}, {"form_type": "4", "filings_date": "2017-11-06", "url": "https://www.sec.gov/Archives/edgar/data/0001016125/000101612517000127/xslF345X03/wf-form4_151001058507339.xml"}, {"form_type": "4", "filings_date": "2017-11-06", "url": "https://www.sec.gov/Archives/edgar/data/0001016125/000101612517000126/xslF345X03/wf-form4_151001056900103.xml"}, {"form_type": "4", "filings_date": "2017-11-06", "url": "https://www.sec.gov/Archives/edgar/data/0001016125/000101612517000125/xslF345X03/wf-form4_151001055162785.xml"}, {"form_type": "8-K", "filings_date": "2017-11-02", "url": "https://www.sec.gov/Archives/edgar/data/0001016125/000101612517000115/q317form8-k.htm"}, {"form_type": "4", "filings_date": "2017-10-17", "url": "https://www.sec.gov/Archives/edgar/data/0001016125/000101612517000112/xslF345X03/wf-form4_150827335094254.xml"}, {"form_type": "4", "filings_date": "2017-08-22", "url": "https://www.sec.gov/Archives/edgar/data/0001016125/000101612517000110/xslF345X03/wf-form4_150343294042089.xml"}, {"form_type": "4", "filings_date": "2017-08-22", "url": "https://www.sec.gov/Archives/edgar/data/0001016125/000101612517000109/xslF345X03/wf-form4_150343291946774.xml"}, {"form_type": "4", "filings_date": "2017-08-15", "url": "https://www.sec.gov/Archives/edgar/data/0001016125/000101612517000108/xslF345X03/wf-form4_150282737806384.xml"}, {"form_type": "10-Q", "filings_date": "2017-08-08", "url": "https://www.sec.gov/Archives/edgar/data/0001016125/000101612517000107/ulti06302017q2.htm"}, {"form_type": "4", "filings_date": "2017-08-07", "url": "https://www.sec.gov/Archives/edgar/data/0001016125/000101612517000104/xslF345X03/wf-form4_150213809269877.xml"}, {"form_type": "4", "filings_date": "2017-08-07", "url": "https://www.sec.gov/Archives/edgar/data/0001016125/000101612517000103/xslF345X03/wf-form4_150213807644806.xml"}, {"form_type": "4", "filings_date": "2017-08-07", "url": "https://www.sec.gov/Archives/edgar/data/0001016125/000101612517000102/xslF345X03/wf-form4_150213805709648.xml"}, {"form_type": "4", "filings_date": "2017-08-07", "url": "https://www.sec.gov/Archives/edgar/data/0001016125/000101612517000101/xslF345X03/wf-form4_150213736424760.xml"}, {"form_type": "4", "filings_date": "2017-08-07", "url": "https://www.sec.gov/Archives/edgar/data/0001016125/000101612517000100/xslF345X03/wf-form4_150213734253912.xml"}, {"form_type": "4", "filings_date": "2017-08-04", "url": "https://www.sec.gov/Archives/edgar/data/0001016125/000101612517000094/xslF345X03/wf-form4_150188045954142.xml"}, {"form_type": "4", "filings_date": "2017-08-04", "url": "https://www.sec.gov/Archives/edgar/data/0001016125/000101612517000093/xslF345X03/wf-form4_150188044311347.xml"}, {"form_type": "8-K", "filings_date": "2017-08-02", "url": "https://www.sec.gov/Archives/edgar/data/0001016125/000101612517000090/q217form8-k.htm"}, {"form_type": "4", "filings_date": "2017-05-22", "url": "https://www.sec.gov/Archives/edgar/data/0001016125/000101612517000088/xslF345X03/wf-form4_149549077285265.xml"}, {"form_type": "4", "filings_date": "2017-05-22", "url": "https://www.sec.gov/Archives/edgar/data/0001016125/000101612517000087/xslF345X03/wf-form4_149549075400888.xml"}, {"form_type": "3", "filings_date": "2017-05-22", "url": "https://www.sec.gov/Archives/edgar/data/0001016125/000101612517000084/xslF345X02/wf-form3_149549053059307.xml"}, {"form_type": "3", "filings_date": "2017-05-22", "url": "https://www.sec.gov/Archives/edgar/data/0001016125/000101612517000083/xslF345X02/wf-form3_149549051357665.xml"}, {"form_type": "8-K", "filings_date": "2017-05-16", "url": "https://www.sec.gov/Archives/edgar/data/0001016125/000101612517000080/a2017form8kvote.htm"}, {"form_type": "4", "filings_date": "2017-05-12", "url": "https://www.sec.gov/Archives/edgar/data/0001016125/000101612517000078/xslF345X03/wf-form4_149462268238582.xml"}, {"form_type": "10-Q", "filings_date": "2017-05-09", "url": "https://www.sec.gov/Archives/edgar/data/0001016125/000101612517000076/ulti03312017q1.htm"}, {"form_type": "4", "filings_date": "2017-05-08", "url": "https://www.sec.gov/Archives/edgar/data/0001016125/000101612517000074/xslF345X03/wf-form4_149427548150482.xml"}, {"form_type": "4", "filings_date": "2017-05-08", "url": "https://www.sec.gov/Archives/edgar/data/0001016125/000101612517000073/xslF345X03/wf-form4_149427546175807.xml"}, {"form_type": "4", "filings_date": "2017-05-08", "url": "https://www.sec.gov/Archives/edgar/data/0001016125/000101612517000072/xslF345X03/wf-form4_149427543647925.xml"}, {"form_type": "4", "filings_date": "2017-05-08", "url": "https://www.sec.gov/Archives/edgar/data/0001016125/000101612517000071/xslF345X03/wf-form4_149427541668588.xml"}, {"form_type": "4", "filings_date": "2017-05-08", "url": "https://www.sec.gov/Archives/edgar/data/0001016125/000101612517000070/xslF345X03/wf-form4_149427539518666.xml"}, {"form_type": "4", "filings_date": "2017-04-28", "url": "https://www.sec.gov/Archives/edgar/data/0001016125/000101612517000064/xslF345X03/wf-form4_149341219451044.xml"}, {"form_type": "4", "filings_date": "2017-04-28", "url": "https://www.sec.gov/Archives/edgar/data/0001016125/000101612517000063/xslF345X03/wf-form4_149341216831040.xml"}, {"form_type": "4", "filings_date": "2017-04-28", "url": "https://www.sec.gov/Archives/edgar/data/0001016125/000101612517000062/xslF345X03/wf-form4_149341214260327.xml"}, {"form_type": "8-K", "filings_date": "2017-04-26", "url": "https://www.sec.gov/Archives/edgar/data/0001016125/000101612517000058/q117form8-k.htm"}, {"form_type": "SC 13G", "filings_date": "2017-04-10", "url": "https://www.sec.gov/Archives/edgar/data/0001016125/000008025517001310/ulti13gmar17.htm"}, {"form_type": "DEFA14A", "filings_date": "2017-04-05", "url": "https://www.sec.gov/Archives/edgar/data/0001016125/000101612517000056/defa14a2017.htm"}, {"form_type": "DEF 14A", "filings_date": "2017-04-05", "url": "https://www.sec.gov/Archives/edgar/data/0001016125/000101612517000054/a2017proxystatement.htm"}, {"form_type": "8-K", "filings_date": "2017-04-03", "url": "https://www.sec.gov/Archives/edgar/data/0001016125/000101612517000050/q217form8k.htm"}, {"form_type": "4", "filings_date": "2017-03-06", "url": "https://www.sec.gov/Archives/edgar/data/0001016125/000101612517000048/xslF345X03/wf-form4_148883640983723.xml"}, {"form_type": "10-K", "filings_date": "2017-02-24", "url": "https://www.sec.gov/Archives/edgar/data/0001016125/000101612517000046/ulti-20161231x10k.htm"}, {"form_type": "4", "filings_date": "2017-02-17", "url": "https://www.sec.gov/Archives/edgar/data/0001016125/000101612517000044/xslF345X03/wf-form4_148736600559864.xml"}, {"form_type": "4", "filings_date": "2017-02-15", "url": "https://www.sec.gov/Archives/edgar/data/0001016125/000101612517000042/xslF345X03/wf-form4_148719528046853.xml"}, {"form_type": "4", "filings_date": "2017-02-14", "url": "https://www.sec.gov/Archives/edgar/data/0001016125/000101612517000040/xslF345X03/wf-form4_148711213393016.xml"}, {"form_type": "SC 13G/A", "filings_date": "2017-02-14", "url": "https://www.sec.gov/Archives/edgar/data/0001016125/000031506617002064/filing.txt"}, {"form_type": "4", "filings_date": "2017-02-13", "url": "https://www.sec.gov/Archives/edgar/data/0001016125/000101612517000038/xslF345X03/wf-form4_148703277591574.xml"}, {"form_type": "4", "filings_date": "2017-02-13", "url": "https://www.sec.gov/Archives/edgar/data/0001016125/000101612517000037/xslF345X03/wf-form4_148703275734777.xml"}, {"form_type": "4", "filings_date": "2017-02-13", "url": "https://www.sec.gov/Archives/edgar/data/0001016125/000101612517000036/xslF345X03/wf-form4_148703273938382.xml"}, {"form_type": "4", "filings_date": "2017-02-13", "url": "https://www.sec.gov/Archives/edgar/data/0001016125/000101612517000035/xslF345X03/wf-form4_148703272385707.xml"}, {"form_type": "4", "filings_date": "2017-02-13", "url": "https://www.sec.gov/Archives/edgar/data/0001016125/000101612517000034/xslF345X03/wf-form4_148703270733249.xml"}, {"form_type": "4", "filings_date": "2017-02-13", "url": "https://www.sec.gov/Archives/edgar/data/0001016125/000101612517000033/xslF345X03/wf-form4_148703269030534.xml"}, {"form_type": "4", "filings_date": "2017-02-13", "url": "https://www.sec.gov/Archives/edgar/data/0001016125/000101612517000032/xslF345X03/wf-form4_148703267305846.xml"}, {"form_type": "4", "filings_date": "2017-02-13", "url": "https://www.sec.gov/Archives/edgar/data/0001016125/000101612517000031/xslF345X03/wf-form4_148703265609915.xml"}, {"form_type": "4", "filings_date": "2017-02-13", "url": "https://www.sec.gov/Archives/edgar/data/0001016125/000101612517000030/xslF345X03/wf-form4_148703263798574.xml"}, {"form_type": "4", "filings_date": "2017-02-13", "url": "https://www.sec.gov/Archives/edgar/data/0001016125/000101612517000029/xslF345X03/wf-form4_148703262187039.xml"}, {"form_type": "4", "filings_date": "2017-02-13", "url": "https://www.sec.gov/Archives/edgar/data/0001016125/000101612517000028/xslF345X03/wf-form4_148703260278953.xml"}, {"form_type": "SC 13G/A", "filings_date": "2017-02-13", "url": "https://www.sec.gov/Archives/edgar/data/0001016125/000093247117002886/ultimatesoftwaregroupincthe.htm"}, {"form_type": "8-K", "filings_date": "2017-02-10", "url": "https://www.sec.gov/Archives/edgar/data/0001016125/000101612517000016/a02-2017cicform8xk.htm"}, {"form_type": "4", "filings_date": "2017-02-09", "url": "https://www.sec.gov/Archives/edgar/data/0001016125/000101612517000013/xslF345X03/wf-form4_148668073752240.xml"}, {"form_type": "4", "filings_date": "2017-02-09", "url": "https://www.sec.gov/Archives/edgar/data/0001016125/000101612517000012/xslF345X03/wf-form4_148668070929496.xml"}, {"form_type": "4", "filings_date": "2017-02-09", "url": "https://www.sec.gov/Archives/edgar/data/0001016125/000101612517000011/xslF345X03/wf-form4_148668069342924.xml"}, {"form_type": "4", "filings_date": "2017-02-09", "url": "https://www.sec.gov/Archives/edgar/data/0001016125/000101612517000010/xslF345X03/wf-form4_148668067796955.xml"}, {"form_type": "4", "filings_date": "2017-02-09", "url": "https://www.sec.gov/Archives/edgar/data/0001016125/000101612517000009/xslF345X03/wf-form4_148668066055722.xml"}, {"form_type": "SC 13G/A", "filings_date": "2017-02-09", "url": "https://www.sec.gov/Archives/edgar/data/0001016125/000007297117000258/wf_ultimateso-90385d107x.htm"}, {"form_type": "8-K", "filings_date": "2017-02-08", "url": "https://www.sec.gov/Archives/edgar/data/0001016125/000101612517000003/q416form8-k.htm"}, {"form_type": "SC 13G", "filings_date": "2017-01-27", "url": "https://www.sec.gov/Archives/edgar/data/0001016125/000007297117000207/wf_ultimateso-90385d107.htm"}, {"form_type": "SC 13G/A", "filings_date": "2017-01-27", "url": "https://www.sec.gov/Archives/edgar/data/0001016125/000021545717001803/ultimate.software.txt"}]}