{"company": {"cik": "0001810806", "name": "Unity Software Inc.", "sic": "Services-Prepackaged Software", "state_incorp": "DE", "ticker": "U", "mailing_addr": "30 - 3RD STREET, SAN FRANCISCO, CA, 94103", "category": "Large accelerated filer", "fiscal_year_end": "31, December"}, "filings": [{"form_type": "4/A", "filings_date": "2022-03-18", "url": "https://www.sec.gov/Archives/edgar/data/0001810806/000184857222000010/xslF345X03/wf-form4a_164763294009863.xml"}, {"form_type": "4", "filings_date": "2022-03-08", "url": "https://www.sec.gov/Archives/edgar/data/0001810806/000161011122000005/xslF345X03/wf-form4_164679206629226.xml"}, {"form_type": "3", "filings_date": "2022-03-08", "url": "https://www.sec.gov/Archives/edgar/data/0001810806/000161011122000003/xslF345X02/wf-form3_164679141381596.xml"}, {"form_type": "4", "filings_date": "2022-03-08", "url": "https://www.sec.gov/Archives/edgar/data/0001810806/000184857222000008/xslF345X03/wf-form4_164678417150251.xml"}, {"form_type": "4", "filings_date": "2022-03-08", "url": "https://www.sec.gov/Archives/edgar/data/0001810806/000159049422000006/xslF345X03/wf-form4_164678386329781.xml"}, {"form_type": "4", "filings_date": "2022-03-08", "url": "https://www.sec.gov/Archives/edgar/data/0001810806/000182364922000004/xslF345X03/wf-form4_164678363677838.xml"}, {"form_type": "4", "filings_date": "2022-03-08", "url": "https://www.sec.gov/Archives/edgar/data/0001810806/000181080622000008/xslF345X03/wf-form4_164678336720869.xml"}, {"form_type": "4", "filings_date": "2022-03-08", "url": "https://www.sec.gov/Archives/edgar/data/0001810806/000119385722000004/xslF345X03/wf-form4_164677362945265.xml"}, {"form_type": "4", "filings_date": "2022-03-04", "url": "https://www.sec.gov/Archives/edgar/data/0001810806/000095014222000899/xslF345X03/es220231262_4-dhunity.xml"}, {"form_type": "4", "filings_date": "2022-03-02", "url": "https://www.sec.gov/Archives/edgar/data/0001810806/000184857222000006/xslF345X03/wf-form4_164623330300430.xml"}, {"form_type": "S-8", "filings_date": "2022-02-22", "url": "https://www.sec.gov/Archives/edgar/data/0001810806/000181080622000006/a2021-02x22formsx8.htm"}, {"form_type": "10-K", "filings_date": "2022-02-22", "url": "https://www.sec.gov/Archives/edgar/data/0001810806/000181080622000004/unity-20211231.htm"}, {"form_type": "4", "filings_date": "2022-02-15", "url": "https://www.sec.gov/Archives/edgar/data/0001810806/000106299322004499/xslF345X03/form4.xml"}, {"form_type": "4", "filings_date": "2022-02-15", "url": "https://www.sec.gov/Archives/edgar/data/0001810806/000106299322004498/xslF345X03/form4.xml"}, {"form_type": "4", "filings_date": "2022-02-15", "url": "https://www.sec.gov/Archives/edgar/data/0001810806/000106299322004497/xslF345X03/form4.xml"}, {"form_type": "SC 13G/A", "filings_date": "2022-02-14", "url": "https://www.sec.gov/Archives/edgar/data/0001810806/000119312522042151/d306724dsc13ga.htm"}, {"form_type": "SC 13G/A", "filings_date": "2022-02-14", "url": "https://www.sec.gov/Archives/edgar/data/0001810806/000119380522000306/e621336_sc13ga-unity.htm"}, {"form_type": "SC 13G/A", "filings_date": "2022-02-14", "url": "https://www.sec.gov/Archives/edgar/data/0001810806/000090266422001647/p22-0496sc13ga.htm"}, {"form_type": "SC 13G/A", "filings_date": "2022-02-11", "url": "https://www.sec.gov/Archives/edgar/data/0001810806/000119312522037150/d220517dsc13ga.htm"}, {"form_type": "SC 13G", "filings_date": "2022-02-11", "url": "https://www.sec.gov/Archives/edgar/data/0001810806/000089542122000337/UnitySoftware.txt"}, {"form_type": "4/A", "filings_date": "2022-02-11", "url": "https://www.sec.gov/Archives/edgar/data/0001810806/000089924322005821/xslF345X03/doc4a.xml"}, {"form_type": "SC 13G", "filings_date": "2022-02-10", "url": "https://www.sec.gov/Archives/edgar/data/0001810806/000110465922018791/tv02116-unitysoftwareinc.htm"}, {"form_type": "5", "filings_date": "2022-02-08", "url": "https://www.sec.gov/Archives/edgar/data/0001810806/000182359822000003/xslF345X03/wf-form5_164434548576066.xml"}, {"form_type": "4", "filings_date": "2022-02-08", "url": "https://www.sec.gov/Archives/edgar/data/0001810806/000159049422000004/xslF345X03/wf-form4_164434462245602.xml"}, {"form_type": "4", "filings_date": "2022-02-03", "url": "https://www.sec.gov/Archives/edgar/data/0001810806/000184857222000004/xslF345X03/wf-form4_164392526178380.xml"}, {"form_type": "8-K", "filings_date": "2022-02-03", "url": "https://www.sec.gov/Archives/edgar/data/0001810806/000181080622000002/unity-20220203.htm"}, {"form_type": "4", "filings_date": "2022-01-12", "url": "https://www.sec.gov/Archives/edgar/data/0001810806/000182398122000004/xslF345X03/wf-form4_164200698388225.xml"}, {"form_type": "4", "filings_date": "2022-01-06", "url": "https://www.sec.gov/Archives/edgar/data/0001810806/000182364922000002/xslF345X03/wf-form4_164150955425721.xml"}, {"form_type": "4", "filings_date": "2022-01-06", "url": "https://www.sec.gov/Archives/edgar/data/0001810806/000159049422000002/xslF345X03/wf-form4_164150902908477.xml"}, {"form_type": "4", "filings_date": "2022-01-05", "url": "https://www.sec.gov/Archives/edgar/data/0001810806/000119385722000002/xslF345X03/wf-form4_164142729959599.xml"}, {"form_type": "4", "filings_date": "2022-01-05", "url": "https://www.sec.gov/Archives/edgar/data/0001810806/000184857222000002/xslF345X03/wf-form4_164142638335419.xml"}, {"form_type": "4", "filings_date": "2022-01-04", "url": "https://www.sec.gov/Archives/edgar/data/0001810806/000182398122000002/xslF345X03/wf-form4_164134823727188.xml"}, {"form_type": "4", "filings_date": "2021-12-15", "url": "https://www.sec.gov/Archives/edgar/data/0001810806/000095014221004051/xslF345X03/es210210525_4-dhunity.xml"}, {"form_type": "8-K", "filings_date": "2021-12-14", "url": "https://www.sec.gov/Archives/edgar/data/0001810806/000119312521356841/d253310d8k.htm"}, {"form_type": "424B7", "filings_date": "2021-12-14", "url": "https://www.sec.gov/Archives/edgar/data/0001810806/000119312521356829/d250216d424b7.htm"}, {"form_type": "4", "filings_date": "2021-12-10", "url": "https://www.sec.gov/Archives/edgar/data/0001810806/000182398121000011/xslF345X03/wf-form4_163918073674576.xml"}, {"form_type": "4", "filings_date": "2021-12-09", "url": "https://www.sec.gov/Archives/edgar/data/0001810806/000182364921000014/xslF345X03/wf-form4_163910123236195.xml"}, {"form_type": "4", "filings_date": "2021-12-08", "url": "https://www.sec.gov/Archives/edgar/data/0001810806/000095014221003926/xslF345X03/es210208817_4-dhunity.xml"}, {"form_type": "4", "filings_date": "2021-12-07", "url": "https://www.sec.gov/Archives/edgar/data/0001810806/000159049421000017/xslF345X03/wf-form4_163889909407651.xml"}, {"form_type": "4", "filings_date": "2021-12-03", "url": "https://www.sec.gov/Archives/edgar/data/0001810806/000095014221003903/xslF345X03/es210207584_4-dhunity.xml"}, {"form_type": "4", "filings_date": "2021-12-03", "url": "https://www.sec.gov/Archives/edgar/data/0001810806/000095014221003902/xslF345X03/es210207251_4-dhunity.xml"}, {"form_type": "4", "filings_date": "2021-12-03", "url": "https://www.sec.gov/Archives/edgar/data/0001810806/000184857221000004/xslF345X03/wf-form4_163856662905215.xml"}, {"form_type": "4", "filings_date": "2021-12-03", "url": "https://www.sec.gov/Archives/edgar/data/0001810806/000119385721000014/xslF345X03/wf-form4_163856628815232.xml"}, {"form_type": "4", "filings_date": "2021-12-03", "url": "https://www.sec.gov/Archives/edgar/data/0001810806/000119385721000012/xslF345X03/wf-form4_163856482610551.xml"}, {"form_type": "4", "filings_date": "2021-12-01", "url": "https://www.sec.gov/Archives/edgar/data/0001810806/000182398121000009/xslF345X03/wf-form4_163840631197439.xml"}, {"form_type": "4", "filings_date": "2021-12-01", "url": "https://www.sec.gov/Archives/edgar/data/0001810806/000182364921000012/xslF345X03/wf-form4_163840567544989.xml"}, {"form_type": "4", "filings_date": "2021-12-01", "url": "https://www.sec.gov/Archives/edgar/data/0001810806/000159049421000015/xslF345X03/wf-form4_163840484907512.xml"}, {"form_type": "8-K", "filings_date": "2021-12-01", "url": "https://www.sec.gov/Archives/edgar/data/0001810806/000119312521345497/d236797d8k.htm"}, {"form_type": "4", "filings_date": "2021-11-30", "url": "https://www.sec.gov/Archives/edgar/data/0001810806/000095014221003856/xslF345X03/es210205872_4-dhunity.xml"}, {"form_type": "4", "filings_date": "2021-11-29", "url": "https://www.sec.gov/Archives/edgar/data/0001810806/000089924321046261/xslF345X03/doc4.xml"}, {"form_type": "4", "filings_date": "2021-11-29", "url": "https://www.sec.gov/Archives/edgar/data/0001810806/000159049421000013/xslF345X03/wf-form4_163823323660124.xml"}, {"form_type": "4", "filings_date": "2021-11-26", "url": "https://www.sec.gov/Archives/edgar/data/0001810806/000106299321011700/xslF345X03/form4.xml"}, {"form_type": "4", "filings_date": "2021-11-24", "url": "https://www.sec.gov/Archives/edgar/data/0001810806/000095014221003823/xslF345X03/es210205744_4-dhunity2.xml"}, {"form_type": "4", "filings_date": "2021-11-24", "url": "https://www.sec.gov/Archives/edgar/data/0001810806/000095014221003822/xslF345X03/es210204967_4-dhunity.xml"}, {"form_type": "4", "filings_date": "2021-11-24", "url": "https://www.sec.gov/Archives/edgar/data/0001810806/000089924321045962/xslF345X03/doc4.xml"}, {"form_type": "4", "filings_date": "2021-11-23", "url": "https://www.sec.gov/Archives/edgar/data/0001810806/000089924321045909/xslF345X03/doc4.xml"}, {"form_type": "4", "filings_date": "2021-11-23", "url": "https://www.sec.gov/Archives/edgar/data/0001810806/000089924321045905/xslF345X03/doc4.xml"}, {"form_type": "4", "filings_date": "2021-11-22", "url": "https://www.sec.gov/Archives/edgar/data/0001810806/000106299321011405/xslF345X03/form4.xml"}, {"form_type": "4", "filings_date": "2021-11-22", "url": "https://www.sec.gov/Archives/edgar/data/0001810806/000106299321011403/xslF345X03/form4.xml"}, {"form_type": "4", "filings_date": "2021-11-22", "url": "https://www.sec.gov/Archives/edgar/data/0001810806/000106299321011402/xslF345X03/form4.xml"}, {"form_type": "4", "filings_date": "2021-11-19", "url": "https://www.sec.gov/Archives/edgar/data/0001810806/000089924321045456/xslF345X03/doc4.xml"}, {"form_type": "4", "filings_date": "2021-11-19", "url": "https://www.sec.gov/Archives/edgar/data/0001810806/000089924321045455/xslF345X03/doc4.xml"}, {"form_type": "8-K", "filings_date": "2021-11-19", "url": "https://www.sec.gov/Archives/edgar/data/0001810806/000119312521335182/d189883d8k.htm"}, {"form_type": "4", "filings_date": "2021-11-15", "url": "https://www.sec.gov/Archives/edgar/data/0001810806/000182364921000010/xslF345X03/wf-form4_163702928432371.xml"}, {"form_type": "4", "filings_date": "2021-11-15", "url": "https://www.sec.gov/Archives/edgar/data/0001810806/000184857221000002/xslF345X03/wf-form4_163702798430844.xml"}, {"form_type": "4", "filings_date": "2021-11-12", "url": "https://www.sec.gov/Archives/edgar/data/0001810806/000182364921000008/xslF345X03/wf-form4_163675317082141.xml"}, {"form_type": "4", "filings_date": "2021-11-12", "url": "https://www.sec.gov/Archives/edgar/data/0001810806/000182398121000007/xslF345X03/wf-form4_163675289077994.xml"}, {"form_type": "S-3ASR", "filings_date": "2021-11-12", "url": "https://www.sec.gov/Archives/edgar/data/0001810806/000181080621000179/a2021-11x10formsx3.htm"}, {"form_type": "RW", "filings_date": "2021-11-12", "url": "https://www.sec.gov/Archives/edgar/data/0001810806/000181080621000178/rwformfors-3.htm"}, {"form_type": "S-3", "filings_date": "2021-11-10", "url": "https://www.sec.gov/Archives/edgar/data/0001810806/000181080621000175/a20211110s-3.htm"}, {"form_type": "10-Q", "filings_date": "2021-11-10", "url": "https://www.sec.gov/Archives/edgar/data/0001810806/000181080621000171/unity-20210930.htm"}, {"form_type": "4", "filings_date": "2021-11-10", "url": "https://www.sec.gov/Archives/edgar/data/0001810806/000182364921000006/xslF345X03/wf-form4_163655799372854.xml"}, {"form_type": "8-K", "filings_date": "2021-11-09", "url": "https://www.sec.gov/Archives/edgar/data/0001810806/000119312521324500/d226908d8k.htm"}, {"form_type": "8-K", "filings_date": "2021-11-09", "url": "https://www.sec.gov/Archives/edgar/data/0001810806/000181080621000168/unity-20211109.htm"}, {"form_type": "4", "filings_date": "2021-11-05", "url": "https://www.sec.gov/Archives/edgar/data/0001810806/000159049421000011/xslF345X03/wf-form4_163616037582281.xml"}, {"form_type": "4", "filings_date": "2021-11-03", "url": "https://www.sec.gov/Archives/edgar/data/0001810806/000119385721000010/xslF345X03/wf-form4_163596080506117.xml"}, {"form_type": "4", "filings_date": "2021-10-28", "url": "https://www.sec.gov/Archives/edgar/data/0001810806/000182364921000004/xslF345X03/wf-form4_163544272107132.xml"}, {"form_type": "SC 13D/A", "filings_date": "2021-10-20", "url": "https://www.sec.gov/Archives/edgar/data/0001810806/000095014221003235/eh210186901_13da1-unity.htm"}, {"form_type": "4", "filings_date": "2021-10-19", "url": "https://www.sec.gov/Archives/edgar/data/0001810806/000095014221003236/xslF345X03/es210187093_4-otee.xml"}, {"form_type": "4", "filings_date": "2021-10-14", "url": "https://www.sec.gov/Archives/edgar/data/0001810806/000182364921000002/xslF345X03/wf-form4_163422923034759.xml"}, {"form_type": "4", "filings_date": "2021-10-12", "url": "https://www.sec.gov/Archives/edgar/data/0001810806/000182398121000005/xslF345X03/wf-form4_163408736655275.xml"}, {"form_type": "4", "filings_date": "2021-10-06", "url": "https://www.sec.gov/Archives/edgar/data/0001810806/000159049421000008/xslF345X03/wf-form4_163356221748135.xml"}, {"form_type": "4", "filings_date": "2021-10-04", "url": "https://www.sec.gov/Archives/edgar/data/0001810806/000119385721000008/xslF345X03/wf-form4_163339673966895.xml"}, {"form_type": "4", "filings_date": "2021-09-17", "url": "https://www.sec.gov/Archives/edgar/data/0001810806/000181080621000164/xslF345X03/wf-form4_163190837145458.xml"}, {"form_type": "4", "filings_date": "2021-09-15", "url": "https://www.sec.gov/Archives/edgar/data/0001810806/000095014221002915/xslF345X03/es210184239_4-otee.xml"}, {"form_type": "4", "filings_date": "2021-09-13", "url": "https://www.sec.gov/Archives/edgar/data/0001810806/000182398121000002/xslF345X03/wf-form4_163156668789556.xml"}, {"form_type": "4", "filings_date": "2021-09-07", "url": "https://www.sec.gov/Archives/edgar/data/0001810806/000159049421000004/xslF345X03/wf-form4_163105723445335.xml"}, {"form_type": "4", "filings_date": "2021-09-03", "url": "https://www.sec.gov/Archives/edgar/data/0001810806/000119385721000002/xslF345X03/wf-form4_163068694426157.xml"}, {"form_type": "4", "filings_date": "2021-08-31", "url": "https://www.sec.gov/Archives/edgar/data/0001810806/000095014221002799/xslF345X03/es210180943_4-otee.xml"}, {"form_type": "4", "filings_date": "2021-08-30", "url": "https://www.sec.gov/Archives/edgar/data/0001810806/000181080621000160/xslF345X03/wf-form4_163036150197525.xml"}, {"form_type": "4", "filings_date": "2021-08-30", "url": "https://www.sec.gov/Archives/edgar/data/0001810806/000181080621000158/xslF345X03/wf-form4_163036118462478.xml"}, {"form_type": "4", "filings_date": "2021-08-27", "url": "https://www.sec.gov/Archives/edgar/data/0001810806/000159049421000002/xslF345X03/wf-form4_163011187096396.xml"}, {"form_type": "4", "filings_date": "2021-08-13", "url": "https://www.sec.gov/Archives/edgar/data/0001810806/000095014221002617/xslF345X03/es210177690_4-helgason.xml"}, {"form_type": "4", "filings_date": "2021-08-11", "url": "https://www.sec.gov/Archives/edgar/data/0001810806/000181080621000156/xslF345X03/wf-form4_162872672115476.xml"}, {"form_type": "4", "filings_date": "2021-08-11", "url": "https://www.sec.gov/Archives/edgar/data/0001810806/000181080621000154/xslF345X03/wf-form4_162872652953691.xml"}, {"form_type": "10-Q", "filings_date": "2021-08-11", "url": "https://www.sec.gov/Archives/edgar/data/0001810806/000181080621000152/unity-20210630.htm"}, {"form_type": "4", "filings_date": "2021-08-10", "url": "https://www.sec.gov/Archives/edgar/data/0001810806/000181080621000150/xslF345X03/wf-form4_162862635898032.xml"}, {"form_type": "3", "filings_date": "2021-08-10", "url": "https://www.sec.gov/Archives/edgar/data/0001810806/000181080621000148/xslF345X02/wf-form3_162862620974048.xml"}, {"form_type": "8-K", "filings_date": "2021-08-10", "url": "https://www.sec.gov/Archives/edgar/data/0001810806/000181080621000146/unity-20210806.htm"}, {"form_type": "4", "filings_date": "2021-08-04", "url": "https://www.sec.gov/Archives/edgar/data/0001810806/000181080621000140/xslF345X03/wf-form4_162809411201383.xml"}, {"form_type": "4", "filings_date": "2021-07-13", "url": "https://www.sec.gov/Archives/edgar/data/0001810806/000181080621000138/xslF345X03/wf-form4_162618849222496.xml"}, {"form_type": "4", "filings_date": "2021-07-13", "url": "https://www.sec.gov/Archives/edgar/data/0001810806/000181080621000136/xslF345X03/wf-form4_162618840888197.xml"}, {"form_type": "4", "filings_date": "2021-07-06", "url": "https://www.sec.gov/Archives/edgar/data/0001810806/000181080621000134/xslF345X03/wf-form4_162558699858338.xml"}, {"form_type": "4", "filings_date": "2021-07-06", "url": "https://www.sec.gov/Archives/edgar/data/0001810806/000181080621000132/xslF345X03/wf-form4_162558689457497.xml"}, {"form_type": "4", "filings_date": "2021-06-22", "url": "https://www.sec.gov/Archives/edgar/data/0001810806/000089924321025292/xslF345X03/doc4.xml"}, {"form_type": "4", "filings_date": "2021-06-22", "url": "https://www.sec.gov/Archives/edgar/data/0001810806/000110465921083968/xslF345X03/tm2120335-1_4seq1.xml"}, {"form_type": "8-K", "filings_date": "2021-06-22", "url": "https://www.sec.gov/Archives/edgar/data/0001810806/000181080621000122/unity-20210617.htm"}, {"form_type": "4", "filings_date": "2021-06-21", "url": "https://www.sec.gov/Archives/edgar/data/0001810806/000181080621000130/xslF345X03/wf-form4_162432270494250.xml"}, {"form_type": "4", "filings_date": "2021-06-21", "url": "https://www.sec.gov/Archives/edgar/data/0001810806/000181080621000128/xslF345X03/wf-form4_162432243089929.xml"}, {"form_type": "4", "filings_date": "2021-06-21", "url": "https://www.sec.gov/Archives/edgar/data/0001810806/000181080621000126/xslF345X03/wf-form4_162432222570905.xml"}, {"form_type": "4", "filings_date": "2021-06-21", "url": "https://www.sec.gov/Archives/edgar/data/0001810806/000181080621000124/xslF345X03/wf-form4_162432109461232.xml"}, {"form_type": "4", "filings_date": "2021-06-21", "url": "https://www.sec.gov/Archives/edgar/data/0001810806/000095014221002077/xslF345X03/es210162406_4-helgason.xml"}, {"form_type": "4", "filings_date": "2021-06-11", "url": "https://www.sec.gov/Archives/edgar/data/0001810806/000181080621000119/xslF345X03/wf-form4_162342324757127.xml"}, {"form_type": "4", "filings_date": "2021-06-11", "url": "https://www.sec.gov/Archives/edgar/data/0001810806/000181080621000117/xslF345X03/wf-form4_162342312625741.xml"}, {"form_type": "4", "filings_date": "2021-06-07", "url": "https://www.sec.gov/Archives/edgar/data/0001810806/000181080621000115/xslF345X03/wf-form4_162308102038067.xml"}, {"form_type": "4", "filings_date": "2021-06-03", "url": "https://www.sec.gov/Archives/edgar/data/0001810806/000181080621000113/xslF345X03/wf-form4_162274008160216.xml"}, {"form_type": "4", "filings_date": "2021-06-01", "url": "https://www.sec.gov/Archives/edgar/data/0001810806/000106299321005264/xslF345X03/form4.xml"}, {"form_type": "4", "filings_date": "2021-06-01", "url": "https://www.sec.gov/Archives/edgar/data/0001810806/000106299321005263/xslF345X03/form4.xml"}, {"form_type": "4", "filings_date": "2021-06-01", "url": "https://www.sec.gov/Archives/edgar/data/0001810806/000106299321005262/xslF345X03/form4.xml"}, {"form_type": "4", "filings_date": "2021-05-27", "url": "https://www.sec.gov/Archives/edgar/data/0001810806/000181080621000111/xslF345X03/wf-form4_162215327785278.xml"}, {"form_type": "4", "filings_date": "2021-05-27", "url": "https://www.sec.gov/Archives/edgar/data/0001810806/000095014221001773/xslF345X03/es210155398_4-otee.xml"}, {"form_type": "4", "filings_date": "2021-05-26", "url": "https://www.sec.gov/Archives/edgar/data/0001810806/000181080621000109/xslF345X03/wf-form4_162206546714928.xml"}, {"form_type": "4", "filings_date": "2021-05-25", "url": "https://www.sec.gov/Archives/edgar/data/0001810806/000095014221001729/xslF345X03/es210155202_4-otee.xml"}, {"form_type": "4", "filings_date": "2021-05-21", "url": "https://www.sec.gov/Archives/edgar/data/0001810806/000095014221001707/xslF345X03/es210150999_4-otee.xml"}, {"form_type": "4", "filings_date": "2021-05-21", "url": "https://www.sec.gov/Archives/edgar/data/0001810806/000110465921070446/xslF345X03/tm2117280d1_4seq1.xml"}, {"form_type": "4", "filings_date": "2021-05-12", "url": "https://www.sec.gov/Archives/edgar/data/0001810806/000181080621000107/xslF345X03/wf-form4_162086383848805.xml"}, {"form_type": "4", "filings_date": "2021-05-12", "url": "https://www.sec.gov/Archives/edgar/data/0001810806/000181080621000105/xslF345X03/wf-form4_162086374888153.xml"}, {"form_type": "10-Q", "filings_date": "2021-05-12", "url": "https://www.sec.gov/Archives/edgar/data/0001810806/000181080621000103/unity-20210331.htm"}, {"form_type": "8-K/A", "filings_date": "2021-05-12", "url": "https://www.sec.gov/Archives/edgar/data/0001810806/000181080621000101/unity-20210511.htm"}, {"form_type": "8-K", "filings_date": "2021-05-11", "url": "https://www.sec.gov/Archives/edgar/data/0001810806/000181080621000096/unity-20210511.htm"}, {"form_type": "4", "filings_date": "2021-05-04", "url": "https://www.sec.gov/Archives/edgar/data/0001810806/000181080621000087/xslF345X03/wf-form4_162016107935929.xml"}, {"form_type": "8-K", "filings_date": "2021-04-29", "url": "https://www.sec.gov/Archives/edgar/data/0001810806/000181080621000084/a2021-04x29form8xk.htm"}, {"form_type": "DEFA14A", "filings_date": "2021-04-28", "url": "https://www.sec.gov/Archives/edgar/data/0001810806/000181080621000082/a2021-04x28defa14a.htm"}, {"form_type": "DEF 14A", "filings_date": "2021-04-28", "url": "https://www.sec.gov/Archives/edgar/data/0001810806/000181080621000080/a2021-04x28def14a.htm"}, {"form_type": "4", "filings_date": "2021-04-12", "url": "https://www.sec.gov/Archives/edgar/data/0001810806/000181080621000078/xslF345X03/wf-form4_161825304976333.xml"}, {"form_type": "4", "filings_date": "2021-04-12", "url": "https://www.sec.gov/Archives/edgar/data/0001810806/000181080621000077/xslF345X03/wf-form4_161825298778798.xml"}, {"form_type": "4", "filings_date": "2021-04-07", "url": "https://www.sec.gov/Archives/edgar/data/0001810806/000181080621000074/xslF345X03/wf-form4_161781838081313.xml"}, {"form_type": "4", "filings_date": "2021-04-06", "url": "https://www.sec.gov/Archives/edgar/data/0001810806/000181080621000072/xslF345X03/wf-form4_161771791973778.xml"}, {"form_type": "4", "filings_date": "2021-04-05", "url": "https://www.sec.gov/Archives/edgar/data/0001810806/000181080621000070/xslF345X03/wf-form4_161766570948200.xml"}, {"form_type": "8-K", "filings_date": "2021-03-30", "url": "https://www.sec.gov/Archives/edgar/data/0001810806/000181080621000068/unity-20210324.htm"}, {"form_type": "4", "filings_date": "2021-03-17", "url": "https://www.sec.gov/Archives/edgar/data/0001810806/000181080621000064/xslF345X03/wf-form4_161601551047052.xml"}, {"form_type": "8-K", "filings_date": "2021-03-17", "url": "https://www.sec.gov/Archives/edgar/data/0001810806/000119312521084136/d143863d8k.htm"}, {"form_type": "4", "filings_date": "2021-03-11", "url": "https://www.sec.gov/Archives/edgar/data/0001810806/000181080621000062/xslF345X03/wf-form4_161550447937710.xml"}, {"form_type": "4", "filings_date": "2021-03-11", "url": "https://www.sec.gov/Archives/edgar/data/0001810806/000181080621000061/xslF345X03/wf-form4_161550221109902.xml"}, {"form_type": "4", "filings_date": "2021-03-09", "url": "https://www.sec.gov/Archives/edgar/data/0001810806/000181080621000056/xslF345X03/wf-form4_161531934945361.xml"}, {"form_type": "4", "filings_date": "2021-03-05", "url": "https://www.sec.gov/Archives/edgar/data/0001810806/000095014221000871/xslF345X03/es210134589_4-ante.xml"}, {"form_type": "3/A", "filings_date": "2021-03-05", "url": "https://www.sec.gov/Archives/edgar/data/0001810806/000095014221000870/xslF345X02/es210134585_3a1-ante.xml"}, {"form_type": "S-8", "filings_date": "2021-03-05", "url": "https://www.sec.gov/Archives/edgar/data/0001810806/000181080621000054/a2021-03x05formsx8evergreen.htm"}, {"form_type": "10-K", "filings_date": "2021-03-05", "url": "https://www.sec.gov/Archives/edgar/data/0001810806/000181080621000052/unity-20201231.htm"}, {"form_type": "S-8 POS", "filings_date": "2021-03-05", "url": "https://www.sec.gov/Archives/edgar/data/0001810806/000181080621000050/a2021-03x05formsx8resale.htm"}, {"form_type": "4", "filings_date": "2021-03-05", "url": "https://www.sec.gov/Archives/edgar/data/0001810806/000181080621000045/xslF345X03/wf-form4_161495514847206.xml"}, {"form_type": "4", "filings_date": "2021-03-05", "url": "https://www.sec.gov/Archives/edgar/data/0001810806/000181080621000044/xslF345X03/wf-form4_161495513231926.xml"}, {"form_type": "4", "filings_date": "2021-03-05", "url": "https://www.sec.gov/Archives/edgar/data/0001810806/000181080621000043/xslF345X03/wf-form4_161495511672054.xml"}, {"form_type": "4", "filings_date": "2021-03-05", "url": "https://www.sec.gov/Archives/edgar/data/0001810806/000181080621000042/xslF345X03/wf-form4_161495509852158.xml"}, {"form_type": "4", "filings_date": "2021-03-05", "url": "https://www.sec.gov/Archives/edgar/data/0001810806/000181080621000041/xslF345X03/wf-form4_161495508354118.xml"}, {"form_type": "4", "filings_date": "2021-03-04", "url": "https://www.sec.gov/Archives/edgar/data/0001810806/000181080621000035/xslF345X03/wf-form4_161489720283840.xml"}, {"form_type": "3", "filings_date": "2021-03-03", "url": "https://www.sec.gov/Archives/edgar/data/0001810806/000181080621000031/xslF345X02/wf-form3_161481584723110.xml"}, {"form_type": "4", "filings_date": "2021-03-03", "url": "https://www.sec.gov/Archives/edgar/data/0001810806/000181080621000028/xslF345X03/wf-form4_161478897688948.xml"}, {"form_type": "SC 13G", "filings_date": "2021-02-19", "url": "https://www.sec.gov/Archives/edgar/data/0001810806/000092189521000508/sc13g10826u_02182021.htm"}, {"form_type": "4", "filings_date": "2021-02-18", "url": "https://www.sec.gov/Archives/edgar/data/0001810806/000181080621000025/xslF345X03/wf-form4_161369140277464.xml"}, {"form_type": "SC 13G", "filings_date": "2021-02-16", "url": "https://www.sec.gov/Archives/edgar/data/0001810806/000095014221000608/eh210130947_13g-unity.htm"}, {"form_type": "SC 13G", "filings_date": "2021-02-16", "url": "https://www.sec.gov/Archives/edgar/data/0001810806/000119312521043194/d129459dsc13g.htm"}, {"form_type": "SC 13G", "filings_date": "2021-02-12", "url": "https://www.sec.gov/Archives/edgar/data/0001810806/000119312521041580/d117875dsc13g.htm"}, {"form_type": "4", "filings_date": "2021-02-11", "url": "https://www.sec.gov/Archives/edgar/data/0001810806/000106299321001286/xslF345X03/form4.xml"}, {"form_type": "4", "filings_date": "2021-02-11", "url": "https://www.sec.gov/Archives/edgar/data/0001810806/000181080621000023/xslF345X03/wf-form4_161307746741213.xml"}, {"form_type": "4", "filings_date": "2021-02-11", "url": "https://www.sec.gov/Archives/edgar/data/0001810806/000181080621000022/xslF345X03/wf-form4_161307743740886.xml"}, {"form_type": "4", "filings_date": "2021-02-11", "url": "https://www.sec.gov/Archives/edgar/data/0001810806/000181080621000021/xslF345X03/wf-form4_161307740930605.xml"}, {"form_type": "4", "filings_date": "2021-02-11", "url": "https://www.sec.gov/Archives/edgar/data/0001810806/000181080621000020/xslF345X03/wf-form4_161307737156824.xml"}, {"form_type": "4", "filings_date": "2021-02-11", "url": "https://www.sec.gov/Archives/edgar/data/0001810806/000181080621000019/xslF345X03/wf-form4_161307734415364.xml"}, {"form_type": "4", "filings_date": "2021-02-10", "url": "https://www.sec.gov/Archives/edgar/data/0001810806/000110465921020073/xslF345X03/tm216241d1_4.xml"}, {"form_type": "4", "filings_date": "2021-02-10", "url": "https://www.sec.gov/Archives/edgar/data/0001810806/000089924321005711/xslF345X03/doc4.xml"}, {"form_type": "4", "filings_date": "2021-02-09", "url": "https://www.sec.gov/Archives/edgar/data/0001810806/000181080621000013/xslF345X03/wf-form4_161288617347807.xml"}, {"form_type": "8-K", "filings_date": "2021-02-04", "url": "https://www.sec.gov/Archives/edgar/data/0001810806/000181080621000011/unity-20210204.htm"}, {"form_type": "5", "filings_date": "2021-01-12", "url": "https://www.sec.gov/Archives/edgar/data/0001810806/000181080621000006/xslF345X03/wf-form5_161046370731215.xml"}, {"form_type": "5", "filings_date": "2021-01-12", "url": "https://www.sec.gov/Archives/edgar/data/0001810806/000181080621000005/xslF345X03/wf-form5_161046369037725.xml"}, {"form_type": "4", "filings_date": "2021-01-04", "url": "https://www.sec.gov/Archives/edgar/data/0001810806/000181080621000002/xslF345X03/wf-form4_160979269161427.xml"}, {"form_type": "4", "filings_date": "2020-12-14", "url": "https://www.sec.gov/Archives/edgar/data/0001810806/000181080620000037/xslF345X03/wf-form4_160799382372572.xml"}, {"form_type": "4", "filings_date": "2020-12-09", "url": "https://www.sec.gov/Archives/edgar/data/0001810806/000181080620000035/xslF345X03/wf-form4_160752986510571.xml"}, {"form_type": "4", "filings_date": "2020-12-08", "url": "https://www.sec.gov/Archives/edgar/data/0001810806/000181080620000033/xslF345X03/wf-form4_160746039700288.xml"}, {"form_type": "4", "filings_date": "2020-11-18", "url": "https://www.sec.gov/Archives/edgar/data/0001810806/000181080620000031/xslF345X03/wf-form4_160574982230058.xml"}, {"form_type": "4", "filings_date": "2020-11-18", "url": "https://www.sec.gov/Archives/edgar/data/0001810806/000181080620000030/xslF345X03/wf-form4_160574980476829.xml"}, {"form_type": "4", "filings_date": "2020-11-18", "url": "https://www.sec.gov/Archives/edgar/data/0001810806/000181080620000029/xslF345X03/wf-form4_160574978264373.xml"}, {"form_type": "4", "filings_date": "2020-11-18", "url": "https://www.sec.gov/Archives/edgar/data/0001810806/000181080620000028/xslF345X03/wf-form4_160574976165121.xml"}, {"form_type": "4", "filings_date": "2020-11-18", "url": "https://www.sec.gov/Archives/edgar/data/0001810806/000181080620000027/xslF345X03/wf-form4_160574973332364.xml"}, {"form_type": "4", "filings_date": "2020-11-18", "url": "https://www.sec.gov/Archives/edgar/data/0001810806/000181080620000026/xslF345X03/wf-form4_160574971805696.xml"}, {"form_type": "4", "filings_date": "2020-11-18", "url": "https://www.sec.gov/Archives/edgar/data/0001810806/000181080620000025/xslF345X03/wf-form4_160574969637713.xml"}, {"form_type": "4", "filings_date": "2020-11-18", "url": "https://www.sec.gov/Archives/edgar/data/0001810806/000181080620000024/xslF345X03/wf-form4_160574967886381.xml"}, {"form_type": "S-8", "filings_date": "2020-11-13", "url": "https://www.sec.gov/Archives/edgar/data/0001810806/000181080620000013/a2020-11x13formsx8.htm"}, {"form_type": "10-Q", "filings_date": "2020-11-13", "url": "https://www.sec.gov/Archives/edgar/data/0001810806/000181080620000011/unity-20200930.htm"}, {"form_type": "8-K", "filings_date": "2020-11-12", "url": "https://www.sec.gov/Archives/edgar/data/0001810806/000181080620000007/a2020q38-ker.htm"}, {"form_type": "SC 13D", "filings_date": "2020-09-29", "url": "https://www.sec.gov/Archives/edgar/data/0001810806/000119312520256885/d24030dsc13d.htm"}, {"form_type": "3", "filings_date": "2020-09-28", "url": "https://www.sec.gov/Archives/edgar/data/0001810806/000112329220001102/xslF345X02/edgar.xml"}, {"form_type": "4", "filings_date": "2020-09-23", "url": "https://www.sec.gov/Archives/edgar/data/0001810806/000089924320026165/xslF345X03/doc4.xml"}, {"form_type": "4", "filings_date": "2020-09-22", "url": "https://www.sec.gov/Archives/edgar/data/0001810806/000089924320025994/xslF345X03/doc4.xml"}, {"form_type": "4", "filings_date": "2020-09-22", "url": "https://www.sec.gov/Archives/edgar/data/0001810806/000089924320025993/xslF345X03/doc4.xml"}, {"form_type": "4", "filings_date": "2020-09-22", "url": "https://www.sec.gov/Archives/edgar/data/0001810806/000089924320025992/xslF345X03/doc4.xml"}, {"form_type": "4", "filings_date": "2020-09-22", "url": "https://www.sec.gov/Archives/edgar/data/0001810806/000120919120051495/xslF345X03/doc4.xml"}, {"form_type": "8-K", "filings_date": "2020-09-22", "url": "https://www.sec.gov/Archives/edgar/data/0001810806/000119312520251256/d440188d8k.htm"}, {"form_type": "4/A", "filings_date": "2020-09-18", "url": "https://www.sec.gov/Archives/edgar/data/0001810806/000089924320025754/xslF345X03/doc4a.xml"}, {"form_type": "424B4", "filings_date": "2020-09-18", "url": "https://www.sec.gov/Archives/edgar/data/0001810806/000119312520249257/d908875d424b4.htm"}, {"form_type": "S-8", "filings_date": "2020-09-18", "url": "https://www.sec.gov/Archives/edgar/data/0001810806/000119312520248526/d89382ds8.htm"}, {"form_type": "S-8", "filings_date": "2020-09-18", "url": "https://www.sec.gov/Archives/edgar/data/0001810806/000119312520248520/d91666ds8.htm"}, {"form_type": "EFFECT", "filings_date": "2020-09-17", "url": "https://www.sec.gov/Archives/edgar/data/0001810806/999999999520002481/xslEFFECTX01/primary_doc.xml"}, {"form_type": "4", "filings_date": "2020-09-17", "url": "https://www.sec.gov/Archives/edgar/data/0001810806/000089924320025626/xslF345X03/doc4.xml"}, {"form_type": "3", "filings_date": "2020-09-17", "url": "https://www.sec.gov/Archives/edgar/data/0001810806/000089924320025623/xslF345X02/doc3.xml"}, {"form_type": "3", "filings_date": "2020-09-17", "url": "https://www.sec.gov/Archives/edgar/data/0001810806/000120919120051087/xslF345X02/doc3.xml"}, {"form_type": "4", "filings_date": "2020-09-17", "url": "https://www.sec.gov/Archives/edgar/data/0001810806/000120919120051086/xslF345X03/doc4.xml"}, {"form_type": "4", "filings_date": "2020-09-17", "url": "https://www.sec.gov/Archives/edgar/data/0001810806/000120919120051085/xslF345X03/doc4.xml"}, {"form_type": "4", "filings_date": "2020-09-17", "url": "https://www.sec.gov/Archives/edgar/data/0001810806/000120919120051084/xslF345X03/doc4.xml"}, {"form_type": "4", "filings_date": "2020-09-17", "url": "https://www.sec.gov/Archives/edgar/data/0001810806/000120919120051083/xslF345X03/doc4.xml"}, {"form_type": "4", "filings_date": "2020-09-17", "url": "https://www.sec.gov/Archives/edgar/data/0001810806/000089924320025611/xslF345X03/doc4.xml"}, {"form_type": "3", "filings_date": "2020-09-17", "url": "https://www.sec.gov/Archives/edgar/data/0001810806/000089924320025608/xslF345X02/doc3.xml"}, {"form_type": "3", "filings_date": "2020-09-17", "url": "https://www.sec.gov/Archives/edgar/data/0001810806/000089924320025607/xslF345X02/doc3.xml"}, {"form_type": "3", "filings_date": "2020-09-17", "url": "https://www.sec.gov/Archives/edgar/data/0001810806/000120919120051079/xslF345X02/doc3.xml"}, {"form_type": "3", "filings_date": "2020-09-17", "url": "https://www.sec.gov/Archives/edgar/data/0001810806/000120919120051078/xslF345X02/doc3.xml"}, {"form_type": "3", "filings_date": "2020-09-17", "url": "https://www.sec.gov/Archives/edgar/data/0001810806/000120919120051077/xslF345X02/doc3.xml"}, {"form_type": "3", "filings_date": "2020-09-17", "url": "https://www.sec.gov/Archives/edgar/data/0001810806/000089924320025605/xslF345X02/doc3.xml"}, {"form_type": "3", "filings_date": "2020-09-17", "url": "https://www.sec.gov/Archives/edgar/data/0001810806/000120919120051076/xslF345X02/doc3.xml"}, {"form_type": "3", "filings_date": "2020-09-17", "url": "https://www.sec.gov/Archives/edgar/data/0001810806/000120919120051074/xslF345X02/doc3.xml"}, {"form_type": "3", "filings_date": "2020-09-17", "url": "https://www.sec.gov/Archives/edgar/data/0001810806/000120919120051073/xslF345X02/doc3.xml"}, {"form_type": "3", "filings_date": "2020-09-17", "url": "https://www.sec.gov/Archives/edgar/data/0001810806/000120919120051072/xslF345X02/doc3.xml"}, {"form_type": "3", "filings_date": "2020-09-17", "url": "https://www.sec.gov/Archives/edgar/data/0001810806/000120919120051071/xslF345X02/doc3.xml"}, {"form_type": "3", "filings_date": "2020-09-17", "url": "https://www.sec.gov/Archives/edgar/data/0001810806/000120919120051070/xslF345X02/doc3.xml"}, {"form_type": "3", "filings_date": "2020-09-17", "url": "https://www.sec.gov/Archives/edgar/data/0001810806/000120919120051069/xslF345X02/doc3.xml"}, {"form_type": "3", "filings_date": "2020-09-17", "url": "https://www.sec.gov/Archives/edgar/data/0001810806/000120919120051068/xslF345X02/doc3.xml"}, {"form_type": "3", "filings_date": "2020-09-17", "url": "https://www.sec.gov/Archives/edgar/data/0001810806/000120919120051067/xslF345X02/doc3.xml"}, {"form_type": "3", "filings_date": "2020-09-17", "url": "https://www.sec.gov/Archives/edgar/data/0001810806/000120919120051063/xslF345X02/doc3.xml"}, {"form_type": "S-1/A", "filings_date": "2020-09-16", "url": "https://www.sec.gov/Archives/edgar/data/0001810806/000119312520246641/d908875ds1a.htm"}, {"form_type": "CORRESP", "filings_date": "2020-09-15", "url": "https://www.sec.gov/Archives/edgar/data/0001810806/000119312520246343/filename1.htm"}, {"form_type": "CORRESP", "filings_date": "2020-09-15", "url": "https://www.sec.gov/Archives/edgar/data/0001810806/000119312520246335/filename1.htm"}, {"form_type": "CERT", "filings_date": "2020-09-14", "url": "https://www.sec.gov/Archives/edgar/data/0001810806/000087666120000762/U8A091420.pdf"}, {"form_type": "8-A12B", "filings_date": "2020-09-09", "url": "https://www.sec.gov/Archives/edgar/data/0001810806/000119312520241491/d32165d8a12b.htm"}, {"form_type": "S-1/A", "filings_date": "2020-09-09", "url": "https://www.sec.gov/Archives/edgar/data/0001810806/000119312520241459/d908875ds1a.htm"}, {"form_type": "CORRESP", "filings_date": "2020-08-26", "url": "https://www.sec.gov/Archives/edgar/data/0001810806/000119312520231679/filename1.htm"}, {"form_type": "S-1", "filings_date": "2020-08-24", "url": "https://www.sec.gov/Archives/edgar/data/0001810806/000119312520227862/d908875ds1.htm"}, {"form_type": "DRSLTR", "filings_date": "2020-08-04", "url": "https://www.sec.gov/Archives/edgar/data/0001810806/000095012320007666/filename1.htm"}, {"form_type": "DRS/A", "filings_date": "2020-08-04", "url": "https://www.sec.gov/Archives/edgar/data/0001810806/000095012320007654/filename1.htm"}, {"form_type": "UPLOAD", "filings_date": "2020-07-10", "url": "https://www.sec.gov/Archives/edgar/data/0001810806/000000000020006258/filename1.pdf"}, {"form_type": "DRSLTR", "filings_date": "2020-06-26", "url": "https://www.sec.gov/Archives/edgar/data/0001810806/000095012320006416/filename1.htm"}, {"form_type": "DRS/A", "filings_date": "2020-06-26", "url": "https://www.sec.gov/Archives/edgar/data/0001810806/000095012320006410/filename1.htm"}, {"form_type": "UPLOAD", "filings_date": "2020-06-16", "url": "https://www.sec.gov/Archives/edgar/data/0001810806/000000000020005345/filename1.pdf"}, {"form_type": "DRS", "filings_date": "2020-05-20", "url": "https://www.sec.gov/Archives/edgar/data/0001810806/000095012320005472/filename1.htm"}]}