{"company": {"cik": "0001505155", "name": "Upland Software, Inc.", "sic": "Services-Prepackaged Software", "state_incorp": "TX", "ticker": "UPLD", "mailing_addr": "401 CONGRESS AVE., AUSTIN, TX, 78701", "category": "Large accelerated filer", "fiscal_year_end": "31, December"}, "filings": [{"form_type": "4", "filings_date": "2022-03-18", "url": "https://www.sec.gov/Archives/edgar/data/0001505155/000162246122000007/xslF345X03/wf-form4_164763482455689.xml"}, {"form_type": "4", "filings_date": "2022-03-18", "url": "https://www.sec.gov/Archives/edgar/data/0001505155/000162981722000006/xslF345X03/wf-form4_164763459877449.xml"}, {"form_type": "4", "filings_date": "2022-03-18", "url": "https://www.sec.gov/Archives/edgar/data/0001505155/000162828022006729/xslF345X03/wf-form4_164763434241147.xml"}, {"form_type": "4", "filings_date": "2022-03-18", "url": "https://www.sec.gov/Archives/edgar/data/0001505155/000128988922000006/xslF345X03/wf-form4_164763388129791.xml"}, {"form_type": "S-8", "filings_date": "2022-03-02", "url": "https://www.sec.gov/Archives/edgar/data/0001505155/000150515522000021/forms-8x2022evergreen.htm"}, {"form_type": "10-K", "filings_date": "2022-02-24", "url": "https://www.sec.gov/Archives/edgar/data/0001505155/000150515522000017/upld-20211231.htm"}, {"form_type": "8-K", "filings_date": "2022-02-24", "url": "https://www.sec.gov/Archives/edgar/data/0001505155/000150515522000015/upld-20220224.htm"}, {"form_type": "SC 13G/A", "filings_date": "2022-02-08", "url": "https://www.sec.gov/Archives/edgar/data/0001505155/000117266122000251/cdam-upld123121a1.htm"}, {"form_type": "SC 13G/A", "filings_date": "2022-02-03", "url": "https://www.sec.gov/Archives/edgar/data/0001505155/000083423722006302/us91544a1097_020322.txt"}, {"form_type": "SC 13G", "filings_date": "2022-01-28", "url": "https://www.sec.gov/Archives/edgar/data/0001505155/000186102622000005/uplandsoftware.htm"}, {"form_type": "4", "filings_date": "2022-01-14", "url": "https://www.sec.gov/Archives/edgar/data/0001505155/000109479222000002/xslF345X03/wf-form4_164220151664643.xml"}, {"form_type": "4", "filings_date": "2022-01-14", "url": "https://www.sec.gov/Archives/edgar/data/0001505155/000128988922000002/xslF345X03/wf-form4_164219664651809.xml"}, {"form_type": "4", "filings_date": "2022-01-14", "url": "https://www.sec.gov/Archives/edgar/data/0001505155/000162246122000002/xslF345X03/wf-form4_164219552870780.xml"}, {"form_type": "4", "filings_date": "2022-01-14", "url": "https://www.sec.gov/Archives/edgar/data/0001505155/000162981722000002/xslF345X03/wf-form4_164219516817521.xml"}, {"form_type": "8-K", "filings_date": "2022-01-10", "url": "https://www.sec.gov/Archives/edgar/data/0001505155/000150515522000003/upld-20220110.htm"}, {"form_type": "4", "filings_date": "2021-12-21", "url": "https://www.sec.gov/Archives/edgar/data/0001505155/000109479221000024/xslF345X03/wf-form4_164009681897484.xml"}, {"form_type": "4", "filings_date": "2021-12-20", "url": "https://www.sec.gov/Archives/edgar/data/0001505155/000128988921000016/xslF345X03/wf-form4_164004186030768.xml"}, {"form_type": "4", "filings_date": "2021-12-20", "url": "https://www.sec.gov/Archives/edgar/data/0001505155/000162981721000010/xslF345X03/wf-form4_164004119054764.xml"}, {"form_type": "4", "filings_date": "2021-12-20", "url": "https://www.sec.gov/Archives/edgar/data/0001505155/000162246121000012/xslF345X03/wf-form4_164004090816820.xml"}, {"form_type": "4", "filings_date": "2021-11-22", "url": "https://www.sec.gov/Archives/edgar/data/0001505155/000162981721000008/xslF345X03/wf-form4_163761634655344.xml"}, {"form_type": "10-Q", "filings_date": "2021-11-03", "url": "https://www.sec.gov/Archives/edgar/data/0001505155/000150515521000052/upld-20210930.htm"}, {"form_type": "8-K", "filings_date": "2021-11-03", "url": "https://www.sec.gov/Archives/edgar/data/0001505155/000150515521000050/upld-20211103.htm"}, {"form_type": "4", "filings_date": "2021-09-20", "url": "https://www.sec.gov/Archives/edgar/data/0001505155/000128988921000014/xslF345X03/wf-form4_163217196774725.xml"}, {"form_type": "4", "filings_date": "2021-09-20", "url": "https://www.sec.gov/Archives/edgar/data/0001505155/000162246121000010/xslF345X03/wf-form4_163216948777814.xml"}, {"form_type": "4", "filings_date": "2021-09-20", "url": "https://www.sec.gov/Archives/edgar/data/0001505155/000109479221000022/xslF345X03/wf-form4_163216856826268.xml"}, {"form_type": "4/A", "filings_date": "2021-09-20", "url": "https://www.sec.gov/Archives/edgar/data/0001505155/000109479221000021/xslF345X03/wf-form4a_163216848257994.xml"}, {"form_type": "4", "filings_date": "2021-08-04", "url": "https://www.sec.gov/Archives/edgar/data/0001505155/000180572521000002/xslF345X03/wf-form4_162810969354326.xml"}, {"form_type": "4", "filings_date": "2021-08-04", "url": "https://www.sec.gov/Archives/edgar/data/0001505155/000171989521000002/xslF345X03/wf-form4_162810954802014.xml"}, {"form_type": "4", "filings_date": "2021-08-04", "url": "https://www.sec.gov/Archives/edgar/data/0001505155/000145863521000004/xslF345X03/wf-form4_162810941063112.xml"}, {"form_type": "4", "filings_date": "2021-08-04", "url": "https://www.sec.gov/Archives/edgar/data/0001505155/000113105821000003/xslF345X03/wf-form4_162810924738380.xml"}, {"form_type": "10-Q", "filings_date": "2021-08-04", "url": "https://www.sec.gov/Archives/edgar/data/0001505155/000150515521000046/upld-20210630.htm"}, {"form_type": "8-K", "filings_date": "2021-08-04", "url": "https://www.sec.gov/Archives/edgar/data/0001505155/000150515521000045/upld-20210804.htm"}, {"form_type": "SC 13G/A", "filings_date": "2021-07-09", "url": "https://www.sec.gov/Archives/edgar/data/0001505155/000114036121023911/brhc10026752_sc13ga.htm"}, {"form_type": "4", "filings_date": "2021-07-02", "url": "https://www.sec.gov/Archives/edgar/data/0001505155/000109479221000018/xslF345X03/wf-form4_162526327749459.xml"}, {"form_type": "8-K", "filings_date": "2021-06-24", "url": "https://www.sec.gov/Archives/edgar/data/0001505155/000150515521000038/upld-20210624.htm"}, {"form_type": "4", "filings_date": "2021-06-21", "url": "https://www.sec.gov/Archives/edgar/data/0001505155/000162246121000008/xslF345X03/wf-form4_162431693674715.xml"}, {"form_type": "4", "filings_date": "2021-06-21", "url": "https://www.sec.gov/Archives/edgar/data/0001505155/000109479221000016/xslF345X03/wf-form4_162431679280657.xml"}, {"form_type": "4", "filings_date": "2021-06-21", "url": "https://www.sec.gov/Archives/edgar/data/0001505155/000128988921000012/xslF345X03/wf-form4_162431663471909.xml"}, {"form_type": "4", "filings_date": "2021-06-21", "url": "https://www.sec.gov/Archives/edgar/data/0001505155/000162981721000006/xslF345X03/wf-form4_162430729264880.xml"}, {"form_type": "8-K", "filings_date": "2021-06-10", "url": "https://www.sec.gov/Archives/edgar/data/0001505155/000150515521000035/upld-20210609.htm"}, {"form_type": "SC 13G", "filings_date": "2021-05-26", "url": "https://www.sec.gov/Archives/edgar/data/0001505155/000114036121018762/brhc10025109_sc13g.htm"}, {"form_type": "3/A", "filings_date": "2021-05-24", "url": "https://www.sec.gov/Archives/edgar/data/0001505155/000120919121035312/xslF345X02/doc3a.xml"}, {"form_type": "SC 13D/A", "filings_date": "2021-05-24", "url": "https://www.sec.gov/Archives/edgar/data/0001505155/000114036121018526/brhc10024925_sc13da.htm"}, {"form_type": "3", "filings_date": "2021-05-10", "url": "https://www.sec.gov/Archives/edgar/data/0001505155/000162981721000004/xslF345X02/wf-form3_162068052934196.xml"}, {"form_type": "10-Q", "filings_date": "2021-05-05", "url": "https://www.sec.gov/Archives/edgar/data/0001505155/000150515521000031/upld-20210331.htm"}, {"form_type": "8-K", "filings_date": "2021-05-05", "url": "https://www.sec.gov/Archives/edgar/data/0001505155/000150515521000030/upld-20210505.htm"}, {"form_type": "DEF 14A", "filings_date": "2021-04-30", "url": "https://www.sec.gov/Archives/edgar/data/0001505155/000150515521000025/proxy2021.htm"}, {"form_type": "4", "filings_date": "2021-04-20", "url": "https://www.sec.gov/Archives/edgar/data/0001505155/000162246121000006/xslF345X03/wf-form4_161895647804172.xml"}, {"form_type": "4", "filings_date": "2021-03-19", "url": "https://www.sec.gov/Archives/edgar/data/0001505155/000128988921000010/xslF345X03/wf-form4_161618472382493.xml"}, {"form_type": "4", "filings_date": "2021-03-19", "url": "https://www.sec.gov/Archives/edgar/data/0001505155/000109479221000014/xslF345X03/wf-form4_161618463311626.xml"}, {"form_type": "4", "filings_date": "2021-03-19", "url": "https://www.sec.gov/Archives/edgar/data/0001505155/000162246121000004/xslF345X03/wf-form4_161618454959290.xml"}, {"form_type": "4", "filings_date": "2021-03-03", "url": "https://www.sec.gov/Archives/edgar/data/0001505155/000145863521000002/xslF345X03/wf-form4_161480564745544.xml"}, {"form_type": "8-K/A", "filings_date": "2021-03-02", "url": "https://www.sec.gov/Archives/edgar/data/0001505155/000150515521000021/upld-20210302.htm"}, {"form_type": "8-K", "filings_date": "2021-03-02", "url": "https://www.sec.gov/Archives/edgar/data/0001505155/000150515521000018/upld-20210302.htm"}, {"form_type": "S-8", "filings_date": "2021-02-26", "url": "https://www.sec.gov/Archives/edgar/data/0001505155/000150515521000014/forms-8x2021evergreen.htm"}, {"form_type": "10-K", "filings_date": "2021-02-25", "url": "https://www.sec.gov/Archives/edgar/data/0001505155/000150515521000011/upld-20201231.htm"}, {"form_type": "4", "filings_date": "2021-02-24", "url": "https://www.sec.gov/Archives/edgar/data/0001505155/000128988921000008/xslF345X03/wf-form4_161420769239914.xml"}, {"form_type": "4", "filings_date": "2021-02-24", "url": "https://www.sec.gov/Archives/edgar/data/0001505155/000162246121000002/xslF345X03/wf-form4_161420755127438.xml"}, {"form_type": "4", "filings_date": "2021-02-24", "url": "https://www.sec.gov/Archives/edgar/data/0001505155/000109479221000012/xslF345X03/wf-form4_161420746013945.xml"}, {"form_type": "8-K", "filings_date": "2021-02-24", "url": "https://www.sec.gov/Archives/edgar/data/0001505155/000150515521000007/upld-20210224.htm"}, {"form_type": "4", "filings_date": "2021-02-12", "url": "https://www.sec.gov/Archives/edgar/data/0001505155/000109479221000010/xslF345X03/wf-form4_161316681650859.xml"}, {"form_type": "4", "filings_date": "2021-02-12", "url": "https://www.sec.gov/Archives/edgar/data/0001505155/000162406721000004/xslF345X03/wf-form4_161316661058828.xml"}, {"form_type": "SC 13G", "filings_date": "2021-02-11", "url": "https://www.sec.gov/Archives/edgar/data/0001505155/000117266121000325/cdam-upld123120.htm"}, {"form_type": "4", "filings_date": "2021-02-09", "url": "https://www.sec.gov/Archives/edgar/data/0001505155/000162406721000002/xslF345X03/wf-form4_161291216251412.xml"}, {"form_type": "4", "filings_date": "2021-02-09", "url": "https://www.sec.gov/Archives/edgar/data/0001505155/000109479221000008/xslF345X03/wf-form4_161291003724626.xml"}, {"form_type": "4", "filings_date": "2021-02-04", "url": "https://www.sec.gov/Archives/edgar/data/0001505155/000109479221000006/xslF345X03/wf-form4_161248053669085.xml"}, {"form_type": "4", "filings_date": "2021-02-04", "url": "https://www.sec.gov/Archives/edgar/data/0001505155/000128988921000006/xslF345X03/wf-form4_161247609237056.xml"}, {"form_type": "SC 13G/A", "filings_date": "2021-02-01", "url": "https://www.sec.gov/Archives/edgar/data/0001505155/000083423721005730/us91544a1097_013121.txt"}, {"form_type": "4", "filings_date": "2021-01-29", "url": "https://www.sec.gov/Archives/edgar/data/0001505155/000109479221000004/xslF345X03/wf-form4_161195575031783.xml"}, {"form_type": "4", "filings_date": "2021-01-29", "url": "https://www.sec.gov/Archives/edgar/data/0001505155/000128988921000004/xslF345X03/wf-form4_161195554381330.xml"}, {"form_type": "4", "filings_date": "2021-01-25", "url": "https://www.sec.gov/Archives/edgar/data/0001505155/000128988921000002/xslF345X03/wf-form4_161161525054577.xml"}, {"form_type": "4", "filings_date": "2021-01-25", "url": "https://www.sec.gov/Archives/edgar/data/0001505155/000109479221000002/xslF345X03/wf-form4_161161519176182.xml"}, {"form_type": "8-K", "filings_date": "2021-01-20", "url": "https://www.sec.gov/Archives/edgar/data/0001505155/000150515521000005/upld-20210120.htm"}, {"form_type": "4", "filings_date": "2020-12-23", "url": "https://www.sec.gov/Archives/edgar/data/0001505155/000109479220000014/xslF345X03/wf-form4_160876493328751.xml"}, {"form_type": "4", "filings_date": "2020-12-23", "url": "https://www.sec.gov/Archives/edgar/data/0001505155/000162406720000014/xslF345X03/wf-form4_160876485213178.xml"}, {"form_type": "4", "filings_date": "2020-12-23", "url": "https://www.sec.gov/Archives/edgar/data/0001505155/000162246120000010/xslF345X03/wf-form4_160876478047485.xml"}, {"form_type": "4", "filings_date": "2020-12-23", "url": "https://www.sec.gov/Archives/edgar/data/0001505155/000128988920000014/xslF345X03/wf-form4_160876390697390.xml"}, {"form_type": "4", "filings_date": "2020-12-21", "url": "https://www.sec.gov/Archives/edgar/data/0001505155/000162246120000008/xslF345X03/wf-form4_160858457260802.xml"}, {"form_type": "4", "filings_date": "2020-11-13", "url": "https://www.sec.gov/Archives/edgar/data/0001505155/000113105820000004/xslF345X03/wf-form4_160530170417020.xml"}, {"form_type": "4", "filings_date": "2020-11-09", "url": "https://www.sec.gov/Archives/edgar/data/0001505155/000128988920000012/xslF345X03/wf-form4_160495712263397.xml"}, {"form_type": "10-Q", "filings_date": "2020-11-06", "url": "https://www.sec.gov/Archives/edgar/data/0001505155/000150515520000050/upld-20200930.htm"}, {"form_type": "8-K", "filings_date": "2020-11-05", "url": "https://www.sec.gov/Archives/edgar/data/0001505155/000150515520000048/upld-20201105.htm"}, {"form_type": "4", "filings_date": "2020-10-20", "url": "https://www.sec.gov/Archives/edgar/data/0001505155/000162406720000012/xslF345X03/wf-form4_160322481013457.xml"}, {"form_type": "4", "filings_date": "2020-10-02", "url": "https://www.sec.gov/Archives/edgar/data/0001505155/000109479220000012/xslF345X03/wf-form4_160166903737258.xml"}, {"form_type": "4", "filings_date": "2020-09-18", "url": "https://www.sec.gov/Archives/edgar/data/0001505155/000128988920000010/xslF345X03/wf-form4_160046290300637.xml"}, {"form_type": "4", "filings_date": "2020-09-18", "url": "https://www.sec.gov/Archives/edgar/data/0001505155/000162406720000010/xslF345X03/wf-form4_160046267321499.xml"}, {"form_type": "4", "filings_date": "2020-09-18", "url": "https://www.sec.gov/Archives/edgar/data/0001505155/000109479220000010/xslF345X03/wf-form4_160046255254358.xml"}, {"form_type": "8-K", "filings_date": "2020-08-28", "url": "https://www.sec.gov/Archives/edgar/data/0001505155/000150515520000045/upld-20200826.htm"}, {"form_type": "4", "filings_date": "2020-08-18", "url": "https://www.sec.gov/Archives/edgar/data/0001505155/000145863520000006/xslF345X03/wf-form4_159775595358873.xml"}, {"form_type": "8-K", "filings_date": "2020-08-14", "url": "https://www.sec.gov/Archives/edgar/data/0001505155/000150515520000043/upld-20200811.htm"}, {"form_type": "424B5", "filings_date": "2020-08-12", "url": "https://www.sec.gov/Archives/edgar/data/0001505155/000110465920093968/tm2026818-5_424b5.htm"}, {"form_type": "8-K", "filings_date": "2020-08-10", "url": "https://www.sec.gov/Archives/edgar/data/0001505155/000150515520000041/upld-20200810.htm"}, {"form_type": "424B3", "filings_date": "2020-08-10", "url": "https://www.sec.gov/Archives/edgar/data/0001505155/000110465920092815/tm2026818-3_424b3.htm"}, {"form_type": "S-3ASR", "filings_date": "2020-08-10", "url": "https://www.sec.gov/Archives/edgar/data/0001505155/000110465920092785/tm2026818-1_s3.htm"}, {"form_type": "4", "filings_date": "2020-08-10", "url": "https://www.sec.gov/Archives/edgar/data/0001505155/000162406720000008/xslF345X03/wf-form4_159706446081264.xml"}, {"form_type": "4", "filings_date": "2020-08-10", "url": "https://www.sec.gov/Archives/edgar/data/0001505155/000109479220000008/xslF345X03/wf-form4_159706433505328.xml"}, {"form_type": "10-Q", "filings_date": "2020-08-07", "url": "https://www.sec.gov/Archives/edgar/data/0001505155/000150515520000039/upld-20200630.htm"}, {"form_type": "8-K", "filings_date": "2020-08-06", "url": "https://www.sec.gov/Archives/edgar/data/0001505155/000150515520000036/upld-20200806.htm"}, {"form_type": "4", "filings_date": "2020-08-05", "url": "https://www.sec.gov/Archives/edgar/data/0001505155/000180572520000007/xslF345X03/wf-form4_159665826310549.xml"}, {"form_type": "4", "filings_date": "2020-08-05", "url": "https://www.sec.gov/Archives/edgar/data/0001505155/000171989520000002/xslF345X03/wf-form4_159665818689796.xml"}, {"form_type": "4", "filings_date": "2020-08-05", "url": "https://www.sec.gov/Archives/edgar/data/0001505155/000145863520000004/xslF345X03/wf-form4_159665809127695.xml"}, {"form_type": "4", "filings_date": "2020-08-05", "url": "https://www.sec.gov/Archives/edgar/data/0001505155/000113105820000002/xslF345X03/wf-form4_159665799131833.xml"}, {"form_type": "4", "filings_date": "2020-06-18", "url": "https://www.sec.gov/Archives/edgar/data/0001505155/000109479220000006/xslF345X03/wf-form4_159252586340148.xml"}, {"form_type": "4", "filings_date": "2020-06-18", "url": "https://www.sec.gov/Archives/edgar/data/0001505155/000162406720000006/xslF345X03/wf-form4_159252577381538.xml"}, {"form_type": "4", "filings_date": "2020-06-18", "url": "https://www.sec.gov/Archives/edgar/data/0001505155/000128988920000008/xslF345X03/wf-form4_159252568296521.xml"}, {"form_type": "4", "filings_date": "2020-06-18", "url": "https://www.sec.gov/Archives/edgar/data/0001505155/000162246120000006/xslF345X03/wf-form4_159252558649731.xml"}, {"form_type": "8-K", "filings_date": "2020-06-11", "url": "https://www.sec.gov/Archives/edgar/data/0001505155/000150515520000032/upld-20200610.htm"}, {"form_type": "10-Q", "filings_date": "2020-05-08", "url": "https://www.sec.gov/Archives/edgar/data/0001505155/000150515520000030/upld-20200331.htm"}, {"form_type": "8-K", "filings_date": "2020-05-07", "url": "https://www.sec.gov/Archives/edgar/data/0001505155/000150515520000027/upld-20200507.htm"}, {"form_type": "DEF 14A", "filings_date": "2020-04-27", "url": "https://www.sec.gov/Archives/edgar/data/0001505155/000150515520000022/proxy2020.htm"}, {"form_type": "4", "filings_date": "2020-03-18", "url": "https://www.sec.gov/Archives/edgar/data/0001505155/000109479220000004/xslF345X03/wf-form4_158457580337839.xml"}, {"form_type": "4", "filings_date": "2020-03-18", "url": "https://www.sec.gov/Archives/edgar/data/0001505155/000162246120000004/xslF345X03/wf-form4_158456522886842.xml"}, {"form_type": "4", "filings_date": "2020-03-18", "url": "https://www.sec.gov/Archives/edgar/data/0001505155/000128988920000006/xslF345X03/wf-form4_158456506098438.xml"}, {"form_type": "4", "filings_date": "2020-03-18", "url": "https://www.sec.gov/Archives/edgar/data/0001505155/000162406720000004/xslF345X03/wf-form4_158456481961914.xml"}, {"form_type": "4", "filings_date": "2020-03-16", "url": "https://www.sec.gov/Archives/edgar/data/0001505155/000180572520000005/xslF345X03/wf-form4_158439351056788.xml"}, {"form_type": "S-8", "filings_date": "2020-03-06", "url": "https://www.sec.gov/Archives/edgar/data/0001505155/000150515520000018/forms-8x2020evergreen.htm"}, {"form_type": "4", "filings_date": "2020-03-06", "url": "https://www.sec.gov/Archives/edgar/data/0001505155/000128988920000004/xslF345X03/wf-form4_158352862221749.xml"}, {"form_type": "3", "filings_date": "2020-03-05", "url": "https://www.sec.gov/Archives/edgar/data/0001505155/000180572520000003/xslF345X02/wf-form3_158344314819839.xml"}, {"form_type": "4", "filings_date": "2020-03-03", "url": "https://www.sec.gov/Archives/edgar/data/0001505155/000162246120000002/xslF345X03/wf-form4_158327751593065.xml"}, {"form_type": "10-K", "filings_date": "2020-03-02", "url": "https://www.sec.gov/Archives/edgar/data/0001505155/000150515520000015/upld-20191231.htm"}, {"form_type": "8-K", "filings_date": "2020-02-28", "url": "https://www.sec.gov/Archives/edgar/data/0001505155/000150515520000013/upld-20200224.htm"}, {"form_type": "4", "filings_date": "2020-02-26", "url": "https://www.sec.gov/Archives/edgar/data/0001505155/000109479220000002/xslF345X03/wf-form4_158276186125598.xml"}, {"form_type": "4", "filings_date": "2020-02-26", "url": "https://www.sec.gov/Archives/edgar/data/0001505155/000128988920000002/xslF345X03/wf-form4_158276121443822.xml"}, {"form_type": "4", "filings_date": "2020-02-26", "url": "https://www.sec.gov/Archives/edgar/data/0001505155/000162406720000002/xslF345X03/wf-form4_158276106896890.xml"}, {"form_type": "8-K", "filings_date": "2020-02-26", "url": "https://www.sec.gov/Archives/edgar/data/0001505155/000150515520000010/upld-20200226.htm"}, {"form_type": "SC 13G/A", "filings_date": "2020-02-14", "url": "https://www.sec.gov/Archives/edgar/data/0001505155/000110465920020943/tm207804-2_sc13ga.htm"}, {"form_type": "8-K", "filings_date": "2020-02-07", "url": "https://www.sec.gov/Archives/edgar/data/0001505155/000150515520000007/upld-20200207.htm"}, {"form_type": "SC 13G", "filings_date": "2020-02-07", "url": "https://www.sec.gov/Archives/edgar/data/0001505155/000083423720008230/us91544a1097_020620.txt"}, {"form_type": "5", "filings_date": "2020-02-06", "url": "https://www.sec.gov/Archives/edgar/data/0001505155/000145863520000002/xslF345X03/wf-form5_158102446976334.xml"}, {"form_type": "8-K", "filings_date": "2020-02-04", "url": "https://www.sec.gov/Archives/edgar/data/0001505155/000150515520000005/upld-20200203.htm"}, {"form_type": "4", "filings_date": "2019-12-18", "url": "https://www.sec.gov/Archives/edgar/data/0001505155/000109479219000013/xslF345X03/wf-form4_157670541603108.xml"}, {"form_type": "4", "filings_date": "2019-12-18", "url": "https://www.sec.gov/Archives/edgar/data/0001505155/000162406719000012/xslF345X03/wf-form4_157670527293615.xml"}, {"form_type": "4", "filings_date": "2019-12-18", "url": "https://www.sec.gov/Archives/edgar/data/0001505155/000128988919000013/xslF345X03/wf-form4_157670508855757.xml"}, {"form_type": "8-K", "filings_date": "2019-11-26", "url": "https://www.sec.gov/Archives/edgar/data/0001505155/000150515519000085/form8-kxtlbextension1.htm"}, {"form_type": "8-K", "filings_date": "2019-11-13", "url": "https://www.sec.gov/Archives/edgar/data/0001505155/000150515519000081/form8-kxtlbextension.htm"}, {"form_type": "10-Q", "filings_date": "2019-11-12", "url": "https://www.sec.gov/Archives/edgar/data/0001505155/000150515519000079/upld-20190930.htm"}, {"form_type": "8-K", "filings_date": "2019-11-07", "url": "https://www.sec.gov/Archives/edgar/data/0001505155/000150515519000075/a3q198-kearningsrelease.htm"}, {"form_type": "4", "filings_date": "2019-11-04", "url": "https://www.sec.gov/Archives/edgar/data/0001505155/000113105819000004/xslF345X03/wf-form4_157290159485083.xml"}, {"form_type": "SC 13G", "filings_date": "2019-10-21", "url": "https://www.sec.gov/Archives/edgar/data/0001505155/000110465919055265/a19-20475_1sc13g.htm"}, {"form_type": "8-K", "filings_date": "2019-10-07", "url": "https://www.sec.gov/Archives/edgar/data/0001505155/000150515519000072/form8-kxackbaracquisition.htm"}, {"form_type": "8-K", "filings_date": "2019-10-01", "url": "https://www.sec.gov/Archives/edgar/data/0001505155/000150515519000070/form8-kxyodaacquisition.htm"}, {"form_type": "4", "filings_date": "2019-09-17", "url": "https://www.sec.gov/Archives/edgar/data/0001505155/000128988919000011/xslF345X03/wf-form4_156875334842762.xml"}, {"form_type": "4", "filings_date": "2019-09-17", "url": "https://www.sec.gov/Archives/edgar/data/0001505155/000109479219000011/xslF345X03/wf-form4_156875141800582.xml"}, {"form_type": "4", "filings_date": "2019-09-17", "url": "https://www.sec.gov/Archives/edgar/data/0001505155/000162406719000010/xslF345X03/wf-form4_156875118350207.xml"}, {"form_type": "4", "filings_date": "2019-08-26", "url": "https://www.sec.gov/Archives/edgar/data/0001505155/000145863519000008/xslF345X03/wf-form4_156685021490102.xml"}, {"form_type": "8-K/A", "filings_date": "2019-08-22", "url": "https://www.sec.gov/Archives/edgar/data/0001505155/000150515519000066/form8-kxchewieacquisition1.htm"}, {"form_type": "8-K", "filings_date": "2019-08-22", "url": "https://www.sec.gov/Archives/edgar/data/0001505155/000150515519000064/form8-kxchewieacquisition.htm"}, {"form_type": "4", "filings_date": "2019-08-20", "url": "https://www.sec.gov/Archives/edgar/data/0001505155/000128988919000009/xslF345X03/wf-form4_156633923053295.xml"}, {"form_type": "10-Q", "filings_date": "2019-08-09", "url": "https://www.sec.gov/Archives/edgar/data/0001505155/000150515519000061/a2q1910-q.htm"}, {"form_type": "4", "filings_date": "2019-08-07", "url": "https://www.sec.gov/Archives/edgar/data/0001505155/000171989519000002/xslF345X03/wf-form4_156520947858236.xml"}, {"form_type": "4", "filings_date": "2019-08-07", "url": "https://www.sec.gov/Archives/edgar/data/0001505155/000145863519000006/xslF345X03/wf-form4_156520940177821.xml"}, {"form_type": "4", "filings_date": "2019-08-07", "url": "https://www.sec.gov/Archives/edgar/data/0001505155/000162246119000002/xslF345X03/wf-form4_156520929595568.xml"}, {"form_type": "4", "filings_date": "2019-08-07", "url": "https://www.sec.gov/Archives/edgar/data/0001505155/000113105819000002/xslF345X03/wf-form4_156520920893577.xml"}, {"form_type": "8-K", "filings_date": "2019-08-07", "url": "https://www.sec.gov/Archives/edgar/data/0001505155/000150515519000058/form8-kxtermbloanclosing08.htm"}, {"form_type": "8-K", "filings_date": "2019-08-07", "url": "https://www.sec.gov/Archives/edgar/data/0001505155/000150515519000056/a2q198-kearningsrelease.htm"}, {"form_type": "8-K", "filings_date": "2019-07-01", "url": "https://www.sec.gov/Archives/edgar/data/0001505155/000150515519000053/form8-kx2019tlb.htm"}, {"form_type": "4", "filings_date": "2019-06-18", "url": "https://www.sec.gov/Archives/edgar/data/0001505155/000109479219000009/xslF345X03/wf-form4_156089004664777.xml"}, {"form_type": "4", "filings_date": "2019-06-18", "url": "https://www.sec.gov/Archives/edgar/data/0001505155/000162406719000008/xslF345X03/wf-form4_156088990065708.xml"}, {"form_type": "4", "filings_date": "2019-06-18", "url": "https://www.sec.gov/Archives/edgar/data/0001505155/000128988919000007/xslF345X03/wf-form4_156088981441306.xml"}, {"form_type": "8-K", "filings_date": "2019-06-12", "url": "https://www.sec.gov/Archives/edgar/data/0001505155/000150515519000051/form8-kx2019annualmeeting.htm"}, {"form_type": "8-K", "filings_date": "2019-06-11", "url": "https://www.sec.gov/Archives/edgar/data/0001505155/000150515519000048/form8-kxcreditfacilityupda.htm"}, {"form_type": "SC 13G/A", "filings_date": "2019-06-07", "url": "https://www.sec.gov/Archives/edgar/data/0001505155/000021545719008050/us91544a1097_060719.txt"}, {"form_type": "8-K", "filings_date": "2019-05-28", "url": "https://www.sec.gov/Archives/edgar/data/0001505155/000150515519000045/form8-kxhammerheadacquisit.htm"}, {"form_type": "8-K", "filings_date": "2019-05-14", "url": "https://www.sec.gov/Archives/edgar/data/0001505155/000150515519000042/form8-kxclosingofoffering0.htm"}, {"form_type": "424B5", "filings_date": "2019-05-10", "url": "https://www.sec.gov/Archives/edgar/data/0001505155/000104746919002994/a2238778z424b5.htm"}, {"form_type": "8-K", "filings_date": "2019-05-09", "url": "https://www.sec.gov/Archives/edgar/data/0001505155/000150515519000036/form8-kxsupplementalofferi.htm"}, {"form_type": "424B3", "filings_date": "2019-05-06", "url": "https://www.sec.gov/Archives/edgar/data/0001505155/000104746919002881/a2238739z424b3.htm"}, {"form_type": "8-K", "filings_date": "2019-05-06", "url": "https://www.sec.gov/Archives/edgar/data/0001505155/000150515519000033/form8-kxsx3pressrelease050.htm"}, {"form_type": "10-Q", "filings_date": "2019-05-03", "url": "https://www.sec.gov/Archives/edgar/data/0001505155/000150515519000031/a1q1910-q.htm"}, {"form_type": "8-K", "filings_date": "2019-05-02", "url": "https://www.sec.gov/Archives/edgar/data/0001505155/000150515519000029/q1-20198xkearningsrelease.htm"}, {"form_type": "DEF 14A", "filings_date": "2019-04-26", "url": "https://www.sec.gov/Archives/edgar/data/0001505155/000150515519000027/proxy2019.htm"}, {"form_type": "8-K", "filings_date": "2019-04-22", "url": "https://www.sec.gov/Archives/edgar/data/0001505155/000150515519000023/form8-kxprojectpanther.htm"}, {"form_type": "4/A", "filings_date": "2019-04-03", "url": "https://www.sec.gov/Archives/edgar/data/0001505155/000109479219000007/xslF345X03/wf-form4a_155432499297845.xml"}, {"form_type": "4/A", "filings_date": "2019-04-03", "url": "https://www.sec.gov/Archives/edgar/data/0001505155/000128988919000005/xslF345X03/wf-form4a_155432474306636.xml"}, {"form_type": "4/A", "filings_date": "2019-04-03", "url": "https://www.sec.gov/Archives/edgar/data/0001505155/000162406719000007/xslF345X03/wf-form4a_155432451816125.xml"}, {"form_type": "S-8", "filings_date": "2019-03-29", "url": "https://www.sec.gov/Archives/edgar/data/0001505155/000150515519000020/s-8evergreen2019.htm"}, {"form_type": "4", "filings_date": "2019-03-19", "url": "https://www.sec.gov/Archives/edgar/data/0001505155/000162406719000006/xslF345X03/wf-form4_155303740180294.xml"}, {"form_type": "4", "filings_date": "2019-03-19", "url": "https://www.sec.gov/Archives/edgar/data/0001505155/000128988919000004/xslF345X03/wf-form4_155303723298231.xml"}, {"form_type": "4", "filings_date": "2019-03-19", "url": "https://www.sec.gov/Archives/edgar/data/0001505155/000109479219000006/xslF345X03/wf-form4_155303701991083.xml"}, {"form_type": "10-K", "filings_date": "2019-03-15", "url": "https://www.sec.gov/Archives/edgar/data/0001505155/000150515519000017/a201810-k.htm"}, {"form_type": "8-K", "filings_date": "2019-03-15", "url": "https://www.sec.gov/Archives/edgar/data/0001505155/000150515519000015/form8-kxirsummarymarch2019.htm"}, {"form_type": "8-K/A", "filings_date": "2019-03-15", "url": "https://www.sec.gov/Archives/edgar/data/0001505155/000150515519000013/form8-ka4q18fy18earningsre.htm"}, {"form_type": "4", "filings_date": "2019-03-12", "url": "https://www.sec.gov/Archives/edgar/data/0001505155/000162406719000004/xslF345X03/wf-form4_155242448669004.xml"}, {"form_type": "8-K", "filings_date": "2019-03-07", "url": "https://www.sec.gov/Archives/edgar/data/0001505155/000150515519000009/form8-k4q18fy18earningsrel.htm"}, {"form_type": "4", "filings_date": "2019-03-06", "url": "https://www.sec.gov/Archives/edgar/data/0001505155/000109479219000004/xslF345X03/wf-form4_155190718135527.xml"}, {"form_type": "4", "filings_date": "2019-03-06", "url": "https://www.sec.gov/Archives/edgar/data/0001505155/000162406719000002/xslF345X03/wf-form4_155190687919073.xml"}, {"form_type": "4", "filings_date": "2019-03-06", "url": "https://www.sec.gov/Archives/edgar/data/0001505155/000128988919000002/xslF345X03/wf-form4_155190653316333.xml"}, {"form_type": "SC 13G/A", "filings_date": "2019-02-14", "url": "https://www.sec.gov/Archives/edgar/data/0001505155/000090571819000185/uplandsoftw_13gam2dec312018.htm"}, {"form_type": "5", "filings_date": "2019-02-13", "url": "https://www.sec.gov/Archives/edgar/data/0001505155/000145863519000004/xslF345X03/wf-form5_155009323312210.xml"}, {"form_type": "3/A", "filings_date": "2019-02-13", "url": "https://www.sec.gov/Archives/edgar/data/0001505155/000145863519000002/xslF345X02/wf-form3a_155009301638563.xml"}, {"form_type": "SC 13G/A", "filings_date": "2019-02-11", "url": "https://www.sec.gov/Archives/edgar/data/0001505155/000089742319000022/uplandsoftware13ga5exit.htm"}, {"form_type": "SC 13G", "filings_date": "2019-02-08", "url": "https://www.sec.gov/Archives/edgar/data/0001505155/000021545719006852/us91544a1097_020719.txt"}, {"form_type": "EFFECT", "filings_date": "2019-01-31", "url": "https://www.sec.gov/Archives/edgar/data/0001505155/999999999519000045/xslEFFECTX01/primary_doc.xml"}, {"form_type": "8-K/A", "filings_date": "2019-01-31", "url": "https://www.sec.gov/Archives/edgar/data/0001505155/000150515519000006/upland-adestraxform8xka481.htm"}, {"form_type": "CORRESP", "filings_date": "2019-01-28", "url": "https://www.sec.gov/Archives/edgar/data/0001505155/000150515519000003/filename1.htm"}, {"form_type": "4", "filings_date": "2019-01-22", "url": "https://www.sec.gov/Archives/edgar/data/0001505155/000109479219000002/xslF345X03/wf-form4_154819160841382.xml"}, {"form_type": "4", "filings_date": "2018-12-18", "url": "https://www.sec.gov/Archives/edgar/data/0001505155/000109479218000031/xslF345X03/wf-form4_154517259266556.xml"}, {"form_type": "4", "filings_date": "2018-12-18", "url": "https://www.sec.gov/Archives/edgar/data/0001505155/000162406718000016/xslF345X03/wf-form4_154517133826853.xml"}, {"form_type": "4", "filings_date": "2018-12-18", "url": "https://www.sec.gov/Archives/edgar/data/0001505155/000128988918000014/xslF345X03/wf-form4_154517116999794.xml"}, {"form_type": "UPLOAD", "filings_date": "2018-12-18", "url": "https://www.sec.gov/Archives/edgar/data/0001505155/000000000018038393/filename1.pdf"}, {"form_type": "8-K", "filings_date": "2018-12-13", "url": "https://www.sec.gov/Archives/edgar/data/0001505155/000150515518000026/form8-kxprojectryder.htm"}, {"form_type": "8-K", "filings_date": "2018-12-13", "url": "https://www.sec.gov/Archives/edgar/data/0001505155/000150515518000023/form8-kxsupplementalinform.htm"}, {"form_type": "S-3", "filings_date": "2018-12-12", "url": "https://www.sec.gov/Archives/edgar/data/0001505155/000150515518000021/upland-2018x2019shelfforms.htm"}, {"form_type": "S-3DPOS", "filings_date": "2018-12-12", "url": "https://www.sec.gov/Archives/edgar/data/0001505155/000150515518000020/post-effectiveamendmentsx3.htm"}, {"form_type": "8-K/A", "filings_date": "2018-11-29", "url": "https://www.sec.gov/Archives/edgar/data/0001505155/000150515518000015/upld-form8xkarr.htm"}, {"form_type": "4", "filings_date": "2018-11-19", "url": "https://www.sec.gov/Archives/edgar/data/0001505155/000109479218000029/xslF345X03/wf-form4_154266397082505.xml"}, {"form_type": "4", "filings_date": "2018-11-14", "url": "https://www.sec.gov/Archives/edgar/data/0001505155/000109479218000027/xslF345X03/wf-form4_154223352723557.xml"}, {"form_type": "10-Q", "filings_date": "2018-11-09", "url": "https://www.sec.gov/Archives/edgar/data/0001505155/000150515518000012/a3q1810-q.htm"}, {"form_type": "8-K", "filings_date": "2018-11-08", "url": "https://www.sec.gov/Archives/edgar/data/0001505155/000150515518000009/form8-kxq32018earningsrele.htm"}, {"form_type": "4", "filings_date": "2018-10-09", "url": "https://www.sec.gov/Archives/edgar/data/0001505155/000109479218000025/xslF345X03/wf-form4_153911914003947.xml"}, {"form_type": "8-K", "filings_date": "2018-10-03", "url": "https://www.sec.gov/Archives/edgar/data/0001505155/000150515518000006/form8-k10022018ravenclaw.htm"}, {"form_type": "4", "filings_date": "2018-09-18", "url": "https://www.sec.gov/Archives/edgar/data/0001505155/000109479218000023/xslF345X03/wf-form4_153730226272157.xml"}, {"form_type": "4", "filings_date": "2018-09-18", "url": "https://www.sec.gov/Archives/edgar/data/0001505155/000128988918000012/xslF345X03/wf-form4_153730206279833.xml"}, {"form_type": "4", "filings_date": "2018-09-18", "url": "https://www.sec.gov/Archives/edgar/data/0001505155/000162406718000014/xslF345X03/wf-form4_153730183220709.xml"}, {"form_type": "4", "filings_date": "2018-09-11", "url": "https://www.sec.gov/Archives/edgar/data/0001505155/000109479218000021/xslF345X03/wf-form4_153670561915392.xml"}, {"form_type": "4", "filings_date": "2018-09-06", "url": "https://www.sec.gov/Archives/edgar/data/0001505155/000109479218000019/xslF345X03/wf-form4_153627135963869.xml"}, {"form_type": "4", "filings_date": "2018-08-31", "url": "https://www.sec.gov/Archives/edgar/data/0001505155/000162406718000012/xslF345X03/wf-form4_153574570272549.xml"}, {"form_type": "4/A", "filings_date": "2018-08-30", "url": "https://www.sec.gov/Archives/edgar/data/0001505155/000113105818000004/xslF345X03/wf-form4a_153566707664302.xml"}, {"form_type": "4/A", "filings_date": "2018-08-30", "url": "https://www.sec.gov/Archives/edgar/data/0001505155/000162246118000004/xslF345X03/wf-form4a_153566090400180.xml"}, {"form_type": "4/A", "filings_date": "2018-08-30", "url": "https://www.sec.gov/Archives/edgar/data/0001505155/000145863518000006/xslF345X03/wf-form4a_153566012496871.xml"}, {"form_type": "4/A", "filings_date": "2018-08-30", "url": "https://www.sec.gov/Archives/edgar/data/0001505155/000145863518000005/xslF345X03/wf-form4a_153565975131387.xml"}, {"form_type": "SC 13D/A", "filings_date": "2018-08-29", "url": "https://www.sec.gov/Archives/edgar/data/0001505155/000119312518261243/d615707dsc13da.htm"}, {"form_type": "4", "filings_date": "2018-08-28", "url": "https://www.sec.gov/Archives/edgar/data/0001505155/000089924318023375/xslF345X03/doc4.xml"}, {"form_type": "4", "filings_date": "2018-08-23", "url": "https://www.sec.gov/Archives/edgar/data/0001505155/000089924318023167/xslF345X03/doc4.xml"}, {"form_type": "4", "filings_date": "2018-08-20", "url": "https://www.sec.gov/Archives/edgar/data/0001505155/000089924318022804/xslF345X03/doc4.xml"}, {"form_type": "4", "filings_date": "2018-08-13", "url": "https://www.sec.gov/Archives/edgar/data/0001505155/000089924318022148/xslF345X03/doc4.xml"}, {"form_type": "10-Q", "filings_date": "2018-08-09", "url": "https://www.sec.gov/Archives/edgar/data/0001505155/000162828018010850/a2q1810-q.htm"}, {"form_type": "4", "filings_date": "2018-08-08", "url": "https://www.sec.gov/Archives/edgar/data/0001505155/000162246118000002/xslF345X03/wf-form4_153376084090933.xml"}, {"form_type": "4", "filings_date": "2018-08-08", "url": "https://www.sec.gov/Archives/edgar/data/0001505155/000171989518000002/xslF345X03/wf-form4_153376071873872.xml"}, {"form_type": "4", "filings_date": "2018-08-08", "url": "https://www.sec.gov/Archives/edgar/data/0001505155/000113105818000002/xslF345X03/wf-form4_153376059803406.xml"}, {"form_type": "4", "filings_date": "2018-08-08", "url": "https://www.sec.gov/Archives/edgar/data/0001505155/000145863518000004/xslF345X03/wf-form4_153376044524371.xml"}, {"form_type": "8-K", "filings_date": "2018-08-08", "url": "https://www.sec.gov/Archives/edgar/data/0001505155/000162828018010791/form8-kq22018.htm"}, {"form_type": "4", "filings_date": "2018-08-01", "url": "https://www.sec.gov/Archives/edgar/data/0001505155/000162828018010235/xslF345X03/wf-form4_153316226618863.xml"}, {"form_type": "4", "filings_date": "2018-07-18", "url": "https://www.sec.gov/Archives/edgar/data/0001505155/000162828018009351/xslF345X03/wf-form4_153195463153533.xml"}, {"form_type": "4", "filings_date": "2018-07-18", "url": "https://www.sec.gov/Archives/edgar/data/0001505155/000162828018009343/xslF345X03/wf-form4_153195324606644.xml"}, {"form_type": "4", "filings_date": "2018-07-13", "url": "https://www.sec.gov/Archives/edgar/data/0001505155/000162828018009216/xslF345X03/wf-form4_153151690407187.xml"}, {"form_type": "8-K", "filings_date": "2018-06-28", "url": "https://www.sec.gov/Archives/edgar/data/0001505155/000162828018008605/a8-krocketacquisitiondraft.htm"}, {"form_type": "4", "filings_date": "2018-06-19", "url": "https://www.sec.gov/Archives/edgar/data/0001505155/000128988918000010/xslF345X03/wf-form4_152944827546250.xml"}, {"form_type": "4", "filings_date": "2018-06-19", "url": "https://www.sec.gov/Archives/edgar/data/0001505155/000109479218000017/xslF345X03/wf-form4_152944703561051.xml"}, {"form_type": "4", "filings_date": "2018-06-19", "url": "https://www.sec.gov/Archives/edgar/data/0001505155/000162406718000010/xslF345X03/wf-form4_152944435450044.xml"}, {"form_type": "4", "filings_date": "2018-06-19", "url": "https://www.sec.gov/Archives/edgar/data/0001505155/000145863518000002/xslF345X03/wf-form4_152944368856600.xml"}, {"form_type": "8-K", "filings_date": "2018-06-08", "url": "https://www.sec.gov/Archives/edgar/data/0001505155/000162828018007753/a8-kannualmeetingdraftasof.htm"}, {"form_type": "4", "filings_date": "2018-05-31", "url": "https://www.sec.gov/Archives/edgar/data/0001505155/000128988918000008/xslF345X03/wf-form4_152780848898817.xml"}, {"form_type": "4", "filings_date": "2018-05-11", "url": "https://www.sec.gov/Archives/edgar/data/0001505155/000109479218000015/xslF345X03/wf-form4_152606901513596.xml"}, {"form_type": "10-Q", "filings_date": "2018-05-10", "url": "https://www.sec.gov/Archives/edgar/data/0001505155/000162828018006613/a1q1810-q.htm"}, {"form_type": "8-K", "filings_date": "2018-05-09", "url": "https://www.sec.gov/Archives/edgar/data/0001505155/000162828018006388/a1q188-kearningsrelease.htm"}, {"form_type": "DEF 14A", "filings_date": "2018-04-27", "url": "https://www.sec.gov/Archives/edgar/data/0001505155/000110465918027729/a18-3012_2def14a.htm"}, {"form_type": "4", "filings_date": "2018-04-17", "url": "https://www.sec.gov/Archives/edgar/data/0001505155/000109479218000013/xslF345X03/wf-form4_152401578063906.xml"}, {"form_type": "4", "filings_date": "2018-03-30", "url": "https://www.sec.gov/Archives/edgar/data/0001505155/000162406718000008/xslF345X03/wf-form4_152244916619313.xml"}, {"form_type": "4", "filings_date": "2018-03-30", "url": "https://www.sec.gov/Archives/edgar/data/0001505155/000128988918000006/xslF345X03/wf-form4_152244871028566.xml"}, {"form_type": "4", "filings_date": "2018-03-30", "url": "https://www.sec.gov/Archives/edgar/data/0001505155/000109479218000010/xslF345X03/wf-form4_152244860830733.xml"}, {"form_type": "S-8", "filings_date": "2018-03-26", "url": "https://www.sec.gov/Archives/edgar/data/0001505155/000162828018003530/a2018s-8evergreen.htm"}, {"form_type": "4", "filings_date": "2018-03-23", "url": "https://www.sec.gov/Archives/edgar/data/0001505155/000128988918000004/xslF345X03/wf-form4_152184792463572.xml"}, {"form_type": "8-K", "filings_date": "2018-03-22", "url": "https://www.sec.gov/Archives/edgar/data/0001505155/000162828018003463/upld-8xkinterfaxacq6thamen.htm"}, {"form_type": "4", "filings_date": "2018-03-20", "url": "https://www.sec.gov/Archives/edgar/data/0001505155/000162406718000006/xslF345X03/wf-form4_152158264542258.xml"}, {"form_type": "4", "filings_date": "2018-03-20", "url": "https://www.sec.gov/Archives/edgar/data/0001505155/000128988918000002/xslF345X03/wf-form4_152158248957729.xml"}, {"form_type": "4", "filings_date": "2018-03-20", "url": "https://www.sec.gov/Archives/edgar/data/0001505155/000109479218000008/xslF345X03/wf-form4_152158236667081.xml"}, {"form_type": "4", "filings_date": "2018-03-13", "url": "https://www.sec.gov/Archives/edgar/data/0001505155/000162406718000004/xslF345X03/wf-form4_152095519509103.xml"}, {"form_type": "4", "filings_date": "2018-03-13", "url": "https://www.sec.gov/Archives/edgar/data/0001505155/000109479218000006/xslF345X03/wf-form4_152095475703890.xml"}, {"form_type": "10-K", "filings_date": "2018-03-09", "url": "https://www.sec.gov/Archives/edgar/data/0001505155/000162828018002967/a201710-k.htm"}, {"form_type": "8-K", "filings_date": "2018-03-08", "url": "https://www.sec.gov/Archives/edgar/data/0001505155/000162828018002945/a8-k4q17earningsrelease.htm"}, {"form_type": "4", "filings_date": "2018-03-07", "url": "https://www.sec.gov/Archives/edgar/data/0001505155/000162406718000002/xslF345X03/wf-form4_152045939519154.xml"}, {"form_type": "4", "filings_date": "2018-02-16", "url": "https://www.sec.gov/Archives/edgar/data/0001505155/000109479218000004/xslF345X03/wf-form4_151881518162116.xml"}, {"form_type": "SC 13G/A", "filings_date": "2018-02-14", "url": "https://www.sec.gov/Archives/edgar/data/0001505155/000090571818000245/uplandsoftw_13gam1dec312017.htm"}, {"form_type": "SC 13G/A", "filings_date": "2018-02-09", "url": "https://www.sec.gov/Archives/edgar/data/0001505155/000089742318000021/uplandsoftware13gamend4.htm"}, {"form_type": "8-K/A", "filings_date": "2018-01-26", "url": "https://www.sec.gov/Archives/edgar/data/0001505155/000162828018000636/upld-form8xka.htm"}, {"form_type": "4", "filings_date": "2018-01-10", "url": "https://www.sec.gov/Archives/edgar/data/0001505155/000109479218000002/xslF345X03/wf-form4_151561778760292.xml"}, {"form_type": "SC 13G", "filings_date": "2017-12-26", "url": "https://www.sec.gov/Archives/edgar/data/0001505155/000090571817001039/uplandsoftware_13gdec142017.htm"}, {"form_type": "SC 13D/A", "filings_date": "2017-12-22", "url": "https://www.sec.gov/Archives/edgar/data/0001505155/000119312517377744/d478765dsc13da.htm"}, {"form_type": "4", "filings_date": "2017-12-19", "url": "https://www.sec.gov/Archives/edgar/data/0001505155/000109479217000016/xslF345X03/wf-form4_151372550643683.xml"}, {"form_type": "4", "filings_date": "2017-12-19", "url": "https://www.sec.gov/Archives/edgar/data/0001505155/000128988917000015/xslF345X03/wf-form4_151372544825977.xml"}, {"form_type": "4", "filings_date": "2017-12-19", "url": "https://www.sec.gov/Archives/edgar/data/0001505155/000162406717000011/xslF345X03/wf-form4_151372534580319.xml"}, {"form_type": "4", "filings_date": "2017-12-18", "url": "https://www.sec.gov/Archives/edgar/data/0001505155/000089924317029014/xslF345X03/doc4.xml"}, {"form_type": "4", "filings_date": "2017-12-13", "url": "https://www.sec.gov/Archives/edgar/data/0001505155/000109479217000014/xslF345X03/wf-form4_151320661432264.xml"}, {"form_type": "4", "filings_date": "2017-11-30", "url": "https://www.sec.gov/Archives/edgar/data/0001505155/000128988917000013/xslF345X03/wf-form4_151207711300140.xml"}, {"form_type": "SC 13D/A", "filings_date": "2017-11-24", "url": "https://www.sec.gov/Archives/edgar/data/0001505155/000114420417060742/tv480201_sc13da.htm"}, {"form_type": "4", "filings_date": "2017-11-22", "url": "https://www.sec.gov/Archives/edgar/data/0001505155/000109479217000012/xslF345X03/wf-form4_151138457791005.xml"}, {"form_type": "4", "filings_date": "2017-11-20", "url": "https://www.sec.gov/Archives/edgar/data/0001505155/000110465917069705/xslF345X03/a4.xml"}, {"form_type": "4", "filings_date": "2017-11-20", "url": "https://www.sec.gov/Archives/edgar/data/0001505155/000114420417060233/xslF345X03/tv479985_4.xml"}, {"form_type": "4", "filings_date": "2017-11-20", "url": "https://www.sec.gov/Archives/edgar/data/0001505155/000114420417060232/xslF345X03/tv479984_4.xml"}, {"form_type": "8-K", "filings_date": "2017-11-17", "url": "https://www.sec.gov/Archives/edgar/data/0001505155/000162828017011650/uplandsoftware8-kxprojectq.htm"}, {"form_type": "10-Q", "filings_date": "2017-11-14", "url": "https://www.sec.gov/Archives/edgar/data/0001505155/000162828017011505/a3q1710-q.htm"}, {"form_type": "8-K", "filings_date": "2017-11-09", "url": "https://www.sec.gov/Archives/edgar/data/0001505155/000162828017011332/a3q178-kearningsrelease.htm"}, {"form_type": "4", "filings_date": "2017-11-08", "url": "https://www.sec.gov/Archives/edgar/data/0001505155/000171989517000004/xslF345X03/wf-form4_151017469228586.xml"}, {"form_type": "3", "filings_date": "2017-10-17", "url": "https://www.sec.gov/Archives/edgar/data/0001505155/000171989517000002/xslF345X02/wf-form3_150827399976988.xml"}, {"form_type": "4", "filings_date": "2017-10-10", "url": "https://www.sec.gov/Archives/edgar/data/0001505155/000128988917000011/xslF345X03/wf-form4_150767097168650.xml"}, {"form_type": "8-K", "filings_date": "2017-10-05", "url": "https://www.sec.gov/Archives/edgar/data/0001505155/000162828017009736/a20178-kresignationandappt.htm"}, {"form_type": "4", "filings_date": "2017-10-05", "url": "https://www.sec.gov/Archives/edgar/data/0001505155/000113105817000002/xslF345X03/wf-form4_150723398296848.xml"}, {"form_type": "4", "filings_date": "2017-10-05", "url": "https://www.sec.gov/Archives/edgar/data/0001505155/000145863517000008/xslF345X03/wf-form4_150723386246875.xml"}, {"form_type": "4", "filings_date": "2017-10-05", "url": "https://www.sec.gov/Archives/edgar/data/0001505155/000162246117000005/xslF345X03/wf-form4_150723379147586.xml"}, {"form_type": "4", "filings_date": "2017-09-19", "url": "https://www.sec.gov/Archives/edgar/data/0001505155/000145863517000006/xslF345X03/wf-form4_150585450391880.xml"}, {"form_type": "4", "filings_date": "2017-09-19", "url": "https://www.sec.gov/Archives/edgar/data/0001505155/000128988917000009/xslF345X03/wf-form4_150585333708033.xml"}, {"form_type": "4", "filings_date": "2017-09-19", "url": "https://www.sec.gov/Archives/edgar/data/0001505155/000109479217000010/xslF345X03/wf-form4_150585323129134.xml"}, {"form_type": "4", "filings_date": "2017-09-19", "url": "https://www.sec.gov/Archives/edgar/data/0001505155/000162406717000009/xslF345X03/wf-form4_150585316652508.xml"}, {"form_type": "4", "filings_date": "2017-09-15", "url": "https://www.sec.gov/Archives/edgar/data/0001505155/000089924317022144/xslF345X03/doc4.xml"}, {"form_type": "4", "filings_date": "2017-09-13", "url": "https://www.sec.gov/Archives/edgar/data/0001505155/000089924317021998/xslF345X03/doc4.xml"}, {"form_type": "4", "filings_date": "2017-09-11", "url": "https://www.sec.gov/Archives/edgar/data/0001505155/000089924317021786/xslF345X03/doc4.xml"}, {"form_type": "EFFECT", "filings_date": "2017-08-31", "url": "https://www.sec.gov/Archives/edgar/data/0001505155/999999999517002248/xslEFFECTX01/primary_doc.xml"}, {"form_type": "CORRESP", "filings_date": "2017-08-31", "url": "https://www.sec.gov/Archives/edgar/data/0001505155/000110465917054811/filename1.htm"}, {"form_type": "UPLOAD", "filings_date": "2017-08-28", "url": "https://www.sec.gov/Archives/edgar/data/0001505155/000000000017030357/filename1.pdf"}, {"form_type": "S-3", "filings_date": "2017-08-28", "url": "https://www.sec.gov/Archives/edgar/data/0001505155/000110465917053739/a17-20870_1s3.htm"}, {"form_type": "4", "filings_date": "2017-08-23", "url": "https://www.sec.gov/Archives/edgar/data/0001505155/000162406717000007/xslF345X03/wf-form4_150352051949187.xml"}, {"form_type": "4", "filings_date": "2017-08-23", "url": "https://www.sec.gov/Archives/edgar/data/0001505155/000128988917000007/xslF345X03/wf-form4_150352042533472.xml"}, {"form_type": "4", "filings_date": "2017-08-17", "url": "https://www.sec.gov/Archives/edgar/data/0001505155/000109479217000008/xslF345X03/wf-form4_150300253582181.xml"}, {"form_type": "10-Q", "filings_date": "2017-08-14", "url": "https://www.sec.gov/Archives/edgar/data/0001505155/000162828017008675/a2q1710-q.htm"}, {"form_type": "8-K", "filings_date": "2017-08-10", "url": "https://www.sec.gov/Archives/edgar/data/0001505155/000162828017008520/upld-form8xkearningsreleas.htm"}, {"form_type": "8-K", "filings_date": "2017-08-03", "url": "https://www.sec.gov/Archives/edgar/data/0001505155/000162828017007924/uplandsoftware8-kxfifthame.htm"}, {"form_type": "4", "filings_date": "2017-07-25", "url": "https://www.sec.gov/Archives/edgar/data/0001505155/000114036117028546/xslF345X03/form4.xml"}, {"form_type": "4", "filings_date": "2017-07-24", "url": "https://www.sec.gov/Archives/edgar/data/0001505155/000089924317018781/xslF345X03/doc4.xml"}, {"form_type": "8-K", "filings_date": "2017-07-13", "url": "https://www.sec.gov/Archives/edgar/data/0001505155/000162828017007032/uplandsoftware8-kxprojects.htm"}, {"form_type": "SC 13D/A", "filings_date": "2017-06-27", "url": "https://www.sec.gov/Archives/edgar/data/0001505155/000119312517215093/d380365dsc13da.htm"}, {"form_type": "4", "filings_date": "2017-06-27", "url": "https://www.sec.gov/Archives/edgar/data/0001505155/000089924317017297/xslF345X03/doc4.xml"}, {"form_type": "4", "filings_date": "2017-06-20", "url": "https://www.sec.gov/Archives/edgar/data/0001505155/000109479217000006/xslF345X03/wf-form4_149799202581907.xml"}, {"form_type": "4", "filings_date": "2017-06-20", "url": "https://www.sec.gov/Archives/edgar/data/0001505155/000128988917000005/xslF345X03/wf-form4_149799194904685.xml"}, {"form_type": "4", "filings_date": "2017-06-20", "url": "https://www.sec.gov/Archives/edgar/data/0001505155/000162406717000005/xslF345X03/wf-form4_149799173791246.xml"}, {"form_type": "SC 13D/A", "filings_date": "2017-06-20", "url": "https://www.sec.gov/Archives/edgar/data/0001505155/000114420417033206/v469293_sc13da.htm"}, {"form_type": "8-K", "filings_date": "2017-06-12", "url": "https://www.sec.gov/Archives/edgar/data/0001505155/000110465917038744/a17-14809_58k.htm"}, {"form_type": "8-K", "filings_date": "2017-06-12", "url": "https://www.sec.gov/Archives/edgar/data/0001505155/000162828017006369/a20170608-8xkannualmeeting.htm"}, {"form_type": "3", "filings_date": "2017-06-08", "url": "https://www.sec.gov/Archives/edgar/data/0001505155/000089924317015826/xslF345X02/doc3.xml"}, {"form_type": "SC 13D/A", "filings_date": "2017-06-08", "url": "https://www.sec.gov/Archives/edgar/data/0001505155/000119312517198562/d376076dsc13da.htm"}, {"form_type": "424B5", "filings_date": "2017-06-07", "url": "https://www.sec.gov/Archives/edgar/data/0001505155/000104746917003866/a2232375z424b5.htm"}, {"form_type": "8-K", "filings_date": "2017-06-07", "url": "https://www.sec.gov/Archives/edgar/data/0001505155/000110465917037824/a17-14809_48k.htm"}, {"form_type": "8-K", "filings_date": "2017-06-06", "url": "https://www.sec.gov/Archives/edgar/data/0001505155/000110465917037732/a17-14809_38k.htm"}, {"form_type": "424B3", "filings_date": "2017-06-06", "url": "https://www.sec.gov/Archives/edgar/data/0001505155/000104746917003841/a2232363z424b3.htm"}, {"form_type": "EFFECT", "filings_date": "2017-05-26", "url": "https://www.sec.gov/Archives/edgar/data/0001505155/999999999517001394/xslEFFECTX01/primary_doc.xml"}, {"form_type": "CORRESP", "filings_date": "2017-05-24", "url": "https://www.sec.gov/Archives/edgar/data/0001505155/000162828017005866/filename1.htm"}, {"form_type": "S-3/A", "filings_date": "2017-05-22", "url": "https://www.sec.gov/Archives/edgar/data/0001505155/000162828017005780/upland-universalshelfforms.htm"}, {"form_type": "UPLOAD", "filings_date": "2017-05-18", "url": "https://www.sec.gov/Archives/edgar/data/0001505155/000000000017017518/filename1.pdf"}, {"form_type": "10-Q", "filings_date": "2017-05-12", "url": "https://www.sec.gov/Archives/edgar/data/0001505155/000162828017005496/a1q1710-q.htm"}, {"form_type": "S-3", "filings_date": "2017-05-12", "url": "https://www.sec.gov/Archives/edgar/data/0001505155/000162828017005493/upland-universalshelfforms.htm"}, {"form_type": "8-K", "filings_date": "2017-05-11", "url": "https://www.sec.gov/Archives/edgar/data/0001505155/000162828017005419/a8-k1q17earningsrelease.htm"}, {"form_type": "DEF 14A", "filings_date": "2017-04-28", "url": "https://www.sec.gov/Archives/edgar/data/0001505155/000110465917027042/a17-2435_1def14a.htm"}, {"form_type": "8-K", "filings_date": "2017-04-24", "url": "https://www.sec.gov/Archives/edgar/data/0001505155/000162828017004173/upld-form8xkrightanswersan.htm"}, {"form_type": "4", "filings_date": "2017-03-31", "url": "https://www.sec.gov/Archives/edgar/data/0001505155/000128988917000003/xslF345X03/wf-form4_149099217922360.xml"}, {"form_type": "4", "filings_date": "2017-03-31", "url": "https://www.sec.gov/Archives/edgar/data/0001505155/000162406717000003/xslF345X03/wf-form4_149099184095925.xml"}, {"form_type": "4", "filings_date": "2017-03-31", "url": "https://www.sec.gov/Archives/edgar/data/0001505155/000109479217000004/xslF345X03/wf-form4_149099171062527.xml"}, {"form_type": "S-8", "filings_date": "2017-03-30", "url": "https://www.sec.gov/Archives/edgar/data/0001505155/000162828017003192/a2017s-8.htm"}, {"form_type": "10-K", "filings_date": "2017-03-30", "url": "https://www.sec.gov/Archives/edgar/data/0001505155/000162828017003190/a201610-k.htm"}, {"form_type": "8-K", "filings_date": "2017-03-23", "url": "https://www.sec.gov/Archives/edgar/data/0001505155/000162828017002856/a8-k4q16earningsrelease.htm"}, {"form_type": "8-K", "filings_date": "2017-03-09", "url": "https://www.sec.gov/Archives/edgar/data/0001505155/000162828017002435/a201603088-kexecutivesalar.htm"}, {"form_type": "SC 13D/A", "filings_date": "2017-01-30", "url": "https://www.sec.gov/Archives/edgar/data/0001505155/000114420417004700/v457830_sc13da.htm"}, {"form_type": "8-K", "filings_date": "2017-01-11", "url": "https://www.sec.gov/Archives/edgar/data/0001505155/000162828017000193/projectolympusclosing8-kdoc.htm"}]}