{"company": {"cik": "0001499355", "name": "Quinton Group, Inc.", "sic": "Telephone Communications (No Radiotelephone)", "state_incorp": "NV", "ticker": "", "mailing_addr": "P.O. BOX 778267, HENDERSON, NV, 89120", "category": "Non-accelerated filer<br>Smaller reporting company", "fiscal_year_end": "31, December"}, "filings": [{"form_type": "RW", "filings_date": "2021-11-19", "url": "https://www.sec.gov/Archives/edgar/data/0001499355/000182912621014586/quintongroup_rw.htm"}, {"form_type": "10-Q", "filings_date": "2021-11-19", "url": "https://www.sec.gov/Archives/edgar/data/0001499355/000182912621014548/quintongroup_10q.htm"}, {"form_type": "10-12G/A", "filings_date": "2021-11-19", "url": "https://www.sec.gov/Archives/edgar/data/0001499355/000182912621014544/quintongroup_1012ga1.htm"}, {"form_type": "10-12G", "filings_date": "2021-09-23", "url": "https://www.sec.gov/Archives/edgar/data/0001499355/000182912621010418/quintongroup_1012g.htm"}, {"form_type": "15-15D", "filings_date": "2019-09-03", "url": "https://www.sec.gov/Archives/edgar/data/0001499355/000121390019017080/f1515d0919_vdophinter.htm"}]}