{"company": {"cik": "0001806837", "name": "Vertex, Inc.", "sic": "Services-Prepackaged Software", "state_incorp": "PA", "ticker": "VERX", "mailing_addr": "2301 RENAISSANCE BOULEVARD, KING OF PRUSSIA, PA, 19406", "category": "Accelerated filer<br>Emerging growth company", "fiscal_year_end": "31, December"}, "filings": [{"form_type": "4", "filings_date": "2022-03-17", "url": "https://www.sec.gov/Archives/edgar/data/0001806837/000141588922003128/xslF345X03/form4-03172022_010346.xml"}, {"form_type": "10-K", "filings_date": "2022-03-16", "url": "https://www.sec.gov/Archives/edgar/data/0001806837/000155837022003777/verx-20211231x10k.htm"}, {"form_type": "4", "filings_date": "2022-03-16", "url": "https://www.sec.gov/Archives/edgar/data/0001806837/000141588922003048/xslF345X03/form4-03162022_010336.xml"}, {"form_type": "8-K", "filings_date": "2022-03-09", "url": "https://www.sec.gov/Archives/edgar/data/0001806837/000155837022003103/verx-20220309x8k.htm"}, {"form_type": "8-K", "filings_date": "2022-03-09", "url": "https://www.sec.gov/Archives/edgar/data/0001806837/000155837022003101/verx-20220309x8k.htm"}, {"form_type": "4", "filings_date": "2022-02-28", "url": "https://www.sec.gov/Archives/edgar/data/0001806837/000141588922001925/xslF345X03/form4-02282022_110218.xml"}, {"form_type": "4", "filings_date": "2022-02-14", "url": "https://www.sec.gov/Archives/edgar/data/0001806837/000141588922001264/xslF345X03/form4-02142022_110207.xml"}, {"form_type": "4", "filings_date": "2022-02-14", "url": "https://www.sec.gov/Archives/edgar/data/0001806837/000141588922001263/xslF345X03/form4-02142022_110202.xml"}, {"form_type": "4", "filings_date": "2022-02-14", "url": "https://www.sec.gov/Archives/edgar/data/0001806837/000141588922001262/xslF345X03/form4-02142022_110235.xml"}, {"form_type": "SC 13G/A", "filings_date": "2022-02-14", "url": "https://www.sec.gov/Archives/edgar/data/0001806837/000156761922003689/doc1.htm"}, {"form_type": "SC 13G/A", "filings_date": "2022-02-11", "url": "https://www.sec.gov/Archives/edgar/data/0001806837/000156223022000069/SEC13G_Filing.htm"}, {"form_type": "SC 13G/A", "filings_date": "2022-02-11", "url": "https://www.sec.gov/Archives/edgar/data/0001806837/000110465922019621/tm226124d1_sc13ga.htm"}, {"form_type": "SC 13G/A", "filings_date": "2022-02-10", "url": "https://www.sec.gov/Archives/edgar/data/0001806837/000110465922019480/tm226124d2_sc13ga.htm"}, {"form_type": "SC 13G/A", "filings_date": "2022-02-10", "url": "https://www.sec.gov/Archives/edgar/data/0001806837/000110465922018840/tv02165-vertexinc.htm"}, {"form_type": "SC 13G/A", "filings_date": "2022-02-02", "url": "https://www.sec.gov/Archives/edgar/data/0001806837/000091293822000220/SEC13G_Filing.htm"}, {"form_type": "4", "filings_date": "2022-01-31", "url": "https://www.sec.gov/Archives/edgar/data/0001806837/000141588922000887/xslF345X03/form4-01312022_010122.xml"}, {"form_type": "SC 13G/A", "filings_date": "2022-01-27", "url": "https://www.sec.gov/Archives/edgar/data/0001806837/000007297122000053/wf_vertexinc-92538j106x.htm"}, {"form_type": "SC 13G/A", "filings_date": "2022-01-18", "url": "https://www.sec.gov/Archives/edgar/data/0001806837/000001961722000115/VERTEX_INC.htm"}, {"form_type": "4", "filings_date": "2022-01-13", "url": "https://www.sec.gov/Archives/edgar/data/0001806837/000141588922000535/xslF345X03/form4-01132022_120129.xml"}, {"form_type": "SC 13G/A", "filings_date": "2022-01-10", "url": "https://www.sec.gov/Archives/edgar/data/0001806837/000108514622000082/verxa2_11022.htm"}, {"form_type": "SC 13G/A", "filings_date": "2022-01-10", "url": "https://www.sec.gov/Archives/edgar/data/0001806837/000119312522005628/d226989dsc13ga.htm"}, {"form_type": "4", "filings_date": "2021-12-06", "url": "https://www.sec.gov/Archives/edgar/data/0001806837/000141588921005729/xslF345X03/form4-12062021_011204.xml"}, {"form_type": "4", "filings_date": "2021-12-01", "url": "https://www.sec.gov/Archives/edgar/data/0001806837/000141588921005618/xslF345X03/form4-12012021_011220.xml"}, {"form_type": "4", "filings_date": "2021-11-19", "url": "https://www.sec.gov/Archives/edgar/data/0001806837/000141588921005317/xslF345X03/form4-11192021_011157.xml"}, {"form_type": "4", "filings_date": "2021-11-12", "url": "https://www.sec.gov/Archives/edgar/data/0001806837/000141588921005166/xslF345X03/form4-11122021_011145.xml"}, {"form_type": "4", "filings_date": "2021-11-12", "url": "https://www.sec.gov/Archives/edgar/data/0001806837/000141588921005165/xslF345X03/form4-11122021_011144.xml"}, {"form_type": "4", "filings_date": "2021-11-12", "url": "https://www.sec.gov/Archives/edgar/data/0001806837/000141588921005164/xslF345X03/form4-11122021_011143.xml"}, {"form_type": "4", "filings_date": "2021-11-12", "url": "https://www.sec.gov/Archives/edgar/data/0001806837/000141588921005163/xslF345X03/form4-11122021_011134.xml"}, {"form_type": "4/A", "filings_date": "2021-11-12", "url": "https://www.sec.gov/Archives/edgar/data/0001806837/000141588921005162/xslF345X03/form4a-11122021_011125.xml"}, {"form_type": "10-Q", "filings_date": "2021-11-12", "url": "https://www.sec.gov/Archives/edgar/data/0001806837/000155837021015677/verx-20210930x10q.htm"}, {"form_type": "8-K", "filings_date": "2021-11-10", "url": "https://www.sec.gov/Archives/edgar/data/0001806837/000155837021015388/verx-20211110x8k.htm"}, {"form_type": "4", "filings_date": "2021-08-25", "url": "https://www.sec.gov/Archives/edgar/data/0001806837/000089924321034150/xslF345X03/doc4.xml"}, {"form_type": "10-Q", "filings_date": "2021-08-12", "url": "https://www.sec.gov/Archives/edgar/data/0001806837/000155837021011506/verx-20210630x10q.htm"}, {"form_type": "8-K", "filings_date": "2021-08-11", "url": "https://www.sec.gov/Archives/edgar/data/0001806837/000155837021011220/verx-20210811x8k.htm"}, {"form_type": "4", "filings_date": "2021-06-17", "url": "https://www.sec.gov/Archives/edgar/data/0001806837/000110465921082637/xslF345X03/tm2119327-3_4seq1.xml"}, {"form_type": "4", "filings_date": "2021-06-15", "url": "https://www.sec.gov/Archives/edgar/data/0001806837/000110465921081528/xslF345X03/tm2119327-2_4seq1.xml"}, {"form_type": "4", "filings_date": "2021-06-09", "url": "https://www.sec.gov/Archives/edgar/data/0001806837/000110465921078961/xslF345X03/tm2119327-1_4seq1.xml"}, {"form_type": "SC 13G/A", "filings_date": "2021-06-08", "url": "https://www.sec.gov/Archives/edgar/data/0001806837/000001961721000347/VERTEX_INC.htm"}, {"form_type": "4", "filings_date": "2021-05-21", "url": "https://www.sec.gov/Archives/edgar/data/0001806837/000110465921070547/xslF345X03/tm2117209-2_4seq1.xml"}, {"form_type": "3", "filings_date": "2021-05-21", "url": "https://www.sec.gov/Archives/edgar/data/0001806837/000110465921070546/xslF345X02/tm2117209-1_3seq1.xml"}, {"form_type": "8-K", "filings_date": "2021-05-17", "url": "https://www.sec.gov/Archives/edgar/data/0001806837/000110465921068093/tm2116695d1_8k.htm"}, {"form_type": "4", "filings_date": "2021-05-14", "url": "https://www.sec.gov/Archives/edgar/data/0001806837/000110465921067148/xslF345X03/tm2116426-1_4seq1.xml"}, {"form_type": "4", "filings_date": "2021-05-13", "url": "https://www.sec.gov/Archives/edgar/data/0001806837/000110465921066099/xslF345X03/tm2115866-7_4seq1.xml"}, {"form_type": "4", "filings_date": "2021-05-13", "url": "https://www.sec.gov/Archives/edgar/data/0001806837/000110465921066097/xslF345X03/tm2115866-6_4seq1.xml"}, {"form_type": "4", "filings_date": "2021-05-13", "url": "https://www.sec.gov/Archives/edgar/data/0001806837/000110465921066096/xslF345X03/tm2115866-5_4seq1.xml"}, {"form_type": "4", "filings_date": "2021-05-13", "url": "https://www.sec.gov/Archives/edgar/data/0001806837/000110465921066094/xslF345X03/tm2115866-4_4seq1.xml"}, {"form_type": "4", "filings_date": "2021-05-13", "url": "https://www.sec.gov/Archives/edgar/data/0001806837/000110465921066092/xslF345X03/tm2115866-3_4seq1.xml"}, {"form_type": "4", "filings_date": "2021-05-13", "url": "https://www.sec.gov/Archives/edgar/data/0001806837/000110465921066089/xslF345X03/tm2115866-2_4seq1.xml"}, {"form_type": "10-Q", "filings_date": "2021-05-13", "url": "https://www.sec.gov/Archives/edgar/data/0001806837/000155837021007098/verx-20210331x10q.htm"}, {"form_type": "8-K", "filings_date": "2021-05-13", "url": "https://www.sec.gov/Archives/edgar/data/0001806837/000155837021007003/tmb-20210513x8k.htm"}, {"form_type": "8-K", "filings_date": "2021-05-13", "url": "https://www.sec.gov/Archives/edgar/data/0001806837/000155837021007001/verx-20210513x8k.htm"}, {"form_type": "4", "filings_date": "2021-05-11", "url": "https://www.sec.gov/Archives/edgar/data/0001806837/000110465921064672/xslF345X03/tm2115866-1_4seq1.xml"}, {"form_type": "SC 13G/A", "filings_date": "2021-04-08", "url": "https://www.sec.gov/Archives/edgar/data/0001806837/000156761921007806/doc1.htm"}, {"form_type": "DEFA14A", "filings_date": "2021-04-01", "url": "https://www.sec.gov/Archives/edgar/data/0001806837/000155837021003911/tmb-20210401xdefa14a.htm"}, {"form_type": "DEF 14A", "filings_date": "2021-04-01", "url": "https://www.sec.gov/Archives/edgar/data/0001806837/000155837021003904/tmb-20210511xdef14a.htm"}, {"form_type": "10-K", "filings_date": "2021-03-15", "url": "https://www.sec.gov/Archives/edgar/data/0001806837/000155837021003017/verx-20201231x10k.htm"}, {"form_type": "8-K", "filings_date": "2021-03-10", "url": "https://www.sec.gov/Archives/edgar/data/0001806837/000155837021002671/tmb-20210310x8k.htm"}, {"form_type": "SC 13G", "filings_date": "2021-02-16", "url": "https://www.sec.gov/Archives/edgar/data/0001806837/000119312521045050/d92564dsc13g.htm"}, {"form_type": "SC 13G", "filings_date": "2021-02-16", "url": "https://www.sec.gov/Archives/edgar/data/0001806837/000156223021000040/SEC13G_Filing.htm"}, {"form_type": "SC 13G", "filings_date": "2021-02-16", "url": "https://www.sec.gov/Archives/edgar/data/0001806837/000156223021000023/SEC13G_Filing.htm"}, {"form_type": "SC 13G", "filings_date": "2021-02-16", "url": "https://www.sec.gov/Archives/edgar/data/0001806837/000110465921022420/tm216739d1_sc13g.htm"}, {"form_type": "SC 13G/A", "filings_date": "2021-02-16", "url": "https://www.sec.gov/Archives/edgar/data/0001806837/000138713121002324/verx-sc13ga_123120.htm"}, {"form_type": "SC 13G", "filings_date": "2021-02-12", "url": "https://www.sec.gov/Archives/edgar/data/0001806837/000110465921021934/tm215882d1_sc13g.htm"}, {"form_type": "SC 13G", "filings_date": "2021-02-11", "url": "https://www.sec.gov/Archives/edgar/data/0001806837/000007297121000109/wf_vertexinc-92538j106.htm"}, {"form_type": "SC 13G", "filings_date": "2021-02-11", "url": "https://www.sec.gov/Archives/edgar/data/0001806837/000156761921003050/doc1.htm"}, {"form_type": "5", "filings_date": "2021-02-11", "url": "https://www.sec.gov/Archives/edgar/data/0001806837/000110465921020729/xslF345X03/tm215882-2_5seq1.xml"}, {"form_type": "SC 13G", "filings_date": "2021-02-11", "url": "https://www.sec.gov/Archives/edgar/data/0001806837/000091293821000163/SEC13G_Filing.htm"}, {"form_type": "SC 13G", "filings_date": "2021-02-10", "url": "https://www.sec.gov/Archives/edgar/data/0001806837/000110465921019361/tv02100-vertexinc.htm"}, {"form_type": "SC 13G", "filings_date": "2021-01-19", "url": "https://www.sec.gov/Archives/edgar/data/0001806837/000001961721000101/VERTEX_INC.htm"}, {"form_type": "SC 13G/A", "filings_date": "2021-01-07", "url": "https://www.sec.gov/Archives/edgar/data/0001806837/000108514621000022/verxa1_10721.htm"}, {"form_type": "4", "filings_date": "2021-01-04", "url": "https://www.sec.gov/Archives/edgar/data/0001806837/000110465921000347/xslF345X03/tm2039692-1_4seq1.xml"}, {"form_type": "SC 13G", "filings_date": "2020-12-09", "url": "https://www.sec.gov/Archives/edgar/data/0001806837/000108514620003092/verx_120920.htm"}, {"form_type": "10-Q", "filings_date": "2020-11-13", "url": "https://www.sec.gov/Archives/edgar/data/0001806837/000155837020013768/verx-20200930x10q.htm"}, {"form_type": "8-K", "filings_date": "2020-11-10", "url": "https://www.sec.gov/Archives/edgar/data/0001806837/000155837020013565/tmb-20201110x8k.htm"}, {"form_type": "10-Q", "filings_date": "2020-09-11", "url": "https://www.sec.gov/Archives/edgar/data/0001806837/000110465920104404/tm2030448-1_10q.htm"}, {"form_type": "8-K", "filings_date": "2020-09-09", "url": "https://www.sec.gov/Archives/edgar/data/0001806837/000110465920103264/tm2030418-1_8k.htm"}, {"form_type": "4", "filings_date": "2020-08-14", "url": "https://www.sec.gov/Archives/edgar/data/0001806837/000110465920095494/xslF345X03/a4.xml"}, {"form_type": "SC 13G", "filings_date": "2020-08-10", "url": "https://www.sec.gov/Archives/edgar/data/0001806837/000138713120007234/vertex-sc13g_072920.htm"}, {"form_type": "4", "filings_date": "2020-07-31", "url": "https://www.sec.gov/Archives/edgar/data/0001806837/000110465920089195/xslF345X03/a4.xml"}, {"form_type": "4", "filings_date": "2020-07-31", "url": "https://www.sec.gov/Archives/edgar/data/0001806837/000110465920089194/xslF345X03/a4.xml"}, {"form_type": "424B4", "filings_date": "2020-07-30", "url": "https://www.sec.gov/Archives/edgar/data/0001806837/000104746920004331/a2242154z424b4.htm"}, {"form_type": "3", "filings_date": "2020-07-29", "url": "https://www.sec.gov/Archives/edgar/data/0001806837/000110465920088009/xslF345X02/a3.xml"}, {"form_type": "3", "filings_date": "2020-07-29", "url": "https://www.sec.gov/Archives/edgar/data/0001806837/000110465920088008/xslF345X02/a3.xml"}, {"form_type": "3", "filings_date": "2020-07-29", "url": "https://www.sec.gov/Archives/edgar/data/0001806837/000110465920088006/xslF345X02/a3.xml"}, {"form_type": "3", "filings_date": "2020-07-29", "url": "https://www.sec.gov/Archives/edgar/data/0001806837/000110465920088003/xslF345X02/a3.xml"}, {"form_type": "3", "filings_date": "2020-07-29", "url": "https://www.sec.gov/Archives/edgar/data/0001806837/000110465920087994/xslF345X02/a3.xml"}, {"form_type": "3", "filings_date": "2020-07-29", "url": "https://www.sec.gov/Archives/edgar/data/0001806837/000110465920087992/xslF345X02/a3.xml"}, {"form_type": "3", "filings_date": "2020-07-29", "url": "https://www.sec.gov/Archives/edgar/data/0001806837/000110465920087991/xslF345X02/a3.xml"}, {"form_type": "3", "filings_date": "2020-07-29", "url": "https://www.sec.gov/Archives/edgar/data/0001806837/000110465920087988/xslF345X02/a3.xml"}, {"form_type": "3", "filings_date": "2020-07-29", "url": "https://www.sec.gov/Archives/edgar/data/0001806837/000110465920087990/xslF345X02/a3.xml"}, {"form_type": "3", "filings_date": "2020-07-29", "url": "https://www.sec.gov/Archives/edgar/data/0001806837/000110465920087971/xslF345X02/a3.xml"}, {"form_type": "3", "filings_date": "2020-07-29", "url": "https://www.sec.gov/Archives/edgar/data/0001806837/000110465920087970/xslF345X02/a3.xml"}, {"form_type": "3", "filings_date": "2020-07-29", "url": "https://www.sec.gov/Archives/edgar/data/0001806837/000110465920087967/xslF345X02/a3.xml"}, {"form_type": "3", "filings_date": "2020-07-29", "url": "https://www.sec.gov/Archives/edgar/data/0001806837/000110465920087965/xslF345X02/a3.xml"}, {"form_type": "3", "filings_date": "2020-07-29", "url": "https://www.sec.gov/Archives/edgar/data/0001806837/000110465920087964/xslF345X02/a3.xml"}, {"form_type": "3", "filings_date": "2020-07-29", "url": "https://www.sec.gov/Archives/edgar/data/0001806837/000110465920087963/xslF345X02/a3.xml"}, {"form_type": "3", "filings_date": "2020-07-29", "url": "https://www.sec.gov/Archives/edgar/data/0001806837/000110465920087962/xslF345X02/a3.xml"}, {"form_type": "3", "filings_date": "2020-07-29", "url": "https://www.sec.gov/Archives/edgar/data/0001806837/000110465920087959/xslF345X02/a3.xml"}, {"form_type": "3", "filings_date": "2020-07-29", "url": "https://www.sec.gov/Archives/edgar/data/0001806837/000110465920087961/xslF345X02/a3.xml"}, {"form_type": "3", "filings_date": "2020-07-29", "url": "https://www.sec.gov/Archives/edgar/data/0001806837/000110465920087958/xslF345X02/a3.xml"}, {"form_type": "3", "filings_date": "2020-07-29", "url": "https://www.sec.gov/Archives/edgar/data/0001806837/000110465920087957/xslF345X02/a3.xml"}, {"form_type": "3", "filings_date": "2020-07-29", "url": "https://www.sec.gov/Archives/edgar/data/0001806837/000110465920087955/xslF345X02/a3.xml"}, {"form_type": "3", "filings_date": "2020-07-29", "url": "https://www.sec.gov/Archives/edgar/data/0001806837/000110465920087954/xslF345X02/a3.xml"}, {"form_type": "3", "filings_date": "2020-07-29", "url": "https://www.sec.gov/Archives/edgar/data/0001806837/000110465920087953/xslF345X02/a3.xml"}, {"form_type": "CERT", "filings_date": "2020-07-29", "url": "https://www.sec.gov/Archives/edgar/data/0001806837/000135445720000358/8A_Cert_VERX.pdf"}, {"form_type": "8-A12B", "filings_date": "2020-07-29", "url": "https://www.sec.gov/Archives/edgar/data/0001806837/000110465920087517/a20-12000_98a12b.htm"}, {"form_type": "EFFECT", "filings_date": "2020-07-28", "url": "https://www.sec.gov/Archives/edgar/data/0001806837/999999999520001939/xslEFFECTX01/primary_doc.xml"}, {"form_type": "S-8", "filings_date": "2020-07-28", "url": "https://www.sec.gov/Archives/edgar/data/0001806837/000110465920087364/tm2025753-1_s8.htm"}, {"form_type": "S-1/A", "filings_date": "2020-07-28", "url": "https://www.sec.gov/Archives/edgar/data/0001806837/000104746920004273/a2242141zs-1a.htm"}, {"form_type": "CORRESP", "filings_date": "2020-07-27", "url": "https://www.sec.gov/Archives/edgar/data/0001806837/000110465920086595/filename1.htm"}, {"form_type": "CORRESP", "filings_date": "2020-07-27", "url": "https://www.sec.gov/Archives/edgar/data/0001806837/000110465920086591/filename1.htm"}, {"form_type": "CORRESP", "filings_date": "2020-07-27", "url": "https://www.sec.gov/Archives/edgar/data/0001806837/000110465920086576/filename1.htm"}, {"form_type": "UPLOAD", "filings_date": "2020-07-24", "url": "https://www.sec.gov/Archives/edgar/data/0001806837/000000000020006785/filename1.pdf"}, {"form_type": "S-1/A", "filings_date": "2020-07-24", "url": "https://www.sec.gov/Archives/edgar/data/0001806837/000104746920004230/a2242119zs-1a.htm"}, {"form_type": "S-1/A", "filings_date": "2020-07-20", "url": "https://www.sec.gov/Archives/edgar/data/0001806837/000104746920004155/a2242082zs-1a.htm"}, {"form_type": "CORRESP", "filings_date": "2020-07-02", "url": "https://www.sec.gov/Archives/edgar/data/0001806837/000110465920080499/filename1.htm"}, {"form_type": "S-1", "filings_date": "2020-07-02", "url": "https://www.sec.gov/Archives/edgar/data/0001806837/000104746920003952/a2241987zs-1.htm"}, {"form_type": "UPLOAD", "filings_date": "2020-06-30", "url": "https://www.sec.gov/Archives/edgar/data/0001806837/000000000020005828/filename1.pdf"}, {"form_type": "DRSLTR", "filings_date": "2020-06-18", "url": "https://www.sec.gov/Archives/edgar/data/0001806837/000141057820000099/filename1.htm"}, {"form_type": "DRS/A", "filings_date": "2020-06-18", "url": "https://www.sec.gov/Archives/edgar/data/0001806837/000091205720000180/filename1.htm"}, {"form_type": "UPLOAD", "filings_date": "2020-05-26", "url": "https://www.sec.gov/Archives/edgar/data/0001806837/000000000020004663/filename1.pdf"}, {"form_type": "DRS/A", "filings_date": "2020-05-13", "url": "https://www.sec.gov/Archives/edgar/data/0001806837/000091205720000145/filename1.htm"}, {"form_type": "DRSLTR", "filings_date": "2020-05-12", "url": "https://www.sec.gov/Archives/edgar/data/0001806837/000141057820000074/filename1.htm"}, {"form_type": "UPLOAD", "filings_date": "2020-04-24", "url": "https://www.sec.gov/Archives/edgar/data/0001806837/000000000020003539/filename1.pdf"}, {"form_type": "DRS", "filings_date": "2020-03-30", "url": "https://www.sec.gov/Archives/edgar/data/0001806837/000091205720000117/filename1.htm"}]}