{"company": {"cik": "0001827032", "name": "Voyager Digital Ltd.", "sic": "", "state_incorp": "A1", "ticker": "", "mailing_addr": "33 IRVING PLAZA, SUITE 3060, NEW YORK, NY, 10003", "category": "", "fiscal_year_end": "30, June"}, "filings": [{"form_type": "D", "filings_date": "2021-02-24", "url": "https://www.sec.gov/Archives/edgar/data/0001827032/000182703221000002/xslFormDX01/primary_doc.xml"}, {"form_type": "D", "filings_date": "2021-01-25", "url": "https://www.sec.gov/Archives/edgar/data/0001827032/000182703221000001/xslFormDX01/primary_doc.xml"}, {"form_type": "D", "filings_date": "2020-12-21", "url": "https://www.sec.gov/Archives/edgar/data/0001827032/000182703220000004/xslFormDX01/primary_doc.xml"}, {"form_type": "D", "filings_date": "2020-11-03", "url": "https://www.sec.gov/Archives/edgar/data/0001827032/000182703220000003/xslFormDX01/primary_doc.xml"}, {"form_type": "D", "filings_date": "2020-10-02", "url": "https://www.sec.gov/Archives/edgar/data/0001827032/000182703220000002/xslFormDX01/primary_doc.xml"}, {"form_type": "D", "filings_date": "2020-10-02", "url": "https://www.sec.gov/Archives/edgar/data/0001827032/000182703220000001/xslFormDX01/primary_doc.xml"}]}