{"company": {"cik": "0000704366", "name": "WOD Retail Solutions, Inc.", "sic": "Orthopedic, Prosthetic & Surgical Appliances & Supplies", "state_incorp": "FL", "ticker": "WODI", "mailing_addr": "10233 SOUTH PARKER RD., PARKER, CO, 80134", "category": "", "fiscal_year_end": "31, December"}, "filings": [{"form_type": "SC 13G/A", "filings_date": "2022-02-15", "url": "https://www.sec.gov/Archives/edgar/data/0000704366/000121390022007919/ea155715-13ga6ema_wodretail.htm"}, {"form_type": "SC 13G/A", "filings_date": "2021-01-27", "url": "https://www.sec.gov/Archives/edgar/data/0000704366/000121390021004618/ea133931-13ga1ema_wodretail.htm"}, {"form_type": "10-Q", "filings_date": "2020-05-11", "url": "https://www.sec.gov/Archives/edgar/data/0000704366/000147793220002498/wodi_10q.htm"}, {"form_type": "8-K", "filings_date": "2020-05-06", "url": "https://www.sec.gov/Archives/edgar/data/0000704366/000147793220002415/wodi_8k.htm"}, {"form_type": "10-K", "filings_date": "2020-04-16", "url": "https://www.sec.gov/Archives/edgar/data/0000704366/000147793220002027/wodi_10k.htm"}, {"form_type": "8-K", "filings_date": "2020-04-02", "url": "https://www.sec.gov/Archives/edgar/data/0000704366/000147793220001792/wodi_8k.htm"}, {"form_type": "NT 10-K", "filings_date": "2020-03-31", "url": "https://www.sec.gov/Archives/edgar/data/0000704366/000147793220001724/wodi_nt10k.htm"}, {"form_type": "8-K", "filings_date": "2020-03-06", "url": "https://www.sec.gov/Archives/edgar/data/0000704366/000147793220001098/wodi_8k.htm"}, {"form_type": "SC 13G/A", "filings_date": "2020-02-13", "url": "https://www.sec.gov/Archives/edgar/data/0000704366/000121390020003503/sc13g0220a4ema_wodretail.htm"}, {"form_type": "8-K", "filings_date": "2020-01-17", "url": "https://www.sec.gov/Archives/edgar/data/0000704366/000147793220000276/wodi_8k.htm"}, {"form_type": "10-Q", "filings_date": "2019-11-21", "url": "https://www.sec.gov/Archives/edgar/data/0000704366/000147793219006761/wodi_10q.htm"}, {"form_type": "NT 10-Q", "filings_date": "2019-11-15", "url": "https://www.sec.gov/Archives/edgar/data/0000704366/000147793219006577/wodi_10q.htm"}, {"form_type": "10-Q", "filings_date": "2019-10-10", "url": "https://www.sec.gov/Archives/edgar/data/0000704366/000147793219005813/wodi_10q.htm"}, {"form_type": "10-Q", "filings_date": "2019-10-10", "url": "https://www.sec.gov/Archives/edgar/data/0000704366/000147793219005808/wodi_10q.htm"}, {"form_type": "10-K", "filings_date": "2019-05-31", "url": "https://www.sec.gov/Archives/edgar/data/0000704366/000147793219003331/wodi_10k.htm"}, {"form_type": "SC 13G", "filings_date": "2019-04-10", "url": "https://www.sec.gov/Archives/edgar/data/0000704366/000145771619000029/virt13gwodretailsolutionsi.htm"}, {"form_type": "NT 10-K", "filings_date": "2019-03-29", "url": "https://www.sec.gov/Archives/edgar/data/0000704366/000147793219001277/deac_nt10k.htm"}, {"form_type": "SC 13G/A", "filings_date": "2019-02-15", "url": "https://www.sec.gov/Archives/edgar/data/0000704366/000121390019002668/sc13g1218a3emafin_wodretail.htm"}, {"form_type": "10-Q", "filings_date": "2019-01-08", "url": "https://www.sec.gov/Archives/edgar/data/0000704366/000147793219000041/wodi_10q.htm"}, {"form_type": "NT 10-Q", "filings_date": "2018-11-14", "url": "https://www.sec.gov/Archives/edgar/data/0000704366/000147793218005548/deac_nt10q.htm"}, {"form_type": "10-Q", "filings_date": "2018-08-27", "url": "https://www.sec.gov/Archives/edgar/data/0000704366/000147793218004304/deac_10q.htm"}, {"form_type": "NT 10-Q", "filings_date": "2018-08-14", "url": "https://www.sec.gov/Archives/edgar/data/0000704366/000147793218004046/deac_nt10q.htm"}, {"form_type": "10-Q", "filings_date": "2018-05-25", "url": "https://www.sec.gov/Archives/edgar/data/0000704366/000147793218002744/deac_10q.htm"}, {"form_type": "10-K", "filings_date": "2018-05-24", "url": "https://www.sec.gov/Archives/edgar/data/0000704366/000147793218002740/deac_10k.htm"}, {"form_type": "NT 10-K", "filings_date": "2018-04-02", "url": "https://www.sec.gov/Archives/edgar/data/0000704366/000147793218001623/deac_nt10k.htm"}, {"form_type": "SC 13G/A", "filings_date": "2018-02-14", "url": "https://www.sec.gov/Archives/edgar/data/0000704366/000121390018001810/sc13g1217a2ema_elitedata.htm"}, {"form_type": "UPLOAD", "filings_date": "2018-02-05", "url": "https://www.sec.gov/Archives/edgar/data/0000704366/000000000018004014/filename1.pdf"}, {"form_type": "8-K", "filings_date": "2018-01-16", "url": "https://www.sec.gov/Archives/edgar/data/0000704366/000147793218000241/deac_8k.htm"}, {"form_type": "8-K", "filings_date": "2018-01-03", "url": "https://www.sec.gov/Archives/edgar/data/0000704366/000147793218000037/deac_8k.htm"}, {"form_type": "10-Q", "filings_date": "2017-12-28", "url": "https://www.sec.gov/Archives/edgar/data/0000704366/000147793217006295/deac_10q.htm"}, {"form_type": "10-Q", "filings_date": "2017-12-28", "url": "https://www.sec.gov/Archives/edgar/data/0000704366/000147793217006293/deac_10q.htm"}, {"form_type": "10-Q", "filings_date": "2017-12-21", "url": "https://www.sec.gov/Archives/edgar/data/0000704366/000147793217006232/deac_10q.htm"}, {"form_type": "10-K", "filings_date": "2017-12-19", "url": "https://www.sec.gov/Archives/edgar/data/0000704366/000147793217006166/deac_10k.htm"}, {"form_type": "10-Q", "filings_date": "2017-11-03", "url": "https://www.sec.gov/Archives/edgar/data/0000704366/000147793217005355/deac_10q.htm"}, {"form_type": "10-Q", "filings_date": "2017-10-31", "url": "https://www.sec.gov/Archives/edgar/data/0000704366/000147793217005319/deac_10q.htm"}, {"form_type": "10-Q", "filings_date": "2017-10-30", "url": "https://www.sec.gov/Archives/edgar/data/0000704366/000147793217005297/deac_10q.htm"}, {"form_type": "10-K/A", "filings_date": "2017-10-26", "url": "https://www.sec.gov/Archives/edgar/data/0000704366/000147793217005241/deac_10ka.htm"}, {"form_type": "DEF 14C", "filings_date": "2017-08-29", "url": "https://www.sec.gov/Archives/edgar/data/0000704366/000147793217004224/deac_def14c.htm"}, {"form_type": "PRE 14C", "filings_date": "2017-08-04", "url": "https://www.sec.gov/Archives/edgar/data/0000704366/000147793217003658/deac_pre14c.htm"}, {"form_type": "8-K", "filings_date": "2017-05-17", "url": "https://www.sec.gov/Archives/edgar/data/0000704366/000147793217002368/deac_8k.htm"}, {"form_type": "10-K/A", "filings_date": "2017-05-10", "url": "https://www.sec.gov/Archives/edgar/data/0000704366/000147793217002155/deac_10ka.htm"}, {"form_type": "8-K/A", "filings_date": "2017-03-23", "url": "https://www.sec.gov/Archives/edgar/data/0000704366/000147793217001265/deac_8ka.htm"}, {"form_type": "8-K", "filings_date": "2017-03-20", "url": "https://www.sec.gov/Archives/edgar/data/0000704366/000147793217001205/deac_8k.htm"}, {"form_type": "UPLOAD", "filings_date": "2017-02-15", "url": "https://www.sec.gov/Archives/edgar/data/0000704366/000000000017005395/filename1.pdf"}, {"form_type": "SC 13G/A", "filings_date": "2017-02-01", "url": "https://www.sec.gov/Archives/edgar/data/0000704366/000101905617000073/elite_13ga1.htm"}, {"form_type": "8-K", "filings_date": "2017-01-31", "url": "https://www.sec.gov/Archives/edgar/data/0000704366/000147793217000488/deac_8k.htm"}, {"form_type": "8-K", "filings_date": "2017-01-23", "url": "https://www.sec.gov/Archives/edgar/data/0000704366/000147793217000388/deac_8k.htm"}, {"form_type": "8-K/A", "filings_date": "2017-01-19", "url": "https://www.sec.gov/Archives/edgar/data/0000704366/000147793217000331/elite_8ka.htm"}, {"form_type": "8-K", "filings_date": "2017-01-12", "url": "https://www.sec.gov/Archives/edgar/data/0000704366/000147793217000171/elite_8k.htm"}]}