{"company": {"cik": "0001327811", "name": "Workday, Inc.", "sic": "Services-Computer Processing & Data Preparation", "state_incorp": "DE", "ticker": "WDAY", "mailing_addr": "6110 STONERIDGE MALL ROAD, PLEASANTON, CA, 94588", "category": "Large accelerated filer", "fiscal_year_end": "31, January"}, "filings": [{"form_type": "4", "filings_date": "2022-03-17", "url": "https://www.sec.gov/Archives/edgar/data/0001327811/000132781122000055/xslF345X03/wf-form4_164754944793779.xml"}, {"form_type": "4", "filings_date": "2022-03-17", "url": "https://www.sec.gov/Archives/edgar/data/0001327811/000132781122000054/xslF345X03/wf-form4_164754942496782.xml"}, {"form_type": "4", "filings_date": "2022-03-17", "url": "https://www.sec.gov/Archives/edgar/data/0001327811/000132781122000053/xslF345X03/wf-form4_164754938597415.xml"}, {"form_type": "4", "filings_date": "2022-03-17", "url": "https://www.sec.gov/Archives/edgar/data/0001327811/000132781122000052/xslF345X03/wf-form4_164754936491029.xml"}, {"form_type": "4", "filings_date": "2022-03-17", "url": "https://www.sec.gov/Archives/edgar/data/0001327811/000132781122000051/xslF345X03/wf-form4_164754934353305.xml"}, {"form_type": "4", "filings_date": "2022-03-09", "url": "https://www.sec.gov/Archives/edgar/data/0001327811/000132781122000045/xslF345X03/wf-form4_164687157356100.xml"}, {"form_type": "4/A", "filings_date": "2022-03-09", "url": "https://www.sec.gov/Archives/edgar/data/0001327811/000132781122000043/xslF345X03/wf-form4a_164687136665457.xml"}, {"form_type": "4", "filings_date": "2022-03-07", "url": "https://www.sec.gov/Archives/edgar/data/0001327811/000132781122000041/xslF345X03/wf-form4_164668748613120.xml"}, {"form_type": "4", "filings_date": "2022-03-04", "url": "https://www.sec.gov/Archives/edgar/data/0001327811/000132781122000039/xslF345X03/wf-form4_164642813166095.xml"}, {"form_type": "4", "filings_date": "2022-03-04", "url": "https://www.sec.gov/Archives/edgar/data/0001327811/000132781122000038/xslF345X03/wf-form4_164642806099162.xml"}, {"form_type": "3", "filings_date": "2022-03-01", "url": "https://www.sec.gov/Archives/edgar/data/0001327811/000132781122000035/xslF345X02/wf-form3_164618439819137.xml"}, {"form_type": "4", "filings_date": "2022-02-28", "url": "https://www.sec.gov/Archives/edgar/data/0001327811/000132781122000032/xslF345X03/wf-form4_164608379740148.xml"}, {"form_type": "10-K", "filings_date": "2022-02-28", "url": "https://www.sec.gov/Archives/edgar/data/0001327811/000132781122000030/wday-20220131.htm"}, {"form_type": "8-K", "filings_date": "2022-02-28", "url": "https://www.sec.gov/Archives/edgar/data/0001327811/000132781122000029/wday-20220228.htm"}, {"form_type": "8-K", "filings_date": "2022-02-28", "url": "https://www.sec.gov/Archives/edgar/data/0001327811/000132781122000023/wday-20220224.htm"}, {"form_type": "SC 13G/A", "filings_date": "2022-02-11", "url": "https://www.sec.gov/Archives/edgar/data/0001327811/000110465922020432/tm226146d1_sc13ga.htm"}, {"form_type": "SC 13G/A", "filings_date": "2022-02-10", "url": "https://www.sec.gov/Archives/edgar/data/0001327811/000110465922018927/tv02250-workdayincclassa.htm"}, {"form_type": "SC 13G/A", "filings_date": "2022-02-04", "url": "https://www.sec.gov/Archives/edgar/data/0001327811/000167885822000251/SEC13G_Filing.htm"}, {"form_type": "SC 13G/A", "filings_date": "2022-02-03", "url": "https://www.sec.gov/Archives/edgar/data/0001327811/000083423722005401/us98138h1014_020222.txt"}, {"form_type": "3", "filings_date": "2022-02-01", "url": "https://www.sec.gov/Archives/edgar/data/0001327811/000132781122000017/xslF345X02/wf-form3_164375296114241.xml"}, {"form_type": "4", "filings_date": "2022-01-20", "url": "https://www.sec.gov/Archives/edgar/data/0001327811/000132781122000014/xslF345X03/wf-form4_164271660022984.xml"}, {"form_type": "4", "filings_date": "2022-01-20", "url": "https://www.sec.gov/Archives/edgar/data/0001327811/000132781122000013/xslF345X03/wf-form4_164271657125474.xml"}, {"form_type": "4", "filings_date": "2022-01-20", "url": "https://www.sec.gov/Archives/edgar/data/0001327811/000132781122000012/xslF345X03/wf-form4_164271654022112.xml"}, {"form_type": "4", "filings_date": "2022-01-20", "url": "https://www.sec.gov/Archives/edgar/data/0001327811/000132781122000011/xslF345X03/wf-form4_164271651853882.xml"}, {"form_type": "4", "filings_date": "2022-01-20", "url": "https://www.sec.gov/Archives/edgar/data/0001327811/000132781122000010/xslF345X03/wf-form4_164271649843334.xml"}, {"form_type": "4", "filings_date": "2022-01-20", "url": "https://www.sec.gov/Archives/edgar/data/0001327811/000132781122000009/xslF345X03/wf-form4_164271647831505.xml"}, {"form_type": "4", "filings_date": "2022-01-06", "url": "https://www.sec.gov/Archives/edgar/data/0001327811/000132781122000002/xslF345X03/wf-form4_164150659242828.xml"}, {"form_type": "4", "filings_date": "2021-12-17", "url": "https://www.sec.gov/Archives/edgar/data/0001327811/000132781121000196/xslF345X03/wf-form4_163977564525574.xml"}, {"form_type": "4", "filings_date": "2021-12-17", "url": "https://www.sec.gov/Archives/edgar/data/0001327811/000132781121000195/xslF345X03/wf-form4_163977555720744.xml"}, {"form_type": "4", "filings_date": "2021-12-17", "url": "https://www.sec.gov/Archives/edgar/data/0001327811/000132781121000194/xslF345X03/wf-form4_163977549371419.xml"}, {"form_type": "4", "filings_date": "2021-12-07", "url": "https://www.sec.gov/Archives/edgar/data/0001327811/000132781121000190/xslF345X03/wf-form4_163891207637865.xml"}, {"form_type": "4", "filings_date": "2021-12-03", "url": "https://www.sec.gov/Archives/edgar/data/0001327811/000132781121000188/xslF345X03/wf-form4_163856780473013.xml"}, {"form_type": "4", "filings_date": "2021-12-03", "url": "https://www.sec.gov/Archives/edgar/data/0001327811/000132781121000187/xslF345X03/wf-form4_163856772376349.xml"}, {"form_type": "4", "filings_date": "2021-12-03", "url": "https://www.sec.gov/Archives/edgar/data/0001327811/000132781121000186/xslF345X03/wf-form4_163856764509677.xml"}, {"form_type": "3", "filings_date": "2021-12-02", "url": "https://www.sec.gov/Archives/edgar/data/0001327811/000132781121000182/xslF345X02/wf-form3_163848562664855.xml"}, {"form_type": "4", "filings_date": "2021-11-24", "url": "https://www.sec.gov/Archives/edgar/data/0001327811/000132781121000180/xslF345X03/wf-form4_163778808695731.xml"}, {"form_type": "4", "filings_date": "2021-11-24", "url": "https://www.sec.gov/Archives/edgar/data/0001327811/000132781121000179/xslF345X03/wf-form4_163778800534331.xml"}, {"form_type": "8-K", "filings_date": "2021-11-18", "url": "https://www.sec.gov/Archives/edgar/data/0001327811/000132781121000176/wday-20211118.htm"}, {"form_type": "8-K", "filings_date": "2021-11-18", "url": "https://www.sec.gov/Archives/edgar/data/0001327811/000132781121000175/wday-20211116.htm"}, {"form_type": "10-Q", "filings_date": "2021-11-18", "url": "https://www.sec.gov/Archives/edgar/data/0001327811/000132781121000174/wday-20211031.htm"}, {"form_type": "8-K", "filings_date": "2021-11-18", "url": "https://www.sec.gov/Archives/edgar/data/0001327811/000132781121000173/wday-20211118.htm"}, {"form_type": "4", "filings_date": "2021-10-19", "url": "https://www.sec.gov/Archives/edgar/data/0001327811/000132781121000162/xslF345X03/wf-form4_163467863419089.xml"}, {"form_type": "4", "filings_date": "2021-10-19", "url": "https://www.sec.gov/Archives/edgar/data/0001327811/000132781121000161/xslF345X03/wf-form4_163467845124803.xml"}, {"form_type": "4", "filings_date": "2021-10-19", "url": "https://www.sec.gov/Archives/edgar/data/0001327811/000132781121000160/xslF345X03/wf-form4_163467834884728.xml"}, {"form_type": "4", "filings_date": "2021-10-19", "url": "https://www.sec.gov/Archives/edgar/data/0001327811/000132781121000159/xslF345X03/wf-form4_163467827273614.xml"}, {"form_type": "4", "filings_date": "2021-10-19", "url": "https://www.sec.gov/Archives/edgar/data/0001327811/000132781121000158/xslF345X03/wf-form4_163467818822409.xml"}, {"form_type": "4", "filings_date": "2021-10-05", "url": "https://www.sec.gov/Archives/edgar/data/0001327811/000132781121000152/xslF345X03/wf-form4_163346593474498.xml"}, {"form_type": "8-K", "filings_date": "2021-09-20", "url": "https://www.sec.gov/Archives/edgar/data/0001327811/000132781121000150/wday-20210916.htm"}, {"form_type": "4", "filings_date": "2021-09-17", "url": "https://www.sec.gov/Archives/edgar/data/0001327811/000132781121000147/xslF345X03/wf-form4_163190969659670.xml"}, {"form_type": "4", "filings_date": "2021-09-17", "url": "https://www.sec.gov/Archives/edgar/data/0001327811/000132781121000146/xslF345X03/wf-form4_163190956531075.xml"}, {"form_type": "4", "filings_date": "2021-09-08", "url": "https://www.sec.gov/Archives/edgar/data/0001327811/000132781121000143/xslF345X03/wf-form4_163113468411063.xml"}, {"form_type": "4", "filings_date": "2021-09-02", "url": "https://www.sec.gov/Archives/edgar/data/0001327811/000132781121000141/xslF345X03/wf-form4_163062626924676.xml"}, {"form_type": "4", "filings_date": "2021-09-02", "url": "https://www.sec.gov/Archives/edgar/data/0001327811/000132781121000140/xslF345X03/wf-form4_163062618718220.xml"}, {"form_type": "4", "filings_date": "2021-09-01", "url": "https://www.sec.gov/Archives/edgar/data/0001327811/000132781121000137/xslF345X03/wf-form4_163053303819324.xml"}, {"form_type": "4", "filings_date": "2021-08-30", "url": "https://www.sec.gov/Archives/edgar/data/0001327811/000132781121000135/xslF345X03/wf-form4_163036324051829.xml"}, {"form_type": "10-Q", "filings_date": "2021-08-26", "url": "https://www.sec.gov/Archives/edgar/data/0001327811/000132781121000133/wday-20210731.htm"}, {"form_type": "8-K", "filings_date": "2021-08-26", "url": "https://www.sec.gov/Archives/edgar/data/0001327811/000132781121000132/wday-20210826.htm"}, {"form_type": "4", "filings_date": "2021-07-19", "url": "https://www.sec.gov/Archives/edgar/data/0001327811/000132781121000126/xslF345X03/wf-form4_162674364716293.xml"}, {"form_type": "4", "filings_date": "2021-07-19", "url": "https://www.sec.gov/Archives/edgar/data/0001327811/000132781121000124/xslF345X03/wf-form4_162674203397583.xml"}, {"form_type": "4", "filings_date": "2021-07-19", "url": "https://www.sec.gov/Archives/edgar/data/0001327811/000132781121000123/xslF345X03/wf-form4_162674200837276.xml"}, {"form_type": "4", "filings_date": "2021-07-19", "url": "https://www.sec.gov/Archives/edgar/data/0001327811/000132781121000122/xslF345X03/wf-form4_162674161092228.xml"}, {"form_type": "4", "filings_date": "2021-07-19", "url": "https://www.sec.gov/Archives/edgar/data/0001327811/000132781121000121/xslF345X03/wf-form4_162674158863365.xml"}, {"form_type": "4", "filings_date": "2021-07-01", "url": "https://www.sec.gov/Archives/edgar/data/0001327811/000132781121000116/xslF345X03/wf-form4_162518485589085.xml"}, {"form_type": "4", "filings_date": "2021-06-17", "url": "https://www.sec.gov/Archives/edgar/data/0001327811/000132781121000114/xslF345X03/wf-form4_162396525190705.xml"}, {"form_type": "4", "filings_date": "2021-06-17", "url": "https://www.sec.gov/Archives/edgar/data/0001327811/000132781121000113/xslF345X03/wf-form4_162396520867294.xml"}, {"form_type": "8-K", "filings_date": "2021-06-11", "url": "https://www.sec.gov/Archives/edgar/data/0001327811/000132781121000110/wday-20210608.htm"}, {"form_type": "4", "filings_date": "2021-06-10", "url": "https://www.sec.gov/Archives/edgar/data/0001327811/000132781121000104/xslF345X03/wf-form4_162336923346333.xml"}, {"form_type": "4", "filings_date": "2021-06-10", "url": "https://www.sec.gov/Archives/edgar/data/0001327811/000132781121000103/xslF345X03/wf-form4_162336921346601.xml"}, {"form_type": "4", "filings_date": "2021-06-10", "url": "https://www.sec.gov/Archives/edgar/data/0001327811/000132781121000102/xslF345X03/wf-form4_162336919050106.xml"}, {"form_type": "4", "filings_date": "2021-06-10", "url": "https://www.sec.gov/Archives/edgar/data/0001327811/000132781121000101/xslF345X03/wf-form4_162336915593906.xml"}, {"form_type": "4", "filings_date": "2021-06-10", "url": "https://www.sec.gov/Archives/edgar/data/0001327811/000132781121000100/xslF345X03/wf-form4_162336911036203.xml"}, {"form_type": "4", "filings_date": "2021-06-10", "url": "https://www.sec.gov/Archives/edgar/data/0001327811/000132781121000099/xslF345X03/wf-form4_162336907560370.xml"}, {"form_type": "4", "filings_date": "2021-06-10", "url": "https://www.sec.gov/Archives/edgar/data/0001327811/000132781121000098/xslF345X03/wf-form4_162336905317167.xml"}, {"form_type": "4", "filings_date": "2021-06-10", "url": "https://www.sec.gov/Archives/edgar/data/0001327811/000132781121000097/xslF345X03/wf-form4_162336903484799.xml"}, {"form_type": "4", "filings_date": "2021-06-10", "url": "https://www.sec.gov/Archives/edgar/data/0001327811/000132781121000096/xslF345X03/wf-form4_162336901364006.xml"}, {"form_type": "4", "filings_date": "2021-06-10", "url": "https://www.sec.gov/Archives/edgar/data/0001327811/000132781121000095/xslF345X03/wf-form4_162336899373742.xml"}, {"form_type": "4/A", "filings_date": "2021-06-10", "url": "https://www.sec.gov/Archives/edgar/data/0001327811/000132781121000084/xslF345X03/wf-form4a_162336848057652.xml"}, {"form_type": "4/A", "filings_date": "2021-06-10", "url": "https://www.sec.gov/Archives/edgar/data/0001327811/000132781121000083/xslF345X03/wf-form4a_162336844640276.xml"}, {"form_type": "4", "filings_date": "2021-06-07", "url": "https://www.sec.gov/Archives/edgar/data/0001327811/000132781121000069/xslF345X03/wf-form4_162310650699324.xml"}, {"form_type": "4", "filings_date": "2021-06-03", "url": "https://www.sec.gov/Archives/edgar/data/0001327811/000132781121000063/xslF345X03/wf-form4_162275433413393.xml"}, {"form_type": "4", "filings_date": "2021-06-03", "url": "https://www.sec.gov/Archives/edgar/data/0001327811/000132781121000062/xslF345X03/wf-form4_162275428185447.xml"}, {"form_type": "4", "filings_date": "2021-06-03", "url": "https://www.sec.gov/Archives/edgar/data/0001327811/000132781121000058/xslF345X03/wf-form4_162275333547690.xml"}, {"form_type": "4", "filings_date": "2021-06-02", "url": "https://www.sec.gov/Archives/edgar/data/0001327811/000132781121000056/xslF345X03/wf-form4_162267828157671.xml"}, {"form_type": "10-Q", "filings_date": "2021-05-26", "url": "https://www.sec.gov/Archives/edgar/data/0001327811/000132781121000054/wday-20210430.htm"}, {"form_type": "8-K", "filings_date": "2021-05-26", "url": "https://www.sec.gov/Archives/edgar/data/0001327811/000132781121000053/wday-20210526.htm"}, {"form_type": "DEFA14A", "filings_date": "2021-04-26", "url": "https://www.sec.gov/Archives/edgar/data/0001327811/000110465921054901/tm213225d3_defa14a.htm"}, {"form_type": "DEF 14A", "filings_date": "2021-04-26", "url": "https://www.sec.gov/Archives/edgar/data/0001327811/000110465921054900/tm213225-2_def14a.htm"}, {"form_type": "4", "filings_date": "2021-04-19", "url": "https://www.sec.gov/Archives/edgar/data/0001327811/000132781121000048/xslF345X03/wf-form4_161887675912019.xml"}, {"form_type": "4", "filings_date": "2021-04-19", "url": "https://www.sec.gov/Archives/edgar/data/0001327811/000132781121000046/xslF345X03/wf-form4_161887667134747.xml"}, {"form_type": "4", "filings_date": "2021-04-19", "url": "https://www.sec.gov/Archives/edgar/data/0001327811/000132781121000044/xslF345X03/wf-form4_161887657534930.xml"}, {"form_type": "4", "filings_date": "2021-04-19", "url": "https://www.sec.gov/Archives/edgar/data/0001327811/000132781121000042/xslF345X03/wf-form4_161887650145863.xml"}, {"form_type": "4", "filings_date": "2021-04-19", "url": "https://www.sec.gov/Archives/edgar/data/0001327811/000132781121000040/xslF345X03/wf-form4_161887637563314.xml"}, {"form_type": "4", "filings_date": "2021-04-12", "url": "https://www.sec.gov/Archives/edgar/data/0001327811/000132781121000038/xslF345X03/wf-form4_161826536685775.xml"}, {"form_type": "4", "filings_date": "2021-04-07", "url": "https://www.sec.gov/Archives/edgar/data/0001327811/000132781121000036/xslF345X03/wf-form4_161783322275405.xml"}, {"form_type": "4", "filings_date": "2021-04-07", "url": "https://www.sec.gov/Archives/edgar/data/0001327811/000132781121000035/xslF345X03/wf-form4_161783316438211.xml"}, {"form_type": "4", "filings_date": "2021-04-05", "url": "https://www.sec.gov/Archives/edgar/data/0001327811/000132781121000032/xslF345X03/wf-form4_161766524051430.xml"}, {"form_type": "8-K", "filings_date": "2021-04-01", "url": "https://www.sec.gov/Archives/edgar/data/0001327811/000110465921045553/tm2111448d1_8k.htm"}, {"form_type": "4", "filings_date": "2021-03-18", "url": "https://www.sec.gov/Archives/edgar/data/0001327811/000132781121000030/xslF345X03/wf-form4_161609882081062.xml"}, {"form_type": "4", "filings_date": "2021-03-17", "url": "https://www.sec.gov/Archives/edgar/data/0001327811/000132781121000028/xslF345X03/wf-form4_161601681955626.xml"}, {"form_type": "4", "filings_date": "2021-03-17", "url": "https://www.sec.gov/Archives/edgar/data/0001327811/000132781121000026/xslF345X03/wf-form4_161601661664983.xml"}, {"form_type": "4", "filings_date": "2021-03-03", "url": "https://www.sec.gov/Archives/edgar/data/0001327811/000132781121000024/xslF345X03/wf-form4_161481475582625.xml"}, {"form_type": "3", "filings_date": "2021-03-03", "url": "https://www.sec.gov/Archives/edgar/data/0001327811/000132781121000022/xslF345X02/wf-form3_161481460520524.xml"}, {"form_type": "10-K", "filings_date": "2021-03-02", "url": "https://www.sec.gov/Archives/edgar/data/0001327811/000132781121000020/wday-20210131.htm"}, {"form_type": "4/A", "filings_date": "2021-02-26", "url": "https://www.sec.gov/Archives/edgar/data/0001327811/000132781121000017/xslF345X03/wf-form4a_161437486911023.xml"}, {"form_type": "8-K", "filings_date": "2021-02-25", "url": "https://www.sec.gov/Archives/edgar/data/0001327811/000132781121000015/wday-20210225.htm"}, {"form_type": "8-K", "filings_date": "2021-02-24", "url": "https://www.sec.gov/Archives/edgar/data/0001327811/000119312521054693/d109279d8k.htm"}, {"form_type": "SC 13G/A", "filings_date": "2021-02-16", "url": "https://www.sec.gov/Archives/edgar/data/0001327811/000008025521001185/wday13gadec20.txt"}, {"form_type": "SC 13G/A", "filings_date": "2021-02-10", "url": "https://www.sec.gov/Archives/edgar/data/0001327811/000110465921019442/tv02181-workdayincclassa.htm"}, {"form_type": "SC 13G/A", "filings_date": "2021-02-09", "url": "https://www.sec.gov/Archives/edgar/data/0001327811/000110465921016655/tm215839-1_sc13g.htm"}, {"form_type": "SC 13G/A", "filings_date": "2021-02-08", "url": "https://www.sec.gov/Archives/edgar/data/0001327811/000031506621001312/filing.txt"}, {"form_type": "SC 13G", "filings_date": "2021-02-04", "url": "https://www.sec.gov/Archives/edgar/data/0001327811/000090221921000194/SEC13G_Filing.htm"}, {"form_type": "SC 13G", "filings_date": "2021-02-02", "url": "https://www.sec.gov/Archives/edgar/data/0001327811/000083423721007054/us98138h1014_020221.txt"}, {"form_type": "8-K", "filings_date": "2021-01-28", "url": "https://www.sec.gov/Archives/edgar/data/0001327811/000119312521020093/d31063d8k.htm"}, {"form_type": "4", "filings_date": "2021-01-20", "url": "https://www.sec.gov/Archives/edgar/data/0001327811/000132781121000012/xslF345X03/wf-form4_161118059034197.xml"}, {"form_type": "4", "filings_date": "2021-01-20", "url": "https://www.sec.gov/Archives/edgar/data/0001327811/000132781121000010/xslF345X03/wf-form4_161118049047824.xml"}, {"form_type": "4", "filings_date": "2021-01-20", "url": "https://www.sec.gov/Archives/edgar/data/0001327811/000132781121000008/xslF345X03/wf-form4_161118037617883.xml"}, {"form_type": "4", "filings_date": "2021-01-20", "url": "https://www.sec.gov/Archives/edgar/data/0001327811/000132781121000006/xslF345X03/wf-form4_161117995670999.xml"}, {"form_type": "4", "filings_date": "2021-01-20", "url": "https://www.sec.gov/Archives/edgar/data/0001327811/000132781121000004/xslF345X03/wf-form4_161117982032275.xml"}, {"form_type": "4", "filings_date": "2021-01-06", "url": "https://www.sec.gov/Archives/edgar/data/0001327811/000132781121000002/xslF345X03/wf-form4_160997416511240.xml"}, {"form_type": "4", "filings_date": "2020-12-17", "url": "https://www.sec.gov/Archives/edgar/data/0001327811/000132781120000181/xslF345X03/wf-form4_160824105795449.xml"}, {"form_type": "4", "filings_date": "2020-12-17", "url": "https://www.sec.gov/Archives/edgar/data/0001327811/000132781120000179/xslF345X03/wf-form4_160824096704664.xml"}, {"form_type": "SC 13G/A", "filings_date": "2020-12-09", "url": "https://www.sec.gov/Archives/edgar/data/0001327811/000089542120000593/Workday.txt"}, {"form_type": "4", "filings_date": "2020-12-03", "url": "https://www.sec.gov/Archives/edgar/data/0001327811/000132781120000177/xslF345X03/wf-form4_160703552229583.xml"}, {"form_type": "4", "filings_date": "2020-12-03", "url": "https://www.sec.gov/Archives/edgar/data/0001327811/000132781120000175/xslF345X03/wf-form4_160703145703457.xml"}, {"form_type": "4", "filings_date": "2020-11-30", "url": "https://www.sec.gov/Archives/edgar/data/0001327811/000132781120000173/xslF345X03/wf-form4_160677790612708.xml"}, {"form_type": "4", "filings_date": "2020-11-25", "url": "https://www.sec.gov/Archives/edgar/data/0001327811/000132781120000171/xslF345X03/wf-form4_160633861199327.xml"}, {"form_type": "4", "filings_date": "2020-11-25", "url": "https://www.sec.gov/Archives/edgar/data/0001327811/000132781120000170/xslF345X03/wf-form4_160633856895956.xml"}, {"form_type": "10-Q", "filings_date": "2020-11-20", "url": "https://www.sec.gov/Archives/edgar/data/0001327811/000132781120000167/wday-20201031.htm"}, {"form_type": "8-K", "filings_date": "2020-11-19", "url": "https://www.sec.gov/Archives/edgar/data/0001327811/000132781120000165/wday-20201119.htm"}, {"form_type": "4", "filings_date": "2020-10-19", "url": "https://www.sec.gov/Archives/edgar/data/0001327811/000132781120000160/xslF345X03/wf-form4_160314158567784.xml"}, {"form_type": "4", "filings_date": "2020-10-19", "url": "https://www.sec.gov/Archives/edgar/data/0001327811/000132781120000159/xslF345X03/wf-form4_160314151669946.xml"}, {"form_type": "4", "filings_date": "2020-10-19", "url": "https://www.sec.gov/Archives/edgar/data/0001327811/000132781120000158/xslF345X03/wf-form4_160314144927437.xml"}, {"form_type": "4", "filings_date": "2020-10-19", "url": "https://www.sec.gov/Archives/edgar/data/0001327811/000132781120000157/xslF345X03/wf-form4_160314130947212.xml"}, {"form_type": "4", "filings_date": "2020-10-19", "url": "https://www.sec.gov/Archives/edgar/data/0001327811/000132781120000156/xslF345X03/wf-form4_160314121967797.xml"}, {"form_type": "4", "filings_date": "2020-10-14", "url": "https://www.sec.gov/Archives/edgar/data/0001327811/000132781120000150/xslF345X03/wf-form4_160272024781573.xml"}, {"form_type": "4", "filings_date": "2020-10-14", "url": "https://www.sec.gov/Archives/edgar/data/0001327811/000132781120000149/xslF345X03/wf-form4_160272020921441.xml"}, {"form_type": "4", "filings_date": "2020-10-07", "url": "https://www.sec.gov/Archives/edgar/data/0001327811/000132781120000146/xslF345X03/wf-form4_160211327874265.xml"}, {"form_type": "4", "filings_date": "2020-10-02", "url": "https://www.sec.gov/Archives/edgar/data/0001327811/000132781120000144/xslF345X03/wf-form4_160166970670451.xml"}, {"form_type": "4", "filings_date": "2020-09-17", "url": "https://www.sec.gov/Archives/edgar/data/0001327811/000132781120000142/xslF345X03/wf-form4_160037343770703.xml"}, {"form_type": "4", "filings_date": "2020-09-17", "url": "https://www.sec.gov/Archives/edgar/data/0001327811/000132781120000140/xslF345X03/wf-form4_160037323827944.xml"}, {"form_type": "4", "filings_date": "2020-09-10", "url": "https://www.sec.gov/Archives/edgar/data/0001327811/000132781120000138/xslF345X03/wf-form4_159978018145335.xml"}, {"form_type": "SC 13G/A", "filings_date": "2020-09-10", "url": "https://www.sec.gov/Archives/edgar/data/0001327811/000008025520001619/wday13gaaug20.txt"}, {"form_type": "4", "filings_date": "2020-09-03", "url": "https://www.sec.gov/Archives/edgar/data/0001327811/000132781120000136/xslF345X03/wf-form4_159916728606703.xml"}, {"form_type": "4", "filings_date": "2020-09-02", "url": "https://www.sec.gov/Archives/edgar/data/0001327811/000132781120000134/xslF345X03/wf-form4_159908209215463.xml"}, {"form_type": "4", "filings_date": "2020-09-02", "url": "https://www.sec.gov/Archives/edgar/data/0001327811/000132781120000131/xslF345X03/wf-form4_159908183672449.xml"}, {"form_type": "10-Q", "filings_date": "2020-08-28", "url": "https://www.sec.gov/Archives/edgar/data/0001327811/000132781120000129/wday-20200731.htm"}, {"form_type": "8-K", "filings_date": "2020-08-27", "url": "https://www.sec.gov/Archives/edgar/data/0001327811/000119312520233133/d31270d8k.htm"}, {"form_type": "8-K", "filings_date": "2020-08-27", "url": "https://www.sec.gov/Archives/edgar/data/0001327811/000132781120000125/wday-20200827.htm"}, {"form_type": "4", "filings_date": "2020-07-17", "url": "https://www.sec.gov/Archives/edgar/data/0001327811/000132781120000122/xslF345X03/wf-form4_159501768178749.xml"}, {"form_type": "4", "filings_date": "2020-07-17", "url": "https://www.sec.gov/Archives/edgar/data/0001327811/000132781120000120/xslF345X03/wf-form4_159501748121040.xml"}, {"form_type": "4", "filings_date": "2020-07-17", "url": "https://www.sec.gov/Archives/edgar/data/0001327811/000132781120000118/xslF345X03/wf-form4_159501735759302.xml"}, {"form_type": "4", "filings_date": "2020-07-17", "url": "https://www.sec.gov/Archives/edgar/data/0001327811/000132781120000116/xslF345X03/wf-form4_159501724628466.xml"}, {"form_type": "4", "filings_date": "2020-07-08", "url": "https://www.sec.gov/Archives/edgar/data/0001327811/000132781120000114/xslF345X03/wf-form4_159424257668897.xml"}, {"form_type": "4", "filings_date": "2020-07-06", "url": "https://www.sec.gov/Archives/edgar/data/0001327811/000132781120000112/xslF345X03/wf-form4_159406688790693.xml"}, {"form_type": "4", "filings_date": "2020-06-17", "url": "https://www.sec.gov/Archives/edgar/data/0001327811/000132781120000110/xslF345X03/wf-form4_159242642518088.xml"}, {"form_type": "4", "filings_date": "2020-06-17", "url": "https://www.sec.gov/Archives/edgar/data/0001327811/000132781120000108/xslF345X03/wf-form4_159242631120531.xml"}, {"form_type": "4", "filings_date": "2020-06-11", "url": "https://www.sec.gov/Archives/edgar/data/0001327811/000132781120000106/xslF345X03/wf-form4_159191288061727.xml"}, {"form_type": "4", "filings_date": "2020-06-11", "url": "https://www.sec.gov/Archives/edgar/data/0001327811/000132781120000105/xslF345X03/wf-form4_159191281854296.xml"}, {"form_type": "4", "filings_date": "2020-06-11", "url": "https://www.sec.gov/Archives/edgar/data/0001327811/000132781120000104/xslF345X03/wf-form4_159191273487353.xml"}, {"form_type": "4", "filings_date": "2020-06-11", "url": "https://www.sec.gov/Archives/edgar/data/0001327811/000132781120000103/xslF345X03/wf-form4_159191264168688.xml"}, {"form_type": "4", "filings_date": "2020-06-11", "url": "https://www.sec.gov/Archives/edgar/data/0001327811/000132781120000102/xslF345X03/wf-form4_159191258390132.xml"}, {"form_type": "4", "filings_date": "2020-06-11", "url": "https://www.sec.gov/Archives/edgar/data/0001327811/000132781120000101/xslF345X03/wf-form4_159191153568432.xml"}, {"form_type": "4", "filings_date": "2020-06-11", "url": "https://www.sec.gov/Archives/edgar/data/0001327811/000132781120000100/xslF345X03/wf-form4_159191147235423.xml"}, {"form_type": "4", "filings_date": "2020-06-11", "url": "https://www.sec.gov/Archives/edgar/data/0001327811/000132781120000099/xslF345X03/wf-form4_159191139631555.xml"}, {"form_type": "4", "filings_date": "2020-06-11", "url": "https://www.sec.gov/Archives/edgar/data/0001327811/000132781120000098/xslF345X03/wf-form4_159191132122415.xml"}, {"form_type": "8-K", "filings_date": "2020-06-11", "url": "https://www.sec.gov/Archives/edgar/data/0001327811/000132781120000097/wday-20200609.htm"}, {"form_type": "S-3ASR", "filings_date": "2020-06-10", "url": "https://www.sec.gov/Archives/edgar/data/0001327811/000132781120000082/wday-692020xsx3.htm"}, {"form_type": "4", "filings_date": "2020-06-04", "url": "https://www.sec.gov/Archives/edgar/data/0001327811/000132781120000077/xslF345X03/wf-form4_159131736155328.xml"}, {"form_type": "4", "filings_date": "2020-06-02", "url": "https://www.sec.gov/Archives/edgar/data/0001327811/000132781120000075/xslF345X03/wf-form4_159113177669673.xml"}, {"form_type": "4", "filings_date": "2020-06-02", "url": "https://www.sec.gov/Archives/edgar/data/0001327811/000132781120000073/xslF345X03/wf-form4_159113157213855.xml"}, {"form_type": "10-Q", "filings_date": "2020-05-28", "url": "https://www.sec.gov/Archives/edgar/data/0001327811/000132781120000070/wday-20200430.htm"}, {"form_type": "8-K", "filings_date": "2020-05-27", "url": "https://www.sec.gov/Archives/edgar/data/0001327811/000132781120000066/wday-20200527.htm"}, {"form_type": "DEFA14A", "filings_date": "2020-04-27", "url": "https://www.sec.gov/Archives/edgar/data/0001327811/000119312520120978/d845801ddefa14a.htm"}, {"form_type": "DEF 14A", "filings_date": "2020-04-27", "url": "https://www.sec.gov/Archives/edgar/data/0001327811/000119312520120973/d912170ddef14a.htm"}, {"form_type": "4", "filings_date": "2020-04-17", "url": "https://www.sec.gov/Archives/edgar/data/0001327811/000132781120000062/xslF345X03/wf-form4_158717357407028.xml"}, {"form_type": "4", "filings_date": "2020-04-17", "url": "https://www.sec.gov/Archives/edgar/data/0001327811/000132781120000061/xslF345X03/wf-form4_158716547136237.xml"}, {"form_type": "4", "filings_date": "2020-04-17", "url": "https://www.sec.gov/Archives/edgar/data/0001327811/000132781120000060/xslF345X03/wf-form4_158716539658180.xml"}, {"form_type": "4", "filings_date": "2020-04-17", "url": "https://www.sec.gov/Archives/edgar/data/0001327811/000132781120000059/xslF345X03/wf-form4_158716531031200.xml"}, {"form_type": "4", "filings_date": "2020-04-17", "url": "https://www.sec.gov/Archives/edgar/data/0001327811/000132781120000058/xslF345X03/wf-form4_158716521583412.xml"}, {"form_type": "4", "filings_date": "2020-04-17", "url": "https://www.sec.gov/Archives/edgar/data/0001327811/000132781120000057/xslF345X03/wf-form4_158716170490519.xml"}, {"form_type": "4", "filings_date": "2020-04-17", "url": "https://www.sec.gov/Archives/edgar/data/0001327811/000132781120000056/xslF345X03/wf-form4_158716163638892.xml"}, {"form_type": "4", "filings_date": "2020-04-17", "url": "https://www.sec.gov/Archives/edgar/data/0001327811/000132781120000055/xslF345X03/wf-form4_158716150194608.xml"}, {"form_type": "3", "filings_date": "2020-04-10", "url": "https://www.sec.gov/Archives/edgar/data/0001327811/000132781120000046/xslF345X02/wf-form3_158655105164485.xml"}, {"form_type": "8-K", "filings_date": "2020-04-06", "url": "https://www.sec.gov/Archives/edgar/data/0001327811/000132781120000043/wday-20200402.htm"}, {"form_type": "4", "filings_date": "2020-04-03", "url": "https://www.sec.gov/Archives/edgar/data/0001327811/000132781120000040/xslF345X03/wf-form4_158595679480646.xml"}, {"form_type": "4", "filings_date": "2020-03-18", "url": "https://www.sec.gov/Archives/edgar/data/0001327811/000132781120000034/xslF345X03/wf-form4_158456353660872.xml"}, {"form_type": "4", "filings_date": "2020-03-18", "url": "https://www.sec.gov/Archives/edgar/data/0001327811/000132781120000032/xslF345X03/wf-form4_158456328586137.xml"}, {"form_type": "8-K", "filings_date": "2020-03-16", "url": "https://www.sec.gov/Archives/edgar/data/0001327811/000132781120000030/wday-20200314.htm"}, {"form_type": "4", "filings_date": "2020-03-05", "url": "https://www.sec.gov/Archives/edgar/data/0001327811/000132781120000028/xslF345X03/wf-form4_158344390364102.xml"}, {"form_type": "4", "filings_date": "2020-03-04", "url": "https://www.sec.gov/Archives/edgar/data/0001327811/000132781120000026/xslF345X03/wf-form4_158336088100446.xml"}, {"form_type": "10-K", "filings_date": "2020-03-03", "url": "https://www.sec.gov/Archives/edgar/data/0001327811/000132781120000022/wday-20200131.htm"}, {"form_type": "8-K", "filings_date": "2020-02-27", "url": "https://www.sec.gov/Archives/edgar/data/0001327811/000132781120000016/wday-20200227.htm"}, {"form_type": "SC 13G/A", "filings_date": "2020-02-14", "url": "https://www.sec.gov/Archives/edgar/data/0001327811/000119312520038133/d851155dsc13ga.htm"}, {"form_type": "SC 13G/A", "filings_date": "2020-02-14", "url": "https://www.sec.gov/Archives/edgar/data/0001327811/000089542120000251/WorkdayAM.txt"}, {"form_type": "SC 13G/A", "filings_date": "2020-02-14", "url": "https://www.sec.gov/Archives/edgar/data/0001327811/000008025520001217/wday13gadec19.txt"}, {"form_type": "SC 13G/A", "filings_date": "2020-02-12", "url": "https://www.sec.gov/Archives/edgar/data/0001327811/000110465920018782/tv02022-workdayinc.htm"}, {"form_type": "SC 13G/A", "filings_date": "2020-02-07", "url": "https://www.sec.gov/Archives/edgar/data/0001327811/000005341720000063/WDAY1219.txt"}, {"form_type": "SC 13G/A", "filings_date": "2020-02-07", "url": "https://www.sec.gov/Archives/edgar/data/0001327811/000031506620001292/filing.txt"}, {"form_type": "SC 13G/A", "filings_date": "2020-02-06", "url": "https://www.sec.gov/Archives/edgar/data/0001327811/000113777420000058/work.htm"}, {"form_type": "4", "filings_date": "2020-01-17", "url": "https://www.sec.gov/Archives/edgar/data/0001327811/000132781120000012/xslF345X03/wf-form4_157926208317687.xml"}, {"form_type": "4", "filings_date": "2020-01-17", "url": "https://www.sec.gov/Archives/edgar/data/0001327811/000132781120000011/xslF345X03/wf-form4_157926202549915.xml"}, {"form_type": "4", "filings_date": "2020-01-17", "url": "https://www.sec.gov/Archives/edgar/data/0001327811/000132781120000010/xslF345X03/wf-form4_157926198051042.xml"}, {"form_type": "4", "filings_date": "2020-01-17", "url": "https://www.sec.gov/Archives/edgar/data/0001327811/000132781120000009/xslF345X03/wf-form4_157926194176115.xml"}, {"form_type": "4", "filings_date": "2020-01-17", "url": "https://www.sec.gov/Archives/edgar/data/0001327811/000132781120000008/xslF345X03/wf-form4_157926189890364.xml"}, {"form_type": "SC 13G/A", "filings_date": "2020-01-10", "url": "https://www.sec.gov/Archives/edgar/data/0001327811/000083423720000049/us98138h1014_011020.txt"}, {"form_type": "4", "filings_date": "2020-01-09", "url": "https://www.sec.gov/Archives/edgar/data/0001327811/000132781120000002/xslF345X03/wf-form4_157860929772659.xml"}, {"form_type": "4", "filings_date": "2019-12-18", "url": "https://www.sec.gov/Archives/edgar/data/0001327811/000132781119000215/xslF345X03/wf-form4_157670482470173.xml"}, {"form_type": "4", "filings_date": "2019-12-18", "url": "https://www.sec.gov/Archives/edgar/data/0001327811/000132781119000213/xslF345X03/wf-form4_157670457460690.xml"}, {"form_type": "4", "filings_date": "2019-12-16", "url": "https://www.sec.gov/Archives/edgar/data/0001327811/000132781119000211/xslF345X03/wf-form4_157653197780041.xml"}, {"form_type": "8-K", "filings_date": "2019-12-10", "url": "https://www.sec.gov/Archives/edgar/data/0001327811/000132781119000209/wday-12102019x8k.htm"}, {"form_type": "4", "filings_date": "2019-12-09", "url": "https://www.sec.gov/Archives/edgar/data/0001327811/000132781119000207/xslF345X03/wf-form4_157594178236603.xml"}, {"form_type": "4", "filings_date": "2019-12-09", "url": "https://www.sec.gov/Archives/edgar/data/0001327811/000132781119000206/xslF345X03/wf-form4_157594171464621.xml"}, {"form_type": "4", "filings_date": "2019-12-09", "url": "https://www.sec.gov/Archives/edgar/data/0001327811/000132781119000205/xslF345X03/wf-form4_157594165697713.xml"}, {"form_type": "4", "filings_date": "2019-12-09", "url": "https://www.sec.gov/Archives/edgar/data/0001327811/000132781119000204/xslF345X03/wf-form4_157594156889992.xml"}, {"form_type": "4", "filings_date": "2019-12-09", "url": "https://www.sec.gov/Archives/edgar/data/0001327811/000132781119000203/xslF345X03/wf-form4_157594143212281.xml"}, {"form_type": "10-Q", "filings_date": "2019-12-04", "url": "https://www.sec.gov/Archives/edgar/data/0001327811/000132781119000196/wday-10312019x10q.htm"}, {"form_type": "8-K", "filings_date": "2019-12-03", "url": "https://www.sec.gov/Archives/edgar/data/0001327811/000132781119000194/wday-10312019x8k.htm"}, {"form_type": "8-K", "filings_date": "2019-11-04", "url": "https://www.sec.gov/Archives/edgar/data/0001327811/000119312519283347/d818545d8k.htm"}, {"form_type": "4", "filings_date": "2019-10-17", "url": "https://www.sec.gov/Archives/edgar/data/0001327811/000132781119000189/xslF345X03/wf-form4_157135297608349.xml"}, {"form_type": "4", "filings_date": "2019-10-17", "url": "https://www.sec.gov/Archives/edgar/data/0001327811/000132781119000187/xslF345X03/wf-form4_157135135954965.xml"}, {"form_type": "4", "filings_date": "2019-10-17", "url": "https://www.sec.gov/Archives/edgar/data/0001327811/000132781119000185/xslF345X03/wf-form4_157135077981511.xml"}, {"form_type": "4", "filings_date": "2019-10-17", "url": "https://www.sec.gov/Archives/edgar/data/0001327811/000132781119000183/xslF345X03/wf-form4_157135003638133.xml"}, {"form_type": "4", "filings_date": "2019-10-17", "url": "https://www.sec.gov/Archives/edgar/data/0001327811/000132781119000181/xslF345X03/wf-form4_157134925271465.xml"}, {"form_type": "4", "filings_date": "2019-10-17", "url": "https://www.sec.gov/Archives/edgar/data/0001327811/000132781119000179/xslF345X03/wf-form4_157134789310883.xml"}, {"form_type": "4", "filings_date": "2019-10-17", "url": "https://www.sec.gov/Archives/edgar/data/0001327811/000132781119000177/xslF345X03/wf-form4_157134765240607.xml"}, {"form_type": "4", "filings_date": "2019-10-04", "url": "https://www.sec.gov/Archives/edgar/data/0001327811/000132781119000174/xslF345X03/wf-form4_157022852862438.xml"}, {"form_type": "4", "filings_date": "2019-09-18", "url": "https://www.sec.gov/Archives/edgar/data/0001327811/000132781119000172/xslF345X03/wf-form4_156884511189123.xml"}, {"form_type": "4", "filings_date": "2019-09-18", "url": "https://www.sec.gov/Archives/edgar/data/0001327811/000132781119000171/xslF345X03/wf-form4_156884492628067.xml"}, {"form_type": "3", "filings_date": "2019-09-13", "url": "https://www.sec.gov/Archives/edgar/data/0001327811/000132781119000169/xslF345X02/wf-form3_156840947763591.xml"}, {"form_type": "4", "filings_date": "2019-09-13", "url": "https://www.sec.gov/Archives/edgar/data/0001327811/000132781119000168/xslF345X03/wf-form4_156840943503330.xml"}, {"form_type": "4", "filings_date": "2019-09-06", "url": "https://www.sec.gov/Archives/edgar/data/0001327811/000132781119000162/xslF345X03/wf-form4_156780826030707.xml"}, {"form_type": "4", "filings_date": "2019-09-05", "url": "https://www.sec.gov/Archives/edgar/data/0001327811/000132781119000160/xslF345X03/wf-form4_156772647423578.xml"}, {"form_type": "4", "filings_date": "2019-09-05", "url": "https://www.sec.gov/Archives/edgar/data/0001327811/000132781119000158/xslF345X03/wf-form4_156772635729123.xml"}, {"form_type": "10-Q", "filings_date": "2019-08-30", "url": "https://www.sec.gov/Archives/edgar/data/0001327811/000132781119000156/wday-7312019x10q.htm"}, {"form_type": "8-K", "filings_date": "2019-08-29", "url": "https://www.sec.gov/Archives/edgar/data/0001327811/000119312519234034/d768230d8k.htm"}, {"form_type": "4/A", "filings_date": "2019-08-05", "url": "https://www.sec.gov/Archives/edgar/data/0001327811/000132781119000153/xslF345X03/wf-form4a_156503935804786.xml"}, {"form_type": "4", "filings_date": "2019-07-17", "url": "https://www.sec.gov/Archives/edgar/data/0001327811/000132781119000151/xslF345X03/wf-form4_156340245797297.xml"}, {"form_type": "4", "filings_date": "2019-07-17", "url": "https://www.sec.gov/Archives/edgar/data/0001327811/000132781119000150/xslF345X03/wf-form4_156340235363154.xml"}, {"form_type": "4", "filings_date": "2019-07-17", "url": "https://www.sec.gov/Archives/edgar/data/0001327811/000132781119000149/xslF345X03/wf-form4_156340227715437.xml"}, {"form_type": "4", "filings_date": "2019-07-17", "url": "https://www.sec.gov/Archives/edgar/data/0001327811/000132781119000148/xslF345X03/wf-form4_156340220667447.xml"}, {"form_type": "4", "filings_date": "2019-07-17", "url": "https://www.sec.gov/Archives/edgar/data/0001327811/000132781119000147/xslF345X03/wf-form4_156340212608880.xml"}, {"form_type": "4", "filings_date": "2019-07-17", "url": "https://www.sec.gov/Archives/edgar/data/0001327811/000132781119000146/xslF345X03/wf-form4_156340204462289.xml"}, {"form_type": "4", "filings_date": "2019-07-17", "url": "https://www.sec.gov/Archives/edgar/data/0001327811/000132781119000145/xslF345X03/wf-form4_156340195390454.xml"}, {"form_type": "4", "filings_date": "2019-07-12", "url": "https://www.sec.gov/Archives/edgar/data/0001327811/000132781119000137/xslF345X03/wf-form4_156296983412379.xml"}, {"form_type": "4", "filings_date": "2019-07-10", "url": "https://www.sec.gov/Archives/edgar/data/0001327811/000132781119000135/xslF345X03/wf-form4_156279686880123.xml"}, {"form_type": "4/A", "filings_date": "2019-07-10", "url": "https://www.sec.gov/Archives/edgar/data/0001327811/000132781119000134/xslF345X03/wf-form4a_156279672739036.xml"}, {"form_type": "4", "filings_date": "2019-06-20", "url": "https://www.sec.gov/Archives/edgar/data/0001327811/000140932419000002/xslF345X03/wf-form4_156108063863342.xml"}, {"form_type": "4", "filings_date": "2019-06-20", "url": "https://www.sec.gov/Archives/edgar/data/0001327811/000132781119000131/xslF345X03/wf-form4_156107846111317.xml"}, {"form_type": "4", "filings_date": "2019-06-20", "url": "https://www.sec.gov/Archives/edgar/data/0001327811/000132781119000126/xslF345X03/wf-form4_156107271935866.xml"}, {"form_type": "4", "filings_date": "2019-06-20", "url": "https://www.sec.gov/Archives/edgar/data/0001327811/000132781119000124/xslF345X03/wf-form4_156107259802339.xml"}, {"form_type": "4", "filings_date": "2019-06-20", "url": "https://www.sec.gov/Archives/edgar/data/0001327811/000132781119000120/xslF345X03/wf-form4_156107234076405.xml"}, {"form_type": "4", "filings_date": "2019-06-20", "url": "https://www.sec.gov/Archives/edgar/data/0001327811/000132781119000118/xslF345X03/wf-form4_156107218796385.xml"}, {"form_type": "4", "filings_date": "2019-06-20", "url": "https://www.sec.gov/Archives/edgar/data/0001327811/000132781119000116/xslF345X03/wf-form4_156107197934133.xml"}, {"form_type": "4", "filings_date": "2019-06-20", "url": "https://www.sec.gov/Archives/edgar/data/0001327811/000132781119000114/xslF345X03/wf-form4_156107177648319.xml"}, {"form_type": "8-K", "filings_date": "2019-06-20", "url": "https://www.sec.gov/Archives/edgar/data/0001327811/000119312519177578/d768960d8k.htm"}, {"form_type": "4", "filings_date": "2019-06-19", "url": "https://www.sec.gov/Archives/edgar/data/0001327811/000132781119000112/xslF345X03/wf-form4_156098561460128.xml"}, {"form_type": "4", "filings_date": "2019-06-18", "url": "https://www.sec.gov/Archives/edgar/data/0001327811/000132781119000110/xslF345X03/wf-form4_156089948176896.xml"}, {"form_type": "4", "filings_date": "2019-06-17", "url": "https://www.sec.gov/Archives/edgar/data/0001327811/000132781119000108/xslF345X03/wf-form4_156081321980521.xml"}, {"form_type": "4", "filings_date": "2019-06-12", "url": "https://www.sec.gov/Archives/edgar/data/0001327811/000132781119000106/xslF345X03/wf-form4_156038339488123.xml"}, {"form_type": "4", "filings_date": "2019-06-07", "url": "https://www.sec.gov/Archives/edgar/data/0001327811/000132781119000104/xslF345X03/wf-form4_155994413513929.xml"}, {"form_type": "4", "filings_date": "2019-06-07", "url": "https://www.sec.gov/Archives/edgar/data/0001327811/000132781119000103/xslF345X03/wf-form4_155994407281180.xml"}, {"form_type": "4", "filings_date": "2019-06-06", "url": "https://www.sec.gov/Archives/edgar/data/0001327811/000132781119000100/xslF345X03/wf-form4_155986870020697.xml"}, {"form_type": "4", "filings_date": "2019-06-06", "url": "https://www.sec.gov/Archives/edgar/data/0001327811/000132781119000098/xslF345X03/wf-form4_155986855584105.xml"}, {"form_type": "4", "filings_date": "2019-06-05", "url": "https://www.sec.gov/Archives/edgar/data/0001327811/000132781119000096/xslF345X03/wf-form4_155977560475679.xml"}, {"form_type": "4", "filings_date": "2019-06-03", "url": "https://www.sec.gov/Archives/edgar/data/0001327811/000132781119000094/xslF345X03/wf-form4_155961276508438.xml"}, {"form_type": "10-Q", "filings_date": "2019-05-30", "url": "https://www.sec.gov/Archives/edgar/data/0001327811/000132781119000092/wday-4302019x10q.htm"}, {"form_type": "8-K", "filings_date": "2019-05-28", "url": "https://www.sec.gov/Archives/edgar/data/0001327811/000119312519158324/d700616d8k.htm"}, {"form_type": "4", "filings_date": "2019-05-17", "url": "https://www.sec.gov/Archives/edgar/data/0001327811/000132781119000089/xslF345X03/wf-form4_155813010783259.xml"}, {"form_type": "DEFA14A", "filings_date": "2019-04-26", "url": "https://www.sec.gov/Archives/edgar/data/0001327811/000119312519122382/d726111ddefa14a.htm"}, {"form_type": "DEF 14A", "filings_date": "2019-04-26", "url": "https://www.sec.gov/Archives/edgar/data/0001327811/000119312519122341/d728879ddef14a.htm"}, {"form_type": "4", "filings_date": "2019-04-24", "url": "https://www.sec.gov/Archives/edgar/data/0001327811/000132781119000087/xslF345X03/wf-form4_155614583785164.xml"}, {"form_type": "4", "filings_date": "2019-04-24", "url": "https://www.sec.gov/Archives/edgar/data/0001327811/000132781119000085/xslF345X03/wf-form4_155614562289349.xml"}, {"form_type": "4", "filings_date": "2019-04-24", "url": "https://www.sec.gov/Archives/edgar/data/0001327811/000132781119000083/xslF345X03/wf-form4_155614402136380.xml"}, {"form_type": "4", "filings_date": "2019-04-24", "url": "https://www.sec.gov/Archives/edgar/data/0001327811/000132781119000081/xslF345X03/wf-form4_155614378156553.xml"}, {"form_type": "4", "filings_date": "2019-04-24", "url": "https://www.sec.gov/Archives/edgar/data/0001327811/000132781119000079/xslF345X03/wf-form4_155614344970951.xml"}, {"form_type": "4", "filings_date": "2019-04-24", "url": "https://www.sec.gov/Archives/edgar/data/0001327811/000132781119000077/xslF345X03/wf-form4_155614324787570.xml"}, {"form_type": "4", "filings_date": "2019-04-24", "url": "https://www.sec.gov/Archives/edgar/data/0001327811/000132781119000075/xslF345X03/wf-form4_155614303014135.xml"}, {"form_type": "4", "filings_date": "2019-04-24", "url": "https://www.sec.gov/Archives/edgar/data/0001327811/000132781119000073/xslF345X03/wf-form4_155614275423333.xml"}, {"form_type": "4", "filings_date": "2019-04-17", "url": "https://www.sec.gov/Archives/edgar/data/0001327811/000132781119000071/xslF345X03/wf-form4_155554376346480.xml"}, {"form_type": "4", "filings_date": "2019-04-17", "url": "https://www.sec.gov/Archives/edgar/data/0001327811/000132781119000069/xslF345X03/wf-form4_155554336128182.xml"}, {"form_type": "4", "filings_date": "2019-04-17", "url": "https://www.sec.gov/Archives/edgar/data/0001327811/000132781119000067/xslF345X03/wf-form4_155554307116252.xml"}, {"form_type": "4", "filings_date": "2019-04-17", "url": "https://www.sec.gov/Archives/edgar/data/0001327811/000132781119000065/xslF345X03/wf-form4_155554280045715.xml"}, {"form_type": "4", "filings_date": "2019-04-17", "url": "https://www.sec.gov/Archives/edgar/data/0001327811/000132781119000063/xslF345X03/wf-form4_155554218864168.xml"}, {"form_type": "4", "filings_date": "2019-04-17", "url": "https://www.sec.gov/Archives/edgar/data/0001327811/000132781119000061/xslF345X03/wf-form4_155554110411343.xml"}, {"form_type": "4", "filings_date": "2019-04-17", "url": "https://www.sec.gov/Archives/edgar/data/0001327811/000132781119000059/xslF345X03/wf-form4_155554050245489.xml"}, {"form_type": "4", "filings_date": "2019-04-17", "url": "https://www.sec.gov/Archives/edgar/data/0001327811/000132781119000057/xslF345X03/wf-form4_155554016645962.xml"}, {"form_type": "4", "filings_date": "2019-04-12", "url": "https://www.sec.gov/Archives/edgar/data/0001327811/000132781119000055/xslF345X03/wf-form4_155510223361972.xml"}, {"form_type": "3", "filings_date": "2019-04-11", "url": "https://www.sec.gov/Archives/edgar/data/0001327811/000132781119000054/xslF345X02/wf-form3_155501468172090.xml"}, {"form_type": "4", "filings_date": "2019-04-05", "url": "https://www.sec.gov/Archives/edgar/data/0001327811/000132781119000048/xslF345X03/wf-form4_155449860816372.xml"}, {"form_type": "8-K", "filings_date": "2019-04-02", "url": "https://www.sec.gov/Archives/edgar/data/0001327811/000119312519095629/d725601d8k.htm"}, {"form_type": "4", "filings_date": "2019-03-22", "url": "https://www.sec.gov/Archives/edgar/data/0001327811/000132781119000046/xslF345X03/wf-form4_155329689357086.xml"}, {"form_type": "4", "filings_date": "2019-03-19", "url": "https://www.sec.gov/Archives/edgar/data/0001327811/000132781119000044/xslF345X03/wf-form4_155303651294160.xml"}, {"form_type": "4", "filings_date": "2019-03-19", "url": "https://www.sec.gov/Archives/edgar/data/0001327811/000132781119000042/xslF345X03/wf-form4_155303591367659.xml"}, {"form_type": "4", "filings_date": "2019-03-19", "url": "https://www.sec.gov/Archives/edgar/data/0001327811/000132781119000040/xslF345X03/wf-form4_155303509702683.xml"}, {"form_type": "S-8", "filings_date": "2019-03-18", "url": "https://www.sec.gov/Archives/edgar/data/0001327811/000119312519078347/d689537ds8.htm"}, {"form_type": "10-K", "filings_date": "2019-03-18", "url": "https://www.sec.gov/Archives/edgar/data/0001327811/000132781119000038/wday-01312019x10k.htm"}, {"form_type": "4", "filings_date": "2019-03-13", "url": "https://www.sec.gov/Archives/edgar/data/0001327811/000132781119000035/xslF345X03/wf-form4_155252086184778.xml"}, {"form_type": "4", "filings_date": "2019-03-06", "url": "https://www.sec.gov/Archives/edgar/data/0001327811/000132781119000032/xslF345X03/wf-form4_155191993774185.xml"}, {"form_type": "4", "filings_date": "2019-03-06", "url": "https://www.sec.gov/Archives/edgar/data/0001327811/000132781119000031/xslF345X03/wf-form4_155191987011698.xml"}, {"form_type": "4", "filings_date": "2019-03-06", "url": "https://www.sec.gov/Archives/edgar/data/0001327811/000132781119000030/xslF345X03/wf-form4_155191981063270.xml"}, {"form_type": "4", "filings_date": "2019-03-06", "url": "https://www.sec.gov/Archives/edgar/data/0001327811/000132781119000029/xslF345X03/wf-form4_155191975172197.xml"}, {"form_type": "4", "filings_date": "2019-03-06", "url": "https://www.sec.gov/Archives/edgar/data/0001327811/000132781119000028/xslF345X03/wf-form4_155191966980789.xml"}, {"form_type": "8-K", "filings_date": "2019-02-28", "url": "https://www.sec.gov/Archives/edgar/data/0001327811/000119312519057546/d714677d8k.htm"}, {"form_type": "SC 13G/A", "filings_date": "2019-02-14", "url": "https://www.sec.gov/Archives/edgar/data/0001327811/000119312519040726/d695913dsc13ga.htm"}, {"form_type": "SC 13G/A", "filings_date": "2019-02-14", "url": "https://www.sec.gov/Archives/edgar/data/0001327811/000008025519002603/wday13gadec18.txt"}, {"form_type": "SC 13G", "filings_date": "2019-02-13", "url": "https://www.sec.gov/Archives/edgar/data/0001327811/000089542119000323/workdayinc.txt"}, {"form_type": "SC 13G/A", "filings_date": "2019-02-13", "url": "https://www.sec.gov/Archives/edgar/data/0001327811/000031506619001415/filing.txt"}, {"form_type": "SC 13G/A", "filings_date": "2019-02-12", "url": "https://www.sec.gov/Archives/edgar/data/0001327811/000090221919000074/SEC13G_Filing.htm"}, {"form_type": "SC 13G", "filings_date": "2019-02-11", "url": "https://www.sec.gov/Archives/edgar/data/0001327811/000021545719007277/us98138h1014_020819.txt"}, {"form_type": "SC 13G/A", "filings_date": "2019-02-11", "url": "https://www.sec.gov/Archives/edgar/data/0001327811/000093247119004259/workdayinc.htm"}, {"form_type": "SC 13G/A", "filings_date": "2019-02-01", "url": "https://www.sec.gov/Archives/edgar/data/0001327811/000005341719000072/wday1218.txt"}, {"form_type": "SC 13G/A", "filings_date": "2019-01-31", "url": "https://www.sec.gov/Archives/edgar/data/0001327811/000113777419000030/work.htm"}, {"form_type": "4", "filings_date": "2019-01-17", "url": "https://www.sec.gov/Archives/edgar/data/0001327811/000132781119000022/xslF345X03/wf-form4_154776385167468.xml"}, {"form_type": "4", "filings_date": "2019-01-17", "url": "https://www.sec.gov/Archives/edgar/data/0001327811/000132781119000021/xslF345X03/wf-form4_154776371516712.xml"}, {"form_type": "4", "filings_date": "2019-01-17", "url": "https://www.sec.gov/Archives/edgar/data/0001327811/000132781119000019/xslF345X03/wf-form4_154776350127524.xml"}, {"form_type": "4", "filings_date": "2019-01-17", "url": "https://www.sec.gov/Archives/edgar/data/0001327811/000132781119000017/xslF345X03/wf-form4_154776296933272.xml"}, {"form_type": "4", "filings_date": "2019-01-17", "url": "https://www.sec.gov/Archives/edgar/data/0001327811/000132781119000014/xslF345X03/wf-form4_154776220533649.xml"}, {"form_type": "4", "filings_date": "2019-01-17", "url": "https://www.sec.gov/Archives/edgar/data/0001327811/000132781119000012/xslF345X03/wf-form4_154776201902047.xml"}, {"form_type": "4", "filings_date": "2019-01-17", "url": "https://www.sec.gov/Archives/edgar/data/0001327811/000132781119000010/xslF345X03/wf-form4_154776173301948.xml"}, {"form_type": "4", "filings_date": "2019-01-17", "url": "https://www.sec.gov/Archives/edgar/data/0001327811/000132781119000008/xslF345X03/wf-form4_154776153027233.xml"}, {"form_type": "4", "filings_date": "2019-01-14", "url": "https://www.sec.gov/Archives/edgar/data/0001327811/000132781119000006/xslF345X03/wf-form4_154750734675892.xml"}, {"form_type": "4", "filings_date": "2019-01-11", "url": "https://www.sec.gov/Archives/edgar/data/0001327811/000132781119000004/xslF345X03/wf-form4_154725254783345.xml"}, {"form_type": "4", "filings_date": "2019-01-09", "url": "https://www.sec.gov/Archives/edgar/data/0001327811/000132781119000002/xslF345X03/wf-form4_154707099387197.xml"}, {"form_type": "4", "filings_date": "2018-12-21", "url": "https://www.sec.gov/Archives/edgar/data/0001327811/000132781118000074/xslF345X03/wf-form4_154543270351674.xml"}, {"form_type": "4", "filings_date": "2018-12-19", "url": "https://www.sec.gov/Archives/edgar/data/0001327811/000132781118000072/xslF345X03/wf-form4_154526163890592.xml"}, {"form_type": "4", "filings_date": "2018-12-19", "url": "https://www.sec.gov/Archives/edgar/data/0001327811/000132781118000071/xslF345X03/wf-form4_154526151061849.xml"}, {"form_type": "4", "filings_date": "2018-12-12", "url": "https://www.sec.gov/Archives/edgar/data/0001327811/000132781118000068/xslF345X03/wf-form4_154465547225827.xml"}, {"form_type": "4", "filings_date": "2018-12-11", "url": "https://www.sec.gov/Archives/edgar/data/0001327811/000132781118000066/xslF345X03/wf-form4_154456372387281.xml"}, {"form_type": "SC 13G/A", "filings_date": "2018-12-10", "url": "https://www.sec.gov/Archives/edgar/data/0001327811/000008025518002980/wday13ganov18.txt"}, {"form_type": "4", "filings_date": "2018-12-06", "url": "https://www.sec.gov/Archives/edgar/data/0001327811/000132781118000064/xslF345X03/wf-form4_154413050355103.xml"}, {"form_type": "4", "filings_date": "2018-12-06", "url": "https://www.sec.gov/Archives/edgar/data/0001327811/000132781118000062/xslF345X03/wf-form4_154413034093195.xml"}, {"form_type": "4", "filings_date": "2018-12-06", "url": "https://www.sec.gov/Archives/edgar/data/0001327811/000132781118000060/xslF345X03/wf-form4_154413008168603.xml"}, {"form_type": "10-Q", "filings_date": "2018-12-03", "url": "https://www.sec.gov/Archives/edgar/data/0001327811/000132781118000058/wday-10312018x10q.htm"}, {"form_type": "8-K", "filings_date": "2018-11-29", "url": "https://www.sec.gov/Archives/edgar/data/0001327811/000119312518338042/d664830d8k.htm"}, {"form_type": "SC 13G/A", "filings_date": "2018-11-13", "url": "https://www.sec.gov/Archives/edgar/data/0001327811/000008025518002955/wday13gaoct18.txt"}, {"form_type": "4", "filings_date": "2018-10-17", "url": "https://www.sec.gov/Archives/edgar/data/0001327811/000132781118000055/xslF345X03/wf-form4_153982068625137.xml"}, {"form_type": "4", "filings_date": "2018-10-17", "url": "https://www.sec.gov/Archives/edgar/data/0001327811/000132781118000053/xslF345X03/wf-form4_153981987197391.xml"}, {"form_type": "4", "filings_date": "2018-10-17", "url": "https://www.sec.gov/Archives/edgar/data/0001327811/000132781118000051/xslF345X03/wf-form4_153981961041586.xml"}, {"form_type": "4", "filings_date": "2018-10-17", "url": "https://www.sec.gov/Archives/edgar/data/0001327811/000132781118000049/xslF345X03/wf-form4_153981915948935.xml"}, {"form_type": "4", "filings_date": "2018-10-17", "url": "https://www.sec.gov/Archives/edgar/data/0001327811/000132781118000047/xslF345X03/wf-form4_153981900358711.xml"}, {"form_type": "4", "filings_date": "2018-10-17", "url": "https://www.sec.gov/Archives/edgar/data/0001327811/000132781118000045/xslF345X03/wf-form4_153981888724481.xml"}, {"form_type": "4", "filings_date": "2018-10-17", "url": "https://www.sec.gov/Archives/edgar/data/0001327811/000132781118000043/xslF345X03/wf-form4_153981874848729.xml"}, {"form_type": "4", "filings_date": "2018-10-17", "url": "https://www.sec.gov/Archives/edgar/data/0001327811/000132781118000041/xslF345X03/wf-form4_153981855692197.xml"}, {"form_type": "8-K/A", "filings_date": "2018-10-15", "url": "https://www.sec.gov/Archives/edgar/data/0001327811/000132781118000039/a8-kaproformafile.htm"}, {"form_type": "4", "filings_date": "2018-10-12", "url": "https://www.sec.gov/Archives/edgar/data/0001327811/000132781118000035/xslF345X03/wf-form4_153938480590548.xml"}, {"form_type": "4", "filings_date": "2018-10-10", "url": "https://www.sec.gov/Archives/edgar/data/0001327811/000132781118000032/xslF345X03/wf-form4_153921623252489.xml"}, {"form_type": "SC 13G/A", "filings_date": "2018-10-10", "url": "https://www.sec.gov/Archives/edgar/data/0001327811/000008025518002884/wday13gasep18.txt"}, {"form_type": "4", "filings_date": "2018-09-19", "url": "https://www.sec.gov/Archives/edgar/data/0001327811/000132781118000030/xslF345X03/wf-form4_153740093690171.xml"}, {"form_type": "4", "filings_date": "2018-09-19", "url": "https://www.sec.gov/Archives/edgar/data/0001327811/000132781118000028/xslF345X03/wf-form4_153740063325710.xml"}, {"form_type": "3/A", "filings_date": "2018-09-19", "url": "https://www.sec.gov/Archives/edgar/data/0001327811/000132781118000027/xslF345X02/wf-form3a_153740027226215.xml"}, {"form_type": "4", "filings_date": "2018-09-12", "url": "https://www.sec.gov/Archives/edgar/data/0001327811/000120919118050720/xslF345X03/doc4.xml"}, {"form_type": "4", "filings_date": "2018-09-11", "url": "https://www.sec.gov/Archives/edgar/data/0001327811/000120919118050562/xslF345X03/doc4.xml"}, {"form_type": "4", "filings_date": "2018-09-10", "url": "https://www.sec.gov/Archives/edgar/data/0001327811/000120919118050391/xslF345X03/doc4.xml"}, {"form_type": "4", "filings_date": "2018-09-10", "url": "https://www.sec.gov/Archives/edgar/data/0001327811/000120919118050380/xslF345X03/doc4.xml"}, {"form_type": "4", "filings_date": "2018-09-10", "url": "https://www.sec.gov/Archives/edgar/data/0001327811/000120919118050378/xslF345X03/doc4.xml"}, {"form_type": "10-Q", "filings_date": "2018-09-05", "url": "https://www.sec.gov/Archives/edgar/data/0001327811/000132781118000024/wday-07312018x10q.htm"}, {"form_type": "8-K", "filings_date": "2018-09-04", "url": "https://www.sec.gov/Archives/edgar/data/0001327811/000119312518266192/d618668d8k.htm"}, {"form_type": "S-8", "filings_date": "2018-08-17", "url": "https://www.sec.gov/Archives/edgar/data/0001327811/000119312518251674/d594931ds8.htm"}, {"form_type": "8-K", "filings_date": "2018-08-01", "url": "https://www.sec.gov/Archives/edgar/data/0001327811/000119312518234903/d568678d8k.htm"}, {"form_type": "4", "filings_date": "2018-07-18", "url": "https://www.sec.gov/Archives/edgar/data/0001327811/000120919118043202/xslF345X03/doc4.xml"}, {"form_type": "3/A", "filings_date": "2018-07-18", "url": "https://www.sec.gov/Archives/edgar/data/0001327811/000120919118043196/xslF345X02/doc3a.xml"}, {"form_type": "4", "filings_date": "2018-07-18", "url": "https://www.sec.gov/Archives/edgar/data/0001327811/000120919118043191/xslF345X03/doc4.xml"}, {"form_type": "4", "filings_date": "2018-07-18", "url": "https://www.sec.gov/Archives/edgar/data/0001327811/000120919118043184/xslF345X03/doc4.xml"}, {"form_type": "4", "filings_date": "2018-07-18", "url": "https://www.sec.gov/Archives/edgar/data/0001327811/000120919118043182/xslF345X03/doc4.xml"}, {"form_type": "4", "filings_date": "2018-07-18", "url": "https://www.sec.gov/Archives/edgar/data/0001327811/000120919118043180/xslF345X03/doc4.xml"}, {"form_type": "4", "filings_date": "2018-07-18", "url": "https://www.sec.gov/Archives/edgar/data/0001327811/000120919118043178/xslF345X03/doc4.xml"}, {"form_type": "4", "filings_date": "2018-07-18", "url": "https://www.sec.gov/Archives/edgar/data/0001327811/000120919118043175/xslF345X03/doc4.xml"}, {"form_type": "4", "filings_date": "2018-07-18", "url": "https://www.sec.gov/Archives/edgar/data/0001327811/000120919118043173/xslF345X03/doc4.xml"}, {"form_type": "4", "filings_date": "2018-07-11", "url": "https://www.sec.gov/Archives/edgar/data/0001327811/000120919118042392/xslF345X03/doc4.xml"}, {"form_type": "8-K", "filings_date": "2018-06-25", "url": "https://www.sec.gov/Archives/edgar/data/0001327811/000119312518202475/d429344d8k.htm"}, {"form_type": "4", "filings_date": "2018-06-22", "url": "https://www.sec.gov/Archives/edgar/data/0001327811/000120919118039346/xslF345X03/doc4.xml"}, {"form_type": "4", "filings_date": "2018-06-22", "url": "https://www.sec.gov/Archives/edgar/data/0001327811/000120919118039344/xslF345X03/doc4.xml"}, {"form_type": "4", "filings_date": "2018-06-22", "url": "https://www.sec.gov/Archives/edgar/data/0001327811/000120919118039342/xslF345X03/doc4.xml"}, {"form_type": "4", "filings_date": "2018-06-22", "url": "https://www.sec.gov/Archives/edgar/data/0001327811/000120919118039340/xslF345X03/doc4.xml"}, {"form_type": "4", "filings_date": "2018-06-22", "url": "https://www.sec.gov/Archives/edgar/data/0001327811/000120919118039338/xslF345X03/doc4.xml"}, {"form_type": "4", "filings_date": "2018-06-22", "url": "https://www.sec.gov/Archives/edgar/data/0001327811/000120919118039336/xslF345X03/doc4.xml"}, {"form_type": "4", "filings_date": "2018-06-22", "url": "https://www.sec.gov/Archives/edgar/data/0001327811/000120919118039334/xslF345X03/doc4.xml"}, {"form_type": "4", "filings_date": "2018-06-22", "url": "https://www.sec.gov/Archives/edgar/data/0001327811/000120919118039332/xslF345X03/doc4.xml"}, {"form_type": "4", "filings_date": "2018-06-19", "url": "https://www.sec.gov/Archives/edgar/data/0001327811/000120919118038704/xslF345X03/doc4.xml"}, {"form_type": "4", "filings_date": "2018-06-19", "url": "https://www.sec.gov/Archives/edgar/data/0001327811/000120919118038702/xslF345X03/doc4.xml"}, {"form_type": "8-K", "filings_date": "2018-06-11", "url": "https://www.sec.gov/Archives/edgar/data/0001327811/000119312518188810/d604263d8k.htm"}, {"form_type": "4", "filings_date": "2018-06-08", "url": "https://www.sec.gov/Archives/edgar/data/0001327811/000120919118036824/xslF345X03/doc4.xml"}, {"form_type": "4", "filings_date": "2018-06-07", "url": "https://www.sec.gov/Archives/edgar/data/0001327811/000120919118036457/xslF345X03/doc4.xml"}, {"form_type": "4", "filings_date": "2018-06-06", "url": "https://www.sec.gov/Archives/edgar/data/0001327811/000120919118036170/xslF345X03/doc4.xml"}, {"form_type": "10-Q", "filings_date": "2018-06-01", "url": "https://www.sec.gov/Archives/edgar/data/0001327811/000132781118000022/wday-04302018x10q.htm"}, {"form_type": "8-K", "filings_date": "2018-05-31", "url": "https://www.sec.gov/Archives/edgar/data/0001327811/000132781118000017/wday-04302018x8k.htm"}, {"form_type": "4", "filings_date": "2018-05-17", "url": "https://www.sec.gov/Archives/edgar/data/0001327811/000120919118030962/xslF345X03/doc4.xml"}, {"form_type": "DEFA14A", "filings_date": "2018-04-27", "url": "https://www.sec.gov/Archives/edgar/data/0001327811/000119312518138898/d517499ddefa14a.htm"}, {"form_type": "DEF 14A", "filings_date": "2018-04-27", "url": "https://www.sec.gov/Archives/edgar/data/0001327811/000119312518138883/d510652ddef14a.htm"}, {"form_type": "4", "filings_date": "2018-04-18", "url": "https://www.sec.gov/Archives/edgar/data/0001327811/000120919118025478/xslF345X03/doc4.xml"}, {"form_type": "4", "filings_date": "2018-04-17", "url": "https://www.sec.gov/Archives/edgar/data/0001327811/000120919118025273/xslF345X03/doc4.xml"}, {"form_type": "4", "filings_date": "2018-04-17", "url": "https://www.sec.gov/Archives/edgar/data/0001327811/000120919118025271/xslF345X03/doc4.xml"}, {"form_type": "4", "filings_date": "2018-04-17", "url": "https://www.sec.gov/Archives/edgar/data/0001327811/000120919118025267/xslF345X03/doc4.xml"}, {"form_type": "4", "filings_date": "2018-04-17", "url": "https://www.sec.gov/Archives/edgar/data/0001327811/000120919118025265/xslF345X03/doc4.xml"}, {"form_type": "4", "filings_date": "2018-04-17", "url": "https://www.sec.gov/Archives/edgar/data/0001327811/000120919118025263/xslF345X03/doc4.xml"}, {"form_type": "4", "filings_date": "2018-04-17", "url": "https://www.sec.gov/Archives/edgar/data/0001327811/000120919118025261/xslF345X03/doc4.xml"}, {"form_type": "4", "filings_date": "2018-04-17", "url": "https://www.sec.gov/Archives/edgar/data/0001327811/000120919118025259/xslF345X03/doc4.xml"}, {"form_type": "4", "filings_date": "2018-04-09", "url": "https://www.sec.gov/Archives/edgar/data/0001327811/000120919118024447/xslF345X03/doc4.xml"}, {"form_type": "SC 13G/A", "filings_date": "2018-04-09", "url": "https://www.sec.gov/Archives/edgar/data/0001327811/000108887518000041/WorkdayInc310318.txt"}, {"form_type": "4", "filings_date": "2018-03-29", "url": "https://www.sec.gov/Archives/edgar/data/0001327811/000120919118022160/xslF345X03/doc4.xml"}, {"form_type": "4", "filings_date": "2018-03-29", "url": "https://www.sec.gov/Archives/edgar/data/0001327811/000120919118022154/xslF345X03/doc4.xml"}, {"form_type": "4", "filings_date": "2018-03-19", "url": "https://www.sec.gov/Archives/edgar/data/0001327811/000120919118020783/xslF345X03/doc4.xml"}, {"form_type": "4", "filings_date": "2018-03-19", "url": "https://www.sec.gov/Archives/edgar/data/0001327811/000120919118020781/xslF345X03/doc4.xml"}, {"form_type": "5", "filings_date": "2018-03-15", "url": "https://www.sec.gov/Archives/edgar/data/0001327811/000120919118020062/xslF345X03/doc5.xml"}, {"form_type": "4", "filings_date": "2018-03-15", "url": "https://www.sec.gov/Archives/edgar/data/0001327811/000120919118020059/xslF345X03/doc4.xml"}, {"form_type": "S-8", "filings_date": "2018-03-14", "url": "https://www.sec.gov/Archives/edgar/data/0001327811/000119312518082464/d437561ds8.htm"}, {"form_type": "10-K", "filings_date": "2018-03-14", "url": "https://www.sec.gov/Archives/edgar/data/0001327811/000132781118000009/wday-01312018x10k.htm"}, {"form_type": "4", "filings_date": "2018-03-09", "url": "https://www.sec.gov/Archives/edgar/data/0001327811/000120919118018516/xslF345X03/doc4.xml"}, {"form_type": "4", "filings_date": "2018-03-08", "url": "https://www.sec.gov/Archives/edgar/data/0001327811/000120919118018360/xslF345X03/doc4.xml"}, {"form_type": "4", "filings_date": "2018-03-06", "url": "https://www.sec.gov/Archives/edgar/data/0001327811/000120919118017387/xslF345X03/doc4.xml"}, {"form_type": "4", "filings_date": "2018-03-05", "url": "https://www.sec.gov/Archives/edgar/data/0001327811/000120919118016940/xslF345X03/doc4.xml"}, {"form_type": "8-K", "filings_date": "2018-02-27", "url": "https://www.sec.gov/Archives/edgar/data/0001327811/000132781118000005/wday-1312018x8k.htm"}, {"form_type": "3", "filings_date": "2018-02-26", "url": "https://www.sec.gov/Archives/edgar/data/0001327811/000120919118013320/xslF345X02/doc3.xml"}, {"form_type": "4", "filings_date": "2018-02-20", "url": "https://www.sec.gov/Archives/edgar/data/0001327811/000120919118011599/xslF345X03/doc4.xml"}, {"form_type": "3", "filings_date": "2018-02-20", "url": "https://www.sec.gov/Archives/edgar/data/0001327811/000120919118011593/xslF345X02/doc3.xml"}, {"form_type": "4", "filings_date": "2018-02-20", "url": "https://www.sec.gov/Archives/edgar/data/0001327811/000120919118011585/xslF345X03/doc4.xml"}, {"form_type": "3", "filings_date": "2018-02-20", "url": "https://www.sec.gov/Archives/edgar/data/0001327811/000120919118011581/xslF345X02/doc3.xml"}, {"form_type": "8-K", "filings_date": "2018-02-15", "url": "https://www.sec.gov/Archives/edgar/data/0001327811/000119312518047265/d520299d8k.htm"}, {"form_type": "SC 13G/A", "filings_date": "2018-02-14", "url": "https://www.sec.gov/Archives/edgar/data/0001327811/000119312518045839/d525621dsc13ga.htm"}, {"form_type": "SC 13G/A", "filings_date": "2018-02-14", "url": "https://www.sec.gov/Archives/edgar/data/0001327811/000008025518002505/wday13gadec17.txt"}, {"form_type": "SC 13G/A", "filings_date": "2018-02-14", "url": "https://www.sec.gov/Archives/edgar/data/0001327811/000092963818000275/13ga.htm"}, {"form_type": "SC 13G/A", "filings_date": "2018-02-13", "url": "https://www.sec.gov/Archives/edgar/data/0001327811/000089542118000324/WDAY.txt"}, {"form_type": "SC 13G/A", "filings_date": "2018-02-13", "url": "https://www.sec.gov/Archives/edgar/data/0001327811/000031506618001655/filing.txt"}, {"form_type": "SC 13G/A", "filings_date": "2018-02-09", "url": "https://www.sec.gov/Archives/edgar/data/0001327811/000093247118004353/workdayinc.htm"}, {"form_type": "SC 13G/A", "filings_date": "2018-02-08", "url": "https://www.sec.gov/Archives/edgar/data/0001327811/000090221918000221/SEC13G_Filing.htm"}, {"form_type": "8-K", "filings_date": "2018-02-07", "url": "https://www.sec.gov/Archives/edgar/data/0001327811/000119312518034053/d530135d8k.htm"}, {"form_type": "SC 13G/A", "filings_date": "2018-02-06", "url": "https://www.sec.gov/Archives/edgar/data/0001327811/000005341718000069/wday1217.txt"}, {"form_type": "SC 13G/A", "filings_date": "2018-01-31", "url": "https://www.sec.gov/Archives/edgar/data/0001327811/000108887518000032/WorkdayInc12312017.txt"}, {"form_type": "SC 13G/A", "filings_date": "2018-01-26", "url": "https://www.sec.gov/Archives/edgar/data/0001327811/000113777418000032/wrkd.htm"}, {"form_type": "4", "filings_date": "2018-01-18", "url": "https://www.sec.gov/Archives/edgar/data/0001327811/000120919118004426/xslF345X03/doc4.xml"}, {"form_type": "4", "filings_date": "2018-01-18", "url": "https://www.sec.gov/Archives/edgar/data/0001327811/000120919118004424/xslF345X03/doc4.xml"}, {"form_type": "4", "filings_date": "2018-01-18", "url": "https://www.sec.gov/Archives/edgar/data/0001327811/000120919118004422/xslF345X03/doc4.xml"}, {"form_type": "4", "filings_date": "2018-01-18", "url": "https://www.sec.gov/Archives/edgar/data/0001327811/000120919118004420/xslF345X03/doc4.xml"}, {"form_type": "4", "filings_date": "2018-01-18", "url": "https://www.sec.gov/Archives/edgar/data/0001327811/000120919118004418/xslF345X03/doc4.xml"}, {"form_type": "4", "filings_date": "2018-01-18", "url": "https://www.sec.gov/Archives/edgar/data/0001327811/000120919118004416/xslF345X03/doc4.xml"}, {"form_type": "4", "filings_date": "2018-01-18", "url": "https://www.sec.gov/Archives/edgar/data/0001327811/000120919118004414/xslF345X03/doc4.xml"}, {"form_type": "4", "filings_date": "2018-01-18", "url": "https://www.sec.gov/Archives/edgar/data/0001327811/000120919118004412/xslF345X03/doc4.xml"}, {"form_type": "4", "filings_date": "2018-01-12", "url": "https://www.sec.gov/Archives/edgar/data/0001327811/000120919118003470/xslF345X03/doc4.xml"}, {"form_type": "4", "filings_date": "2018-01-10", "url": "https://www.sec.gov/Archives/edgar/data/0001327811/000120919118003137/xslF345X03/doc4.xml"}, {"form_type": "4", "filings_date": "2018-01-04", "url": "https://www.sec.gov/Archives/edgar/data/0001327811/000120919118002247/xslF345X03/doc4.xml"}, {"form_type": "8-K", "filings_date": "2018-01-02", "url": "https://www.sec.gov/Archives/edgar/data/0001327811/000119312518000629/d489025d8k.htm"}, {"form_type": "4", "filings_date": "2017-12-29", "url": "https://www.sec.gov/Archives/edgar/data/0001327811/000120919117067673/xslF345X03/doc4.xml"}, {"form_type": "4", "filings_date": "2017-12-29", "url": "https://www.sec.gov/Archives/edgar/data/0001327811/000120919117067671/xslF345X03/doc4.xml"}, {"form_type": "4", "filings_date": "2017-12-22", "url": "https://www.sec.gov/Archives/edgar/data/0001327811/000120919117067126/xslF345X03/doc4.xml"}, {"form_type": "4", "filings_date": "2017-12-22", "url": "https://www.sec.gov/Archives/edgar/data/0001327811/000120919117067124/xslF345X03/doc4.xml"}, {"form_type": "4", "filings_date": "2017-12-19", "url": "https://www.sec.gov/Archives/edgar/data/0001327811/000120919117066459/xslF345X03/doc4.xml"}, {"form_type": "4", "filings_date": "2017-12-19", "url": "https://www.sec.gov/Archives/edgar/data/0001327811/000120919117066453/xslF345X03/doc4.xml"}, {"form_type": "4", "filings_date": "2017-12-19", "url": "https://www.sec.gov/Archives/edgar/data/0001327811/000120919117066450/xslF345X03/doc4.xml"}, {"form_type": "4", "filings_date": "2017-12-15", "url": "https://www.sec.gov/Archives/edgar/data/0001327811/000120919117066038/xslF345X03/doc4.xml"}, {"form_type": "4", "filings_date": "2017-12-14", "url": "https://www.sec.gov/Archives/edgar/data/0001327811/000120919117065791/xslF345X03/doc4.xml"}, {"form_type": "4", "filings_date": "2017-12-14", "url": "https://www.sec.gov/Archives/edgar/data/0001327811/000120919117065784/xslF345X03/doc4.xml"}, {"form_type": "4", "filings_date": "2017-12-11", "url": "https://www.sec.gov/Archives/edgar/data/0001327811/000120919117065091/xslF345X03/doc4.xml"}, {"form_type": "4", "filings_date": "2017-12-05", "url": "https://www.sec.gov/Archives/edgar/data/0001327811/000120919117063904/xslF345X03/doc4.xml"}, {"form_type": "10-Q", "filings_date": "2017-11-30", "url": "https://www.sec.gov/Archives/edgar/data/0001327811/000132781117000032/wday-10312017x10q.htm"}, {"form_type": "8-K", "filings_date": "2017-11-29", "url": "https://www.sec.gov/Archives/edgar/data/0001327811/000132781117000030/wday-10312017x8k.htm"}, {"form_type": "4", "filings_date": "2017-10-18", "url": "https://www.sec.gov/Archives/edgar/data/0001327811/000120919117057386/xslF345X03/doc4.xml"}, {"form_type": "4", "filings_date": "2017-10-18", "url": "https://www.sec.gov/Archives/edgar/data/0001327811/000120919117057384/xslF345X03/doc4.xml"}, {"form_type": "4", "filings_date": "2017-10-18", "url": "https://www.sec.gov/Archives/edgar/data/0001327811/000120919117057382/xslF345X03/doc4.xml"}, {"form_type": "4", "filings_date": "2017-10-18", "url": "https://www.sec.gov/Archives/edgar/data/0001327811/000120919117057380/xslF345X03/doc4.xml"}, {"form_type": "4", "filings_date": "2017-10-18", "url": "https://www.sec.gov/Archives/edgar/data/0001327811/000120919117057376/xslF345X03/doc4.xml"}, {"form_type": "4", "filings_date": "2017-10-18", "url": "https://www.sec.gov/Archives/edgar/data/0001327811/000120919117057369/xslF345X03/doc4.xml"}, {"form_type": "4", "filings_date": "2017-10-18", "url": "https://www.sec.gov/Archives/edgar/data/0001327811/000120919117057361/xslF345X03/doc4.xml"}, {"form_type": "4", "filings_date": "2017-10-17", "url": "https://www.sec.gov/Archives/edgar/data/0001327811/000120919117057225/xslF345X03/doc4.xml"}, {"form_type": "4", "filings_date": "2017-10-11", "url": "https://www.sec.gov/Archives/edgar/data/0001327811/000120919117056667/xslF345X03/doc4.xml"}, {"form_type": "4", "filings_date": "2017-09-28", "url": "https://www.sec.gov/Archives/edgar/data/0001327811/000120919117054297/xslF345X03/doc4.xml"}, {"form_type": "4", "filings_date": "2017-09-28", "url": "https://www.sec.gov/Archives/edgar/data/0001327811/000120919117054294/xslF345X03/doc4.xml"}, {"form_type": "CERTNAS", "filings_date": "2017-09-19", "url": "https://www.sec.gov/Archives/edgar/data/0001327811/999999999717008777/9999999997-17-008777.paper"}, {"form_type": "4", "filings_date": "2017-09-19", "url": "https://www.sec.gov/Archives/edgar/data/0001327811/000120919117053344/xslF345X03/doc4.xml"}, {"form_type": "4", "filings_date": "2017-09-19", "url": "https://www.sec.gov/Archives/edgar/data/0001327811/000120919117053342/xslF345X03/doc4.xml"}, {"form_type": "4", "filings_date": "2017-09-19", "url": "https://www.sec.gov/Archives/edgar/data/0001327811/000120919117053340/xslF345X03/doc4.xml"}, {"form_type": "4", "filings_date": "2017-09-19", "url": "https://www.sec.gov/Archives/edgar/data/0001327811/000120919117053338/xslF345X03/doc4.xml"}, {"form_type": "8-A12B", "filings_date": "2017-09-19", "url": "https://www.sec.gov/Archives/edgar/data/0001327811/000119312517288338/d439214d8a12b.htm"}, {"form_type": "25", "filings_date": "2017-09-19", "url": "https://www.sec.gov/Archives/edgar/data/0001327811/000119312517288326/d439185d25.htm"}, {"form_type": "8-K", "filings_date": "2017-09-15", "url": "https://www.sec.gov/Archives/edgar/data/0001327811/000119312517286324/d458726d8k.htm"}, {"form_type": "4", "filings_date": "2017-09-14", "url": "https://www.sec.gov/Archives/edgar/data/0001327811/000120919117052857/xslF345X03/doc4.xml"}, {"form_type": "4", "filings_date": "2017-09-14", "url": "https://www.sec.gov/Archives/edgar/data/0001327811/000120919117052855/xslF345X03/doc4.xml"}, {"form_type": "8-K", "filings_date": "2017-09-13", "url": "https://www.sec.gov/Archives/edgar/data/0001327811/000119312517283181/d408284d8k.htm"}, {"form_type": "4", "filings_date": "2017-09-11", "url": "https://www.sec.gov/Archives/edgar/data/0001327811/000120919117052279/xslF345X03/doc4.xml"}, {"form_type": "8-K", "filings_date": "2017-09-11", "url": "https://www.sec.gov/Archives/edgar/data/0001327811/000119312517281788/d409122d8k.htm"}, {"form_type": "4", "filings_date": "2017-09-06", "url": "https://www.sec.gov/Archives/edgar/data/0001327811/000120919117051687/xslF345X03/doc4.xml"}, {"form_type": "4", "filings_date": "2017-09-06", "url": "https://www.sec.gov/Archives/edgar/data/0001327811/000120919117051678/xslF345X03/doc4.xml"}, {"form_type": "4", "filings_date": "2017-09-06", "url": "https://www.sec.gov/Archives/edgar/data/0001327811/000120919117051665/xslF345X03/doc4.xml"}, {"form_type": "UPLOAD", "filings_date": "2017-09-05", "url": "https://www.sec.gov/Archives/edgar/data/0001327811/000000000017031338/filename1.pdf"}, {"form_type": "8-K", "filings_date": "2017-09-01", "url": "https://www.sec.gov/Archives/edgar/data/0001327811/000119312517275636/d422252d8k.htm"}, {"form_type": "CORRESP", "filings_date": "2017-08-31", "url": "https://www.sec.gov/Archives/edgar/data/0001327811/000119312517274606/filename1.htm"}, {"form_type": "10-Q", "filings_date": "2017-08-31", "url": "https://www.sec.gov/Archives/edgar/data/0001327811/000132781117000023/wday-07312017x10q.htm"}, {"form_type": "8-K", "filings_date": "2017-08-30", "url": "https://www.sec.gov/Archives/edgar/data/0001327811/000132781117000019/wday-07312017x8k.htm"}, {"form_type": "UPLOAD", "filings_date": "2017-08-25", "url": "https://www.sec.gov/Archives/edgar/data/0001327811/000000000017030166/filename1.pdf"}, {"form_type": "4", "filings_date": "2017-08-17", "url": "https://www.sec.gov/Archives/edgar/data/0001327811/000120919117049544/xslF345X03/doc4.xml"}, {"form_type": "4", "filings_date": "2017-08-17", "url": "https://www.sec.gov/Archives/edgar/data/0001327811/000120919117049542/xslF345X03/doc4.xml"}, {"form_type": "4", "filings_date": "2017-08-17", "url": "https://www.sec.gov/Archives/edgar/data/0001327811/000120919117049540/xslF345X03/doc4.xml"}, {"form_type": "4", "filings_date": "2017-08-17", "url": "https://www.sec.gov/Archives/edgar/data/0001327811/000120919117049538/xslF345X03/doc4.xml"}, {"form_type": "4", "filings_date": "2017-08-17", "url": "https://www.sec.gov/Archives/edgar/data/0001327811/000120919117049536/xslF345X03/doc4.xml"}, {"form_type": "4", "filings_date": "2017-08-17", "url": "https://www.sec.gov/Archives/edgar/data/0001327811/000120919117049534/xslF345X03/doc4.xml"}, {"form_type": "4", "filings_date": "2017-08-17", "url": "https://www.sec.gov/Archives/edgar/data/0001327811/000120919117049532/xslF345X03/doc4.xml"}, {"form_type": "CORRESP", "filings_date": "2017-08-08", "url": "https://www.sec.gov/Archives/edgar/data/0001327811/000119312517251705/filename1.htm"}, {"form_type": "UPLOAD", "filings_date": "2017-08-03", "url": "https://www.sec.gov/Archives/edgar/data/0001327811/000000000017027433/filename1.pdf"}, {"form_type": "4", "filings_date": "2017-07-19", "url": "https://www.sec.gov/Archives/edgar/data/0001327811/000120919117045784/xslF345X03/doc4.xml"}, {"form_type": "4", "filings_date": "2017-07-19", "url": "https://www.sec.gov/Archives/edgar/data/0001327811/000120919117045782/xslF345X03/doc4.xml"}, {"form_type": "4", "filings_date": "2017-07-19", "url": "https://www.sec.gov/Archives/edgar/data/0001327811/000120919117045780/xslF345X03/doc4.xml"}, {"form_type": "4", "filings_date": "2017-07-19", "url": "https://www.sec.gov/Archives/edgar/data/0001327811/000120919117045778/xslF345X03/doc4.xml"}, {"form_type": "4", "filings_date": "2017-07-19", "url": "https://www.sec.gov/Archives/edgar/data/0001327811/000120919117045776/xslF345X03/doc4.xml"}, {"form_type": "4", "filings_date": "2017-07-19", "url": "https://www.sec.gov/Archives/edgar/data/0001327811/000120919117045774/xslF345X03/doc4.xml"}, {"form_type": "4", "filings_date": "2017-07-19", "url": "https://www.sec.gov/Archives/edgar/data/0001327811/000120919117045772/xslF345X03/doc4.xml"}, {"form_type": "4", "filings_date": "2017-07-18", "url": "https://www.sec.gov/Archives/edgar/data/0001327811/000120919117045532/xslF345X03/doc4.xml"}, {"form_type": "4", "filings_date": "2017-07-11", "url": "https://www.sec.gov/Archives/edgar/data/0001327811/000120919117044830/xslF345X03/doc4.xml"}, {"form_type": "4", "filings_date": "2017-06-30", "url": "https://www.sec.gov/Archives/edgar/data/0001327811/000120919117042634/xslF345X03/doc4.xml"}, {"form_type": "4", "filings_date": "2017-06-23", "url": "https://www.sec.gov/Archives/edgar/data/0001327811/000120919117041752/xslF345X03/doc4.xml"}, {"form_type": "4", "filings_date": "2017-06-22", "url": "https://www.sec.gov/Archives/edgar/data/0001327811/000120919117041492/xslF345X03/doc4.xml"}, {"form_type": "4", "filings_date": "2017-06-22", "url": "https://www.sec.gov/Archives/edgar/data/0001327811/000120919117041490/xslF345X03/doc4.xml"}, {"form_type": "4", "filings_date": "2017-06-22", "url": "https://www.sec.gov/Archives/edgar/data/0001327811/000120919117041488/xslF345X03/doc4.xml"}, {"form_type": "4", "filings_date": "2017-06-22", "url": "https://www.sec.gov/Archives/edgar/data/0001327811/000120919117041486/xslF345X03/doc4.xml"}, {"form_type": "4", "filings_date": "2017-06-22", "url": "https://www.sec.gov/Archives/edgar/data/0001327811/000120919117041484/xslF345X03/doc4.xml"}, {"form_type": "4", "filings_date": "2017-06-22", "url": "https://www.sec.gov/Archives/edgar/data/0001327811/000120919117041482/xslF345X03/doc4.xml"}, {"form_type": "4", "filings_date": "2017-06-22", "url": "https://www.sec.gov/Archives/edgar/data/0001327811/000120919117041480/xslF345X03/doc4.xml"}, {"form_type": "8-K", "filings_date": "2017-06-22", "url": "https://www.sec.gov/Archives/edgar/data/0001327811/000119312517210455/d388884d8k.htm"}, {"form_type": "4", "filings_date": "2017-06-20", "url": "https://www.sec.gov/Archives/edgar/data/0001327811/000120919117041141/xslF345X03/doc4.xml"}, {"form_type": "4", "filings_date": "2017-06-19", "url": "https://www.sec.gov/Archives/edgar/data/0001327811/000120919117040959/xslF345X03/doc4.xml"}, {"form_type": "4", "filings_date": "2017-06-19", "url": "https://www.sec.gov/Archives/edgar/data/0001327811/000120919117040955/xslF345X03/doc4.xml"}, {"form_type": "4", "filings_date": "2017-06-19", "url": "https://www.sec.gov/Archives/edgar/data/0001327811/000120919117040953/xslF345X03/doc4.xml"}, {"form_type": "4", "filings_date": "2017-06-14", "url": "https://www.sec.gov/Archives/edgar/data/0001327811/000120919117039933/xslF345X03/doc4.xml"}, {"form_type": "4", "filings_date": "2017-06-09", "url": "https://www.sec.gov/Archives/edgar/data/0001327811/000120919117039019/xslF345X03/doc4.xml"}, {"form_type": "4", "filings_date": "2017-06-07", "url": "https://www.sec.gov/Archives/edgar/data/0001327811/000120919117038439/xslF345X03/doc4.xml"}, {"form_type": "4", "filings_date": "2017-06-07", "url": "https://www.sec.gov/Archives/edgar/data/0001327811/000120919117038437/xslF345X03/doc4.xml"}, {"form_type": "4", "filings_date": "2017-06-07", "url": "https://www.sec.gov/Archives/edgar/data/0001327811/000120919117038435/xslF345X03/doc4.xml"}, {"form_type": "4", "filings_date": "2017-06-07", "url": "https://www.sec.gov/Archives/edgar/data/0001327811/000120919117038433/xslF345X03/doc4.xml"}, {"form_type": "4", "filings_date": "2017-06-07", "url": "https://www.sec.gov/Archives/edgar/data/0001327811/000120919117038431/xslF345X03/doc4.xml"}, {"form_type": "4", "filings_date": "2017-06-07", "url": "https://www.sec.gov/Archives/edgar/data/0001327811/000120919117038429/xslF345X03/doc4.xml"}, {"form_type": "4", "filings_date": "2017-06-05", "url": "https://www.sec.gov/Archives/edgar/data/0001327811/000120919117037944/xslF345X03/doc4.xml"}, {"form_type": "10-Q", "filings_date": "2017-06-02", "url": "https://www.sec.gov/Archives/edgar/data/0001327811/000132781117000015/wday-04302017x10q.htm"}, {"form_type": "S-3ASR", "filings_date": "2017-06-01", "url": "https://www.sec.gov/Archives/edgar/data/0001327811/000119312517191312/d400578ds3asr.htm"}, {"form_type": "8-K", "filings_date": "2017-06-01", "url": "https://www.sec.gov/Archives/edgar/data/0001327811/000132781117000013/wday-04302017x8k.htm"}, {"form_type": "4", "filings_date": "2017-05-17", "url": "https://www.sec.gov/Archives/edgar/data/0001327811/000120919117033435/xslF345X03/doc4.xml"}, {"form_type": "4", "filings_date": "2017-05-17", "url": "https://www.sec.gov/Archives/edgar/data/0001327811/000120919117033432/xslF345X03/doc4.xml"}, {"form_type": "4", "filings_date": "2017-05-17", "url": "https://www.sec.gov/Archives/edgar/data/0001327811/000120919117033430/xslF345X03/doc4.xml"}, {"form_type": "4", "filings_date": "2017-05-17", "url": "https://www.sec.gov/Archives/edgar/data/0001327811/000120919117033427/xslF345X03/doc4.xml"}, {"form_type": "4", "filings_date": "2017-05-17", "url": "https://www.sec.gov/Archives/edgar/data/0001327811/000120919117033425/xslF345X03/doc4.xml"}, {"form_type": "4", "filings_date": "2017-05-17", "url": "https://www.sec.gov/Archives/edgar/data/0001327811/000120919117033418/xslF345X03/doc4.xml"}, {"form_type": "4", "filings_date": "2017-05-17", "url": "https://www.sec.gov/Archives/edgar/data/0001327811/000120919117033412/xslF345X03/doc4.xml"}, {"form_type": "DEFA14A", "filings_date": "2017-04-28", "url": "https://www.sec.gov/Archives/edgar/data/0001327811/000119312517148223/d374376ddefa14a.htm"}, {"form_type": "DEF 14A", "filings_date": "2017-04-28", "url": "https://www.sec.gov/Archives/edgar/data/0001327811/000119312517148201/d377124ddef14a.htm"}, {"form_type": "4", "filings_date": "2017-04-19", "url": "https://www.sec.gov/Archives/edgar/data/0001327811/000120919117027603/xslF345X03/doc4.xml"}, {"form_type": "4", "filings_date": "2017-04-19", "url": "https://www.sec.gov/Archives/edgar/data/0001327811/000120919117027599/xslF345X03/doc4.xml"}, {"form_type": "4", "filings_date": "2017-04-18", "url": "https://www.sec.gov/Archives/edgar/data/0001327811/000120919117027383/xslF345X03/doc4.xml"}, {"form_type": "4", "filings_date": "2017-04-18", "url": "https://www.sec.gov/Archives/edgar/data/0001327811/000120919117027381/xslF345X03/doc4.xml"}, {"form_type": "4", "filings_date": "2017-04-18", "url": "https://www.sec.gov/Archives/edgar/data/0001327811/000120919117027379/xslF345X03/doc4.xml"}, {"form_type": "4", "filings_date": "2017-04-18", "url": "https://www.sec.gov/Archives/edgar/data/0001327811/000120919117027375/xslF345X03/doc4.xml"}, {"form_type": "4", "filings_date": "2017-04-18", "url": "https://www.sec.gov/Archives/edgar/data/0001327811/000120919117027370/xslF345X03/doc4.xml"}, {"form_type": "4", "filings_date": "2017-04-17", "url": "https://www.sec.gov/Archives/edgar/data/0001327811/000120919117027186/xslF345X03/doc4.xml"}, {"form_type": "4", "filings_date": "2017-04-11", "url": "https://www.sec.gov/Archives/edgar/data/0001327811/000120919117026615/xslF345X03/doc4.xml"}, {"form_type": "4", "filings_date": "2017-04-07", "url": "https://www.sec.gov/Archives/edgar/data/0001327811/000120919117026348/xslF345X03/doc4.xml"}, {"form_type": "4", "filings_date": "2017-03-30", "url": "https://www.sec.gov/Archives/edgar/data/0001327811/000120919117023759/xslF345X03/doc4.xml"}, {"form_type": "4", "filings_date": "2017-03-30", "url": "https://www.sec.gov/Archives/edgar/data/0001327811/000120919117023757/xslF345X03/doc4.xml"}, {"form_type": "4", "filings_date": "2017-03-24", "url": "https://www.sec.gov/Archives/edgar/data/0001327811/000120919117022831/xslF345X03/doc4.xml"}, {"form_type": "4", "filings_date": "2017-03-21", "url": "https://www.sec.gov/Archives/edgar/data/0001327811/000120919117022161/xslF345X03/doc4.xml"}, {"form_type": "4", "filings_date": "2017-03-20", "url": "https://www.sec.gov/Archives/edgar/data/0001327811/000120919117021877/xslF345X03/doc4.xml"}, {"form_type": "S-8", "filings_date": "2017-03-20", "url": "https://www.sec.gov/Archives/edgar/data/0001327811/000119312517089383/d313098ds8.htm"}, {"form_type": "10-K", "filings_date": "2017-03-20", "url": "https://www.sec.gov/Archives/edgar/data/0001327811/000132781117000008/wday-01312017x10k.htm"}, {"form_type": "4", "filings_date": "2017-03-17", "url": "https://www.sec.gov/Archives/edgar/data/0001327811/000120919117021570/xslF345X03/doc4.xml"}, {"form_type": "4", "filings_date": "2017-03-17", "url": "https://www.sec.gov/Archives/edgar/data/0001327811/000120919117021556/xslF345X03/doc4.xml"}, {"form_type": "4", "filings_date": "2017-03-17", "url": "https://www.sec.gov/Archives/edgar/data/0001327811/000120919117021554/xslF345X03/doc4.xml"}, {"form_type": "4", "filings_date": "2017-03-16", "url": "https://www.sec.gov/Archives/edgar/data/0001327811/000120919117021204/xslF345X03/doc4.xml"}, {"form_type": "5", "filings_date": "2017-03-15", "url": "https://www.sec.gov/Archives/edgar/data/0001327811/000120919117020943/xslF345X03/doc5.xml"}, {"form_type": "4", "filings_date": "2017-03-15", "url": "https://www.sec.gov/Archives/edgar/data/0001327811/000120919117020941/xslF345X03/doc4.xml"}, {"form_type": "4", "filings_date": "2017-03-10", "url": "https://www.sec.gov/Archives/edgar/data/0001327811/000120919117019957/xslF345X03/doc4.xml"}, {"form_type": "4", "filings_date": "2017-03-03", "url": "https://www.sec.gov/Archives/edgar/data/0001327811/000120919117017955/xslF345X03/doc4.xml"}, {"form_type": "4", "filings_date": "2017-03-03", "url": "https://www.sec.gov/Archives/edgar/data/0001327811/000120919117017947/xslF345X03/doc4.xml"}, {"form_type": "4", "filings_date": "2017-03-03", "url": "https://www.sec.gov/Archives/edgar/data/0001327811/000120919117017932/xslF345X03/doc4.xml"}, {"form_type": "8-K", "filings_date": "2017-02-27", "url": "https://www.sec.gov/Archives/edgar/data/0001327811/000132781117000004/wday-1312017x8k.htm"}, {"form_type": "4", "filings_date": "2017-02-17", "url": "https://www.sec.gov/Archives/edgar/data/0001327811/000120919117012390/xslF345X03/doc4.xml"}, {"form_type": "4", "filings_date": "2017-02-17", "url": "https://www.sec.gov/Archives/edgar/data/0001327811/000120919117012388/xslF345X03/doc4.xml"}, {"form_type": "4", "filings_date": "2017-02-17", "url": "https://www.sec.gov/Archives/edgar/data/0001327811/000120919117012385/xslF345X03/doc4.xml"}, {"form_type": "4", "filings_date": "2017-02-17", "url": "https://www.sec.gov/Archives/edgar/data/0001327811/000120919117012383/xslF345X03/doc4.xml"}, {"form_type": "4", "filings_date": "2017-02-17", "url": "https://www.sec.gov/Archives/edgar/data/0001327811/000120919117012380/xslF345X03/doc4.xml"}, {"form_type": "4", "filings_date": "2017-02-17", "url": "https://www.sec.gov/Archives/edgar/data/0001327811/000120919117012378/xslF345X03/doc4.xml"}, {"form_type": "4", "filings_date": "2017-02-17", "url": "https://www.sec.gov/Archives/edgar/data/0001327811/000120919117012376/xslF345X03/doc4.xml"}, {"form_type": "SC 13G/A", "filings_date": "2017-02-14", "url": "https://www.sec.gov/Archives/edgar/data/0001327811/000119312517043323/d321316dsc13ga.htm"}, {"form_type": "SC 13G/A", "filings_date": "2017-02-14", "url": "https://www.sec.gov/Archives/edgar/data/0001327811/000114036117006914/wday0217.txt"}, {"form_type": "SC 13G/A", "filings_date": "2017-02-14", "url": "https://www.sec.gov/Archives/edgar/data/0001327811/000092963817000178/a70633_13ga.htm"}, {"form_type": "SC 13G/A", "filings_date": "2017-02-13", "url": "https://www.sec.gov/Archives/edgar/data/0001327811/000108887517000039/WorkdayInc12312016.txt"}, {"form_type": "SC 13G/A", "filings_date": "2017-02-10", "url": "https://www.sec.gov/Archives/edgar/data/0001327811/000089542117000016/workdayinc2.txt"}, {"form_type": "SC 13G/A", "filings_date": "2017-02-10", "url": "https://www.sec.gov/Archives/edgar/data/0001327811/000093247117001868/workdayinc.htm"}, {"form_type": "SC 13G/A", "filings_date": "2017-02-10", "url": "https://www.sec.gov/Archives/edgar/data/0001327811/000090221917000501/SEC13G_Filing.htm"}, {"form_type": "SC 13G/A", "filings_date": "2017-02-10", "url": "https://www.sec.gov/Archives/edgar/data/0001327811/000031506617000975/filing.txt"}, {"form_type": "SC 13G/A", "filings_date": "2017-02-09", "url": "https://www.sec.gov/Archives/edgar/data/0001327811/000090221917000414/SEC13G_Filing.htm"}, {"form_type": "SC 13G/A", "filings_date": "2017-02-09", "url": "https://www.sec.gov/Archives/edgar/data/0001327811/000031506617000933/filing.txt"}, {"form_type": "SC 13G/A", "filings_date": "2017-02-03", "url": "https://www.sec.gov/Archives/edgar/data/0001327811/000005341717000118/wday1216.txt"}, {"form_type": "SC 13G/A", "filings_date": "2017-01-24", "url": "https://www.sec.gov/Archives/edgar/data/0001327811/000113777417000037/work.htm"}, {"form_type": "4", "filings_date": "2017-01-19", "url": "https://www.sec.gov/Archives/edgar/data/0001327811/000120919117004673/xslF345X03/doc4.xml"}, {"form_type": "4", "filings_date": "2017-01-19", "url": "https://www.sec.gov/Archives/edgar/data/0001327811/000120919117004671/xslF345X03/doc4.xml"}, {"form_type": "4", "filings_date": "2017-01-19", "url": "https://www.sec.gov/Archives/edgar/data/0001327811/000120919117004669/xslF345X03/doc4.xml"}, {"form_type": "4", "filings_date": "2017-01-19", "url": "https://www.sec.gov/Archives/edgar/data/0001327811/000120919117004655/xslF345X03/doc4.xml"}, {"form_type": "4", "filings_date": "2017-01-19", "url": "https://www.sec.gov/Archives/edgar/data/0001327811/000120919117004647/xslF345X03/doc4.xml"}, {"form_type": "4", "filings_date": "2017-01-19", "url": "https://www.sec.gov/Archives/edgar/data/0001327811/000120919117004642/xslF345X03/doc4.xml"}, {"form_type": "4", "filings_date": "2017-01-19", "url": "https://www.sec.gov/Archives/edgar/data/0001327811/000120919117004640/xslF345X03/doc4.xml"}, {"form_type": "4", "filings_date": "2017-01-13", "url": "https://www.sec.gov/Archives/edgar/data/0001327811/000120919117003736/xslF345X03/doc4.xml"}, {"form_type": "8-K", "filings_date": "2017-01-11", "url": "https://www.sec.gov/Archives/edgar/data/0001327811/000119312517007659/d275532d8k.htm"}, {"form_type": "SC 13G", "filings_date": "2017-01-10", "url": "https://www.sec.gov/Archives/edgar/data/0001327811/000008025517000014/wday13gadec16.htm"}, {"form_type": "4", "filings_date": "2017-01-05", "url": "https://www.sec.gov/Archives/edgar/data/0001327811/000120919117002426/xslF345X03/doc4.xml"}, {"form_type": "4", "filings_date": "2017-01-05", "url": "https://www.sec.gov/Archives/edgar/data/0001327811/000120919117002245/xslF345X03/doc4.xml"}]}