{"company": {"cik": "0001713683", "name": "Zscaler, Inc.", "sic": "Services-Computer Programming Services", "state_incorp": "DE", "ticker": "ZS", "mailing_addr": "110 ROSE ORCHARD WAY, SAN JOSE, CA, 95134", "category": "Large accelerated filer", "fiscal_year_end": "31, July"}, "filings": [{"form_type": "4", "filings_date": "2022-03-17", "url": "https://www.sec.gov/Archives/edgar/data/0001713683/000171368322000039/xslF345X03/wf-form4_164755956736339.xml"}, {"form_type": "4", "filings_date": "2022-03-17", "url": "https://www.sec.gov/Archives/edgar/data/0001713683/000171368322000038/xslF345X03/wf-form4_164755954525028.xml"}, {"form_type": "4", "filings_date": "2022-03-17", "url": "https://www.sec.gov/Archives/edgar/data/0001713683/000171368322000037/xslF345X03/wf-form4_164755952730936.xml"}, {"form_type": "4", "filings_date": "2022-03-17", "url": "https://www.sec.gov/Archives/edgar/data/0001713683/000171368322000036/xslF345X03/wf-form4_164755950074440.xml"}, {"form_type": "4", "filings_date": "2022-03-17", "url": "https://www.sec.gov/Archives/edgar/data/0001713683/000171368322000035/xslF345X03/wf-form4_164755948021938.xml"}, {"form_type": "10-Q", "filings_date": "2022-03-09", "url": "https://www.sec.gov/Archives/edgar/data/0001713683/000171368322000029/zs-20220131.htm"}, {"form_type": "8-K", "filings_date": "2022-02-24", "url": "https://www.sec.gov/Archives/edgar/data/0001713683/000171368322000025/zs-20220224.htm"}, {"form_type": "SC 13G/A", "filings_date": "2022-02-16", "url": "https://www.sec.gov/Archives/edgar/data/0001713683/000119312522044403/d313761dsc13ga.htm"}, {"form_type": "SC 13G/A", "filings_date": "2022-02-16", "url": "https://www.sec.gov/Archives/edgar/data/0001713683/000119312522044390/d314391dsc13ga.htm"}, {"form_type": "SC 13G/A", "filings_date": "2022-02-10", "url": "https://www.sec.gov/Archives/edgar/data/0001713683/000110465922018964/tv02287-zscalerinc.htm"}, {"form_type": "SC 13G/A", "filings_date": "2022-02-09", "url": "https://www.sec.gov/Archives/edgar/data/0001713683/000083423722008625/us98980g1022_020922.txt"}, {"form_type": "SC 13G", "filings_date": "2022-02-07", "url": "https://www.sec.gov/Archives/edgar/data/0001713683/000083423722007832/us98980g1022_020722.txt"}, {"form_type": "8-K", "filings_date": "2022-01-11", "url": "https://www.sec.gov/Archives/edgar/data/0001713683/000171368322000021/zs-20220105.htm"}, {"form_type": "4", "filings_date": "2022-01-10", "url": "https://www.sec.gov/Archives/edgar/data/0001713683/000171368322000016/xslF345X03/wf-form4_164184947076116.xml"}, {"form_type": "4", "filings_date": "2022-01-10", "url": "https://www.sec.gov/Archives/edgar/data/0001713683/000171368322000015/xslF345X03/wf-form4_164184941054702.xml"}, {"form_type": "4", "filings_date": "2022-01-07", "url": "https://www.sec.gov/Archives/edgar/data/0001713683/000171368322000012/xslF345X03/wf-form4_164159087264073.xml"}, {"form_type": "4", "filings_date": "2022-01-07", "url": "https://www.sec.gov/Archives/edgar/data/0001713683/000171368322000011/xslF345X03/wf-form4_164159084774628.xml"}, {"form_type": "4", "filings_date": "2022-01-07", "url": "https://www.sec.gov/Archives/edgar/data/0001713683/000171368322000010/xslF345X03/wf-form4_164159082935907.xml"}, {"form_type": "4", "filings_date": "2022-01-07", "url": "https://www.sec.gov/Archives/edgar/data/0001713683/000171368322000009/xslF345X03/wf-form4_164159081311930.xml"}, {"form_type": "4", "filings_date": "2022-01-07", "url": "https://www.sec.gov/Archives/edgar/data/0001713683/000171368322000008/xslF345X03/wf-form4_164159079162384.xml"}, {"form_type": "4", "filings_date": "2022-01-07", "url": "https://www.sec.gov/Archives/edgar/data/0001713683/000171368322000007/xslF345X03/wf-form4_164159077655587.xml"}, {"form_type": "40-APP/A", "filings_date": "2022-01-06", "url": "https://www.sec.gov/Archives/edgar/data/0001713683/000119312522003428/d201149d40appa.htm"}, {"form_type": "4", "filings_date": "2021-12-23", "url": "https://www.sec.gov/Archives/edgar/data/0001713683/000171368321000256/xslF345X03/wf-form4_164031217794484.xml"}, {"form_type": "4", "filings_date": "2021-12-22", "url": "https://www.sec.gov/Archives/edgar/data/0001713683/000171368321000254/xslF345X03/wf-form4_164020900588374.xml"}, {"form_type": "4", "filings_date": "2021-12-22", "url": "https://www.sec.gov/Archives/edgar/data/0001713683/000171368321000253/xslF345X03/wf-form4_164020898279042.xml"}, {"form_type": "4", "filings_date": "2021-12-20", "url": "https://www.sec.gov/Archives/edgar/data/0001713683/000171368321000250/xslF345X03/wf-form4_164003797829076.xml"}, {"form_type": "4", "filings_date": "2021-12-20", "url": "https://www.sec.gov/Archives/edgar/data/0001713683/000171368321000249/xslF345X03/wf-form4_164003796231084.xml"}, {"form_type": "4", "filings_date": "2021-12-20", "url": "https://www.sec.gov/Archives/edgar/data/0001713683/000171368321000248/xslF345X03/wf-form4_164003794480641.xml"}, {"form_type": "4", "filings_date": "2021-12-20", "url": "https://www.sec.gov/Archives/edgar/data/0001713683/000171368321000247/xslF345X03/wf-form4_164003792206270.xml"}, {"form_type": "4/A", "filings_date": "2021-12-20", "url": "https://www.sec.gov/Archives/edgar/data/0001713683/000171368321000242/xslF345X03/wf-form4a_164003526211814.xml"}, {"form_type": "4", "filings_date": "2021-12-10", "url": "https://www.sec.gov/Archives/edgar/data/0001713683/000171368321000240/xslF345X03/wf-form4_163917401046006.xml"}, {"form_type": "10-Q", "filings_date": "2021-12-08", "url": "https://www.sec.gov/Archives/edgar/data/0001713683/000171368321000238/zs-20211031.htm"}, {"form_type": "4", "filings_date": "2021-12-07", "url": "https://www.sec.gov/Archives/edgar/data/0001713683/000171368321000232/xslF345X03/wf-form4_163891563255081.xml"}, {"form_type": "8-K", "filings_date": "2021-11-30", "url": "https://www.sec.gov/Archives/edgar/data/0001713683/000171368321000229/zs-20211130.htm"}, {"form_type": "4", "filings_date": "2021-11-24", "url": "https://www.sec.gov/Archives/edgar/data/0001713683/000171368321000225/xslF345X03/wf-form4_163779505391965.xml"}, {"form_type": "DEFA14A", "filings_date": "2021-11-24", "url": "https://www.sec.gov/Archives/edgar/data/0001713683/000114036121039373/ny20001367x1_defa14a.htm"}, {"form_type": "DEF 14A", "filings_date": "2021-11-24", "url": "https://www.sec.gov/Archives/edgar/data/0001713683/000171368321000223/zs_fy2021xproxy.htm"}, {"form_type": "4", "filings_date": "2021-11-23", "url": "https://www.sec.gov/Archives/edgar/data/0001713683/000171368321000220/xslF345X03/wf-form4_163770162598323.xml"}, {"form_type": "4", "filings_date": "2021-11-15", "url": "https://www.sec.gov/Archives/edgar/data/0001713683/000171368321000217/xslF345X03/wf-form4_163701685702090.xml"}, {"form_type": "4", "filings_date": "2021-11-09", "url": "https://www.sec.gov/Archives/edgar/data/0001713683/000171368321000215/xslF345X03/wf-form4_163650713386102.xml"}, {"form_type": "4", "filings_date": "2021-10-29", "url": "https://www.sec.gov/Archives/edgar/data/0001713683/000171368321000213/xslF345X03/wf-form4_163553962520690.xml"}, {"form_type": "4", "filings_date": "2021-10-27", "url": "https://www.sec.gov/Archives/edgar/data/0001713683/000171368321000211/xslF345X03/wf-form4_163536557786858.xml"}, {"form_type": "4", "filings_date": "2021-10-19", "url": "https://www.sec.gov/Archives/edgar/data/0001713683/000171368321000209/xslF345X03/wf-form4_163467735717997.xml"}, {"form_type": "4", "filings_date": "2021-10-15", "url": "https://www.sec.gov/Archives/edgar/data/0001713683/000171368321000207/xslF345X03/wf-form4_163432860582767.xml"}, {"form_type": "4", "filings_date": "2021-10-12", "url": "https://www.sec.gov/Archives/edgar/data/0001713683/000171368321000205/xslF345X03/wf-form4_163406928246716.xml"}, {"form_type": "4", "filings_date": "2021-10-07", "url": "https://www.sec.gov/Archives/edgar/data/0001713683/000171368321000203/xslF345X03/wf-form4_163363749274544.xml"}, {"form_type": "4", "filings_date": "2021-10-07", "url": "https://www.sec.gov/Archives/edgar/data/0001713683/000171368321000202/xslF345X03/wf-form4_163363746890686.xml"}, {"form_type": "4", "filings_date": "2021-10-01", "url": "https://www.sec.gov/Archives/edgar/data/0001713683/000171368321000199/xslF345X03/wf-form4_163313322741732.xml"}, {"form_type": "4", "filings_date": "2021-10-01", "url": "https://www.sec.gov/Archives/edgar/data/0001713683/000171368321000198/xslF345X03/wf-form4_163313321134177.xml"}, {"form_type": "4", "filings_date": "2021-09-28", "url": "https://www.sec.gov/Archives/edgar/data/0001713683/000171368321000195/xslF345X03/wf-form4_163286233592057.xml"}, {"form_type": "4", "filings_date": "2021-09-22", "url": "https://www.sec.gov/Archives/edgar/data/0001713683/000171368321000193/xslF345X03/wf-form4_163235819146440.xml"}, {"form_type": "4", "filings_date": "2021-09-22", "url": "https://www.sec.gov/Archives/edgar/data/0001713683/000171368321000192/xslF345X03/wf-form4_163235817244623.xml"}, {"form_type": "4", "filings_date": "2021-09-17", "url": "https://www.sec.gov/Archives/edgar/data/0001713683/000171368321000189/xslF345X03/wf-form4_163193019812544.xml"}, {"form_type": "4", "filings_date": "2021-09-17", "url": "https://www.sec.gov/Archives/edgar/data/0001713683/000171368321000187/xslF345X03/wf-form4_163191457957629.xml"}, {"form_type": "4", "filings_date": "2021-09-17", "url": "https://www.sec.gov/Archives/edgar/data/0001713683/000171368321000186/xslF345X03/wf-form4_163191456031712.xml"}, {"form_type": "4", "filings_date": "2021-09-17", "url": "https://www.sec.gov/Archives/edgar/data/0001713683/000171368321000185/xslF345X03/wf-form4_163191451721785.xml"}, {"form_type": "4", "filings_date": "2021-09-17", "url": "https://www.sec.gov/Archives/edgar/data/0001713683/000171368321000184/xslF345X03/wf-form4_163191447914672.xml"}, {"form_type": "4", "filings_date": "2021-09-17", "url": "https://www.sec.gov/Archives/edgar/data/0001713683/000171368321000179/xslF345X03/wf-form4_163191378578543.xml"}, {"form_type": "S-8", "filings_date": "2021-09-16", "url": "https://www.sec.gov/Archives/edgar/data/0001713683/000171368321000177/zs_s-8xfy2021.htm"}, {"form_type": "10-K", "filings_date": "2021-09-16", "url": "https://www.sec.gov/Archives/edgar/data/0001713683/000171368321000175/zs-20210731.htm"}, {"form_type": "4", "filings_date": "2021-09-14", "url": "https://www.sec.gov/Archives/edgar/data/0001713683/000171368321000162/xslF345X03/wf-form4_163166246616028.xml"}, {"form_type": "8-K", "filings_date": "2021-09-09", "url": "https://www.sec.gov/Archives/edgar/data/0001713683/000171368321000160/zs-20210909.htm"}, {"form_type": "8-K", "filings_date": "2021-09-08", "url": "https://www.sec.gov/Archives/edgar/data/0001713683/000171368321000155/zs-20210901.htm"}, {"form_type": "4", "filings_date": "2021-09-03", "url": "https://www.sec.gov/Archives/edgar/data/0001713683/000171368321000151/xslF345X03/wf-form4_163070127542922.xml"}, {"form_type": "3", "filings_date": "2021-09-03", "url": "https://www.sec.gov/Archives/edgar/data/0001713683/000171368321000149/xslF345X02/wf-form3_163070077944665.xml"}, {"form_type": "4", "filings_date": "2021-09-02", "url": "https://www.sec.gov/Archives/edgar/data/0001713683/000171368321000147/xslF345X03/wf-form4_163062887523820.xml"}, {"form_type": "4", "filings_date": "2021-09-02", "url": "https://www.sec.gov/Archives/edgar/data/0001713683/000171368321000145/xslF345X03/wf-form4_163062305276572.xml"}, {"form_type": "4", "filings_date": "2021-09-02", "url": "https://www.sec.gov/Archives/edgar/data/0001713683/000171368321000144/xslF345X03/wf-form4_163062303143245.xml"}, {"form_type": "4", "filings_date": "2021-08-30", "url": "https://www.sec.gov/Archives/edgar/data/0001713683/000171368321000141/xslF345X03/wf-form4_163037011062441.xml"}, {"form_type": "4", "filings_date": "2021-08-20", "url": "https://www.sec.gov/Archives/edgar/data/0001713683/000171368321000139/xslF345X03/wf-form4_162950601491187.xml"}, {"form_type": "4", "filings_date": "2021-08-17", "url": "https://www.sec.gov/Archives/edgar/data/0001713683/000171368321000137/xslF345X03/wf-form4_162923149895295.xml"}, {"form_type": "4", "filings_date": "2021-08-06", "url": "https://www.sec.gov/Archives/edgar/data/0001713683/000171368321000135/xslF345X03/wf-form4_162829214475027.xml"}, {"form_type": "4", "filings_date": "2021-08-04", "url": "https://www.sec.gov/Archives/edgar/data/0001713683/000171368321000133/xslF345X03/wf-form4_162811053922916.xml"}, {"form_type": "40-APP/A", "filings_date": "2021-07-28", "url": "https://www.sec.gov/Archives/edgar/data/0001713683/000119312521226076/d111453d40appa.htm"}, {"form_type": "4", "filings_date": "2021-07-26", "url": "https://www.sec.gov/Archives/edgar/data/0001713683/000171368321000131/xslF345X03/wf-form4_162733078498618.xml"}, {"form_type": "4", "filings_date": "2021-07-20", "url": "https://www.sec.gov/Archives/edgar/data/0001713683/000171368321000129/xslF345X03/wf-form4_162682349633657.xml"}, {"form_type": "4", "filings_date": "2021-07-08", "url": "https://www.sec.gov/Archives/edgar/data/0001713683/000171368321000127/xslF345X03/wf-form4_162579090326343.xml"}, {"form_type": "4", "filings_date": "2021-07-07", "url": "https://www.sec.gov/Archives/edgar/data/0001713683/000171368321000125/xslF345X03/wf-form4_162568939210903.xml"}, {"form_type": "4", "filings_date": "2021-06-25", "url": "https://www.sec.gov/Archives/edgar/data/0001713683/000120919121043323/xslF345X03/doc4.xml"}, {"form_type": "4", "filings_date": "2021-06-24", "url": "https://www.sec.gov/Archives/edgar/data/0001713683/000171368321000123/xslF345X03/wf-form4_162458624174801.xml"}, {"form_type": "4", "filings_date": "2021-06-21", "url": "https://www.sec.gov/Archives/edgar/data/0001713683/000171368321000118/xslF345X03/wf-form4_162431732226202.xml"}, {"form_type": "4", "filings_date": "2021-06-17", "url": "https://www.sec.gov/Archives/edgar/data/0001713683/000171368321000116/xslF345X03/wf-form4_162397333717772.xml"}, {"form_type": "4", "filings_date": "2021-06-17", "url": "https://www.sec.gov/Archives/edgar/data/0001713683/000171368321000115/xslF345X03/wf-form4_162397330136360.xml"}, {"form_type": "4", "filings_date": "2021-06-17", "url": "https://www.sec.gov/Archives/edgar/data/0001713683/000171368321000114/xslF345X03/wf-form4_162397327633727.xml"}, {"form_type": "4", "filings_date": "2021-06-17", "url": "https://www.sec.gov/Archives/edgar/data/0001713683/000171368321000113/xslF345X03/wf-form4_162397322985056.xml"}, {"form_type": "4", "filings_date": "2021-06-17", "url": "https://www.sec.gov/Archives/edgar/data/0001713683/000171368321000112/xslF345X03/wf-form4_162397319427893.xml"}, {"form_type": "4", "filings_date": "2021-06-10", "url": "https://www.sec.gov/Archives/edgar/data/0001713683/000171368321000106/xslF345X03/wf-form4_162336517298698.xml"}, {"form_type": "4", "filings_date": "2021-06-10", "url": "https://www.sec.gov/Archives/edgar/data/0001713683/000171368321000105/xslF345X03/wf-form4_162336514726972.xml"}, {"form_type": "4", "filings_date": "2021-06-10", "url": "https://www.sec.gov/Archives/edgar/data/0001713683/000171368321000104/xslF345X03/wf-form4_162336512767860.xml"}, {"form_type": "4", "filings_date": "2021-06-10", "url": "https://www.sec.gov/Archives/edgar/data/0001713683/000171368321000100/xslF345X03/wf-form4_162336468991236.xml"}, {"form_type": "4", "filings_date": "2021-06-07", "url": "https://www.sec.gov/Archives/edgar/data/0001713683/000171368321000098/xslF345X03/wf-form4_162311684999429.xml"}, {"form_type": "10-Q", "filings_date": "2021-06-03", "url": "https://www.sec.gov/Archives/edgar/data/0001713683/000171368321000096/zs-20210430.htm"}, {"form_type": "4", "filings_date": "2021-06-03", "url": "https://www.sec.gov/Archives/edgar/data/0001713683/000171368321000094/xslF345X03/wf-form4_162275151242152.xml"}, {"form_type": "4", "filings_date": "2021-05-28", "url": "https://www.sec.gov/Archives/edgar/data/0001713683/000171368321000089/xslF345X03/wf-form4_162223417654335.xml"}, {"form_type": "4", "filings_date": "2021-05-26", "url": "https://www.sec.gov/Archives/edgar/data/0001713683/000171368321000087/xslF345X03/wf-form4_162207083394777.xml"}, {"form_type": "4", "filings_date": "2021-05-25", "url": "https://www.sec.gov/Archives/edgar/data/0001713683/000171368321000085/xslF345X03/wf-form4_162197693782028.xml"}, {"form_type": "8-K", "filings_date": "2021-05-25", "url": "https://www.sec.gov/Archives/edgar/data/0001713683/000171368321000083/zs-20210525.htm"}, {"form_type": "4", "filings_date": "2021-05-14", "url": "https://www.sec.gov/Archives/edgar/data/0001713683/000171368321000079/xslF345X03/wf-form4_162102414232381.xml"}, {"form_type": "4", "filings_date": "2021-05-11", "url": "https://www.sec.gov/Archives/edgar/data/0001713683/000171368321000077/xslF345X03/wf-form4_162076396791203.xml"}, {"form_type": "40-APP/A", "filings_date": "2021-05-11", "url": "https://www.sec.gov/Archives/edgar/data/0001713683/000119312521156508/d197978d40appa.htm"}, {"form_type": "4", "filings_date": "2021-04-30", "url": "https://www.sec.gov/Archives/edgar/data/0001713683/000171368321000075/xslF345X03/wf-form4_161981392244270.xml"}, {"form_type": "4", "filings_date": "2021-04-26", "url": "https://www.sec.gov/Archives/edgar/data/0001713683/000171368321000073/xslF345X03/wf-form4_161947524856360.xml"}, {"form_type": "4", "filings_date": "2021-04-15", "url": "https://www.sec.gov/Archives/edgar/data/0001713683/000171368321000071/xslF345X03/wf-form4_161852399705156.xml"}, {"form_type": "4", "filings_date": "2021-04-15", "url": "https://www.sec.gov/Archives/edgar/data/0001713683/000171368321000070/xslF345X03/wf-form4_161852396721787.xml"}, {"form_type": "4", "filings_date": "2021-04-15", "url": "https://www.sec.gov/Archives/edgar/data/0001713683/000171368321000069/xslF345X03/wf-form4_161852392413693.xml"}, {"form_type": "4", "filings_date": "2021-04-15", "url": "https://www.sec.gov/Archives/edgar/data/0001713683/000171368321000068/xslF345X03/wf-form4_161852389997230.xml"}, {"form_type": "4", "filings_date": "2021-04-13", "url": "https://www.sec.gov/Archives/edgar/data/0001713683/000171368321000063/xslF345X03/wf-form4_161834500516677.xml"}, {"form_type": "4", "filings_date": "2021-04-02", "url": "https://www.sec.gov/Archives/edgar/data/0001713683/000171368321000061/xslF345X03/wf-form4_161739466611966.xml"}, {"form_type": "4", "filings_date": "2021-04-02", "url": "https://www.sec.gov/Archives/edgar/data/0001713683/000171368321000060/xslF345X03/wf-form4_161739461049973.xml"}, {"form_type": "4", "filings_date": "2021-03-30", "url": "https://www.sec.gov/Archives/edgar/data/0001713683/000171368321000057/xslF345X03/wf-form4_161714158997929.xml"}, {"form_type": "4", "filings_date": "2021-03-19", "url": "https://www.sec.gov/Archives/edgar/data/0001713683/000171368321000055/xslF345X03/wf-form4_161618457603507.xml"}, {"form_type": "4", "filings_date": "2021-03-18", "url": "https://www.sec.gov/Archives/edgar/data/0001713683/000171368321000053/xslF345X03/wf-form4_161610397629990.xml"}, {"form_type": "4", "filings_date": "2021-03-16", "url": "https://www.sec.gov/Archives/edgar/data/0001713683/000171368321000051/xslF345X03/wf-form4_161594395967463.xml"}, {"form_type": "4", "filings_date": "2021-03-16", "url": "https://www.sec.gov/Archives/edgar/data/0001713683/000171368321000050/xslF345X03/wf-form4_161594393461931.xml"}, {"form_type": "4", "filings_date": "2021-03-16", "url": "https://www.sec.gov/Archives/edgar/data/0001713683/000171368321000049/xslF345X03/wf-form4_161594339902084.xml"}, {"form_type": "4", "filings_date": "2021-03-16", "url": "https://www.sec.gov/Archives/edgar/data/0001713683/000171368321000048/xslF345X03/wf-form4_161594337622935.xml"}, {"form_type": "4", "filings_date": "2021-03-16", "url": "https://www.sec.gov/Archives/edgar/data/0001713683/000171368321000047/xslF345X03/wf-form4_161594335462120.xml"}, {"form_type": "4", "filings_date": "2021-03-15", "url": "https://www.sec.gov/Archives/edgar/data/0001713683/000171368321000041/xslF345X03/wf-form4_161583972441104.xml"}, {"form_type": "4", "filings_date": "2021-03-08", "url": "https://www.sec.gov/Archives/edgar/data/0001713683/000171368321000039/xslF345X03/wf-form4_161524069989755.xml"}, {"form_type": "10-Q", "filings_date": "2021-03-04", "url": "https://www.sec.gov/Archives/edgar/data/0001713683/000171368321000037/zs-20210131.htm"}, {"form_type": "4", "filings_date": "2021-03-03", "url": "https://www.sec.gov/Archives/edgar/data/0001713683/000171368321000034/xslF345X03/wf-form4_161481232547013.xml"}, {"form_type": "8-K", "filings_date": "2021-02-25", "url": "https://www.sec.gov/Archives/edgar/data/0001713683/000171368321000031/zs-20210225.htm"}, {"form_type": "4", "filings_date": "2021-02-22", "url": "https://www.sec.gov/Archives/edgar/data/0001713683/000171368321000028/xslF345X03/wf-form4_161402874730730.xml"}, {"form_type": "SC 13G/A", "filings_date": "2021-02-12", "url": "https://www.sec.gov/Archives/edgar/data/0001713683/000119312521041922/d113604dsc13ga.htm"}, {"form_type": "SC 13G/A", "filings_date": "2021-02-12", "url": "https://www.sec.gov/Archives/edgar/data/0001713683/000119312521041785/d132510dsc13ga.htm"}, {"form_type": "4", "filings_date": "2021-02-12", "url": "https://www.sec.gov/Archives/edgar/data/0001713683/000171368321000025/xslF345X03/wf-form4_161316580874098.xml"}, {"form_type": "SC 13G", "filings_date": "2021-02-10", "url": "https://www.sec.gov/Archives/edgar/data/0001713683/000110465921019481/tv02220-zscalerinc.htm"}, {"form_type": "4", "filings_date": "2021-02-04", "url": "https://www.sec.gov/Archives/edgar/data/0001713683/000171368321000023/xslF345X03/wf-form4_161248438377210.xml"}, {"form_type": "4", "filings_date": "2021-01-22", "url": "https://www.sec.gov/Archives/edgar/data/0001713683/000171368321000021/xslF345X03/wf-form4_161135138674923.xml"}, {"form_type": "4/A", "filings_date": "2021-01-21", "url": "https://www.sec.gov/Archives/edgar/data/0001713683/000171368321000019/xslF345X03/wf-form4a_161128264743117.xml"}, {"form_type": "8-K", "filings_date": "2021-01-12", "url": "https://www.sec.gov/Archives/edgar/data/0001713683/000171368321000017/zs-20210106.htm"}, {"form_type": "4", "filings_date": "2021-01-08", "url": "https://www.sec.gov/Archives/edgar/data/0001713683/000171368321000014/xslF345X03/wf-form4_161014573802349.xml"}, {"form_type": "4", "filings_date": "2021-01-08", "url": "https://www.sec.gov/Archives/edgar/data/0001713683/000171368321000013/xslF345X03/wf-form4_161014572086550.xml"}, {"form_type": "4", "filings_date": "2021-01-07", "url": "https://www.sec.gov/Archives/edgar/data/0001713683/000171368321000010/xslF345X03/wf-form4_161007425864484.xml"}, {"form_type": "4", "filings_date": "2021-01-07", "url": "https://www.sec.gov/Archives/edgar/data/0001713683/000171368321000009/xslF345X03/wf-form4_161007423543115.xml"}, {"form_type": "4", "filings_date": "2021-01-07", "url": "https://www.sec.gov/Archives/edgar/data/0001713683/000171368321000008/xslF345X03/wf-form4_161007421915117.xml"}, {"form_type": "4", "filings_date": "2021-01-07", "url": "https://www.sec.gov/Archives/edgar/data/0001713683/000171368321000007/xslF345X03/wf-form4_161007420125574.xml"}, {"form_type": "4", "filings_date": "2021-01-04", "url": "https://www.sec.gov/Archives/edgar/data/0001713683/000171368321000002/xslF345X03/wf-form4_160979994124956.xml"}, {"form_type": "4", "filings_date": "2020-12-29", "url": "https://www.sec.gov/Archives/edgar/data/0001713683/000171368320000215/xslF345X03/wf-form4_160927761517284.xml"}, {"form_type": "4", "filings_date": "2020-12-28", "url": "https://www.sec.gov/Archives/edgar/data/0001713683/000171368320000213/xslF345X03/wf-form4_160918969358615.xml"}, {"form_type": "40-APP", "filings_date": "2020-12-28", "url": "https://www.sec.gov/Archives/edgar/data/0001713683/000119312520326223/d72136d40app.htm"}, {"form_type": "4", "filings_date": "2020-12-22", "url": "https://www.sec.gov/Archives/edgar/data/0001713683/000171368320000211/xslF345X03/wf-form4_160867739444355.xml"}, {"form_type": "4", "filings_date": "2020-12-22", "url": "https://www.sec.gov/Archives/edgar/data/0001713683/000171368320000210/xslF345X03/wf-form4_160867737699240.xml"}, {"form_type": "4", "filings_date": "2020-12-17", "url": "https://www.sec.gov/Archives/edgar/data/0001713683/000171368320000207/xslF345X03/wf-form4_160824737702704.xml"}, {"form_type": "4", "filings_date": "2020-12-17", "url": "https://www.sec.gov/Archives/edgar/data/0001713683/000171368320000206/xslF345X03/wf-form4_160824736149166.xml"}, {"form_type": "4", "filings_date": "2020-12-17", "url": "https://www.sec.gov/Archives/edgar/data/0001713683/000171368320000205/xslF345X03/wf-form4_160824734000653.xml"}, {"form_type": "4", "filings_date": "2020-12-17", "url": "https://www.sec.gov/Archives/edgar/data/0001713683/000171368320000204/xslF345X03/wf-form4_160824732418678.xml"}, {"form_type": "4", "filings_date": "2020-12-16", "url": "https://www.sec.gov/Archives/edgar/data/0001713683/000171368320000199/xslF345X03/wf-form4_160816737258278.xml"}, {"form_type": "4", "filings_date": "2020-12-16", "url": "https://www.sec.gov/Archives/edgar/data/0001713683/000171368320000198/xslF345X03/wf-form4_160816735244516.xml"}, {"form_type": "4", "filings_date": "2020-12-11", "url": "https://www.sec.gov/Archives/edgar/data/0001713683/000171368320000195/xslF345X03/wf-form4_160772757871447.xml"}, {"form_type": "10-Q", "filings_date": "2020-12-08", "url": "https://www.sec.gov/Archives/edgar/data/0001713683/000171368320000193/zs-20201031.htm"}, {"form_type": "8-K", "filings_date": "2020-12-02", "url": "https://www.sec.gov/Archives/edgar/data/0001713683/000171368320000188/zs-20201202.htm"}, {"form_type": "DEFA14A", "filings_date": "2020-11-25", "url": "https://www.sec.gov/Archives/edgar/data/0001713683/000114036120026613/brhc10017049_defa14a.htm"}, {"form_type": "DEF 14A", "filings_date": "2020-11-25", "url": "https://www.sec.gov/Archives/edgar/data/0001713683/000171368320000184/zs_fy2020xproxy.htm"}, {"form_type": "4", "filings_date": "2020-11-02", "url": "https://www.sec.gov/Archives/edgar/data/0001713683/000171368320000181/xslF345X03/wf-form4_160435647736449.xml"}, {"form_type": "4", "filings_date": "2020-10-08", "url": "https://www.sec.gov/Archives/edgar/data/0001713683/000171368320000179/xslF345X03/wf-form4_160219781731259.xml"}, {"form_type": "4", "filings_date": "2020-10-07", "url": "https://www.sec.gov/Archives/edgar/data/0001713683/000171368320000177/xslF345X03/wf-form4_160210431418293.xml"}, {"form_type": "4", "filings_date": "2020-10-05", "url": "https://www.sec.gov/Archives/edgar/data/0001713683/000171368320000175/xslF345X03/wf-form4_160192909430478.xml"}, {"form_type": "4", "filings_date": "2020-09-30", "url": "https://www.sec.gov/Archives/edgar/data/0001713683/000171368320000173/xslF345X03/wf-form4_160150361336925.xml"}, {"form_type": "4", "filings_date": "2020-09-23", "url": "https://www.sec.gov/Archives/edgar/data/0001713683/000171368320000171/xslF345X03/wf-form4_160091100802588.xml"}, {"form_type": "4/A", "filings_date": "2020-09-23", "url": "https://www.sec.gov/Archives/edgar/data/0001713683/000171368320000169/xslF345X03/wf-form4a_160091088841832.xml"}, {"form_type": "4", "filings_date": "2020-09-17", "url": "https://www.sec.gov/Archives/edgar/data/0001713683/000171368320000167/xslF345X03/wf-form4_160037505042778.xml"}, {"form_type": "S-8", "filings_date": "2020-09-17", "url": "https://www.sec.gov/Archives/edgar/data/0001713683/000171368320000165/zs_s-8xfy2020.htm"}, {"form_type": "10-K", "filings_date": "2020-09-17", "url": "https://www.sec.gov/Archives/edgar/data/0001713683/000171368320000163/zs-20200731.htm"}, {"form_type": "4", "filings_date": "2020-09-16", "url": "https://www.sec.gov/Archives/edgar/data/0001713683/000171368320000160/xslF345X03/wf-form4_160030728630240.xml"}, {"form_type": "4", "filings_date": "2020-09-16", "url": "https://www.sec.gov/Archives/edgar/data/0001713683/000171368320000159/xslF345X03/wf-form4_160030726933383.xml"}, {"form_type": "4", "filings_date": "2020-09-16", "url": "https://www.sec.gov/Archives/edgar/data/0001713683/000171368320000158/xslF345X03/wf-form4_160030725359744.xml"}, {"form_type": "4", "filings_date": "2020-09-16", "url": "https://www.sec.gov/Archives/edgar/data/0001713683/000171368320000157/xslF345X03/wf-form4_160030723418780.xml"}, {"form_type": "4", "filings_date": "2020-09-16", "url": "https://www.sec.gov/Archives/edgar/data/0001713683/000171368320000152/xslF345X03/wf-form4_160029748709323.xml"}, {"form_type": "4", "filings_date": "2020-09-09", "url": "https://www.sec.gov/Archives/edgar/data/0001713683/000171368320000148/xslF345X03/wf-form4_159969652717461.xml"}, {"form_type": "4", "filings_date": "2020-09-09", "url": "https://www.sec.gov/Archives/edgar/data/0001713683/000171368320000147/xslF345X03/wf-form4_159969649806710.xml"}, {"form_type": "4", "filings_date": "2020-09-09", "url": "https://www.sec.gov/Archives/edgar/data/0001713683/000171368320000146/xslF345X03/wf-form4_159969647226855.xml"}, {"form_type": "4", "filings_date": "2020-09-09", "url": "https://www.sec.gov/Archives/edgar/data/0001713683/000171368320000145/xslF345X03/wf-form4_159969645558767.xml"}, {"form_type": "4", "filings_date": "2020-09-09", "url": "https://www.sec.gov/Archives/edgar/data/0001713683/000171368320000144/xslF345X03/wf-form4_159969643220065.xml"}, {"form_type": "4", "filings_date": "2020-09-09", "url": "https://www.sec.gov/Archives/edgar/data/0001713683/000171368320000143/xslF345X03/wf-form4_159969640656247.xml"}, {"form_type": "8-K", "filings_date": "2020-09-09", "url": "https://www.sec.gov/Archives/edgar/data/0001713683/000171368320000136/zs-20200908.htm"}, {"form_type": "4", "filings_date": "2020-09-02", "url": "https://www.sec.gov/Archives/edgar/data/0001713683/000171368320000133/xslF345X03/wf-form4_159909481664761.xml"}, {"form_type": "4", "filings_date": "2020-08-24", "url": "https://www.sec.gov/Archives/edgar/data/0001713683/000171368320000131/xslF345X03/wf-form4_159830048006308.xml"}, {"form_type": "4", "filings_date": "2020-08-24", "url": "https://www.sec.gov/Archives/edgar/data/0001713683/000171368320000130/xslF345X03/wf-form4_159830045956851.xml"}, {"form_type": "4", "filings_date": "2020-08-05", "url": "https://www.sec.gov/Archives/edgar/data/0001713683/000171368320000127/xslF345X03/wf-form4_159665947177054.xml"}, {"form_type": "4", "filings_date": "2020-08-05", "url": "https://www.sec.gov/Archives/edgar/data/0001713683/000171368320000126/xslF345X03/wf-form4_159665945461012.xml"}, {"form_type": "4", "filings_date": "2020-07-15", "url": "https://www.sec.gov/Archives/edgar/data/0001713683/000171368320000123/xslF345X03/wf-form4_159485524956966.xml"}, {"form_type": "4/A", "filings_date": "2020-07-14", "url": "https://www.sec.gov/Archives/edgar/data/0001713683/000120919120042447/xslF345X03/doc4a.xml"}, {"form_type": "4", "filings_date": "2020-07-10", "url": "https://www.sec.gov/Archives/edgar/data/0001713683/000171368320000121/xslF345X03/wf-form4_159441744240061.xml"}, {"form_type": "4", "filings_date": "2020-07-10", "url": "https://www.sec.gov/Archives/edgar/data/0001713683/000171368320000120/xslF345X03/wf-form4_159441741551373.xml"}, {"form_type": "4", "filings_date": "2020-07-08", "url": "https://www.sec.gov/Archives/edgar/data/0001713683/000171368320000117/xslF345X03/wf-form4_159424256752639.xml"}, {"form_type": "4", "filings_date": "2020-07-08", "url": "https://www.sec.gov/Archives/edgar/data/0001713683/000171368320000116/xslF345X03/wf-form4_159424255191065.xml"}, {"form_type": "4", "filings_date": "2020-07-02", "url": "https://www.sec.gov/Archives/edgar/data/0001713683/000171368320000113/xslF345X03/wf-form4_159372851717913.xml"}, {"form_type": "4", "filings_date": "2020-07-02", "url": "https://www.sec.gov/Archives/edgar/data/0001713683/000171368320000112/xslF345X03/wf-form4_159372849956513.xml"}, {"form_type": "8-K", "filings_date": "2020-06-25", "url": "https://www.sec.gov/Archives/edgar/data/0001713683/000119312520179084/d923171d8k.htm"}, {"form_type": "4", "filings_date": "2020-06-18", "url": "https://www.sec.gov/Archives/edgar/data/0001713683/000171368320000109/xslF345X03/wf-form4_159252125163979.xml"}, {"form_type": "4", "filings_date": "2020-06-18", "url": "https://www.sec.gov/Archives/edgar/data/0001713683/000171368320000108/xslF345X03/wf-form4_159252122952350.xml"}, {"form_type": "4", "filings_date": "2020-06-18", "url": "https://www.sec.gov/Archives/edgar/data/0001713683/000171368320000107/xslF345X03/wf-form4_159252120732427.xml"}, {"form_type": "4", "filings_date": "2020-06-17", "url": "https://www.sec.gov/Archives/edgar/data/0001713683/000171368320000103/xslF345X03/wf-form4_159242534026441.xml"}, {"form_type": "4", "filings_date": "2020-06-17", "url": "https://www.sec.gov/Archives/edgar/data/0001713683/000171368320000102/xslF345X03/wf-form4_159242531675097.xml"}, {"form_type": "4", "filings_date": "2020-06-11", "url": "https://www.sec.gov/Archives/edgar/data/0001713683/000171368320000099/xslF345X03/wf-form4_159190664695199.xml"}, {"form_type": "4", "filings_date": "2020-06-03", "url": "https://www.sec.gov/Archives/edgar/data/0001713683/000171368320000097/xslF345X03/wf-form4_159122384490285.xml"}, {"form_type": "10-Q", "filings_date": "2020-06-03", "url": "https://www.sec.gov/Archives/edgar/data/0001713683/000171368320000095/zs-20200430.htm"}, {"form_type": "4", "filings_date": "2020-06-02", "url": "https://www.sec.gov/Archives/edgar/data/0001713683/000171368320000093/xslF345X03/wf-form4_159114340658097.xml"}, {"form_type": "4", "filings_date": "2020-06-02", "url": "https://www.sec.gov/Archives/edgar/data/0001713683/000171368320000092/xslF345X03/wf-form4_159114338203040.xml"}, {"form_type": "4", "filings_date": "2020-06-02", "url": "https://www.sec.gov/Archives/edgar/data/0001713683/000171368320000091/xslF345X03/wf-form4_159114335765204.xml"}, {"form_type": "4", "filings_date": "2020-06-02", "url": "https://www.sec.gov/Archives/edgar/data/0001713683/000171368320000090/xslF345X03/wf-form4_159114333450339.xml"}, {"form_type": "4", "filings_date": "2020-06-02", "url": "https://www.sec.gov/Archives/edgar/data/0001713683/000171368320000089/xslF345X03/wf-form4_159114331194426.xml"}, {"form_type": "8-K", "filings_date": "2020-05-28", "url": "https://www.sec.gov/Archives/edgar/data/0001713683/000171368320000082/zs-20200526.htm"}, {"form_type": "4", "filings_date": "2020-05-27", "url": "https://www.sec.gov/Archives/edgar/data/0001713683/000171368320000077/xslF345X03/wf-form4_159062241039807.xml"}, {"form_type": "4", "filings_date": "2020-05-20", "url": "https://www.sec.gov/Archives/edgar/data/0001713683/000171368320000075/xslF345X03/wf-form4_159000768424094.xml"}, {"form_type": "4", "filings_date": "2020-05-13", "url": "https://www.sec.gov/Archives/edgar/data/0001713683/000171368320000073/xslF345X03/wf-form4_158940689544726.xml"}, {"form_type": "4", "filings_date": "2020-05-11", "url": "https://www.sec.gov/Archives/edgar/data/0001713683/000171368320000071/xslF345X03/wf-form4_158922881634683.xml"}, {"form_type": "4", "filings_date": "2020-05-11", "url": "https://www.sec.gov/Archives/edgar/data/0001713683/000171368320000070/xslF345X03/wf-form4_158922879249562.xml"}, {"form_type": "4", "filings_date": "2020-05-06", "url": "https://www.sec.gov/Archives/edgar/data/0001713683/000171368320000067/xslF345X03/wf-form4_158879682059944.xml"}, {"form_type": "4", "filings_date": "2020-05-01", "url": "https://www.sec.gov/Archives/edgar/data/0001713683/000171368320000065/xslF345X03/wf-form4_158837594975782.xml"}, {"form_type": "4", "filings_date": "2020-04-28", "url": "https://www.sec.gov/Archives/edgar/data/0001713683/000171368320000063/xslF345X03/wf-form4_158812055901135.xml"}, {"form_type": "4", "filings_date": "2020-04-22", "url": "https://www.sec.gov/Archives/edgar/data/0001713683/000171368320000061/xslF345X03/wf-form4_158759211661577.xml"}, {"form_type": "4", "filings_date": "2020-04-16", "url": "https://www.sec.gov/Archives/edgar/data/0001713683/000171368320000059/xslF345X03/wf-form4_158708188587248.xml"}, {"form_type": "4", "filings_date": "2020-04-16", "url": "https://www.sec.gov/Archives/edgar/data/0001713683/000171368320000058/xslF345X03/wf-form4_158708186351573.xml"}, {"form_type": "4", "filings_date": "2020-04-09", "url": "https://www.sec.gov/Archives/edgar/data/0001713683/000171368320000055/xslF345X03/wf-form4_158647198226164.xml"}, {"form_type": "4", "filings_date": "2020-04-03", "url": "https://www.sec.gov/Archives/edgar/data/0001713683/000171368320000053/xslF345X03/wf-form4_158595435176628.xml"}, {"form_type": "4", "filings_date": "2020-04-02", "url": "https://www.sec.gov/Archives/edgar/data/0001713683/000171368320000051/xslF345X03/wf-form4_158587264296412.xml"}, {"form_type": "4", "filings_date": "2020-03-25", "url": "https://www.sec.gov/Archives/edgar/data/0001713683/000171368320000049/xslF345X03/wf-form4_158518068415072.xml"}, {"form_type": "4", "filings_date": "2020-03-24", "url": "https://www.sec.gov/Archives/edgar/data/0001713683/000171368320000047/xslF345X03/wf-form4_158509024173779.xml"}, {"form_type": "4", "filings_date": "2020-03-18", "url": "https://www.sec.gov/Archives/edgar/data/0001713683/000171368320000045/xslF345X03/wf-form4_158457580128129.xml"}, {"form_type": "4", "filings_date": "2020-03-18", "url": "https://www.sec.gov/Archives/edgar/data/0001713683/000171368320000044/xslF345X03/wf-form4_158457577941655.xml"}, {"form_type": "4", "filings_date": "2020-03-18", "url": "https://www.sec.gov/Archives/edgar/data/0001713683/000171368320000043/xslF345X03/wf-form4_158457575917274.xml"}, {"form_type": "4", "filings_date": "2020-03-18", "url": "https://www.sec.gov/Archives/edgar/data/0001713683/000171368320000042/xslF345X03/wf-form4_158457572736448.xml"}, {"form_type": "10-Q", "filings_date": "2020-03-04", "url": "https://www.sec.gov/Archives/edgar/data/0001713683/000171368320000037/zs-20200131.htm"}, {"form_type": "4", "filings_date": "2020-03-02", "url": "https://www.sec.gov/Archives/edgar/data/0001713683/000171368320000034/xslF345X03/wf-form4_158319500629360.xml"}, {"form_type": "4", "filings_date": "2020-03-02", "url": "https://www.sec.gov/Archives/edgar/data/0001713683/000171368320000033/xslF345X03/wf-form4_158319498435777.xml"}, {"form_type": "4", "filings_date": "2020-03-02", "url": "https://www.sec.gov/Archives/edgar/data/0001713683/000171368320000032/xslF345X03/wf-form4_158319496364313.xml"}, {"form_type": "8-K", "filings_date": "2020-02-20", "url": "https://www.sec.gov/Archives/edgar/data/0001713683/000171368320000028/zs-20200220.htm"}, {"form_type": "4", "filings_date": "2020-02-14", "url": "https://www.sec.gov/Archives/edgar/data/0001713683/000089924320004787/xslF345X03/doc4.xml"}, {"form_type": "SC 13G/A", "filings_date": "2020-02-13", "url": "https://www.sec.gov/Archives/edgar/data/0001713683/000119312520035760/d888182dsc13ga.htm"}, {"form_type": "SC 13G/A", "filings_date": "2020-02-13", "url": "https://www.sec.gov/Archives/edgar/data/0001713683/000119312520035746/d888959dsc13ga.htm"}, {"form_type": "SC 13G/A", "filings_date": "2020-02-07", "url": "https://www.sec.gov/Archives/edgar/data/0001713683/000031506620001284/filing.txt"}, {"form_type": "4", "filings_date": "2020-02-05", "url": "https://www.sec.gov/Archives/edgar/data/0001713683/000171368320000025/xslF345X03/wf-form4_158093806191703.xml"}, {"form_type": "4", "filings_date": "2020-02-05", "url": "https://www.sec.gov/Archives/edgar/data/0001713683/000171368320000024/xslF345X03/wf-form4_158093803995082.xml"}, {"form_type": "4", "filings_date": "2020-01-27", "url": "https://www.sec.gov/Archives/edgar/data/0001713683/000171368320000021/xslF345X03/wf-form4_158016079002812.xml"}, {"form_type": "4", "filings_date": "2020-01-16", "url": "https://www.sec.gov/Archives/edgar/data/0001713683/000171368320000019/xslF345X03/wf-form4_157920948790254.xml"}, {"form_type": "4", "filings_date": "2020-01-16", "url": "https://www.sec.gov/Archives/edgar/data/0001713683/000171368320000018/xslF345X03/wf-form4_157920946484128.xml"}, {"form_type": "8-K", "filings_date": "2020-01-15", "url": "https://www.sec.gov/Archives/edgar/data/0001713683/000171368320000015/zs-0115208k.htm"}, {"form_type": "4", "filings_date": "2020-01-13", "url": "https://www.sec.gov/Archives/edgar/data/0001713683/000171368320000013/xslF345X03/wf-form4_157896433411232.xml"}, {"form_type": "4", "filings_date": "2020-01-13", "url": "https://www.sec.gov/Archives/edgar/data/0001713683/000171368320000012/xslF345X03/wf-form4_157896431324470.xml"}, {"form_type": "4", "filings_date": "2020-01-13", "url": "https://www.sec.gov/Archives/edgar/data/0001713683/000171368320000011/xslF345X03/wf-form4_157896429130834.xml"}, {"form_type": "4", "filings_date": "2020-01-13", "url": "https://www.sec.gov/Archives/edgar/data/0001713683/000171368320000010/xslF345X03/wf-form4_157896426809037.xml"}, {"form_type": "4", "filings_date": "2020-01-13", "url": "https://www.sec.gov/Archives/edgar/data/0001713683/000171368320000009/xslF345X03/wf-form4_157896424580799.xml"}, {"form_type": "3", "filings_date": "2020-01-13", "url": "https://www.sec.gov/Archives/edgar/data/0001713683/000171368320000003/xslF345X02/wf-form3_157896313236994.xml"}, {"form_type": "4", "filings_date": "2020-01-09", "url": "https://www.sec.gov/Archives/edgar/data/0001713683/000162828020000218/xslF345X03/wf-form4_157860915153423.xml"}, {"form_type": "4", "filings_date": "2020-01-03", "url": "https://www.sec.gov/Archives/edgar/data/0001713683/000162828020000120/xslF345X03/wf-form4_157809549825114.xml"}, {"form_type": "4", "filings_date": "2020-01-02", "url": "https://www.sec.gov/Archives/edgar/data/0001713683/000162828020000014/xslF345X03/wf-form4_157799986107271.xml"}, {"form_type": "4", "filings_date": "2019-12-27", "url": "https://www.sec.gov/Archives/edgar/data/0001713683/000162828019015327/xslF345X03/wf-form4_157750029128324.xml"}, {"form_type": "4", "filings_date": "2019-12-20", "url": "https://www.sec.gov/Archives/edgar/data/0001713683/000162828019015268/xslF345X03/wf-form4_157688769078463.xml"}, {"form_type": "4", "filings_date": "2019-12-18", "url": "https://www.sec.gov/Archives/edgar/data/0001713683/000162828019015217/xslF345X03/wf-form4_157671086516889.xml"}, {"form_type": "4", "filings_date": "2019-12-18", "url": "https://www.sec.gov/Archives/edgar/data/0001713683/000162828019015216/xslF345X03/wf-form4_157671084418081.xml"}, {"form_type": "4", "filings_date": "2019-12-18", "url": "https://www.sec.gov/Archives/edgar/data/0001713683/000162828019015215/xslF345X03/wf-form4_157671082366681.xml"}, {"form_type": "4", "filings_date": "2019-12-18", "url": "https://www.sec.gov/Archives/edgar/data/0001713683/000162828019015214/xslF345X03/wf-form4_157671080143228.xml"}, {"form_type": "4", "filings_date": "2019-12-18", "url": "https://www.sec.gov/Archives/edgar/data/0001713683/000162828019015213/xslF345X03/wf-form4_157671077482223.xml"}, {"form_type": "10-Q", "filings_date": "2019-12-06", "url": "https://www.sec.gov/Archives/edgar/data/0001713683/000171368319000053/zs-20191031.htm"}, {"form_type": "8-K", "filings_date": "2019-12-03", "url": "https://www.sec.gov/Archives/edgar/data/0001713683/000171368319000049/zs-103120198k.htm"}, {"form_type": "4", "filings_date": "2019-12-02", "url": "https://www.sec.gov/Archives/edgar/data/0001713683/000171368319000047/xslF345X03/wf-form4_157533110434155.xml"}, {"form_type": "4", "filings_date": "2019-12-02", "url": "https://www.sec.gov/Archives/edgar/data/0001713683/000171368319000046/xslF345X03/wf-form4_157533107991793.xml"}, {"form_type": "DEFA14A", "filings_date": "2019-11-27", "url": "https://www.sec.gov/Archives/edgar/data/0001713683/000114036119021637/formdefa14a.htm"}, {"form_type": "DEF 14A", "filings_date": "2019-11-27", "url": "https://www.sec.gov/Archives/edgar/data/0001713683/000171368319000042/zsfy2019proxy.htm"}, {"form_type": "4", "filings_date": "2019-11-26", "url": "https://www.sec.gov/Archives/edgar/data/0001713683/000171368319000040/xslF345X03/wf-form4_157481109488946.xml"}, {"form_type": "4", "filings_date": "2019-11-04", "url": "https://www.sec.gov/Archives/edgar/data/0001713683/000171368319000038/xslF345X03/wf-form4_157290783963914.xml"}, {"form_type": "4", "filings_date": "2019-11-04", "url": "https://www.sec.gov/Archives/edgar/data/0001713683/000171368319000037/xslF345X03/wf-form4_157290782073288.xml"}, {"form_type": "4", "filings_date": "2019-10-01", "url": "https://www.sec.gov/Archives/edgar/data/0001713683/000171368319000034/xslF345X03/wf-form4_156996281842924.xml"}, {"form_type": "4", "filings_date": "2019-09-30", "url": "https://www.sec.gov/Archives/edgar/data/0001713683/000171368319000033/xslF345X03/wf-form4_156988473695190.xml"}, {"form_type": "S-8", "filings_date": "2019-09-18", "url": "https://www.sec.gov/Archives/edgar/data/0001713683/000171368319000031/zs_s-8xfy2019.htm"}, {"form_type": "10-K", "filings_date": "2019-09-18", "url": "https://www.sec.gov/Archives/edgar/data/0001713683/000171368319000030/zs-20190731.htm"}, {"form_type": "8-K", "filings_date": "2019-09-18", "url": "https://www.sec.gov/Archives/edgar/data/0001713683/000171368319000028/zsform8-k091819.htm"}, {"form_type": "4", "filings_date": "2019-09-17", "url": "https://www.sec.gov/Archives/edgar/data/0001713683/000171368319000026/xslF345X03/wf-form4_156875499236433.xml"}, {"form_type": "4", "filings_date": "2019-09-16", "url": "https://www.sec.gov/Archives/edgar/data/0001713683/000120919119049625/xslF345X03/doc4.xml"}, {"form_type": "3", "filings_date": "2019-09-12", "url": "https://www.sec.gov/Archives/edgar/data/0001713683/000120919119049398/xslF345X02/doc3.xml"}, {"form_type": "8-K", "filings_date": "2019-09-10", "url": "https://www.sec.gov/Archives/edgar/data/0001713683/000171368319000023/zs-073120198k.htm"}, {"form_type": "4", "filings_date": "2019-09-05", "url": "https://www.sec.gov/Archives/edgar/data/0001713683/000171368319000020/xslF345X03/wf-form4_156772887775478.xml"}, {"form_type": "4", "filings_date": "2019-09-05", "url": "https://www.sec.gov/Archives/edgar/data/0001713683/000171368319000019/xslF345X03/wf-form4_156772885663242.xml"}, {"form_type": "4", "filings_date": "2019-09-04", "url": "https://www.sec.gov/Archives/edgar/data/0001713683/000120919119048408/xslF345X03/doc4.xml"}, {"form_type": "4", "filings_date": "2019-09-04", "url": "https://www.sec.gov/Archives/edgar/data/0001713683/000120919119048406/xslF345X03/doc4.xml"}, {"form_type": "4", "filings_date": "2019-09-04", "url": "https://www.sec.gov/Archives/edgar/data/0001713683/000120919119048404/xslF345X03/doc4.xml"}, {"form_type": "4", "filings_date": "2019-08-30", "url": "https://www.sec.gov/Archives/edgar/data/0001713683/000120919119047856/xslF345X03/doc4.xml"}, {"form_type": "4", "filings_date": "2019-08-23", "url": "https://www.sec.gov/Archives/edgar/data/0001713683/000120919119047333/xslF345X03/doc4.xml"}, {"form_type": "4", "filings_date": "2019-08-16", "url": "https://www.sec.gov/Archives/edgar/data/0001713683/000120919119046408/xslF345X03/doc4.xml"}, {"form_type": "4", "filings_date": "2019-08-09", "url": "https://www.sec.gov/Archives/edgar/data/0001713683/000120919119045392/xslF345X03/doc4.xml"}, {"form_type": "4", "filings_date": "2019-08-02", "url": "https://www.sec.gov/Archives/edgar/data/0001713683/000120919119044212/xslF345X03/doc4.xml"}, {"form_type": "4", "filings_date": "2019-08-01", "url": "https://www.sec.gov/Archives/edgar/data/0001713683/000120919119044139/xslF345X03/doc4.xml"}, {"form_type": "4", "filings_date": "2019-08-01", "url": "https://www.sec.gov/Archives/edgar/data/0001713683/000120919119044137/xslF345X03/doc4.xml"}, {"form_type": "4", "filings_date": "2019-08-01", "url": "https://www.sec.gov/Archives/edgar/data/0001713683/000120919119044135/xslF345X03/doc4.xml"}, {"form_type": "4", "filings_date": "2019-07-02", "url": "https://www.sec.gov/Archives/edgar/data/0001713683/000120919119040188/xslF345X03/doc4.xml"}, {"form_type": "4", "filings_date": "2019-06-28", "url": "https://www.sec.gov/Archives/edgar/data/0001713683/000120919119039504/xslF345X03/doc4.xml"}, {"form_type": "4", "filings_date": "2019-06-28", "url": "https://www.sec.gov/Archives/edgar/data/0001713683/000120919119039478/xslF345X03/doc4.xml"}, {"form_type": "4", "filings_date": "2019-06-24", "url": "https://www.sec.gov/Archives/edgar/data/0001713683/000120919119038826/xslF345X03/doc4.xml"}, {"form_type": "4", "filings_date": "2019-06-21", "url": "https://www.sec.gov/Archives/edgar/data/0001713683/000120919119038474/xslF345X03/doc4.xml"}, {"form_type": "4", "filings_date": "2019-06-19", "url": "https://www.sec.gov/Archives/edgar/data/0001713683/000120919119038161/xslF345X03/doc4.xml"}, {"form_type": "4", "filings_date": "2019-06-18", "url": "https://www.sec.gov/Archives/edgar/data/0001713683/000120919119037669/xslF345X03/doc4.xml"}, {"form_type": "4", "filings_date": "2019-06-13", "url": "https://www.sec.gov/Archives/edgar/data/0001713683/000120919119036935/xslF345X03/doc4.xml"}, {"form_type": "4", "filings_date": "2019-06-11", "url": "https://www.sec.gov/Archives/edgar/data/0001713683/000120919119036082/xslF345X03/doc4.xml"}, {"form_type": "4", "filings_date": "2019-06-10", "url": "https://www.sec.gov/Archives/edgar/data/0001713683/000120919119035877/xslF345X03/doc4.xml"}, {"form_type": "4", "filings_date": "2019-06-06", "url": "https://www.sec.gov/Archives/edgar/data/0001713683/000120919119035232/xslF345X03/doc4.xml"}, {"form_type": "10-Q", "filings_date": "2019-06-05", "url": "https://www.sec.gov/Archives/edgar/data/0001713683/000171368319000016/zs-20190430.htm"}, {"form_type": "4", "filings_date": "2019-06-05", "url": "https://www.sec.gov/Archives/edgar/data/0001713683/000120919119034729/xslF345X03/doc4.xml"}, {"form_type": "4", "filings_date": "2019-06-05", "url": "https://www.sec.gov/Archives/edgar/data/0001713683/000120919119034722/xslF345X03/doc4.xml"}, {"form_type": "4", "filings_date": "2019-06-03", "url": "https://www.sec.gov/Archives/edgar/data/0001713683/000120919119033973/xslF345X03/doc4.xml"}, {"form_type": "8-K", "filings_date": "2019-05-30", "url": "https://www.sec.gov/Archives/edgar/data/0001713683/000171368319000013/zs-043020198k.htm"}, {"form_type": "4", "filings_date": "2019-05-24", "url": "https://www.sec.gov/Archives/edgar/data/0001713683/000120919119032830/xslF345X03/doc4.xml"}, {"form_type": "4", "filings_date": "2019-05-20", "url": "https://www.sec.gov/Archives/edgar/data/0001713683/000120919119031527/xslF345X03/doc4.xml"}, {"form_type": "4", "filings_date": "2019-05-16", "url": "https://www.sec.gov/Archives/edgar/data/0001713683/000120919119030654/xslF345X03/doc4.xml"}, {"form_type": "4", "filings_date": "2019-05-10", "url": "https://www.sec.gov/Archives/edgar/data/0001713683/000120919119029061/xslF345X03/doc4.xml"}, {"form_type": "8-K", "filings_date": "2019-05-03", "url": "https://www.sec.gov/Archives/edgar/data/0001713683/000171368319000009/zs043020198k.htm"}, {"form_type": "4", "filings_date": "2019-05-02", "url": "https://www.sec.gov/Archives/edgar/data/0001713683/000120919119027140/xslF345X03/doc4.xml"}, {"form_type": "4", "filings_date": "2019-05-02", "url": "https://www.sec.gov/Archives/edgar/data/0001713683/000120919119027138/xslF345X03/doc4.xml"}, {"form_type": "4", "filings_date": "2019-05-02", "url": "https://www.sec.gov/Archives/edgar/data/0001713683/000120919119027136/xslF345X03/doc4.xml"}, {"form_type": "4", "filings_date": "2019-05-02", "url": "https://www.sec.gov/Archives/edgar/data/0001713683/000120919119027120/xslF345X03/doc4.xml"}, {"form_type": "4", "filings_date": "2019-04-02", "url": "https://www.sec.gov/Archives/edgar/data/0001713683/000120919119022834/xslF345X03/doc4.xml"}, {"form_type": "4", "filings_date": "2019-03-29", "url": "https://www.sec.gov/Archives/edgar/data/0001713683/000120919119021839/xslF345X03/doc4.xml"}, {"form_type": "4", "filings_date": "2019-03-28", "url": "https://www.sec.gov/Archives/edgar/data/0001713683/000120919119021628/xslF345X03/doc4.xml"}, {"form_type": "4", "filings_date": "2019-03-25", "url": "https://www.sec.gov/Archives/edgar/data/0001713683/000120919119021249/xslF345X03/doc4.xml"}, {"form_type": "4", "filings_date": "2019-03-19", "url": "https://www.sec.gov/Archives/edgar/data/0001713683/000120919119020271/xslF345X03/doc4.xml"}, {"form_type": "4", "filings_date": "2019-03-14", "url": "https://www.sec.gov/Archives/edgar/data/0001713683/000120919119019555/xslF345X03/doc4.xml"}, {"form_type": "4", "filings_date": "2019-03-08", "url": "https://www.sec.gov/Archives/edgar/data/0001713683/000120919119018133/xslF345X03/doc4.xml"}, {"form_type": "4", "filings_date": "2019-03-06", "url": "https://www.sec.gov/Archives/edgar/data/0001713683/000120919119017530/xslF345X03/doc4.xml"}, {"form_type": "4", "filings_date": "2019-03-06", "url": "https://www.sec.gov/Archives/edgar/data/0001713683/000120919119017527/xslF345X03/doc4.xml"}, {"form_type": "10-Q", "filings_date": "2019-03-06", "url": "https://www.sec.gov/Archives/edgar/data/0001713683/000171368319000006/zs-20190131.htm"}, {"form_type": "4", "filings_date": "2019-03-04", "url": "https://www.sec.gov/Archives/edgar/data/0001713683/000120919119015864/xslF345X03/doc4.xml"}, {"form_type": "8-K", "filings_date": "2019-02-28", "url": "https://www.sec.gov/Archives/edgar/data/0001713683/000171368319000003/zs-013120198k.htm"}, {"form_type": "4", "filings_date": "2019-02-22", "url": "https://www.sec.gov/Archives/edgar/data/0001713683/000120919119012802/xslF345X03/doc4.xml"}, {"form_type": "4", "filings_date": "2019-02-14", "url": "https://www.sec.gov/Archives/edgar/data/0001713683/000120919119010436/xslF345X03/doc4.xml"}, {"form_type": "4", "filings_date": "2019-02-14", "url": "https://www.sec.gov/Archives/edgar/data/0001713683/000120919119010432/xslF345X03/doc4.xml"}, {"form_type": "SC 13G", "filings_date": "2019-02-13", "url": "https://www.sec.gov/Archives/edgar/data/0001713683/000119312519037978/d660463dsc13g.htm"}, {"form_type": "SC 13G", "filings_date": "2019-02-13", "url": "https://www.sec.gov/Archives/edgar/data/0001713683/000119312519037941/d660469dsc13g.htm"}, {"form_type": "SC 13G", "filings_date": "2019-02-13", "url": "https://www.sec.gov/Archives/edgar/data/0001713683/000031506619001414/filing.txt"}, {"form_type": "4", "filings_date": "2019-02-11", "url": "https://www.sec.gov/Archives/edgar/data/0001713683/000120919119009012/xslF345X03/doc4.xml"}, {"form_type": "4", "filings_date": "2019-02-07", "url": "https://www.sec.gov/Archives/edgar/data/0001713683/000120919119008341/xslF345X03/doc4.xml"}, {"form_type": "4", "filings_date": "2019-02-05", "url": "https://www.sec.gov/Archives/edgar/data/0001713683/000120919119007431/xslF345X03/doc4.xml"}, {"form_type": "4", "filings_date": "2019-02-05", "url": "https://www.sec.gov/Archives/edgar/data/0001713683/000120919119007413/xslF345X03/doc4.xml"}, {"form_type": "4", "filings_date": "2019-02-01", "url": "https://www.sec.gov/Archives/edgar/data/0001713683/000120919119006504/xslF345X03/doc4.xml"}, {"form_type": "4", "filings_date": "2019-01-25", "url": "https://www.sec.gov/Archives/edgar/data/0001713683/000120919119005402/xslF345X03/doc4.xml"}, {"form_type": "4", "filings_date": "2019-01-18", "url": "https://www.sec.gov/Archives/edgar/data/0001713683/000120919119004640/xslF345X03/doc4.xml"}, {"form_type": "4", "filings_date": "2019-01-14", "url": "https://www.sec.gov/Archives/edgar/data/0001713683/000120919119003594/xslF345X03/doc4.xml"}, {"form_type": "4", "filings_date": "2019-01-10", "url": "https://www.sec.gov/Archives/edgar/data/0001713683/000120919119003359/xslF345X03/doc4.xml"}, {"form_type": "4", "filings_date": "2019-01-07", "url": "https://www.sec.gov/Archives/edgar/data/0001713683/000120919119002542/xslF345X03/doc4.xml"}, {"form_type": "4", "filings_date": "2018-12-27", "url": "https://www.sec.gov/Archives/edgar/data/0001713683/000171368318000013/xslF345X03/wf-form4_154596400160740.xml"}, {"form_type": "8-K", "filings_date": "2018-12-26", "url": "https://www.sec.gov/Archives/edgar/data/0001713683/000171368318000011/zs-12262018_8k.htm"}, {"form_type": "4", "filings_date": "2018-12-21", "url": "https://www.sec.gov/Archives/edgar/data/0001713683/000120919118063952/xslF345X03/doc4.xml"}, {"form_type": "4", "filings_date": "2018-12-19", "url": "https://www.sec.gov/Archives/edgar/data/0001713683/000120919118063543/xslF345X03/doc4.xml"}, {"form_type": "4", "filings_date": "2018-12-19", "url": "https://www.sec.gov/Archives/edgar/data/0001713683/000120919118063539/xslF345X03/doc4.xml"}, {"form_type": "4", "filings_date": "2018-12-19", "url": "https://www.sec.gov/Archives/edgar/data/0001713683/000120919118063532/xslF345X03/doc4.xml"}, {"form_type": "4", "filings_date": "2018-12-19", "url": "https://www.sec.gov/Archives/edgar/data/0001713683/000120919118063525/xslF345X03/doc4.xml"}, {"form_type": "4", "filings_date": "2018-12-19", "url": "https://www.sec.gov/Archives/edgar/data/0001713683/000120919118063516/xslF345X03/doc4.xml"}, {"form_type": "4", "filings_date": "2018-12-19", "url": "https://www.sec.gov/Archives/edgar/data/0001713683/000120919118063513/xslF345X03/doc4.xml"}, {"form_type": "4", "filings_date": "2018-12-19", "url": "https://www.sec.gov/Archives/edgar/data/0001713683/000120919118063507/xslF345X03/doc4.xml"}, {"form_type": "4", "filings_date": "2018-12-17", "url": "https://www.sec.gov/Archives/edgar/data/0001713683/000120919118063047/xslF345X03/doc4.xml"}, {"form_type": "4", "filings_date": "2018-12-07", "url": "https://www.sec.gov/Archives/edgar/data/0001713683/000120919118061582/xslF345X03/doc4.xml"}, {"form_type": "10-Q", "filings_date": "2018-12-06", "url": "https://www.sec.gov/Archives/edgar/data/0001713683/000171368318000009/zs10311810-qq119.htm"}, {"form_type": "8-K", "filings_date": "2018-12-04", "url": "https://www.sec.gov/Archives/edgar/data/0001713683/000162828018014824/zs-10312018_8k.htm"}, {"form_type": "4", "filings_date": "2018-11-30", "url": "https://www.sec.gov/Archives/edgar/data/0001713683/000120919118060362/xslF345X03/doc4.xml"}, {"form_type": "4", "filings_date": "2018-11-27", "url": "https://www.sec.gov/Archives/edgar/data/0001713683/000120919118059989/xslF345X03/doc4.xml"}, {"form_type": "4", "filings_date": "2018-11-16", "url": "https://www.sec.gov/Archives/edgar/data/0001713683/000120919118059024/xslF345X03/doc4.xml"}, {"form_type": "4", "filings_date": "2018-11-09", "url": "https://www.sec.gov/Archives/edgar/data/0001713683/000120919118058013/xslF345X03/doc4.xml"}, {"form_type": "DEFA14A", "filings_date": "2018-11-08", "url": "https://www.sec.gov/Archives/edgar/data/0001713683/000114036118042772/bp14388x1_defa14a.htm"}, {"form_type": "DEF 14A", "filings_date": "2018-11-08", "url": "https://www.sec.gov/Archives/edgar/data/0001713683/000162828018013980/zscaler_2018proxy.htm"}, {"form_type": "4", "filings_date": "2018-11-05", "url": "https://www.sec.gov/Archives/edgar/data/0001713683/000120919118057265/xslF345X03/doc4.xml"}, {"form_type": "4", "filings_date": "2018-11-05", "url": "https://www.sec.gov/Archives/edgar/data/0001713683/000120919118057260/xslF345X03/doc4.xml"}, {"form_type": "4", "filings_date": "2018-10-29", "url": "https://www.sec.gov/Archives/edgar/data/0001713683/000120919118056414/xslF345X03/doc4.xml"}, {"form_type": "4", "filings_date": "2018-10-22", "url": "https://www.sec.gov/Archives/edgar/data/0001713683/000120919118055900/xslF345X03/doc4.xml"}, {"form_type": "4", "filings_date": "2018-10-15", "url": "https://www.sec.gov/Archives/edgar/data/0001713683/000120919118054980/xslF345X03/doc4.xml"}, {"form_type": "4", "filings_date": "2018-10-10", "url": "https://www.sec.gov/Archives/edgar/data/0001713683/000089924318026525/xslF345X03/doc4.xml"}, {"form_type": "4", "filings_date": "2018-10-10", "url": "https://www.sec.gov/Archives/edgar/data/0001713683/000120919118054746/xslF345X03/doc4.xml"}, {"form_type": "4", "filings_date": "2018-10-10", "url": "https://www.sec.gov/Archives/edgar/data/0001713683/000120919118054743/xslF345X03/doc4.xml"}, {"form_type": "4", "filings_date": "2018-10-10", "url": "https://www.sec.gov/Archives/edgar/data/0001713683/000120919118054741/xslF345X03/doc4.xml"}, {"form_type": "8-K", "filings_date": "2018-10-10", "url": "https://www.sec.gov/Archives/edgar/data/0001713683/000162828018012442/zs101020188k.htm"}, {"form_type": "4", "filings_date": "2018-10-05", "url": "https://www.sec.gov/Archives/edgar/data/0001713683/000120919118054453/xslF345X03/doc4.xml"}, {"form_type": "4", "filings_date": "2018-10-01", "url": "https://www.sec.gov/Archives/edgar/data/0001713683/000120919118052878/xslF345X03/doc4.xml"}, {"form_type": "4", "filings_date": "2018-09-24", "url": "https://www.sec.gov/Archives/edgar/data/0001713683/000120919118052065/xslF345X03/doc4.xml"}, {"form_type": "4", "filings_date": "2018-09-19", "url": "https://www.sec.gov/Archives/edgar/data/0001713683/000120919118051707/xslF345X03/doc4.xml"}, {"form_type": "4", "filings_date": "2018-09-14", "url": "https://www.sec.gov/Archives/edgar/data/0001713683/000120919118051129/xslF345X03/doc4.xml"}, {"form_type": "4", "filings_date": "2018-09-14", "url": "https://www.sec.gov/Archives/edgar/data/0001713683/000120919118051117/xslF345X03/doc4.xml"}, {"form_type": "4", "filings_date": "2018-09-14", "url": "https://www.sec.gov/Archives/edgar/data/0001713683/000120919118051114/xslF345X03/doc4.xml"}, {"form_type": "4", "filings_date": "2018-09-14", "url": "https://www.sec.gov/Archives/edgar/data/0001713683/000120919118051108/xslF345X03/doc4.xml"}, {"form_type": "S-8", "filings_date": "2018-09-13", "url": "https://www.sec.gov/Archives/edgar/data/0001713683/000162828018011838/zs_s-8xfy2018.htm"}, {"form_type": "10-K", "filings_date": "2018-09-13", "url": "https://www.sec.gov/Archives/edgar/data/0001713683/000162828018011833/zs7311810-k.htm"}, {"form_type": "8-K", "filings_date": "2018-09-05", "url": "https://www.sec.gov/Archives/edgar/data/0001713683/000162828018011621/zs-07312018_8k.htm"}, {"form_type": "10-Q", "filings_date": "2018-06-07", "url": "https://www.sec.gov/Archives/edgar/data/0001713683/000171368318000007/zs4301810-q.htm"}, {"form_type": "8-K", "filings_date": "2018-06-06", "url": "https://www.sec.gov/Archives/edgar/data/0001713683/000171368318000004/zs-04302018_8k.htm"}, {"form_type": "8-K", "filings_date": "2018-05-03", "url": "https://www.sec.gov/Archives/edgar/data/0001713683/000119312518149450/d559230d8k.htm"}, {"form_type": "4", "filings_date": "2018-03-22", "url": "https://www.sec.gov/Archives/edgar/data/0001713683/000090342318000173/xslF345X03/zscaler4.xml"}, {"form_type": "4", "filings_date": "2018-03-20", "url": "https://www.sec.gov/Archives/edgar/data/0001713683/000089924318008209/xslF345X03/doc4.xml"}, {"form_type": "4", "filings_date": "2018-03-20", "url": "https://www.sec.gov/Archives/edgar/data/0001713683/000089924318008208/xslF345X03/doc4.xml"}, {"form_type": "4", "filings_date": "2018-03-20", "url": "https://www.sec.gov/Archives/edgar/data/0001713683/000089924318008207/xslF345X03/doc4.xml"}, {"form_type": "4", "filings_date": "2018-03-20", "url": "https://www.sec.gov/Archives/edgar/data/0001713683/000089924318008206/xslF345X03/doc4.xml"}, {"form_type": "4", "filings_date": "2018-03-20", "url": "https://www.sec.gov/Archives/edgar/data/0001713683/000089924318008205/xslF345X03/doc4.xml"}, {"form_type": "4", "filings_date": "2018-03-20", "url": "https://www.sec.gov/Archives/edgar/data/0001713683/000089924318008203/xslF345X03/doc4.xml"}, {"form_type": "S-8", "filings_date": "2018-03-16", "url": "https://www.sec.gov/Archives/edgar/data/0001713683/000119312518086017/d423245ds8.htm"}, {"form_type": "424B4", "filings_date": "2018-03-16", "url": "https://www.sec.gov/Archives/edgar/data/0001713683/000119312518085981/d400527d424b4.htm"}, {"form_type": "EFFECT", "filings_date": "2018-03-15", "url": "https://www.sec.gov/Archives/edgar/data/0001713683/999999999518000613/xslEFFECTX01/primary_doc.xml"}, {"form_type": "3", "filings_date": "2018-03-15", "url": "https://www.sec.gov/Archives/edgar/data/0001713683/000090342318000160/xslF345X02/zscaler.xml"}, {"form_type": "3", "filings_date": "2018-03-15", "url": "https://www.sec.gov/Archives/edgar/data/0001713683/000089924318007563/xslF345X02/doc3.xml"}, {"form_type": "3", "filings_date": "2018-03-15", "url": "https://www.sec.gov/Archives/edgar/data/0001713683/000089924318007562/xslF345X02/doc3.xml"}, {"form_type": "3", "filings_date": "2018-03-15", "url": "https://www.sec.gov/Archives/edgar/data/0001713683/000089924318007561/xslF345X02/doc3.xml"}, {"form_type": "3", "filings_date": "2018-03-15", "url": "https://www.sec.gov/Archives/edgar/data/0001713683/000089924318007558/xslF345X02/doc3.xml"}, {"form_type": "3", "filings_date": "2018-03-15", "url": "https://www.sec.gov/Archives/edgar/data/0001713683/000089924318007557/xslF345X02/doc3.xml"}, {"form_type": "3", "filings_date": "2018-03-15", "url": "https://www.sec.gov/Archives/edgar/data/0001713683/000089924318007556/xslF345X02/doc3.xml"}, {"form_type": "3", "filings_date": "2018-03-15", "url": "https://www.sec.gov/Archives/edgar/data/0001713683/000089924318007553/xslF345X02/doc3.xml"}, {"form_type": "3", "filings_date": "2018-03-15", "url": "https://www.sec.gov/Archives/edgar/data/0001713683/000089924318007552/xslF345X02/doc3.xml"}, {"form_type": "3", "filings_date": "2018-03-15", "url": "https://www.sec.gov/Archives/edgar/data/0001713683/000089924318007548/xslF345X02/doc3.xml"}, {"form_type": "3", "filings_date": "2018-03-15", "url": "https://www.sec.gov/Archives/edgar/data/0001713683/000089924318007547/xslF345X02/doc3.xml"}, {"form_type": "3", "filings_date": "2018-03-15", "url": "https://www.sec.gov/Archives/edgar/data/0001713683/000089924318007544/xslF345X02/doc3.xml"}, {"form_type": "3", "filings_date": "2018-03-15", "url": "https://www.sec.gov/Archives/edgar/data/0001713683/000089924318007541/xslF345X02/doc3.xml"}, {"form_type": "3", "filings_date": "2018-03-15", "url": "https://www.sec.gov/Archives/edgar/data/0001713683/000089924318007540/xslF345X02/doc3.xml"}, {"form_type": "CORRESP", "filings_date": "2018-03-13", "url": "https://www.sec.gov/Archives/edgar/data/0001713683/000119312518080675/filename1.htm"}, {"form_type": "CORRESP", "filings_date": "2018-03-13", "url": "https://www.sec.gov/Archives/edgar/data/0001713683/000119312518080660/filename1.htm"}, {"form_type": "S-1/A", "filings_date": "2018-03-13", "url": "https://www.sec.gov/Archives/edgar/data/0001713683/000119312518080170/d400527ds1a.htm"}, {"form_type": "FWP", "filings_date": "2018-03-13", "url": "https://www.sec.gov/Archives/edgar/data/0001713683/000119312518079940/d507857dfwp.htm"}, {"form_type": "CERT", "filings_date": "2018-03-12", "url": "https://www.sec.gov/Archives/edgar/data/0001713683/999999999718002083/zscaler31218.pdf"}, {"form_type": "8-A12B", "filings_date": "2018-03-05", "url": "https://www.sec.gov/Archives/edgar/data/0001713683/000119312518070520/d494318d8a12b.htm"}, {"form_type": "S-1/A", "filings_date": "2018-03-05", "url": "https://www.sec.gov/Archives/edgar/data/0001713683/000119312518069515/d400527ds1a.htm"}, {"form_type": "CORRESP", "filings_date": "2018-02-16", "url": "https://www.sec.gov/Archives/edgar/data/0001713683/000119312518048319/filename1.htm"}, {"form_type": "S-1", "filings_date": "2018-02-16", "url": "https://www.sec.gov/Archives/edgar/data/0001713683/000119312518048303/d400527ds1.htm"}, {"form_type": "DRSLTR", "filings_date": "2018-02-01", "url": "https://www.sec.gov/Archives/edgar/data/0001713683/000095012318000651/filename1.htm"}, {"form_type": "UPLOAD", "filings_date": "2018-01-03", "url": "https://www.sec.gov/Archives/edgar/data/0001713683/000000000018000154/filename1.pdf"}, {"form_type": "DRS/A", "filings_date": "2017-12-11", "url": "https://www.sec.gov/Archives/edgar/data/0001713683/000095012317011296/filename1.htm"}, {"form_type": "DRSLTR", "filings_date": "2017-10-02", "url": "https://www.sec.gov/Archives/edgar/data/0001713683/000095012317008735/filename1.htm"}, {"form_type": "DRS/A", "filings_date": "2017-10-02", "url": "https://www.sec.gov/Archives/edgar/data/0001713683/000095012317008733/filename1.htm"}, {"form_type": "UPLOAD", "filings_date": "2017-10-02", "url": "https://www.sec.gov/Archives/edgar/data/0001713683/000000000017034917/filename1.pdf"}, {"form_type": "DRS", "filings_date": "2017-08-25", "url": "https://www.sec.gov/Archives/edgar/data/0001713683/000095012317008252/filename1.htm"}]}