{"company": {"cik": "0001423774", "name": "ZUORA INC", "sic": "Services-Prepackaged Software", "state_incorp": "DE", "ticker": "ZUO", "mailing_addr": "101 REDWOOD SHORES PARKWAY, REDWOOD CITY, CA, 94065", "category": "Large accelerated filer", "fiscal_year_end": "31, January"}, "filings": [{"form_type": "5", "filings_date": "2022-03-17", "url": "https://www.sec.gov/Archives/edgar/data/0001423774/000142377422000048/xslF345X03/wf-form5_164756790072277.xml"}, {"form_type": "4", "filings_date": "2022-03-03", "url": "https://www.sec.gov/Archives/edgar/data/0001423774/000142377422000046/xslF345X03/wf-form4_164635891433764.xml"}, {"form_type": "4", "filings_date": "2022-03-03", "url": "https://www.sec.gov/Archives/edgar/data/0001423774/000142377422000045/xslF345X03/wf-form4_164635882061085.xml"}, {"form_type": "4", "filings_date": "2022-03-03", "url": "https://www.sec.gov/Archives/edgar/data/0001423774/000142377422000044/xslF345X03/wf-form4_164635874655036.xml"}, {"form_type": "8-K", "filings_date": "2022-03-02", "url": "https://www.sec.gov/Archives/edgar/data/0001423774/000142377422000040/zuo-20220302.htm"}, {"form_type": "4", "filings_date": "2022-02-16", "url": "https://www.sec.gov/Archives/edgar/data/0001423774/000142377422000031/xslF345X03/wf-form4_164504671231958.xml"}, {"form_type": "3", "filings_date": "2022-02-16", "url": "https://www.sec.gov/Archives/edgar/data/0001423774/000142377422000029/xslF345X02/wf-form3_164504656423405.xml"}, {"form_type": "SC 13G/A", "filings_date": "2022-02-10", "url": "https://www.sec.gov/Archives/edgar/data/0001423774/000173540922000006/schedule13g-tientzuodecemb.htm"}, {"form_type": "SC 13G/A", "filings_date": "2022-02-10", "url": "https://www.sec.gov/Archives/edgar/data/0001423774/000110465922018965/tv02288-zuoraincclassa.htm"}, {"form_type": "SC 13G/A", "filings_date": "2022-02-07", "url": "https://www.sec.gov/Archives/edgar/data/0001423774/000083423722007929/us98983v1061_020722.txt"}, {"form_type": "4", "filings_date": "2022-02-03", "url": "https://www.sec.gov/Archives/edgar/data/0001423774/000142377422000027/xslF345X03/wf-form4_164392280469943.xml"}, {"form_type": "4", "filings_date": "2022-02-03", "url": "https://www.sec.gov/Archives/edgar/data/0001423774/000142377422000025/xslF345X03/wf-form4_164392264344952.xml"}, {"form_type": "4", "filings_date": "2022-02-03", "url": "https://www.sec.gov/Archives/edgar/data/0001423774/000142377422000023/xslF345X03/wf-form4_164392251509182.xml"}, {"form_type": "SC 13G", "filings_date": "2022-02-02", "url": "https://www.sec.gov/Archives/edgar/data/0001423774/000139077722000023/Zuora.txt"}, {"form_type": "4", "filings_date": "2022-01-18", "url": "https://www.sec.gov/Archives/edgar/data/0001423774/000142377422000021/xslF345X03/wf-form4_164254374715511.xml"}, {"form_type": "4", "filings_date": "2022-01-18", "url": "https://www.sec.gov/Archives/edgar/data/0001423774/000142377422000019/xslF345X03/wf-form4_164254359779518.xml"}, {"form_type": "3", "filings_date": "2022-01-18", "url": "https://www.sec.gov/Archives/edgar/data/0001423774/000142377422000017/xslF345X02/wf-form3_164254311692767.xml"}, {"form_type": "3", "filings_date": "2022-01-18", "url": "https://www.sec.gov/Archives/edgar/data/0001423774/000142377422000015/xslF345X02/wf-form3_164254279337059.xml"}, {"form_type": "4", "filings_date": "2022-01-14", "url": "https://www.sec.gov/Archives/edgar/data/0001423774/000142377422000011/xslF345X03/wf-form4_164219525897654.xml"}, {"form_type": "8-K", "filings_date": "2022-01-14", "url": "https://www.sec.gov/Archives/edgar/data/0001423774/000142377422000009/zuo-20220113.htm"}, {"form_type": "4", "filings_date": "2022-01-12", "url": "https://www.sec.gov/Archives/edgar/data/0001423774/000142377422000006/xslF345X03/wf-form4_164202190381412.xml"}, {"form_type": "4", "filings_date": "2022-01-12", "url": "https://www.sec.gov/Archives/edgar/data/0001423774/000142377422000004/xslF345X03/wf-form4_164202179552815.xml"}, {"form_type": "4", "filings_date": "2022-01-12", "url": "https://www.sec.gov/Archives/edgar/data/0001423774/000142377422000002/xslF345X03/wf-form4_164202166031697.xml"}, {"form_type": "4", "filings_date": "2022-01-04", "url": "https://www.sec.gov/Archives/edgar/data/0001423774/000173540922000002/xslF345X03/wf-form4_164133731271457.xml"}, {"form_type": "4", "filings_date": "2022-01-04", "url": "https://www.sec.gov/Archives/edgar/data/0001423774/000179140322000002/xslF345X03/wf-form4_164133327537930.xml"}, {"form_type": "4", "filings_date": "2022-01-04", "url": "https://www.sec.gov/Archives/edgar/data/0001423774/000181534622000002/xslF345X03/wf-form4_164133310487543.xml"}, {"form_type": "4", "filings_date": "2022-01-04", "url": "https://www.sec.gov/Archives/edgar/data/0001423774/000184680322000002/xslF345X03/wf-form4_164133294941706.xml"}, {"form_type": "4", "filings_date": "2022-01-04", "url": "https://www.sec.gov/Archives/edgar/data/0001423774/000131232222000002/xslF345X03/wf-form4_164133231772213.xml"}, {"form_type": "4", "filings_date": "2021-12-08", "url": "https://www.sec.gov/Archives/edgar/data/0001423774/000142377421000140/xslF345X03/wf-form4_163900460514841.xml"}, {"form_type": "4", "filings_date": "2021-12-08", "url": "https://www.sec.gov/Archives/edgar/data/0001423774/000142377421000138/xslF345X03/wf-form4_163900443902167.xml"}, {"form_type": "4", "filings_date": "2021-12-08", "url": "https://www.sec.gov/Archives/edgar/data/0001423774/000142377421000136/xslF345X03/wf-form4_163900429558615.xml"}, {"form_type": "10-Q", "filings_date": "2021-12-08", "url": "https://www.sec.gov/Archives/edgar/data/0001423774/000142377421000134/zuo-20211031.htm"}, {"form_type": "8-K", "filings_date": "2021-12-01", "url": "https://www.sec.gov/Archives/edgar/data/0001423774/000142377421000132/zuo-20211201.htm"}, {"form_type": "8-K", "filings_date": "2021-11-17", "url": "https://www.sec.gov/Archives/edgar/data/0001423774/000142377421000128/zuo-20211115.htm"}, {"form_type": "4", "filings_date": "2021-10-19", "url": "https://www.sec.gov/Archives/edgar/data/0001423774/000142377421000123/xslF345X03/wf-form4_163468118161704.xml"}, {"form_type": "4", "filings_date": "2021-10-15", "url": "https://www.sec.gov/Archives/edgar/data/0001423774/000142377421000121/xslF345X03/wf-form4_163432888078310.xml"}, {"form_type": "4", "filings_date": "2021-10-15", "url": "https://www.sec.gov/Archives/edgar/data/0001423774/000142377421000119/xslF345X03/wf-form4_163432875210486.xml"}, {"form_type": "4", "filings_date": "2021-10-13", "url": "https://www.sec.gov/Archives/edgar/data/0001423774/000142377421000117/xslF345X03/wf-form4_163415720488936.xml"}, {"form_type": "4", "filings_date": "2021-10-13", "url": "https://www.sec.gov/Archives/edgar/data/0001423774/000142377421000115/xslF345X03/wf-form4_163415708080039.xml"}, {"form_type": "4", "filings_date": "2021-10-04", "url": "https://www.sec.gov/Archives/edgar/data/0001423774/000142377421000113/xslF345X03/wf-form4_163338264566403.xml"}, {"form_type": "4", "filings_date": "2021-10-04", "url": "https://www.sec.gov/Archives/edgar/data/0001423774/000142377421000111/xslF345X03/wf-form4_163338248758571.xml"}, {"form_type": "4", "filings_date": "2021-10-04", "url": "https://www.sec.gov/Archives/edgar/data/0001423774/000142377421000109/xslF345X03/wf-form4_163338229738450.xml"}, {"form_type": "4", "filings_date": "2021-10-04", "url": "https://www.sec.gov/Archives/edgar/data/0001423774/000142377421000107/xslF345X03/wf-form4_163338208839104.xml"}, {"form_type": "4", "filings_date": "2021-09-17", "url": "https://www.sec.gov/Archives/edgar/data/0001423774/000142377421000105/xslF345X03/wf-form4_163191294270506.xml"}, {"form_type": "4", "filings_date": "2021-09-07", "url": "https://www.sec.gov/Archives/edgar/data/0001423774/000142377421000103/xslF345X03/wf-form4_163105447916808.xml"}, {"form_type": "4", "filings_date": "2021-09-07", "url": "https://www.sec.gov/Archives/edgar/data/0001423774/000142377421000101/xslF345X03/wf-form4_163105436430514.xml"}, {"form_type": "10-Q", "filings_date": "2021-09-03", "url": "https://www.sec.gov/Archives/edgar/data/0001423774/000142377421000099/zuo-20210731.htm"}, {"form_type": "4", "filings_date": "2021-09-02", "url": "https://www.sec.gov/Archives/edgar/data/0001423774/000142377421000097/xslF345X03/wf-form4_163061856995859.xml"}, {"form_type": "4", "filings_date": "2021-09-01", "url": "https://www.sec.gov/Archives/edgar/data/0001423774/000142377421000094/xslF345X03/wf-form4_163053271023219.xml"}, {"form_type": "4", "filings_date": "2021-09-01", "url": "https://www.sec.gov/Archives/edgar/data/0001423774/000142377421000092/xslF345X03/wf-form4_163053262248933.xml"}, {"form_type": "4", "filings_date": "2021-09-01", "url": "https://www.sec.gov/Archives/edgar/data/0001423774/000142377421000090/xslF345X03/wf-form4_163053253741951.xml"}, {"form_type": "4", "filings_date": "2021-09-01", "url": "https://www.sec.gov/Archives/edgar/data/0001423774/000142377421000088/xslF345X03/wf-form4_163053234150684.xml"}, {"form_type": "4", "filings_date": "2021-09-01", "url": "https://www.sec.gov/Archives/edgar/data/0001423774/000142377421000086/xslF345X03/wf-form4_163053207427209.xml"}, {"form_type": "4", "filings_date": "2021-09-01", "url": "https://www.sec.gov/Archives/edgar/data/0001423774/000142377421000084/xslF345X03/wf-form4_163053159532037.xml"}, {"form_type": "8-K", "filings_date": "2021-08-25", "url": "https://www.sec.gov/Archives/edgar/data/0001423774/000142377421000081/zuo-20210825.htm"}, {"form_type": "4", "filings_date": "2021-07-13", "url": "https://www.sec.gov/Archives/edgar/data/0001423774/000142377421000076/xslF345X03/wf-form4_162620970118983.xml"}, {"form_type": "4", "filings_date": "2021-07-13", "url": "https://www.sec.gov/Archives/edgar/data/0001423774/000142377421000074/xslF345X03/wf-form4_162620949823559.xml"}, {"form_type": "4", "filings_date": "2021-07-13", "url": "https://www.sec.gov/Archives/edgar/data/0001423774/000142377421000072/xslF345X03/wf-form4_162620931501738.xml"}, {"form_type": "4", "filings_date": "2021-07-02", "url": "https://www.sec.gov/Archives/edgar/data/0001423774/000142377421000070/xslF345X03/wf-form4_162526897429005.xml"}, {"form_type": "4", "filings_date": "2021-07-02", "url": "https://www.sec.gov/Archives/edgar/data/0001423774/000142377421000068/xslF345X03/wf-form4_162526887696572.xml"}, {"form_type": "4", "filings_date": "2021-07-02", "url": "https://www.sec.gov/Archives/edgar/data/0001423774/000142377421000066/xslF345X03/wf-form4_162526873139863.xml"}, {"form_type": "8-K", "filings_date": "2021-06-28", "url": "https://www.sec.gov/Archives/edgar/data/0001423774/000142377421000064/zuo-20210622.htm"}, {"form_type": "4", "filings_date": "2021-06-24", "url": "https://www.sec.gov/Archives/edgar/data/0001423774/000142377421000061/xslF345X03/wf-form4_162456611643858.xml"}, {"form_type": "4", "filings_date": "2021-06-24", "url": "https://www.sec.gov/Archives/edgar/data/0001423774/000142377421000059/xslF345X03/wf-form4_162456592079211.xml"}, {"form_type": "4", "filings_date": "2021-06-24", "url": "https://www.sec.gov/Archives/edgar/data/0001423774/000142377421000057/xslF345X03/wf-form4_162456573891238.xml"}, {"form_type": "4", "filings_date": "2021-06-24", "url": "https://www.sec.gov/Archives/edgar/data/0001423774/000142377421000055/xslF345X03/wf-form4_162456560413459.xml"}, {"form_type": "4", "filings_date": "2021-06-24", "url": "https://www.sec.gov/Archives/edgar/data/0001423774/000142377421000053/xslF345X03/wf-form4_162456546170055.xml"}, {"form_type": "4", "filings_date": "2021-06-16", "url": "https://www.sec.gov/Archives/edgar/data/0001423774/000142377421000051/xslF345X03/wf-form4_162387887819508.xml"}, {"form_type": "4/A", "filings_date": "2021-06-14", "url": "https://www.sec.gov/Archives/edgar/data/0001423774/000142377421000049/xslF345X03/wf-form4a_162370117483982.xml"}, {"form_type": "10-Q", "filings_date": "2021-06-04", "url": "https://www.sec.gov/Archives/edgar/data/0001423774/000142377421000047/zuo-20210430.htm"}, {"form_type": "4", "filings_date": "2021-06-03", "url": "https://www.sec.gov/Archives/edgar/data/0001423774/000142377421000043/xslF345X03/wf-form4_162275735133272.xml"}, {"form_type": "4", "filings_date": "2021-06-03", "url": "https://www.sec.gov/Archives/edgar/data/0001423774/000142377421000041/xslF345X03/wf-form4_162275723425969.xml"}, {"form_type": "4", "filings_date": "2021-06-02", "url": "https://www.sec.gov/Archives/edgar/data/0001423774/000120919121037456/xslF345X03/doc4.xml"}, {"form_type": "8-K", "filings_date": "2021-05-26", "url": "https://www.sec.gov/Archives/edgar/data/0001423774/000142377421000039/zuo-20210526.htm"}, {"form_type": "DEFA14A", "filings_date": "2021-05-14", "url": "https://www.sec.gov/Archives/edgar/data/0001423774/000142377421000036/a2021proxy-supplementalfil.htm"}, {"form_type": "DEFA14A", "filings_date": "2021-05-11", "url": "https://www.sec.gov/Archives/edgar/data/0001423774/000142377421000034/a2021proxy-noticeandaccess.htm"}, {"form_type": "DEF 14A", "filings_date": "2021-05-11", "url": "https://www.sec.gov/Archives/edgar/data/0001423774/000142377421000032/a2021proxystatementa.htm"}, {"form_type": "4", "filings_date": "2021-05-07", "url": "https://www.sec.gov/Archives/edgar/data/0001423774/000173540921000012/xslF345X03/wf-form4_162042061137151.xml"}, {"form_type": "4", "filings_date": "2021-04-15", "url": "https://www.sec.gov/Archives/edgar/data/0001423774/000173540921000010/xslF345X03/wf-form4_161853694147886.xml"}, {"form_type": "4", "filings_date": "2021-04-14", "url": "https://www.sec.gov/Archives/edgar/data/0001423774/000179140321000008/xslF345X03/wf-form4_161844818022956.xml"}, {"form_type": "4", "filings_date": "2021-04-14", "url": "https://www.sec.gov/Archives/edgar/data/0001423774/000131232221000014/xslF345X03/wf-form4_161844805943642.xml"}, {"form_type": "8-K", "filings_date": "2021-04-12", "url": "https://www.sec.gov/Archives/edgar/data/0001423774/000142377421000030/zuo-20210412.htm"}, {"form_type": "4", "filings_date": "2021-04-09", "url": "https://www.sec.gov/Archives/edgar/data/0001423774/000131232221000012/xslF345X03/wf-form4_161800945432021.xml"}, {"form_type": "4", "filings_date": "2021-04-05", "url": "https://www.sec.gov/Archives/edgar/data/0001423774/000173540921000008/xslF345X03/wf-form4_161767021963803.xml"}, {"form_type": "4", "filings_date": "2021-04-01", "url": "https://www.sec.gov/Archives/edgar/data/0001423774/000142377421000024/xslF345X03/wf-form4_161732068534265.xml"}, {"form_type": "4", "filings_date": "2021-04-01", "url": "https://www.sec.gov/Archives/edgar/data/0001423774/000179140321000006/xslF345X03/wf-form4_161732029720983.xml"}, {"form_type": "4", "filings_date": "2021-04-01", "url": "https://www.sec.gov/Archives/edgar/data/0001423774/000131232221000010/xslF345X03/wf-form4_161731994962358.xml"}, {"form_type": "S-8", "filings_date": "2021-03-31", "url": "https://www.sec.gov/Archives/edgar/data/0001423774/000142377421000022/a2021s-8evergreenshares.htm"}, {"form_type": "10-K", "filings_date": "2021-03-31", "url": "https://www.sec.gov/Archives/edgar/data/0001423774/000142377421000020/zuo-20210131.htm"}, {"form_type": "3", "filings_date": "2021-03-18", "url": "https://www.sec.gov/Archives/edgar/data/0001423774/000184680321000002/xslF345X02/wf-form3_161611190299760.xml"}, {"form_type": "4", "filings_date": "2021-03-18", "url": "https://www.sec.gov/Archives/edgar/data/0001423774/000131232221000008/xslF345X03/wf-form4_161611167847758.xml"}, {"form_type": "4", "filings_date": "2021-03-18", "url": "https://www.sec.gov/Archives/edgar/data/0001423774/000173540921000006/xslF345X03/wf-form4_161611153183379.xml"}, {"form_type": "8-K", "filings_date": "2021-03-11", "url": "https://www.sec.gov/Archives/edgar/data/0001423774/000142377421000015/zuo-20210311.htm"}, {"form_type": "SC 13G/A", "filings_date": "2021-02-16", "url": "https://www.sec.gov/Archives/edgar/data/0001423774/000091957421001052/d8799379_13g-a.htm"}, {"form_type": "SC 13G/A", "filings_date": "2021-02-16", "url": "https://www.sec.gov/Archives/edgar/data/0001423774/000173540921000004/schedule13ga-ttzuocy2020.htm"}, {"form_type": "SC 13G/A", "filings_date": "2021-02-10", "url": "https://www.sec.gov/Archives/edgar/data/0001423774/000110465921019483/tv02222-zuoraincclassa.htm"}, {"form_type": "SC 13G/A", "filings_date": "2021-02-01", "url": "https://www.sec.gov/Archives/edgar/data/0001423774/000083423721005551/us98983v1061_013121.txt"}, {"form_type": "4", "filings_date": "2021-01-26", "url": "https://www.sec.gov/Archives/edgar/data/0001423774/000131232221000006/xslF345X03/wf-form4_161169999609445.xml"}, {"form_type": "4", "filings_date": "2021-01-26", "url": "https://www.sec.gov/Archives/edgar/data/0001423774/000173540921000002/xslF345X03/wf-form4_161169985574405.xml"}, {"form_type": "8-K", "filings_date": "2021-01-20", "url": "https://www.sec.gov/Archives/edgar/data/0001423774/000142377421000007/zuo-20210119.htm"}, {"form_type": "4", "filings_date": "2021-01-13", "url": "https://www.sec.gov/Archives/edgar/data/0001423774/000179140321000004/xslF345X03/wf-form4_161057477207350.xml"}, {"form_type": "4", "filings_date": "2021-01-13", "url": "https://www.sec.gov/Archives/edgar/data/0001423774/000131232221000004/xslF345X03/wf-form4_161057459649588.xml"}, {"form_type": "8-K", "filings_date": "2021-01-13", "url": "https://www.sec.gov/Archives/edgar/data/0001423774/000142377421000005/zuo-20210108.htm"}, {"form_type": "4", "filings_date": "2021-01-05", "url": "https://www.sec.gov/Archives/edgar/data/0001423774/000131232221000002/xslF345X03/wf-form4_160989834059618.xml"}, {"form_type": "4", "filings_date": "2021-01-05", "url": "https://www.sec.gov/Archives/edgar/data/0001423774/000173544121000002/xslF345X03/wf-form4_160989783741293.xml"}, {"form_type": "4", "filings_date": "2021-01-05", "url": "https://www.sec.gov/Archives/edgar/data/0001423774/000179140321000002/xslF345X03/wf-form4_160989768770267.xml"}, {"form_type": "4", "filings_date": "2020-12-23", "url": "https://www.sec.gov/Archives/edgar/data/0001423774/000131232220000013/xslF345X03/wf-form4_160876245290070.xml"}, {"form_type": "4", "filings_date": "2020-12-18", "url": "https://www.sec.gov/Archives/edgar/data/0001423774/000179140320000011/xslF345X03/wf-form4_160833860971174.xml"}, {"form_type": "4", "filings_date": "2020-12-18", "url": "https://www.sec.gov/Archives/edgar/data/0001423774/000164999920000007/xslF345X03/wf-form4_160833842940613.xml"}, {"form_type": "4", "filings_date": "2020-12-15", "url": "https://www.sec.gov/Archives/edgar/data/0001423774/000164999920000005/xslF345X03/wf-form4_160807879318768.xml"}, {"form_type": "4", "filings_date": "2020-12-15", "url": "https://www.sec.gov/Archives/edgar/data/0001423774/000131232220000011/xslF345X03/wf-form4_160807768552800.xml"}, {"form_type": "4", "filings_date": "2020-12-10", "url": "https://www.sec.gov/Archives/edgar/data/0001423774/000131232220000009/xslF345X03/wf-form4_160764945933735.xml"}, {"form_type": "4", "filings_date": "2020-12-10", "url": "https://www.sec.gov/Archives/edgar/data/0001423774/000164999920000003/xslF345X03/wf-form4_160764925675635.xml"}, {"form_type": "10-Q", "filings_date": "2020-12-08", "url": "https://www.sec.gov/Archives/edgar/data/0001423774/000142377420000110/zuo-20201031.htm"}, {"form_type": "8-K", "filings_date": "2020-12-03", "url": "https://www.sec.gov/Archives/edgar/data/0001423774/000142377420000105/zuo-20201203.htm"}, {"form_type": "SC 13G/A", "filings_date": "2020-11-17", "url": "https://www.sec.gov/Archives/edgar/data/0001423774/000091957420007221/d8648219_13g-a.htm"}, {"form_type": "SC 13G", "filings_date": "2020-10-22", "url": "https://www.sec.gov/Archives/edgar/data/0001423774/000091957420006485/d8636683_13g.htm"}, {"form_type": "4", "filings_date": "2020-10-14", "url": "https://www.sec.gov/Archives/edgar/data/0001423774/000179140320000009/xslF345X03/wf-form4_160270774140152.xml"}, {"form_type": "4", "filings_date": "2020-10-02", "url": "https://www.sec.gov/Archives/edgar/data/0001423774/000173544120000008/xslF345X03/wf-form4_160168209931891.xml"}, {"form_type": "4", "filings_date": "2020-10-02", "url": "https://www.sec.gov/Archives/edgar/data/0001423774/000179140320000007/xslF345X03/wf-form4_160168184151547.xml"}, {"form_type": "4", "filings_date": "2020-10-02", "url": "https://www.sec.gov/Archives/edgar/data/0001423774/000131232220000007/xslF345X03/wf-form4_160168167189713.xml"}, {"form_type": "4", "filings_date": "2020-09-10", "url": "https://www.sec.gov/Archives/edgar/data/0001423774/000089924320024861/xslF345X03/doc4.xml"}, {"form_type": "10-Q", "filings_date": "2020-09-04", "url": "https://www.sec.gov/Archives/edgar/data/0001423774/000142377420000100/zuo-20200731.htm"}, {"form_type": "8-K", "filings_date": "2020-09-02", "url": "https://www.sec.gov/Archives/edgar/data/0001423774/000142377420000097/zuo-20200902.htm"}, {"form_type": "4", "filings_date": "2020-07-23", "url": "https://www.sec.gov/Archives/edgar/data/0001423774/000175149920000004/xslF345X03/wf-form4_159553937883046.xml"}, {"form_type": "4", "filings_date": "2020-07-23", "url": "https://www.sec.gov/Archives/edgar/data/0001423774/000181680720000004/xslF345X03/wf-form4_159553902512838.xml"}, {"form_type": "3", "filings_date": "2020-07-23", "url": "https://www.sec.gov/Archives/edgar/data/0001423774/000175149920000002/xslF345X02/wf-form3_159553885800125.xml"}, {"form_type": "3", "filings_date": "2020-07-23", "url": "https://www.sec.gov/Archives/edgar/data/0001423774/000181680720000002/xslF345X02/wf-form3_159553862374520.xml"}, {"form_type": "8-K", "filings_date": "2020-07-22", "url": "https://www.sec.gov/Archives/edgar/data/0001423774/000142377420000090/zuo-20200721.htm"}, {"form_type": "4", "filings_date": "2020-07-02", "url": "https://www.sec.gov/Archives/edgar/data/0001423774/000173544120000006/xslF345X03/wf-form4_159372504868376.xml"}, {"form_type": "4", "filings_date": "2020-07-02", "url": "https://www.sec.gov/Archives/edgar/data/0001423774/000179140320000005/xslF345X03/wf-form4_159372475104172.xml"}, {"form_type": "4", "filings_date": "2020-07-02", "url": "https://www.sec.gov/Archives/edgar/data/0001423774/000131232220000005/xslF345X03/wf-form4_159372452451166.xml"}, {"form_type": "4", "filings_date": "2020-06-25", "url": "https://www.sec.gov/Archives/edgar/data/0001423774/000142377420000088/xslF345X03/wf-form4_159312766069210.xml"}, {"form_type": "4", "filings_date": "2020-06-25", "url": "https://www.sec.gov/Archives/edgar/data/0001423774/000142377420000086/xslF345X03/wf-form4_159312756133506.xml"}, {"form_type": "8-K", "filings_date": "2020-06-25", "url": "https://www.sec.gov/Archives/edgar/data/0001423774/000142377420000084/zuo-20200623.htm"}, {"form_type": "4", "filings_date": "2020-06-24", "url": "https://www.sec.gov/Archives/edgar/data/0001423774/000181534620000005/xslF345X03/wf-form4_159303982779474.xml"}, {"form_type": "3", "filings_date": "2020-06-24", "url": "https://www.sec.gov/Archives/edgar/data/0001423774/000181534620000003/xslF345X02/wf-form3_159303958661146.xml"}, {"form_type": "4", "filings_date": "2020-06-23", "url": "https://www.sec.gov/Archives/edgar/data/0001423774/000124060420000006/xslF345X03/wf-form4_159295659976828.xml"}, {"form_type": "4", "filings_date": "2020-06-17", "url": "https://www.sec.gov/Archives/edgar/data/0001423774/000120919120037306/xslF345X03/doc4.xml"}, {"form_type": "4", "filings_date": "2020-06-17", "url": "https://www.sec.gov/Archives/edgar/data/0001423774/000142377420000082/xslF345X03/wf-form4_159242660161536.xml"}, {"form_type": "10-Q", "filings_date": "2020-06-08", "url": "https://www.sec.gov/Archives/edgar/data/0001423774/000142377420000079/zuo-20200430.htm"}, {"form_type": "8-K", "filings_date": "2020-06-03", "url": "https://www.sec.gov/Archives/edgar/data/0001423774/000142377420000076/a20200430q1earningsrel1.htm"}, {"form_type": "4", "filings_date": "2020-05-28", "url": "https://www.sec.gov/Archives/edgar/data/0001423774/000173540920000002/xslF345X03/wf-form4_159069622393644.xml"}, {"form_type": "8-K", "filings_date": "2020-05-27", "url": "https://www.sec.gov/Archives/edgar/data/0001423774/000142377420000070/a20200527form8-kcfo.htm"}, {"form_type": "4", "filings_date": "2020-05-13", "url": "https://www.sec.gov/Archives/edgar/data/0001423774/000131232220000003/xslF345X03/wf-form4_158941969303851.xml"}, {"form_type": "4", "filings_date": "2020-05-13", "url": "https://www.sec.gov/Archives/edgar/data/0001423774/000179140320000003/xslF345X03/wf-form4_158941952686645.xml"}, {"form_type": "4", "filings_date": "2020-05-13", "url": "https://www.sec.gov/Archives/edgar/data/0001423774/000173544120000004/xslF345X03/wf-form4_158941938429156.xml"}, {"form_type": "4", "filings_date": "2020-05-13", "url": "https://www.sec.gov/Archives/edgar/data/0001423774/000124060420000004/xslF345X03/wf-form4_158941822545079.xml"}, {"form_type": "DEFA14A", "filings_date": "2020-05-12", "url": "https://www.sec.gov/Archives/edgar/data/0001423774/000142377420000066/a2020proxy-registeredholde.htm"}, {"form_type": "DEF 14A", "filings_date": "2020-05-12", "url": "https://www.sec.gov/Archives/edgar/data/0001423774/000142377420000064/a2020proxystatement.htm"}, {"form_type": "8-K", "filings_date": "2020-05-05", "url": "https://www.sec.gov/Archives/edgar/data/0001423774/000142377420000062/a20200505form8-kbylaws.htm"}, {"form_type": "3", "filings_date": "2020-04-15", "url": "https://www.sec.gov/Archives/edgar/data/0001423774/000142377420000060/xslF345X02/wf-form3_158699129244599.xml"}, {"form_type": "8-K", "filings_date": "2020-04-07", "url": "https://www.sec.gov/Archives/edgar/data/0001423774/000142377420000048/a20200407form8-kinteri.htm"}, {"form_type": "4", "filings_date": "2020-04-02", "url": "https://www.sec.gov/Archives/edgar/data/0001423774/000142377420000044/xslF345X03/wf-form4_158587517682304.xml"}, {"form_type": "4", "filings_date": "2020-04-02", "url": "https://www.sec.gov/Archives/edgar/data/0001423774/000142377420000043/xslF345X03/wf-form4_158587510398448.xml"}, {"form_type": "4", "filings_date": "2020-04-02", "url": "https://www.sec.gov/Archives/edgar/data/0001423774/000142377420000042/xslF345X03/wf-form4_158587504136743.xml"}, {"form_type": "S-8", "filings_date": "2020-03-31", "url": "https://www.sec.gov/Archives/edgar/data/0001423774/000142377420000037/a2020s-8evergreenshares.htm"}, {"form_type": "10-K", "filings_date": "2020-03-31", "url": "https://www.sec.gov/Archives/edgar/data/0001423774/000142377420000036/zuo-20200131.htm"}, {"form_type": "SC 13G", "filings_date": "2020-03-23", "url": "https://www.sec.gov/Archives/edgar/data/0001423774/000093583620000208/zuora13g.htm"}, {"form_type": "8-K", "filings_date": "2020-03-12", "url": "https://www.sec.gov/Archives/edgar/data/0001423774/000142377420000026/a20200131q4earningsrel.htm"}, {"form_type": "5", "filings_date": "2020-02-12", "url": "https://www.sec.gov/Archives/edgar/data/0001423774/000142377420000018/xslF345X03/wf-form5_158154310695011.xml"}, {"form_type": "SC 13G/A", "filings_date": "2020-02-12", "url": "https://www.sec.gov/Archives/edgar/data/0001423774/000110465920019200/tm207589-3_sc13ga.htm"}, {"form_type": "SC 13G/A", "filings_date": "2020-02-12", "url": "https://www.sec.gov/Archives/edgar/data/0001423774/000110465920018509/tv01759-zuorainc.htm"}, {"form_type": "5", "filings_date": "2020-02-11", "url": "https://www.sec.gov/Archives/edgar/data/0001423774/000142377420000016/xslF345X03/wf-form5_158145732547851.xml"}, {"form_type": "5", "filings_date": "2020-02-11", "url": "https://www.sec.gov/Archives/edgar/data/0001423774/000142377420000014/xslF345X03/wf-form5_158145718505139.xml"}, {"form_type": "SC 13G/A", "filings_date": "2020-02-10", "url": "https://www.sec.gov/Archives/edgar/data/0001423774/000142377420000012/schedule13ga-ttzuocy2019.htm"}, {"form_type": "SC 13G/A", "filings_date": "2020-02-10", "url": "https://www.sec.gov/Archives/edgar/data/0001423774/000119312520029391/d866108dsc13ga.htm"}, {"form_type": "SC 13G/A", "filings_date": "2020-02-07", "url": "https://www.sec.gov/Archives/edgar/data/0001423774/000031506620001274/filing.txt"}, {"form_type": "SC 13G", "filings_date": "2020-02-07", "url": "https://www.sec.gov/Archives/edgar/data/0001423774/000083423720008068/us98983v1061_020620.txt"}, {"form_type": "SC 13G/A", "filings_date": "2020-02-06", "url": "https://www.sec.gov/Archives/edgar/data/0001423774/000119312520026060/d839951dsc13ga.htm"}, {"form_type": "4", "filings_date": "2020-01-03", "url": "https://www.sec.gov/Archives/edgar/data/0001423774/000142377420000006/xslF345X03/wf-form4_157809146196618.xml"}, {"form_type": "4", "filings_date": "2020-01-03", "url": "https://www.sec.gov/Archives/edgar/data/0001423774/000142377420000004/xslF345X03/wf-form4_157809133593156.xml"}, {"form_type": "4", "filings_date": "2020-01-03", "url": "https://www.sec.gov/Archives/edgar/data/0001423774/000142377420000002/xslF345X03/wf-form4_157809121463327.xml"}, {"form_type": "4", "filings_date": "2019-12-18", "url": "https://www.sec.gov/Archives/edgar/data/0001423774/000142377419000145/xslF345X03/wf-form4_157670631374792.xml"}, {"form_type": "10-Q", "filings_date": "2019-12-16", "url": "https://www.sec.gov/Archives/edgar/data/0001423774/000142377419000143/zuo-20191031.htm"}, {"form_type": "4", "filings_date": "2019-12-12", "url": "https://www.sec.gov/Archives/edgar/data/0001423774/000142377419000139/xslF345X03/wf-form4_157618797185073.xml"}, {"form_type": "4", "filings_date": "2019-12-11", "url": "https://www.sec.gov/Archives/edgar/data/0001423774/000120919119060121/xslF345X03/doc4.xml"}, {"form_type": "8-K", "filings_date": "2019-12-05", "url": "https://www.sec.gov/Archives/edgar/data/0001423774/000142377419000136/a20191031q3earningsrel.htm"}, {"form_type": "UPLOAD", "filings_date": "2019-11-20", "url": "https://www.sec.gov/Archives/edgar/data/0001423774/000000000019015680/filename1.pdf"}, {"form_type": "CORRESP", "filings_date": "2019-11-19", "url": "https://www.sec.gov/Archives/edgar/data/0001423774/000142377419000129/filename1.htm"}, {"form_type": "4", "filings_date": "2019-11-07", "url": "https://www.sec.gov/Archives/edgar/data/0001423774/000142377419000124/xslF345X03/wf-form4_157316601650286.xml"}, {"form_type": "4", "filings_date": "2019-11-01", "url": "https://www.sec.gov/Archives/edgar/data/0001423774/000142377419000121/xslF345X03/wf-form4_157263902482901.xml"}, {"form_type": "3", "filings_date": "2019-11-01", "url": "https://www.sec.gov/Archives/edgar/data/0001423774/000142377419000120/xslF345X02/wf-form3_157263894495211.xml"}, {"form_type": "CORRESP", "filings_date": "2019-10-24", "url": "https://www.sec.gov/Archives/edgar/data/0001423774/000142377419000114/filename1.htm"}, {"form_type": "UPLOAD", "filings_date": "2019-10-17", "url": "https://www.sec.gov/Archives/edgar/data/0001423774/000000000019014655/filename1.pdf"}, {"form_type": "4", "filings_date": "2019-10-16", "url": "https://www.sec.gov/Archives/edgar/data/0001423774/000089924319025610/xslF345X03/doc4.xml"}, {"form_type": "CORRESP", "filings_date": "2019-10-04", "url": "https://www.sec.gov/Archives/edgar/data/0001423774/000142377419000112/filename1.htm"}, {"form_type": "4", "filings_date": "2019-10-02", "url": "https://www.sec.gov/Archives/edgar/data/0001423774/000142377419000109/xslF345X03/wf-form4_157004909682066.xml"}, {"form_type": "4", "filings_date": "2019-10-02", "url": "https://www.sec.gov/Archives/edgar/data/0001423774/000142377419000107/xslF345X03/wf-form4_157004890962614.xml"}, {"form_type": "4", "filings_date": "2019-10-02", "url": "https://www.sec.gov/Archives/edgar/data/0001423774/000142377419000105/xslF345X03/wf-form4_157004867095426.xml"}, {"form_type": "8-K", "filings_date": "2019-09-26", "url": "https://www.sec.gov/Archives/edgar/data/0001423774/000142377419000103/a20190926form8-k.htm"}, {"form_type": "4", "filings_date": "2019-09-17", "url": "https://www.sec.gov/Archives/edgar/data/0001423774/000142377419000097/xslF345X03/wf-form4_156875698716085.xml"}, {"form_type": "4", "filings_date": "2019-09-17", "url": "https://www.sec.gov/Archives/edgar/data/0001423774/000142377419000095/xslF345X03/wf-form4_156875673432231.xml"}, {"form_type": "4", "filings_date": "2019-09-17", "url": "https://www.sec.gov/Archives/edgar/data/0001423774/000120919119049830/xslF345X03/doc4.xml"}, {"form_type": "10-Q", "filings_date": "2019-09-16", "url": "https://www.sec.gov/Archives/edgar/data/0001423774/000142377419000093/a20190731q2form10-q.htm"}, {"form_type": "4", "filings_date": "2019-09-12", "url": "https://www.sec.gov/Archives/edgar/data/0001423774/000089924319023475/xslF345X03/doc4.xml"}, {"form_type": "CORRESP", "filings_date": "2019-09-12", "url": "https://www.sec.gov/Archives/edgar/data/0001423774/000142377419000090/filename1.htm"}, {"form_type": "UPLOAD", "filings_date": "2019-09-10", "url": "https://www.sec.gov/Archives/edgar/data/0001423774/000000000019013407/filename1.pdf"}, {"form_type": "8-K", "filings_date": "2019-08-28", "url": "https://www.sec.gov/Archives/edgar/data/0001423774/000142377419000086/a20190731q2erform8k.htm"}, {"form_type": "4", "filings_date": "2019-07-09", "url": "https://www.sec.gov/Archives/edgar/data/0001423774/000142377419000076/xslF345X03/wf-form4_156271280595571.xml"}, {"form_type": "4", "filings_date": "2019-07-02", "url": "https://www.sec.gov/Archives/edgar/data/0001423774/000142377419000074/xslF345X03/wf-form4_156210635668136.xml"}, {"form_type": "4", "filings_date": "2019-07-02", "url": "https://www.sec.gov/Archives/edgar/data/0001423774/000142377419000073/xslF345X03/wf-form4_156210633645683.xml"}, {"form_type": "4", "filings_date": "2019-07-02", "url": "https://www.sec.gov/Archives/edgar/data/0001423774/000142377419000068/xslF345X03/wf-form4_156210196253049.xml"}, {"form_type": "4", "filings_date": "2019-07-02", "url": "https://www.sec.gov/Archives/edgar/data/0001423774/000142377419000067/xslF345X03/wf-form4_156210194539551.xml"}, {"form_type": "4", "filings_date": "2019-07-02", "url": "https://www.sec.gov/Archives/edgar/data/0001423774/000142377419000061/xslF345X03/wf-form4_156210172679984.xml"}, {"form_type": "4", "filings_date": "2019-06-20", "url": "https://www.sec.gov/Archives/edgar/data/0001423774/000142377419000059/xslF345X03/wf-form4_156107819794716.xml"}, {"form_type": "8-K", "filings_date": "2019-06-20", "url": "https://www.sec.gov/Archives/edgar/data/0001423774/000142377419000057/a201906198-kannualmeetingr.htm"}, {"form_type": "4", "filings_date": "2019-06-19", "url": "https://www.sec.gov/Archives/edgar/data/0001423774/000142377419000055/xslF345X03/wf-form4_156098044023819.xml"}, {"form_type": "4", "filings_date": "2019-06-18", "url": "https://www.sec.gov/Archives/edgar/data/0001423774/000142377419000050/xslF345X03/wf-form4_156090379575693.xml"}, {"form_type": "4", "filings_date": "2019-06-18", "url": "https://www.sec.gov/Archives/edgar/data/0001423774/000142377419000049/xslF345X03/wf-form4_156090365471686.xml"}, {"form_type": "10-Q", "filings_date": "2019-06-11", "url": "https://www.sec.gov/Archives/edgar/data/0001423774/000142377419000046/a20190430q110qdocument.htm"}, {"form_type": "8-K", "filings_date": "2019-05-30", "url": "https://www.sec.gov/Archives/edgar/data/0001423774/000142377419000041/a201905308-kitem502.htm"}, {"form_type": "8-K", "filings_date": "2019-05-30", "url": "https://www.sec.gov/Archives/edgar/data/0001423774/000142377419000040/a2019q1earningsreleaseform.htm"}, {"form_type": "DEFA14A", "filings_date": "2019-05-08", "url": "https://www.sec.gov/Archives/edgar/data/0001423774/000142377419000035/a2019proxy-registeredholde.htm"}, {"form_type": "DEF 14A", "filings_date": "2019-05-08", "url": "https://www.sec.gov/Archives/edgar/data/0001423774/000142377419000034/a2019proxystatement.htm"}, {"form_type": "4", "filings_date": "2019-04-30", "url": "https://www.sec.gov/Archives/edgar/data/0001423774/000142377419000029/xslF345X03/wf-form4_155666790622769.xml"}, {"form_type": "S-8", "filings_date": "2019-04-18", "url": "https://www.sec.gov/Archives/edgar/data/0001423774/000142377419000027/a2019s-8evergreenshares.htm"}, {"form_type": "10-K", "filings_date": "2019-04-18", "url": "https://www.sec.gov/Archives/edgar/data/0001423774/000142377419000026/a2019131q410kdocument.htm"}, {"form_type": "SC 13G/A", "filings_date": "2019-04-10", "url": "https://www.sec.gov/Archives/edgar/data/0001423774/000090221919000414/SEC13G_Filing.htm"}, {"form_type": "4", "filings_date": "2019-04-09", "url": "https://www.sec.gov/Archives/edgar/data/0001423774/000142377419000020/xslF345X03/wf-form4_155484370975103.xml"}, {"form_type": "4", "filings_date": "2019-04-03", "url": "https://www.sec.gov/Archives/edgar/data/0001423774/000120919119023424/xslF345X03/doc4.xml"}, {"form_type": "4", "filings_date": "2019-04-03", "url": "https://www.sec.gov/Archives/edgar/data/0001423774/000120919119023421/xslF345X03/doc4.xml"}, {"form_type": "4", "filings_date": "2019-04-03", "url": "https://www.sec.gov/Archives/edgar/data/0001423774/000120919119023413/xslF345X03/doc4.xml"}, {"form_type": "4", "filings_date": "2019-04-03", "url": "https://www.sec.gov/Archives/edgar/data/0001423774/000142377419000018/xslF345X03/wf-form4_155432559113145.xml"}, {"form_type": "4", "filings_date": "2019-04-01", "url": "https://www.sec.gov/Archives/edgar/data/0001423774/000173543619000008/xslF345X03/wf-form4_155415700001495.xml"}, {"form_type": "4", "filings_date": "2019-03-28", "url": "https://www.sec.gov/Archives/edgar/data/0001423774/000173543619000006/xslF345X03/wf-form4_155380931717988.xml"}, {"form_type": "4", "filings_date": "2019-03-28", "url": "https://www.sec.gov/Archives/edgar/data/0001423774/000150232819000003/xslF345X03/wf-form4_155380916218581.xml"}, {"form_type": "4", "filings_date": "2019-03-28", "url": "https://www.sec.gov/Archives/edgar/data/0001423774/000142377419000015/xslF345X03/wf-form4_155380803774142.xml"}, {"form_type": "4", "filings_date": "2019-03-28", "url": "https://www.sec.gov/Archives/edgar/data/0001423774/000131232219000004/xslF345X03/wf-form4_155380671255948.xml"}, {"form_type": "4", "filings_date": "2019-03-27", "url": "https://www.sec.gov/Archives/edgar/data/0001423774/000089924319009071/xslF345X03/doc4.xml"}, {"form_type": "4", "filings_date": "2019-03-27", "url": "https://www.sec.gov/Archives/edgar/data/0001423774/000089924319009019/xslF345X03/doc4.xml"}, {"form_type": "8-K", "filings_date": "2019-03-21", "url": "https://www.sec.gov/Archives/edgar/data/0001423774/000142377419000008/a201903198-krwcofficelease.htm"}, {"form_type": "8-K", "filings_date": "2019-03-21", "url": "https://www.sec.gov/Archives/edgar/data/0001423774/000142377419000007/a2019q4earningsreleaseform.htm"}, {"form_type": "8-K", "filings_date": "2019-03-05", "url": "https://www.sec.gov/Archives/edgar/data/0001423774/000142377419000003/a201903048-kcashincentivep.htm"}, {"form_type": "5", "filings_date": "2019-02-14", "url": "https://www.sec.gov/Archives/edgar/data/0001423774/000173540919000006/xslF345X03/wf-form5_155017970266280.xml"}, {"form_type": "SC 13G/A", "filings_date": "2019-02-14", "url": "https://www.sec.gov/Archives/edgar/data/0001423774/000119312519040701/d709767dsc13ga.htm"}, {"form_type": "SC 13G", "filings_date": "2019-02-13", "url": "https://www.sec.gov/Archives/edgar/data/0001423774/000173540919000004/schedule13gttzuo-cy2018.htm"}, {"form_type": "SC 13G", "filings_date": "2019-02-13", "url": "https://www.sec.gov/Archives/edgar/data/0001423774/000031506619001434/filing.txt"}, {"form_type": "SC 13G", "filings_date": "2019-02-12", "url": "https://www.sec.gov/Archives/edgar/data/0001423774/000093247119005939/zuorainc.htm"}, {"form_type": "SC 13G/A", "filings_date": "2019-02-12", "url": "https://www.sec.gov/Archives/edgar/data/0001423774/000084608719000055/SEC13G_Filing.htm"}, {"form_type": "SC 13G/A", "filings_date": "2019-02-12", "url": "https://www.sec.gov/Archives/edgar/data/0001423774/000090221919000097/SEC13G_Filing.htm"}, {"form_type": "SC 13G", "filings_date": "2019-02-12", "url": "https://www.sec.gov/Archives/edgar/data/0001423774/000119312519034335/d705280dsc13g.htm"}, {"form_type": "SC 13G", "filings_date": "2019-02-11", "url": "https://www.sec.gov/Archives/edgar/data/0001423774/000114420419006159/tv512794_sc13g.htm"}, {"form_type": "SC 13G", "filings_date": "2019-02-08", "url": "https://www.sec.gov/Archives/edgar/data/0001423774/000119312519031428/d698156dsc13g.htm"}, {"form_type": "4", "filings_date": "2019-01-10", "url": "https://www.sec.gov/Archives/edgar/data/0001423774/000131232219000002/xslF345X03/wf-form4_154715928759975.xml"}, {"form_type": "4", "filings_date": "2019-01-07", "url": "https://www.sec.gov/Archives/edgar/data/0001423774/000089924319000669/xslF345X03/doc4.xml"}, {"form_type": "4", "filings_date": "2019-01-02", "url": "https://www.sec.gov/Archives/edgar/data/0001423774/000173543619000002/xslF345X03/wf-form4_154646730706432.xml"}, {"form_type": "4", "filings_date": "2018-12-20", "url": "https://www.sec.gov/Archives/edgar/data/0001423774/000089924318031489/xslF345X03/doc4.xml"}, {"form_type": "4", "filings_date": "2018-12-18", "url": "https://www.sec.gov/Archives/edgar/data/0001423774/000164999918000003/xslF345X03/wf-form4_154518046270522.xml"}, {"form_type": "4", "filings_date": "2018-12-17", "url": "https://www.sec.gov/Archives/edgar/data/0001423774/000089924318031181/xslF345X03/doc4.xml"}, {"form_type": "4", "filings_date": "2018-12-13", "url": "https://www.sec.gov/Archives/edgar/data/0001423774/000089924318030834/xslF345X03/doc4.xml"}, {"form_type": "10-Q", "filings_date": "2018-12-13", "url": "https://www.sec.gov/Archives/edgar/data/0001423774/000142377418000037/a20181031q310qdocument.htm"}, {"form_type": "4", "filings_date": "2018-12-12", "url": "https://www.sec.gov/Archives/edgar/data/0001423774/000131232218000003/xslF345X03/wf-form4_154465083350432.xml"}, {"form_type": "4", "filings_date": "2018-12-10", "url": "https://www.sec.gov/Archives/edgar/data/0001423774/000150232818000005/xslF345X03/wf-form4_154447775213294.xml"}, {"form_type": "4", "filings_date": "2018-12-06", "url": "https://www.sec.gov/Archives/edgar/data/0001423774/000120919118061417/xslF345X03/doc4.xml"}, {"form_type": "8-K", "filings_date": "2018-11-29", "url": "https://www.sec.gov/Archives/edgar/data/0001423774/000142377418000032/a20181129earningsreleasefo.htm"}, {"form_type": "4", "filings_date": "2018-11-09", "url": "https://www.sec.gov/Archives/edgar/data/0001423774/000173543618000002/xslF345X03/wf-form4_154180493027273.xml"}, {"form_type": "4", "filings_date": "2018-10-10", "url": "https://www.sec.gov/Archives/edgar/data/0001423774/000142377418000029/xslF345X03/wf-form4_153921124571610.xml"}, {"form_type": "SC 13G/A", "filings_date": "2018-10-10", "url": "https://www.sec.gov/Archives/edgar/data/0001423774/000021545718006118/us98983v1061_100818.txt"}, {"form_type": "SC 13G/A", "filings_date": "2018-10-10", "url": "https://www.sec.gov/Archives/edgar/data/0001423774/000090221918000523/SEC13G_Filing.htm"}, {"form_type": "4", "filings_date": "2018-10-09", "url": "https://www.sec.gov/Archives/edgar/data/0001423774/000120919118054546/xslF345X03/doc4.xml"}, {"form_type": "4", "filings_date": "2018-10-05", "url": "https://www.sec.gov/Archives/edgar/data/0001423774/000089924318026277/xslF345X03/doc4.xml"}, {"form_type": "4", "filings_date": "2018-10-04", "url": "https://www.sec.gov/Archives/edgar/data/0001423774/000142377418000027/xslF345X03/wf-form4_153870156541449.xml"}, {"form_type": "4", "filings_date": "2018-10-04", "url": "https://www.sec.gov/Archives/edgar/data/0001423774/000120919118054325/xslF345X03/doc4.xml"}, {"form_type": "4", "filings_date": "2018-10-04", "url": "https://www.sec.gov/Archives/edgar/data/0001423774/000120919118054324/xslF345X03/doc4.xml"}, {"form_type": "4", "filings_date": "2018-10-04", "url": "https://www.sec.gov/Archives/edgar/data/0001423774/000120919118054323/xslF345X03/doc4.xml"}, {"form_type": "SC 13G/A", "filings_date": "2018-09-24", "url": "https://www.sec.gov/Archives/edgar/data/0001423774/000164108018000007/SEC13G_Filing.htm"}, {"form_type": "4", "filings_date": "2018-09-14", "url": "https://www.sec.gov/Archives/edgar/data/0001423774/000089924318024558/xslF345X03/doc4.xml"}, {"form_type": "4", "filings_date": "2018-09-12", "url": "https://www.sec.gov/Archives/edgar/data/0001423774/000142377418000025/xslF345X03/wf-form4_153679168882073.xml"}, {"form_type": "10-Q", "filings_date": "2018-09-12", "url": "https://www.sec.gov/Archives/edgar/data/0001423774/000142377418000023/a20180731q210qdocument.htm"}, {"form_type": "4", "filings_date": "2018-09-07", "url": "https://www.sec.gov/Archives/edgar/data/0001423774/000142377418000019/xslF345X03/wf-form4_153636047896913.xml"}, {"form_type": "4", "filings_date": "2018-09-07", "url": "https://www.sec.gov/Archives/edgar/data/0001423774/000142377418000017/xslF345X03/wf-form4_153636020459230.xml"}, {"form_type": "4", "filings_date": "2018-09-06", "url": "https://www.sec.gov/Archives/edgar/data/0001423774/000120919118049973/xslF345X03/doc4.xml"}, {"form_type": "4", "filings_date": "2018-09-06", "url": "https://www.sec.gov/Archives/edgar/data/0001423774/000142377418000015/xslF345X03/wf-form4_153627936713546.xml"}, {"form_type": "4", "filings_date": "2018-09-06", "url": "https://www.sec.gov/Archives/edgar/data/0001423774/000142377418000013/xslF345X03/wf-form4_153627900666987.xml"}, {"form_type": "4", "filings_date": "2018-09-06", "url": "https://www.sec.gov/Archives/edgar/data/0001423774/000089924318023905/xslF345X03/doc4.xml"}, {"form_type": "4", "filings_date": "2018-09-06", "url": "https://www.sec.gov/Archives/edgar/data/0001423774/000089924318023903/xslF345X03/doc4.xml"}, {"form_type": "4", "filings_date": "2018-09-05", "url": "https://www.sec.gov/Archives/edgar/data/0001423774/000089924318023886/xslF345X03/doc4.xml"}, {"form_type": "8-K", "filings_date": "2018-08-30", "url": "https://www.sec.gov/Archives/edgar/data/0001423774/000142377418000009/a20180830erform8k.htm"}, {"form_type": "8-K", "filings_date": "2018-08-15", "url": "https://www.sec.gov/Archives/edgar/data/0001423774/000142377418000005/form8-k15aug2018.htm"}, {"form_type": "SC 13G", "filings_date": "2018-08-10", "url": "https://www.sec.gov/Archives/edgar/data/0001423774/000090221918000487/SEC13G_Filing.htm"}, {"form_type": "SC 13G", "filings_date": "2018-08-09", "url": "https://www.sec.gov/Archives/edgar/data/0001423774/000164108018000006/SEC13G_Filing.htm"}, {"form_type": "SC 13G", "filings_date": "2018-08-09", "url": "https://www.sec.gov/Archives/edgar/data/0001423774/000145083518000011/SEC13G_Filing.htm"}, {"form_type": "4", "filings_date": "2018-07-23", "url": "https://www.sec.gov/Archives/edgar/data/0001423774/000089924318020409/xslF345X03/doc4.xml"}, {"form_type": "4", "filings_date": "2018-07-23", "url": "https://www.sec.gov/Archives/edgar/data/0001423774/000089924318020408/xslF345X03/doc4.xml"}, {"form_type": "4", "filings_date": "2018-07-20", "url": "https://www.sec.gov/Archives/edgar/data/0001423774/000089924318020270/xslF345X03/doc4.xml"}, {"form_type": "4", "filings_date": "2018-07-17", "url": "https://www.sec.gov/Archives/edgar/data/0001423774/000089924318019981/xslF345X03/doc4.xml"}, {"form_type": "4", "filings_date": "2018-07-17", "url": "https://www.sec.gov/Archives/edgar/data/0001423774/000089924318019887/xslF345X03/doc4.xml"}, {"form_type": "4", "filings_date": "2018-07-17", "url": "https://www.sec.gov/Archives/edgar/data/0001423774/000089924318019883/xslF345X03/doc4.xml"}, {"form_type": "3", "filings_date": "2018-07-17", "url": "https://www.sec.gov/Archives/edgar/data/0001423774/000089924318019881/xslF345X02/doc3.xml"}, {"form_type": "SC 13G", "filings_date": "2018-07-17", "url": "https://www.sec.gov/Archives/edgar/data/0001423774/000119312518219037/d516705dsc13g.htm"}, {"form_type": "8-K", "filings_date": "2018-07-10", "url": "https://www.sec.gov/Archives/edgar/data/0001423774/000119312518215438/d669841d8k.htm"}, {"form_type": "4", "filings_date": "2018-06-15", "url": "https://www.sec.gov/Archives/edgar/data/0001423774/000089924318016851/xslF345X03/doc4.xml"}, {"form_type": "4", "filings_date": "2018-06-15", "url": "https://www.sec.gov/Archives/edgar/data/0001423774/000089924318016850/xslF345X03/doc4.xml"}, {"form_type": "10-Q", "filings_date": "2018-06-13", "url": "https://www.sec.gov/Archives/edgar/data/0001423774/000119312518191675/d575053d10q.htm"}, {"form_type": "8-K", "filings_date": "2018-05-31", "url": "https://www.sec.gov/Archives/edgar/data/0001423774/000119312518180276/d583284d8k.htm"}, {"form_type": "SC 13G", "filings_date": "2018-05-08", "url": "https://www.sec.gov/Archives/edgar/data/0001423774/000021545718005615/us98983v1061_050318.txt"}, {"form_type": "4", "filings_date": "2018-04-17", "url": "https://www.sec.gov/Archives/edgar/data/0001423774/000089924318010259/xslF345X03/doc4.xml"}, {"form_type": "4", "filings_date": "2018-04-16", "url": "https://www.sec.gov/Archives/edgar/data/0001423774/000089924318010237/xslF345X03/doc4.xml"}, {"form_type": "4", "filings_date": "2018-04-16", "url": "https://www.sec.gov/Archives/edgar/data/0001423774/000089924318010231/xslF345X03/doc4.xml"}, {"form_type": "4", "filings_date": "2018-04-16", "url": "https://www.sec.gov/Archives/edgar/data/0001423774/000089924318010229/xslF345X03/doc4.xml"}, {"form_type": "4", "filings_date": "2018-04-16", "url": "https://www.sec.gov/Archives/edgar/data/0001423774/000089924318010228/xslF345X03/doc4.xml"}, {"form_type": "4", "filings_date": "2018-04-16", "url": "https://www.sec.gov/Archives/edgar/data/0001423774/000089924318010227/xslF345X03/doc4.xml"}, {"form_type": "4", "filings_date": "2018-04-16", "url": "https://www.sec.gov/Archives/edgar/data/0001423774/000089924318010224/xslF345X03/doc4.xml"}, {"form_type": "4", "filings_date": "2018-04-16", "url": "https://www.sec.gov/Archives/edgar/data/0001423774/000089924318010223/xslF345X03/doc4.xml"}, {"form_type": "4", "filings_date": "2018-04-16", "url": "https://www.sec.gov/Archives/edgar/data/0001423774/000089924318010222/xslF345X03/doc4.xml"}, {"form_type": "4", "filings_date": "2018-04-16", "url": "https://www.sec.gov/Archives/edgar/data/0001423774/000089924318010221/xslF345X03/doc4.xml"}, {"form_type": "4", "filings_date": "2018-04-16", "url": "https://www.sec.gov/Archives/edgar/data/0001423774/000089924318010214/xslF345X03/doc4.xml"}, {"form_type": "4", "filings_date": "2018-04-16", "url": "https://www.sec.gov/Archives/edgar/data/0001423774/000089924318010213/xslF345X03/doc4.xml"}, {"form_type": "4", "filings_date": "2018-04-16", "url": "https://www.sec.gov/Archives/edgar/data/0001423774/000089924318010205/xslF345X03/doc4.xml"}, {"form_type": "4", "filings_date": "2018-04-16", "url": "https://www.sec.gov/Archives/edgar/data/0001423774/000089924318010204/xslF345X03/doc4.xml"}, {"form_type": "4", "filings_date": "2018-04-16", "url": "https://www.sec.gov/Archives/edgar/data/0001423774/000089924318010203/xslF345X03/doc4.xml"}, {"form_type": "4", "filings_date": "2018-04-16", "url": "https://www.sec.gov/Archives/edgar/data/0001423774/000110465918024234/xslF345X03/a4.xml"}, {"form_type": "4", "filings_date": "2018-04-16", "url": "https://www.sec.gov/Archives/edgar/data/0001423774/000110465918024233/xslF345X03/a4.xml"}, {"form_type": "3", "filings_date": "2018-04-13", "url": "https://www.sec.gov/Archives/edgar/data/0001423774/000089924318010097/xslF345X02/doc3.xml"}, {"form_type": "S-8", "filings_date": "2018-04-12", "url": "https://www.sec.gov/Archives/edgar/data/0001423774/000119312518115688/d567413ds8.htm"}, {"form_type": "424B4", "filings_date": "2018-04-12", "url": "https://www.sec.gov/Archives/edgar/data/0001423774/000119312518115687/d481302d424b4.htm"}, {"form_type": "EFFECT", "filings_date": "2018-04-11", "url": "https://www.sec.gov/Archives/edgar/data/0001423774/999999999518000805/xslEFFECTX01/primary_doc.xml"}, {"form_type": "S-1MEF", "filings_date": "2018-04-11", "url": "https://www.sec.gov/Archives/edgar/data/0001423774/000119312518114618/d561778ds1mef.htm"}, {"form_type": "3", "filings_date": "2018-04-11", "url": "https://www.sec.gov/Archives/edgar/data/0001423774/000089924318010024/xslF345X02/doc3.xml"}, {"form_type": "3", "filings_date": "2018-04-11", "url": "https://www.sec.gov/Archives/edgar/data/0001423774/000089924318010021/xslF345X02/doc3.xml"}, {"form_type": "3", "filings_date": "2018-04-11", "url": "https://www.sec.gov/Archives/edgar/data/0001423774/000110465918023532/xslF345X02/a3.xml"}, {"form_type": "3", "filings_date": "2018-04-11", "url": "https://www.sec.gov/Archives/edgar/data/0001423774/000110465918023531/xslF345X02/a3.xml"}, {"form_type": "3", "filings_date": "2018-04-11", "url": "https://www.sec.gov/Archives/edgar/data/0001423774/000089924318010005/xslF345X02/doc3.xml"}, {"form_type": "3", "filings_date": "2018-04-11", "url": "https://www.sec.gov/Archives/edgar/data/0001423774/000089924318010002/xslF345X02/doc3.xml"}, {"form_type": "3", "filings_date": "2018-04-11", "url": "https://www.sec.gov/Archives/edgar/data/0001423774/000089924318009998/xslF345X02/doc3.xml"}, {"form_type": "3", "filings_date": "2018-04-11", "url": "https://www.sec.gov/Archives/edgar/data/0001423774/000089924318009993/xslF345X02/doc3.xml"}, {"form_type": "3", "filings_date": "2018-04-11", "url": "https://www.sec.gov/Archives/edgar/data/0001423774/000089924318009991/xslF345X02/doc3.xml"}, {"form_type": "3", "filings_date": "2018-04-11", "url": "https://www.sec.gov/Archives/edgar/data/0001423774/000089924318009990/xslF345X02/doc3.xml"}, {"form_type": "3", "filings_date": "2018-04-11", "url": "https://www.sec.gov/Archives/edgar/data/0001423774/000089924318009987/xslF345X02/doc3.xml"}, {"form_type": "3", "filings_date": "2018-04-11", "url": "https://www.sec.gov/Archives/edgar/data/0001423774/000089924318009985/xslF345X02/doc3.xml"}, {"form_type": "3", "filings_date": "2018-04-11", "url": "https://www.sec.gov/Archives/edgar/data/0001423774/000089924318009984/xslF345X02/doc3.xml"}, {"form_type": "3", "filings_date": "2018-04-11", "url": "https://www.sec.gov/Archives/edgar/data/0001423774/000089924318009980/xslF345X02/doc3.xml"}, {"form_type": "3", "filings_date": "2018-04-11", "url": "https://www.sec.gov/Archives/edgar/data/0001423774/000089924318009978/xslF345X02/doc3.xml"}, {"form_type": "3", "filings_date": "2018-04-11", "url": "https://www.sec.gov/Archives/edgar/data/0001423774/000089924318009977/xslF345X02/doc3.xml"}, {"form_type": "3", "filings_date": "2018-04-11", "url": "https://www.sec.gov/Archives/edgar/data/0001423774/000089924318009975/xslF345X02/doc3.xml"}, {"form_type": "3", "filings_date": "2018-04-11", "url": "https://www.sec.gov/Archives/edgar/data/0001423774/000089924318009974/xslF345X02/doc3.xml"}, {"form_type": "3", "filings_date": "2018-04-11", "url": "https://www.sec.gov/Archives/edgar/data/0001423774/000089924318009970/xslF345X02/doc3.xml"}, {"form_type": "3", "filings_date": "2018-04-11", "url": "https://www.sec.gov/Archives/edgar/data/0001423774/000089924318009969/xslF345X02/doc3.xml"}, {"form_type": "3", "filings_date": "2018-04-11", "url": "https://www.sec.gov/Archives/edgar/data/0001423774/000089924318009968/xslF345X02/doc3.xml"}, {"form_type": "3", "filings_date": "2018-04-11", "url": "https://www.sec.gov/Archives/edgar/data/0001423774/000089924318009966/xslF345X02/doc3.xml"}, {"form_type": "3", "filings_date": "2018-04-11", "url": "https://www.sec.gov/Archives/edgar/data/0001423774/000089924318009964/xslF345X02/doc3.xml"}, {"form_type": "CERT", "filings_date": "2018-04-11", "url": "https://www.sec.gov/Archives/edgar/data/0001423774/000087666118000351/ZUO.8A.04.11.18.pdf"}, {"form_type": "FWP", "filings_date": "2018-04-10", "url": "https://www.sec.gov/Archives/edgar/data/0001423774/000119312518112188/d481302dfwp.htm"}, {"form_type": "S-1/A", "filings_date": "2018-04-10", "url": "https://www.sec.gov/Archives/edgar/data/0001423774/000119312518112169/d481302ds1a.htm"}, {"form_type": "CORRESP", "filings_date": "2018-04-09", "url": "https://www.sec.gov/Archives/edgar/data/0001423774/000119312518111562/filename1.htm"}, {"form_type": "CORRESP", "filings_date": "2018-04-09", "url": "https://www.sec.gov/Archives/edgar/data/0001423774/000119312518111547/filename1.htm"}, {"form_type": "8-A12B", "filings_date": "2018-04-05", "url": "https://www.sec.gov/Archives/edgar/data/0001423774/000119312518108784/d564707d8a12b.htm"}, {"form_type": "CORRESP", "filings_date": "2018-04-02", "url": "https://www.sec.gov/Archives/edgar/data/0001423774/000119312518104025/filename1.htm"}, {"form_type": "S-1/A", "filings_date": "2018-04-02", "url": "https://www.sec.gov/Archives/edgar/data/0001423774/000119312518104015/d481302ds1a.htm"}, {"form_type": "UPLOAD", "filings_date": "2018-03-26", "url": "https://www.sec.gov/Archives/edgar/data/0001423774/000000000018009173/filename1.pdf"}, {"form_type": "CORRESP", "filings_date": "2018-03-22", "url": "https://www.sec.gov/Archives/edgar/data/0001423774/000119312518091786/filename1.htm"}, {"form_type": "CORRESP", "filings_date": "2018-03-21", "url": "https://www.sec.gov/Archives/edgar/data/0001423774/000119312518090398/filename1.htm"}, {"form_type": "UPLOAD", "filings_date": "2018-03-19", "url": "https://www.sec.gov/Archives/edgar/data/0001423774/000000000018008357/filename1.pdf"}, {"form_type": "S-1", "filings_date": "2018-03-16", "url": "https://www.sec.gov/Archives/edgar/data/0001423774/000119312518085792/d481302ds1.htm"}, {"form_type": "DRSLTR", "filings_date": "2018-03-05", "url": "https://www.sec.gov/Archives/edgar/data/0001423774/000095012318002823/filename1.htm"}, {"form_type": "DRS/A", "filings_date": "2018-03-05", "url": "https://www.sec.gov/Archives/edgar/data/0001423774/000095012318002822/filename1.htm"}, {"form_type": "UPLOAD", "filings_date": "2018-02-21", "url": "https://www.sec.gov/Archives/edgar/data/0001423774/000000000018005756/filename1.pdf"}, {"form_type": "DRSLTR", "filings_date": "2018-01-31", "url": "https://www.sec.gov/Archives/edgar/data/0001423774/000095012318000604/filename1.htm"}, {"form_type": "DRS/A", "filings_date": "2018-01-31", "url": "https://www.sec.gov/Archives/edgar/data/0001423774/000095012318000599/filename1.htm"}, {"form_type": "UPLOAD", "filings_date": "2018-01-19", "url": "https://www.sec.gov/Archives/edgar/data/0001423774/000000000018001990/filename1.pdf"}, {"form_type": "DRSLTR", "filings_date": "2017-12-22", "url": "https://www.sec.gov/Archives/edgar/data/0001423774/000095012317011537/filename1.htm"}, {"form_type": "DRS", "filings_date": "2017-12-22", "url": "https://www.sec.gov/Archives/edgar/data/0001423774/000095012317011536/filename1.htm"}]}